[2025-10-13T00:46:51.186+0000] {processor.py:161} INFO - Started process (PID=5600) to work on /opt/airflow/dags/extract_open_meteo_dag.py
[2025-10-13T00:46:51.266+0000] {processor.py:830} INFO - Processing file /opt/airflow/dags/extract_open_meteo_dag.py for tasks to queue
[2025-10-13T00:46:51.298+0000] {logging_mixin.py:188} INFO - [2025-10-13T00:46:51.297+0000] {dagbag.py:540} INFO - Filling up the DagBag from /opt/airflow/dags/extract_open_meteo_dag.py
[2025-10-13T00:46:51.914+0000] {processor.py:840} INFO - DAG(s) 'extract_open_meteo_v2' retrieved from /opt/airflow/dags/extract_open_meteo_dag.py
[2025-10-13T00:46:53.031+0000] {logging_mixin.py:188} INFO - [2025-10-13T00:46:53.030+0000] {dag.py:3047} INFO - Sync 1 DAGs
[2025-10-13T00:46:57.695+0000] {logging_mixin.py:188} INFO - [2025-10-13T00:46:57.693+0000] {dag.py:3834} INFO - Setting next_dagrun for extract_open_meteo_v2 to 2025-10-12 22:00:00+00:00, run_after=2025-10-13 22:00:00+00:00
[2025-10-13T00:46:57.886+0000] {processor.py:183} INFO - Processing /opt/airflow/dags/extract_open_meteo_dag.py took 6.801 seconds
[2025-10-13T08:22:08.960+0000] {processor.py:161} INFO - Started process (PID=5623) to work on /opt/airflow/dags/extract_open_meteo_dag.py
[2025-10-13T08:22:09.011+0000] {processor.py:830} INFO - Processing file /opt/airflow/dags/extract_open_meteo_dag.py for tasks to queue
[2025-10-13T08:22:09.014+0000] {logging_mixin.py:188} INFO - [2025-10-13T08:22:09.013+0000] {dagbag.py:540} INFO - Filling up the DagBag from /opt/airflow/dags/extract_open_meteo_dag.py
[2025-10-13T08:22:16.802+0000] {processor.py:840} INFO - DAG(s) 'extract_open_meteo_v2' retrieved from /opt/airflow/dags/extract_open_meteo_dag.py
[2025-10-13T08:22:23.521+0000] {logging_mixin.py:188} INFO - [2025-10-13T08:22:23.473+0000] {dag.py:3047} INFO - Sync 1 DAGs
[2025-10-13T08:22:27.958+0000] {logging_mixin.py:188} INFO - [2025-10-13T08:22:27.954+0000] {dag.py:3834} INFO - Setting next_dagrun for extract_open_meteo_v2 to 2025-10-12 22:00:00+00:00, run_after=2025-10-13 22:00:00+00:00
[2025-10-13T08:22:30.283+0000] {processor.py:183} INFO - Processing /opt/airflow/dags/extract_open_meteo_dag.py took 21.949 seconds
[2025-10-13T08:23:01.957+0000] {processor.py:161} INFO - Started process (PID=5637) to work on /opt/airflow/dags/extract_open_meteo_dag.py
[2025-10-13T08:23:01.979+0000] {processor.py:830} INFO - Processing file /opt/airflow/dags/extract_open_meteo_dag.py for tasks to queue
[2025-10-13T08:23:02.042+0000] {logging_mixin.py:188} INFO - [2025-10-13T08:23:01.997+0000] {dagbag.py:540} INFO - Filling up the DagBag from /opt/airflow/dags/extract_open_meteo_dag.py
[2025-10-13T08:23:02.218+0000] {processor.py:840} INFO - DAG(s) 'extract_open_meteo_v2' retrieved from /opt/airflow/dags/extract_open_meteo_dag.py
[2025-10-13T08:23:02.580+0000] {logging_mixin.py:188} INFO - [2025-10-13T08:23:02.579+0000] {dag.py:3047} INFO - Sync 1 DAGs
[2025-10-13T08:23:02.785+0000] {logging_mixin.py:188} INFO - [2025-10-13T08:23:02.784+0000] {dag.py:3834} INFO - Setting next_dagrun for extract_open_meteo_v2 to 2025-10-12 22:00:00+00:00, run_after=2025-10-13 22:00:00+00:00
[2025-10-13T08:23:02.907+0000] {processor.py:183} INFO - Processing /opt/airflow/dags/extract_open_meteo_dag.py took 1.085 seconds
[2025-10-13T08:23:33.240+0000] {processor.py:161} INFO - Started process (PID=5666) to work on /opt/airflow/dags/extract_open_meteo_dag.py
[2025-10-13T08:23:33.242+0000] {processor.py:830} INFO - Processing file /opt/airflow/dags/extract_open_meteo_dag.py for tasks to queue
[2025-10-13T08:23:33.244+0000] {logging_mixin.py:188} INFO - [2025-10-13T08:23:33.244+0000] {dagbag.py:540} INFO - Filling up the DagBag from /opt/airflow/dags/extract_open_meteo_dag.py
[2025-10-13T08:23:33.274+0000] {processor.py:840} INFO - DAG(s) 'extract_open_meteo_v2' retrieved from /opt/airflow/dags/extract_open_meteo_dag.py
[2025-10-13T08:23:33.351+0000] {logging_mixin.py:188} INFO - [2025-10-13T08:23:33.351+0000] {dag.py:3047} INFO - Sync 1 DAGs
[2025-10-13T08:23:33.406+0000] {logging_mixin.py:188} INFO - [2025-10-13T08:23:33.406+0000] {dag.py:3834} INFO - Setting next_dagrun for extract_open_meteo_v2 to 2025-10-12 22:00:00+00:00, run_after=2025-10-13 22:00:00+00:00
[2025-10-13T08:23:33.468+0000] {processor.py:183} INFO - Processing /opt/airflow/dags/extract_open_meteo_dag.py took 0.232 seconds
[2025-10-13T08:24:04.458+0000] {processor.py:161} INFO - Started process (PID=5681) to work on /opt/airflow/dags/extract_open_meteo_dag.py
[2025-10-13T08:24:04.463+0000] {processor.py:830} INFO - Processing file /opt/airflow/dags/extract_open_meteo_dag.py for tasks to queue
[2025-10-13T08:24:04.471+0000] {logging_mixin.py:188} INFO - [2025-10-13T08:24:04.469+0000] {dagbag.py:540} INFO - Filling up the DagBag from /opt/airflow/dags/extract_open_meteo_dag.py
[2025-10-13T08:24:04.536+0000] {processor.py:840} INFO - DAG(s) 'extract_open_meteo_v2' retrieved from /opt/airflow/dags/extract_open_meteo_dag.py
[2025-10-13T08:24:04.672+0000] {logging_mixin.py:188} INFO - [2025-10-13T08:24:04.672+0000] {dag.py:3047} INFO - Sync 1 DAGs
[2025-10-13T08:24:04.818+0000] {logging_mixin.py:188} INFO - [2025-10-13T08:24:04.818+0000] {dag.py:3834} INFO - Setting next_dagrun for extract_open_meteo_v2 to 2025-10-12 22:00:00+00:00, run_after=2025-10-13 22:00:00+00:00
[2025-10-13T08:24:04.898+0000] {processor.py:183} INFO - Processing /opt/airflow/dags/extract_open_meteo_dag.py took 0.568 seconds
[2025-10-13T08:24:35.639+0000] {processor.py:161} INFO - Started process (PID=5696) to work on /opt/airflow/dags/extract_open_meteo_dag.py
[2025-10-13T08:24:35.644+0000] {processor.py:830} INFO - Processing file /opt/airflow/dags/extract_open_meteo_dag.py for tasks to queue
[2025-10-13T08:24:35.650+0000] {logging_mixin.py:188} INFO - [2025-10-13T08:24:35.647+0000] {dagbag.py:540} INFO - Filling up the DagBag from /opt/airflow/dags/extract_open_meteo_dag.py
[2025-10-13T08:24:35.749+0000] {processor.py:840} INFO - DAG(s) 'extract_open_meteo_v2' retrieved from /opt/airflow/dags/extract_open_meteo_dag.py
[2025-10-13T08:24:35.964+0000] {logging_mixin.py:188} INFO - [2025-10-13T08:24:35.963+0000] {dag.py:3047} INFO - Sync 1 DAGs
[2025-10-13T08:24:36.042+0000] {logging_mixin.py:188} INFO - [2025-10-13T08:24:36.041+0000] {dag.py:3834} INFO - Setting next_dagrun for extract_open_meteo_v2 to 2025-10-12 22:00:00+00:00, run_after=2025-10-13 22:00:00+00:00
[2025-10-13T08:24:36.130+0000] {processor.py:183} INFO - Processing /opt/airflow/dags/extract_open_meteo_dag.py took 0.511 seconds
[2025-10-13T08:25:09.602+0000] {processor.py:161} INFO - Started process (PID=5711) to work on /opt/airflow/dags/extract_open_meteo_dag.py
[2025-10-13T08:25:09.903+0000] {processor.py:830} INFO - Processing file /opt/airflow/dags/extract_open_meteo_dag.py for tasks to queue
[2025-10-13T08:25:10.077+0000] {logging_mixin.py:188} INFO - [2025-10-13T08:25:10.077+0000] {dagbag.py:540} INFO - Filling up the DagBag from /opt/airflow/dags/extract_open_meteo_dag.py
[2025-10-13T08:25:11.002+0000] {processor.py:840} INFO - DAG(s) 'extract_open_meteo_v2' retrieved from /opt/airflow/dags/extract_open_meteo_dag.py
[2025-10-13T08:25:12.112+0000] {logging_mixin.py:188} INFO - [2025-10-13T08:25:12.111+0000] {dag.py:3047} INFO - Sync 1 DAGs
[2025-10-13T08:25:13.358+0000] {logging_mixin.py:188} INFO - [2025-10-13T08:25:13.358+0000] {dag.py:3834} INFO - Setting next_dagrun for extract_open_meteo_v2 to 2025-10-12 22:00:00+00:00, run_after=2025-10-13 22:00:00+00:00
[2025-10-13T08:25:18.446+0000] {processor.py:183} INFO - Processing /opt/airflow/dags/extract_open_meteo_dag.py took 9.063 seconds
[2025-10-13T08:25:48.622+0000] {processor.py:161} INFO - Started process (PID=5726) to work on /opt/airflow/dags/extract_open_meteo_dag.py
[2025-10-13T08:25:48.625+0000] {processor.py:830} INFO - Processing file /opt/airflow/dags/extract_open_meteo_dag.py for tasks to queue
[2025-10-13T08:25:48.627+0000] {logging_mixin.py:188} INFO - [2025-10-13T08:25:48.626+0000] {dagbag.py:540} INFO - Filling up the DagBag from /opt/airflow/dags/extract_open_meteo_dag.py
[2025-10-13T08:25:48.665+0000] {processor.py:840} INFO - DAG(s) 'extract_open_meteo_v2' retrieved from /opt/airflow/dags/extract_open_meteo_dag.py
[2025-10-13T08:25:48.777+0000] {logging_mixin.py:188} INFO - [2025-10-13T08:25:48.776+0000] {dag.py:3047} INFO - Sync 1 DAGs
[2025-10-13T08:25:48.859+0000] {logging_mixin.py:188} INFO - [2025-10-13T08:25:48.859+0000] {dag.py:3834} INFO - Setting next_dagrun for extract_open_meteo_v2 to 2025-10-12 22:00:00+00:00, run_after=2025-10-13 22:00:00+00:00
[2025-10-13T08:25:48.961+0000] {processor.py:183} INFO - Processing /opt/airflow/dags/extract_open_meteo_dag.py took 0.347 seconds
[2025-10-13T08:26:19.082+0000] {processor.py:161} INFO - Started process (PID=5741) to work on /opt/airflow/dags/extract_open_meteo_dag.py
[2025-10-13T08:26:19.085+0000] {processor.py:830} INFO - Processing file /opt/airflow/dags/extract_open_meteo_dag.py for tasks to queue
[2025-10-13T08:26:19.086+0000] {logging_mixin.py:188} INFO - [2025-10-13T08:26:19.086+0000] {dagbag.py:540} INFO - Filling up the DagBag from /opt/airflow/dags/extract_open_meteo_dag.py
[2025-10-13T08:26:19.120+0000] {processor.py:840} INFO - DAG(s) 'extract_open_meteo_v2' retrieved from /opt/airflow/dags/extract_open_meteo_dag.py
[2025-10-13T08:26:19.194+0000] {logging_mixin.py:188} INFO - [2025-10-13T08:26:19.193+0000] {dag.py:3047} INFO - Sync 1 DAGs
[2025-10-13T08:26:19.244+0000] {logging_mixin.py:188} INFO - [2025-10-13T08:26:19.243+0000] {dag.py:3834} INFO - Setting next_dagrun for extract_open_meteo_v2 to 2025-10-12 22:00:00+00:00, run_after=2025-10-13 22:00:00+00:00
[2025-10-13T08:26:19.298+0000] {processor.py:183} INFO - Processing /opt/airflow/dags/extract_open_meteo_dag.py took 0.219 seconds
[2025-10-13T08:26:50.505+0000] {processor.py:161} INFO - Started process (PID=5756) to work on /opt/airflow/dags/extract_open_meteo_dag.py
[2025-10-13T08:26:50.506+0000] {processor.py:830} INFO - Processing file /opt/airflow/dags/extract_open_meteo_dag.py for tasks to queue
[2025-10-13T08:26:50.507+0000] {logging_mixin.py:188} INFO - [2025-10-13T08:26:50.507+0000] {dagbag.py:540} INFO - Filling up the DagBag from /opt/airflow/dags/extract_open_meteo_dag.py
[2025-10-13T08:26:50.578+0000] {processor.py:840} INFO - DAG(s) 'extract_open_meteo_v2' retrieved from /opt/airflow/dags/extract_open_meteo_dag.py
[2025-10-13T08:26:50.652+0000] {logging_mixin.py:188} INFO - [2025-10-13T08:26:50.651+0000] {dag.py:3047} INFO - Sync 1 DAGs
[2025-10-13T08:26:50.727+0000] {logging_mixin.py:188} INFO - [2025-10-13T08:26:50.727+0000] {dag.py:3834} INFO - Setting next_dagrun for extract_open_meteo_v2 to 2025-10-12 22:00:00+00:00, run_after=2025-10-13 22:00:00+00:00
[2025-10-13T08:26:50.804+0000] {processor.py:183} INFO - Processing /opt/airflow/dags/extract_open_meteo_dag.py took 0.302 seconds
[2025-10-13T08:27:21.324+0000] {processor.py:161} INFO - Started process (PID=5771) to work on /opt/airflow/dags/extract_open_meteo_dag.py
[2025-10-13T08:27:21.327+0000] {processor.py:830} INFO - Processing file /opt/airflow/dags/extract_open_meteo_dag.py for tasks to queue
[2025-10-13T08:27:21.329+0000] {logging_mixin.py:188} INFO - [2025-10-13T08:27:21.329+0000] {dagbag.py:540} INFO - Filling up the DagBag from /opt/airflow/dags/extract_open_meteo_dag.py
[2025-10-13T08:27:21.381+0000] {processor.py:840} INFO - DAG(s) 'extract_open_meteo_v2' retrieved from /opt/airflow/dags/extract_open_meteo_dag.py
[2025-10-13T08:27:21.463+0000] {logging_mixin.py:188} INFO - [2025-10-13T08:27:21.463+0000] {dag.py:3047} INFO - Sync 1 DAGs
[2025-10-13T08:27:21.517+0000] {logging_mixin.py:188} INFO - [2025-10-13T08:27:21.516+0000] {dag.py:3834} INFO - Setting next_dagrun for extract_open_meteo_v2 to 2025-10-12 22:00:00+00:00, run_after=2025-10-13 22:00:00+00:00
[2025-10-13T08:27:21.623+0000] {processor.py:183} INFO - Processing /opt/airflow/dags/extract_open_meteo_dag.py took 0.305 seconds
[2025-10-13T08:27:52.175+0000] {processor.py:161} INFO - Started process (PID=5786) to work on /opt/airflow/dags/extract_open_meteo_dag.py
[2025-10-13T08:27:52.177+0000] {processor.py:830} INFO - Processing file /opt/airflow/dags/extract_open_meteo_dag.py for tasks to queue
[2025-10-13T08:27:52.179+0000] {logging_mixin.py:188} INFO - [2025-10-13T08:27:52.179+0000] {dagbag.py:540} INFO - Filling up the DagBag from /opt/airflow/dags/extract_open_meteo_dag.py
[2025-10-13T08:27:52.212+0000] {processor.py:840} INFO - DAG(s) 'extract_open_meteo_v2' retrieved from /opt/airflow/dags/extract_open_meteo_dag.py
[2025-10-13T08:27:52.305+0000] {logging_mixin.py:188} INFO - [2025-10-13T08:27:52.305+0000] {dag.py:3047} INFO - Sync 1 DAGs
[2025-10-13T08:27:52.378+0000] {logging_mixin.py:188} INFO - [2025-10-13T08:27:52.377+0000] {dag.py:3834} INFO - Setting next_dagrun for extract_open_meteo_v2 to 2025-10-12 22:00:00+00:00, run_after=2025-10-13 22:00:00+00:00
[2025-10-13T08:27:52.461+0000] {processor.py:183} INFO - Processing /opt/airflow/dags/extract_open_meteo_dag.py took 0.290 seconds
[2025-10-13T08:28:22.855+0000] {processor.py:161} INFO - Started process (PID=5801) to work on /opt/airflow/dags/extract_open_meteo_dag.py
[2025-10-13T08:28:22.857+0000] {processor.py:830} INFO - Processing file /opt/airflow/dags/extract_open_meteo_dag.py for tasks to queue
[2025-10-13T08:28:22.859+0000] {logging_mixin.py:188} INFO - [2025-10-13T08:28:22.859+0000] {dagbag.py:540} INFO - Filling up the DagBag from /opt/airflow/dags/extract_open_meteo_dag.py
[2025-10-13T08:28:22.890+0000] {processor.py:840} INFO - DAG(s) 'extract_open_meteo_v2' retrieved from /opt/airflow/dags/extract_open_meteo_dag.py
[2025-10-13T08:28:22.959+0000] {logging_mixin.py:188} INFO - [2025-10-13T08:28:22.959+0000] {dag.py:3047} INFO - Sync 1 DAGs
[2025-10-13T08:28:23.008+0000] {logging_mixin.py:188} INFO - [2025-10-13T08:28:23.008+0000] {dag.py:3834} INFO - Setting next_dagrun for extract_open_meteo_v2 to 2025-10-12 22:00:00+00:00, run_after=2025-10-13 22:00:00+00:00
[2025-10-13T08:28:23.068+0000] {processor.py:183} INFO - Processing /opt/airflow/dags/extract_open_meteo_dag.py took 0.216 seconds
[2025-10-13T08:28:53.819+0000] {processor.py:161} INFO - Started process (PID=5816) to work on /opt/airflow/dags/extract_open_meteo_dag.py
[2025-10-13T08:28:53.821+0000] {processor.py:830} INFO - Processing file /opt/airflow/dags/extract_open_meteo_dag.py for tasks to queue
[2025-10-13T08:28:53.823+0000] {logging_mixin.py:188} INFO - [2025-10-13T08:28:53.823+0000] {dagbag.py:540} INFO - Filling up the DagBag from /opt/airflow/dags/extract_open_meteo_dag.py
[2025-10-13T08:28:53.853+0000] {processor.py:840} INFO - DAG(s) 'extract_open_meteo_v2' retrieved from /opt/airflow/dags/extract_open_meteo_dag.py
[2025-10-13T08:28:53.925+0000] {logging_mixin.py:188} INFO - [2025-10-13T08:28:53.925+0000] {dag.py:3047} INFO - Sync 1 DAGs
[2025-10-13T08:28:53.968+0000] {logging_mixin.py:188} INFO - [2025-10-13T08:28:53.967+0000] {dag.py:3834} INFO - Setting next_dagrun for extract_open_meteo_v2 to 2025-10-12 22:00:00+00:00, run_after=2025-10-13 22:00:00+00:00
[2025-10-13T08:28:54.024+0000] {processor.py:183} INFO - Processing /opt/airflow/dags/extract_open_meteo_dag.py took 0.208 seconds
[2025-10-13T08:29:24.454+0000] {processor.py:161} INFO - Started process (PID=5831) to work on /opt/airflow/dags/extract_open_meteo_dag.py
[2025-10-13T08:29:24.456+0000] {processor.py:830} INFO - Processing file /opt/airflow/dags/extract_open_meteo_dag.py for tasks to queue
[2025-10-13T08:29:24.457+0000] {logging_mixin.py:188} INFO - [2025-10-13T08:29:24.457+0000] {dagbag.py:540} INFO - Filling up the DagBag from /opt/airflow/dags/extract_open_meteo_dag.py
[2025-10-13T08:29:24.489+0000] {processor.py:840} INFO - DAG(s) 'extract_open_meteo_v2' retrieved from /opt/airflow/dags/extract_open_meteo_dag.py
[2025-10-13T08:29:24.556+0000] {logging_mixin.py:188} INFO - [2025-10-13T08:29:24.556+0000] {dag.py:3047} INFO - Sync 1 DAGs
[2025-10-13T08:29:24.602+0000] {logging_mixin.py:188} INFO - [2025-10-13T08:29:24.602+0000] {dag.py:3834} INFO - Setting next_dagrun for extract_open_meteo_v2 to 2025-10-12 22:00:00+00:00, run_after=2025-10-13 22:00:00+00:00
[2025-10-13T08:29:24.655+0000] {processor.py:183} INFO - Processing /opt/airflow/dags/extract_open_meteo_dag.py took 0.203 seconds
[2025-10-13T08:29:55.227+0000] {processor.py:161} INFO - Started process (PID=5846) to work on /opt/airflow/dags/extract_open_meteo_dag.py
[2025-10-13T08:29:55.229+0000] {processor.py:830} INFO - Processing file /opt/airflow/dags/extract_open_meteo_dag.py for tasks to queue
[2025-10-13T08:29:55.231+0000] {logging_mixin.py:188} INFO - [2025-10-13T08:29:55.230+0000] {dagbag.py:540} INFO - Filling up the DagBag from /opt/airflow/dags/extract_open_meteo_dag.py
[2025-10-13T08:29:55.260+0000] {processor.py:840} INFO - DAG(s) 'extract_open_meteo_v2' retrieved from /opt/airflow/dags/extract_open_meteo_dag.py
[2025-10-13T08:29:55.320+0000] {logging_mixin.py:188} INFO - [2025-10-13T08:29:55.320+0000] {dag.py:3047} INFO - Sync 1 DAGs
[2025-10-13T08:29:55.364+0000] {logging_mixin.py:188} INFO - [2025-10-13T08:29:55.364+0000] {dag.py:3834} INFO - Setting next_dagrun for extract_open_meteo_v2 to 2025-10-12 22:00:00+00:00, run_after=2025-10-13 22:00:00+00:00
[2025-10-13T08:29:55.418+0000] {processor.py:183} INFO - Processing /opt/airflow/dags/extract_open_meteo_dag.py took 0.195 seconds
[2025-10-13T08:30:25.956+0000] {processor.py:161} INFO - Started process (PID=5861) to work on /opt/airflow/dags/extract_open_meteo_dag.py
[2025-10-13T08:30:25.960+0000] {processor.py:830} INFO - Processing file /opt/airflow/dags/extract_open_meteo_dag.py for tasks to queue
[2025-10-13T08:30:25.964+0000] {logging_mixin.py:188} INFO - [2025-10-13T08:30:25.963+0000] {dagbag.py:540} INFO - Filling up the DagBag from /opt/airflow/dags/extract_open_meteo_dag.py
[2025-10-13T08:30:26.033+0000] {processor.py:840} INFO - DAG(s) 'extract_open_meteo_v2' retrieved from /opt/airflow/dags/extract_open_meteo_dag.py
[2025-10-13T08:30:26.128+0000] {logging_mixin.py:188} INFO - [2025-10-13T08:30:26.126+0000] {dag.py:3047} INFO - Sync 1 DAGs
[2025-10-13T08:30:26.194+0000] {logging_mixin.py:188} INFO - [2025-10-13T08:30:26.194+0000] {dag.py:3834} INFO - Setting next_dagrun for extract_open_meteo_v2 to 2025-10-12 22:00:00+00:00, run_after=2025-10-13 22:00:00+00:00
[2025-10-13T08:30:26.255+0000] {processor.py:183} INFO - Processing /opt/airflow/dags/extract_open_meteo_dag.py took 0.317 seconds
[2025-10-13T08:30:56.624+0000] {processor.py:161} INFO - Started process (PID=5876) to work on /opt/airflow/dags/extract_open_meteo_dag.py
[2025-10-13T08:30:56.626+0000] {processor.py:830} INFO - Processing file /opt/airflow/dags/extract_open_meteo_dag.py for tasks to queue
[2025-10-13T08:30:56.628+0000] {logging_mixin.py:188} INFO - [2025-10-13T08:30:56.627+0000] {dagbag.py:540} INFO - Filling up the DagBag from /opt/airflow/dags/extract_open_meteo_dag.py
[2025-10-13T08:30:56.658+0000] {processor.py:840} INFO - DAG(s) 'extract_open_meteo_v2' retrieved from /opt/airflow/dags/extract_open_meteo_dag.py
[2025-10-13T08:30:56.719+0000] {logging_mixin.py:188} INFO - [2025-10-13T08:30:56.719+0000] {dag.py:3047} INFO - Sync 1 DAGs
[2025-10-13T08:30:56.761+0000] {logging_mixin.py:188} INFO - [2025-10-13T08:30:56.761+0000] {dag.py:3834} INFO - Setting next_dagrun for extract_open_meteo_v2 to 2025-10-12 22:00:00+00:00, run_after=2025-10-13 22:00:00+00:00
[2025-10-13T08:30:56.834+0000] {processor.py:183} INFO - Processing /opt/airflow/dags/extract_open_meteo_dag.py took 0.213 seconds
[2025-10-13T08:31:27.392+0000] {processor.py:161} INFO - Started process (PID=5891) to work on /opt/airflow/dags/extract_open_meteo_dag.py
[2025-10-13T08:31:27.393+0000] {processor.py:830} INFO - Processing file /opt/airflow/dags/extract_open_meteo_dag.py for tasks to queue
[2025-10-13T08:31:27.395+0000] {logging_mixin.py:188} INFO - [2025-10-13T08:31:27.394+0000] {dagbag.py:540} INFO - Filling up the DagBag from /opt/airflow/dags/extract_open_meteo_dag.py
[2025-10-13T08:31:27.420+0000] {processor.py:840} INFO - DAG(s) 'extract_open_meteo_v2' retrieved from /opt/airflow/dags/extract_open_meteo_dag.py
[2025-10-13T08:31:27.476+0000] {logging_mixin.py:188} INFO - [2025-10-13T08:31:27.476+0000] {dag.py:3047} INFO - Sync 1 DAGs
[2025-10-13T08:31:27.521+0000] {logging_mixin.py:188} INFO - [2025-10-13T08:31:27.520+0000] {dag.py:3834} INFO - Setting next_dagrun for extract_open_meteo_v2 to 2025-10-12 22:00:00+00:00, run_after=2025-10-13 22:00:00+00:00
[2025-10-13T08:31:27.571+0000] {processor.py:183} INFO - Processing /opt/airflow/dags/extract_open_meteo_dag.py took 0.183 seconds
[2025-10-13T08:31:58.140+0000] {processor.py:161} INFO - Started process (PID=5906) to work on /opt/airflow/dags/extract_open_meteo_dag.py
[2025-10-13T08:31:58.144+0000] {processor.py:830} INFO - Processing file /opt/airflow/dags/extract_open_meteo_dag.py for tasks to queue
[2025-10-13T08:31:58.147+0000] {logging_mixin.py:188} INFO - [2025-10-13T08:31:58.146+0000] {dagbag.py:540} INFO - Filling up the DagBag from /opt/airflow/dags/extract_open_meteo_dag.py
[2025-10-13T08:31:58.311+0000] {processor.py:840} INFO - DAG(s) 'extract_open_meteo_v2' retrieved from /opt/airflow/dags/extract_open_meteo_dag.py
[2025-10-13T08:31:58.400+0000] {logging_mixin.py:188} INFO - [2025-10-13T08:31:58.400+0000] {dag.py:3047} INFO - Sync 1 DAGs
[2025-10-13T08:31:58.458+0000] {logging_mixin.py:188} INFO - [2025-10-13T08:31:58.458+0000] {dag.py:3834} INFO - Setting next_dagrun for extract_open_meteo_v2 to 2025-10-12 22:00:00+00:00, run_after=2025-10-13 22:00:00+00:00
[2025-10-13T08:31:58.524+0000] {processor.py:183} INFO - Processing /opt/airflow/dags/extract_open_meteo_dag.py took 0.399 seconds
[2025-10-13T08:32:28.776+0000] {processor.py:161} INFO - Started process (PID=5921) to work on /opt/airflow/dags/extract_open_meteo_dag.py
[2025-10-13T08:32:28.777+0000] {processor.py:830} INFO - Processing file /opt/airflow/dags/extract_open_meteo_dag.py for tasks to queue
[2025-10-13T08:32:28.779+0000] {logging_mixin.py:188} INFO - [2025-10-13T08:32:28.779+0000] {dagbag.py:540} INFO - Filling up the DagBag from /opt/airflow/dags/extract_open_meteo_dag.py
[2025-10-13T08:32:28.811+0000] {processor.py:840} INFO - DAG(s) 'extract_open_meteo_v2' retrieved from /opt/airflow/dags/extract_open_meteo_dag.py
[2025-10-13T08:32:28.879+0000] {logging_mixin.py:188} INFO - [2025-10-13T08:32:28.878+0000] {dag.py:3047} INFO - Sync 1 DAGs
[2025-10-13T08:32:29.008+0000] {logging_mixin.py:188} INFO - [2025-10-13T08:32:29.007+0000] {dag.py:3834} INFO - Setting next_dagrun for extract_open_meteo_v2 to 2025-10-12 22:00:00+00:00, run_after=2025-10-13 22:00:00+00:00
[2025-10-13T08:32:29.095+0000] {processor.py:183} INFO - Processing /opt/airflow/dags/extract_open_meteo_dag.py took 0.322 seconds
[2025-10-13T08:32:59.370+0000] {processor.py:161} INFO - Started process (PID=5936) to work on /opt/airflow/dags/extract_open_meteo_dag.py
[2025-10-13T08:32:59.371+0000] {processor.py:830} INFO - Processing file /opt/airflow/dags/extract_open_meteo_dag.py for tasks to queue
[2025-10-13T08:32:59.372+0000] {logging_mixin.py:188} INFO - [2025-10-13T08:32:59.372+0000] {dagbag.py:540} INFO - Filling up the DagBag from /opt/airflow/dags/extract_open_meteo_dag.py
[2025-10-13T08:32:59.401+0000] {processor.py:840} INFO - DAG(s) 'extract_open_meteo_v2' retrieved from /opt/airflow/dags/extract_open_meteo_dag.py
[2025-10-13T08:32:59.468+0000] {logging_mixin.py:188} INFO - [2025-10-13T08:32:59.468+0000] {dag.py:3047} INFO - Sync 1 DAGs
[2025-10-13T08:32:59.517+0000] {logging_mixin.py:188} INFO - [2025-10-13T08:32:59.517+0000] {dag.py:3834} INFO - Setting next_dagrun for extract_open_meteo_v2 to 2025-10-12 22:00:00+00:00, run_after=2025-10-13 22:00:00+00:00
[2025-10-13T08:32:59.577+0000] {processor.py:183} INFO - Processing /opt/airflow/dags/extract_open_meteo_dag.py took 0.211 seconds
[2025-10-13T08:33:30.054+0000] {processor.py:161} INFO - Started process (PID=5951) to work on /opt/airflow/dags/extract_open_meteo_dag.py
[2025-10-13T08:33:30.056+0000] {processor.py:830} INFO - Processing file /opt/airflow/dags/extract_open_meteo_dag.py for tasks to queue
[2025-10-13T08:33:30.058+0000] {logging_mixin.py:188} INFO - [2025-10-13T08:33:30.057+0000] {dagbag.py:540} INFO - Filling up the DagBag from /opt/airflow/dags/extract_open_meteo_dag.py
[2025-10-13T08:33:30.109+0000] {processor.py:840} INFO - DAG(s) 'extract_open_meteo_v2' retrieved from /opt/airflow/dags/extract_open_meteo_dag.py
[2025-10-13T08:33:30.297+0000] {logging_mixin.py:188} INFO - [2025-10-13T08:33:30.296+0000] {dag.py:3047} INFO - Sync 1 DAGs
[2025-10-13T08:33:30.354+0000] {logging_mixin.py:188} INFO - [2025-10-13T08:33:30.354+0000] {dag.py:3834} INFO - Setting next_dagrun for extract_open_meteo_v2 to 2025-10-12 22:00:00+00:00, run_after=2025-10-13 22:00:00+00:00
[2025-10-13T08:33:30.412+0000] {processor.py:183} INFO - Processing /opt/airflow/dags/extract_open_meteo_dag.py took 0.361 seconds
[2025-10-13T08:34:00.771+0000] {processor.py:161} INFO - Started process (PID=5966) to work on /opt/airflow/dags/extract_open_meteo_dag.py
[2025-10-13T08:34:00.772+0000] {processor.py:830} INFO - Processing file /opt/airflow/dags/extract_open_meteo_dag.py for tasks to queue
[2025-10-13T08:34:00.774+0000] {logging_mixin.py:188} INFO - [2025-10-13T08:34:00.774+0000] {dagbag.py:540} INFO - Filling up the DagBag from /opt/airflow/dags/extract_open_meteo_dag.py
[2025-10-13T08:34:00.804+0000] {processor.py:840} INFO - DAG(s) 'extract_open_meteo_v2' retrieved from /opt/airflow/dags/extract_open_meteo_dag.py
[2025-10-13T08:34:00.874+0000] {logging_mixin.py:188} INFO - [2025-10-13T08:34:00.874+0000] {dag.py:3047} INFO - Sync 1 DAGs
[2025-10-13T08:34:00.924+0000] {logging_mixin.py:188} INFO - [2025-10-13T08:34:00.923+0000] {dag.py:3834} INFO - Setting next_dagrun for extract_open_meteo_v2 to 2025-10-12 22:00:00+00:00, run_after=2025-10-13 22:00:00+00:00
[2025-10-13T08:34:00.984+0000] {processor.py:183} INFO - Processing /opt/airflow/dags/extract_open_meteo_dag.py took 0.217 seconds
[2025-10-13T08:34:31.657+0000] {processor.py:161} INFO - Started process (PID=5981) to work on /opt/airflow/dags/extract_open_meteo_dag.py
[2025-10-13T08:34:31.659+0000] {processor.py:830} INFO - Processing file /opt/airflow/dags/extract_open_meteo_dag.py for tasks to queue
[2025-10-13T08:34:31.661+0000] {logging_mixin.py:188} INFO - [2025-10-13T08:34:31.660+0000] {dagbag.py:540} INFO - Filling up the DagBag from /opt/airflow/dags/extract_open_meteo_dag.py
[2025-10-13T08:34:31.689+0000] {processor.py:840} INFO - DAG(s) 'extract_open_meteo_v2' retrieved from /opt/airflow/dags/extract_open_meteo_dag.py
[2025-10-13T08:34:31.748+0000] {logging_mixin.py:188} INFO - [2025-10-13T08:34:31.747+0000] {dag.py:3047} INFO - Sync 1 DAGs
[2025-10-13T08:34:31.793+0000] {logging_mixin.py:188} INFO - [2025-10-13T08:34:31.793+0000] {dag.py:3834} INFO - Setting next_dagrun for extract_open_meteo_v2 to 2025-10-12 22:00:00+00:00, run_after=2025-10-13 22:00:00+00:00
[2025-10-13T08:34:31.847+0000] {processor.py:183} INFO - Processing /opt/airflow/dags/extract_open_meteo_dag.py took 0.218 seconds
[2025-10-13T08:35:02.299+0000] {processor.py:161} INFO - Started process (PID=5996) to work on /opt/airflow/dags/extract_open_meteo_dag.py
[2025-10-13T08:35:02.300+0000] {processor.py:830} INFO - Processing file /opt/airflow/dags/extract_open_meteo_dag.py for tasks to queue
[2025-10-13T08:35:02.302+0000] {logging_mixin.py:188} INFO - [2025-10-13T08:35:02.301+0000] {dagbag.py:540} INFO - Filling up the DagBag from /opt/airflow/dags/extract_open_meteo_dag.py
[2025-10-13T08:35:02.333+0000] {processor.py:840} INFO - DAG(s) 'extract_open_meteo_v2' retrieved from /opt/airflow/dags/extract_open_meteo_dag.py
[2025-10-13T08:35:02.392+0000] {logging_mixin.py:188} INFO - [2025-10-13T08:35:02.392+0000] {dag.py:3047} INFO - Sync 1 DAGs
[2025-10-13T08:35:02.432+0000] {logging_mixin.py:188} INFO - [2025-10-13T08:35:02.432+0000] {dag.py:3834} INFO - Setting next_dagrun for extract_open_meteo_v2 to 2025-10-12 22:00:00+00:00, run_after=2025-10-13 22:00:00+00:00
[2025-10-13T08:35:02.502+0000] {processor.py:183} INFO - Processing /opt/airflow/dags/extract_open_meteo_dag.py took 0.207 seconds
[2025-10-13T08:35:32.975+0000] {processor.py:161} INFO - Started process (PID=6011) to work on /opt/airflow/dags/extract_open_meteo_dag.py
[2025-10-13T08:35:32.978+0000] {processor.py:830} INFO - Processing file /opt/airflow/dags/extract_open_meteo_dag.py for tasks to queue
[2025-10-13T08:35:32.981+0000] {logging_mixin.py:188} INFO - [2025-10-13T08:35:32.980+0000] {dagbag.py:540} INFO - Filling up the DagBag from /opt/airflow/dags/extract_open_meteo_dag.py
[2025-10-13T08:35:33.042+0000] {processor.py:840} INFO - DAG(s) 'extract_open_meteo_v2' retrieved from /opt/airflow/dags/extract_open_meteo_dag.py
[2025-10-13T08:35:33.139+0000] {logging_mixin.py:188} INFO - [2025-10-13T08:35:33.138+0000] {dag.py:3047} INFO - Sync 1 DAGs
[2025-10-13T08:35:33.196+0000] {logging_mixin.py:188} INFO - [2025-10-13T08:35:33.196+0000] {dag.py:3834} INFO - Setting next_dagrun for extract_open_meteo_v2 to 2025-10-12 22:00:00+00:00, run_after=2025-10-13 22:00:00+00:00
[2025-10-13T08:35:33.259+0000] {processor.py:183} INFO - Processing /opt/airflow/dags/extract_open_meteo_dag.py took 0.290 seconds
[2025-10-13T08:36:03.675+0000] {processor.py:161} INFO - Started process (PID=6026) to work on /opt/airflow/dags/extract_open_meteo_dag.py
[2025-10-13T08:36:03.677+0000] {processor.py:830} INFO - Processing file /opt/airflow/dags/extract_open_meteo_dag.py for tasks to queue
[2025-10-13T08:36:03.679+0000] {logging_mixin.py:188} INFO - [2025-10-13T08:36:03.679+0000] {dagbag.py:540} INFO - Filling up the DagBag from /opt/airflow/dags/extract_open_meteo_dag.py
[2025-10-13T08:36:03.710+0000] {processor.py:840} INFO - DAG(s) 'extract_open_meteo_v2' retrieved from /opt/airflow/dags/extract_open_meteo_dag.py
[2025-10-13T08:36:03.776+0000] {logging_mixin.py:188} INFO - [2025-10-13T08:36:03.776+0000] {dag.py:3047} INFO - Sync 1 DAGs
[2025-10-13T08:36:03.828+0000] {logging_mixin.py:188} INFO - [2025-10-13T08:36:03.828+0000] {dag.py:3834} INFO - Setting next_dagrun for extract_open_meteo_v2 to 2025-10-12 22:00:00+00:00, run_after=2025-10-13 22:00:00+00:00
[2025-10-13T08:36:03.893+0000] {processor.py:183} INFO - Processing /opt/airflow/dags/extract_open_meteo_dag.py took 0.221 seconds
[2025-10-13T08:36:34.282+0000] {processor.py:161} INFO - Started process (PID=6041) to work on /opt/airflow/dags/extract_open_meteo_dag.py
[2025-10-13T08:36:34.284+0000] {processor.py:830} INFO - Processing file /opt/airflow/dags/extract_open_meteo_dag.py for tasks to queue
[2025-10-13T08:36:34.286+0000] {logging_mixin.py:188} INFO - [2025-10-13T08:36:34.285+0000] {dagbag.py:540} INFO - Filling up the DagBag from /opt/airflow/dags/extract_open_meteo_dag.py
[2025-10-13T08:36:34.319+0000] {processor.py:840} INFO - DAG(s) 'extract_open_meteo_v2' retrieved from /opt/airflow/dags/extract_open_meteo_dag.py
[2025-10-13T08:36:34.389+0000] {logging_mixin.py:188} INFO - [2025-10-13T08:36:34.389+0000] {dag.py:3047} INFO - Sync 1 DAGs
[2025-10-13T08:36:34.437+0000] {logging_mixin.py:188} INFO - [2025-10-13T08:36:34.437+0000] {dag.py:3834} INFO - Setting next_dagrun for extract_open_meteo_v2 to 2025-10-12 22:00:00+00:00, run_after=2025-10-13 22:00:00+00:00
[2025-10-13T08:36:34.496+0000] {processor.py:183} INFO - Processing /opt/airflow/dags/extract_open_meteo_dag.py took 0.216 seconds
[2025-10-13T08:37:04.897+0000] {processor.py:161} INFO - Started process (PID=6056) to work on /opt/airflow/dags/extract_open_meteo_dag.py
[2025-10-13T08:37:04.898+0000] {processor.py:830} INFO - Processing file /opt/airflow/dags/extract_open_meteo_dag.py for tasks to queue
[2025-10-13T08:37:04.900+0000] {logging_mixin.py:188} INFO - [2025-10-13T08:37:04.900+0000] {dagbag.py:540} INFO - Filling up the DagBag from /opt/airflow/dags/extract_open_meteo_dag.py
[2025-10-13T08:37:04.929+0000] {processor.py:840} INFO - DAG(s) 'extract_open_meteo_v2' retrieved from /opt/airflow/dags/extract_open_meteo_dag.py
[2025-10-13T08:37:04.981+0000] {logging_mixin.py:188} INFO - [2025-10-13T08:37:04.981+0000] {dag.py:3047} INFO - Sync 1 DAGs
[2025-10-13T08:37:05.022+0000] {logging_mixin.py:188} INFO - [2025-10-13T08:37:05.021+0000] {dag.py:3834} INFO - Setting next_dagrun for extract_open_meteo_v2 to 2025-10-12 22:00:00+00:00, run_after=2025-10-13 22:00:00+00:00
[2025-10-13T08:37:05.070+0000] {processor.py:183} INFO - Processing /opt/airflow/dags/extract_open_meteo_dag.py took 0.176 seconds
[2025-10-13T08:37:35.553+0000] {processor.py:161} INFO - Started process (PID=6071) to work on /opt/airflow/dags/extract_open_meteo_dag.py
[2025-10-13T08:37:35.556+0000] {processor.py:830} INFO - Processing file /opt/airflow/dags/extract_open_meteo_dag.py for tasks to queue
[2025-10-13T08:37:35.559+0000] {logging_mixin.py:188} INFO - [2025-10-13T08:37:35.558+0000] {dagbag.py:540} INFO - Filling up the DagBag from /opt/airflow/dags/extract_open_meteo_dag.py
[2025-10-13T08:37:35.608+0000] {processor.py:840} INFO - DAG(s) 'extract_open_meteo_v2' retrieved from /opt/airflow/dags/extract_open_meteo_dag.py
[2025-10-13T08:37:35.675+0000] {logging_mixin.py:188} INFO - [2025-10-13T08:37:35.675+0000] {dag.py:3047} INFO - Sync 1 DAGs
[2025-10-13T08:37:35.731+0000] {logging_mixin.py:188} INFO - [2025-10-13T08:37:35.731+0000] {dag.py:3834} INFO - Setting next_dagrun for extract_open_meteo_v2 to 2025-10-12 22:00:00+00:00, run_after=2025-10-13 22:00:00+00:00
[2025-10-13T08:37:35.803+0000] {processor.py:183} INFO - Processing /opt/airflow/dags/extract_open_meteo_dag.py took 0.256 seconds
[2025-10-13T08:38:06.258+0000] {processor.py:161} INFO - Started process (PID=6086) to work on /opt/airflow/dags/extract_open_meteo_dag.py
[2025-10-13T08:38:06.260+0000] {processor.py:830} INFO - Processing file /opt/airflow/dags/extract_open_meteo_dag.py for tasks to queue
[2025-10-13T08:38:06.263+0000] {logging_mixin.py:188} INFO - [2025-10-13T08:38:06.262+0000] {dagbag.py:540} INFO - Filling up the DagBag from /opt/airflow/dags/extract_open_meteo_dag.py
[2025-10-13T08:38:06.298+0000] {processor.py:840} INFO - DAG(s) 'extract_open_meteo_v2' retrieved from /opt/airflow/dags/extract_open_meteo_dag.py
[2025-10-13T08:38:06.366+0000] {logging_mixin.py:188} INFO - [2025-10-13T08:38:06.365+0000] {dag.py:3047} INFO - Sync 1 DAGs
[2025-10-13T08:38:06.407+0000] {logging_mixin.py:188} INFO - [2025-10-13T08:38:06.407+0000] {dag.py:3834} INFO - Setting next_dagrun for extract_open_meteo_v2 to 2025-10-12 22:00:00+00:00, run_after=2025-10-13 22:00:00+00:00
[2025-10-13T08:38:06.473+0000] {processor.py:183} INFO - Processing /opt/airflow/dags/extract_open_meteo_dag.py took 0.226 seconds
[2025-10-13T08:38:37.471+0000] {processor.py:161} INFO - Started process (PID=6101) to work on /opt/airflow/dags/extract_open_meteo_dag.py
[2025-10-13T08:38:37.474+0000] {processor.py:830} INFO - Processing file /opt/airflow/dags/extract_open_meteo_dag.py for tasks to queue
[2025-10-13T08:38:37.476+0000] {logging_mixin.py:188} INFO - [2025-10-13T08:38:37.476+0000] {dagbag.py:540} INFO - Filling up the DagBag from /opt/airflow/dags/extract_open_meteo_dag.py
[2025-10-13T08:38:37.532+0000] {processor.py:840} INFO - DAG(s) 'extract_open_meteo_v2' retrieved from /opt/airflow/dags/extract_open_meteo_dag.py
[2025-10-13T08:38:37.837+0000] {logging_mixin.py:188} INFO - [2025-10-13T08:38:37.837+0000] {dag.py:3047} INFO - Sync 1 DAGs
[2025-10-13T08:38:38.079+0000] {logging_mixin.py:188} INFO - [2025-10-13T08:38:38.079+0000] {dag.py:3834} INFO - Setting next_dagrun for extract_open_meteo_v2 to 2025-10-12 22:00:00+00:00, run_after=2025-10-13 22:00:00+00:00
[2025-10-13T08:38:38.241+0000] {processor.py:183} INFO - Processing /opt/airflow/dags/extract_open_meteo_dag.py took 0.775 seconds
[2025-10-13T08:39:08.964+0000] {processor.py:161} INFO - Started process (PID=6116) to work on /opt/airflow/dags/extract_open_meteo_dag.py
[2025-10-13T08:39:08.965+0000] {processor.py:830} INFO - Processing file /opt/airflow/dags/extract_open_meteo_dag.py for tasks to queue
[2025-10-13T08:39:08.967+0000] {logging_mixin.py:188} INFO - [2025-10-13T08:39:08.967+0000] {dagbag.py:540} INFO - Filling up the DagBag from /opt/airflow/dags/extract_open_meteo_dag.py
[2025-10-13T08:39:08.994+0000] {processor.py:840} INFO - DAG(s) 'extract_open_meteo_v2' retrieved from /opt/airflow/dags/extract_open_meteo_dag.py
[2025-10-13T08:39:09.054+0000] {logging_mixin.py:188} INFO - [2025-10-13T08:39:09.054+0000] {dag.py:3047} INFO - Sync 1 DAGs
[2025-10-13T08:39:09.105+0000] {logging_mixin.py:188} INFO - [2025-10-13T08:39:09.104+0000] {dag.py:3834} INFO - Setting next_dagrun for extract_open_meteo_v2 to 2025-10-12 22:00:00+00:00, run_after=2025-10-13 22:00:00+00:00
[2025-10-13T08:39:09.161+0000] {processor.py:183} INFO - Processing /opt/airflow/dags/extract_open_meteo_dag.py took 0.200 seconds
[2025-10-13T08:39:39.765+0000] {processor.py:161} INFO - Started process (PID=6131) to work on /opt/airflow/dags/extract_open_meteo_dag.py
[2025-10-13T08:39:39.770+0000] {processor.py:830} INFO - Processing file /opt/airflow/dags/extract_open_meteo_dag.py for tasks to queue
[2025-10-13T08:39:39.772+0000] {logging_mixin.py:188} INFO - [2025-10-13T08:39:39.772+0000] {dagbag.py:540} INFO - Filling up the DagBag from /opt/airflow/dags/extract_open_meteo_dag.py
[2025-10-13T08:39:39.798+0000] {processor.py:840} INFO - DAG(s) 'extract_open_meteo_v2' retrieved from /opt/airflow/dags/extract_open_meteo_dag.py
[2025-10-13T08:39:39.857+0000] {logging_mixin.py:188} INFO - [2025-10-13T08:39:39.857+0000] {dag.py:3047} INFO - Sync 1 DAGs
[2025-10-13T08:39:39.899+0000] {logging_mixin.py:188} INFO - [2025-10-13T08:39:39.899+0000] {dag.py:3834} INFO - Setting next_dagrun for extract_open_meteo_v2 to 2025-10-12 22:00:00+00:00, run_after=2025-10-13 22:00:00+00:00
[2025-10-13T08:39:39.953+0000] {processor.py:183} INFO - Processing /opt/airflow/dags/extract_open_meteo_dag.py took 0.240 seconds
[2025-10-13T08:40:10.296+0000] {processor.py:161} INFO - Started process (PID=6146) to work on /opt/airflow/dags/extract_open_meteo_dag.py
[2025-10-13T08:40:10.298+0000] {processor.py:830} INFO - Processing file /opt/airflow/dags/extract_open_meteo_dag.py for tasks to queue
[2025-10-13T08:40:10.300+0000] {logging_mixin.py:188} INFO - [2025-10-13T08:40:10.299+0000] {dagbag.py:540} INFO - Filling up the DagBag from /opt/airflow/dags/extract_open_meteo_dag.py
[2025-10-13T08:40:10.331+0000] {processor.py:840} INFO - DAG(s) 'extract_open_meteo_v2' retrieved from /opt/airflow/dags/extract_open_meteo_dag.py
[2025-10-13T08:40:10.397+0000] {logging_mixin.py:188} INFO - [2025-10-13T08:40:10.396+0000] {dag.py:3047} INFO - Sync 1 DAGs
[2025-10-13T08:40:10.552+0000] {logging_mixin.py:188} INFO - [2025-10-13T08:40:10.552+0000] {dag.py:3834} INFO - Setting next_dagrun for extract_open_meteo_v2 to 2025-10-12 22:00:00+00:00, run_after=2025-10-13 22:00:00+00:00
[2025-10-13T08:40:10.663+0000] {processor.py:183} INFO - Processing /opt/airflow/dags/extract_open_meteo_dag.py took 0.370 seconds
[2025-10-13T08:40:40.827+0000] {processor.py:161} INFO - Started process (PID=6161) to work on /opt/airflow/dags/extract_open_meteo_dag.py
[2025-10-13T08:40:40.828+0000] {processor.py:830} INFO - Processing file /opt/airflow/dags/extract_open_meteo_dag.py for tasks to queue
[2025-10-13T08:40:40.831+0000] {logging_mixin.py:188} INFO - [2025-10-13T08:40:40.830+0000] {dagbag.py:540} INFO - Filling up the DagBag from /opt/airflow/dags/extract_open_meteo_dag.py
[2025-10-13T08:40:40.857+0000] {processor.py:840} INFO - DAG(s) 'extract_open_meteo_v2' retrieved from /opt/airflow/dags/extract_open_meteo_dag.py
[2025-10-13T08:40:40.912+0000] {logging_mixin.py:188} INFO - [2025-10-13T08:40:40.911+0000] {dag.py:3047} INFO - Sync 1 DAGs
[2025-10-13T08:40:40.956+0000] {logging_mixin.py:188} INFO - [2025-10-13T08:40:40.956+0000] {dag.py:3834} INFO - Setting next_dagrun for extract_open_meteo_v2 to 2025-10-12 22:00:00+00:00, run_after=2025-10-13 22:00:00+00:00
[2025-10-13T08:40:41.010+0000] {processor.py:183} INFO - Processing /opt/airflow/dags/extract_open_meteo_dag.py took 0.186 seconds
[2025-10-13T08:41:11.496+0000] {processor.py:161} INFO - Started process (PID=6176) to work on /opt/airflow/dags/extract_open_meteo_dag.py
[2025-10-13T08:41:11.498+0000] {processor.py:830} INFO - Processing file /opt/airflow/dags/extract_open_meteo_dag.py for tasks to queue
[2025-10-13T08:41:11.500+0000] {logging_mixin.py:188} INFO - [2025-10-13T08:41:11.500+0000] {dagbag.py:540} INFO - Filling up the DagBag from /opt/airflow/dags/extract_open_meteo_dag.py
[2025-10-13T08:41:11.531+0000] {processor.py:840} INFO - DAG(s) 'extract_open_meteo_v2' retrieved from /opt/airflow/dags/extract_open_meteo_dag.py
[2025-10-13T08:41:11.594+0000] {logging_mixin.py:188} INFO - [2025-10-13T08:41:11.594+0000] {dag.py:3047} INFO - Sync 1 DAGs
[2025-10-13T08:41:11.717+0000] {logging_mixin.py:188} INFO - [2025-10-13T08:41:11.717+0000] {dag.py:3834} INFO - Setting next_dagrun for extract_open_meteo_v2 to 2025-10-12 22:00:00+00:00, run_after=2025-10-13 22:00:00+00:00
[2025-10-13T08:41:11.822+0000] {processor.py:183} INFO - Processing /opt/airflow/dags/extract_open_meteo_dag.py took 0.328 seconds
[2025-10-13T08:41:41.883+0000] {processor.py:161} INFO - Started process (PID=6191) to work on /opt/airflow/dags/extract_open_meteo_dag.py
[2025-10-13T08:41:41.884+0000] {processor.py:830} INFO - Processing file /opt/airflow/dags/extract_open_meteo_dag.py for tasks to queue
[2025-10-13T08:41:41.886+0000] {logging_mixin.py:188} INFO - [2025-10-13T08:41:41.886+0000] {dagbag.py:540} INFO - Filling up the DagBag from /opt/airflow/dags/extract_open_meteo_dag.py
[2025-10-13T08:41:41.913+0000] {processor.py:840} INFO - DAG(s) 'extract_open_meteo_v2' retrieved from /opt/airflow/dags/extract_open_meteo_dag.py
[2025-10-13T08:41:41.971+0000] {logging_mixin.py:188} INFO - [2025-10-13T08:41:41.971+0000] {dag.py:3047} INFO - Sync 1 DAGs
[2025-10-13T08:41:42.034+0000] {logging_mixin.py:188} INFO - [2025-10-13T08:41:42.033+0000] {dag.py:3834} INFO - Setting next_dagrun for extract_open_meteo_v2 to 2025-10-12 22:00:00+00:00, run_after=2025-10-13 22:00:00+00:00
[2025-10-13T08:41:42.100+0000] {processor.py:183} INFO - Processing /opt/airflow/dags/extract_open_meteo_dag.py took 0.220 seconds
[2025-10-13T08:42:12.594+0000] {processor.py:161} INFO - Started process (PID=6206) to work on /opt/airflow/dags/extract_open_meteo_dag.py
[2025-10-13T08:42:12.596+0000] {processor.py:830} INFO - Processing file /opt/airflow/dags/extract_open_meteo_dag.py for tasks to queue
[2025-10-13T08:42:12.597+0000] {logging_mixin.py:188} INFO - [2025-10-13T08:42:12.597+0000] {dagbag.py:540} INFO - Filling up the DagBag from /opt/airflow/dags/extract_open_meteo_dag.py
[2025-10-13T08:42:12.633+0000] {processor.py:840} INFO - DAG(s) 'extract_open_meteo_v2' retrieved from /opt/airflow/dags/extract_open_meteo_dag.py
[2025-10-13T08:42:12.711+0000] {logging_mixin.py:188} INFO - [2025-10-13T08:42:12.710+0000] {dag.py:3047} INFO - Sync 1 DAGs
[2025-10-13T08:42:12.757+0000] {logging_mixin.py:188} INFO - [2025-10-13T08:42:12.757+0000] {dag.py:3834} INFO - Setting next_dagrun for extract_open_meteo_v2 to 2025-10-12 22:00:00+00:00, run_after=2025-10-13 22:00:00+00:00
[2025-10-13T08:42:12.814+0000] {processor.py:183} INFO - Processing /opt/airflow/dags/extract_open_meteo_dag.py took 0.226 seconds
[2025-10-13T08:42:43.463+0000] {processor.py:161} INFO - Started process (PID=6221) to work on /opt/airflow/dags/extract_open_meteo_dag.py
[2025-10-13T08:42:43.465+0000] {processor.py:830} INFO - Processing file /opt/airflow/dags/extract_open_meteo_dag.py for tasks to queue
[2025-10-13T08:42:43.467+0000] {logging_mixin.py:188} INFO - [2025-10-13T08:42:43.466+0000] {dagbag.py:540} INFO - Filling up the DagBag from /opt/airflow/dags/extract_open_meteo_dag.py
[2025-10-13T08:42:43.497+0000] {processor.py:840} INFO - DAG(s) 'extract_open_meteo_v2' retrieved from /opt/airflow/dags/extract_open_meteo_dag.py
[2025-10-13T08:42:43.567+0000] {logging_mixin.py:188} INFO - [2025-10-13T08:42:43.567+0000] {dag.py:3047} INFO - Sync 1 DAGs
[2025-10-13T08:42:43.607+0000] {logging_mixin.py:188} INFO - [2025-10-13T08:42:43.607+0000] {dag.py:3834} INFO - Setting next_dagrun for extract_open_meteo_v2 to 2025-10-12 22:00:00+00:00, run_after=2025-10-13 22:00:00+00:00
[2025-10-13T08:42:43.661+0000] {processor.py:183} INFO - Processing /opt/airflow/dags/extract_open_meteo_dag.py took 0.202 seconds
[2025-10-13T08:43:14.001+0000] {processor.py:161} INFO - Started process (PID=6236) to work on /opt/airflow/dags/extract_open_meteo_dag.py
[2025-10-13T08:43:14.003+0000] {processor.py:830} INFO - Processing file /opt/airflow/dags/extract_open_meteo_dag.py for tasks to queue
[2025-10-13T08:43:14.004+0000] {logging_mixin.py:188} INFO - [2025-10-13T08:43:14.004+0000] {dagbag.py:540} INFO - Filling up the DagBag from /opt/airflow/dags/extract_open_meteo_dag.py
[2025-10-13T08:43:14.031+0000] {processor.py:840} INFO - DAG(s) 'extract_open_meteo_v2' retrieved from /opt/airflow/dags/extract_open_meteo_dag.py
[2025-10-13T08:43:14.089+0000] {logging_mixin.py:188} INFO - [2025-10-13T08:43:14.088+0000] {dag.py:3047} INFO - Sync 1 DAGs
[2025-10-13T08:43:14.129+0000] {logging_mixin.py:188} INFO - [2025-10-13T08:43:14.129+0000] {dag.py:3834} INFO - Setting next_dagrun for extract_open_meteo_v2 to 2025-10-12 22:00:00+00:00, run_after=2025-10-13 22:00:00+00:00
[2025-10-13T08:43:14.179+0000] {processor.py:183} INFO - Processing /opt/airflow/dags/extract_open_meteo_dag.py took 0.181 seconds
[2025-10-13T08:43:44.766+0000] {processor.py:161} INFO - Started process (PID=6251) to work on /opt/airflow/dags/extract_open_meteo_dag.py
[2025-10-13T08:43:44.767+0000] {processor.py:830} INFO - Processing file /opt/airflow/dags/extract_open_meteo_dag.py for tasks to queue
[2025-10-13T08:43:44.769+0000] {logging_mixin.py:188} INFO - [2025-10-13T08:43:44.768+0000] {dagbag.py:540} INFO - Filling up the DagBag from /opt/airflow/dags/extract_open_meteo_dag.py
[2025-10-13T08:43:44.796+0000] {processor.py:840} INFO - DAG(s) 'extract_open_meteo_v2' retrieved from /opt/airflow/dags/extract_open_meteo_dag.py
[2025-10-13T08:43:44.866+0000] {logging_mixin.py:188} INFO - [2025-10-13T08:43:44.865+0000] {dag.py:3047} INFO - Sync 1 DAGs
[2025-10-13T08:43:44.910+0000] {logging_mixin.py:188} INFO - [2025-10-13T08:43:44.910+0000] {dag.py:3834} INFO - Setting next_dagrun for extract_open_meteo_v2 to 2025-10-12 22:00:00+00:00, run_after=2025-10-13 22:00:00+00:00
[2025-10-13T08:43:44.969+0000] {processor.py:183} INFO - Processing /opt/airflow/dags/extract_open_meteo_dag.py took 0.208 seconds
[2025-10-13T08:44:15.381+0000] {processor.py:161} INFO - Started process (PID=6266) to work on /opt/airflow/dags/extract_open_meteo_dag.py
[2025-10-13T08:44:15.383+0000] {processor.py:830} INFO - Processing file /opt/airflow/dags/extract_open_meteo_dag.py for tasks to queue
[2025-10-13T08:44:15.384+0000] {logging_mixin.py:188} INFO - [2025-10-13T08:44:15.383+0000] {dagbag.py:540} INFO - Filling up the DagBag from /opt/airflow/dags/extract_open_meteo_dag.py
[2025-10-13T08:44:15.408+0000] {processor.py:840} INFO - DAG(s) 'extract_open_meteo_v2' retrieved from /opt/airflow/dags/extract_open_meteo_dag.py
[2025-10-13T08:44:15.467+0000] {logging_mixin.py:188} INFO - [2025-10-13T08:44:15.467+0000] {dag.py:3047} INFO - Sync 1 DAGs
[2025-10-13T08:44:15.510+0000] {logging_mixin.py:188} INFO - [2025-10-13T08:44:15.510+0000] {dag.py:3834} INFO - Setting next_dagrun for extract_open_meteo_v2 to 2025-10-12 22:00:00+00:00, run_after=2025-10-13 22:00:00+00:00
[2025-10-13T08:44:15.565+0000] {processor.py:183} INFO - Processing /opt/airflow/dags/extract_open_meteo_dag.py took 0.188 seconds
[2025-10-13T08:44:46.058+0000] {processor.py:161} INFO - Started process (PID=6281) to work on /opt/airflow/dags/extract_open_meteo_dag.py
[2025-10-13T08:44:46.059+0000] {processor.py:830} INFO - Processing file /opt/airflow/dags/extract_open_meteo_dag.py for tasks to queue
[2025-10-13T08:44:46.060+0000] {logging_mixin.py:188} INFO - [2025-10-13T08:44:46.060+0000] {dagbag.py:540} INFO - Filling up the DagBag from /opt/airflow/dags/extract_open_meteo_dag.py
[2025-10-13T08:44:46.081+0000] {processor.py:840} INFO - DAG(s) 'extract_open_meteo_v2' retrieved from /opt/airflow/dags/extract_open_meteo_dag.py
[2025-10-13T08:44:46.138+0000] {logging_mixin.py:188} INFO - [2025-10-13T08:44:46.137+0000] {dag.py:3047} INFO - Sync 1 DAGs
[2025-10-13T08:44:46.183+0000] {logging_mixin.py:188} INFO - [2025-10-13T08:44:46.182+0000] {dag.py:3834} INFO - Setting next_dagrun for extract_open_meteo_v2 to 2025-10-12 22:00:00+00:00, run_after=2025-10-13 22:00:00+00:00
[2025-10-13T08:44:46.233+0000] {processor.py:183} INFO - Processing /opt/airflow/dags/extract_open_meteo_dag.py took 0.179 seconds
[2025-10-13T08:45:16.741+0000] {processor.py:161} INFO - Started process (PID=6296) to work on /opt/airflow/dags/extract_open_meteo_dag.py
[2025-10-13T08:45:16.743+0000] {processor.py:830} INFO - Processing file /opt/airflow/dags/extract_open_meteo_dag.py for tasks to queue
[2025-10-13T08:45:16.744+0000] {logging_mixin.py:188} INFO - [2025-10-13T08:45:16.744+0000] {dagbag.py:540} INFO - Filling up the DagBag from /opt/airflow/dags/extract_open_meteo_dag.py
[2025-10-13T08:45:16.767+0000] {processor.py:840} INFO - DAG(s) 'extract_open_meteo_v2' retrieved from /opt/airflow/dags/extract_open_meteo_dag.py
[2025-10-13T08:45:16.822+0000] {logging_mixin.py:188} INFO - [2025-10-13T08:45:16.822+0000] {dag.py:3047} INFO - Sync 1 DAGs
[2025-10-13T08:45:16.866+0000] {logging_mixin.py:188} INFO - [2025-10-13T08:45:16.865+0000] {dag.py:3834} INFO - Setting next_dagrun for extract_open_meteo_v2 to 2025-10-12 22:00:00+00:00, run_after=2025-10-13 22:00:00+00:00
[2025-10-13T08:45:16.945+0000] {processor.py:183} INFO - Processing /opt/airflow/dags/extract_open_meteo_dag.py took 0.207 seconds
[2025-10-13T09:16:18.197+0000] {processor.py:161} INFO - Started process (PID=6315) to work on /opt/airflow/dags/extract_open_meteo_dag.py
[2025-10-13T09:16:18.217+0000] {processor.py:830} INFO - Processing file /opt/airflow/dags/extract_open_meteo_dag.py for tasks to queue
[2025-10-13T09:16:18.226+0000] {logging_mixin.py:188} INFO - [2025-10-13T09:16:18.224+0000] {dagbag.py:540} INFO - Filling up the DagBag from /opt/airflow/dags/extract_open_meteo_dag.py
[2025-10-13T09:16:18.350+0000] {processor.py:840} INFO - DAG(s) 'extract_open_meteo_v2' retrieved from /opt/airflow/dags/extract_open_meteo_dag.py
[2025-10-13T09:16:18.696+0000] {logging_mixin.py:188} INFO - [2025-10-13T09:16:18.695+0000] {dag.py:3047} INFO - Sync 1 DAGs
[2025-10-13T09:16:18.856+0000] {logging_mixin.py:188} INFO - [2025-10-13T09:16:18.855+0000] {dag.py:3834} INFO - Setting next_dagrun for extract_open_meteo_v2 to 2025-10-12 22:00:00+00:00, run_after=2025-10-13 22:00:00+00:00
[2025-10-13T09:16:19.078+0000] {processor.py:183} INFO - Processing /opt/airflow/dags/extract_open_meteo_dag.py took 0.923 seconds
[2025-10-13T09:16:49.301+0000] {processor.py:161} INFO - Started process (PID=6330) to work on /opt/airflow/dags/extract_open_meteo_dag.py
[2025-10-13T09:16:49.303+0000] {processor.py:830} INFO - Processing file /opt/airflow/dags/extract_open_meteo_dag.py for tasks to queue
[2025-10-13T09:16:49.305+0000] {logging_mixin.py:188} INFO - [2025-10-13T09:16:49.304+0000] {dagbag.py:540} INFO - Filling up the DagBag from /opt/airflow/dags/extract_open_meteo_dag.py
[2025-10-13T09:16:49.350+0000] {processor.py:840} INFO - DAG(s) 'extract_open_meteo_v2' retrieved from /opt/airflow/dags/extract_open_meteo_dag.py
[2025-10-13T09:16:49.467+0000] {logging_mixin.py:188} INFO - [2025-10-13T09:16:49.467+0000] {dag.py:3047} INFO - Sync 1 DAGs
[2025-10-13T09:16:49.578+0000] {logging_mixin.py:188} INFO - [2025-10-13T09:16:49.578+0000] {dag.py:3834} INFO - Setting next_dagrun for extract_open_meteo_v2 to 2025-10-12 22:00:00+00:00, run_after=2025-10-13 22:00:00+00:00
[2025-10-13T09:16:49.667+0000] {processor.py:183} INFO - Processing /opt/airflow/dags/extract_open_meteo_dag.py took 0.372 seconds
[2025-10-13T09:17:20.311+0000] {processor.py:161} INFO - Started process (PID=6345) to work on /opt/airflow/dags/extract_open_meteo_dag.py
[2025-10-13T09:17:20.313+0000] {processor.py:830} INFO - Processing file /opt/airflow/dags/extract_open_meteo_dag.py for tasks to queue
[2025-10-13T09:17:20.316+0000] {logging_mixin.py:188} INFO - [2025-10-13T09:17:20.315+0000] {dagbag.py:540} INFO - Filling up the DagBag from /opt/airflow/dags/extract_open_meteo_dag.py
[2025-10-13T09:17:20.353+0000] {processor.py:840} INFO - DAG(s) 'extract_open_meteo_v2' retrieved from /opt/airflow/dags/extract_open_meteo_dag.py
[2025-10-13T09:17:20.439+0000] {logging_mixin.py:188} INFO - [2025-10-13T09:17:20.438+0000] {dag.py:3047} INFO - Sync 1 DAGs
[2025-10-13T09:17:20.503+0000] {logging_mixin.py:188} INFO - [2025-10-13T09:17:20.503+0000] {dag.py:3834} INFO - Setting next_dagrun for extract_open_meteo_v2 to 2025-10-12 22:00:00+00:00, run_after=2025-10-13 22:00:00+00:00
[2025-10-13T09:17:20.573+0000] {processor.py:183} INFO - Processing /opt/airflow/dags/extract_open_meteo_dag.py took 0.267 seconds
[2025-10-13T09:17:51.174+0000] {processor.py:161} INFO - Started process (PID=6360) to work on /opt/airflow/dags/extract_open_meteo_dag.py
[2025-10-13T09:17:51.176+0000] {processor.py:830} INFO - Processing file /opt/airflow/dags/extract_open_meteo_dag.py for tasks to queue
[2025-10-13T09:17:51.178+0000] {logging_mixin.py:188} INFO - [2025-10-13T09:17:51.177+0000] {dagbag.py:540} INFO - Filling up the DagBag from /opt/airflow/dags/extract_open_meteo_dag.py
[2025-10-13T09:17:51.221+0000] {processor.py:840} INFO - DAG(s) 'extract_open_meteo_v2' retrieved from /opt/airflow/dags/extract_open_meteo_dag.py
[2025-10-13T09:17:51.332+0000] {logging_mixin.py:188} INFO - [2025-10-13T09:17:51.332+0000] {dag.py:3047} INFO - Sync 1 DAGs
[2025-10-13T09:17:51.492+0000] {logging_mixin.py:188} INFO - [2025-10-13T09:17:51.483+0000] {dag.py:3834} INFO - Setting next_dagrun for extract_open_meteo_v2 to 2025-10-12 22:00:00+00:00, run_after=2025-10-13 22:00:00+00:00
[2025-10-13T09:17:51.810+0000] {processor.py:183} INFO - Processing /opt/airflow/dags/extract_open_meteo_dag.py took 0.644 seconds
[2025-10-13T09:18:22.654+0000] {processor.py:161} INFO - Started process (PID=6375) to work on /opt/airflow/dags/extract_open_meteo_dag.py
[2025-10-13T09:18:22.658+0000] {processor.py:830} INFO - Processing file /opt/airflow/dags/extract_open_meteo_dag.py for tasks to queue
[2025-10-13T09:18:22.661+0000] {logging_mixin.py:188} INFO - [2025-10-13T09:18:22.660+0000] {dagbag.py:540} INFO - Filling up the DagBag from /opt/airflow/dags/extract_open_meteo_dag.py
[2025-10-13T09:18:22.754+0000] {processor.py:840} INFO - DAG(s) 'extract_open_meteo_v2' retrieved from /opt/airflow/dags/extract_open_meteo_dag.py
[2025-10-13T09:18:22.918+0000] {logging_mixin.py:188} INFO - [2025-10-13T09:18:22.917+0000] {dag.py:3047} INFO - Sync 1 DAGs
[2025-10-13T09:18:23.061+0000] {logging_mixin.py:188} INFO - [2025-10-13T09:18:23.061+0000] {dag.py:3834} INFO - Setting next_dagrun for extract_open_meteo_v2 to 2025-10-12 22:00:00+00:00, run_after=2025-10-13 22:00:00+00:00
[2025-10-13T09:18:23.157+0000] {processor.py:183} INFO - Processing /opt/airflow/dags/extract_open_meteo_dag.py took 0.515 seconds
[2025-10-13T09:18:53.684+0000] {processor.py:161} INFO - Started process (PID=6390) to work on /opt/airflow/dags/extract_open_meteo_dag.py
[2025-10-13T09:18:53.686+0000] {processor.py:830} INFO - Processing file /opt/airflow/dags/extract_open_meteo_dag.py for tasks to queue
[2025-10-13T09:18:53.689+0000] {logging_mixin.py:188} INFO - [2025-10-13T09:18:53.688+0000] {dagbag.py:540} INFO - Filling up the DagBag from /opt/airflow/dags/extract_open_meteo_dag.py
[2025-10-13T09:18:53.726+0000] {processor.py:840} INFO - DAG(s) 'extract_open_meteo_v2' retrieved from /opt/airflow/dags/extract_open_meteo_dag.py
[2025-10-13T09:18:53.820+0000] {logging_mixin.py:188} INFO - [2025-10-13T09:18:53.819+0000] {dag.py:3047} INFO - Sync 1 DAGs
[2025-10-13T09:18:53.962+0000] {logging_mixin.py:188} INFO - [2025-10-13T09:18:53.961+0000] {dag.py:3834} INFO - Setting next_dagrun for extract_open_meteo_v2 to 2025-10-12 22:00:00+00:00, run_after=2025-10-13 22:00:00+00:00
[2025-10-13T09:18:54.025+0000] {processor.py:183} INFO - Processing /opt/airflow/dags/extract_open_meteo_dag.py took 0.346 seconds
[2025-10-13T09:19:24.765+0000] {processor.py:161} INFO - Started process (PID=6405) to work on /opt/airflow/dags/extract_open_meteo_dag.py
[2025-10-13T09:19:24.768+0000] {processor.py:830} INFO - Processing file /opt/airflow/dags/extract_open_meteo_dag.py for tasks to queue
[2025-10-13T09:19:24.771+0000] {logging_mixin.py:188} INFO - [2025-10-13T09:19:24.770+0000] {dagbag.py:540} INFO - Filling up the DagBag from /opt/airflow/dags/extract_open_meteo_dag.py
[2025-10-13T09:19:24.840+0000] {processor.py:840} INFO - DAG(s) 'extract_open_meteo_v2' retrieved from /opt/airflow/dags/extract_open_meteo_dag.py
[2025-10-13T09:19:24.931+0000] {logging_mixin.py:188} INFO - [2025-10-13T09:19:24.931+0000] {dag.py:3047} INFO - Sync 1 DAGs
[2025-10-13T09:19:24.987+0000] {logging_mixin.py:188} INFO - [2025-10-13T09:19:24.987+0000] {dag.py:3834} INFO - Setting next_dagrun for extract_open_meteo_v2 to 2025-10-12 22:00:00+00:00, run_after=2025-10-13 22:00:00+00:00
[2025-10-13T09:19:25.055+0000] {processor.py:183} INFO - Processing /opt/airflow/dags/extract_open_meteo_dag.py took 0.316 seconds
[2025-10-13T09:19:55.721+0000] {processor.py:161} INFO - Started process (PID=6420) to work on /opt/airflow/dags/extract_open_meteo_dag.py
[2025-10-13T09:19:55.724+0000] {processor.py:830} INFO - Processing file /opt/airflow/dags/extract_open_meteo_dag.py for tasks to queue
[2025-10-13T09:19:55.729+0000] {logging_mixin.py:188} INFO - [2025-10-13T09:19:55.728+0000] {dagbag.py:540} INFO - Filling up the DagBag from /opt/airflow/dags/extract_open_meteo_dag.py
[2025-10-13T09:19:55.800+0000] {processor.py:840} INFO - DAG(s) 'extract_open_meteo_v2' retrieved from /opt/airflow/dags/extract_open_meteo_dag.py
[2025-10-13T09:19:55.938+0000] {logging_mixin.py:188} INFO - [2025-10-13T09:19:55.937+0000] {dag.py:3047} INFO - Sync 1 DAGs
[2025-10-13T09:19:56.008+0000] {logging_mixin.py:188} INFO - [2025-10-13T09:19:56.007+0000] {dag.py:3834} INFO - Setting next_dagrun for extract_open_meteo_v2 to 2025-10-12 22:00:00+00:00, run_after=2025-10-13 22:00:00+00:00
[2025-10-13T09:19:56.098+0000] {processor.py:183} INFO - Processing /opt/airflow/dags/extract_open_meteo_dag.py took 0.396 seconds
[2025-10-13T09:20:26.617+0000] {processor.py:161} INFO - Started process (PID=6435) to work on /opt/airflow/dags/extract_open_meteo_dag.py
[2025-10-13T09:20:26.620+0000] {processor.py:830} INFO - Processing file /opt/airflow/dags/extract_open_meteo_dag.py for tasks to queue
[2025-10-13T09:20:26.624+0000] {logging_mixin.py:188} INFO - [2025-10-13T09:20:26.622+0000] {dagbag.py:540} INFO - Filling up the DagBag from /opt/airflow/dags/extract_open_meteo_dag.py
[2025-10-13T09:20:26.685+0000] {processor.py:840} INFO - DAG(s) 'extract_open_meteo_v2' retrieved from /opt/airflow/dags/extract_open_meteo_dag.py
[2025-10-13T09:20:26.792+0000] {logging_mixin.py:188} INFO - [2025-10-13T09:20:26.791+0000] {dag.py:3047} INFO - Sync 1 DAGs
[2025-10-13T09:20:26.889+0000] {logging_mixin.py:188} INFO - [2025-10-13T09:20:26.888+0000] {dag.py:3834} INFO - Setting next_dagrun for extract_open_meteo_v2 to 2025-10-12 22:00:00+00:00, run_after=2025-10-13 22:00:00+00:00
[2025-10-13T09:20:27.020+0000] {processor.py:183} INFO - Processing /opt/airflow/dags/extract_open_meteo_dag.py took 0.412 seconds
[2025-10-13T09:20:57.802+0000] {processor.py:161} INFO - Started process (PID=6450) to work on /opt/airflow/dags/extract_open_meteo_dag.py
[2025-10-13T09:20:57.805+0000] {processor.py:830} INFO - Processing file /opt/airflow/dags/extract_open_meteo_dag.py for tasks to queue
[2025-10-13T09:20:57.808+0000] {logging_mixin.py:188} INFO - [2025-10-13T09:20:57.807+0000] {dagbag.py:540} INFO - Filling up the DagBag from /opt/airflow/dags/extract_open_meteo_dag.py
[2025-10-13T09:20:57.861+0000] {processor.py:840} INFO - DAG(s) 'extract_open_meteo_v2' retrieved from /opt/airflow/dags/extract_open_meteo_dag.py
[2025-10-13T09:20:57.942+0000] {logging_mixin.py:188} INFO - [2025-10-13T09:20:57.941+0000] {dag.py:3047} INFO - Sync 1 DAGs
[2025-10-13T09:20:58.004+0000] {logging_mixin.py:188} INFO - [2025-10-13T09:20:58.004+0000] {dag.py:3834} INFO - Setting next_dagrun for extract_open_meteo_v2 to 2025-10-12 22:00:00+00:00, run_after=2025-10-13 22:00:00+00:00
[2025-10-13T09:20:58.082+0000] {processor.py:183} INFO - Processing /opt/airflow/dags/extract_open_meteo_dag.py took 0.286 seconds
[2025-10-13T09:21:28.822+0000] {processor.py:161} INFO - Started process (PID=6465) to work on /opt/airflow/dags/extract_open_meteo_dag.py
[2025-10-13T09:21:28.824+0000] {processor.py:830} INFO - Processing file /opt/airflow/dags/extract_open_meteo_dag.py for tasks to queue
[2025-10-13T09:21:28.828+0000] {logging_mixin.py:188} INFO - [2025-10-13T09:21:28.826+0000] {dagbag.py:540} INFO - Filling up the DagBag from /opt/airflow/dags/extract_open_meteo_dag.py
[2025-10-13T09:21:28.879+0000] {processor.py:840} INFO - DAG(s) 'extract_open_meteo_v2' retrieved from /opt/airflow/dags/extract_open_meteo_dag.py
[2025-10-13T09:21:28.979+0000] {logging_mixin.py:188} INFO - [2025-10-13T09:21:28.979+0000] {dag.py:3047} INFO - Sync 1 DAGs
[2025-10-13T09:21:29.056+0000] {logging_mixin.py:188} INFO - [2025-10-13T09:21:29.056+0000] {dag.py:3834} INFO - Setting next_dagrun for extract_open_meteo_v2 to 2025-10-12 22:00:00+00:00, run_after=2025-10-13 22:00:00+00:00
[2025-10-13T09:21:29.175+0000] {processor.py:183} INFO - Processing /opt/airflow/dags/extract_open_meteo_dag.py took 0.364 seconds
[2025-10-13T09:21:59.525+0000] {processor.py:161} INFO - Started process (PID=6480) to work on /opt/airflow/dags/extract_open_meteo_dag.py
[2025-10-13T09:21:59.527+0000] {processor.py:830} INFO - Processing file /opt/airflow/dags/extract_open_meteo_dag.py for tasks to queue
[2025-10-13T09:21:59.531+0000] {logging_mixin.py:188} INFO - [2025-10-13T09:21:59.530+0000] {dagbag.py:540} INFO - Filling up the DagBag from /opt/airflow/dags/extract_open_meteo_dag.py
[2025-10-13T09:21:59.581+0000] {processor.py:840} INFO - DAG(s) 'extract_open_meteo_v2' retrieved from /opt/airflow/dags/extract_open_meteo_dag.py
[2025-10-13T09:21:59.661+0000] {logging_mixin.py:188} INFO - [2025-10-13T09:21:59.660+0000] {dag.py:3047} INFO - Sync 1 DAGs
[2025-10-13T09:21:59.741+0000] {logging_mixin.py:188} INFO - [2025-10-13T09:21:59.740+0000] {dag.py:3834} INFO - Setting next_dagrun for extract_open_meteo_v2 to 2025-10-12 22:00:00+00:00, run_after=2025-10-13 22:00:00+00:00
[2025-10-13T09:21:59.841+0000] {processor.py:183} INFO - Processing /opt/airflow/dags/extract_open_meteo_dag.py took 0.323 seconds
[2025-10-13T09:22:30.479+0000] {processor.py:161} INFO - Started process (PID=6495) to work on /opt/airflow/dags/extract_open_meteo_dag.py
[2025-10-13T09:22:30.481+0000] {processor.py:830} INFO - Processing file /opt/airflow/dags/extract_open_meteo_dag.py for tasks to queue
[2025-10-13T09:22:30.484+0000] {logging_mixin.py:188} INFO - [2025-10-13T09:22:30.483+0000] {dagbag.py:540} INFO - Filling up the DagBag from /opt/airflow/dags/extract_open_meteo_dag.py
[2025-10-13T09:22:30.548+0000] {processor.py:840} INFO - DAG(s) 'extract_open_meteo_v2' retrieved from /opt/airflow/dags/extract_open_meteo_dag.py
[2025-10-13T09:22:30.619+0000] {logging_mixin.py:188} INFO - [2025-10-13T09:22:30.618+0000] {dag.py:3047} INFO - Sync 1 DAGs
[2025-10-13T09:22:30.665+0000] {logging_mixin.py:188} INFO - [2025-10-13T09:22:30.665+0000] {dag.py:3834} INFO - Setting next_dagrun for extract_open_meteo_v2 to 2025-10-12 22:00:00+00:00, run_after=2025-10-13 22:00:00+00:00
[2025-10-13T09:22:30.736+0000] {processor.py:183} INFO - Processing /opt/airflow/dags/extract_open_meteo_dag.py took 0.266 seconds
[2025-10-13T09:23:00.873+0000] {processor.py:161} INFO - Started process (PID=6510) to work on /opt/airflow/dags/extract_open_meteo_dag.py
[2025-10-13T09:23:00.875+0000] {processor.py:830} INFO - Processing file /opt/airflow/dags/extract_open_meteo_dag.py for tasks to queue
[2025-10-13T09:23:00.878+0000] {logging_mixin.py:188} INFO - [2025-10-13T09:23:00.877+0000] {dagbag.py:540} INFO - Filling up the DagBag from /opt/airflow/dags/extract_open_meteo_dag.py
[2025-10-13T09:23:00.919+0000] {processor.py:840} INFO - DAG(s) 'extract_open_meteo_v2' retrieved from /opt/airflow/dags/extract_open_meteo_dag.py
[2025-10-13T09:23:01.045+0000] {logging_mixin.py:188} INFO - [2025-10-13T09:23:01.044+0000] {dag.py:3047} INFO - Sync 1 DAGs
[2025-10-13T09:23:01.136+0000] {logging_mixin.py:188} INFO - [2025-10-13T09:23:01.135+0000] {dag.py:3834} INFO - Setting next_dagrun for extract_open_meteo_v2 to 2025-10-12 22:00:00+00:00, run_after=2025-10-13 22:00:00+00:00
[2025-10-13T09:23:01.251+0000] {processor.py:183} INFO - Processing /opt/airflow/dags/extract_open_meteo_dag.py took 0.386 seconds
[2025-10-13T09:23:32.096+0000] {processor.py:161} INFO - Started process (PID=6525) to work on /opt/airflow/dags/extract_open_meteo_dag.py
[2025-10-13T09:23:32.112+0000] {processor.py:830} INFO - Processing file /opt/airflow/dags/extract_open_meteo_dag.py for tasks to queue
[2025-10-13T09:23:32.130+0000] {logging_mixin.py:188} INFO - [2025-10-13T09:23:32.128+0000] {dagbag.py:540} INFO - Filling up the DagBag from /opt/airflow/dags/extract_open_meteo_dag.py
[2025-10-13T09:23:32.297+0000] {processor.py:840} INFO - DAG(s) 'extract_open_meteo_v2' retrieved from /opt/airflow/dags/extract_open_meteo_dag.py
[2025-10-13T09:23:32.922+0000] {logging_mixin.py:188} INFO - [2025-10-13T09:23:32.920+0000] {dag.py:3047} INFO - Sync 1 DAGs
[2025-10-13T09:23:33.082+0000] {logging_mixin.py:188} INFO - [2025-10-13T09:23:33.082+0000] {dag.py:3834} INFO - Setting next_dagrun for extract_open_meteo_v2 to 2025-10-12 22:00:00+00:00, run_after=2025-10-13 22:00:00+00:00
[2025-10-13T09:23:33.187+0000] {processor.py:183} INFO - Processing /opt/airflow/dags/extract_open_meteo_dag.py took 1.099 seconds
[2025-10-13T09:24:03.823+0000] {processor.py:161} INFO - Started process (PID=6540) to work on /opt/airflow/dags/extract_open_meteo_dag.py
[2025-10-13T09:24:03.825+0000] {processor.py:830} INFO - Processing file /opt/airflow/dags/extract_open_meteo_dag.py for tasks to queue
[2025-10-13T09:24:03.828+0000] {logging_mixin.py:188} INFO - [2025-10-13T09:24:03.827+0000] {dagbag.py:540} INFO - Filling up the DagBag from /opt/airflow/dags/extract_open_meteo_dag.py
[2025-10-13T09:24:03.876+0000] {processor.py:840} INFO - DAG(s) 'extract_open_meteo_v2' retrieved from /opt/airflow/dags/extract_open_meteo_dag.py
[2025-10-13T09:24:03.978+0000] {logging_mixin.py:188} INFO - [2025-10-13T09:24:03.977+0000] {dag.py:3047} INFO - Sync 1 DAGs
[2025-10-13T09:24:04.042+0000] {logging_mixin.py:188} INFO - [2025-10-13T09:24:04.042+0000] {dag.py:3834} INFO - Setting next_dagrun for extract_open_meteo_v2 to 2025-10-12 22:00:00+00:00, run_after=2025-10-13 22:00:00+00:00
[2025-10-13T09:24:04.145+0000] {processor.py:183} INFO - Processing /opt/airflow/dags/extract_open_meteo_dag.py took 0.328 seconds
[2025-10-13T09:24:34.766+0000] {processor.py:161} INFO - Started process (PID=6555) to work on /opt/airflow/dags/extract_open_meteo_dag.py
[2025-10-13T09:24:34.768+0000] {processor.py:830} INFO - Processing file /opt/airflow/dags/extract_open_meteo_dag.py for tasks to queue
[2025-10-13T09:24:34.771+0000] {logging_mixin.py:188} INFO - [2025-10-13T09:24:34.770+0000] {dagbag.py:540} INFO - Filling up the DagBag from /opt/airflow/dags/extract_open_meteo_dag.py
[2025-10-13T09:24:34.813+0000] {processor.py:840} INFO - DAG(s) 'extract_open_meteo_v2' retrieved from /opt/airflow/dags/extract_open_meteo_dag.py
[2025-10-13T09:24:34.902+0000] {logging_mixin.py:188} INFO - [2025-10-13T09:24:34.902+0000] {dag.py:3047} INFO - Sync 1 DAGs
[2025-10-13T09:24:35.022+0000] {logging_mixin.py:188} INFO - [2025-10-13T09:24:35.021+0000] {dag.py:3834} INFO - Setting next_dagrun for extract_open_meteo_v2 to 2025-10-12 22:00:00+00:00, run_after=2025-10-13 22:00:00+00:00
[2025-10-13T09:24:35.150+0000] {processor.py:183} INFO - Processing /opt/airflow/dags/extract_open_meteo_dag.py took 0.390 seconds
[2025-10-13T09:25:05.771+0000] {processor.py:161} INFO - Started process (PID=6570) to work on /opt/airflow/dags/extract_open_meteo_dag.py
[2025-10-13T09:25:05.774+0000] {processor.py:830} INFO - Processing file /opt/airflow/dags/extract_open_meteo_dag.py for tasks to queue
[2025-10-13T09:25:05.776+0000] {logging_mixin.py:188} INFO - [2025-10-13T09:25:05.775+0000] {dagbag.py:540} INFO - Filling up the DagBag from /opt/airflow/dags/extract_open_meteo_dag.py
[2025-10-13T09:25:05.833+0000] {processor.py:840} INFO - DAG(s) 'extract_open_meteo_v2' retrieved from /opt/airflow/dags/extract_open_meteo_dag.py
[2025-10-13T09:25:05.943+0000] {logging_mixin.py:188} INFO - [2025-10-13T09:25:05.942+0000] {dag.py:3047} INFO - Sync 1 DAGs
[2025-10-13T09:25:06.028+0000] {logging_mixin.py:188} INFO - [2025-10-13T09:25:06.027+0000] {dag.py:3834} INFO - Setting next_dagrun for extract_open_meteo_v2 to 2025-10-12 22:00:00+00:00, run_after=2025-10-13 22:00:00+00:00
[2025-10-13T09:25:06.117+0000] {processor.py:183} INFO - Processing /opt/airflow/dags/extract_open_meteo_dag.py took 0.353 seconds
[2025-10-13T09:25:36.716+0000] {processor.py:161} INFO - Started process (PID=6585) to work on /opt/airflow/dags/extract_open_meteo_dag.py
[2025-10-13T09:25:36.719+0000] {processor.py:830} INFO - Processing file /opt/airflow/dags/extract_open_meteo_dag.py for tasks to queue
[2025-10-13T09:25:36.722+0000] {logging_mixin.py:188} INFO - [2025-10-13T09:25:36.721+0000] {dagbag.py:540} INFO - Filling up the DagBag from /opt/airflow/dags/extract_open_meteo_dag.py
[2025-10-13T09:25:36.776+0000] {processor.py:840} INFO - DAG(s) 'extract_open_meteo_v2' retrieved from /opt/airflow/dags/extract_open_meteo_dag.py
[2025-10-13T09:25:36.886+0000] {logging_mixin.py:188} INFO - [2025-10-13T09:25:36.885+0000] {dag.py:3047} INFO - Sync 1 DAGs
[2025-10-13T09:25:36.992+0000] {logging_mixin.py:188} INFO - [2025-10-13T09:25:36.992+0000] {dag.py:3834} INFO - Setting next_dagrun for extract_open_meteo_v2 to 2025-10-12 22:00:00+00:00, run_after=2025-10-13 22:00:00+00:00
[2025-10-13T09:25:37.091+0000] {processor.py:183} INFO - Processing /opt/airflow/dags/extract_open_meteo_dag.py took 0.384 seconds
[2025-10-13T09:26:07.571+0000] {processor.py:161} INFO - Started process (PID=6600) to work on /opt/airflow/dags/extract_open_meteo_dag.py
[2025-10-13T09:26:07.573+0000] {processor.py:830} INFO - Processing file /opt/airflow/dags/extract_open_meteo_dag.py for tasks to queue
[2025-10-13T09:26:07.575+0000] {logging_mixin.py:188} INFO - [2025-10-13T09:26:07.574+0000] {dagbag.py:540} INFO - Filling up the DagBag from /opt/airflow/dags/extract_open_meteo_dag.py
[2025-10-13T09:26:07.604+0000] {processor.py:840} INFO - DAG(s) 'extract_open_meteo_v2' retrieved from /opt/airflow/dags/extract_open_meteo_dag.py
[2025-10-13T09:26:07.683+0000] {logging_mixin.py:188} INFO - [2025-10-13T09:26:07.682+0000] {dag.py:3047} INFO - Sync 1 DAGs
[2025-10-13T09:26:07.759+0000] {logging_mixin.py:188} INFO - [2025-10-13T09:26:07.758+0000] {dag.py:3834} INFO - Setting next_dagrun for extract_open_meteo_v2 to 2025-10-12 22:00:00+00:00, run_after=2025-10-13 22:00:00+00:00
[2025-10-13T09:26:07.852+0000] {processor.py:183} INFO - Processing /opt/airflow/dags/extract_open_meteo_dag.py took 0.285 seconds
[2025-10-13T09:53:40.674+0000] {processor.py:161} INFO - Started process (PID=6617) to work on /opt/airflow/dags/extract_open_meteo_dag.py
[2025-10-13T09:53:40.678+0000] {processor.py:830} INFO - Processing file /opt/airflow/dags/extract_open_meteo_dag.py for tasks to queue
[2025-10-13T09:53:40.684+0000] {logging_mixin.py:188} INFO - [2025-10-13T09:53:40.682+0000] {dagbag.py:540} INFO - Filling up the DagBag from /opt/airflow/dags/extract_open_meteo_dag.py
[2025-10-13T09:53:40.843+0000] {processor.py:840} INFO - DAG(s) 'extract_open_meteo_v2' retrieved from /opt/airflow/dags/extract_open_meteo_dag.py
[2025-10-13T09:53:41.141+0000] {logging_mixin.py:188} INFO - [2025-10-13T09:53:41.141+0000] {dag.py:3047} INFO - Sync 1 DAGs
[2025-10-13T09:53:41.331+0000] {logging_mixin.py:188} INFO - [2025-10-13T09:53:41.331+0000] {dag.py:3834} INFO - Setting next_dagrun for extract_open_meteo_v2 to 2025-10-12 22:00:00+00:00, run_after=2025-10-13 22:00:00+00:00
[2025-10-13T09:53:41.480+0000] {processor.py:183} INFO - Processing /opt/airflow/dags/extract_open_meteo_dag.py took 0.849 seconds
[2025-10-13T09:54:12.416+0000] {processor.py:161} INFO - Started process (PID=6632) to work on /opt/airflow/dags/extract_open_meteo_dag.py
[2025-10-13T09:54:12.418+0000] {processor.py:830} INFO - Processing file /opt/airflow/dags/extract_open_meteo_dag.py for tasks to queue
[2025-10-13T09:54:12.420+0000] {logging_mixin.py:188} INFO - [2025-10-13T09:54:12.419+0000] {dagbag.py:540} INFO - Filling up the DagBag from /opt/airflow/dags/extract_open_meteo_dag.py
[2025-10-13T09:54:12.454+0000] {processor.py:840} INFO - DAG(s) 'extract_open_meteo_v2' retrieved from /opt/airflow/dags/extract_open_meteo_dag.py
[2025-10-13T09:54:12.554+0000] {logging_mixin.py:188} INFO - [2025-10-13T09:54:12.554+0000] {dag.py:3047} INFO - Sync 1 DAGs
[2025-10-13T09:54:12.638+0000] {logging_mixin.py:188} INFO - [2025-10-13T09:54:12.637+0000] {dag.py:3834} INFO - Setting next_dagrun for extract_open_meteo_v2 to 2025-10-12 22:00:00+00:00, run_after=2025-10-13 22:00:00+00:00
[2025-10-13T09:54:12.724+0000] {processor.py:183} INFO - Processing /opt/airflow/dags/extract_open_meteo_dag.py took 0.311 seconds
[2025-10-13T09:54:43.547+0000] {processor.py:161} INFO - Started process (PID=6647) to work on /opt/airflow/dags/extract_open_meteo_dag.py
[2025-10-13T09:54:43.583+0000] {processor.py:830} INFO - Processing file /opt/airflow/dags/extract_open_meteo_dag.py for tasks to queue
[2025-10-13T09:54:43.586+0000] {logging_mixin.py:188} INFO - [2025-10-13T09:54:43.585+0000] {dagbag.py:540} INFO - Filling up the DagBag from /opt/airflow/dags/extract_open_meteo_dag.py
[2025-10-13T09:54:43.627+0000] {processor.py:840} INFO - DAG(s) 'extract_open_meteo_v2' retrieved from /opt/airflow/dags/extract_open_meteo_dag.py
[2025-10-13T09:54:43.737+0000] {logging_mixin.py:188} INFO - [2025-10-13T09:54:43.736+0000] {dag.py:3047} INFO - Sync 1 DAGs
[2025-10-13T09:54:43.943+0000] {logging_mixin.py:188} INFO - [2025-10-13T09:54:43.942+0000] {dag.py:3834} INFO - Setting next_dagrun for extract_open_meteo_v2 to 2025-10-12 22:00:00+00:00, run_after=2025-10-13 22:00:00+00:00
[2025-10-13T09:54:44.099+0000] {processor.py:183} INFO - Processing /opt/airflow/dags/extract_open_meteo_dag.py took 0.555 seconds
[2025-10-13T09:55:14.663+0000] {processor.py:161} INFO - Started process (PID=6662) to work on /opt/airflow/dags/extract_open_meteo_dag.py
[2025-10-13T09:55:14.666+0000] {processor.py:830} INFO - Processing file /opt/airflow/dags/extract_open_meteo_dag.py for tasks to queue
[2025-10-13T09:55:14.668+0000] {logging_mixin.py:188} INFO - [2025-10-13T09:55:14.667+0000] {dagbag.py:540} INFO - Filling up the DagBag from /opt/airflow/dags/extract_open_meteo_dag.py
[2025-10-13T09:55:14.717+0000] {processor.py:840} INFO - DAG(s) 'extract_open_meteo_v2' retrieved from /opt/airflow/dags/extract_open_meteo_dag.py
[2025-10-13T09:55:14.827+0000] {logging_mixin.py:188} INFO - [2025-10-13T09:55:14.826+0000] {dag.py:3047} INFO - Sync 1 DAGs
[2025-10-13T09:55:14.898+0000] {logging_mixin.py:188} INFO - [2025-10-13T09:55:14.898+0000] {dag.py:3834} INFO - Setting next_dagrun for extract_open_meteo_v2 to 2025-10-12 22:00:00+00:00, run_after=2025-10-13 22:00:00+00:00
[2025-10-13T09:55:15.039+0000] {processor.py:183} INFO - Processing /opt/airflow/dags/extract_open_meteo_dag.py took 0.381 seconds
[2025-10-13T09:55:45.774+0000] {processor.py:161} INFO - Started process (PID=6677) to work on /opt/airflow/dags/extract_open_meteo_dag.py
[2025-10-13T09:55:45.777+0000] {processor.py:830} INFO - Processing file /opt/airflow/dags/extract_open_meteo_dag.py for tasks to queue
[2025-10-13T09:55:45.780+0000] {logging_mixin.py:188} INFO - [2025-10-13T09:55:45.779+0000] {dagbag.py:540} INFO - Filling up the DagBag from /opt/airflow/dags/extract_open_meteo_dag.py
[2025-10-13T09:55:45.829+0000] {processor.py:840} INFO - DAG(s) 'extract_open_meteo_v2' retrieved from /opt/airflow/dags/extract_open_meteo_dag.py
[2025-10-13T09:55:45.996+0000] {logging_mixin.py:188} INFO - [2025-10-13T09:55:45.995+0000] {dag.py:3047} INFO - Sync 1 DAGs
[2025-10-13T09:55:46.096+0000] {logging_mixin.py:188} INFO - [2025-10-13T09:55:46.095+0000] {dag.py:3834} INFO - Setting next_dagrun for extract_open_meteo_v2 to 2025-10-12 22:00:00+00:00, run_after=2025-10-13 22:00:00+00:00
[2025-10-13T09:55:46.280+0000] {processor.py:183} INFO - Processing /opt/airflow/dags/extract_open_meteo_dag.py took 0.513 seconds
[2025-10-13T09:56:16.465+0000] {processor.py:161} INFO - Started process (PID=6692) to work on /opt/airflow/dags/extract_open_meteo_dag.py
[2025-10-13T09:56:16.469+0000] {processor.py:830} INFO - Processing file /opt/airflow/dags/extract_open_meteo_dag.py for tasks to queue
[2025-10-13T09:56:16.471+0000] {logging_mixin.py:188} INFO - [2025-10-13T09:56:16.470+0000] {dagbag.py:540} INFO - Filling up the DagBag from /opt/airflow/dags/extract_open_meteo_dag.py
[2025-10-13T09:56:16.510+0000] {processor.py:840} INFO - DAG(s) 'extract_open_meteo_v2' retrieved from /opt/airflow/dags/extract_open_meteo_dag.py
[2025-10-13T09:56:16.613+0000] {logging_mixin.py:188} INFO - [2025-10-13T09:56:16.612+0000] {dag.py:3047} INFO - Sync 1 DAGs
[2025-10-13T09:56:16.676+0000] {logging_mixin.py:188} INFO - [2025-10-13T09:56:16.676+0000] {dag.py:3834} INFO - Setting next_dagrun for extract_open_meteo_v2 to 2025-10-12 22:00:00+00:00, run_after=2025-10-13 22:00:00+00:00
[2025-10-13T09:56:16.865+0000] {processor.py:183} INFO - Processing /opt/airflow/dags/extract_open_meteo_dag.py took 0.408 seconds
[2025-10-13T09:56:47.369+0000] {processor.py:161} INFO - Started process (PID=6707) to work on /opt/airflow/dags/extract_open_meteo_dag.py
[2025-10-13T09:56:47.373+0000] {processor.py:830} INFO - Processing file /opt/airflow/dags/extract_open_meteo_dag.py for tasks to queue
[2025-10-13T09:56:47.384+0000] {logging_mixin.py:188} INFO - [2025-10-13T09:56:47.383+0000] {dagbag.py:540} INFO - Filling up the DagBag from /opt/airflow/dags/extract_open_meteo_dag.py
[2025-10-13T09:56:47.453+0000] {processor.py:840} INFO - DAG(s) 'extract_open_meteo_v2' retrieved from /opt/airflow/dags/extract_open_meteo_dag.py
[2025-10-13T09:56:47.618+0000] {logging_mixin.py:188} INFO - [2025-10-13T09:56:47.618+0000] {dag.py:3047} INFO - Sync 1 DAGs
[2025-10-13T09:56:47.714+0000] {logging_mixin.py:188} INFO - [2025-10-13T09:56:47.713+0000] {dag.py:3834} INFO - Setting next_dagrun for extract_open_meteo_v2 to 2025-10-12 22:00:00+00:00, run_after=2025-10-13 22:00:00+00:00
[2025-10-13T09:56:47.809+0000] {processor.py:183} INFO - Processing /opt/airflow/dags/extract_open_meteo_dag.py took 0.463 seconds
[2025-10-13T09:57:18.377+0000] {processor.py:161} INFO - Started process (PID=6722) to work on /opt/airflow/dags/extract_open_meteo_dag.py
[2025-10-13T09:57:18.379+0000] {processor.py:830} INFO - Processing file /opt/airflow/dags/extract_open_meteo_dag.py for tasks to queue
[2025-10-13T09:57:18.381+0000] {logging_mixin.py:188} INFO - [2025-10-13T09:57:18.381+0000] {dagbag.py:540} INFO - Filling up the DagBag from /opt/airflow/dags/extract_open_meteo_dag.py
[2025-10-13T09:57:18.427+0000] {processor.py:840} INFO - DAG(s) 'extract_open_meteo_v2' retrieved from /opt/airflow/dags/extract_open_meteo_dag.py
[2025-10-13T09:57:18.515+0000] {logging_mixin.py:188} INFO - [2025-10-13T09:57:18.515+0000] {dag.py:3047} INFO - Sync 1 DAGs
[2025-10-13T09:57:18.576+0000] {logging_mixin.py:188} INFO - [2025-10-13T09:57:18.576+0000] {dag.py:3834} INFO - Setting next_dagrun for extract_open_meteo_v2 to 2025-10-12 22:00:00+00:00, run_after=2025-10-13 22:00:00+00:00
[2025-10-13T09:57:18.676+0000] {processor.py:183} INFO - Processing /opt/airflow/dags/extract_open_meteo_dag.py took 0.305 seconds
[2025-10-13T09:57:49.168+0000] {processor.py:161} INFO - Started process (PID=6738) to work on /opt/airflow/dags/extract_open_meteo_dag.py
[2025-10-13T09:57:49.170+0000] {processor.py:830} INFO - Processing file /opt/airflow/dags/extract_open_meteo_dag.py for tasks to queue
[2025-10-13T09:57:49.172+0000] {logging_mixin.py:188} INFO - [2025-10-13T09:57:49.172+0000] {dagbag.py:540} INFO - Filling up the DagBag from /opt/airflow/dags/extract_open_meteo_dag.py
[2025-10-13T09:57:49.214+0000] {processor.py:840} INFO - DAG(s) 'extract_open_meteo_v2' retrieved from /opt/airflow/dags/extract_open_meteo_dag.py
[2025-10-13T09:57:49.335+0000] {logging_mixin.py:188} INFO - [2025-10-13T09:57:49.334+0000] {dag.py:3047} INFO - Sync 1 DAGs
[2025-10-13T09:57:49.404+0000] {logging_mixin.py:188} INFO - [2025-10-13T09:57:49.404+0000] {dag.py:3834} INFO - Setting next_dagrun for extract_open_meteo_v2 to 2025-10-12 22:00:00+00:00, run_after=2025-10-13 22:00:00+00:00
[2025-10-13T09:57:49.466+0000] {processor.py:183} INFO - Processing /opt/airflow/dags/extract_open_meteo_dag.py took 0.301 seconds
[2025-10-13T09:58:19.614+0000] {processor.py:161} INFO - Started process (PID=6752) to work on /opt/airflow/dags/extract_open_meteo_dag.py
[2025-10-13T09:58:19.619+0000] {processor.py:830} INFO - Processing file /opt/airflow/dags/extract_open_meteo_dag.py for tasks to queue
[2025-10-13T09:58:19.626+0000] {logging_mixin.py:188} INFO - [2025-10-13T09:58:19.624+0000] {dagbag.py:540} INFO - Filling up the DagBag from /opt/airflow/dags/extract_open_meteo_dag.py
[2025-10-13T09:58:19.729+0000] {processor.py:840} INFO - DAG(s) 'extract_open_meteo_v2' retrieved from /opt/airflow/dags/extract_open_meteo_dag.py
[2025-10-13T09:58:19.904+0000] {logging_mixin.py:188} INFO - [2025-10-13T09:58:19.904+0000] {dag.py:3047} INFO - Sync 1 DAGs
[2025-10-13T09:58:20.034+0000] {logging_mixin.py:188} INFO - [2025-10-13T09:58:20.034+0000] {dag.py:3834} INFO - Setting next_dagrun for extract_open_meteo_v2 to 2025-10-12 22:00:00+00:00, run_after=2025-10-13 22:00:00+00:00
[2025-10-13T09:58:20.140+0000] {processor.py:183} INFO - Processing /opt/airflow/dags/extract_open_meteo_dag.py took 0.544 seconds
[2025-10-13T09:58:50.783+0000] {processor.py:161} INFO - Started process (PID=6767) to work on /opt/airflow/dags/extract_open_meteo_dag.py
[2025-10-13T09:58:50.787+0000] {processor.py:830} INFO - Processing file /opt/airflow/dags/extract_open_meteo_dag.py for tasks to queue
[2025-10-13T09:58:50.790+0000] {logging_mixin.py:188} INFO - [2025-10-13T09:58:50.789+0000] {dagbag.py:540} INFO - Filling up the DagBag from /opt/airflow/dags/extract_open_meteo_dag.py
[2025-10-13T09:58:50.848+0000] {processor.py:840} INFO - DAG(s) 'extract_open_meteo_v2' retrieved from /opt/airflow/dags/extract_open_meteo_dag.py
[2025-10-13T09:58:51.229+0000] {logging_mixin.py:188} INFO - [2025-10-13T09:58:51.228+0000] {dag.py:3047} INFO - Sync 1 DAGs
[2025-10-13T09:58:51.299+0000] {logging_mixin.py:188} INFO - [2025-10-13T09:58:51.298+0000] {dag.py:3834} INFO - Setting next_dagrun for extract_open_meteo_v2 to 2025-10-12 22:00:00+00:00, run_after=2025-10-13 22:00:00+00:00
[2025-10-13T09:58:51.420+0000] {processor.py:183} INFO - Processing /opt/airflow/dags/extract_open_meteo_dag.py took 0.644 seconds
[2025-10-13T09:59:21.818+0000] {processor.py:161} INFO - Started process (PID=6782) to work on /opt/airflow/dags/extract_open_meteo_dag.py
[2025-10-13T09:59:21.825+0000] {processor.py:830} INFO - Processing file /opt/airflow/dags/extract_open_meteo_dag.py for tasks to queue
[2025-10-13T09:59:21.827+0000] {logging_mixin.py:188} INFO - [2025-10-13T09:59:21.826+0000] {dagbag.py:540} INFO - Filling up the DagBag from /opt/airflow/dags/extract_open_meteo_dag.py
[2025-10-13T09:59:21.873+0000] {processor.py:840} INFO - DAG(s) 'extract_open_meteo_v2' retrieved from /opt/airflow/dags/extract_open_meteo_dag.py
[2025-10-13T09:59:22.004+0000] {logging_mixin.py:188} INFO - [2025-10-13T09:59:22.003+0000] {dag.py:3047} INFO - Sync 1 DAGs
[2025-10-13T09:59:22.090+0000] {logging_mixin.py:188} INFO - [2025-10-13T09:59:22.089+0000] {dag.py:3834} INFO - Setting next_dagrun for extract_open_meteo_v2 to 2025-10-12 22:00:00+00:00, run_after=2025-10-13 22:00:00+00:00
[2025-10-13T09:59:22.168+0000] {processor.py:183} INFO - Processing /opt/airflow/dags/extract_open_meteo_dag.py took 0.365 seconds
[2025-10-13T09:59:52.711+0000] {processor.py:161} INFO - Started process (PID=6797) to work on /opt/airflow/dags/extract_open_meteo_dag.py
[2025-10-13T09:59:52.714+0000] {processor.py:830} INFO - Processing file /opt/airflow/dags/extract_open_meteo_dag.py for tasks to queue
[2025-10-13T09:59:52.718+0000] {logging_mixin.py:188} INFO - [2025-10-13T09:59:52.717+0000] {dagbag.py:540} INFO - Filling up the DagBag from /opt/airflow/dags/extract_open_meteo_dag.py
[2025-10-13T09:59:52.768+0000] {processor.py:840} INFO - DAG(s) 'extract_open_meteo_v2' retrieved from /opt/airflow/dags/extract_open_meteo_dag.py
[2025-10-13T09:59:52.858+0000] {logging_mixin.py:188} INFO - [2025-10-13T09:59:52.858+0000] {dag.py:3047} INFO - Sync 1 DAGs
[2025-10-13T09:59:52.935+0000] {logging_mixin.py:188} INFO - [2025-10-13T09:59:52.935+0000] {dag.py:3834} INFO - Setting next_dagrun for extract_open_meteo_v2 to 2025-10-12 22:00:00+00:00, run_after=2025-10-13 22:00:00+00:00
[2025-10-13T09:59:53.027+0000] {processor.py:183} INFO - Processing /opt/airflow/dags/extract_open_meteo_dag.py took 0.324 seconds
[2025-10-13T10:00:23.622+0000] {processor.py:161} INFO - Started process (PID=6812) to work on /opt/airflow/dags/extract_open_meteo_dag.py
[2025-10-13T10:00:23.624+0000] {processor.py:830} INFO - Processing file /opt/airflow/dags/extract_open_meteo_dag.py for tasks to queue
[2025-10-13T10:00:23.627+0000] {logging_mixin.py:188} INFO - [2025-10-13T10:00:23.626+0000] {dagbag.py:540} INFO - Filling up the DagBag from /opt/airflow/dags/extract_open_meteo_dag.py
[2025-10-13T10:00:23.674+0000] {processor.py:840} INFO - DAG(s) 'extract_open_meteo_v2' retrieved from /opt/airflow/dags/extract_open_meteo_dag.py
[2025-10-13T10:00:23.787+0000] {logging_mixin.py:188} INFO - [2025-10-13T10:00:23.786+0000] {dag.py:3047} INFO - Sync 1 DAGs
[2025-10-13T10:00:23.875+0000] {logging_mixin.py:188} INFO - [2025-10-13T10:00:23.874+0000] {dag.py:3834} INFO - Setting next_dagrun for extract_open_meteo_v2 to 2025-10-12 22:00:00+00:00, run_after=2025-10-13 22:00:00+00:00
[2025-10-13T10:00:23.955+0000] {processor.py:183} INFO - Processing /opt/airflow/dags/extract_open_meteo_dag.py took 0.339 seconds
[2025-10-13T10:00:54.548+0000] {processor.py:161} INFO - Started process (PID=6827) to work on /opt/airflow/dags/extract_open_meteo_dag.py
[2025-10-13T10:00:54.552+0000] {processor.py:830} INFO - Processing file /opt/airflow/dags/extract_open_meteo_dag.py for tasks to queue
[2025-10-13T10:00:54.556+0000] {logging_mixin.py:188} INFO - [2025-10-13T10:00:54.555+0000] {dagbag.py:540} INFO - Filling up the DagBag from /opt/airflow/dags/extract_open_meteo_dag.py
[2025-10-13T10:00:54.611+0000] {processor.py:840} INFO - DAG(s) 'extract_open_meteo_v2' retrieved from /opt/airflow/dags/extract_open_meteo_dag.py
[2025-10-13T10:00:54.719+0000] {logging_mixin.py:188} INFO - [2025-10-13T10:00:54.719+0000] {dag.py:3047} INFO - Sync 1 DAGs
[2025-10-13T10:00:54.779+0000] {logging_mixin.py:188} INFO - [2025-10-13T10:00:54.778+0000] {dag.py:3834} INFO - Setting next_dagrun for extract_open_meteo_v2 to 2025-10-12 22:00:00+00:00, run_after=2025-10-13 22:00:00+00:00
[2025-10-13T10:00:54.848+0000] {processor.py:183} INFO - Processing /opt/airflow/dags/extract_open_meteo_dag.py took 0.308 seconds
[2025-10-13T10:01:25.442+0000] {processor.py:161} INFO - Started process (PID=6842) to work on /opt/airflow/dags/extract_open_meteo_dag.py
[2025-10-13T10:01:25.447+0000] {processor.py:830} INFO - Processing file /opt/airflow/dags/extract_open_meteo_dag.py for tasks to queue
[2025-10-13T10:01:25.450+0000] {logging_mixin.py:188} INFO - [2025-10-13T10:01:25.449+0000] {dagbag.py:540} INFO - Filling up the DagBag from /opt/airflow/dags/extract_open_meteo_dag.py
[2025-10-13T10:01:25.535+0000] {processor.py:840} INFO - DAG(s) 'extract_open_meteo_v2' retrieved from /opt/airflow/dags/extract_open_meteo_dag.py
[2025-10-13T10:01:25.635+0000] {logging_mixin.py:188} INFO - [2025-10-13T10:01:25.634+0000] {dag.py:3047} INFO - Sync 1 DAGs
[2025-10-13T10:01:25.704+0000] {logging_mixin.py:188} INFO - [2025-10-13T10:01:25.704+0000] {dag.py:3834} INFO - Setting next_dagrun for extract_open_meteo_v2 to 2025-10-12 22:00:00+00:00, run_after=2025-10-13 22:00:00+00:00
[2025-10-13T10:01:25.794+0000] {processor.py:183} INFO - Processing /opt/airflow/dags/extract_open_meteo_dag.py took 0.363 seconds
[2025-10-13T10:01:56.171+0000] {processor.py:161} INFO - Started process (PID=6857) to work on /opt/airflow/dags/extract_open_meteo_dag.py
[2025-10-13T10:01:56.173+0000] {processor.py:830} INFO - Processing file /opt/airflow/dags/extract_open_meteo_dag.py for tasks to queue
[2025-10-13T10:01:56.176+0000] {logging_mixin.py:188} INFO - [2025-10-13T10:01:56.176+0000] {dagbag.py:540} INFO - Filling up the DagBag from /opt/airflow/dags/extract_open_meteo_dag.py
[2025-10-13T10:01:56.227+0000] {processor.py:840} INFO - DAG(s) 'extract_open_meteo_v2' retrieved from /opt/airflow/dags/extract_open_meteo_dag.py
[2025-10-13T10:01:56.328+0000] {logging_mixin.py:188} INFO - [2025-10-13T10:01:56.328+0000] {dag.py:3047} INFO - Sync 1 DAGs
[2025-10-13T10:01:56.408+0000] {logging_mixin.py:188} INFO - [2025-10-13T10:01:56.408+0000] {dag.py:3834} INFO - Setting next_dagrun for extract_open_meteo_v2 to 2025-10-12 22:00:00+00:00, run_after=2025-10-13 22:00:00+00:00
[2025-10-13T10:01:56.511+0000] {processor.py:183} INFO - Processing /opt/airflow/dags/extract_open_meteo_dag.py took 0.346 seconds
[2025-10-13T10:02:27.215+0000] {processor.py:161} INFO - Started process (PID=6872) to work on /opt/airflow/dags/extract_open_meteo_dag.py
[2025-10-13T10:02:27.218+0000] {processor.py:830} INFO - Processing file /opt/airflow/dags/extract_open_meteo_dag.py for tasks to queue
[2025-10-13T10:02:27.224+0000] {logging_mixin.py:188} INFO - [2025-10-13T10:02:27.223+0000] {dagbag.py:540} INFO - Filling up the DagBag from /opt/airflow/dags/extract_open_meteo_dag.py
[2025-10-13T10:02:27.385+0000] {processor.py:840} INFO - DAG(s) 'extract_open_meteo_v2' retrieved from /opt/airflow/dags/extract_open_meteo_dag.py
[2025-10-13T10:02:27.485+0000] {logging_mixin.py:188} INFO - [2025-10-13T10:02:27.484+0000] {dag.py:3047} INFO - Sync 1 DAGs
[2025-10-13T10:02:27.563+0000] {logging_mixin.py:188} INFO - [2025-10-13T10:02:27.562+0000] {dag.py:3834} INFO - Setting next_dagrun for extract_open_meteo_v2 to 2025-10-12 22:00:00+00:00, run_after=2025-10-13 22:00:00+00:00
[2025-10-13T10:02:27.636+0000] {processor.py:183} INFO - Processing /opt/airflow/dags/extract_open_meteo_dag.py took 0.437 seconds
[2025-10-13T10:02:58.180+0000] {processor.py:161} INFO - Started process (PID=6887) to work on /opt/airflow/dags/extract_open_meteo_dag.py
[2025-10-13T10:02:58.183+0000] {processor.py:830} INFO - Processing file /opt/airflow/dags/extract_open_meteo_dag.py for tasks to queue
[2025-10-13T10:02:58.185+0000] {logging_mixin.py:188} INFO - [2025-10-13T10:02:58.185+0000] {dagbag.py:540} INFO - Filling up the DagBag from /opt/airflow/dags/extract_open_meteo_dag.py
[2025-10-13T10:02:58.233+0000] {processor.py:840} INFO - DAG(s) 'extract_open_meteo_v2' retrieved from /opt/airflow/dags/extract_open_meteo_dag.py
[2025-10-13T10:02:58.327+0000] {logging_mixin.py:188} INFO - [2025-10-13T10:02:58.327+0000] {dag.py:3047} INFO - Sync 1 DAGs
[2025-10-13T10:02:58.404+0000] {logging_mixin.py:188} INFO - [2025-10-13T10:02:58.404+0000] {dag.py:3834} INFO - Setting next_dagrun for extract_open_meteo_v2 to 2025-10-12 22:00:00+00:00, run_after=2025-10-13 22:00:00+00:00
[2025-10-13T10:02:58.545+0000] {processor.py:183} INFO - Processing /opt/airflow/dags/extract_open_meteo_dag.py took 0.371 seconds
[2025-10-13T10:03:29.159+0000] {processor.py:161} INFO - Started process (PID=6902) to work on /opt/airflow/dags/extract_open_meteo_dag.py
[2025-10-13T10:03:29.161+0000] {processor.py:830} INFO - Processing file /opt/airflow/dags/extract_open_meteo_dag.py for tasks to queue
[2025-10-13T10:03:29.163+0000] {logging_mixin.py:188} INFO - [2025-10-13T10:03:29.162+0000] {dagbag.py:540} INFO - Filling up the DagBag from /opt/airflow/dags/extract_open_meteo_dag.py
[2025-10-13T10:03:29.200+0000] {processor.py:840} INFO - DAG(s) 'extract_open_meteo_v2' retrieved from /opt/airflow/dags/extract_open_meteo_dag.py
[2025-10-13T10:03:29.284+0000] {logging_mixin.py:188} INFO - [2025-10-13T10:03:29.283+0000] {dag.py:3047} INFO - Sync 1 DAGs
[2025-10-13T10:03:29.367+0000] {logging_mixin.py:188} INFO - [2025-10-13T10:03:29.367+0000] {dag.py:3834} INFO - Setting next_dagrun for extract_open_meteo_v2 to 2025-10-12 22:00:00+00:00, run_after=2025-10-13 22:00:00+00:00
[2025-10-13T10:03:29.524+0000] {processor.py:183} INFO - Processing /opt/airflow/dags/extract_open_meteo_dag.py took 0.371 seconds
[2025-10-13T10:04:00.367+0000] {processor.py:161} INFO - Started process (PID=6917) to work on /opt/airflow/dags/extract_open_meteo_dag.py
[2025-10-13T10:04:00.369+0000] {processor.py:830} INFO - Processing file /opt/airflow/dags/extract_open_meteo_dag.py for tasks to queue
[2025-10-13T10:04:00.372+0000] {logging_mixin.py:188} INFO - [2025-10-13T10:04:00.371+0000] {dagbag.py:540} INFO - Filling up the DagBag from /opt/airflow/dags/extract_open_meteo_dag.py
[2025-10-13T10:04:00.416+0000] {processor.py:840} INFO - DAG(s) 'extract_open_meteo_v2' retrieved from /opt/airflow/dags/extract_open_meteo_dag.py
[2025-10-13T10:04:00.514+0000] {logging_mixin.py:188} INFO - [2025-10-13T10:04:00.513+0000] {dag.py:3047} INFO - Sync 1 DAGs
[2025-10-13T10:04:00.587+0000] {logging_mixin.py:188} INFO - [2025-10-13T10:04:00.586+0000] {dag.py:3834} INFO - Setting next_dagrun for extract_open_meteo_v2 to 2025-10-12 22:00:00+00:00, run_after=2025-10-13 22:00:00+00:00
[2025-10-13T10:04:00.665+0000] {processor.py:183} INFO - Processing /opt/airflow/dags/extract_open_meteo_dag.py took 0.305 seconds
[2025-10-13T10:04:31.362+0000] {processor.py:161} INFO - Started process (PID=6932) to work on /opt/airflow/dags/extract_open_meteo_dag.py
[2025-10-13T10:04:31.365+0000] {processor.py:830} INFO - Processing file /opt/airflow/dags/extract_open_meteo_dag.py for tasks to queue
[2025-10-13T10:04:31.368+0000] {logging_mixin.py:188} INFO - [2025-10-13T10:04:31.367+0000] {dagbag.py:540} INFO - Filling up the DagBag from /opt/airflow/dags/extract_open_meteo_dag.py
[2025-10-13T10:04:31.404+0000] {processor.py:840} INFO - DAG(s) 'extract_open_meteo_v2' retrieved from /opt/airflow/dags/extract_open_meteo_dag.py
[2025-10-13T10:04:31.479+0000] {logging_mixin.py:188} INFO - [2025-10-13T10:04:31.479+0000] {dag.py:3047} INFO - Sync 1 DAGs
[2025-10-13T10:04:31.528+0000] {logging_mixin.py:188} INFO - [2025-10-13T10:04:31.528+0000] {dag.py:3834} INFO - Setting next_dagrun for extract_open_meteo_v2 to 2025-10-12 22:00:00+00:00, run_after=2025-10-13 22:00:00+00:00
[2025-10-13T10:04:31.585+0000] {processor.py:183} INFO - Processing /opt/airflow/dags/extract_open_meteo_dag.py took 0.233 seconds
[2025-10-13T10:05:02.257+0000] {processor.py:161} INFO - Started process (PID=6947) to work on /opt/airflow/dags/extract_open_meteo_dag.py
[2025-10-13T10:05:02.261+0000] {processor.py:830} INFO - Processing file /opt/airflow/dags/extract_open_meteo_dag.py for tasks to queue
[2025-10-13T10:05:02.264+0000] {logging_mixin.py:188} INFO - [2025-10-13T10:05:02.263+0000] {dagbag.py:540} INFO - Filling up the DagBag from /opt/airflow/dags/extract_open_meteo_dag.py
[2025-10-13T10:05:02.320+0000] {processor.py:840} INFO - DAG(s) 'extract_open_meteo_v2' retrieved from /opt/airflow/dags/extract_open_meteo_dag.py
[2025-10-13T10:05:02.426+0000] {logging_mixin.py:188} INFO - [2025-10-13T10:05:02.425+0000] {dag.py:3047} INFO - Sync 1 DAGs
[2025-10-13T10:05:02.513+0000] {logging_mixin.py:188} INFO - [2025-10-13T10:05:02.512+0000] {dag.py:3834} INFO - Setting next_dagrun for extract_open_meteo_v2 to 2025-10-12 22:00:00+00:00, run_after=2025-10-13 22:00:00+00:00
[2025-10-13T10:05:02.627+0000] {processor.py:183} INFO - Processing /opt/airflow/dags/extract_open_meteo_dag.py took 0.383 seconds
[2025-10-13T10:05:33.267+0000] {processor.py:161} INFO - Started process (PID=6962) to work on /opt/airflow/dags/extract_open_meteo_dag.py
[2025-10-13T10:05:33.270+0000] {processor.py:830} INFO - Processing file /opt/airflow/dags/extract_open_meteo_dag.py for tasks to queue
[2025-10-13T10:05:33.274+0000] {logging_mixin.py:188} INFO - [2025-10-13T10:05:33.273+0000] {dagbag.py:540} INFO - Filling up the DagBag from /opt/airflow/dags/extract_open_meteo_dag.py
[2025-10-13T10:05:33.326+0000] {processor.py:840} INFO - DAG(s) 'extract_open_meteo_v2' retrieved from /opt/airflow/dags/extract_open_meteo_dag.py
[2025-10-13T10:05:33.425+0000] {logging_mixin.py:188} INFO - [2025-10-13T10:05:33.425+0000] {dag.py:3047} INFO - Sync 1 DAGs
[2025-10-13T10:05:33.496+0000] {logging_mixin.py:188} INFO - [2025-10-13T10:05:33.495+0000] {dag.py:3834} INFO - Setting next_dagrun for extract_open_meteo_v2 to 2025-10-12 22:00:00+00:00, run_after=2025-10-13 22:00:00+00:00
[2025-10-13T10:05:33.582+0000] {processor.py:183} INFO - Processing /opt/airflow/dags/extract_open_meteo_dag.py took 0.330 seconds
[2025-10-13T10:06:04.243+0000] {processor.py:161} INFO - Started process (PID=6977) to work on /opt/airflow/dags/extract_open_meteo_dag.py
[2025-10-13T10:06:04.245+0000] {processor.py:830} INFO - Processing file /opt/airflow/dags/extract_open_meteo_dag.py for tasks to queue
[2025-10-13T10:06:04.248+0000] {logging_mixin.py:188} INFO - [2025-10-13T10:06:04.247+0000] {dagbag.py:540} INFO - Filling up the DagBag from /opt/airflow/dags/extract_open_meteo_dag.py
[2025-10-13T10:06:04.292+0000] {processor.py:840} INFO - DAG(s) 'extract_open_meteo_v2' retrieved from /opt/airflow/dags/extract_open_meteo_dag.py
[2025-10-13T10:06:04.370+0000] {logging_mixin.py:188} INFO - [2025-10-13T10:06:04.370+0000] {dag.py:3047} INFO - Sync 1 DAGs
[2025-10-13T10:06:04.415+0000] {logging_mixin.py:188} INFO - [2025-10-13T10:06:04.414+0000] {dag.py:3834} INFO - Setting next_dagrun for extract_open_meteo_v2 to 2025-10-12 22:00:00+00:00, run_after=2025-10-13 22:00:00+00:00
[2025-10-13T10:06:04.473+0000] {processor.py:183} INFO - Processing /opt/airflow/dags/extract_open_meteo_dag.py took 0.237 seconds
[2025-10-13T10:06:35.011+0000] {processor.py:161} INFO - Started process (PID=6992) to work on /opt/airflow/dags/extract_open_meteo_dag.py
[2025-10-13T10:06:35.013+0000] {processor.py:830} INFO - Processing file /opt/airflow/dags/extract_open_meteo_dag.py for tasks to queue
[2025-10-13T10:06:35.015+0000] {logging_mixin.py:188} INFO - [2025-10-13T10:06:35.015+0000] {dagbag.py:540} INFO - Filling up the DagBag from /opt/airflow/dags/extract_open_meteo_dag.py
[2025-10-13T10:06:35.061+0000] {processor.py:840} INFO - DAG(s) 'extract_open_meteo_v2' retrieved from /opt/airflow/dags/extract_open_meteo_dag.py
[2025-10-13T10:06:35.164+0000] {logging_mixin.py:188} INFO - [2025-10-13T10:06:35.163+0000] {dag.py:3047} INFO - Sync 1 DAGs
[2025-10-13T10:06:35.228+0000] {logging_mixin.py:188} INFO - [2025-10-13T10:06:35.227+0000] {dag.py:3834} INFO - Setting next_dagrun for extract_open_meteo_v2 to 2025-10-12 22:00:00+00:00, run_after=2025-10-13 22:00:00+00:00
[2025-10-13T10:06:35.289+0000] {processor.py:183} INFO - Processing /opt/airflow/dags/extract_open_meteo_dag.py took 0.284 seconds
[2025-10-13T10:07:05.825+0000] {processor.py:161} INFO - Started process (PID=7007) to work on /opt/airflow/dags/extract_open_meteo_dag.py
[2025-10-13T10:07:05.827+0000] {processor.py:830} INFO - Processing file /opt/airflow/dags/extract_open_meteo_dag.py for tasks to queue
[2025-10-13T10:07:05.829+0000] {logging_mixin.py:188} INFO - [2025-10-13T10:07:05.829+0000] {dagbag.py:540} INFO - Filling up the DagBag from /opt/airflow/dags/extract_open_meteo_dag.py
[2025-10-13T10:07:05.872+0000] {processor.py:840} INFO - DAG(s) 'extract_open_meteo_v2' retrieved from /opt/airflow/dags/extract_open_meteo_dag.py
[2025-10-13T10:07:05.956+0000] {logging_mixin.py:188} INFO - [2025-10-13T10:07:05.956+0000] {dag.py:3047} INFO - Sync 1 DAGs
[2025-10-13T10:07:06.014+0000] {logging_mixin.py:188} INFO - [2025-10-13T10:07:06.013+0000] {dag.py:3834} INFO - Setting next_dagrun for extract_open_meteo_v2 to 2025-10-12 22:00:00+00:00, run_after=2025-10-13 22:00:00+00:00
[2025-10-13T10:07:06.085+0000] {processor.py:183} INFO - Processing /opt/airflow/dags/extract_open_meteo_dag.py took 0.266 seconds
[2025-10-13T10:07:36.668+0000] {processor.py:161} INFO - Started process (PID=7022) to work on /opt/airflow/dags/extract_open_meteo_dag.py
[2025-10-13T10:07:36.670+0000] {processor.py:830} INFO - Processing file /opt/airflow/dags/extract_open_meteo_dag.py for tasks to queue
[2025-10-13T10:07:36.673+0000] {logging_mixin.py:188} INFO - [2025-10-13T10:07:36.672+0000] {dagbag.py:540} INFO - Filling up the DagBag from /opt/airflow/dags/extract_open_meteo_dag.py
[2025-10-13T10:07:36.710+0000] {processor.py:840} INFO - DAG(s) 'extract_open_meteo_v2' retrieved from /opt/airflow/dags/extract_open_meteo_dag.py
[2025-10-13T10:07:36.797+0000] {logging_mixin.py:188} INFO - [2025-10-13T10:07:36.796+0000] {dag.py:3047} INFO - Sync 1 DAGs
[2025-10-13T10:07:36.862+0000] {logging_mixin.py:188} INFO - [2025-10-13T10:07:36.861+0000] {dag.py:3834} INFO - Setting next_dagrun for extract_open_meteo_v2 to 2025-10-12 22:00:00+00:00, run_after=2025-10-13 22:00:00+00:00
[2025-10-13T10:07:36.943+0000] {processor.py:183} INFO - Processing /opt/airflow/dags/extract_open_meteo_dag.py took 0.279 seconds
[2025-10-13T10:08:07.680+0000] {processor.py:161} INFO - Started process (PID=7037) to work on /opt/airflow/dags/extract_open_meteo_dag.py
[2025-10-13T10:08:07.687+0000] {processor.py:830} INFO - Processing file /opt/airflow/dags/extract_open_meteo_dag.py for tasks to queue
[2025-10-13T10:08:07.695+0000] {logging_mixin.py:188} INFO - [2025-10-13T10:08:07.694+0000] {dagbag.py:540} INFO - Filling up the DagBag from /opt/airflow/dags/extract_open_meteo_dag.py
[2025-10-13T10:08:07.818+0000] {processor.py:840} INFO - DAG(s) 'extract_open_meteo_v2' retrieved from /opt/airflow/dags/extract_open_meteo_dag.py
[2025-10-13T10:08:07.946+0000] {logging_mixin.py:188} INFO - [2025-10-13T10:08:07.945+0000] {dag.py:3047} INFO - Sync 1 DAGs
[2025-10-13T10:08:08.014+0000] {logging_mixin.py:188} INFO - [2025-10-13T10:08:08.014+0000] {dag.py:3834} INFO - Setting next_dagrun for extract_open_meteo_v2 to 2025-10-12 22:00:00+00:00, run_after=2025-10-13 22:00:00+00:00
[2025-10-13T10:08:08.094+0000] {processor.py:183} INFO - Processing /opt/airflow/dags/extract_open_meteo_dag.py took 0.421 seconds
[2025-10-13T10:08:38.818+0000] {processor.py:161} INFO - Started process (PID=7052) to work on /opt/airflow/dags/extract_open_meteo_dag.py
[2025-10-13T10:08:38.820+0000] {processor.py:830} INFO - Processing file /opt/airflow/dags/extract_open_meteo_dag.py for tasks to queue
[2025-10-13T10:08:38.823+0000] {logging_mixin.py:188} INFO - [2025-10-13T10:08:38.822+0000] {dagbag.py:540} INFO - Filling up the DagBag from /opt/airflow/dags/extract_open_meteo_dag.py
[2025-10-13T10:08:38.872+0000] {processor.py:840} INFO - DAG(s) 'extract_open_meteo_v2' retrieved from /opt/airflow/dags/extract_open_meteo_dag.py
[2025-10-13T10:08:38.961+0000] {logging_mixin.py:188} INFO - [2025-10-13T10:08:38.960+0000] {dag.py:3047} INFO - Sync 1 DAGs
[2025-10-13T10:08:39.034+0000] {logging_mixin.py:188} INFO - [2025-10-13T10:08:39.034+0000] {dag.py:3834} INFO - Setting next_dagrun for extract_open_meteo_v2 to 2025-10-12 22:00:00+00:00, run_after=2025-10-13 22:00:00+00:00
[2025-10-13T10:08:39.112+0000] {processor.py:183} INFO - Processing /opt/airflow/dags/extract_open_meteo_dag.py took 0.302 seconds
[2025-10-13T10:09:09.285+0000] {processor.py:161} INFO - Started process (PID=7067) to work on /opt/airflow/dags/extract_open_meteo_dag.py
[2025-10-13T10:09:09.288+0000] {processor.py:830} INFO - Processing file /opt/airflow/dags/extract_open_meteo_dag.py for tasks to queue
[2025-10-13T10:09:09.291+0000] {logging_mixin.py:188} INFO - [2025-10-13T10:09:09.290+0000] {dagbag.py:540} INFO - Filling up the DagBag from /opt/airflow/dags/extract_open_meteo_dag.py
[2025-10-13T10:09:09.345+0000] {processor.py:840} INFO - DAG(s) 'extract_open_meteo_v2' retrieved from /opt/airflow/dags/extract_open_meteo_dag.py
[2025-10-13T10:09:09.451+0000] {logging_mixin.py:188} INFO - [2025-10-13T10:09:09.450+0000] {dag.py:3047} INFO - Sync 1 DAGs
[2025-10-13T10:09:09.533+0000] {logging_mixin.py:188} INFO - [2025-10-13T10:09:09.532+0000] {dag.py:3834} INFO - Setting next_dagrun for extract_open_meteo_v2 to 2025-10-12 22:00:00+00:00, run_after=2025-10-13 22:00:00+00:00
[2025-10-13T10:09:09.677+0000] {processor.py:183} INFO - Processing /opt/airflow/dags/extract_open_meteo_dag.py took 0.400 seconds
[2025-10-13T10:09:40.249+0000] {processor.py:161} INFO - Started process (PID=7082) to work on /opt/airflow/dags/extract_open_meteo_dag.py
[2025-10-13T10:09:40.251+0000] {processor.py:830} INFO - Processing file /opt/airflow/dags/extract_open_meteo_dag.py for tasks to queue
[2025-10-13T10:09:40.254+0000] {logging_mixin.py:188} INFO - [2025-10-13T10:09:40.253+0000] {dagbag.py:540} INFO - Filling up the DagBag from /opt/airflow/dags/extract_open_meteo_dag.py
[2025-10-13T10:09:40.296+0000] {processor.py:840} INFO - DAG(s) 'extract_open_meteo_v2' retrieved from /opt/airflow/dags/extract_open_meteo_dag.py
[2025-10-13T10:09:40.404+0000] {logging_mixin.py:188} INFO - [2025-10-13T10:09:40.403+0000] {dag.py:3047} INFO - Sync 1 DAGs
[2025-10-13T10:09:40.482+0000] {logging_mixin.py:188} INFO - [2025-10-13T10:09:40.481+0000] {dag.py:3834} INFO - Setting next_dagrun for extract_open_meteo_v2 to 2025-10-12 22:00:00+00:00, run_after=2025-10-13 22:00:00+00:00
[2025-10-13T10:09:40.595+0000] {processor.py:183} INFO - Processing /opt/airflow/dags/extract_open_meteo_dag.py took 0.354 seconds
[2025-10-13T10:10:11.141+0000] {processor.py:161} INFO - Started process (PID=7097) to work on /opt/airflow/dags/extract_open_meteo_dag.py
[2025-10-13T10:10:11.143+0000] {processor.py:830} INFO - Processing file /opt/airflow/dags/extract_open_meteo_dag.py for tasks to queue
[2025-10-13T10:10:11.145+0000] {logging_mixin.py:188} INFO - [2025-10-13T10:10:11.144+0000] {dagbag.py:540} INFO - Filling up the DagBag from /opt/airflow/dags/extract_open_meteo_dag.py
[2025-10-13T10:10:11.189+0000] {processor.py:840} INFO - DAG(s) 'extract_open_meteo_v2' retrieved from /opt/airflow/dags/extract_open_meteo_dag.py
[2025-10-13T10:10:11.275+0000] {logging_mixin.py:188} INFO - [2025-10-13T10:10:11.275+0000] {dag.py:3047} INFO - Sync 1 DAGs
[2025-10-13T10:10:11.348+0000] {logging_mixin.py:188} INFO - [2025-10-13T10:10:11.348+0000] {dag.py:3834} INFO - Setting next_dagrun for extract_open_meteo_v2 to 2025-10-12 22:00:00+00:00, run_after=2025-10-13 22:00:00+00:00
[2025-10-13T10:10:11.441+0000] {processor.py:183} INFO - Processing /opt/airflow/dags/extract_open_meteo_dag.py took 0.306 seconds
[2025-10-13T10:10:42.061+0000] {processor.py:161} INFO - Started process (PID=7112) to work on /opt/airflow/dags/extract_open_meteo_dag.py
[2025-10-13T10:10:42.063+0000] {processor.py:830} INFO - Processing file /opt/airflow/dags/extract_open_meteo_dag.py for tasks to queue
[2025-10-13T10:10:42.069+0000] {logging_mixin.py:188} INFO - [2025-10-13T10:10:42.067+0000] {dagbag.py:540} INFO - Filling up the DagBag from /opt/airflow/dags/extract_open_meteo_dag.py
[2025-10-13T10:10:42.131+0000] {processor.py:840} INFO - DAG(s) 'extract_open_meteo_v2' retrieved from /opt/airflow/dags/extract_open_meteo_dag.py
[2025-10-13T10:10:42.224+0000] {logging_mixin.py:188} INFO - [2025-10-13T10:10:42.224+0000] {dag.py:3047} INFO - Sync 1 DAGs
[2025-10-13T10:10:42.278+0000] {logging_mixin.py:188} INFO - [2025-10-13T10:10:42.277+0000] {dag.py:3834} INFO - Setting next_dagrun for extract_open_meteo_v2 to 2025-10-12 22:00:00+00:00, run_after=2025-10-13 22:00:00+00:00
[2025-10-13T10:10:42.379+0000] {processor.py:183} INFO - Processing /opt/airflow/dags/extract_open_meteo_dag.py took 0.325 seconds
[2025-10-13T10:11:12.968+0000] {processor.py:161} INFO - Started process (PID=7127) to work on /opt/airflow/dags/extract_open_meteo_dag.py
[2025-10-13T10:11:12.971+0000] {processor.py:830} INFO - Processing file /opt/airflow/dags/extract_open_meteo_dag.py for tasks to queue
[2025-10-13T10:11:12.974+0000] {logging_mixin.py:188} INFO - [2025-10-13T10:11:12.973+0000] {dagbag.py:540} INFO - Filling up the DagBag from /opt/airflow/dags/extract_open_meteo_dag.py
[2025-10-13T10:11:13.031+0000] {processor.py:840} INFO - DAG(s) 'extract_open_meteo_v2' retrieved from /opt/airflow/dags/extract_open_meteo_dag.py
[2025-10-13T10:11:13.130+0000] {logging_mixin.py:188} INFO - [2025-10-13T10:11:13.130+0000] {dag.py:3047} INFO - Sync 1 DAGs
[2025-10-13T10:11:13.226+0000] {logging_mixin.py:188} INFO - [2025-10-13T10:11:13.226+0000] {dag.py:3834} INFO - Setting next_dagrun for extract_open_meteo_v2 to 2025-10-12 22:00:00+00:00, run_after=2025-10-13 22:00:00+00:00
[2025-10-13T10:11:13.362+0000] {processor.py:183} INFO - Processing /opt/airflow/dags/extract_open_meteo_dag.py took 0.403 seconds
[2025-10-13T10:11:43.905+0000] {processor.py:161} INFO - Started process (PID=7142) to work on /opt/airflow/dags/extract_open_meteo_dag.py
[2025-10-13T10:11:43.907+0000] {processor.py:830} INFO - Processing file /opt/airflow/dags/extract_open_meteo_dag.py for tasks to queue
[2025-10-13T10:11:43.909+0000] {logging_mixin.py:188} INFO - [2025-10-13T10:11:43.908+0000] {dagbag.py:540} INFO - Filling up the DagBag from /opt/airflow/dags/extract_open_meteo_dag.py
[2025-10-13T10:11:43.951+0000] {processor.py:840} INFO - DAG(s) 'extract_open_meteo_v2' retrieved from /opt/airflow/dags/extract_open_meteo_dag.py
[2025-10-13T10:11:44.046+0000] {logging_mixin.py:188} INFO - [2025-10-13T10:11:44.046+0000] {dag.py:3047} INFO - Sync 1 DAGs
[2025-10-13T10:11:44.109+0000] {logging_mixin.py:188} INFO - [2025-10-13T10:11:44.109+0000] {dag.py:3834} INFO - Setting next_dagrun for extract_open_meteo_v2 to 2025-10-12 22:00:00+00:00, run_after=2025-10-13 22:00:00+00:00
[2025-10-13T10:11:44.175+0000] {processor.py:183} INFO - Processing /opt/airflow/dags/extract_open_meteo_dag.py took 0.274 seconds
[2025-10-13T10:12:14.702+0000] {processor.py:161} INFO - Started process (PID=7157) to work on /opt/airflow/dags/extract_open_meteo_dag.py
[2025-10-13T10:12:14.705+0000] {processor.py:830} INFO - Processing file /opt/airflow/dags/extract_open_meteo_dag.py for tasks to queue
[2025-10-13T10:12:14.707+0000] {logging_mixin.py:188} INFO - [2025-10-13T10:12:14.707+0000] {dagbag.py:540} INFO - Filling up the DagBag from /opt/airflow/dags/extract_open_meteo_dag.py
[2025-10-13T10:12:14.757+0000] {processor.py:840} INFO - DAG(s) 'extract_open_meteo_v2' retrieved from /opt/airflow/dags/extract_open_meteo_dag.py
[2025-10-13T10:12:14.847+0000] {logging_mixin.py:188} INFO - [2025-10-13T10:12:14.847+0000] {dag.py:3047} INFO - Sync 1 DAGs
[2025-10-13T10:12:14.915+0000] {logging_mixin.py:188} INFO - [2025-10-13T10:12:14.915+0000] {dag.py:3834} INFO - Setting next_dagrun for extract_open_meteo_v2 to 2025-10-12 22:00:00+00:00, run_after=2025-10-13 22:00:00+00:00
[2025-10-13T10:12:15.001+0000] {processor.py:183} INFO - Processing /opt/airflow/dags/extract_open_meteo_dag.py took 0.306 seconds
[2025-10-13T10:12:45.653+0000] {processor.py:161} INFO - Started process (PID=7172) to work on /opt/airflow/dags/extract_open_meteo_dag.py
[2025-10-13T10:12:45.657+0000] {processor.py:830} INFO - Processing file /opt/airflow/dags/extract_open_meteo_dag.py for tasks to queue
[2025-10-13T10:12:45.664+0000] {logging_mixin.py:188} INFO - [2025-10-13T10:12:45.663+0000] {dagbag.py:540} INFO - Filling up the DagBag from /opt/airflow/dags/extract_open_meteo_dag.py
[2025-10-13T10:12:45.709+0000] {processor.py:840} INFO - DAG(s) 'extract_open_meteo_v2' retrieved from /opt/airflow/dags/extract_open_meteo_dag.py
[2025-10-13T10:12:45.817+0000] {logging_mixin.py:188} INFO - [2025-10-13T10:12:45.817+0000] {dag.py:3047} INFO - Sync 1 DAGs
[2025-10-13T10:12:45.894+0000] {logging_mixin.py:188} INFO - [2025-10-13T10:12:45.894+0000] {dag.py:3834} INFO - Setting next_dagrun for extract_open_meteo_v2 to 2025-10-12 22:00:00+00:00, run_after=2025-10-13 22:00:00+00:00
[2025-10-13T10:12:45.989+0000] {processor.py:183} INFO - Processing /opt/airflow/dags/extract_open_meteo_dag.py took 0.348 seconds
[2025-10-13T10:13:16.332+0000] {processor.py:161} INFO - Started process (PID=7189) to work on /opt/airflow/dags/extract_open_meteo_dag.py
[2025-10-13T10:13:16.334+0000] {processor.py:830} INFO - Processing file /opt/airflow/dags/extract_open_meteo_dag.py for tasks to queue
[2025-10-13T10:13:16.335+0000] {logging_mixin.py:188} INFO - [2025-10-13T10:13:16.335+0000] {dagbag.py:540} INFO - Filling up the DagBag from /opt/airflow/dags/extract_open_meteo_dag.py
[2025-10-13T10:13:16.364+0000] {processor.py:840} INFO - DAG(s) 'extract_open_meteo_v2' retrieved from /opt/airflow/dags/extract_open_meteo_dag.py
[2025-10-13T10:13:16.443+0000] {logging_mixin.py:188} INFO - [2025-10-13T10:13:16.443+0000] {dag.py:3047} INFO - Sync 1 DAGs
[2025-10-13T10:13:16.493+0000] {logging_mixin.py:188} INFO - [2025-10-13T10:13:16.493+0000] {dag.py:3834} INFO - Setting next_dagrun for extract_open_meteo_v2 to 2025-10-12 22:00:00+00:00, run_after=2025-10-13 22:00:00+00:00
[2025-10-13T10:13:16.543+0000] {processor.py:183} INFO - Processing /opt/airflow/dags/extract_open_meteo_dag.py took 0.215 seconds
[2025-10-13T10:13:47.179+0000] {processor.py:161} INFO - Started process (PID=7202) to work on /opt/airflow/dags/extract_open_meteo_dag.py
[2025-10-13T10:13:47.181+0000] {processor.py:830} INFO - Processing file /opt/airflow/dags/extract_open_meteo_dag.py for tasks to queue
[2025-10-13T10:13:47.182+0000] {logging_mixin.py:188} INFO - [2025-10-13T10:13:47.182+0000] {dagbag.py:540} INFO - Filling up the DagBag from /opt/airflow/dags/extract_open_meteo_dag.py
[2025-10-13T10:13:47.228+0000] {processor.py:840} INFO - DAG(s) 'extract_open_meteo_v2' retrieved from /opt/airflow/dags/extract_open_meteo_dag.py
[2025-10-13T10:13:47.339+0000] {logging_mixin.py:188} INFO - [2025-10-13T10:13:47.338+0000] {dag.py:3047} INFO - Sync 1 DAGs
[2025-10-13T10:13:47.478+0000] {logging_mixin.py:188} INFO - [2025-10-13T10:13:47.477+0000] {dag.py:3834} INFO - Setting next_dagrun for extract_open_meteo_v2 to 2025-10-12 22:00:00+00:00, run_after=2025-10-13 22:00:00+00:00
[2025-10-13T10:13:47.692+0000] {processor.py:183} INFO - Processing /opt/airflow/dags/extract_open_meteo_dag.py took 0.519 seconds
[2025-10-13T10:14:18.300+0000] {processor.py:161} INFO - Started process (PID=7217) to work on /opt/airflow/dags/extract_open_meteo_dag.py
[2025-10-13T10:14:18.303+0000] {processor.py:830} INFO - Processing file /opt/airflow/dags/extract_open_meteo_dag.py for tasks to queue
[2025-10-13T10:14:18.307+0000] {logging_mixin.py:188} INFO - [2025-10-13T10:14:18.306+0000] {dagbag.py:540} INFO - Filling up the DagBag from /opt/airflow/dags/extract_open_meteo_dag.py
[2025-10-13T10:14:18.418+0000] {processor.py:840} INFO - DAG(s) 'extract_open_meteo_v2' retrieved from /opt/airflow/dags/extract_open_meteo_dag.py
[2025-10-13T10:14:18.596+0000] {logging_mixin.py:188} INFO - [2025-10-13T10:14:18.595+0000] {dag.py:3047} INFO - Sync 1 DAGs
[2025-10-13T10:14:18.666+0000] {logging_mixin.py:188} INFO - [2025-10-13T10:14:18.666+0000] {dag.py:3834} INFO - Setting next_dagrun for extract_open_meteo_v2 to 2025-10-12 22:00:00+00:00, run_after=2025-10-13 22:00:00+00:00
[2025-10-13T10:14:18.724+0000] {processor.py:183} INFO - Processing /opt/airflow/dags/extract_open_meteo_dag.py took 0.441 seconds
[2025-10-13T10:14:49.181+0000] {processor.py:161} INFO - Started process (PID=7232) to work on /opt/airflow/dags/extract_open_meteo_dag.py
[2025-10-13T10:14:49.183+0000] {processor.py:830} INFO - Processing file /opt/airflow/dags/extract_open_meteo_dag.py for tasks to queue
[2025-10-13T10:14:49.185+0000] {logging_mixin.py:188} INFO - [2025-10-13T10:14:49.184+0000] {dagbag.py:540} INFO - Filling up the DagBag from /opt/airflow/dags/extract_open_meteo_dag.py
[2025-10-13T10:14:49.225+0000] {processor.py:840} INFO - DAG(s) 'extract_open_meteo_v2' retrieved from /opt/airflow/dags/extract_open_meteo_dag.py
[2025-10-13T10:14:49.301+0000] {logging_mixin.py:188} INFO - [2025-10-13T10:14:49.300+0000] {dag.py:3047} INFO - Sync 1 DAGs
[2025-10-13T10:14:49.363+0000] {logging_mixin.py:188} INFO - [2025-10-13T10:14:49.362+0000] {dag.py:3834} INFO - Setting next_dagrun for extract_open_meteo_v2 to 2025-10-12 22:00:00+00:00, run_after=2025-10-13 22:00:00+00:00
[2025-10-13T10:14:49.460+0000] {processor.py:183} INFO - Processing /opt/airflow/dags/extract_open_meteo_dag.py took 0.283 seconds
[2025-10-13T10:15:20.260+0000] {processor.py:161} INFO - Started process (PID=7247) to work on /opt/airflow/dags/extract_open_meteo_dag.py
[2025-10-13T10:15:20.270+0000] {processor.py:830} INFO - Processing file /opt/airflow/dags/extract_open_meteo_dag.py for tasks to queue
[2025-10-13T10:15:20.273+0000] {logging_mixin.py:188} INFO - [2025-10-13T10:15:20.273+0000] {dagbag.py:540} INFO - Filling up the DagBag from /opt/airflow/dags/extract_open_meteo_dag.py
[2025-10-13T10:15:20.492+0000] {processor.py:840} INFO - DAG(s) 'extract_open_meteo_v2' retrieved from /opt/airflow/dags/extract_open_meteo_dag.py
[2025-10-13T10:15:20.647+0000] {logging_mixin.py:188} INFO - [2025-10-13T10:15:20.646+0000] {dag.py:3047} INFO - Sync 1 DAGs
[2025-10-13T10:15:20.722+0000] {logging_mixin.py:188} INFO - [2025-10-13T10:15:20.721+0000] {dag.py:3834} INFO - Setting next_dagrun for extract_open_meteo_v2 to 2025-10-12 22:00:00+00:00, run_after=2025-10-13 22:00:00+00:00
[2025-10-13T10:15:20.835+0000] {processor.py:183} INFO - Processing /opt/airflow/dags/extract_open_meteo_dag.py took 0.582 seconds
[2025-10-13T10:15:51.451+0000] {processor.py:161} INFO - Started process (PID=7262) to work on /opt/airflow/dags/extract_open_meteo_dag.py
[2025-10-13T10:15:51.454+0000] {processor.py:830} INFO - Processing file /opt/airflow/dags/extract_open_meteo_dag.py for tasks to queue
[2025-10-13T10:15:51.457+0000] {logging_mixin.py:188} INFO - [2025-10-13T10:15:51.456+0000] {dagbag.py:540} INFO - Filling up the DagBag from /opt/airflow/dags/extract_open_meteo_dag.py
[2025-10-13T10:15:51.508+0000] {processor.py:840} INFO - DAG(s) 'extract_open_meteo_v2' retrieved from /opt/airflow/dags/extract_open_meteo_dag.py
[2025-10-13T10:15:51.606+0000] {logging_mixin.py:188} INFO - [2025-10-13T10:15:51.605+0000] {dag.py:3047} INFO - Sync 1 DAGs
[2025-10-13T10:15:51.672+0000] {logging_mixin.py:188} INFO - [2025-10-13T10:15:51.672+0000] {dag.py:3834} INFO - Setting next_dagrun for extract_open_meteo_v2 to 2025-10-12 22:00:00+00:00, run_after=2025-10-13 22:00:00+00:00
[2025-10-13T10:15:51.753+0000] {processor.py:183} INFO - Processing /opt/airflow/dags/extract_open_meteo_dag.py took 0.308 seconds
[2025-10-13T10:16:22.538+0000] {processor.py:161} INFO - Started process (PID=7277) to work on /opt/airflow/dags/extract_open_meteo_dag.py
[2025-10-13T10:16:22.540+0000] {processor.py:830} INFO - Processing file /opt/airflow/dags/extract_open_meteo_dag.py for tasks to queue
[2025-10-13T10:16:22.544+0000] {logging_mixin.py:188} INFO - [2025-10-13T10:16:22.543+0000] {dagbag.py:540} INFO - Filling up the DagBag from /opt/airflow/dags/extract_open_meteo_dag.py
[2025-10-13T10:16:22.593+0000] {processor.py:840} INFO - DAG(s) 'extract_open_meteo_v2' retrieved from /opt/airflow/dags/extract_open_meteo_dag.py
[2025-10-13T10:16:22.713+0000] {logging_mixin.py:188} INFO - [2025-10-13T10:16:22.713+0000] {dag.py:3047} INFO - Sync 1 DAGs
[2025-10-13T10:16:22.772+0000] {logging_mixin.py:188} INFO - [2025-10-13T10:16:22.772+0000] {dag.py:3834} INFO - Setting next_dagrun for extract_open_meteo_v2 to 2025-10-12 22:00:00+00:00, run_after=2025-10-13 22:00:00+00:00
[2025-10-13T10:16:22.851+0000] {processor.py:183} INFO - Processing /opt/airflow/dags/extract_open_meteo_dag.py took 0.320 seconds
[2025-10-13T10:16:53.391+0000] {processor.py:161} INFO - Started process (PID=7292) to work on /opt/airflow/dags/extract_open_meteo_dag.py
[2025-10-13T10:16:53.393+0000] {processor.py:830} INFO - Processing file /opt/airflow/dags/extract_open_meteo_dag.py for tasks to queue
[2025-10-13T10:16:53.395+0000] {logging_mixin.py:188} INFO - [2025-10-13T10:16:53.394+0000] {dagbag.py:540} INFO - Filling up the DagBag from /opt/airflow/dags/extract_open_meteo_dag.py
[2025-10-13T10:16:53.441+0000] {processor.py:840} INFO - DAG(s) 'extract_open_meteo_v2' retrieved from /opt/airflow/dags/extract_open_meteo_dag.py
[2025-10-13T10:16:53.528+0000] {logging_mixin.py:188} INFO - [2025-10-13T10:16:53.528+0000] {dag.py:3047} INFO - Sync 1 DAGs
[2025-10-13T10:16:53.593+0000] {logging_mixin.py:188} INFO - [2025-10-13T10:16:53.592+0000] {dag.py:3834} INFO - Setting next_dagrun for extract_open_meteo_v2 to 2025-10-12 22:00:00+00:00, run_after=2025-10-13 22:00:00+00:00
[2025-10-13T10:16:53.670+0000] {processor.py:183} INFO - Processing /opt/airflow/dags/extract_open_meteo_dag.py took 0.283 seconds
[2025-10-13T10:17:24.238+0000] {processor.py:161} INFO - Started process (PID=7307) to work on /opt/airflow/dags/extract_open_meteo_dag.py
[2025-10-13T10:17:24.240+0000] {processor.py:830} INFO - Processing file /opt/airflow/dags/extract_open_meteo_dag.py for tasks to queue
[2025-10-13T10:17:24.244+0000] {logging_mixin.py:188} INFO - [2025-10-13T10:17:24.242+0000] {dagbag.py:540} INFO - Filling up the DagBag from /opt/airflow/dags/extract_open_meteo_dag.py
[2025-10-13T10:17:24.272+0000] {processor.py:840} INFO - DAG(s) 'extract_open_meteo_v2' retrieved from /opt/airflow/dags/extract_open_meteo_dag.py
[2025-10-13T10:17:24.342+0000] {logging_mixin.py:188} INFO - [2025-10-13T10:17:24.342+0000] {dag.py:3047} INFO - Sync 1 DAGs
[2025-10-13T10:17:24.386+0000] {logging_mixin.py:188} INFO - [2025-10-13T10:17:24.385+0000] {dag.py:3834} INFO - Setting next_dagrun for extract_open_meteo_v2 to 2025-10-12 22:00:00+00:00, run_after=2025-10-13 22:00:00+00:00
[2025-10-13T10:17:24.469+0000] {processor.py:183} INFO - Processing /opt/airflow/dags/extract_open_meteo_dag.py took 0.237 seconds
[2025-10-13T10:17:55.088+0000] {processor.py:161} INFO - Started process (PID=7322) to work on /opt/airflow/dags/extract_open_meteo_dag.py
[2025-10-13T10:17:55.090+0000] {processor.py:830} INFO - Processing file /opt/airflow/dags/extract_open_meteo_dag.py for tasks to queue
[2025-10-13T10:17:55.092+0000] {logging_mixin.py:188} INFO - [2025-10-13T10:17:55.091+0000] {dagbag.py:540} INFO - Filling up the DagBag from /opt/airflow/dags/extract_open_meteo_dag.py
[2025-10-13T10:17:55.132+0000] {processor.py:840} INFO - DAG(s) 'extract_open_meteo_v2' retrieved from /opt/airflow/dags/extract_open_meteo_dag.py
[2025-10-13T10:17:55.222+0000] {logging_mixin.py:188} INFO - [2025-10-13T10:17:55.222+0000] {dag.py:3047} INFO - Sync 1 DAGs
[2025-10-13T10:17:55.305+0000] {logging_mixin.py:188} INFO - [2025-10-13T10:17:55.305+0000] {dag.py:3834} INFO - Setting next_dagrun for extract_open_meteo_v2 to 2025-10-12 22:00:00+00:00, run_after=2025-10-13 22:00:00+00:00
[2025-10-13T10:17:55.389+0000] {processor.py:183} INFO - Processing /opt/airflow/dags/extract_open_meteo_dag.py took 0.306 seconds
[2025-10-13T10:18:26.074+0000] {processor.py:161} INFO - Started process (PID=7337) to work on /opt/airflow/dags/extract_open_meteo_dag.py
[2025-10-13T10:18:26.076+0000] {processor.py:830} INFO - Processing file /opt/airflow/dags/extract_open_meteo_dag.py for tasks to queue
[2025-10-13T10:18:26.079+0000] {logging_mixin.py:188} INFO - [2025-10-13T10:18:26.079+0000] {dagbag.py:540} INFO - Filling up the DagBag from /opt/airflow/dags/extract_open_meteo_dag.py
[2025-10-13T10:18:26.120+0000] {processor.py:840} INFO - DAG(s) 'extract_open_meteo_v2' retrieved from /opt/airflow/dags/extract_open_meteo_dag.py
[2025-10-13T10:18:26.202+0000] {logging_mixin.py:188} INFO - [2025-10-13T10:18:26.202+0000] {dag.py:3047} INFO - Sync 1 DAGs
[2025-10-13T10:18:26.260+0000] {logging_mixin.py:188} INFO - [2025-10-13T10:18:26.260+0000] {dag.py:3834} INFO - Setting next_dagrun for extract_open_meteo_v2 to 2025-10-12 22:00:00+00:00, run_after=2025-10-13 22:00:00+00:00
[2025-10-13T10:18:26.325+0000] {processor.py:183} INFO - Processing /opt/airflow/dags/extract_open_meteo_dag.py took 0.257 seconds
[2025-10-13T10:18:56.865+0000] {processor.py:161} INFO - Started process (PID=7352) to work on /opt/airflow/dags/extract_open_meteo_dag.py
[2025-10-13T10:18:56.868+0000] {processor.py:830} INFO - Processing file /opt/airflow/dags/extract_open_meteo_dag.py for tasks to queue
[2025-10-13T10:18:56.870+0000] {logging_mixin.py:188} INFO - [2025-10-13T10:18:56.869+0000] {dagbag.py:540} INFO - Filling up the DagBag from /opt/airflow/dags/extract_open_meteo_dag.py
[2025-10-13T10:18:56.908+0000] {processor.py:840} INFO - DAG(s) 'extract_open_meteo_v2' retrieved from /opt/airflow/dags/extract_open_meteo_dag.py
[2025-10-13T10:18:56.993+0000] {logging_mixin.py:188} INFO - [2025-10-13T10:18:56.992+0000] {dag.py:3047} INFO - Sync 1 DAGs
[2025-10-13T10:18:57.067+0000] {logging_mixin.py:188} INFO - [2025-10-13T10:18:57.066+0000] {dag.py:3834} INFO - Setting next_dagrun for extract_open_meteo_v2 to 2025-10-12 22:00:00+00:00, run_after=2025-10-13 22:00:00+00:00
[2025-10-13T10:18:57.137+0000] {processor.py:183} INFO - Processing /opt/airflow/dags/extract_open_meteo_dag.py took 0.279 seconds
[2025-10-13T10:19:27.973+0000] {processor.py:161} INFO - Started process (PID=7367) to work on /opt/airflow/dags/extract_open_meteo_dag.py
[2025-10-13T10:19:27.976+0000] {processor.py:830} INFO - Processing file /opt/airflow/dags/extract_open_meteo_dag.py for tasks to queue
[2025-10-13T10:19:27.979+0000] {logging_mixin.py:188} INFO - [2025-10-13T10:19:27.978+0000] {dagbag.py:540} INFO - Filling up the DagBag from /opt/airflow/dags/extract_open_meteo_dag.py
[2025-10-13T10:19:28.106+0000] {processor.py:840} INFO - DAG(s) 'extract_open_meteo_v2' retrieved from /opt/airflow/dags/extract_open_meteo_dag.py
[2025-10-13T10:19:28.441+0000] {logging_mixin.py:188} INFO - [2025-10-13T10:19:28.441+0000] {dag.py:3047} INFO - Sync 1 DAGs
[2025-10-13T10:19:28.525+0000] {logging_mixin.py:188} INFO - [2025-10-13T10:19:28.524+0000] {dag.py:3834} INFO - Setting next_dagrun for extract_open_meteo_v2 to 2025-10-12 22:00:00+00:00, run_after=2025-10-13 22:00:00+00:00
[2025-10-13T10:19:28.615+0000] {processor.py:183} INFO - Processing /opt/airflow/dags/extract_open_meteo_dag.py took 0.652 seconds
[2025-10-13T10:19:59.178+0000] {processor.py:161} INFO - Started process (PID=7382) to work on /opt/airflow/dags/extract_open_meteo_dag.py
[2025-10-13T10:19:59.180+0000] {processor.py:830} INFO - Processing file /opt/airflow/dags/extract_open_meteo_dag.py for tasks to queue
[2025-10-13T10:19:59.184+0000] {logging_mixin.py:188} INFO - [2025-10-13T10:19:59.182+0000] {dagbag.py:540} INFO - Filling up the DagBag from /opt/airflow/dags/extract_open_meteo_dag.py
[2025-10-13T10:19:59.225+0000] {processor.py:840} INFO - DAG(s) 'extract_open_meteo_v2' retrieved from /opt/airflow/dags/extract_open_meteo_dag.py
[2025-10-13T10:19:59.315+0000] {logging_mixin.py:188} INFO - [2025-10-13T10:19:59.315+0000] {dag.py:3047} INFO - Sync 1 DAGs
[2025-10-13T10:19:59.376+0000] {logging_mixin.py:188} INFO - [2025-10-13T10:19:59.376+0000] {dag.py:3834} INFO - Setting next_dagrun for extract_open_meteo_v2 to 2025-10-12 22:00:00+00:00, run_after=2025-10-13 22:00:00+00:00
[2025-10-13T10:19:59.442+0000] {processor.py:183} INFO - Processing /opt/airflow/dags/extract_open_meteo_dag.py took 0.269 seconds
[2025-10-13T10:20:30.016+0000] {processor.py:161} INFO - Started process (PID=7397) to work on /opt/airflow/dags/extract_open_meteo_dag.py
[2025-10-13T10:20:30.018+0000] {processor.py:830} INFO - Processing file /opt/airflow/dags/extract_open_meteo_dag.py for tasks to queue
[2025-10-13T10:20:30.022+0000] {logging_mixin.py:188} INFO - [2025-10-13T10:20:30.021+0000] {dagbag.py:540} INFO - Filling up the DagBag from /opt/airflow/dags/extract_open_meteo_dag.py
[2025-10-13T10:20:30.061+0000] {processor.py:840} INFO - DAG(s) 'extract_open_meteo_v2' retrieved from /opt/airflow/dags/extract_open_meteo_dag.py
[2025-10-13T10:20:30.138+0000] {logging_mixin.py:188} INFO - [2025-10-13T10:20:30.137+0000] {dag.py:3047} INFO - Sync 1 DAGs
[2025-10-13T10:20:30.185+0000] {logging_mixin.py:188} INFO - [2025-10-13T10:20:30.184+0000] {dag.py:3834} INFO - Setting next_dagrun for extract_open_meteo_v2 to 2025-10-12 22:00:00+00:00, run_after=2025-10-13 22:00:00+00:00
[2025-10-13T10:20:30.243+0000] {processor.py:183} INFO - Processing /opt/airflow/dags/extract_open_meteo_dag.py took 0.234 seconds
[2025-10-13T10:21:00.816+0000] {processor.py:161} INFO - Started process (PID=7412) to work on /opt/airflow/dags/extract_open_meteo_dag.py
[2025-10-13T10:21:00.818+0000] {processor.py:830} INFO - Processing file /opt/airflow/dags/extract_open_meteo_dag.py for tasks to queue
[2025-10-13T10:21:00.820+0000] {logging_mixin.py:188} INFO - [2025-10-13T10:21:00.820+0000] {dagbag.py:540} INFO - Filling up the DagBag from /opt/airflow/dags/extract_open_meteo_dag.py
[2025-10-13T10:21:00.927+0000] {processor.py:840} INFO - DAG(s) 'extract_open_meteo_v2' retrieved from /opt/airflow/dags/extract_open_meteo_dag.py
[2025-10-13T10:21:01.118+0000] {logging_mixin.py:188} INFO - [2025-10-13T10:21:01.117+0000] {dag.py:3047} INFO - Sync 1 DAGs
[2025-10-13T10:21:01.215+0000] {logging_mixin.py:188} INFO - [2025-10-13T10:21:01.215+0000] {dag.py:3834} INFO - Setting next_dagrun for extract_open_meteo_v2 to 2025-10-12 22:00:00+00:00, run_after=2025-10-13 22:00:00+00:00
[2025-10-13T10:21:01.260+0000] {processor.py:183} INFO - Processing /opt/airflow/dags/extract_open_meteo_dag.py took 0.450 seconds
[2025-10-13T10:21:31.808+0000] {processor.py:161} INFO - Started process (PID=7427) to work on /opt/airflow/dags/extract_open_meteo_dag.py
[2025-10-13T10:21:31.811+0000] {processor.py:830} INFO - Processing file /opt/airflow/dags/extract_open_meteo_dag.py for tasks to queue
[2025-10-13T10:21:31.813+0000] {logging_mixin.py:188} INFO - [2025-10-13T10:21:31.813+0000] {dagbag.py:540} INFO - Filling up the DagBag from /opt/airflow/dags/extract_open_meteo_dag.py
[2025-10-13T10:21:31.862+0000] {processor.py:840} INFO - DAG(s) 'extract_open_meteo_v2' retrieved from /opt/airflow/dags/extract_open_meteo_dag.py
[2025-10-13T10:21:31.970+0000] {logging_mixin.py:188} INFO - [2025-10-13T10:21:31.970+0000] {dag.py:3047} INFO - Sync 1 DAGs
[2025-10-13T10:21:32.044+0000] {logging_mixin.py:188} INFO - [2025-10-13T10:21:32.043+0000] {dag.py:3834} INFO - Setting next_dagrun for extract_open_meteo_v2 to 2025-10-12 22:00:00+00:00, run_after=2025-10-13 22:00:00+00:00
[2025-10-13T10:21:32.114+0000] {processor.py:183} INFO - Processing /opt/airflow/dags/extract_open_meteo_dag.py took 0.315 seconds
[2025-10-13T10:22:02.633+0000] {processor.py:161} INFO - Started process (PID=7442) to work on /opt/airflow/dags/extract_open_meteo_dag.py
[2025-10-13T10:22:02.636+0000] {processor.py:830} INFO - Processing file /opt/airflow/dags/extract_open_meteo_dag.py for tasks to queue
[2025-10-13T10:22:02.639+0000] {logging_mixin.py:188} INFO - [2025-10-13T10:22:02.638+0000] {dagbag.py:540} INFO - Filling up the DagBag from /opt/airflow/dags/extract_open_meteo_dag.py
[2025-10-13T10:22:02.706+0000] {processor.py:840} INFO - DAG(s) 'extract_open_meteo_v2' retrieved from /opt/airflow/dags/extract_open_meteo_dag.py
[2025-10-13T10:22:02.837+0000] {logging_mixin.py:188} INFO - [2025-10-13T10:22:02.836+0000] {dag.py:3047} INFO - Sync 1 DAGs
[2025-10-13T10:22:02.908+0000] {logging_mixin.py:188} INFO - [2025-10-13T10:22:02.908+0000] {dag.py:3834} INFO - Setting next_dagrun for extract_open_meteo_v2 to 2025-10-12 22:00:00+00:00, run_after=2025-10-13 22:00:00+00:00
[2025-10-13T10:22:02.992+0000] {processor.py:183} INFO - Processing /opt/airflow/dags/extract_open_meteo_dag.py took 0.368 seconds
[2025-10-13T10:22:33.573+0000] {processor.py:161} INFO - Started process (PID=7457) to work on /opt/airflow/dags/extract_open_meteo_dag.py
[2025-10-13T10:22:33.578+0000] {processor.py:830} INFO - Processing file /opt/airflow/dags/extract_open_meteo_dag.py for tasks to queue
[2025-10-13T10:22:33.583+0000] {logging_mixin.py:188} INFO - [2025-10-13T10:22:33.582+0000] {dagbag.py:540} INFO - Filling up the DagBag from /opt/airflow/dags/extract_open_meteo_dag.py
[2025-10-13T10:22:33.648+0000] {processor.py:840} INFO - DAG(s) 'extract_open_meteo_v2' retrieved from /opt/airflow/dags/extract_open_meteo_dag.py
[2025-10-13T10:22:33.785+0000] {logging_mixin.py:188} INFO - [2025-10-13T10:22:33.784+0000] {dag.py:3047} INFO - Sync 1 DAGs
[2025-10-13T10:22:33.863+0000] {logging_mixin.py:188} INFO - [2025-10-13T10:22:33.863+0000] {dag.py:3834} INFO - Setting next_dagrun for extract_open_meteo_v2 to 2025-10-12 22:00:00+00:00, run_after=2025-10-13 22:00:00+00:00
[2025-10-13T10:22:33.972+0000] {processor.py:183} INFO - Processing /opt/airflow/dags/extract_open_meteo_dag.py took 0.419 seconds
[2025-10-13T10:23:04.478+0000] {processor.py:161} INFO - Started process (PID=7472) to work on /opt/airflow/dags/extract_open_meteo_dag.py
[2025-10-13T10:23:04.480+0000] {processor.py:830} INFO - Processing file /opt/airflow/dags/extract_open_meteo_dag.py for tasks to queue
[2025-10-13T10:23:04.484+0000] {logging_mixin.py:188} INFO - [2025-10-13T10:23:04.483+0000] {dagbag.py:540} INFO - Filling up the DagBag from /opt/airflow/dags/extract_open_meteo_dag.py
[2025-10-13T10:23:04.533+0000] {processor.py:840} INFO - DAG(s) 'extract_open_meteo_v2' retrieved from /opt/airflow/dags/extract_open_meteo_dag.py
[2025-10-13T10:23:04.633+0000] {logging_mixin.py:188} INFO - [2025-10-13T10:23:04.632+0000] {dag.py:3047} INFO - Sync 1 DAGs
[2025-10-13T10:23:04.696+0000] {logging_mixin.py:188} INFO - [2025-10-13T10:23:04.695+0000] {dag.py:3834} INFO - Setting next_dagrun for extract_open_meteo_v2 to 2025-10-12 22:00:00+00:00, run_after=2025-10-13 22:00:00+00:00
[2025-10-13T10:23:04.780+0000] {processor.py:183} INFO - Processing /opt/airflow/dags/extract_open_meteo_dag.py took 0.309 seconds
[2025-10-13T10:23:35.223+0000] {processor.py:161} INFO - Started process (PID=7487) to work on /opt/airflow/dags/extract_open_meteo_dag.py
[2025-10-13T10:23:35.226+0000] {processor.py:830} INFO - Processing file /opt/airflow/dags/extract_open_meteo_dag.py for tasks to queue
[2025-10-13T10:23:35.228+0000] {logging_mixin.py:188} INFO - [2025-10-13T10:23:35.227+0000] {dagbag.py:540} INFO - Filling up the DagBag from /opt/airflow/dags/extract_open_meteo_dag.py
[2025-10-13T10:23:35.290+0000] {processor.py:840} INFO - DAG(s) 'extract_open_meteo_v2' retrieved from /opt/airflow/dags/extract_open_meteo_dag.py
[2025-10-13T10:23:35.496+0000] {logging_mixin.py:188} INFO - [2025-10-13T10:23:35.495+0000] {dag.py:3047} INFO - Sync 1 DAGs
[2025-10-13T10:23:35.603+0000] {logging_mixin.py:188} INFO - [2025-10-13T10:23:35.603+0000] {dag.py:3834} INFO - Setting next_dagrun for extract_open_meteo_v2 to 2025-10-12 22:00:00+00:00, run_after=2025-10-13 22:00:00+00:00
[2025-10-13T10:23:35.691+0000] {processor.py:183} INFO - Processing /opt/airflow/dags/extract_open_meteo_dag.py took 0.473 seconds
[2025-10-13T10:24:06.557+0000] {processor.py:161} INFO - Started process (PID=7502) to work on /opt/airflow/dags/extract_open_meteo_dag.py
[2025-10-13T10:24:06.560+0000] {processor.py:830} INFO - Processing file /opt/airflow/dags/extract_open_meteo_dag.py for tasks to queue
[2025-10-13T10:24:06.564+0000] {logging_mixin.py:188} INFO - [2025-10-13T10:24:06.563+0000] {dagbag.py:540} INFO - Filling up the DagBag from /opt/airflow/dags/extract_open_meteo_dag.py
[2025-10-13T10:24:06.617+0000] {processor.py:840} INFO - DAG(s) 'extract_open_meteo_v2' retrieved from /opt/airflow/dags/extract_open_meteo_dag.py
[2025-10-13T10:24:06.712+0000] {logging_mixin.py:188} INFO - [2025-10-13T10:24:06.711+0000] {dag.py:3047} INFO - Sync 1 DAGs
[2025-10-13T10:24:06.768+0000] {logging_mixin.py:188} INFO - [2025-10-13T10:24:06.767+0000] {dag.py:3834} INFO - Setting next_dagrun for extract_open_meteo_v2 to 2025-10-12 22:00:00+00:00, run_after=2025-10-13 22:00:00+00:00
[2025-10-13T10:24:06.852+0000] {processor.py:183} INFO - Processing /opt/airflow/dags/extract_open_meteo_dag.py took 0.314 seconds
[2025-10-13T10:24:37.496+0000] {processor.py:161} INFO - Started process (PID=7517) to work on /opt/airflow/dags/extract_open_meteo_dag.py
[2025-10-13T10:24:37.498+0000] {processor.py:830} INFO - Processing file /opt/airflow/dags/extract_open_meteo_dag.py for tasks to queue
[2025-10-13T10:24:37.500+0000] {logging_mixin.py:188} INFO - [2025-10-13T10:24:37.499+0000] {dagbag.py:540} INFO - Filling up the DagBag from /opt/airflow/dags/extract_open_meteo_dag.py
[2025-10-13T10:24:37.535+0000] {processor.py:840} INFO - DAG(s) 'extract_open_meteo_v2' retrieved from /opt/airflow/dags/extract_open_meteo_dag.py
[2025-10-13T10:24:37.627+0000] {logging_mixin.py:188} INFO - [2025-10-13T10:24:37.627+0000] {dag.py:3047} INFO - Sync 1 DAGs
[2025-10-13T10:24:37.718+0000] {logging_mixin.py:188} INFO - [2025-10-13T10:24:37.718+0000] {dag.py:3834} INFO - Setting next_dagrun for extract_open_meteo_v2 to 2025-10-12 22:00:00+00:00, run_after=2025-10-13 22:00:00+00:00
[2025-10-13T10:24:37.814+0000] {processor.py:183} INFO - Processing /opt/airflow/dags/extract_open_meteo_dag.py took 0.324 seconds
[2025-10-13T10:25:08.607+0000] {processor.py:161} INFO - Started process (PID=7532) to work on /opt/airflow/dags/extract_open_meteo_dag.py
[2025-10-13T10:25:08.611+0000] {processor.py:830} INFO - Processing file /opt/airflow/dags/extract_open_meteo_dag.py for tasks to queue
[2025-10-13T10:25:08.621+0000] {logging_mixin.py:188} INFO - [2025-10-13T10:25:08.620+0000] {dagbag.py:540} INFO - Filling up the DagBag from /opt/airflow/dags/extract_open_meteo_dag.py
[2025-10-13T10:25:08.955+0000] {processor.py:840} INFO - DAG(s) 'extract_open_meteo_v2' retrieved from /opt/airflow/dags/extract_open_meteo_dag.py
[2025-10-13T10:25:09.103+0000] {logging_mixin.py:188} INFO - [2025-10-13T10:25:09.101+0000] {dag.py:3047} INFO - Sync 1 DAGs
[2025-10-13T10:25:09.195+0000] {logging_mixin.py:188} INFO - [2025-10-13T10:25:09.195+0000] {dag.py:3834} INFO - Setting next_dagrun for extract_open_meteo_v2 to 2025-10-12 22:00:00+00:00, run_after=2025-10-13 22:00:00+00:00
[2025-10-13T10:25:09.287+0000] {processor.py:183} INFO - Processing /opt/airflow/dags/extract_open_meteo_dag.py took 0.687 seconds
[2025-10-13T10:25:39.822+0000] {processor.py:161} INFO - Started process (PID=7547) to work on /opt/airflow/dags/extract_open_meteo_dag.py
[2025-10-13T10:25:39.824+0000] {processor.py:830} INFO - Processing file /opt/airflow/dags/extract_open_meteo_dag.py for tasks to queue
[2025-10-13T10:25:39.826+0000] {logging_mixin.py:188} INFO - [2025-10-13T10:25:39.825+0000] {dagbag.py:540} INFO - Filling up the DagBag from /opt/airflow/dags/extract_open_meteo_dag.py
[2025-10-13T10:25:39.914+0000] {processor.py:840} INFO - DAG(s) 'extract_open_meteo_v2' retrieved from /opt/airflow/dags/extract_open_meteo_dag.py
[2025-10-13T10:25:40.012+0000] {logging_mixin.py:188} INFO - [2025-10-13T10:25:40.011+0000] {dag.py:3047} INFO - Sync 1 DAGs
[2025-10-13T10:25:40.085+0000] {logging_mixin.py:188} INFO - [2025-10-13T10:25:40.084+0000] {dag.py:3834} INFO - Setting next_dagrun for extract_open_meteo_v2 to 2025-10-12 22:00:00+00:00, run_after=2025-10-13 22:00:00+00:00
[2025-10-13T10:25:40.135+0000] {processor.py:183} INFO - Processing /opt/airflow/dags/extract_open_meteo_dag.py took 0.317 seconds
[2025-10-13T10:26:10.662+0000] {processor.py:161} INFO - Started process (PID=7562) to work on /opt/airflow/dags/extract_open_meteo_dag.py
[2025-10-13T10:26:10.664+0000] {processor.py:830} INFO - Processing file /opt/airflow/dags/extract_open_meteo_dag.py for tasks to queue
[2025-10-13T10:26:10.666+0000] {logging_mixin.py:188} INFO - [2025-10-13T10:26:10.666+0000] {dagbag.py:540} INFO - Filling up the DagBag from /opt/airflow/dags/extract_open_meteo_dag.py
[2025-10-13T10:26:10.706+0000] {processor.py:840} INFO - DAG(s) 'extract_open_meteo_v2' retrieved from /opt/airflow/dags/extract_open_meteo_dag.py
[2025-10-13T10:26:10.827+0000] {logging_mixin.py:188} INFO - [2025-10-13T10:26:10.826+0000] {dag.py:3047} INFO - Sync 1 DAGs
[2025-10-13T10:26:10.908+0000] {logging_mixin.py:188} INFO - [2025-10-13T10:26:10.908+0000] {dag.py:3834} INFO - Setting next_dagrun for extract_open_meteo_v2 to 2025-10-12 22:00:00+00:00, run_after=2025-10-13 22:00:00+00:00
[2025-10-13T10:26:10.981+0000] {processor.py:183} INFO - Processing /opt/airflow/dags/extract_open_meteo_dag.py took 0.325 seconds
[2025-10-13T10:26:41.589+0000] {processor.py:161} INFO - Started process (PID=7577) to work on /opt/airflow/dags/extract_open_meteo_dag.py
[2025-10-13T10:26:41.591+0000] {processor.py:830} INFO - Processing file /opt/airflow/dags/extract_open_meteo_dag.py for tasks to queue
[2025-10-13T10:26:41.594+0000] {logging_mixin.py:188} INFO - [2025-10-13T10:26:41.593+0000] {dagbag.py:540} INFO - Filling up the DagBag from /opt/airflow/dags/extract_open_meteo_dag.py
[2025-10-13T10:26:41.661+0000] {processor.py:840} INFO - DAG(s) 'extract_open_meteo_v2' retrieved from /opt/airflow/dags/extract_open_meteo_dag.py
[2025-10-13T10:26:41.788+0000] {logging_mixin.py:188} INFO - [2025-10-13T10:26:41.787+0000] {dag.py:3047} INFO - Sync 1 DAGs
[2025-10-13T10:26:41.856+0000] {logging_mixin.py:188} INFO - [2025-10-13T10:26:41.856+0000] {dag.py:3834} INFO - Setting next_dagrun for extract_open_meteo_v2 to 2025-10-12 22:00:00+00:00, run_after=2025-10-13 22:00:00+00:00
[2025-10-13T10:26:41.934+0000] {processor.py:183} INFO - Processing /opt/airflow/dags/extract_open_meteo_dag.py took 0.352 seconds
[2025-10-13T10:27:12.581+0000] {processor.py:161} INFO - Started process (PID=7592) to work on /opt/airflow/dags/extract_open_meteo_dag.py
[2025-10-13T10:27:12.584+0000] {processor.py:830} INFO - Processing file /opt/airflow/dags/extract_open_meteo_dag.py for tasks to queue
[2025-10-13T10:27:12.587+0000] {logging_mixin.py:188} INFO - [2025-10-13T10:27:12.586+0000] {dagbag.py:540} INFO - Filling up the DagBag from /opt/airflow/dags/extract_open_meteo_dag.py
[2025-10-13T10:27:12.632+0000] {processor.py:840} INFO - DAG(s) 'extract_open_meteo_v2' retrieved from /opt/airflow/dags/extract_open_meteo_dag.py
[2025-10-13T10:27:12.727+0000] {logging_mixin.py:188} INFO - [2025-10-13T10:27:12.726+0000] {dag.py:3047} INFO - Sync 1 DAGs
[2025-10-13T10:27:12.790+0000] {logging_mixin.py:188} INFO - [2025-10-13T10:27:12.790+0000] {dag.py:3834} INFO - Setting next_dagrun for extract_open_meteo_v2 to 2025-10-12 22:00:00+00:00, run_after=2025-10-13 22:00:00+00:00
[2025-10-13T10:27:12.880+0000] {processor.py:183} INFO - Processing /opt/airflow/dags/extract_open_meteo_dag.py took 0.307 seconds
[2025-10-13T10:27:43.475+0000] {processor.py:161} INFO - Started process (PID=7606) to work on /opt/airflow/dags/extract_open_meteo_dag.py
[2025-10-13T10:27:43.478+0000] {processor.py:830} INFO - Processing file /opt/airflow/dags/extract_open_meteo_dag.py for tasks to queue
[2025-10-13T10:27:43.481+0000] {logging_mixin.py:188} INFO - [2025-10-13T10:27:43.480+0000] {dagbag.py:540} INFO - Filling up the DagBag from /opt/airflow/dags/extract_open_meteo_dag.py
[2025-10-13T10:27:43.526+0000] {processor.py:840} INFO - DAG(s) 'extract_open_meteo_v2' retrieved from /opt/airflow/dags/extract_open_meteo_dag.py
[2025-10-13T10:27:43.610+0000] {logging_mixin.py:188} INFO - [2025-10-13T10:27:43.610+0000] {dag.py:3047} INFO - Sync 1 DAGs
[2025-10-13T10:27:43.694+0000] {logging_mixin.py:188} INFO - [2025-10-13T10:27:43.693+0000] {dag.py:3834} INFO - Setting next_dagrun for extract_open_meteo_v2 to 2025-10-12 22:00:00+00:00, run_after=2025-10-13 22:00:00+00:00
[2025-10-13T10:27:43.812+0000] {processor.py:183} INFO - Processing /opt/airflow/dags/extract_open_meteo_dag.py took 0.342 seconds
[2025-10-13T10:28:14.482+0000] {processor.py:161} INFO - Started process (PID=7622) to work on /opt/airflow/dags/extract_open_meteo_dag.py
[2025-10-13T10:28:14.485+0000] {processor.py:830} INFO - Processing file /opt/airflow/dags/extract_open_meteo_dag.py for tasks to queue
[2025-10-13T10:28:14.488+0000] {logging_mixin.py:188} INFO - [2025-10-13T10:28:14.487+0000] {dagbag.py:540} INFO - Filling up the DagBag from /opt/airflow/dags/extract_open_meteo_dag.py
[2025-10-13T10:28:14.542+0000] {processor.py:840} INFO - DAG(s) 'extract_open_meteo_v2' retrieved from /opt/airflow/dags/extract_open_meteo_dag.py
[2025-10-13T10:28:14.644+0000] {logging_mixin.py:188} INFO - [2025-10-13T10:28:14.644+0000] {dag.py:3047} INFO - Sync 1 DAGs
[2025-10-13T10:28:14.734+0000] {logging_mixin.py:188} INFO - [2025-10-13T10:28:14.733+0000] {dag.py:3834} INFO - Setting next_dagrun for extract_open_meteo_v2 to 2025-10-12 22:00:00+00:00, run_after=2025-10-13 22:00:00+00:00
[2025-10-13T10:28:14.811+0000] {processor.py:183} INFO - Processing /opt/airflow/dags/extract_open_meteo_dag.py took 0.337 seconds
[2025-10-13T10:28:45.317+0000] {processor.py:161} INFO - Started process (PID=7639) to work on /opt/airflow/dags/extract_open_meteo_dag.py
[2025-10-13T10:28:45.320+0000] {processor.py:830} INFO - Processing file /opt/airflow/dags/extract_open_meteo_dag.py for tasks to queue
[2025-10-13T10:28:45.322+0000] {logging_mixin.py:188} INFO - [2025-10-13T10:28:45.322+0000] {dagbag.py:540} INFO - Filling up the DagBag from /opt/airflow/dags/extract_open_meteo_dag.py
[2025-10-13T10:28:45.365+0000] {processor.py:840} INFO - DAG(s) 'extract_open_meteo_v2' retrieved from /opt/airflow/dags/extract_open_meteo_dag.py
[2025-10-13T10:28:45.438+0000] {logging_mixin.py:188} INFO - [2025-10-13T10:28:45.437+0000] {dag.py:3047} INFO - Sync 1 DAGs
[2025-10-13T10:28:45.493+0000] {logging_mixin.py:188} INFO - [2025-10-13T10:28:45.492+0000] {dag.py:3834} INFO - Setting next_dagrun for extract_open_meteo_v2 to 2025-10-12 22:00:00+00:00, run_after=2025-10-13 22:00:00+00:00
[2025-10-13T10:28:45.544+0000] {processor.py:183} INFO - Processing /opt/airflow/dags/extract_open_meteo_dag.py took 0.233 seconds
[2025-10-13T10:29:15.719+0000] {processor.py:161} INFO - Started process (PID=7654) to work on /opt/airflow/dags/extract_open_meteo_dag.py
[2025-10-13T10:29:15.720+0000] {processor.py:830} INFO - Processing file /opt/airflow/dags/extract_open_meteo_dag.py for tasks to queue
[2025-10-13T10:29:15.723+0000] {logging_mixin.py:188} INFO - [2025-10-13T10:29:15.722+0000] {dagbag.py:540} INFO - Filling up the DagBag from /opt/airflow/dags/extract_open_meteo_dag.py
[2025-10-13T10:29:15.767+0000] {processor.py:840} INFO - DAG(s) 'extract_open_meteo_v2' retrieved from /opt/airflow/dags/extract_open_meteo_dag.py
[2025-10-13T10:29:15.893+0000] {logging_mixin.py:188} INFO - [2025-10-13T10:29:15.893+0000] {dag.py:3047} INFO - Sync 1 DAGs
[2025-10-13T10:29:15.953+0000] {logging_mixin.py:188} INFO - [2025-10-13T10:29:15.952+0000] {dag.py:3834} INFO - Setting next_dagrun for extract_open_meteo_v2 to 2025-10-12 22:00:00+00:00, run_after=2025-10-13 22:00:00+00:00
[2025-10-13T10:29:16.021+0000] {processor.py:183} INFO - Processing /opt/airflow/dags/extract_open_meteo_dag.py took 0.306 seconds
[2025-10-13T10:29:46.377+0000] {processor.py:161} INFO - Started process (PID=7669) to work on /opt/airflow/dags/extract_open_meteo_dag.py
[2025-10-13T10:29:46.379+0000] {processor.py:830} INFO - Processing file /opt/airflow/dags/extract_open_meteo_dag.py for tasks to queue
[2025-10-13T10:29:46.381+0000] {logging_mixin.py:188} INFO - [2025-10-13T10:29:46.381+0000] {dagbag.py:540} INFO - Filling up the DagBag from /opt/airflow/dags/extract_open_meteo_dag.py
[2025-10-13T10:29:46.420+0000] {processor.py:840} INFO - DAG(s) 'extract_open_meteo_v2' retrieved from /opt/airflow/dags/extract_open_meteo_dag.py
[2025-10-13T10:29:46.492+0000] {logging_mixin.py:188} INFO - [2025-10-13T10:29:46.492+0000] {dag.py:3047} INFO - Sync 1 DAGs
[2025-10-13T10:29:46.550+0000] {logging_mixin.py:188} INFO - [2025-10-13T10:29:46.550+0000] {dag.py:3834} INFO - Setting next_dagrun for extract_open_meteo_v2 to 2025-10-12 22:00:00+00:00, run_after=2025-10-13 22:00:00+00:00
[2025-10-13T10:29:46.601+0000] {processor.py:183} INFO - Processing /opt/airflow/dags/extract_open_meteo_dag.py took 0.229 seconds
[2025-10-13T10:30:16.945+0000] {processor.py:161} INFO - Started process (PID=7684) to work on /opt/airflow/dags/extract_open_meteo_dag.py
[2025-10-13T10:30:16.948+0000] {processor.py:830} INFO - Processing file /opt/airflow/dags/extract_open_meteo_dag.py for tasks to queue
[2025-10-13T10:30:16.951+0000] {logging_mixin.py:188} INFO - [2025-10-13T10:30:16.950+0000] {dagbag.py:540} INFO - Filling up the DagBag from /opt/airflow/dags/extract_open_meteo_dag.py
[2025-10-13T10:30:16.995+0000] {processor.py:840} INFO - DAG(s) 'extract_open_meteo_v2' retrieved from /opt/airflow/dags/extract_open_meteo_dag.py
[2025-10-13T10:30:17.086+0000] {logging_mixin.py:188} INFO - [2025-10-13T10:30:17.086+0000] {dag.py:3047} INFO - Sync 1 DAGs
[2025-10-13T10:30:17.149+0000] {logging_mixin.py:188} INFO - [2025-10-13T10:30:17.148+0000] {dag.py:3834} INFO - Setting next_dagrun for extract_open_meteo_v2 to 2025-10-12 22:00:00+00:00, run_after=2025-10-13 22:00:00+00:00
[2025-10-13T10:30:17.202+0000] {processor.py:183} INFO - Processing /opt/airflow/dags/extract_open_meteo_dag.py took 0.263 seconds
[2025-10-13T10:30:47.484+0000] {processor.py:161} INFO - Started process (PID=7699) to work on /opt/airflow/dags/extract_open_meteo_dag.py
[2025-10-13T10:30:47.487+0000] {processor.py:830} INFO - Processing file /opt/airflow/dags/extract_open_meteo_dag.py for tasks to queue
[2025-10-13T10:30:47.490+0000] {logging_mixin.py:188} INFO - [2025-10-13T10:30:47.490+0000] {dagbag.py:540} INFO - Filling up the DagBag from /opt/airflow/dags/extract_open_meteo_dag.py
[2025-10-13T10:30:47.529+0000] {processor.py:840} INFO - DAG(s) 'extract_open_meteo_v2' retrieved from /opt/airflow/dags/extract_open_meteo_dag.py
[2025-10-13T10:30:47.612+0000] {logging_mixin.py:188} INFO - [2025-10-13T10:30:47.612+0000] {dag.py:3047} INFO - Sync 1 DAGs
[2025-10-13T10:30:47.671+0000] {logging_mixin.py:188} INFO - [2025-10-13T10:30:47.670+0000] {dag.py:3834} INFO - Setting next_dagrun for extract_open_meteo_v2 to 2025-10-12 22:00:00+00:00, run_after=2025-10-13 22:00:00+00:00
[2025-10-13T10:30:47.753+0000] {processor.py:183} INFO - Processing /opt/airflow/dags/extract_open_meteo_dag.py took 0.273 seconds
[2025-10-13T10:31:18.044+0000] {processor.py:161} INFO - Started process (PID=7714) to work on /opt/airflow/dags/extract_open_meteo_dag.py
[2025-10-13T10:31:18.047+0000] {processor.py:830} INFO - Processing file /opt/airflow/dags/extract_open_meteo_dag.py for tasks to queue
[2025-10-13T10:31:18.050+0000] {logging_mixin.py:188} INFO - [2025-10-13T10:31:18.049+0000] {dagbag.py:540} INFO - Filling up the DagBag from /opt/airflow/dags/extract_open_meteo_dag.py
[2025-10-13T10:31:18.088+0000] {processor.py:840} INFO - DAG(s) 'extract_open_meteo_v2' retrieved from /opt/airflow/dags/extract_open_meteo_dag.py
[2025-10-13T10:31:18.170+0000] {logging_mixin.py:188} INFO - [2025-10-13T10:31:18.170+0000] {dag.py:3047} INFO - Sync 1 DAGs
[2025-10-13T10:31:18.229+0000] {logging_mixin.py:188} INFO - [2025-10-13T10:31:18.229+0000] {dag.py:3834} INFO - Setting next_dagrun for extract_open_meteo_v2 to 2025-10-12 22:00:00+00:00, run_after=2025-10-13 22:00:00+00:00
[2025-10-13T10:31:18.373+0000] {processor.py:183} INFO - Processing /opt/airflow/dags/extract_open_meteo_dag.py took 0.332 seconds
[2025-10-13T10:31:49.051+0000] {processor.py:161} INFO - Started process (PID=7727) to work on /opt/airflow/dags/extract_open_meteo_dag.py
[2025-10-13T10:31:49.055+0000] {processor.py:830} INFO - Processing file /opt/airflow/dags/extract_open_meteo_dag.py for tasks to queue
[2025-10-13T10:31:49.059+0000] {logging_mixin.py:188} INFO - [2025-10-13T10:31:49.058+0000] {dagbag.py:540} INFO - Filling up the DagBag from /opt/airflow/dags/extract_open_meteo_dag.py
[2025-10-13T10:31:49.210+0000] {processor.py:840} INFO - DAG(s) 'extract_open_meteo_v2' retrieved from /opt/airflow/dags/extract_open_meteo_dag.py
[2025-10-13T10:31:49.373+0000] {logging_mixin.py:188} INFO - [2025-10-13T10:31:49.372+0000] {dag.py:3047} INFO - Sync 1 DAGs
[2025-10-13T10:31:49.431+0000] {logging_mixin.py:188} INFO - [2025-10-13T10:31:49.431+0000] {dag.py:3834} INFO - Setting next_dagrun for extract_open_meteo_v2 to 2025-10-12 22:00:00+00:00, run_after=2025-10-13 22:00:00+00:00
[2025-10-13T10:31:49.488+0000] {processor.py:183} INFO - Processing /opt/airflow/dags/extract_open_meteo_dag.py took 0.452 seconds
[2025-10-13T10:32:20.054+0000] {processor.py:161} INFO - Started process (PID=7742) to work on /opt/airflow/dags/extract_open_meteo_dag.py
[2025-10-13T10:32:20.056+0000] {processor.py:830} INFO - Processing file /opt/airflow/dags/extract_open_meteo_dag.py for tasks to queue
[2025-10-13T10:32:20.058+0000] {logging_mixin.py:188} INFO - [2025-10-13T10:32:20.058+0000] {dagbag.py:540} INFO - Filling up the DagBag from /opt/airflow/dags/extract_open_meteo_dag.py
[2025-10-13T10:32:20.114+0000] {processor.py:840} INFO - DAG(s) 'extract_open_meteo_v2' retrieved from /opt/airflow/dags/extract_open_meteo_dag.py
[2025-10-13T10:32:20.229+0000] {logging_mixin.py:188} INFO - [2025-10-13T10:32:20.228+0000] {dag.py:3047} INFO - Sync 1 DAGs
[2025-10-13T10:32:20.338+0000] {logging_mixin.py:188} INFO - [2025-10-13T10:32:20.337+0000] {dag.py:3834} INFO - Setting next_dagrun for extract_open_meteo_v2 to 2025-10-12 22:00:00+00:00, run_after=2025-10-13 22:00:00+00:00
[2025-10-13T10:32:20.424+0000] {processor.py:183} INFO - Processing /opt/airflow/dags/extract_open_meteo_dag.py took 0.375 seconds
[2025-10-13T10:32:50.947+0000] {processor.py:161} INFO - Started process (PID=7757) to work on /opt/airflow/dags/extract_open_meteo_dag.py
[2025-10-13T10:32:50.951+0000] {processor.py:830} INFO - Processing file /opt/airflow/dags/extract_open_meteo_dag.py for tasks to queue
[2025-10-13T10:32:50.957+0000] {logging_mixin.py:188} INFO - [2025-10-13T10:32:50.956+0000] {dagbag.py:540} INFO - Filling up the DagBag from /opt/airflow/dags/extract_open_meteo_dag.py
[2025-10-13T10:32:51.004+0000] {processor.py:840} INFO - DAG(s) 'extract_open_meteo_v2' retrieved from /opt/airflow/dags/extract_open_meteo_dag.py
[2025-10-13T10:32:51.096+0000] {logging_mixin.py:188} INFO - [2025-10-13T10:32:51.096+0000] {dag.py:3047} INFO - Sync 1 DAGs
[2025-10-13T10:32:51.160+0000] {logging_mixin.py:188} INFO - [2025-10-13T10:32:51.160+0000] {dag.py:3834} INFO - Setting next_dagrun for extract_open_meteo_v2 to 2025-10-12 22:00:00+00:00, run_after=2025-10-13 22:00:00+00:00
[2025-10-13T10:32:51.249+0000] {processor.py:183} INFO - Processing /opt/airflow/dags/extract_open_meteo_dag.py took 0.311 seconds
[2025-10-13T10:33:22.011+0000] {processor.py:161} INFO - Started process (PID=7772) to work on /opt/airflow/dags/extract_open_meteo_dag.py
[2025-10-13T10:33:22.013+0000] {processor.py:830} INFO - Processing file /opt/airflow/dags/extract_open_meteo_dag.py for tasks to queue
[2025-10-13T10:33:22.016+0000] {logging_mixin.py:188} INFO - [2025-10-13T10:33:22.015+0000] {dagbag.py:540} INFO - Filling up the DagBag from /opt/airflow/dags/extract_open_meteo_dag.py
[2025-10-13T10:33:22.058+0000] {processor.py:840} INFO - DAG(s) 'extract_open_meteo_v2' retrieved from /opt/airflow/dags/extract_open_meteo_dag.py
[2025-10-13T10:33:22.218+0000] {logging_mixin.py:188} INFO - [2025-10-13T10:33:22.217+0000] {dag.py:3047} INFO - Sync 1 DAGs
[2025-10-13T10:33:22.338+0000] {logging_mixin.py:188} INFO - [2025-10-13T10:33:22.337+0000] {dag.py:3834} INFO - Setting next_dagrun for extract_open_meteo_v2 to 2025-10-12 22:00:00+00:00, run_after=2025-10-13 22:00:00+00:00
[2025-10-13T10:33:22.432+0000] {processor.py:183} INFO - Processing /opt/airflow/dags/extract_open_meteo_dag.py took 0.425 seconds
[2025-10-13T10:33:53.112+0000] {processor.py:161} INFO - Started process (PID=7787) to work on /opt/airflow/dags/extract_open_meteo_dag.py
[2025-10-13T10:33:53.115+0000] {processor.py:830} INFO - Processing file /opt/airflow/dags/extract_open_meteo_dag.py for tasks to queue
[2025-10-13T10:33:53.117+0000] {logging_mixin.py:188} INFO - [2025-10-13T10:33:53.116+0000] {dagbag.py:540} INFO - Filling up the DagBag from /opt/airflow/dags/extract_open_meteo_dag.py
[2025-10-13T10:33:53.158+0000] {processor.py:840} INFO - DAG(s) 'extract_open_meteo_v2' retrieved from /opt/airflow/dags/extract_open_meteo_dag.py
[2025-10-13T10:33:53.244+0000] {logging_mixin.py:188} INFO - [2025-10-13T10:33:53.243+0000] {dag.py:3047} INFO - Sync 1 DAGs
[2025-10-13T10:33:53.315+0000] {logging_mixin.py:188} INFO - [2025-10-13T10:33:53.315+0000] {dag.py:3834} INFO - Setting next_dagrun for extract_open_meteo_v2 to 2025-10-12 22:00:00+00:00, run_after=2025-10-13 22:00:00+00:00
[2025-10-13T10:33:53.407+0000] {processor.py:183} INFO - Processing /opt/airflow/dags/extract_open_meteo_dag.py took 0.304 seconds
[2025-10-13T10:34:24.097+0000] {processor.py:161} INFO - Started process (PID=7802) to work on /opt/airflow/dags/extract_open_meteo_dag.py
[2025-10-13T10:34:24.100+0000] {processor.py:830} INFO - Processing file /opt/airflow/dags/extract_open_meteo_dag.py for tasks to queue
[2025-10-13T10:34:24.105+0000] {logging_mixin.py:188} INFO - [2025-10-13T10:34:24.104+0000] {dagbag.py:540} INFO - Filling up the DagBag from /opt/airflow/dags/extract_open_meteo_dag.py
[2025-10-13T10:34:24.148+0000] {processor.py:840} INFO - DAG(s) 'extract_open_meteo_v2' retrieved from /opt/airflow/dags/extract_open_meteo_dag.py
[2025-10-13T10:34:24.237+0000] {logging_mixin.py:188} INFO - [2025-10-13T10:34:24.236+0000] {dag.py:3047} INFO - Sync 1 DAGs
[2025-10-13T10:34:24.306+0000] {logging_mixin.py:188} INFO - [2025-10-13T10:34:24.305+0000] {dag.py:3834} INFO - Setting next_dagrun for extract_open_meteo_v2 to 2025-10-12 22:00:00+00:00, run_after=2025-10-13 22:00:00+00:00
[2025-10-13T10:34:24.404+0000] {processor.py:183} INFO - Processing /opt/airflow/dags/extract_open_meteo_dag.py took 0.316 seconds
[2025-10-13T10:34:54.837+0000] {processor.py:161} INFO - Started process (PID=7817) to work on /opt/airflow/dags/extract_open_meteo_dag.py
[2025-10-13T10:34:54.839+0000] {processor.py:830} INFO - Processing file /opt/airflow/dags/extract_open_meteo_dag.py for tasks to queue
[2025-10-13T10:34:54.842+0000] {logging_mixin.py:188} INFO - [2025-10-13T10:34:54.841+0000] {dagbag.py:540} INFO - Filling up the DagBag from /opt/airflow/dags/extract_open_meteo_dag.py
[2025-10-13T10:34:54.886+0000] {processor.py:840} INFO - DAG(s) 'extract_open_meteo_v2' retrieved from /opt/airflow/dags/extract_open_meteo_dag.py
[2025-10-13T10:34:54.965+0000] {logging_mixin.py:188} INFO - [2025-10-13T10:34:54.964+0000] {dag.py:3047} INFO - Sync 1 DAGs
[2025-10-13T10:34:55.044+0000] {logging_mixin.py:188} INFO - [2025-10-13T10:34:55.043+0000] {dag.py:3834} INFO - Setting next_dagrun for extract_open_meteo_v2 to 2025-10-12 22:00:00+00:00, run_after=2025-10-13 22:00:00+00:00
[2025-10-13T10:34:55.129+0000] {processor.py:183} INFO - Processing /opt/airflow/dags/extract_open_meteo_dag.py took 0.296 seconds
[2025-10-13T10:35:25.672+0000] {processor.py:161} INFO - Started process (PID=7832) to work on /opt/airflow/dags/extract_open_meteo_dag.py
[2025-10-13T10:35:25.679+0000] {processor.py:830} INFO - Processing file /opt/airflow/dags/extract_open_meteo_dag.py for tasks to queue
[2025-10-13T10:35:25.683+0000] {logging_mixin.py:188} INFO - [2025-10-13T10:35:25.682+0000] {dagbag.py:540} INFO - Filling up the DagBag from /opt/airflow/dags/extract_open_meteo_dag.py
[2025-10-13T10:35:25.739+0000] {processor.py:840} INFO - DAG(s) 'extract_open_meteo_v2' retrieved from /opt/airflow/dags/extract_open_meteo_dag.py
[2025-10-13T10:35:25.822+0000] {logging_mixin.py:188} INFO - [2025-10-13T10:35:25.822+0000] {dag.py:3047} INFO - Sync 1 DAGs
[2025-10-13T10:35:25.877+0000] {logging_mixin.py:188} INFO - [2025-10-13T10:35:25.876+0000] {dag.py:3834} INFO - Setting next_dagrun for extract_open_meteo_v2 to 2025-10-12 22:00:00+00:00, run_after=2025-10-13 22:00:00+00:00
[2025-10-13T10:35:25.936+0000] {processor.py:183} INFO - Processing /opt/airflow/dags/extract_open_meteo_dag.py took 0.273 seconds
[2025-10-13T10:35:56.508+0000] {processor.py:161} INFO - Started process (PID=7847) to work on /opt/airflow/dags/extract_open_meteo_dag.py
[2025-10-13T10:35:56.510+0000] {processor.py:830} INFO - Processing file /opt/airflow/dags/extract_open_meteo_dag.py for tasks to queue
[2025-10-13T10:35:56.512+0000] {logging_mixin.py:188} INFO - [2025-10-13T10:35:56.511+0000] {dagbag.py:540} INFO - Filling up the DagBag from /opt/airflow/dags/extract_open_meteo_dag.py
[2025-10-13T10:35:56.551+0000] {processor.py:840} INFO - DAG(s) 'extract_open_meteo_v2' retrieved from /opt/airflow/dags/extract_open_meteo_dag.py
[2025-10-13T10:35:56.619+0000] {logging_mixin.py:188} INFO - [2025-10-13T10:35:56.619+0000] {dag.py:3047} INFO - Sync 1 DAGs
[2025-10-13T10:35:56.664+0000] {logging_mixin.py:188} INFO - [2025-10-13T10:35:56.664+0000] {dag.py:3834} INFO - Setting next_dagrun for extract_open_meteo_v2 to 2025-10-12 22:00:00+00:00, run_after=2025-10-13 22:00:00+00:00
[2025-10-13T10:35:56.735+0000] {processor.py:183} INFO - Processing /opt/airflow/dags/extract_open_meteo_dag.py took 0.232 seconds
[2025-10-13T10:36:27.256+0000] {processor.py:161} INFO - Started process (PID=7862) to work on /opt/airflow/dags/extract_open_meteo_dag.py
[2025-10-13T10:36:27.258+0000] {processor.py:830} INFO - Processing file /opt/airflow/dags/extract_open_meteo_dag.py for tasks to queue
[2025-10-13T10:36:27.260+0000] {logging_mixin.py:188} INFO - [2025-10-13T10:36:27.259+0000] {dagbag.py:540} INFO - Filling up the DagBag from /opt/airflow/dags/extract_open_meteo_dag.py
[2025-10-13T10:36:27.300+0000] {processor.py:840} INFO - DAG(s) 'extract_open_meteo_v2' retrieved from /opt/airflow/dags/extract_open_meteo_dag.py
[2025-10-13T10:36:27.389+0000] {logging_mixin.py:188} INFO - [2025-10-13T10:36:27.388+0000] {dag.py:3047} INFO - Sync 1 DAGs
[2025-10-13T10:36:27.457+0000] {logging_mixin.py:188} INFO - [2025-10-13T10:36:27.456+0000] {dag.py:3834} INFO - Setting next_dagrun for extract_open_meteo_v2 to 2025-10-12 22:00:00+00:00, run_after=2025-10-13 22:00:00+00:00
[2025-10-13T10:36:27.551+0000] {processor.py:183} INFO - Processing /opt/airflow/dags/extract_open_meteo_dag.py took 0.299 seconds
[2025-10-13T10:36:58.180+0000] {processor.py:161} INFO - Started process (PID=7877) to work on /opt/airflow/dags/extract_open_meteo_dag.py
[2025-10-13T10:36:58.183+0000] {processor.py:830} INFO - Processing file /opt/airflow/dags/extract_open_meteo_dag.py for tasks to queue
[2025-10-13T10:36:58.186+0000] {logging_mixin.py:188} INFO - [2025-10-13T10:36:58.184+0000] {dagbag.py:540} INFO - Filling up the DagBag from /opt/airflow/dags/extract_open_meteo_dag.py
[2025-10-13T10:36:58.223+0000] {processor.py:840} INFO - DAG(s) 'extract_open_meteo_v2' retrieved from /opt/airflow/dags/extract_open_meteo_dag.py
[2025-10-13T10:36:58.311+0000] {logging_mixin.py:188} INFO - [2025-10-13T10:36:58.310+0000] {dag.py:3047} INFO - Sync 1 DAGs
[2025-10-13T10:36:58.376+0000] {logging_mixin.py:188} INFO - [2025-10-13T10:36:58.375+0000] {dag.py:3834} INFO - Setting next_dagrun for extract_open_meteo_v2 to 2025-10-12 22:00:00+00:00, run_after=2025-10-13 22:00:00+00:00
[2025-10-13T10:36:58.473+0000] {processor.py:183} INFO - Processing /opt/airflow/dags/extract_open_meteo_dag.py took 0.300 seconds
[2025-10-13T10:37:29.205+0000] {processor.py:161} INFO - Started process (PID=7892) to work on /opt/airflow/dags/extract_open_meteo_dag.py
[2025-10-13T10:37:29.209+0000] {processor.py:830} INFO - Processing file /opt/airflow/dags/extract_open_meteo_dag.py for tasks to queue
[2025-10-13T10:37:29.217+0000] {logging_mixin.py:188} INFO - [2025-10-13T10:37:29.213+0000] {dagbag.py:540} INFO - Filling up the DagBag from /opt/airflow/dags/extract_open_meteo_dag.py
[2025-10-13T10:37:29.275+0000] {processor.py:840} INFO - DAG(s) 'extract_open_meteo_v2' retrieved from /opt/airflow/dags/extract_open_meteo_dag.py
[2025-10-13T10:37:29.390+0000] {logging_mixin.py:188} INFO - [2025-10-13T10:37:29.389+0000] {dag.py:3047} INFO - Sync 1 DAGs
[2025-10-13T10:37:29.455+0000] {logging_mixin.py:188} INFO - [2025-10-13T10:37:29.455+0000] {dag.py:3834} INFO - Setting next_dagrun for extract_open_meteo_v2 to 2025-10-12 22:00:00+00:00, run_after=2025-10-13 22:00:00+00:00
[2025-10-13T10:37:29.573+0000] {processor.py:183} INFO - Processing /opt/airflow/dags/extract_open_meteo_dag.py took 0.375 seconds
[2025-10-13T10:38:00.246+0000] {processor.py:161} INFO - Started process (PID=7907) to work on /opt/airflow/dags/extract_open_meteo_dag.py
[2025-10-13T10:38:00.248+0000] {processor.py:830} INFO - Processing file /opt/airflow/dags/extract_open_meteo_dag.py for tasks to queue
[2025-10-13T10:38:00.250+0000] {logging_mixin.py:188} INFO - [2025-10-13T10:38:00.249+0000] {dagbag.py:540} INFO - Filling up the DagBag from /opt/airflow/dags/extract_open_meteo_dag.py
[2025-10-13T10:38:00.292+0000] {processor.py:840} INFO - DAG(s) 'extract_open_meteo_v2' retrieved from /opt/airflow/dags/extract_open_meteo_dag.py
[2025-10-13T10:38:00.397+0000] {logging_mixin.py:188} INFO - [2025-10-13T10:38:00.397+0000] {dag.py:3047} INFO - Sync 1 DAGs
[2025-10-13T10:38:00.476+0000] {logging_mixin.py:188} INFO - [2025-10-13T10:38:00.475+0000] {dag.py:3834} INFO - Setting next_dagrun for extract_open_meteo_v2 to 2025-10-12 22:00:00+00:00, run_after=2025-10-13 22:00:00+00:00
[2025-10-13T10:38:00.562+0000] {processor.py:183} INFO - Processing /opt/airflow/dags/extract_open_meteo_dag.py took 0.322 seconds
[2025-10-13T10:38:31.119+0000] {processor.py:161} INFO - Started process (PID=7922) to work on /opt/airflow/dags/extract_open_meteo_dag.py
[2025-10-13T10:38:31.122+0000] {processor.py:830} INFO - Processing file /opt/airflow/dags/extract_open_meteo_dag.py for tasks to queue
[2025-10-13T10:38:31.125+0000] {logging_mixin.py:188} INFO - [2025-10-13T10:38:31.124+0000] {dagbag.py:540} INFO - Filling up the DagBag from /opt/airflow/dags/extract_open_meteo_dag.py
[2025-10-13T10:38:31.181+0000] {processor.py:840} INFO - DAG(s) 'extract_open_meteo_v2' retrieved from /opt/airflow/dags/extract_open_meteo_dag.py
[2025-10-13T10:38:31.277+0000] {logging_mixin.py:188} INFO - [2025-10-13T10:38:31.277+0000] {dag.py:3047} INFO - Sync 1 DAGs
[2025-10-13T10:38:31.339+0000] {logging_mixin.py:188} INFO - [2025-10-13T10:38:31.338+0000] {dag.py:3834} INFO - Setting next_dagrun for extract_open_meteo_v2 to 2025-10-12 22:00:00+00:00, run_after=2025-10-13 22:00:00+00:00
[2025-10-13T10:38:31.416+0000] {processor.py:183} INFO - Processing /opt/airflow/dags/extract_open_meteo_dag.py took 0.306 seconds
[2025-10-13T10:39:01.968+0000] {processor.py:161} INFO - Started process (PID=7937) to work on /opt/airflow/dags/extract_open_meteo_dag.py
[2025-10-13T10:39:01.971+0000] {processor.py:830} INFO - Processing file /opt/airflow/dags/extract_open_meteo_dag.py for tasks to queue
[2025-10-13T10:39:01.974+0000] {logging_mixin.py:188} INFO - [2025-10-13T10:39:01.973+0000] {dagbag.py:540} INFO - Filling up the DagBag from /opt/airflow/dags/extract_open_meteo_dag.py
[2025-10-13T10:39:02.033+0000] {processor.py:840} INFO - DAG(s) 'extract_open_meteo_v2' retrieved from /opt/airflow/dags/extract_open_meteo_dag.py
[2025-10-13T10:39:02.125+0000] {logging_mixin.py:188} INFO - [2025-10-13T10:39:02.124+0000] {dag.py:3047} INFO - Sync 1 DAGs
[2025-10-13T10:39:02.185+0000] {logging_mixin.py:188} INFO - [2025-10-13T10:39:02.184+0000] {dag.py:3834} INFO - Setting next_dagrun for extract_open_meteo_v2 to 2025-10-12 22:00:00+00:00, run_after=2025-10-13 22:00:00+00:00
[2025-10-13T10:39:02.264+0000] {processor.py:183} INFO - Processing /opt/airflow/dags/extract_open_meteo_dag.py took 0.303 seconds
[2025-10-13T10:39:32.751+0000] {processor.py:161} INFO - Started process (PID=7952) to work on /opt/airflow/dags/extract_open_meteo_dag.py
[2025-10-13T10:39:32.754+0000] {processor.py:830} INFO - Processing file /opt/airflow/dags/extract_open_meteo_dag.py for tasks to queue
[2025-10-13T10:39:32.764+0000] {logging_mixin.py:188} INFO - [2025-10-13T10:39:32.763+0000] {dagbag.py:540} INFO - Filling up the DagBag from /opt/airflow/dags/extract_open_meteo_dag.py
[2025-10-13T10:39:32.807+0000] {processor.py:840} INFO - DAG(s) 'extract_open_meteo_v2' retrieved from /opt/airflow/dags/extract_open_meteo_dag.py
[2025-10-13T10:39:32.879+0000] {logging_mixin.py:188} INFO - [2025-10-13T10:39:32.879+0000] {dag.py:3047} INFO - Sync 1 DAGs
[2025-10-13T10:39:32.934+0000] {logging_mixin.py:188} INFO - [2025-10-13T10:39:32.934+0000] {dag.py:3834} INFO - Setting next_dagrun for extract_open_meteo_v2 to 2025-10-12 22:00:00+00:00, run_after=2025-10-13 22:00:00+00:00
[2025-10-13T10:39:32.997+0000] {processor.py:183} INFO - Processing /opt/airflow/dags/extract_open_meteo_dag.py took 0.253 seconds
[2025-10-13T10:40:03.536+0000] {processor.py:161} INFO - Started process (PID=7967) to work on /opt/airflow/dags/extract_open_meteo_dag.py
[2025-10-13T10:40:03.540+0000] {processor.py:830} INFO - Processing file /opt/airflow/dags/extract_open_meteo_dag.py for tasks to queue
[2025-10-13T10:40:03.542+0000] {logging_mixin.py:188} INFO - [2025-10-13T10:40:03.541+0000] {dagbag.py:540} INFO - Filling up the DagBag from /opt/airflow/dags/extract_open_meteo_dag.py
[2025-10-13T10:40:03.589+0000] {processor.py:840} INFO - DAG(s) 'extract_open_meteo_v2' retrieved from /opt/airflow/dags/extract_open_meteo_dag.py
[2025-10-13T10:40:03.699+0000] {logging_mixin.py:188} INFO - [2025-10-13T10:40:03.698+0000] {dag.py:3047} INFO - Sync 1 DAGs
[2025-10-13T10:40:03.771+0000] {logging_mixin.py:188} INFO - [2025-10-13T10:40:03.771+0000] {dag.py:3834} INFO - Setting next_dagrun for extract_open_meteo_v2 to 2025-10-12 22:00:00+00:00, run_after=2025-10-13 22:00:00+00:00
[2025-10-13T10:40:03.842+0000] {processor.py:183} INFO - Processing /opt/airflow/dags/extract_open_meteo_dag.py took 0.313 seconds
[2025-10-13T10:40:34.283+0000] {processor.py:161} INFO - Started process (PID=7982) to work on /opt/airflow/dags/extract_open_meteo_dag.py
[2025-10-13T10:40:34.287+0000] {processor.py:830} INFO - Processing file /opt/airflow/dags/extract_open_meteo_dag.py for tasks to queue
[2025-10-13T10:40:34.291+0000] {logging_mixin.py:188} INFO - [2025-10-13T10:40:34.290+0000] {dagbag.py:540} INFO - Filling up the DagBag from /opt/airflow/dags/extract_open_meteo_dag.py
[2025-10-13T10:40:34.355+0000] {processor.py:840} INFO - DAG(s) 'extract_open_meteo_v2' retrieved from /opt/airflow/dags/extract_open_meteo_dag.py
[2025-10-13T10:40:34.512+0000] {logging_mixin.py:188} INFO - [2025-10-13T10:40:34.511+0000] {dag.py:3047} INFO - Sync 1 DAGs
[2025-10-13T10:40:34.578+0000] {logging_mixin.py:188} INFO - [2025-10-13T10:40:34.577+0000] {dag.py:3834} INFO - Setting next_dagrun for extract_open_meteo_v2 to 2025-10-12 22:00:00+00:00, run_after=2025-10-13 22:00:00+00:00
[2025-10-13T10:40:34.648+0000] {processor.py:183} INFO - Processing /opt/airflow/dags/extract_open_meteo_dag.py took 0.375 seconds
[2025-10-13T10:41:05.201+0000] {processor.py:161} INFO - Started process (PID=7997) to work on /opt/airflow/dags/extract_open_meteo_dag.py
[2025-10-13T10:41:05.204+0000] {processor.py:830} INFO - Processing file /opt/airflow/dags/extract_open_meteo_dag.py for tasks to queue
[2025-10-13T10:41:05.207+0000] {logging_mixin.py:188} INFO - [2025-10-13T10:41:05.206+0000] {dagbag.py:540} INFO - Filling up the DagBag from /opt/airflow/dags/extract_open_meteo_dag.py
[2025-10-13T10:41:05.253+0000] {processor.py:840} INFO - DAG(s) 'extract_open_meteo_v2' retrieved from /opt/airflow/dags/extract_open_meteo_dag.py
[2025-10-13T10:41:05.348+0000] {logging_mixin.py:188} INFO - [2025-10-13T10:41:05.347+0000] {dag.py:3047} INFO - Sync 1 DAGs
[2025-10-13T10:41:05.405+0000] {logging_mixin.py:188} INFO - [2025-10-13T10:41:05.405+0000] {dag.py:3834} INFO - Setting next_dagrun for extract_open_meteo_v2 to 2025-10-12 22:00:00+00:00, run_after=2025-10-13 22:00:00+00:00
[2025-10-13T10:41:05.502+0000] {processor.py:183} INFO - Processing /opt/airflow/dags/extract_open_meteo_dag.py took 0.308 seconds
[2025-10-13T10:41:36.098+0000] {processor.py:161} INFO - Started process (PID=8012) to work on /opt/airflow/dags/extract_open_meteo_dag.py
[2025-10-13T10:41:36.100+0000] {processor.py:830} INFO - Processing file /opt/airflow/dags/extract_open_meteo_dag.py for tasks to queue
[2025-10-13T10:41:36.103+0000] {logging_mixin.py:188} INFO - [2025-10-13T10:41:36.102+0000] {dagbag.py:540} INFO - Filling up the DagBag from /opt/airflow/dags/extract_open_meteo_dag.py
[2025-10-13T10:41:36.165+0000] {processor.py:840} INFO - DAG(s) 'extract_open_meteo_v2' retrieved from /opt/airflow/dags/extract_open_meteo_dag.py
[2025-10-13T10:41:36.288+0000] {logging_mixin.py:188} INFO - [2025-10-13T10:41:36.287+0000] {dag.py:3047} INFO - Sync 1 DAGs
[2025-10-13T10:41:36.369+0000] {logging_mixin.py:188} INFO - [2025-10-13T10:41:36.368+0000] {dag.py:3834} INFO - Setting next_dagrun for extract_open_meteo_v2 to 2025-10-12 22:00:00+00:00, run_after=2025-10-13 22:00:00+00:00
[2025-10-13T10:41:36.488+0000] {processor.py:183} INFO - Processing /opt/airflow/dags/extract_open_meteo_dag.py took 0.395 seconds
[2025-10-13T10:42:07.078+0000] {processor.py:161} INFO - Started process (PID=8027) to work on /opt/airflow/dags/extract_open_meteo_dag.py
[2025-10-13T10:42:07.084+0000] {processor.py:830} INFO - Processing file /opt/airflow/dags/extract_open_meteo_dag.py for tasks to queue
[2025-10-13T10:42:07.088+0000] {logging_mixin.py:188} INFO - [2025-10-13T10:42:07.087+0000] {dagbag.py:540} INFO - Filling up the DagBag from /opt/airflow/dags/extract_open_meteo_dag.py
[2025-10-13T10:42:07.150+0000] {processor.py:840} INFO - DAG(s) 'extract_open_meteo_v2' retrieved from /opt/airflow/dags/extract_open_meteo_dag.py
[2025-10-13T10:42:07.254+0000] {logging_mixin.py:188} INFO - [2025-10-13T10:42:07.253+0000] {dag.py:3047} INFO - Sync 1 DAGs
[2025-10-13T10:42:07.339+0000] {logging_mixin.py:188} INFO - [2025-10-13T10:42:07.338+0000] {dag.py:3834} INFO - Setting next_dagrun for extract_open_meteo_v2 to 2025-10-12 22:00:00+00:00, run_after=2025-10-13 22:00:00+00:00
[2025-10-13T10:42:07.448+0000] {processor.py:183} INFO - Processing /opt/airflow/dags/extract_open_meteo_dag.py took 0.384 seconds
[2025-10-13T10:42:38.190+0000] {processor.py:161} INFO - Started process (PID=8042) to work on /opt/airflow/dags/extract_open_meteo_dag.py
[2025-10-13T10:42:38.192+0000] {processor.py:830} INFO - Processing file /opt/airflow/dags/extract_open_meteo_dag.py for tasks to queue
[2025-10-13T10:42:38.195+0000] {logging_mixin.py:188} INFO - [2025-10-13T10:42:38.194+0000] {dagbag.py:540} INFO - Filling up the DagBag from /opt/airflow/dags/extract_open_meteo_dag.py
[2025-10-13T10:42:38.236+0000] {processor.py:840} INFO - DAG(s) 'extract_open_meteo_v2' retrieved from /opt/airflow/dags/extract_open_meteo_dag.py
[2025-10-13T10:42:38.327+0000] {logging_mixin.py:188} INFO - [2025-10-13T10:42:38.326+0000] {dag.py:3047} INFO - Sync 1 DAGs
[2025-10-13T10:42:38.396+0000] {logging_mixin.py:188} INFO - [2025-10-13T10:42:38.395+0000] {dag.py:3834} INFO - Setting next_dagrun for extract_open_meteo_v2 to 2025-10-12 22:00:00+00:00, run_after=2025-10-13 22:00:00+00:00
[2025-10-13T10:42:38.490+0000] {processor.py:183} INFO - Processing /opt/airflow/dags/extract_open_meteo_dag.py took 0.305 seconds
[2025-10-13T10:43:09.077+0000] {processor.py:161} INFO - Started process (PID=8057) to work on /opt/airflow/dags/extract_open_meteo_dag.py
[2025-10-13T10:43:09.078+0000] {processor.py:830} INFO - Processing file /opt/airflow/dags/extract_open_meteo_dag.py for tasks to queue
[2025-10-13T10:43:09.081+0000] {logging_mixin.py:188} INFO - [2025-10-13T10:43:09.080+0000] {dagbag.py:540} INFO - Filling up the DagBag from /opt/airflow/dags/extract_open_meteo_dag.py
[2025-10-13T10:43:09.120+0000] {processor.py:840} INFO - DAG(s) 'extract_open_meteo_v2' retrieved from /opt/airflow/dags/extract_open_meteo_dag.py
[2025-10-13T10:43:09.256+0000] {logging_mixin.py:188} INFO - [2025-10-13T10:43:09.247+0000] {dag.py:3047} INFO - Sync 1 DAGs
[2025-10-13T10:43:09.440+0000] {logging_mixin.py:188} INFO - [2025-10-13T10:43:09.439+0000] {dag.py:3834} INFO - Setting next_dagrun for extract_open_meteo_v2 to 2025-10-12 22:00:00+00:00, run_after=2025-10-13 22:00:00+00:00
[2025-10-13T10:43:09.566+0000] {processor.py:183} INFO - Processing /opt/airflow/dags/extract_open_meteo_dag.py took 0.494 seconds
[2025-10-13T10:43:40.301+0000] {processor.py:161} INFO - Started process (PID=8072) to work on /opt/airflow/dags/extract_open_meteo_dag.py
[2025-10-13T10:43:40.303+0000] {processor.py:830} INFO - Processing file /opt/airflow/dags/extract_open_meteo_dag.py for tasks to queue
[2025-10-13T10:43:40.305+0000] {logging_mixin.py:188} INFO - [2025-10-13T10:43:40.304+0000] {dagbag.py:540} INFO - Filling up the DagBag from /opt/airflow/dags/extract_open_meteo_dag.py
[2025-10-13T10:43:40.350+0000] {processor.py:840} INFO - DAG(s) 'extract_open_meteo_v2' retrieved from /opt/airflow/dags/extract_open_meteo_dag.py
[2025-10-13T10:43:40.443+0000] {logging_mixin.py:188} INFO - [2025-10-13T10:43:40.443+0000] {dag.py:3047} INFO - Sync 1 DAGs
[2025-10-13T10:43:40.510+0000] {logging_mixin.py:188} INFO - [2025-10-13T10:43:40.510+0000] {dag.py:3834} INFO - Setting next_dagrun for extract_open_meteo_v2 to 2025-10-12 22:00:00+00:00, run_after=2025-10-13 22:00:00+00:00
[2025-10-13T10:43:40.619+0000] {processor.py:183} INFO - Processing /opt/airflow/dags/extract_open_meteo_dag.py took 0.322 seconds
[2025-10-13T10:44:10.816+0000] {processor.py:161} INFO - Started process (PID=8087) to work on /opt/airflow/dags/extract_open_meteo_dag.py
[2025-10-13T10:44:10.818+0000] {processor.py:830} INFO - Processing file /opt/airflow/dags/extract_open_meteo_dag.py for tasks to queue
[2025-10-13T10:44:10.819+0000] {logging_mixin.py:188} INFO - [2025-10-13T10:44:10.819+0000] {dagbag.py:540} INFO - Filling up the DagBag from /opt/airflow/dags/extract_open_meteo_dag.py
[2025-10-13T10:44:10.858+0000] {processor.py:840} INFO - DAG(s) 'extract_open_meteo_v2' retrieved from /opt/airflow/dags/extract_open_meteo_dag.py
[2025-10-13T10:44:10.932+0000] {logging_mixin.py:188} INFO - [2025-10-13T10:44:10.931+0000] {dag.py:3047} INFO - Sync 1 DAGs
[2025-10-13T10:44:10.982+0000] {logging_mixin.py:188} INFO - [2025-10-13T10:44:10.981+0000] {dag.py:3834} INFO - Setting next_dagrun for extract_open_meteo_v2 to 2025-10-12 22:00:00+00:00, run_after=2025-10-13 22:00:00+00:00
[2025-10-13T10:44:11.042+0000] {processor.py:183} INFO - Processing /opt/airflow/dags/extract_open_meteo_dag.py took 0.230 seconds
[2025-10-13T10:44:41.658+0000] {processor.py:161} INFO - Started process (PID=8102) to work on /opt/airflow/dags/extract_open_meteo_dag.py
[2025-10-13T10:44:41.660+0000] {processor.py:830} INFO - Processing file /opt/airflow/dags/extract_open_meteo_dag.py for tasks to queue
[2025-10-13T10:44:41.663+0000] {logging_mixin.py:188} INFO - [2025-10-13T10:44:41.662+0000] {dagbag.py:540} INFO - Filling up the DagBag from /opt/airflow/dags/extract_open_meteo_dag.py
[2025-10-13T10:44:41.761+0000] {processor.py:840} INFO - DAG(s) 'extract_open_meteo_v2' retrieved from /opt/airflow/dags/extract_open_meteo_dag.py
[2025-10-13T10:44:41.876+0000] {logging_mixin.py:188} INFO - [2025-10-13T10:44:41.875+0000] {dag.py:3047} INFO - Sync 1 DAGs
[2025-10-13T10:44:41.940+0000] {logging_mixin.py:188} INFO - [2025-10-13T10:44:41.940+0000] {dag.py:3834} INFO - Setting next_dagrun for extract_open_meteo_v2 to 2025-10-12 22:00:00+00:00, run_after=2025-10-13 22:00:00+00:00
[2025-10-13T10:44:42.038+0000] {processor.py:183} INFO - Processing /opt/airflow/dags/extract_open_meteo_dag.py took 0.386 seconds
[2025-10-13T10:45:12.543+0000] {processor.py:161} INFO - Started process (PID=8119) to work on /opt/airflow/dags/extract_open_meteo_dag.py
[2025-10-13T10:45:12.544+0000] {processor.py:830} INFO - Processing file /opt/airflow/dags/extract_open_meteo_dag.py for tasks to queue
[2025-10-13T10:45:12.547+0000] {logging_mixin.py:188} INFO - [2025-10-13T10:45:12.546+0000] {dagbag.py:540} INFO - Filling up the DagBag from /opt/airflow/dags/extract_open_meteo_dag.py
[2025-10-13T10:45:12.583+0000] {processor.py:840} INFO - DAG(s) 'extract_open_meteo_v2' retrieved from /opt/airflow/dags/extract_open_meteo_dag.py
[2025-10-13T10:45:12.664+0000] {logging_mixin.py:188} INFO - [2025-10-13T10:45:12.664+0000] {dag.py:3047} INFO - Sync 1 DAGs
[2025-10-13T10:45:12.728+0000] {logging_mixin.py:188} INFO - [2025-10-13T10:45:12.728+0000] {dag.py:3834} INFO - Setting next_dagrun for extract_open_meteo_v2 to 2025-10-12 22:00:00+00:00, run_after=2025-10-13 22:00:00+00:00
[2025-10-13T10:45:12.779+0000] {processor.py:183} INFO - Processing /opt/airflow/dags/extract_open_meteo_dag.py took 0.241 seconds
[2025-10-13T10:45:43.307+0000] {processor.py:161} INFO - Started process (PID=8132) to work on /opt/airflow/dags/extract_open_meteo_dag.py
[2025-10-13T10:45:43.311+0000] {processor.py:830} INFO - Processing file /opt/airflow/dags/extract_open_meteo_dag.py for tasks to queue
[2025-10-13T10:45:43.317+0000] {logging_mixin.py:188} INFO - [2025-10-13T10:45:43.316+0000] {dagbag.py:540} INFO - Filling up the DagBag from /opt/airflow/dags/extract_open_meteo_dag.py
[2025-10-13T10:45:43.370+0000] {processor.py:840} INFO - DAG(s) 'extract_open_meteo_v2' retrieved from /opt/airflow/dags/extract_open_meteo_dag.py
[2025-10-13T10:45:43.500+0000] {logging_mixin.py:188} INFO - [2025-10-13T10:45:43.500+0000] {dag.py:3047} INFO - Sync 1 DAGs
[2025-10-13T10:45:43.592+0000] {logging_mixin.py:188} INFO - [2025-10-13T10:45:43.591+0000] {dag.py:3834} INFO - Setting next_dagrun for extract_open_meteo_v2 to 2025-10-12 22:00:00+00:00, run_after=2025-10-13 22:00:00+00:00
[2025-10-13T10:45:43.672+0000] {processor.py:183} INFO - Processing /opt/airflow/dags/extract_open_meteo_dag.py took 0.373 seconds
[2025-10-13T10:46:14.165+0000] {processor.py:161} INFO - Started process (PID=8147) to work on /opt/airflow/dags/extract_open_meteo_dag.py
[2025-10-13T10:46:14.168+0000] {processor.py:830} INFO - Processing file /opt/airflow/dags/extract_open_meteo_dag.py for tasks to queue
[2025-10-13T10:46:14.171+0000] {logging_mixin.py:188} INFO - [2025-10-13T10:46:14.170+0000] {dagbag.py:540} INFO - Filling up the DagBag from /opt/airflow/dags/extract_open_meteo_dag.py
[2025-10-13T10:46:14.219+0000] {processor.py:840} INFO - DAG(s) 'extract_open_meteo_v2' retrieved from /opt/airflow/dags/extract_open_meteo_dag.py
[2025-10-13T10:46:14.314+0000] {logging_mixin.py:188} INFO - [2025-10-13T10:46:14.314+0000] {dag.py:3047} INFO - Sync 1 DAGs
[2025-10-13T10:46:14.374+0000] {logging_mixin.py:188} INFO - [2025-10-13T10:46:14.374+0000] {dag.py:3834} INFO - Setting next_dagrun for extract_open_meteo_v2 to 2025-10-12 22:00:00+00:00, run_after=2025-10-13 22:00:00+00:00
[2025-10-13T10:46:14.465+0000] {processor.py:183} INFO - Processing /opt/airflow/dags/extract_open_meteo_dag.py took 0.308 seconds
[2025-10-13T10:46:45.173+0000] {processor.py:161} INFO - Started process (PID=8162) to work on /opt/airflow/dags/extract_open_meteo_dag.py
[2025-10-13T10:46:45.178+0000] {processor.py:830} INFO - Processing file /opt/airflow/dags/extract_open_meteo_dag.py for tasks to queue
[2025-10-13T10:46:45.182+0000] {logging_mixin.py:188} INFO - [2025-10-13T10:46:45.181+0000] {dagbag.py:540} INFO - Filling up the DagBag from /opt/airflow/dags/extract_open_meteo_dag.py
[2025-10-13T10:46:45.338+0000] {processor.py:840} INFO - DAG(s) 'extract_open_meteo_v2' retrieved from /opt/airflow/dags/extract_open_meteo_dag.py
[2025-10-13T10:46:45.414+0000] {logging_mixin.py:188} INFO - [2025-10-13T10:46:45.413+0000] {dag.py:3047} INFO - Sync 1 DAGs
[2025-10-13T10:46:45.476+0000] {logging_mixin.py:188} INFO - [2025-10-13T10:46:45.475+0000] {dag.py:3834} INFO - Setting next_dagrun for extract_open_meteo_v2 to 2025-10-12 22:00:00+00:00, run_after=2025-10-13 22:00:00+00:00
[2025-10-13T10:46:45.563+0000] {processor.py:183} INFO - Processing /opt/airflow/dags/extract_open_meteo_dag.py took 0.396 seconds
[2025-10-13T10:47:16.192+0000] {processor.py:161} INFO - Started process (PID=8177) to work on /opt/airflow/dags/extract_open_meteo_dag.py
[2025-10-13T10:47:16.194+0000] {processor.py:830} INFO - Processing file /opt/airflow/dags/extract_open_meteo_dag.py for tasks to queue
[2025-10-13T10:47:16.197+0000] {logging_mixin.py:188} INFO - [2025-10-13T10:47:16.196+0000] {dagbag.py:540} INFO - Filling up the DagBag from /opt/airflow/dags/extract_open_meteo_dag.py
[2025-10-13T10:47:16.243+0000] {processor.py:840} INFO - DAG(s) 'extract_open_meteo_v2' retrieved from /opt/airflow/dags/extract_open_meteo_dag.py
[2025-10-13T10:47:16.319+0000] {logging_mixin.py:188} INFO - [2025-10-13T10:47:16.319+0000] {dag.py:3047} INFO - Sync 1 DAGs
[2025-10-13T10:47:16.394+0000] {logging_mixin.py:188} INFO - [2025-10-13T10:47:16.394+0000] {dag.py:3834} INFO - Setting next_dagrun for extract_open_meteo_v2 to 2025-10-12 22:00:00+00:00, run_after=2025-10-13 22:00:00+00:00
[2025-10-13T10:47:16.458+0000] {processor.py:183} INFO - Processing /opt/airflow/dags/extract_open_meteo_dag.py took 0.271 seconds
[2025-10-13T10:47:47.023+0000] {processor.py:161} INFO - Started process (PID=8192) to work on /opt/airflow/dags/extract_open_meteo_dag.py
[2025-10-13T10:47:47.025+0000] {processor.py:830} INFO - Processing file /opt/airflow/dags/extract_open_meteo_dag.py for tasks to queue
[2025-10-13T10:47:47.027+0000] {logging_mixin.py:188} INFO - [2025-10-13T10:47:47.027+0000] {dagbag.py:540} INFO - Filling up the DagBag from /opt/airflow/dags/extract_open_meteo_dag.py
[2025-10-13T10:47:47.210+0000] {processor.py:840} INFO - DAG(s) 'extract_open_meteo_v2' retrieved from /opt/airflow/dags/extract_open_meteo_dag.py
[2025-10-13T10:47:47.314+0000] {logging_mixin.py:188} INFO - [2025-10-13T10:47:47.314+0000] {dag.py:3047} INFO - Sync 1 DAGs
[2025-10-13T10:47:47.381+0000] {logging_mixin.py:188} INFO - [2025-10-13T10:47:47.381+0000] {dag.py:3834} INFO - Setting next_dagrun for extract_open_meteo_v2 to 2025-10-12 22:00:00+00:00, run_after=2025-10-13 22:00:00+00:00
[2025-10-13T10:47:47.487+0000] {processor.py:183} INFO - Processing /opt/airflow/dags/extract_open_meteo_dag.py took 0.471 seconds
[2025-10-13T10:48:18.051+0000] {processor.py:161} INFO - Started process (PID=8207) to work on /opt/airflow/dags/extract_open_meteo_dag.py
[2025-10-13T10:48:18.053+0000] {processor.py:830} INFO - Processing file /opt/airflow/dags/extract_open_meteo_dag.py for tasks to queue
[2025-10-13T10:48:18.055+0000] {logging_mixin.py:188} INFO - [2025-10-13T10:48:18.055+0000] {dagbag.py:540} INFO - Filling up the DagBag from /opt/airflow/dags/extract_open_meteo_dag.py
[2025-10-13T10:48:18.105+0000] {processor.py:840} INFO - DAG(s) 'extract_open_meteo_v2' retrieved from /opt/airflow/dags/extract_open_meteo_dag.py
[2025-10-13T10:48:18.214+0000] {logging_mixin.py:188} INFO - [2025-10-13T10:48:18.213+0000] {dag.py:3047} INFO - Sync 1 DAGs
[2025-10-13T10:48:18.290+0000] {logging_mixin.py:188} INFO - [2025-10-13T10:48:18.290+0000] {dag.py:3834} INFO - Setting next_dagrun for extract_open_meteo_v2 to 2025-10-12 22:00:00+00:00, run_after=2025-10-13 22:00:00+00:00
[2025-10-13T10:48:18.401+0000] {processor.py:183} INFO - Processing /opt/airflow/dags/extract_open_meteo_dag.py took 0.357 seconds
[2025-10-13T10:48:49.016+0000] {processor.py:161} INFO - Started process (PID=8222) to work on /opt/airflow/dags/extract_open_meteo_dag.py
[2025-10-13T10:48:49.018+0000] {processor.py:830} INFO - Processing file /opt/airflow/dags/extract_open_meteo_dag.py for tasks to queue
[2025-10-13T10:48:49.020+0000] {logging_mixin.py:188} INFO - [2025-10-13T10:48:49.019+0000] {dagbag.py:540} INFO - Filling up the DagBag from /opt/airflow/dags/extract_open_meteo_dag.py
[2025-10-13T10:48:49.056+0000] {processor.py:840} INFO - DAG(s) 'extract_open_meteo_v2' retrieved from /opt/airflow/dags/extract_open_meteo_dag.py
[2025-10-13T10:48:49.148+0000] {logging_mixin.py:188} INFO - [2025-10-13T10:48:49.147+0000] {dag.py:3047} INFO - Sync 1 DAGs
[2025-10-13T10:48:49.361+0000] {logging_mixin.py:188} INFO - [2025-10-13T10:48:49.361+0000] {dag.py:3834} INFO - Setting next_dagrun for extract_open_meteo_v2 to 2025-10-12 22:00:00+00:00, run_after=2025-10-13 22:00:00+00:00
[2025-10-13T10:48:49.559+0000] {processor.py:183} INFO - Processing /opt/airflow/dags/extract_open_meteo_dag.py took 0.549 seconds
[2025-10-13T10:49:20.154+0000] {processor.py:161} INFO - Started process (PID=8237) to work on /opt/airflow/dags/extract_open_meteo_dag.py
[2025-10-13T10:49:20.156+0000] {processor.py:830} INFO - Processing file /opt/airflow/dags/extract_open_meteo_dag.py for tasks to queue
[2025-10-13T10:49:20.157+0000] {logging_mixin.py:188} INFO - [2025-10-13T10:49:20.157+0000] {dagbag.py:540} INFO - Filling up the DagBag from /opt/airflow/dags/extract_open_meteo_dag.py
[2025-10-13T10:49:20.206+0000] {processor.py:840} INFO - DAG(s) 'extract_open_meteo_v2' retrieved from /opt/airflow/dags/extract_open_meteo_dag.py
[2025-10-13T10:49:20.299+0000] {logging_mixin.py:188} INFO - [2025-10-13T10:49:20.299+0000] {dag.py:3047} INFO - Sync 1 DAGs
[2025-10-13T10:49:20.368+0000] {logging_mixin.py:188} INFO - [2025-10-13T10:49:20.368+0000] {dag.py:3834} INFO - Setting next_dagrun for extract_open_meteo_v2 to 2025-10-12 22:00:00+00:00, run_after=2025-10-13 22:00:00+00:00
[2025-10-13T10:49:20.456+0000] {processor.py:183} INFO - Processing /opt/airflow/dags/extract_open_meteo_dag.py took 0.336 seconds
[2025-10-13T10:49:51.040+0000] {processor.py:161} INFO - Started process (PID=8252) to work on /opt/airflow/dags/extract_open_meteo_dag.py
[2025-10-13T10:49:51.042+0000] {processor.py:830} INFO - Processing file /opt/airflow/dags/extract_open_meteo_dag.py for tasks to queue
[2025-10-13T10:49:51.043+0000] {logging_mixin.py:188} INFO - [2025-10-13T10:49:51.043+0000] {dagbag.py:540} INFO - Filling up the DagBag from /opt/airflow/dags/extract_open_meteo_dag.py
[2025-10-13T10:49:51.079+0000] {processor.py:840} INFO - DAG(s) 'extract_open_meteo_v2' retrieved from /opt/airflow/dags/extract_open_meteo_dag.py
[2025-10-13T10:49:51.160+0000] {logging_mixin.py:188} INFO - [2025-10-13T10:49:51.159+0000] {dag.py:3047} INFO - Sync 1 DAGs
[2025-10-13T10:49:51.217+0000] {logging_mixin.py:188} INFO - [2025-10-13T10:49:51.216+0000] {dag.py:3834} INFO - Setting next_dagrun for extract_open_meteo_v2 to 2025-10-12 22:00:00+00:00, run_after=2025-10-13 22:00:00+00:00
[2025-10-13T10:49:51.302+0000] {processor.py:183} INFO - Processing /opt/airflow/dags/extract_open_meteo_dag.py took 0.267 seconds
[2025-10-13T10:50:21.829+0000] {processor.py:161} INFO - Started process (PID=8267) to work on /opt/airflow/dags/extract_open_meteo_dag.py
[2025-10-13T10:50:21.830+0000] {processor.py:830} INFO - Processing file /opt/airflow/dags/extract_open_meteo_dag.py for tasks to queue
[2025-10-13T10:50:21.832+0000] {logging_mixin.py:188} INFO - [2025-10-13T10:50:21.832+0000] {dagbag.py:540} INFO - Filling up the DagBag from /opt/airflow/dags/extract_open_meteo_dag.py
[2025-10-13T10:50:21.878+0000] {processor.py:840} INFO - DAG(s) 'extract_open_meteo_v2' retrieved from /opt/airflow/dags/extract_open_meteo_dag.py
[2025-10-13T10:50:21.942+0000] {logging_mixin.py:188} INFO - [2025-10-13T10:50:21.942+0000] {dag.py:3047} INFO - Sync 1 DAGs
[2025-10-13T10:50:21.983+0000] {logging_mixin.py:188} INFO - [2025-10-13T10:50:21.983+0000] {dag.py:3834} INFO - Setting next_dagrun for extract_open_meteo_v2 to 2025-10-12 22:00:00+00:00, run_after=2025-10-13 22:00:00+00:00
[2025-10-13T10:50:22.047+0000] {processor.py:183} INFO - Processing /opt/airflow/dags/extract_open_meteo_dag.py took 0.222 seconds
[2025-10-13T10:50:53.276+0000] {processor.py:161} INFO - Started process (PID=8282) to work on /opt/airflow/dags/extract_open_meteo_dag.py
[2025-10-13T10:50:53.380+0000] {processor.py:830} INFO - Processing file /opt/airflow/dags/extract_open_meteo_dag.py for tasks to queue
[2025-10-13T10:50:53.383+0000] {logging_mixin.py:188} INFO - [2025-10-13T10:50:53.382+0000] {dagbag.py:540} INFO - Filling up the DagBag from /opt/airflow/dags/extract_open_meteo_dag.py
[2025-10-13T10:50:53.604+0000] {processor.py:840} INFO - DAG(s) 'extract_open_meteo_v2' retrieved from /opt/airflow/dags/extract_open_meteo_dag.py
[2025-10-13T10:50:53.750+0000] {logging_mixin.py:188} INFO - [2025-10-13T10:50:53.749+0000] {dag.py:3047} INFO - Sync 1 DAGs
[2025-10-13T10:50:53.803+0000] {logging_mixin.py:188} INFO - [2025-10-13T10:50:53.803+0000] {dag.py:3834} INFO - Setting next_dagrun for extract_open_meteo_v2 to 2025-10-12 22:00:00+00:00, run_after=2025-10-13 22:00:00+00:00
[2025-10-13T10:50:53.862+0000] {processor.py:183} INFO - Processing /opt/airflow/dags/extract_open_meteo_dag.py took 0.591 seconds
[2025-10-13T10:51:24.402+0000] {processor.py:161} INFO - Started process (PID=8297) to work on /opt/airflow/dags/extract_open_meteo_dag.py
[2025-10-13T10:51:24.410+0000] {processor.py:830} INFO - Processing file /opt/airflow/dags/extract_open_meteo_dag.py for tasks to queue
[2025-10-13T10:51:24.415+0000] {logging_mixin.py:188} INFO - [2025-10-13T10:51:24.413+0000] {dagbag.py:540} INFO - Filling up the DagBag from /opt/airflow/dags/extract_open_meteo_dag.py
[2025-10-13T10:51:24.477+0000] {processor.py:840} INFO - DAG(s) 'extract_open_meteo_v2' retrieved from /opt/airflow/dags/extract_open_meteo_dag.py
[2025-10-13T10:51:24.586+0000] {logging_mixin.py:188} INFO - [2025-10-13T10:51:24.586+0000] {dag.py:3047} INFO - Sync 1 DAGs
[2025-10-13T10:51:24.669+0000] {logging_mixin.py:188} INFO - [2025-10-13T10:51:24.669+0000] {dag.py:3834} INFO - Setting next_dagrun for extract_open_meteo_v2 to 2025-10-12 22:00:00+00:00, run_after=2025-10-13 22:00:00+00:00
[2025-10-13T10:51:24.773+0000] {processor.py:183} INFO - Processing /opt/airflow/dags/extract_open_meteo_dag.py took 0.394 seconds
[2025-10-13T10:51:55.470+0000] {processor.py:161} INFO - Started process (PID=8312) to work on /opt/airflow/dags/extract_open_meteo_dag.py
[2025-10-13T10:51:55.492+0000] {processor.py:830} INFO - Processing file /opt/airflow/dags/extract_open_meteo_dag.py for tasks to queue
[2025-10-13T10:51:55.511+0000] {logging_mixin.py:188} INFO - [2025-10-13T10:51:55.510+0000] {dagbag.py:540} INFO - Filling up the DagBag from /opt/airflow/dags/extract_open_meteo_dag.py
[2025-10-13T10:51:55.622+0000] {processor.py:840} INFO - DAG(s) 'extract_open_meteo_v2' retrieved from /opt/airflow/dags/extract_open_meteo_dag.py
[2025-10-13T10:51:55.732+0000] {logging_mixin.py:188} INFO - [2025-10-13T10:51:55.731+0000] {dag.py:3047} INFO - Sync 1 DAGs
[2025-10-13T10:51:55.806+0000] {logging_mixin.py:188} INFO - [2025-10-13T10:51:55.806+0000] {dag.py:3834} INFO - Setting next_dagrun for extract_open_meteo_v2 to 2025-10-12 22:00:00+00:00, run_after=2025-10-13 22:00:00+00:00
[2025-10-13T10:51:55.892+0000] {processor.py:183} INFO - Processing /opt/airflow/dags/extract_open_meteo_dag.py took 0.434 seconds
[2025-10-13T10:52:26.391+0000] {processor.py:161} INFO - Started process (PID=8327) to work on /opt/airflow/dags/extract_open_meteo_dag.py
[2025-10-13T10:52:26.394+0000] {processor.py:830} INFO - Processing file /opt/airflow/dags/extract_open_meteo_dag.py for tasks to queue
[2025-10-13T10:52:26.396+0000] {logging_mixin.py:188} INFO - [2025-10-13T10:52:26.396+0000] {dagbag.py:540} INFO - Filling up the DagBag from /opt/airflow/dags/extract_open_meteo_dag.py
[2025-10-13T10:52:26.438+0000] {processor.py:840} INFO - DAG(s) 'extract_open_meteo_v2' retrieved from /opt/airflow/dags/extract_open_meteo_dag.py
[2025-10-13T10:52:26.528+0000] {logging_mixin.py:188} INFO - [2025-10-13T10:52:26.528+0000] {dag.py:3047} INFO - Sync 1 DAGs
[2025-10-13T10:52:26.589+0000] {logging_mixin.py:188} INFO - [2025-10-13T10:52:26.588+0000] {dag.py:3834} INFO - Setting next_dagrun for extract_open_meteo_v2 to 2025-10-12 22:00:00+00:00, run_after=2025-10-13 22:00:00+00:00
[2025-10-13T10:52:26.655+0000] {processor.py:183} INFO - Processing /opt/airflow/dags/extract_open_meteo_dag.py took 0.272 seconds
[2025-10-13T10:52:56.852+0000] {processor.py:161} INFO - Started process (PID=8342) to work on /opt/airflow/dags/extract_open_meteo_dag.py
[2025-10-13T10:52:56.855+0000] {processor.py:830} INFO - Processing file /opt/airflow/dags/extract_open_meteo_dag.py for tasks to queue
[2025-10-13T10:52:56.857+0000] {logging_mixin.py:188} INFO - [2025-10-13T10:52:56.856+0000] {dagbag.py:540} INFO - Filling up the DagBag from /opt/airflow/dags/extract_open_meteo_dag.py
[2025-10-13T10:52:56.910+0000] {processor.py:840} INFO - DAG(s) 'extract_open_meteo_v2' retrieved from /opt/airflow/dags/extract_open_meteo_dag.py
[2025-10-13T10:52:57.012+0000] {logging_mixin.py:188} INFO - [2025-10-13T10:52:57.012+0000] {dag.py:3047} INFO - Sync 1 DAGs
[2025-10-13T10:52:57.092+0000] {logging_mixin.py:188} INFO - [2025-10-13T10:52:57.092+0000] {dag.py:3834} INFO - Setting next_dagrun for extract_open_meteo_v2 to 2025-10-12 22:00:00+00:00, run_after=2025-10-13 22:00:00+00:00
[2025-10-13T10:52:57.185+0000] {processor.py:183} INFO - Processing /opt/airflow/dags/extract_open_meteo_dag.py took 0.343 seconds
[2025-10-13T10:53:27.779+0000] {processor.py:161} INFO - Started process (PID=8357) to work on /opt/airflow/dags/extract_open_meteo_dag.py
[2025-10-13T10:53:27.784+0000] {processor.py:830} INFO - Processing file /opt/airflow/dags/extract_open_meteo_dag.py for tasks to queue
[2025-10-13T10:53:27.786+0000] {logging_mixin.py:188} INFO - [2025-10-13T10:53:27.786+0000] {dagbag.py:540} INFO - Filling up the DagBag from /opt/airflow/dags/extract_open_meteo_dag.py
[2025-10-13T10:53:27.847+0000] {processor.py:840} INFO - DAG(s) 'extract_open_meteo_v2' retrieved from /opt/airflow/dags/extract_open_meteo_dag.py
[2025-10-13T10:53:27.930+0000] {logging_mixin.py:188} INFO - [2025-10-13T10:53:27.929+0000] {dag.py:3047} INFO - Sync 1 DAGs
[2025-10-13T10:53:27.995+0000] {logging_mixin.py:188} INFO - [2025-10-13T10:53:27.995+0000] {dag.py:3834} INFO - Setting next_dagrun for extract_open_meteo_v2 to 2025-10-12 22:00:00+00:00, run_after=2025-10-13 22:00:00+00:00
[2025-10-13T10:53:28.079+0000] {processor.py:183} INFO - Processing /opt/airflow/dags/extract_open_meteo_dag.py took 0.309 seconds
[2025-10-13T10:53:58.319+0000] {processor.py:161} INFO - Started process (PID=8372) to work on /opt/airflow/dags/extract_open_meteo_dag.py
[2025-10-13T10:53:58.321+0000] {processor.py:830} INFO - Processing file /opt/airflow/dags/extract_open_meteo_dag.py for tasks to queue
[2025-10-13T10:53:58.323+0000] {logging_mixin.py:188} INFO - [2025-10-13T10:53:58.322+0000] {dagbag.py:540} INFO - Filling up the DagBag from /opt/airflow/dags/extract_open_meteo_dag.py
[2025-10-13T10:53:58.376+0000] {processor.py:840} INFO - DAG(s) 'extract_open_meteo_v2' retrieved from /opt/airflow/dags/extract_open_meteo_dag.py
[2025-10-13T10:53:58.481+0000] {logging_mixin.py:188} INFO - [2025-10-13T10:53:58.481+0000] {dag.py:3047} INFO - Sync 1 DAGs
[2025-10-13T10:53:58.544+0000] {logging_mixin.py:188} INFO - [2025-10-13T10:53:58.543+0000] {dag.py:3834} INFO - Setting next_dagrun for extract_open_meteo_v2 to 2025-10-12 22:00:00+00:00, run_after=2025-10-13 22:00:00+00:00
[2025-10-13T10:53:58.631+0000] {processor.py:183} INFO - Processing /opt/airflow/dags/extract_open_meteo_dag.py took 0.317 seconds
[2025-10-13T10:54:29.162+0000] {processor.py:161} INFO - Started process (PID=8387) to work on /opt/airflow/dags/extract_open_meteo_dag.py
[2025-10-13T10:54:29.164+0000] {processor.py:830} INFO - Processing file /opt/airflow/dags/extract_open_meteo_dag.py for tasks to queue
[2025-10-13T10:54:29.167+0000] {logging_mixin.py:188} INFO - [2025-10-13T10:54:29.166+0000] {dagbag.py:540} INFO - Filling up the DagBag from /opt/airflow/dags/extract_open_meteo_dag.py
[2025-10-13T10:54:29.209+0000] {processor.py:840} INFO - DAG(s) 'extract_open_meteo_v2' retrieved from /opt/airflow/dags/extract_open_meteo_dag.py
[2025-10-13T10:54:29.294+0000] {logging_mixin.py:188} INFO - [2025-10-13T10:54:29.294+0000] {dag.py:3047} INFO - Sync 1 DAGs
[2025-10-13T10:54:29.354+0000] {logging_mixin.py:188} INFO - [2025-10-13T10:54:29.354+0000] {dag.py:3834} INFO - Setting next_dagrun for extract_open_meteo_v2 to 2025-10-12 22:00:00+00:00, run_after=2025-10-13 22:00:00+00:00
[2025-10-13T10:54:29.496+0000] {processor.py:183} INFO - Processing /opt/airflow/dags/extract_open_meteo_dag.py took 0.340 seconds
[2025-10-13T10:55:00.204+0000] {processor.py:161} INFO - Started process (PID=8402) to work on /opt/airflow/dags/extract_open_meteo_dag.py
[2025-10-13T10:55:00.207+0000] {processor.py:830} INFO - Processing file /opt/airflow/dags/extract_open_meteo_dag.py for tasks to queue
[2025-10-13T10:55:00.210+0000] {logging_mixin.py:188} INFO - [2025-10-13T10:55:00.209+0000] {dagbag.py:540} INFO - Filling up the DagBag from /opt/airflow/dags/extract_open_meteo_dag.py
[2025-10-13T10:55:00.319+0000] {processor.py:840} INFO - DAG(s) 'extract_open_meteo_v2' retrieved from /opt/airflow/dags/extract_open_meteo_dag.py
[2025-10-13T10:55:00.450+0000] {logging_mixin.py:188} INFO - [2025-10-13T10:55:00.449+0000] {dag.py:3047} INFO - Sync 1 DAGs
[2025-10-13T10:55:00.519+0000] {logging_mixin.py:188} INFO - [2025-10-13T10:55:00.518+0000] {dag.py:3834} INFO - Setting next_dagrun for extract_open_meteo_v2 to 2025-10-12 22:00:00+00:00, run_after=2025-10-13 22:00:00+00:00
[2025-10-13T10:55:00.587+0000] {processor.py:183} INFO - Processing /opt/airflow/dags/extract_open_meteo_dag.py took 0.391 seconds
[2025-10-13T10:55:31.198+0000] {processor.py:161} INFO - Started process (PID=8417) to work on /opt/airflow/dags/extract_open_meteo_dag.py
[2025-10-13T10:55:31.200+0000] {processor.py:830} INFO - Processing file /opt/airflow/dags/extract_open_meteo_dag.py for tasks to queue
[2025-10-13T10:55:31.205+0000] {logging_mixin.py:188} INFO - [2025-10-13T10:55:31.204+0000] {dagbag.py:540} INFO - Filling up the DagBag from /opt/airflow/dags/extract_open_meteo_dag.py
[2025-10-13T10:55:31.249+0000] {processor.py:840} INFO - DAG(s) 'extract_open_meteo_v2' retrieved from /opt/airflow/dags/extract_open_meteo_dag.py
[2025-10-13T10:55:31.362+0000] {logging_mixin.py:188} INFO - [2025-10-13T10:55:31.361+0000] {dag.py:3047} INFO - Sync 1 DAGs
[2025-10-13T10:55:31.457+0000] {logging_mixin.py:188} INFO - [2025-10-13T10:55:31.456+0000] {dag.py:3834} INFO - Setting next_dagrun for extract_open_meteo_v2 to 2025-10-12 22:00:00+00:00, run_after=2025-10-13 22:00:00+00:00
[2025-10-13T10:55:31.527+0000] {processor.py:183} INFO - Processing /opt/airflow/dags/extract_open_meteo_dag.py took 0.335 seconds
[2025-10-13T10:56:02.051+0000] {processor.py:161} INFO - Started process (PID=8432) to work on /opt/airflow/dags/extract_open_meteo_dag.py
[2025-10-13T10:56:02.053+0000] {processor.py:830} INFO - Processing file /opt/airflow/dags/extract_open_meteo_dag.py for tasks to queue
[2025-10-13T10:56:02.055+0000] {logging_mixin.py:188} INFO - [2025-10-13T10:56:02.054+0000] {dagbag.py:540} INFO - Filling up the DagBag from /opt/airflow/dags/extract_open_meteo_dag.py
[2025-10-13T10:56:02.096+0000] {processor.py:840} INFO - DAG(s) 'extract_open_meteo_v2' retrieved from /opt/airflow/dags/extract_open_meteo_dag.py
[2025-10-13T10:56:02.172+0000] {logging_mixin.py:188} INFO - [2025-10-13T10:56:02.172+0000] {dag.py:3047} INFO - Sync 1 DAGs
[2025-10-13T10:56:02.250+0000] {logging_mixin.py:188} INFO - [2025-10-13T10:56:02.250+0000] {dag.py:3834} INFO - Setting next_dagrun for extract_open_meteo_v2 to 2025-10-12 22:00:00+00:00, run_after=2025-10-13 22:00:00+00:00
[2025-10-13T10:56:02.333+0000] {processor.py:183} INFO - Processing /opt/airflow/dags/extract_open_meteo_dag.py took 0.289 seconds
[2025-10-13T10:56:32.726+0000] {processor.py:161} INFO - Started process (PID=8447) to work on /opt/airflow/dags/extract_open_meteo_dag.py
[2025-10-13T10:56:32.728+0000] {processor.py:830} INFO - Processing file /opt/airflow/dags/extract_open_meteo_dag.py for tasks to queue
[2025-10-13T10:56:32.730+0000] {logging_mixin.py:188} INFO - [2025-10-13T10:56:32.729+0000] {dagbag.py:540} INFO - Filling up the DagBag from /opt/airflow/dags/extract_open_meteo_dag.py
[2025-10-13T10:56:32.768+0000] {processor.py:840} INFO - DAG(s) 'extract_open_meteo_v2' retrieved from /opt/airflow/dags/extract_open_meteo_dag.py
[2025-10-13T10:56:32.845+0000] {logging_mixin.py:188} INFO - [2025-10-13T10:56:32.845+0000] {dag.py:3047} INFO - Sync 1 DAGs
[2025-10-13T10:56:32.902+0000] {logging_mixin.py:188} INFO - [2025-10-13T10:56:32.902+0000] {dag.py:3834} INFO - Setting next_dagrun for extract_open_meteo_v2 to 2025-10-12 22:00:00+00:00, run_after=2025-10-13 22:00:00+00:00
[2025-10-13T10:56:32.981+0000] {processor.py:183} INFO - Processing /opt/airflow/dags/extract_open_meteo_dag.py took 0.260 seconds
[2025-10-13T10:57:03.478+0000] {processor.py:161} INFO - Started process (PID=8462) to work on /opt/airflow/dags/extract_open_meteo_dag.py
[2025-10-13T10:57:03.481+0000] {processor.py:830} INFO - Processing file /opt/airflow/dags/extract_open_meteo_dag.py for tasks to queue
[2025-10-13T10:57:03.483+0000] {logging_mixin.py:188} INFO - [2025-10-13T10:57:03.482+0000] {dagbag.py:540} INFO - Filling up the DagBag from /opt/airflow/dags/extract_open_meteo_dag.py
[2025-10-13T10:57:03.521+0000] {processor.py:840} INFO - DAG(s) 'extract_open_meteo_v2' retrieved from /opt/airflow/dags/extract_open_meteo_dag.py
[2025-10-13T10:57:03.600+0000] {logging_mixin.py:188} INFO - [2025-10-13T10:57:03.599+0000] {dag.py:3047} INFO - Sync 1 DAGs
[2025-10-13T10:57:03.692+0000] {logging_mixin.py:188} INFO - [2025-10-13T10:57:03.692+0000] {dag.py:3834} INFO - Setting next_dagrun for extract_open_meteo_v2 to 2025-10-12 22:00:00+00:00, run_after=2025-10-13 22:00:00+00:00
[2025-10-13T10:57:03.812+0000] {processor.py:183} INFO - Processing /opt/airflow/dags/extract_open_meteo_dag.py took 0.340 seconds
[2025-10-13T10:57:34.356+0000] {processor.py:161} INFO - Started process (PID=8477) to work on /opt/airflow/dags/extract_open_meteo_dag.py
[2025-10-13T10:57:34.357+0000] {processor.py:830} INFO - Processing file /opt/airflow/dags/extract_open_meteo_dag.py for tasks to queue
[2025-10-13T10:57:34.360+0000] {logging_mixin.py:188} INFO - [2025-10-13T10:57:34.359+0000] {dagbag.py:540} INFO - Filling up the DagBag from /opt/airflow/dags/extract_open_meteo_dag.py
[2025-10-13T10:57:34.395+0000] {processor.py:840} INFO - DAG(s) 'extract_open_meteo_v2' retrieved from /opt/airflow/dags/extract_open_meteo_dag.py
[2025-10-13T10:57:34.475+0000] {logging_mixin.py:188} INFO - [2025-10-13T10:57:34.475+0000] {dag.py:3047} INFO - Sync 1 DAGs
[2025-10-13T10:57:34.533+0000] {logging_mixin.py:188} INFO - [2025-10-13T10:57:34.533+0000] {dag.py:3834} INFO - Setting next_dagrun for extract_open_meteo_v2 to 2025-10-12 22:00:00+00:00, run_after=2025-10-13 22:00:00+00:00
[2025-10-13T10:57:34.595+0000] {processor.py:183} INFO - Processing /opt/airflow/dags/extract_open_meteo_dag.py took 0.242 seconds
[2025-10-13T10:58:05.304+0000] {processor.py:161} INFO - Started process (PID=8492) to work on /opt/airflow/dags/extract_open_meteo_dag.py
[2025-10-13T10:58:05.307+0000] {processor.py:830} INFO - Processing file /opt/airflow/dags/extract_open_meteo_dag.py for tasks to queue
[2025-10-13T10:58:05.310+0000] {logging_mixin.py:188} INFO - [2025-10-13T10:58:05.309+0000] {dagbag.py:540} INFO - Filling up the DagBag from /opt/airflow/dags/extract_open_meteo_dag.py
[2025-10-13T10:58:05.364+0000] {processor.py:840} INFO - DAG(s) 'extract_open_meteo_v2' retrieved from /opt/airflow/dags/extract_open_meteo_dag.py
[2025-10-13T10:58:05.450+0000] {logging_mixin.py:188} INFO - [2025-10-13T10:58:05.450+0000] {dag.py:3047} INFO - Sync 1 DAGs
[2025-10-13T10:58:05.519+0000] {logging_mixin.py:188} INFO - [2025-10-13T10:58:05.518+0000] {dag.py:3834} INFO - Setting next_dagrun for extract_open_meteo_v2 to 2025-10-12 22:00:00+00:00, run_after=2025-10-13 22:00:00+00:00
[2025-10-13T10:58:05.691+0000] {processor.py:183} INFO - Processing /opt/airflow/dags/extract_open_meteo_dag.py took 0.394 seconds
[2025-10-13T10:58:36.279+0000] {processor.py:161} INFO - Started process (PID=8507) to work on /opt/airflow/dags/extract_open_meteo_dag.py
[2025-10-13T10:58:36.281+0000] {processor.py:830} INFO - Processing file /opt/airflow/dags/extract_open_meteo_dag.py for tasks to queue
[2025-10-13T10:58:36.284+0000] {logging_mixin.py:188} INFO - [2025-10-13T10:58:36.283+0000] {dagbag.py:540} INFO - Filling up the DagBag from /opt/airflow/dags/extract_open_meteo_dag.py
[2025-10-13T10:58:36.324+0000] {processor.py:840} INFO - DAG(s) 'extract_open_meteo_v2' retrieved from /opt/airflow/dags/extract_open_meteo_dag.py
[2025-10-13T10:58:36.414+0000] {logging_mixin.py:188} INFO - [2025-10-13T10:58:36.414+0000] {dag.py:3047} INFO - Sync 1 DAGs
[2025-10-13T10:58:36.473+0000] {logging_mixin.py:188} INFO - [2025-10-13T10:58:36.473+0000] {dag.py:3834} INFO - Setting next_dagrun for extract_open_meteo_v2 to 2025-10-12 22:00:00+00:00, run_after=2025-10-13 22:00:00+00:00
[2025-10-13T10:58:36.554+0000] {processor.py:183} INFO - Processing /opt/airflow/dags/extract_open_meteo_dag.py took 0.280 seconds
[2025-10-13T10:59:07.176+0000] {processor.py:161} INFO - Started process (PID=8522) to work on /opt/airflow/dags/extract_open_meteo_dag.py
[2025-10-13T10:59:07.178+0000] {processor.py:830} INFO - Processing file /opt/airflow/dags/extract_open_meteo_dag.py for tasks to queue
[2025-10-13T10:59:07.180+0000] {logging_mixin.py:188} INFO - [2025-10-13T10:59:07.180+0000] {dagbag.py:540} INFO - Filling up the DagBag from /opt/airflow/dags/extract_open_meteo_dag.py
[2025-10-13T10:59:07.220+0000] {processor.py:840} INFO - DAG(s) 'extract_open_meteo_v2' retrieved from /opt/airflow/dags/extract_open_meteo_dag.py
[2025-10-13T10:59:07.314+0000] {logging_mixin.py:188} INFO - [2025-10-13T10:59:07.314+0000] {dag.py:3047} INFO - Sync 1 DAGs
[2025-10-13T10:59:07.395+0000] {logging_mixin.py:188} INFO - [2025-10-13T10:59:07.394+0000] {dag.py:3834} INFO - Setting next_dagrun for extract_open_meteo_v2 to 2025-10-12 22:00:00+00:00, run_after=2025-10-13 22:00:00+00:00
[2025-10-13T10:59:07.481+0000] {processor.py:183} INFO - Processing /opt/airflow/dags/extract_open_meteo_dag.py took 0.312 seconds
[2025-10-13T10:59:37.640+0000] {processor.py:161} INFO - Started process (PID=8537) to work on /opt/airflow/dags/extract_open_meteo_dag.py
[2025-10-13T10:59:37.642+0000] {processor.py:830} INFO - Processing file /opt/airflow/dags/extract_open_meteo_dag.py for tasks to queue
[2025-10-13T10:59:37.644+0000] {logging_mixin.py:188} INFO - [2025-10-13T10:59:37.643+0000] {dagbag.py:540} INFO - Filling up the DagBag from /opt/airflow/dags/extract_open_meteo_dag.py
[2025-10-13T10:59:37.682+0000] {processor.py:840} INFO - DAG(s) 'extract_open_meteo_v2' retrieved from /opt/airflow/dags/extract_open_meteo_dag.py
[2025-10-13T10:59:37.778+0000] {logging_mixin.py:188} INFO - [2025-10-13T10:59:37.777+0000] {dag.py:3047} INFO - Sync 1 DAGs
[2025-10-13T10:59:37.865+0000] {logging_mixin.py:188} INFO - [2025-10-13T10:59:37.865+0000] {dag.py:3834} INFO - Setting next_dagrun for extract_open_meteo_v2 to 2025-10-12 22:00:00+00:00, run_after=2025-10-13 22:00:00+00:00
[2025-10-13T10:59:37.969+0000] {processor.py:183} INFO - Processing /opt/airflow/dags/extract_open_meteo_dag.py took 0.333 seconds
[2025-10-13T11:00:08.482+0000] {processor.py:161} INFO - Started process (PID=8552) to work on /opt/airflow/dags/extract_open_meteo_dag.py
[2025-10-13T11:00:08.485+0000] {processor.py:830} INFO - Processing file /opt/airflow/dags/extract_open_meteo_dag.py for tasks to queue
[2025-10-13T11:00:08.489+0000] {logging_mixin.py:188} INFO - [2025-10-13T11:00:08.486+0000] {dagbag.py:540} INFO - Filling up the DagBag from /opt/airflow/dags/extract_open_meteo_dag.py
[2025-10-13T11:00:08.539+0000] {processor.py:840} INFO - DAG(s) 'extract_open_meteo_v2' retrieved from /opt/airflow/dags/extract_open_meteo_dag.py
[2025-10-13T11:00:08.642+0000] {logging_mixin.py:188} INFO - [2025-10-13T11:00:08.641+0000] {dag.py:3047} INFO - Sync 1 DAGs
[2025-10-13T11:00:08.720+0000] {logging_mixin.py:188} INFO - [2025-10-13T11:00:08.720+0000] {dag.py:3834} INFO - Setting next_dagrun for extract_open_meteo_v2 to 2025-10-12 22:00:00+00:00, run_after=2025-10-13 22:00:00+00:00
[2025-10-13T11:00:08.814+0000] {processor.py:183} INFO - Processing /opt/airflow/dags/extract_open_meteo_dag.py took 0.339 seconds
[2025-10-13T11:00:39.427+0000] {processor.py:161} INFO - Started process (PID=8567) to work on /opt/airflow/dags/extract_open_meteo_dag.py
[2025-10-13T11:00:39.430+0000] {processor.py:830} INFO - Processing file /opt/airflow/dags/extract_open_meteo_dag.py for tasks to queue
[2025-10-13T11:00:39.433+0000] {logging_mixin.py:188} INFO - [2025-10-13T11:00:39.432+0000] {dagbag.py:540} INFO - Filling up the DagBag from /opt/airflow/dags/extract_open_meteo_dag.py
[2025-10-13T11:00:39.477+0000] {processor.py:840} INFO - DAG(s) 'extract_open_meteo_v2' retrieved from /opt/airflow/dags/extract_open_meteo_dag.py
[2025-10-13T11:00:39.568+0000] {logging_mixin.py:188} INFO - [2025-10-13T11:00:39.568+0000] {dag.py:3047} INFO - Sync 1 DAGs
[2025-10-13T11:00:39.641+0000] {logging_mixin.py:188} INFO - [2025-10-13T11:00:39.641+0000] {dag.py:3834} INFO - Setting next_dagrun for extract_open_meteo_v2 to 2025-10-12 22:00:00+00:00, run_after=2025-10-13 22:00:00+00:00
[2025-10-13T11:00:39.818+0000] {processor.py:183} INFO - Processing /opt/airflow/dags/extract_open_meteo_dag.py took 0.400 seconds
[2025-10-13T11:01:10.372+0000] {processor.py:161} INFO - Started process (PID=8582) to work on /opt/airflow/dags/extract_open_meteo_dag.py
[2025-10-13T11:01:10.380+0000] {processor.py:830} INFO - Processing file /opt/airflow/dags/extract_open_meteo_dag.py for tasks to queue
[2025-10-13T11:01:10.385+0000] {logging_mixin.py:188} INFO - [2025-10-13T11:01:10.384+0000] {dagbag.py:540} INFO - Filling up the DagBag from /opt/airflow/dags/extract_open_meteo_dag.py
[2025-10-13T11:01:10.462+0000] {processor.py:840} INFO - DAG(s) 'extract_open_meteo_v2' retrieved from /opt/airflow/dags/extract_open_meteo_dag.py
[2025-10-13T11:01:10.554+0000] {logging_mixin.py:188} INFO - [2025-10-13T11:01:10.554+0000] {dag.py:3047} INFO - Sync 1 DAGs
[2025-10-13T11:01:10.618+0000] {logging_mixin.py:188} INFO - [2025-10-13T11:01:10.618+0000] {dag.py:3834} INFO - Setting next_dagrun for extract_open_meteo_v2 to 2025-10-12 22:00:00+00:00, run_after=2025-10-13 22:00:00+00:00
[2025-10-13T11:01:10.724+0000] {processor.py:183} INFO - Processing /opt/airflow/dags/extract_open_meteo_dag.py took 0.361 seconds
[2025-10-13T11:01:41.161+0000] {processor.py:161} INFO - Started process (PID=8597) to work on /opt/airflow/dags/extract_open_meteo_dag.py
[2025-10-13T11:01:41.163+0000] {processor.py:830} INFO - Processing file /opt/airflow/dags/extract_open_meteo_dag.py for tasks to queue
[2025-10-13T11:01:41.165+0000] {logging_mixin.py:188} INFO - [2025-10-13T11:01:41.164+0000] {dagbag.py:540} INFO - Filling up the DagBag from /opt/airflow/dags/extract_open_meteo_dag.py
[2025-10-13T11:01:41.210+0000] {processor.py:840} INFO - DAG(s) 'extract_open_meteo_v2' retrieved from /opt/airflow/dags/extract_open_meteo_dag.py
[2025-10-13T11:01:41.299+0000] {logging_mixin.py:188} INFO - [2025-10-13T11:01:41.298+0000] {dag.py:3047} INFO - Sync 1 DAGs
[2025-10-13T11:01:41.358+0000] {logging_mixin.py:188} INFO - [2025-10-13T11:01:41.357+0000] {dag.py:3834} INFO - Setting next_dagrun for extract_open_meteo_v2 to 2025-10-12 22:00:00+00:00, run_after=2025-10-13 22:00:00+00:00
[2025-10-13T11:01:41.438+0000] {processor.py:183} INFO - Processing /opt/airflow/dags/extract_open_meteo_dag.py took 0.284 seconds
[2025-10-13T11:02:12.088+0000] {processor.py:161} INFO - Started process (PID=8612) to work on /opt/airflow/dags/extract_open_meteo_dag.py
[2025-10-13T11:02:12.090+0000] {processor.py:830} INFO - Processing file /opt/airflow/dags/extract_open_meteo_dag.py for tasks to queue
[2025-10-13T11:02:12.093+0000] {logging_mixin.py:188} INFO - [2025-10-13T11:02:12.092+0000] {dagbag.py:540} INFO - Filling up the DagBag from /opt/airflow/dags/extract_open_meteo_dag.py
[2025-10-13T11:02:12.135+0000] {processor.py:840} INFO - DAG(s) 'extract_open_meteo_v2' retrieved from /opt/airflow/dags/extract_open_meteo_dag.py
[2025-10-13T11:02:12.233+0000] {logging_mixin.py:188} INFO - [2025-10-13T11:02:12.232+0000] {dag.py:3047} INFO - Sync 1 DAGs
[2025-10-13T11:02:12.292+0000] {logging_mixin.py:188} INFO - [2025-10-13T11:02:12.291+0000] {dag.py:3834} INFO - Setting next_dagrun for extract_open_meteo_v2 to 2025-10-12 22:00:00+00:00, run_after=2025-10-13 22:00:00+00:00
[2025-10-13T11:02:12.381+0000] {processor.py:183} INFO - Processing /opt/airflow/dags/extract_open_meteo_dag.py took 0.299 seconds
[2025-10-13T11:02:42.846+0000] {processor.py:161} INFO - Started process (PID=8627) to work on /opt/airflow/dags/extract_open_meteo_dag.py
[2025-10-13T11:02:42.848+0000] {processor.py:830} INFO - Processing file /opt/airflow/dags/extract_open_meteo_dag.py for tasks to queue
[2025-10-13T11:02:42.850+0000] {logging_mixin.py:188} INFO - [2025-10-13T11:02:42.849+0000] {dagbag.py:540} INFO - Filling up the DagBag from /opt/airflow/dags/extract_open_meteo_dag.py
[2025-10-13T11:02:42.894+0000] {processor.py:840} INFO - DAG(s) 'extract_open_meteo_v2' retrieved from /opt/airflow/dags/extract_open_meteo_dag.py
[2025-10-13T11:02:42.967+0000] {logging_mixin.py:188} INFO - [2025-10-13T11:02:42.966+0000] {dag.py:3047} INFO - Sync 1 DAGs
[2025-10-13T11:02:43.011+0000] {logging_mixin.py:188} INFO - [2025-10-13T11:02:43.011+0000] {dag.py:3834} INFO - Setting next_dagrun for extract_open_meteo_v2 to 2025-10-12 22:00:00+00:00, run_after=2025-10-13 22:00:00+00:00
[2025-10-13T11:02:43.083+0000] {processor.py:183} INFO - Processing /opt/airflow/dags/extract_open_meteo_dag.py took 0.242 seconds
[2025-10-13T11:03:13.665+0000] {processor.py:161} INFO - Started process (PID=8642) to work on /opt/airflow/dags/extract_open_meteo_dag.py
[2025-10-13T11:03:13.668+0000] {processor.py:830} INFO - Processing file /opt/airflow/dags/extract_open_meteo_dag.py for tasks to queue
[2025-10-13T11:03:13.671+0000] {logging_mixin.py:188} INFO - [2025-10-13T11:03:13.670+0000] {dagbag.py:540} INFO - Filling up the DagBag from /opt/airflow/dags/extract_open_meteo_dag.py
[2025-10-13T11:03:13.714+0000] {processor.py:840} INFO - DAG(s) 'extract_open_meteo_v2' retrieved from /opt/airflow/dags/extract_open_meteo_dag.py
[2025-10-13T11:03:13.814+0000] {logging_mixin.py:188} INFO - [2025-10-13T11:03:13.813+0000] {dag.py:3047} INFO - Sync 1 DAGs
[2025-10-13T11:03:13.877+0000] {logging_mixin.py:188} INFO - [2025-10-13T11:03:13.876+0000] {dag.py:3834} INFO - Setting next_dagrun for extract_open_meteo_v2 to 2025-10-12 22:00:00+00:00, run_after=2025-10-13 22:00:00+00:00
[2025-10-13T11:03:13.999+0000] {processor.py:183} INFO - Processing /opt/airflow/dags/extract_open_meteo_dag.py took 0.343 seconds
[2025-10-13T11:03:44.559+0000] {processor.py:161} INFO - Started process (PID=8657) to work on /opt/airflow/dags/extract_open_meteo_dag.py
[2025-10-13T11:03:44.561+0000] {processor.py:830} INFO - Processing file /opt/airflow/dags/extract_open_meteo_dag.py for tasks to queue
[2025-10-13T11:03:44.562+0000] {logging_mixin.py:188} INFO - [2025-10-13T11:03:44.562+0000] {dagbag.py:540} INFO - Filling up the DagBag from /opt/airflow/dags/extract_open_meteo_dag.py
[2025-10-13T11:03:44.604+0000] {processor.py:840} INFO - DAG(s) 'extract_open_meteo_v2' retrieved from /opt/airflow/dags/extract_open_meteo_dag.py
[2025-10-13T11:03:44.705+0000] {logging_mixin.py:188} INFO - [2025-10-13T11:03:44.705+0000] {dag.py:3047} INFO - Sync 1 DAGs
[2025-10-13T11:03:44.761+0000] {logging_mixin.py:188} INFO - [2025-10-13T11:03:44.761+0000] {dag.py:3834} INFO - Setting next_dagrun for extract_open_meteo_v2 to 2025-10-12 22:00:00+00:00, run_after=2025-10-13 22:00:00+00:00
[2025-10-13T11:03:44.842+0000] {processor.py:183} INFO - Processing /opt/airflow/dags/extract_open_meteo_dag.py took 0.291 seconds
[2025-10-13T11:04:15.423+0000] {processor.py:161} INFO - Started process (PID=8672) to work on /opt/airflow/dags/extract_open_meteo_dag.py
[2025-10-13T11:04:15.428+0000] {processor.py:830} INFO - Processing file /opt/airflow/dags/extract_open_meteo_dag.py for tasks to queue
[2025-10-13T11:04:15.432+0000] {logging_mixin.py:188} INFO - [2025-10-13T11:04:15.430+0000] {dagbag.py:540} INFO - Filling up the DagBag from /opt/airflow/dags/extract_open_meteo_dag.py
[2025-10-13T11:04:15.486+0000] {processor.py:840} INFO - DAG(s) 'extract_open_meteo_v2' retrieved from /opt/airflow/dags/extract_open_meteo_dag.py
[2025-10-13T11:04:15.617+0000] {logging_mixin.py:188} INFO - [2025-10-13T11:04:15.616+0000] {dag.py:3047} INFO - Sync 1 DAGs
[2025-10-13T11:04:15.690+0000] {logging_mixin.py:188} INFO - [2025-10-13T11:04:15.690+0000] {dag.py:3834} INFO - Setting next_dagrun for extract_open_meteo_v2 to 2025-10-12 22:00:00+00:00, run_after=2025-10-13 22:00:00+00:00
[2025-10-13T11:04:15.793+0000] {processor.py:183} INFO - Processing /opt/airflow/dags/extract_open_meteo_dag.py took 0.381 seconds
[2025-10-13T11:04:46.153+0000] {processor.py:161} INFO - Started process (PID=8687) to work on /opt/airflow/dags/extract_open_meteo_dag.py
[2025-10-13T11:04:46.170+0000] {processor.py:830} INFO - Processing file /opt/airflow/dags/extract_open_meteo_dag.py for tasks to queue
[2025-10-13T11:04:46.176+0000] {logging_mixin.py:188} INFO - [2025-10-13T11:04:46.174+0000] {dagbag.py:540} INFO - Filling up the DagBag from /opt/airflow/dags/extract_open_meteo_dag.py
[2025-10-13T11:04:46.284+0000] {processor.py:840} INFO - DAG(s) 'extract_open_meteo_v2' retrieved from /opt/airflow/dags/extract_open_meteo_dag.py
[2025-10-13T11:04:46.465+0000] {logging_mixin.py:188} INFO - [2025-10-13T11:04:46.464+0000] {dag.py:3047} INFO - Sync 1 DAGs
[2025-10-13T11:04:46.570+0000] {logging_mixin.py:188} INFO - [2025-10-13T11:04:46.570+0000] {dag.py:3834} INFO - Setting next_dagrun for extract_open_meteo_v2 to 2025-10-12 22:00:00+00:00, run_after=2025-10-13 22:00:00+00:00
[2025-10-13T11:04:46.671+0000] {processor.py:183} INFO - Processing /opt/airflow/dags/extract_open_meteo_dag.py took 0.531 seconds
[2025-10-13T11:05:17.260+0000] {processor.py:161} INFO - Started process (PID=8702) to work on /opt/airflow/dags/extract_open_meteo_dag.py
[2025-10-13T11:05:17.262+0000] {processor.py:830} INFO - Processing file /opt/airflow/dags/extract_open_meteo_dag.py for tasks to queue
[2025-10-13T11:05:17.265+0000] {logging_mixin.py:188} INFO - [2025-10-13T11:05:17.264+0000] {dagbag.py:540} INFO - Filling up the DagBag from /opt/airflow/dags/extract_open_meteo_dag.py
[2025-10-13T11:05:17.313+0000] {processor.py:840} INFO - DAG(s) 'extract_open_meteo_v2' retrieved from /opt/airflow/dags/extract_open_meteo_dag.py
[2025-10-13T11:05:17.411+0000] {logging_mixin.py:188} INFO - [2025-10-13T11:05:17.411+0000] {dag.py:3047} INFO - Sync 1 DAGs
[2025-10-13T11:05:17.469+0000] {logging_mixin.py:188} INFO - [2025-10-13T11:05:17.469+0000] {dag.py:3834} INFO - Setting next_dagrun for extract_open_meteo_v2 to 2025-10-12 22:00:00+00:00, run_after=2025-10-13 22:00:00+00:00
[2025-10-13T11:05:17.569+0000] {processor.py:183} INFO - Processing /opt/airflow/dags/extract_open_meteo_dag.py took 0.316 seconds
[2025-10-13T11:05:48.353+0000] {processor.py:161} INFO - Started process (PID=8717) to work on /opt/airflow/dags/extract_open_meteo_dag.py
[2025-10-13T11:05:48.356+0000] {processor.py:830} INFO - Processing file /opt/airflow/dags/extract_open_meteo_dag.py for tasks to queue
[2025-10-13T11:05:48.359+0000] {logging_mixin.py:188} INFO - [2025-10-13T11:05:48.358+0000] {dagbag.py:540} INFO - Filling up the DagBag from /opt/airflow/dags/extract_open_meteo_dag.py
[2025-10-13T11:05:48.408+0000] {processor.py:840} INFO - DAG(s) 'extract_open_meteo_v2' retrieved from /opt/airflow/dags/extract_open_meteo_dag.py
[2025-10-13T11:05:48.508+0000] {logging_mixin.py:188} INFO - [2025-10-13T11:05:48.507+0000] {dag.py:3047} INFO - Sync 1 DAGs
[2025-10-13T11:05:48.568+0000] {logging_mixin.py:188} INFO - [2025-10-13T11:05:48.568+0000] {dag.py:3834} INFO - Setting next_dagrun for extract_open_meteo_v2 to 2025-10-12 22:00:00+00:00, run_after=2025-10-13 22:00:00+00:00
[2025-10-13T11:05:48.639+0000] {processor.py:183} INFO - Processing /opt/airflow/dags/extract_open_meteo_dag.py took 0.295 seconds
[2025-10-13T11:06:19.201+0000] {processor.py:161} INFO - Started process (PID=8732) to work on /opt/airflow/dags/extract_open_meteo_dag.py
[2025-10-13T11:06:19.204+0000] {processor.py:830} INFO - Processing file /opt/airflow/dags/extract_open_meteo_dag.py for tasks to queue
[2025-10-13T11:06:19.208+0000] {logging_mixin.py:188} INFO - [2025-10-13T11:06:19.207+0000] {dagbag.py:540} INFO - Filling up the DagBag from /opt/airflow/dags/extract_open_meteo_dag.py
[2025-10-13T11:06:19.274+0000] {processor.py:840} INFO - DAG(s) 'extract_open_meteo_v2' retrieved from /opt/airflow/dags/extract_open_meteo_dag.py
[2025-10-13T11:06:19.388+0000] {logging_mixin.py:188} INFO - [2025-10-13T11:06:19.388+0000] {dag.py:3047} INFO - Sync 1 DAGs
[2025-10-13T11:06:19.477+0000] {logging_mixin.py:188} INFO - [2025-10-13T11:06:19.476+0000] {dag.py:3834} INFO - Setting next_dagrun for extract_open_meteo_v2 to 2025-10-12 22:00:00+00:00, run_after=2025-10-13 22:00:00+00:00
[2025-10-13T11:06:19.585+0000] {processor.py:183} INFO - Processing /opt/airflow/dags/extract_open_meteo_dag.py took 0.393 seconds
[2025-10-13T11:06:50.371+0000] {processor.py:161} INFO - Started process (PID=8747) to work on /opt/airflow/dags/extract_open_meteo_dag.py
[2025-10-13T11:06:50.378+0000] {processor.py:830} INFO - Processing file /opt/airflow/dags/extract_open_meteo_dag.py for tasks to queue
[2025-10-13T11:06:50.385+0000] {logging_mixin.py:188} INFO - [2025-10-13T11:06:50.384+0000] {dagbag.py:540} INFO - Filling up the DagBag from /opt/airflow/dags/extract_open_meteo_dag.py
[2025-10-13T11:06:50.681+0000] {processor.py:840} INFO - DAG(s) 'extract_open_meteo_v2' retrieved from /opt/airflow/dags/extract_open_meteo_dag.py
[2025-10-13T11:06:50.859+0000] {logging_mixin.py:188} INFO - [2025-10-13T11:06:50.859+0000] {dag.py:3047} INFO - Sync 1 DAGs
[2025-10-13T11:06:50.990+0000] {logging_mixin.py:188} INFO - [2025-10-13T11:06:50.990+0000] {dag.py:3834} INFO - Setting next_dagrun for extract_open_meteo_v2 to 2025-10-12 22:00:00+00:00, run_after=2025-10-13 22:00:00+00:00
[2025-10-13T11:06:51.097+0000] {processor.py:183} INFO - Processing /opt/airflow/dags/extract_open_meteo_dag.py took 0.739 seconds
[2025-10-13T11:07:21.652+0000] {processor.py:161} INFO - Started process (PID=8762) to work on /opt/airflow/dags/extract_open_meteo_dag.py
[2025-10-13T11:07:21.655+0000] {processor.py:830} INFO - Processing file /opt/airflow/dags/extract_open_meteo_dag.py for tasks to queue
[2025-10-13T11:07:21.657+0000] {logging_mixin.py:188} INFO - [2025-10-13T11:07:21.656+0000] {dagbag.py:540} INFO - Filling up the DagBag from /opt/airflow/dags/extract_open_meteo_dag.py
[2025-10-13T11:07:21.714+0000] {processor.py:840} INFO - DAG(s) 'extract_open_meteo_v2' retrieved from /opt/airflow/dags/extract_open_meteo_dag.py
[2025-10-13T11:07:21.814+0000] {logging_mixin.py:188} INFO - [2025-10-13T11:07:21.814+0000] {dag.py:3047} INFO - Sync 1 DAGs
[2025-10-13T11:07:21.882+0000] {logging_mixin.py:188} INFO - [2025-10-13T11:07:21.881+0000] {dag.py:3834} INFO - Setting next_dagrun for extract_open_meteo_v2 to 2025-10-12 22:00:00+00:00, run_after=2025-10-13 22:00:00+00:00
[2025-10-13T11:07:21.965+0000] {processor.py:183} INFO - Processing /opt/airflow/dags/extract_open_meteo_dag.py took 0.319 seconds
[2025-10-13T11:07:52.511+0000] {processor.py:161} INFO - Started process (PID=8777) to work on /opt/airflow/dags/extract_open_meteo_dag.py
[2025-10-13T11:07:52.512+0000] {processor.py:830} INFO - Processing file /opt/airflow/dags/extract_open_meteo_dag.py for tasks to queue
[2025-10-13T11:07:52.514+0000] {logging_mixin.py:188} INFO - [2025-10-13T11:07:52.514+0000] {dagbag.py:540} INFO - Filling up the DagBag from /opt/airflow/dags/extract_open_meteo_dag.py
[2025-10-13T11:07:52.548+0000] {processor.py:840} INFO - DAG(s) 'extract_open_meteo_v2' retrieved from /opt/airflow/dags/extract_open_meteo_dag.py
[2025-10-13T11:07:52.628+0000] {logging_mixin.py:188} INFO - [2025-10-13T11:07:52.628+0000] {dag.py:3047} INFO - Sync 1 DAGs
[2025-10-13T11:07:52.690+0000] {logging_mixin.py:188} INFO - [2025-10-13T11:07:52.690+0000] {dag.py:3834} INFO - Setting next_dagrun for extract_open_meteo_v2 to 2025-10-12 22:00:00+00:00, run_after=2025-10-13 22:00:00+00:00
[2025-10-13T11:07:52.776+0000] {processor.py:183} INFO - Processing /opt/airflow/dags/extract_open_meteo_dag.py took 0.269 seconds
[2025-10-13T11:08:23.345+0000] {processor.py:161} INFO - Started process (PID=8792) to work on /opt/airflow/dags/extract_open_meteo_dag.py
[2025-10-13T11:08:23.347+0000] {processor.py:830} INFO - Processing file /opt/airflow/dags/extract_open_meteo_dag.py for tasks to queue
[2025-10-13T11:08:23.348+0000] {logging_mixin.py:188} INFO - [2025-10-13T11:08:23.348+0000] {dagbag.py:540} INFO - Filling up the DagBag from /opt/airflow/dags/extract_open_meteo_dag.py
[2025-10-13T11:08:23.376+0000] {processor.py:840} INFO - DAG(s) 'extract_open_meteo_v2' retrieved from /opt/airflow/dags/extract_open_meteo_dag.py
[2025-10-13T11:08:23.447+0000] {logging_mixin.py:188} INFO - [2025-10-13T11:08:23.447+0000] {dag.py:3047} INFO - Sync 1 DAGs
[2025-10-13T11:08:23.488+0000] {logging_mixin.py:188} INFO - [2025-10-13T11:08:23.488+0000] {dag.py:3834} INFO - Setting next_dagrun for extract_open_meteo_v2 to 2025-10-12 22:00:00+00:00, run_after=2025-10-13 22:00:00+00:00
[2025-10-13T11:08:23.560+0000] {processor.py:183} INFO - Processing /opt/airflow/dags/extract_open_meteo_dag.py took 0.219 seconds
[2025-10-13T11:08:53.687+0000] {processor.py:161} INFO - Started process (PID=8807) to work on /opt/airflow/dags/extract_open_meteo_dag.py
[2025-10-13T11:08:53.689+0000] {processor.py:830} INFO - Processing file /opt/airflow/dags/extract_open_meteo_dag.py for tasks to queue
[2025-10-13T11:08:53.692+0000] {logging_mixin.py:188} INFO - [2025-10-13T11:08:53.691+0000] {dagbag.py:540} INFO - Filling up the DagBag from /opt/airflow/dags/extract_open_meteo_dag.py
[2025-10-13T11:08:53.736+0000] {processor.py:840} INFO - DAG(s) 'extract_open_meteo_v2' retrieved from /opt/airflow/dags/extract_open_meteo_dag.py
[2025-10-13T11:08:53.855+0000] {logging_mixin.py:188} INFO - [2025-10-13T11:08:53.854+0000] {dag.py:3047} INFO - Sync 1 DAGs
[2025-10-13T11:08:53.919+0000] {logging_mixin.py:188} INFO - [2025-10-13T11:08:53.918+0000] {dag.py:3834} INFO - Setting next_dagrun for extract_open_meteo_v2 to 2025-10-12 22:00:00+00:00, run_after=2025-10-13 22:00:00+00:00
[2025-10-13T11:08:54.014+0000] {processor.py:183} INFO - Processing /opt/airflow/dags/extract_open_meteo_dag.py took 0.334 seconds
[2025-10-13T11:09:24.650+0000] {processor.py:161} INFO - Started process (PID=8822) to work on /opt/airflow/dags/extract_open_meteo_dag.py
[2025-10-13T11:09:24.654+0000] {processor.py:830} INFO - Processing file /opt/airflow/dags/extract_open_meteo_dag.py for tasks to queue
[2025-10-13T11:09:24.658+0000] {logging_mixin.py:188} INFO - [2025-10-13T11:09:24.657+0000] {dagbag.py:540} INFO - Filling up the DagBag from /opt/airflow/dags/extract_open_meteo_dag.py
[2025-10-13T11:09:24.709+0000] {processor.py:840} INFO - DAG(s) 'extract_open_meteo_v2' retrieved from /opt/airflow/dags/extract_open_meteo_dag.py
[2025-10-13T11:09:24.854+0000] {logging_mixin.py:188} INFO - [2025-10-13T11:09:24.854+0000] {dag.py:3047} INFO - Sync 1 DAGs
[2025-10-13T11:09:24.918+0000] {logging_mixin.py:188} INFO - [2025-10-13T11:09:24.918+0000] {dag.py:3834} INFO - Setting next_dagrun for extract_open_meteo_v2 to 2025-10-12 22:00:00+00:00, run_after=2025-10-13 22:00:00+00:00
[2025-10-13T11:09:24.989+0000] {processor.py:183} INFO - Processing /opt/airflow/dags/extract_open_meteo_dag.py took 0.347 seconds
[2025-10-13T11:09:55.748+0000] {processor.py:161} INFO - Started process (PID=8837) to work on /opt/airflow/dags/extract_open_meteo_dag.py
[2025-10-13T11:09:55.751+0000] {processor.py:830} INFO - Processing file /opt/airflow/dags/extract_open_meteo_dag.py for tasks to queue
[2025-10-13T11:09:55.754+0000] {logging_mixin.py:188} INFO - [2025-10-13T11:09:55.754+0000] {dagbag.py:540} INFO - Filling up the DagBag from /opt/airflow/dags/extract_open_meteo_dag.py
[2025-10-13T11:09:55.822+0000] {processor.py:840} INFO - DAG(s) 'extract_open_meteo_v2' retrieved from /opt/airflow/dags/extract_open_meteo_dag.py
[2025-10-13T11:09:55.946+0000] {logging_mixin.py:188} INFO - [2025-10-13T11:09:55.946+0000] {dag.py:3047} INFO - Sync 1 DAGs
[2025-10-13T11:09:56.012+0000] {logging_mixin.py:188} INFO - [2025-10-13T11:09:56.012+0000] {dag.py:3834} INFO - Setting next_dagrun for extract_open_meteo_v2 to 2025-10-12 22:00:00+00:00, run_after=2025-10-13 22:00:00+00:00
[2025-10-13T11:09:56.178+0000] {processor.py:183} INFO - Processing /opt/airflow/dags/extract_open_meteo_dag.py took 0.439 seconds
[2025-10-13T11:10:26.899+0000] {processor.py:161} INFO - Started process (PID=8852) to work on /opt/airflow/dags/extract_open_meteo_dag.py
[2025-10-13T11:10:26.902+0000] {processor.py:830} INFO - Processing file /opt/airflow/dags/extract_open_meteo_dag.py for tasks to queue
[2025-10-13T11:10:26.904+0000] {logging_mixin.py:188} INFO - [2025-10-13T11:10:26.904+0000] {dagbag.py:540} INFO - Filling up the DagBag from /opt/airflow/dags/extract_open_meteo_dag.py
[2025-10-13T11:10:26.947+0000] {processor.py:840} INFO - DAG(s) 'extract_open_meteo_v2' retrieved from /opt/airflow/dags/extract_open_meteo_dag.py
[2025-10-13T11:10:27.032+0000] {logging_mixin.py:188} INFO - [2025-10-13T11:10:27.031+0000] {dag.py:3047} INFO - Sync 1 DAGs
[2025-10-13T11:10:27.094+0000] {logging_mixin.py:188} INFO - [2025-10-13T11:10:27.094+0000] {dag.py:3834} INFO - Setting next_dagrun for extract_open_meteo_v2 to 2025-10-12 22:00:00+00:00, run_after=2025-10-13 22:00:00+00:00
[2025-10-13T11:10:27.161+0000] {processor.py:183} INFO - Processing /opt/airflow/dags/extract_open_meteo_dag.py took 0.267 seconds
[2025-10-13T11:10:57.727+0000] {processor.py:161} INFO - Started process (PID=8867) to work on /opt/airflow/dags/extract_open_meteo_dag.py
[2025-10-13T11:10:57.730+0000] {processor.py:830} INFO - Processing file /opt/airflow/dags/extract_open_meteo_dag.py for tasks to queue
[2025-10-13T11:10:57.733+0000] {logging_mixin.py:188} INFO - [2025-10-13T11:10:57.732+0000] {dagbag.py:540} INFO - Filling up the DagBag from /opt/airflow/dags/extract_open_meteo_dag.py
[2025-10-13T11:10:57.797+0000] {processor.py:840} INFO - DAG(s) 'extract_open_meteo_v2' retrieved from /opt/airflow/dags/extract_open_meteo_dag.py
[2025-10-13T11:10:57.903+0000] {logging_mixin.py:188} INFO - [2025-10-13T11:10:57.902+0000] {dag.py:3047} INFO - Sync 1 DAGs
[2025-10-13T11:10:57.975+0000] {logging_mixin.py:188} INFO - [2025-10-13T11:10:57.974+0000] {dag.py:3834} INFO - Setting next_dagrun for extract_open_meteo_v2 to 2025-10-12 22:00:00+00:00, run_after=2025-10-13 22:00:00+00:00
[2025-10-13T11:10:58.059+0000] {processor.py:183} INFO - Processing /opt/airflow/dags/extract_open_meteo_dag.py took 0.339 seconds
[2025-10-13T11:11:28.676+0000] {processor.py:161} INFO - Started process (PID=8882) to work on /opt/airflow/dags/extract_open_meteo_dag.py
[2025-10-13T11:11:28.678+0000] {processor.py:830} INFO - Processing file /opt/airflow/dags/extract_open_meteo_dag.py for tasks to queue
[2025-10-13T11:11:28.680+0000] {logging_mixin.py:188} INFO - [2025-10-13T11:11:28.680+0000] {dagbag.py:540} INFO - Filling up the DagBag from /opt/airflow/dags/extract_open_meteo_dag.py
[2025-10-13T11:11:28.723+0000] {processor.py:840} INFO - DAG(s) 'extract_open_meteo_v2' retrieved from /opt/airflow/dags/extract_open_meteo_dag.py
[2025-10-13T11:11:28.829+0000] {logging_mixin.py:188} INFO - [2025-10-13T11:11:28.829+0000] {dag.py:3047} INFO - Sync 1 DAGs
[2025-10-13T11:11:28.905+0000] {logging_mixin.py:188} INFO - [2025-10-13T11:11:28.904+0000] {dag.py:3834} INFO - Setting next_dagrun for extract_open_meteo_v2 to 2025-10-12 22:00:00+00:00, run_after=2025-10-13 22:00:00+00:00
[2025-10-13T11:11:28.987+0000] {processor.py:183} INFO - Processing /opt/airflow/dags/extract_open_meteo_dag.py took 0.318 seconds
[2025-10-13T11:11:59.254+0000] {processor.py:161} INFO - Started process (PID=8897) to work on /opt/airflow/dags/extract_open_meteo_dag.py
[2025-10-13T11:11:59.257+0000] {processor.py:830} INFO - Processing file /opt/airflow/dags/extract_open_meteo_dag.py for tasks to queue
[2025-10-13T11:11:59.260+0000] {logging_mixin.py:188} INFO - [2025-10-13T11:11:59.259+0000] {dagbag.py:540} INFO - Filling up the DagBag from /opt/airflow/dags/extract_open_meteo_dag.py
[2025-10-13T11:11:59.298+0000] {processor.py:840} INFO - DAG(s) 'extract_open_meteo_v2' retrieved from /opt/airflow/dags/extract_open_meteo_dag.py
[2025-10-13T11:11:59.376+0000] {logging_mixin.py:188} INFO - [2025-10-13T11:11:59.376+0000] {dag.py:3047} INFO - Sync 1 DAGs
[2025-10-13T11:11:59.439+0000] {logging_mixin.py:188} INFO - [2025-10-13T11:11:59.439+0000] {dag.py:3834} INFO - Setting next_dagrun for extract_open_meteo_v2 to 2025-10-12 22:00:00+00:00, run_after=2025-10-13 22:00:00+00:00
[2025-10-13T11:11:59.512+0000] {processor.py:183} INFO - Processing /opt/airflow/dags/extract_open_meteo_dag.py took 0.278 seconds
[2025-10-13T11:12:30.072+0000] {processor.py:161} INFO - Started process (PID=8912) to work on /opt/airflow/dags/extract_open_meteo_dag.py
[2025-10-13T11:12:30.074+0000] {processor.py:830} INFO - Processing file /opt/airflow/dags/extract_open_meteo_dag.py for tasks to queue
[2025-10-13T11:12:30.075+0000] {logging_mixin.py:188} INFO - [2025-10-13T11:12:30.075+0000] {dagbag.py:540} INFO - Filling up the DagBag from /opt/airflow/dags/extract_open_meteo_dag.py
[2025-10-13T11:12:30.110+0000] {processor.py:840} INFO - DAG(s) 'extract_open_meteo_v2' retrieved from /opt/airflow/dags/extract_open_meteo_dag.py
[2025-10-13T11:12:30.185+0000] {logging_mixin.py:188} INFO - [2025-10-13T11:12:30.184+0000] {dag.py:3047} INFO - Sync 1 DAGs
[2025-10-13T11:12:30.424+0000] {logging_mixin.py:188} INFO - [2025-10-13T11:12:30.423+0000] {dag.py:3834} INFO - Setting next_dagrun for extract_open_meteo_v2 to 2025-10-12 22:00:00+00:00, run_after=2025-10-13 22:00:00+00:00
[2025-10-13T11:12:30.715+0000] {processor.py:183} INFO - Processing /opt/airflow/dags/extract_open_meteo_dag.py took 0.647 seconds
[2025-10-13T11:13:01.360+0000] {processor.py:161} INFO - Started process (PID=8927) to work on /opt/airflow/dags/extract_open_meteo_dag.py
[2025-10-13T11:13:01.362+0000] {processor.py:830} INFO - Processing file /opt/airflow/dags/extract_open_meteo_dag.py for tasks to queue
[2025-10-13T11:13:01.364+0000] {logging_mixin.py:188} INFO - [2025-10-13T11:13:01.364+0000] {dagbag.py:540} INFO - Filling up the DagBag from /opt/airflow/dags/extract_open_meteo_dag.py
[2025-10-13T11:13:01.424+0000] {processor.py:840} INFO - DAG(s) 'extract_open_meteo_v2' retrieved from /opt/airflow/dags/extract_open_meteo_dag.py
[2025-10-13T11:13:01.609+0000] {logging_mixin.py:188} INFO - [2025-10-13T11:13:01.608+0000] {dag.py:3047} INFO - Sync 1 DAGs
[2025-10-13T11:13:01.721+0000] {logging_mixin.py:188} INFO - [2025-10-13T11:13:01.720+0000] {dag.py:3834} INFO - Setting next_dagrun for extract_open_meteo_v2 to 2025-10-12 22:00:00+00:00, run_after=2025-10-13 22:00:00+00:00
[2025-10-13T11:13:01.796+0000] {processor.py:183} INFO - Processing /opt/airflow/dags/extract_open_meteo_dag.py took 0.444 seconds
[2025-10-13T11:13:32.514+0000] {processor.py:161} INFO - Started process (PID=8942) to work on /opt/airflow/dags/extract_open_meteo_dag.py
[2025-10-13T11:13:32.516+0000] {processor.py:830} INFO - Processing file /opt/airflow/dags/extract_open_meteo_dag.py for tasks to queue
[2025-10-13T11:13:32.518+0000] {logging_mixin.py:188} INFO - [2025-10-13T11:13:32.518+0000] {dagbag.py:540} INFO - Filling up the DagBag from /opt/airflow/dags/extract_open_meteo_dag.py
[2025-10-13T11:13:32.565+0000] {processor.py:840} INFO - DAG(s) 'extract_open_meteo_v2' retrieved from /opt/airflow/dags/extract_open_meteo_dag.py
[2025-10-13T11:13:32.662+0000] {logging_mixin.py:188} INFO - [2025-10-13T11:13:32.661+0000] {dag.py:3047} INFO - Sync 1 DAGs
[2025-10-13T11:13:32.753+0000] {logging_mixin.py:188} INFO - [2025-10-13T11:13:32.752+0000] {dag.py:3834} INFO - Setting next_dagrun for extract_open_meteo_v2 to 2025-10-12 22:00:00+00:00, run_after=2025-10-13 22:00:00+00:00
[2025-10-13T11:13:32.837+0000] {processor.py:183} INFO - Processing /opt/airflow/dags/extract_open_meteo_dag.py took 0.335 seconds
[2025-10-13T11:14:03.644+0000] {processor.py:161} INFO - Started process (PID=8957) to work on /opt/airflow/dags/extract_open_meteo_dag.py
[2025-10-13T11:14:03.646+0000] {processor.py:830} INFO - Processing file /opt/airflow/dags/extract_open_meteo_dag.py for tasks to queue
[2025-10-13T11:14:03.649+0000] {logging_mixin.py:188} INFO - [2025-10-13T11:14:03.648+0000] {dagbag.py:540} INFO - Filling up the DagBag from /opt/airflow/dags/extract_open_meteo_dag.py
[2025-10-13T11:14:03.698+0000] {processor.py:840} INFO - DAG(s) 'extract_open_meteo_v2' retrieved from /opt/airflow/dags/extract_open_meteo_dag.py
[2025-10-13T11:14:03.820+0000] {logging_mixin.py:188} INFO - [2025-10-13T11:14:03.819+0000] {dag.py:3047} INFO - Sync 1 DAGs
[2025-10-13T11:14:03.874+0000] {logging_mixin.py:188} INFO - [2025-10-13T11:14:03.874+0000] {dag.py:3834} INFO - Setting next_dagrun for extract_open_meteo_v2 to 2025-10-12 22:00:00+00:00, run_after=2025-10-13 22:00:00+00:00
[2025-10-13T11:14:03.939+0000] {processor.py:183} INFO - Processing /opt/airflow/dags/extract_open_meteo_dag.py took 0.304 seconds
[2025-10-13T11:14:34.534+0000] {processor.py:161} INFO - Started process (PID=8972) to work on /opt/airflow/dags/extract_open_meteo_dag.py
[2025-10-13T11:14:34.537+0000] {processor.py:830} INFO - Processing file /opt/airflow/dags/extract_open_meteo_dag.py for tasks to queue
[2025-10-13T11:14:34.540+0000] {logging_mixin.py:188} INFO - [2025-10-13T11:14:34.539+0000] {dagbag.py:540} INFO - Filling up the DagBag from /opt/airflow/dags/extract_open_meteo_dag.py
[2025-10-13T11:14:34.592+0000] {processor.py:840} INFO - DAG(s) 'extract_open_meteo_v2' retrieved from /opt/airflow/dags/extract_open_meteo_dag.py
[2025-10-13T11:14:34.708+0000] {logging_mixin.py:188} INFO - [2025-10-13T11:14:34.708+0000] {dag.py:3047} INFO - Sync 1 DAGs
[2025-10-13T11:14:34.805+0000] {logging_mixin.py:188} INFO - [2025-10-13T11:14:34.804+0000] {dag.py:3834} INFO - Setting next_dagrun for extract_open_meteo_v2 to 2025-10-12 22:00:00+00:00, run_after=2025-10-13 22:00:00+00:00
[2025-10-13T11:14:34.906+0000] {processor.py:183} INFO - Processing /opt/airflow/dags/extract_open_meteo_dag.py took 0.384 seconds
[2025-10-13T11:15:05.367+0000] {processor.py:161} INFO - Started process (PID=8987) to work on /opt/airflow/dags/extract_open_meteo_dag.py
[2025-10-13T11:15:05.369+0000] {processor.py:830} INFO - Processing file /opt/airflow/dags/extract_open_meteo_dag.py for tasks to queue
[2025-10-13T11:15:05.372+0000] {logging_mixin.py:188} INFO - [2025-10-13T11:15:05.371+0000] {dagbag.py:540} INFO - Filling up the DagBag from /opt/airflow/dags/extract_open_meteo_dag.py
[2025-10-13T11:15:05.413+0000] {processor.py:840} INFO - DAG(s) 'extract_open_meteo_v2' retrieved from /opt/airflow/dags/extract_open_meteo_dag.py
[2025-10-13T11:15:05.501+0000] {logging_mixin.py:188} INFO - [2025-10-13T11:15:05.500+0000] {dag.py:3047} INFO - Sync 1 DAGs
[2025-10-13T11:15:05.556+0000] {logging_mixin.py:188} INFO - [2025-10-13T11:15:05.555+0000] {dag.py:3834} INFO - Setting next_dagrun for extract_open_meteo_v2 to 2025-10-12 22:00:00+00:00, run_after=2025-10-13 22:00:00+00:00
[2025-10-13T11:15:05.643+0000] {processor.py:183} INFO - Processing /opt/airflow/dags/extract_open_meteo_dag.py took 0.292 seconds
[2025-10-13T11:15:36.077+0000] {processor.py:161} INFO - Started process (PID=9002) to work on /opt/airflow/dags/extract_open_meteo_dag.py
[2025-10-13T11:15:36.079+0000] {processor.py:830} INFO - Processing file /opt/airflow/dags/extract_open_meteo_dag.py for tasks to queue
[2025-10-13T11:15:36.081+0000] {logging_mixin.py:188} INFO - [2025-10-13T11:15:36.080+0000] {dagbag.py:540} INFO - Filling up the DagBag from /opt/airflow/dags/extract_open_meteo_dag.py
[2025-10-13T11:15:36.119+0000] {processor.py:840} INFO - DAG(s) 'extract_open_meteo_v2' retrieved from /opt/airflow/dags/extract_open_meteo_dag.py
[2025-10-13T11:15:36.193+0000] {logging_mixin.py:188} INFO - [2025-10-13T11:15:36.193+0000] {dag.py:3047} INFO - Sync 1 DAGs
[2025-10-13T11:15:36.233+0000] {logging_mixin.py:188} INFO - [2025-10-13T11:15:36.233+0000] {dag.py:3834} INFO - Setting next_dagrun for extract_open_meteo_v2 to 2025-10-12 22:00:00+00:00, run_after=2025-10-13 22:00:00+00:00
[2025-10-13T11:15:36.367+0000] {processor.py:183} INFO - Processing /opt/airflow/dags/extract_open_meteo_dag.py took 0.295 seconds
[2025-10-13T11:16:06.831+0000] {processor.py:161} INFO - Started process (PID=9017) to work on /opt/airflow/dags/extract_open_meteo_dag.py
[2025-10-13T11:16:06.832+0000] {processor.py:830} INFO - Processing file /opt/airflow/dags/extract_open_meteo_dag.py for tasks to queue
[2025-10-13T11:16:06.834+0000] {logging_mixin.py:188} INFO - [2025-10-13T11:16:06.834+0000] {dagbag.py:540} INFO - Filling up the DagBag from /opt/airflow/dags/extract_open_meteo_dag.py
[2025-10-13T11:16:06.862+0000] {processor.py:840} INFO - DAG(s) 'extract_open_meteo_v2' retrieved from /opt/airflow/dags/extract_open_meteo_dag.py
[2025-10-13T11:16:06.922+0000] {logging_mixin.py:188} INFO - [2025-10-13T11:16:06.921+0000] {dag.py:3047} INFO - Sync 1 DAGs
[2025-10-13T11:16:06.970+0000] {logging_mixin.py:188} INFO - [2025-10-13T11:16:06.969+0000] {dag.py:3834} INFO - Setting next_dagrun for extract_open_meteo_v2 to 2025-10-12 22:00:00+00:00, run_after=2025-10-13 22:00:00+00:00
[2025-10-13T11:16:07.050+0000] {processor.py:183} INFO - Processing /opt/airflow/dags/extract_open_meteo_dag.py took 0.223 seconds
[2025-10-13T11:16:37.386+0000] {processor.py:161} INFO - Started process (PID=9032) to work on /opt/airflow/dags/extract_open_meteo_dag.py
[2025-10-13T11:16:37.388+0000] {processor.py:830} INFO - Processing file /opt/airflow/dags/extract_open_meteo_dag.py for tasks to queue
[2025-10-13T11:16:37.390+0000] {logging_mixin.py:188} INFO - [2025-10-13T11:16:37.389+0000] {dagbag.py:540} INFO - Filling up the DagBag from /opt/airflow/dags/extract_open_meteo_dag.py
[2025-10-13T11:16:37.419+0000] {processor.py:840} INFO - DAG(s) 'extract_open_meteo_v2' retrieved from /opt/airflow/dags/extract_open_meteo_dag.py
[2025-10-13T11:16:37.493+0000] {logging_mixin.py:188} INFO - [2025-10-13T11:16:37.492+0000] {dag.py:3047} INFO - Sync 1 DAGs
[2025-10-13T11:16:37.541+0000] {logging_mixin.py:188} INFO - [2025-10-13T11:16:37.541+0000] {dag.py:3834} INFO - Setting next_dagrun for extract_open_meteo_v2 to 2025-10-12 22:00:00+00:00, run_after=2025-10-13 22:00:00+00:00
[2025-10-13T11:16:37.607+0000] {processor.py:183} INFO - Processing /opt/airflow/dags/extract_open_meteo_dag.py took 0.225 seconds
[2025-10-13T11:17:07.755+0000] {processor.py:161} INFO - Started process (PID=9047) to work on /opt/airflow/dags/extract_open_meteo_dag.py
[2025-10-13T11:17:07.758+0000] {processor.py:830} INFO - Processing file /opt/airflow/dags/extract_open_meteo_dag.py for tasks to queue
[2025-10-13T11:17:07.761+0000] {logging_mixin.py:188} INFO - [2025-10-13T11:17:07.760+0000] {dagbag.py:540} INFO - Filling up the DagBag from /opt/airflow/dags/extract_open_meteo_dag.py
[2025-10-13T11:17:07.804+0000] {processor.py:840} INFO - DAG(s) 'extract_open_meteo_v2' retrieved from /opt/airflow/dags/extract_open_meteo_dag.py
[2025-10-13T11:17:07.897+0000] {logging_mixin.py:188} INFO - [2025-10-13T11:17:07.897+0000] {dag.py:3047} INFO - Sync 1 DAGs
[2025-10-13T11:17:07.958+0000] {logging_mixin.py:188} INFO - [2025-10-13T11:17:07.958+0000] {dag.py:3834} INFO - Setting next_dagrun for extract_open_meteo_v2 to 2025-10-12 22:00:00+00:00, run_after=2025-10-13 22:00:00+00:00
[2025-10-13T11:17:08.046+0000] {processor.py:183} INFO - Processing /opt/airflow/dags/extract_open_meteo_dag.py took 0.294 seconds
[2025-10-13T11:17:38.608+0000] {processor.py:161} INFO - Started process (PID=9062) to work on /opt/airflow/dags/extract_open_meteo_dag.py
[2025-10-13T11:17:38.610+0000] {processor.py:830} INFO - Processing file /opt/airflow/dags/extract_open_meteo_dag.py for tasks to queue
[2025-10-13T11:17:38.611+0000] {logging_mixin.py:188} INFO - [2025-10-13T11:17:38.611+0000] {dagbag.py:540} INFO - Filling up the DagBag from /opt/airflow/dags/extract_open_meteo_dag.py
[2025-10-13T11:17:38.636+0000] {processor.py:840} INFO - DAG(s) 'extract_open_meteo_v2' retrieved from /opt/airflow/dags/extract_open_meteo_dag.py
[2025-10-13T11:17:38.695+0000] {logging_mixin.py:188} INFO - [2025-10-13T11:17:38.694+0000] {dag.py:3047} INFO - Sync 1 DAGs
[2025-10-13T11:17:38.770+0000] {logging_mixin.py:188} INFO - [2025-10-13T11:17:38.769+0000] {dag.py:3834} INFO - Setting next_dagrun for extract_open_meteo_v2 to 2025-10-12 22:00:00+00:00, run_after=2025-10-13 22:00:00+00:00
[2025-10-13T11:17:38.833+0000] {processor.py:183} INFO - Processing /opt/airflow/dags/extract_open_meteo_dag.py took 0.228 seconds
[2025-10-13T11:18:09.255+0000] {processor.py:161} INFO - Started process (PID=9077) to work on /opt/airflow/dags/extract_open_meteo_dag.py
[2025-10-13T11:18:09.256+0000] {processor.py:830} INFO - Processing file /opt/airflow/dags/extract_open_meteo_dag.py for tasks to queue
[2025-10-13T11:18:09.258+0000] {logging_mixin.py:188} INFO - [2025-10-13T11:18:09.258+0000] {dagbag.py:540} INFO - Filling up the DagBag from /opt/airflow/dags/extract_open_meteo_dag.py
[2025-10-13T11:18:09.314+0000] {processor.py:840} INFO - DAG(s) 'extract_open_meteo_v2' retrieved from /opt/airflow/dags/extract_open_meteo_dag.py
[2025-10-13T11:18:09.386+0000] {logging_mixin.py:188} INFO - [2025-10-13T11:18:09.386+0000] {dag.py:3047} INFO - Sync 1 DAGs
[2025-10-13T11:18:09.436+0000] {logging_mixin.py:188} INFO - [2025-10-13T11:18:09.435+0000] {dag.py:3834} INFO - Setting next_dagrun for extract_open_meteo_v2 to 2025-10-12 22:00:00+00:00, run_after=2025-10-13 22:00:00+00:00
[2025-10-13T11:18:09.509+0000] {processor.py:183} INFO - Processing /opt/airflow/dags/extract_open_meteo_dag.py took 0.257 seconds
[2025-10-13T11:18:39.976+0000] {processor.py:161} INFO - Started process (PID=9092) to work on /opt/airflow/dags/extract_open_meteo_dag.py
[2025-10-13T11:18:39.978+0000] {processor.py:830} INFO - Processing file /opt/airflow/dags/extract_open_meteo_dag.py for tasks to queue
[2025-10-13T11:18:39.980+0000] {logging_mixin.py:188} INFO - [2025-10-13T11:18:39.980+0000] {dagbag.py:540} INFO - Filling up the DagBag from /opt/airflow/dags/extract_open_meteo_dag.py
[2025-10-13T11:18:40.014+0000] {processor.py:840} INFO - DAG(s) 'extract_open_meteo_v2' retrieved from /opt/airflow/dags/extract_open_meteo_dag.py
[2025-10-13T11:18:40.094+0000] {logging_mixin.py:188} INFO - [2025-10-13T11:18:40.093+0000] {dag.py:3047} INFO - Sync 1 DAGs
[2025-10-13T11:18:40.143+0000] {logging_mixin.py:188} INFO - [2025-10-13T11:18:40.142+0000] {dag.py:3834} INFO - Setting next_dagrun for extract_open_meteo_v2 to 2025-10-12 22:00:00+00:00, run_after=2025-10-13 22:00:00+00:00
[2025-10-13T11:18:40.181+0000] {processor.py:183} INFO - Processing /opt/airflow/dags/extract_open_meteo_dag.py took 0.226 seconds
[2025-10-13T11:19:10.937+0000] {processor.py:161} INFO - Started process (PID=9107) to work on /opt/airflow/dags/extract_open_meteo_dag.py
[2025-10-13T11:19:10.941+0000] {processor.py:830} INFO - Processing file /opt/airflow/dags/extract_open_meteo_dag.py for tasks to queue
[2025-10-13T11:19:10.946+0000] {logging_mixin.py:188} INFO - [2025-10-13T11:19:10.945+0000] {dagbag.py:540} INFO - Filling up the DagBag from /opt/airflow/dags/extract_open_meteo_dag.py
[2025-10-13T11:19:11.167+0000] {processor.py:840} INFO - DAG(s) 'extract_open_meteo_v2' retrieved from /opt/airflow/dags/extract_open_meteo_dag.py
[2025-10-13T11:19:11.834+0000] {logging_mixin.py:188} INFO - [2025-10-13T11:19:11.833+0000] {dag.py:3047} INFO - Sync 1 DAGs
[2025-10-13T11:19:11.931+0000] {logging_mixin.py:188} INFO - [2025-10-13T11:19:11.930+0000] {dag.py:3834} INFO - Setting next_dagrun for extract_open_meteo_v2 to 2025-10-12 22:00:00+00:00, run_after=2025-10-13 22:00:00+00:00
[2025-10-13T11:19:12.097+0000] {processor.py:183} INFO - Processing /opt/airflow/dags/extract_open_meteo_dag.py took 1.174 seconds
[2025-10-13T11:19:42.489+0000] {processor.py:161} INFO - Started process (PID=9122) to work on /opt/airflow/dags/extract_open_meteo_dag.py
[2025-10-13T11:19:42.490+0000] {processor.py:830} INFO - Processing file /opt/airflow/dags/extract_open_meteo_dag.py for tasks to queue
[2025-10-13T11:19:42.492+0000] {logging_mixin.py:188} INFO - [2025-10-13T11:19:42.492+0000] {dagbag.py:540} INFO - Filling up the DagBag from /opt/airflow/dags/extract_open_meteo_dag.py
[2025-10-13T11:19:42.524+0000] {processor.py:840} INFO - DAG(s) 'extract_open_meteo_v2' retrieved from /opt/airflow/dags/extract_open_meteo_dag.py
[2025-10-13T11:19:42.607+0000] {logging_mixin.py:188} INFO - [2025-10-13T11:19:42.606+0000] {dag.py:3047} INFO - Sync 1 DAGs
[2025-10-13T11:19:42.671+0000] {logging_mixin.py:188} INFO - [2025-10-13T11:19:42.670+0000] {dag.py:3834} INFO - Setting next_dagrun for extract_open_meteo_v2 to 2025-10-12 22:00:00+00:00, run_after=2025-10-13 22:00:00+00:00
[2025-10-13T11:19:42.736+0000] {processor.py:183} INFO - Processing /opt/airflow/dags/extract_open_meteo_dag.py took 0.250 seconds
[2025-10-13T11:20:13.155+0000] {processor.py:161} INFO - Started process (PID=9137) to work on /opt/airflow/dags/extract_open_meteo_dag.py
[2025-10-13T11:20:13.157+0000] {processor.py:830} INFO - Processing file /opt/airflow/dags/extract_open_meteo_dag.py for tasks to queue
[2025-10-13T11:20:13.158+0000] {logging_mixin.py:188} INFO - [2025-10-13T11:20:13.158+0000] {dagbag.py:540} INFO - Filling up the DagBag from /opt/airflow/dags/extract_open_meteo_dag.py
[2025-10-13T11:20:13.188+0000] {processor.py:840} INFO - DAG(s) 'extract_open_meteo_v2' retrieved from /opt/airflow/dags/extract_open_meteo_dag.py
[2025-10-13T11:20:13.254+0000] {logging_mixin.py:188} INFO - [2025-10-13T11:20:13.254+0000] {dag.py:3047} INFO - Sync 1 DAGs
[2025-10-13T11:20:13.298+0000] {logging_mixin.py:188} INFO - [2025-10-13T11:20:13.298+0000] {dag.py:3834} INFO - Setting next_dagrun for extract_open_meteo_v2 to 2025-10-12 22:00:00+00:00, run_after=2025-10-13 22:00:00+00:00
[2025-10-13T11:20:13.376+0000] {processor.py:183} INFO - Processing /opt/airflow/dags/extract_open_meteo_dag.py took 0.225 seconds
[2025-10-13T11:20:43.829+0000] {processor.py:161} INFO - Started process (PID=9152) to work on /opt/airflow/dags/extract_open_meteo_dag.py
[2025-10-13T11:20:43.831+0000] {processor.py:830} INFO - Processing file /opt/airflow/dags/extract_open_meteo_dag.py for tasks to queue
[2025-10-13T11:20:43.832+0000] {logging_mixin.py:188} INFO - [2025-10-13T11:20:43.832+0000] {dagbag.py:540} INFO - Filling up the DagBag from /opt/airflow/dags/extract_open_meteo_dag.py
[2025-10-13T11:20:43.860+0000] {processor.py:840} INFO - DAG(s) 'extract_open_meteo_v2' retrieved from /opt/airflow/dags/extract_open_meteo_dag.py
[2025-10-13T11:20:43.917+0000] {logging_mixin.py:188} INFO - [2025-10-13T11:20:43.917+0000] {dag.py:3047} INFO - Sync 1 DAGs
[2025-10-13T11:20:43.963+0000] {logging_mixin.py:188} INFO - [2025-10-13T11:20:43.963+0000] {dag.py:3834} INFO - Setting next_dagrun for extract_open_meteo_v2 to 2025-10-12 22:00:00+00:00, run_after=2025-10-13 22:00:00+00:00
[2025-10-13T11:20:44.038+0000] {processor.py:183} INFO - Processing /opt/airflow/dags/extract_open_meteo_dag.py took 0.212 seconds
[2025-10-13T11:21:14.432+0000] {processor.py:161} INFO - Started process (PID=9167) to work on /opt/airflow/dags/extract_open_meteo_dag.py
[2025-10-13T11:21:14.434+0000] {processor.py:830} INFO - Processing file /opt/airflow/dags/extract_open_meteo_dag.py for tasks to queue
[2025-10-13T11:21:14.436+0000] {logging_mixin.py:188} INFO - [2025-10-13T11:21:14.435+0000] {dagbag.py:540} INFO - Filling up the DagBag from /opt/airflow/dags/extract_open_meteo_dag.py
[2025-10-13T11:21:14.464+0000] {processor.py:840} INFO - DAG(s) 'extract_open_meteo_v2' retrieved from /opt/airflow/dags/extract_open_meteo_dag.py
[2025-10-13T11:21:14.514+0000] {logging_mixin.py:188} INFO - [2025-10-13T11:21:14.514+0000] {dag.py:3047} INFO - Sync 1 DAGs
[2025-10-13T11:21:14.564+0000] {logging_mixin.py:188} INFO - [2025-10-13T11:21:14.564+0000] {dag.py:3834} INFO - Setting next_dagrun for extract_open_meteo_v2 to 2025-10-12 22:00:00+00:00, run_after=2025-10-13 22:00:00+00:00
[2025-10-13T11:21:14.628+0000] {processor.py:183} INFO - Processing /opt/airflow/dags/extract_open_meteo_dag.py took 0.199 seconds
[2025-10-13T11:21:45.074+0000] {processor.py:161} INFO - Started process (PID=9182) to work on /opt/airflow/dags/extract_open_meteo_dag.py
[2025-10-13T11:21:45.076+0000] {processor.py:830} INFO - Processing file /opt/airflow/dags/extract_open_meteo_dag.py for tasks to queue
[2025-10-13T11:21:45.078+0000] {logging_mixin.py:188} INFO - [2025-10-13T11:21:45.077+0000] {dagbag.py:540} INFO - Filling up the DagBag from /opt/airflow/dags/extract_open_meteo_dag.py
[2025-10-13T11:21:45.104+0000] {processor.py:840} INFO - DAG(s) 'extract_open_meteo_v2' retrieved from /opt/airflow/dags/extract_open_meteo_dag.py
[2025-10-13T11:21:45.161+0000] {logging_mixin.py:188} INFO - [2025-10-13T11:21:45.161+0000] {dag.py:3047} INFO - Sync 1 DAGs
[2025-10-13T11:21:45.206+0000] {logging_mixin.py:188} INFO - [2025-10-13T11:21:45.206+0000] {dag.py:3834} INFO - Setting next_dagrun for extract_open_meteo_v2 to 2025-10-12 22:00:00+00:00, run_after=2025-10-13 22:00:00+00:00
[2025-10-13T11:21:45.259+0000] {processor.py:183} INFO - Processing /opt/airflow/dags/extract_open_meteo_dag.py took 0.188 seconds
[2025-10-13T11:22:15.618+0000] {processor.py:161} INFO - Started process (PID=9197) to work on /opt/airflow/dags/extract_open_meteo_dag.py
[2025-10-13T11:22:15.620+0000] {processor.py:830} INFO - Processing file /opt/airflow/dags/extract_open_meteo_dag.py for tasks to queue
[2025-10-13T11:22:15.621+0000] {logging_mixin.py:188} INFO - [2025-10-13T11:22:15.621+0000] {dagbag.py:540} INFO - Filling up the DagBag from /opt/airflow/dags/extract_open_meteo_dag.py
[2025-10-13T11:22:15.647+0000] {processor.py:840} INFO - DAG(s) 'extract_open_meteo_v2' retrieved from /opt/airflow/dags/extract_open_meteo_dag.py
[2025-10-13T11:22:15.701+0000] {logging_mixin.py:188} INFO - [2025-10-13T11:22:15.701+0000] {dag.py:3047} INFO - Sync 1 DAGs
[2025-10-13T11:22:15.752+0000] {logging_mixin.py:188} INFO - [2025-10-13T11:22:15.752+0000] {dag.py:3834} INFO - Setting next_dagrun for extract_open_meteo_v2 to 2025-10-12 22:00:00+00:00, run_after=2025-10-13 22:00:00+00:00
[2025-10-13T11:22:15.829+0000] {processor.py:183} INFO - Processing /opt/airflow/dags/extract_open_meteo_dag.py took 0.215 seconds
[2025-10-13T11:22:46.213+0000] {processor.py:161} INFO - Started process (PID=9212) to work on /opt/airflow/dags/extract_open_meteo_dag.py
[2025-10-13T11:22:46.215+0000] {processor.py:830} INFO - Processing file /opt/airflow/dags/extract_open_meteo_dag.py for tasks to queue
[2025-10-13T11:22:46.217+0000] {logging_mixin.py:188} INFO - [2025-10-13T11:22:46.216+0000] {dagbag.py:540} INFO - Filling up the DagBag from /opt/airflow/dags/extract_open_meteo_dag.py
[2025-10-13T11:22:46.250+0000] {processor.py:840} INFO - DAG(s) 'extract_open_meteo_v2' retrieved from /opt/airflow/dags/extract_open_meteo_dag.py
[2025-10-13T11:22:46.327+0000] {logging_mixin.py:188} INFO - [2025-10-13T11:22:46.327+0000] {dag.py:3047} INFO - Sync 1 DAGs
[2025-10-13T11:22:46.378+0000] {logging_mixin.py:188} INFO - [2025-10-13T11:22:46.378+0000] {dag.py:3834} INFO - Setting next_dagrun for extract_open_meteo_v2 to 2025-10-12 22:00:00+00:00, run_after=2025-10-13 22:00:00+00:00
[2025-10-13T11:22:46.463+0000] {processor.py:183} INFO - Processing /opt/airflow/dags/extract_open_meteo_dag.py took 0.254 seconds
[2025-10-13T11:23:16.937+0000] {processor.py:161} INFO - Started process (PID=9227) to work on /opt/airflow/dags/extract_open_meteo_dag.py
[2025-10-13T11:23:16.939+0000] {processor.py:830} INFO - Processing file /opt/airflow/dags/extract_open_meteo_dag.py for tasks to queue
[2025-10-13T11:23:16.941+0000] {logging_mixin.py:188} INFO - [2025-10-13T11:23:16.941+0000] {dagbag.py:540} INFO - Filling up the DagBag from /opt/airflow/dags/extract_open_meteo_dag.py
[2025-10-13T11:23:16.977+0000] {processor.py:840} INFO - DAG(s) 'extract_open_meteo_v2' retrieved from /opt/airflow/dags/extract_open_meteo_dag.py
[2025-10-13T11:23:17.045+0000] {logging_mixin.py:188} INFO - [2025-10-13T11:23:17.045+0000] {dag.py:3047} INFO - Sync 1 DAGs
[2025-10-13T11:23:17.100+0000] {logging_mixin.py:188} INFO - [2025-10-13T11:23:17.099+0000] {dag.py:3834} INFO - Setting next_dagrun for extract_open_meteo_v2 to 2025-10-12 22:00:00+00:00, run_after=2025-10-13 22:00:00+00:00
[2025-10-13T11:23:17.161+0000] {processor.py:183} INFO - Processing /opt/airflow/dags/extract_open_meteo_dag.py took 0.227 seconds
[2025-10-13T11:23:47.788+0000] {processor.py:161} INFO - Started process (PID=9242) to work on /opt/airflow/dags/extract_open_meteo_dag.py
[2025-10-13T11:23:47.790+0000] {processor.py:830} INFO - Processing file /opt/airflow/dags/extract_open_meteo_dag.py for tasks to queue
[2025-10-13T11:23:47.791+0000] {logging_mixin.py:188} INFO - [2025-10-13T11:23:47.791+0000] {dagbag.py:540} INFO - Filling up the DagBag from /opt/airflow/dags/extract_open_meteo_dag.py
[2025-10-13T11:23:47.817+0000] {processor.py:840} INFO - DAG(s) 'extract_open_meteo_v2' retrieved from /opt/airflow/dags/extract_open_meteo_dag.py
[2025-10-13T11:23:47.903+0000] {logging_mixin.py:188} INFO - [2025-10-13T11:23:47.902+0000] {dag.py:3047} INFO - Sync 1 DAGs
[2025-10-13T11:23:47.948+0000] {logging_mixin.py:188} INFO - [2025-10-13T11:23:47.948+0000] {dag.py:3834} INFO - Setting next_dagrun for extract_open_meteo_v2 to 2025-10-12 22:00:00+00:00, run_after=2025-10-13 22:00:00+00:00
[2025-10-13T11:23:48.004+0000] {processor.py:183} INFO - Processing /opt/airflow/dags/extract_open_meteo_dag.py took 0.220 seconds
[2025-10-13T11:24:18.428+0000] {processor.py:161} INFO - Started process (PID=9257) to work on /opt/airflow/dags/extract_open_meteo_dag.py
[2025-10-13T11:24:18.429+0000] {processor.py:830} INFO - Processing file /opt/airflow/dags/extract_open_meteo_dag.py for tasks to queue
[2025-10-13T11:24:18.430+0000] {logging_mixin.py:188} INFO - [2025-10-13T11:24:18.430+0000] {dagbag.py:540} INFO - Filling up the DagBag from /opt/airflow/dags/extract_open_meteo_dag.py
[2025-10-13T11:24:18.464+0000] {processor.py:840} INFO - DAG(s) 'extract_open_meteo_v2' retrieved from /opt/airflow/dags/extract_open_meteo_dag.py
[2025-10-13T11:24:18.534+0000] {logging_mixin.py:188} INFO - [2025-10-13T11:24:18.533+0000] {dag.py:3047} INFO - Sync 1 DAGs
[2025-10-13T11:24:18.585+0000] {logging_mixin.py:188} INFO - [2025-10-13T11:24:18.585+0000] {dag.py:3834} INFO - Setting next_dagrun for extract_open_meteo_v2 to 2025-10-12 22:00:00+00:00, run_after=2025-10-13 22:00:00+00:00
[2025-10-13T11:24:18.648+0000] {processor.py:183} INFO - Processing /opt/airflow/dags/extract_open_meteo_dag.py took 0.224 seconds
[2025-10-13T11:24:49.049+0000] {processor.py:161} INFO - Started process (PID=9272) to work on /opt/airflow/dags/extract_open_meteo_dag.py
[2025-10-13T11:24:49.051+0000] {processor.py:830} INFO - Processing file /opt/airflow/dags/extract_open_meteo_dag.py for tasks to queue
[2025-10-13T11:24:49.053+0000] {logging_mixin.py:188} INFO - [2025-10-13T11:24:49.053+0000] {dagbag.py:540} INFO - Filling up the DagBag from /opt/airflow/dags/extract_open_meteo_dag.py
[2025-10-13T11:24:49.082+0000] {processor.py:840} INFO - DAG(s) 'extract_open_meteo_v2' retrieved from /opt/airflow/dags/extract_open_meteo_dag.py
[2025-10-13T11:24:49.151+0000] {logging_mixin.py:188} INFO - [2025-10-13T11:24:49.151+0000] {dag.py:3047} INFO - Sync 1 DAGs
[2025-10-13T11:24:49.192+0000] {logging_mixin.py:188} INFO - [2025-10-13T11:24:49.192+0000] {dag.py:3834} INFO - Setting next_dagrun for extract_open_meteo_v2 to 2025-10-12 22:00:00+00:00, run_after=2025-10-13 22:00:00+00:00
[2025-10-13T11:24:49.274+0000] {processor.py:183} INFO - Processing /opt/airflow/dags/extract_open_meteo_dag.py took 0.228 seconds
[2025-10-13T11:25:19.720+0000] {processor.py:161} INFO - Started process (PID=9287) to work on /opt/airflow/dags/extract_open_meteo_dag.py
[2025-10-13T11:25:19.723+0000] {processor.py:830} INFO - Processing file /opt/airflow/dags/extract_open_meteo_dag.py for tasks to queue
[2025-10-13T11:25:19.725+0000] {logging_mixin.py:188} INFO - [2025-10-13T11:25:19.725+0000] {dagbag.py:540} INFO - Filling up the DagBag from /opt/airflow/dags/extract_open_meteo_dag.py
[2025-10-13T11:25:19.764+0000] {processor.py:840} INFO - DAG(s) 'extract_open_meteo_v2' retrieved from /opt/airflow/dags/extract_open_meteo_dag.py
[2025-10-13T11:25:19.834+0000] {logging_mixin.py:188} INFO - [2025-10-13T11:25:19.833+0000] {dag.py:3047} INFO - Sync 1 DAGs
[2025-10-13T11:25:19.887+0000] {logging_mixin.py:188} INFO - [2025-10-13T11:25:19.887+0000] {dag.py:3834} INFO - Setting next_dagrun for extract_open_meteo_v2 to 2025-10-12 22:00:00+00:00, run_after=2025-10-13 22:00:00+00:00
[2025-10-13T11:25:19.958+0000] {processor.py:183} INFO - Processing /opt/airflow/dags/extract_open_meteo_dag.py took 0.247 seconds
[2025-10-13T11:25:50.392+0000] {processor.py:161} INFO - Started process (PID=9302) to work on /opt/airflow/dags/extract_open_meteo_dag.py
[2025-10-13T11:25:50.395+0000] {processor.py:830} INFO - Processing file /opt/airflow/dags/extract_open_meteo_dag.py for tasks to queue
[2025-10-13T11:25:50.398+0000] {logging_mixin.py:188} INFO - [2025-10-13T11:25:50.397+0000] {dagbag.py:540} INFO - Filling up the DagBag from /opt/airflow/dags/extract_open_meteo_dag.py
[2025-10-13T11:25:50.445+0000] {processor.py:840} INFO - DAG(s) 'extract_open_meteo_v2' retrieved from /opt/airflow/dags/extract_open_meteo_dag.py
[2025-10-13T11:25:50.523+0000] {logging_mixin.py:188} INFO - [2025-10-13T11:25:50.522+0000] {dag.py:3047} INFO - Sync 1 DAGs
[2025-10-13T11:25:50.571+0000] {logging_mixin.py:188} INFO - [2025-10-13T11:25:50.571+0000] {dag.py:3834} INFO - Setting next_dagrun for extract_open_meteo_v2 to 2025-10-12 22:00:00+00:00, run_after=2025-10-13 22:00:00+00:00
[2025-10-13T11:25:50.660+0000] {processor.py:183} INFO - Processing /opt/airflow/dags/extract_open_meteo_dag.py took 0.272 seconds
[2025-10-13T11:26:21.218+0000] {processor.py:161} INFO - Started process (PID=9317) to work on /opt/airflow/dags/extract_open_meteo_dag.py
[2025-10-13T11:26:21.221+0000] {processor.py:830} INFO - Processing file /opt/airflow/dags/extract_open_meteo_dag.py for tasks to queue
[2025-10-13T11:26:21.223+0000] {logging_mixin.py:188} INFO - [2025-10-13T11:26:21.222+0000] {dagbag.py:540} INFO - Filling up the DagBag from /opt/airflow/dags/extract_open_meteo_dag.py
[2025-10-13T11:26:21.268+0000] {processor.py:840} INFO - DAG(s) 'extract_open_meteo_v2' retrieved from /opt/airflow/dags/extract_open_meteo_dag.py
[2025-10-13T11:26:21.559+0000] {logging_mixin.py:188} INFO - [2025-10-13T11:26:21.559+0000] {dag.py:3047} INFO - Sync 1 DAGs
[2025-10-13T11:26:21.712+0000] {logging_mixin.py:188} INFO - [2025-10-13T11:26:21.711+0000] {dag.py:3834} INFO - Setting next_dagrun for extract_open_meteo_v2 to 2025-10-12 22:00:00+00:00, run_after=2025-10-13 22:00:00+00:00
[2025-10-13T11:26:21.811+0000] {processor.py:183} INFO - Processing /opt/airflow/dags/extract_open_meteo_dag.py took 0.600 seconds
[2025-10-13T11:26:52.219+0000] {processor.py:161} INFO - Started process (PID=9332) to work on /opt/airflow/dags/extract_open_meteo_dag.py
[2025-10-13T11:26:52.222+0000] {processor.py:830} INFO - Processing file /opt/airflow/dags/extract_open_meteo_dag.py for tasks to queue
[2025-10-13T11:26:52.224+0000] {logging_mixin.py:188} INFO - [2025-10-13T11:26:52.223+0000] {dagbag.py:540} INFO - Filling up the DagBag from /opt/airflow/dags/extract_open_meteo_dag.py
[2025-10-13T11:26:52.260+0000] {processor.py:840} INFO - DAG(s) 'extract_open_meteo_v2' retrieved from /opt/airflow/dags/extract_open_meteo_dag.py
[2025-10-13T11:26:52.351+0000] {logging_mixin.py:188} INFO - [2025-10-13T11:26:52.350+0000] {dag.py:3047} INFO - Sync 1 DAGs
[2025-10-13T11:26:52.399+0000] {logging_mixin.py:188} INFO - [2025-10-13T11:26:52.399+0000] {dag.py:3834} INFO - Setting next_dagrun for extract_open_meteo_v2 to 2025-10-12 22:00:00+00:00, run_after=2025-10-13 22:00:00+00:00
[2025-10-13T11:26:52.481+0000] {processor.py:183} INFO - Processing /opt/airflow/dags/extract_open_meteo_dag.py took 0.265 seconds
[2025-10-13T11:27:22.923+0000] {processor.py:161} INFO - Started process (PID=9347) to work on /opt/airflow/dags/extract_open_meteo_dag.py
[2025-10-13T11:27:22.925+0000] {processor.py:830} INFO - Processing file /opt/airflow/dags/extract_open_meteo_dag.py for tasks to queue
[2025-10-13T11:27:22.927+0000] {logging_mixin.py:188} INFO - [2025-10-13T11:27:22.926+0000] {dagbag.py:540} INFO - Filling up the DagBag from /opt/airflow/dags/extract_open_meteo_dag.py
[2025-10-13T11:27:22.955+0000] {processor.py:840} INFO - DAG(s) 'extract_open_meteo_v2' retrieved from /opt/airflow/dags/extract_open_meteo_dag.py
[2025-10-13T11:27:23.035+0000] {logging_mixin.py:188} INFO - [2025-10-13T11:27:23.035+0000] {dag.py:3047} INFO - Sync 1 DAGs
[2025-10-13T11:27:23.088+0000] {logging_mixin.py:188} INFO - [2025-10-13T11:27:23.087+0000] {dag.py:3834} INFO - Setting next_dagrun for extract_open_meteo_v2 to 2025-10-12 22:00:00+00:00, run_after=2025-10-13 22:00:00+00:00
[2025-10-13T11:27:23.145+0000] {processor.py:183} INFO - Processing /opt/airflow/dags/extract_open_meteo_dag.py took 0.226 seconds
[2025-10-13T11:27:53.511+0000] {processor.py:161} INFO - Started process (PID=9362) to work on /opt/airflow/dags/extract_open_meteo_dag.py
[2025-10-13T11:27:53.512+0000] {processor.py:830} INFO - Processing file /opt/airflow/dags/extract_open_meteo_dag.py for tasks to queue
[2025-10-13T11:27:53.514+0000] {logging_mixin.py:188} INFO - [2025-10-13T11:27:53.513+0000] {dagbag.py:540} INFO - Filling up the DagBag from /opt/airflow/dags/extract_open_meteo_dag.py
[2025-10-13T11:27:53.542+0000] {processor.py:840} INFO - DAG(s) 'extract_open_meteo_v2' retrieved from /opt/airflow/dags/extract_open_meteo_dag.py
[2025-10-13T11:27:53.615+0000] {logging_mixin.py:188} INFO - [2025-10-13T11:27:53.615+0000] {dag.py:3047} INFO - Sync 1 DAGs
[2025-10-13T11:27:53.661+0000] {logging_mixin.py:188} INFO - [2025-10-13T11:27:53.661+0000] {dag.py:3834} INFO - Setting next_dagrun for extract_open_meteo_v2 to 2025-10-12 22:00:00+00:00, run_after=2025-10-13 22:00:00+00:00
[2025-10-13T11:27:53.711+0000] {processor.py:183} INFO - Processing /opt/airflow/dags/extract_open_meteo_dag.py took 0.204 seconds
[2025-10-13T11:28:24.216+0000] {processor.py:161} INFO - Started process (PID=9377) to work on /opt/airflow/dags/extract_open_meteo_dag.py
[2025-10-13T11:28:24.219+0000] {processor.py:830} INFO - Processing file /opt/airflow/dags/extract_open_meteo_dag.py for tasks to queue
[2025-10-13T11:28:24.221+0000] {logging_mixin.py:188} INFO - [2025-10-13T11:28:24.220+0000] {dagbag.py:540} INFO - Filling up the DagBag from /opt/airflow/dags/extract_open_meteo_dag.py
[2025-10-13T11:28:24.254+0000] {processor.py:840} INFO - DAG(s) 'extract_open_meteo_v2' retrieved from /opt/airflow/dags/extract_open_meteo_dag.py
[2025-10-13T11:28:24.321+0000] {logging_mixin.py:188} INFO - [2025-10-13T11:28:24.320+0000] {dag.py:3047} INFO - Sync 1 DAGs
[2025-10-13T11:28:24.362+0000] {logging_mixin.py:188} INFO - [2025-10-13T11:28:24.362+0000] {dag.py:3834} INFO - Setting next_dagrun for extract_open_meteo_v2 to 2025-10-12 22:00:00+00:00, run_after=2025-10-13 22:00:00+00:00
[2025-10-13T11:28:24.423+0000] {processor.py:183} INFO - Processing /opt/airflow/dags/extract_open_meteo_dag.py took 0.213 seconds
[2025-10-13T11:28:54.939+0000] {processor.py:161} INFO - Started process (PID=9392) to work on /opt/airflow/dags/extract_open_meteo_dag.py
[2025-10-13T11:28:54.940+0000] {processor.py:830} INFO - Processing file /opt/airflow/dags/extract_open_meteo_dag.py for tasks to queue
[2025-10-13T11:28:54.942+0000] {logging_mixin.py:188} INFO - [2025-10-13T11:28:54.942+0000] {dagbag.py:540} INFO - Filling up the DagBag from /opt/airflow/dags/extract_open_meteo_dag.py
[2025-10-13T11:28:54.972+0000] {processor.py:840} INFO - DAG(s) 'extract_open_meteo_v2' retrieved from /opt/airflow/dags/extract_open_meteo_dag.py
[2025-10-13T11:28:55.060+0000] {logging_mixin.py:188} INFO - [2025-10-13T11:28:55.059+0000] {dag.py:3047} INFO - Sync 1 DAGs
[2025-10-13T11:28:55.104+0000] {logging_mixin.py:188} INFO - [2025-10-13T11:28:55.104+0000] {dag.py:3834} INFO - Setting next_dagrun for extract_open_meteo_v2 to 2025-10-12 22:00:00+00:00, run_after=2025-10-13 22:00:00+00:00
[2025-10-13T11:28:55.143+0000] {processor.py:183} INFO - Processing /opt/airflow/dags/extract_open_meteo_dag.py took 0.207 seconds
[2025-10-13T11:29:25.491+0000] {processor.py:161} INFO - Started process (PID=9407) to work on /opt/airflow/dags/extract_open_meteo_dag.py
[2025-10-13T11:29:25.492+0000] {processor.py:830} INFO - Processing file /opt/airflow/dags/extract_open_meteo_dag.py for tasks to queue
[2025-10-13T11:29:25.494+0000] {logging_mixin.py:188} INFO - [2025-10-13T11:29:25.493+0000] {dagbag.py:540} INFO - Filling up the DagBag from /opt/airflow/dags/extract_open_meteo_dag.py
[2025-10-13T11:29:25.523+0000] {processor.py:840} INFO - DAG(s) 'extract_open_meteo_v2' retrieved from /opt/airflow/dags/extract_open_meteo_dag.py
[2025-10-13T11:29:25.582+0000] {logging_mixin.py:188} INFO - [2025-10-13T11:29:25.582+0000] {dag.py:3047} INFO - Sync 1 DAGs
[2025-10-13T11:29:25.627+0000] {logging_mixin.py:188} INFO - [2025-10-13T11:29:25.627+0000] {dag.py:3834} INFO - Setting next_dagrun for extract_open_meteo_v2 to 2025-10-12 22:00:00+00:00, run_after=2025-10-13 22:00:00+00:00
[2025-10-13T11:29:25.681+0000] {processor.py:183} INFO - Processing /opt/airflow/dags/extract_open_meteo_dag.py took 0.193 seconds
[2025-10-13T11:29:56.065+0000] {processor.py:161} INFO - Started process (PID=9422) to work on /opt/airflow/dags/extract_open_meteo_dag.py
[2025-10-13T11:29:56.066+0000] {processor.py:830} INFO - Processing file /opt/airflow/dags/extract_open_meteo_dag.py for tasks to queue
[2025-10-13T11:29:56.067+0000] {logging_mixin.py:188} INFO - [2025-10-13T11:29:56.067+0000] {dagbag.py:540} INFO - Filling up the DagBag from /opt/airflow/dags/extract_open_meteo_dag.py
[2025-10-13T11:29:56.097+0000] {processor.py:840} INFO - DAG(s) 'extract_open_meteo_v2' retrieved from /opt/airflow/dags/extract_open_meteo_dag.py
[2025-10-13T11:29:56.156+0000] {logging_mixin.py:188} INFO - [2025-10-13T11:29:56.156+0000] {dag.py:3047} INFO - Sync 1 DAGs
[2025-10-13T11:29:56.198+0000] {logging_mixin.py:188} INFO - [2025-10-13T11:29:56.198+0000] {dag.py:3834} INFO - Setting next_dagrun for extract_open_meteo_v2 to 2025-10-12 22:00:00+00:00, run_after=2025-10-13 22:00:00+00:00
[2025-10-13T11:29:56.255+0000] {processor.py:183} INFO - Processing /opt/airflow/dags/extract_open_meteo_dag.py took 0.194 seconds
[2025-10-13T11:30:26.657+0000] {processor.py:161} INFO - Started process (PID=9436) to work on /opt/airflow/dags/extract_open_meteo_dag.py
[2025-10-13T11:30:26.659+0000] {processor.py:830} INFO - Processing file /opt/airflow/dags/extract_open_meteo_dag.py for tasks to queue
[2025-10-13T11:30:26.661+0000] {logging_mixin.py:188} INFO - [2025-10-13T11:30:26.661+0000] {dagbag.py:540} INFO - Filling up the DagBag from /opt/airflow/dags/extract_open_meteo_dag.py
[2025-10-13T11:30:26.692+0000] {processor.py:840} INFO - DAG(s) 'extract_open_meteo_v2' retrieved from /opt/airflow/dags/extract_open_meteo_dag.py
[2025-10-13T11:30:26.756+0000] {logging_mixin.py:188} INFO - [2025-10-13T11:30:26.755+0000] {dag.py:3047} INFO - Sync 1 DAGs
[2025-10-13T11:30:26.812+0000] {logging_mixin.py:188} INFO - [2025-10-13T11:30:26.812+0000] {dag.py:3834} INFO - Setting next_dagrun for extract_open_meteo_v2 to 2025-10-12 22:00:00+00:00, run_after=2025-10-13 22:00:00+00:00
[2025-10-13T11:30:26.887+0000] {processor.py:183} INFO - Processing /opt/airflow/dags/extract_open_meteo_dag.py took 0.234 seconds
[2025-10-13T11:30:57.338+0000] {processor.py:161} INFO - Started process (PID=9452) to work on /opt/airflow/dags/extract_open_meteo_dag.py
[2025-10-13T11:30:57.341+0000] {processor.py:830} INFO - Processing file /opt/airflow/dags/extract_open_meteo_dag.py for tasks to queue
[2025-10-13T11:30:57.344+0000] {logging_mixin.py:188} INFO - [2025-10-13T11:30:57.343+0000] {dagbag.py:540} INFO - Filling up the DagBag from /opt/airflow/dags/extract_open_meteo_dag.py
[2025-10-13T11:30:57.399+0000] {processor.py:840} INFO - DAG(s) 'extract_open_meteo_v2' retrieved from /opt/airflow/dags/extract_open_meteo_dag.py
[2025-10-13T11:30:57.493+0000] {logging_mixin.py:188} INFO - [2025-10-13T11:30:57.492+0000] {dag.py:3047} INFO - Sync 1 DAGs
[2025-10-13T11:30:57.559+0000] {logging_mixin.py:188} INFO - [2025-10-13T11:30:57.559+0000] {dag.py:3834} INFO - Setting next_dagrun for extract_open_meteo_v2 to 2025-10-12 22:00:00+00:00, run_after=2025-10-13 22:00:00+00:00
[2025-10-13T11:30:57.638+0000] {processor.py:183} INFO - Processing /opt/airflow/dags/extract_open_meteo_dag.py took 0.307 seconds
[2025-10-13T11:31:28.154+0000] {processor.py:161} INFO - Started process (PID=9467) to work on /opt/airflow/dags/extract_open_meteo_dag.py
[2025-10-13T11:31:28.156+0000] {processor.py:830} INFO - Processing file /opt/airflow/dags/extract_open_meteo_dag.py for tasks to queue
[2025-10-13T11:31:28.159+0000] {logging_mixin.py:188} INFO - [2025-10-13T11:31:28.157+0000] {dagbag.py:540} INFO - Filling up the DagBag from /opt/airflow/dags/extract_open_meteo_dag.py
[2025-10-13T11:31:28.197+0000] {processor.py:840} INFO - DAG(s) 'extract_open_meteo_v2' retrieved from /opt/airflow/dags/extract_open_meteo_dag.py
[2025-10-13T11:31:28.309+0000] {logging_mixin.py:188} INFO - [2025-10-13T11:31:28.309+0000] {dag.py:3047} INFO - Sync 1 DAGs
[2025-10-13T11:31:28.378+0000] {logging_mixin.py:188} INFO - [2025-10-13T11:31:28.377+0000] {dag.py:3834} INFO - Setting next_dagrun for extract_open_meteo_v2 to 2025-10-12 22:00:00+00:00, run_after=2025-10-13 22:00:00+00:00
[2025-10-13T11:31:28.452+0000] {processor.py:183} INFO - Processing /opt/airflow/dags/extract_open_meteo_dag.py took 0.302 seconds
[2025-10-13T11:31:58.800+0000] {processor.py:161} INFO - Started process (PID=9482) to work on /opt/airflow/dags/extract_open_meteo_dag.py
[2025-10-13T11:31:58.802+0000] {processor.py:830} INFO - Processing file /opt/airflow/dags/extract_open_meteo_dag.py for tasks to queue
[2025-10-13T11:31:58.804+0000] {logging_mixin.py:188} INFO - [2025-10-13T11:31:58.803+0000] {dagbag.py:540} INFO - Filling up the DagBag from /opt/airflow/dags/extract_open_meteo_dag.py
[2025-10-13T11:31:58.840+0000] {processor.py:840} INFO - DAG(s) 'extract_open_meteo_v2' retrieved from /opt/airflow/dags/extract_open_meteo_dag.py
[2025-10-13T11:31:58.911+0000] {logging_mixin.py:188} INFO - [2025-10-13T11:31:58.910+0000] {dag.py:3047} INFO - Sync 1 DAGs
[2025-10-13T11:31:58.961+0000] {logging_mixin.py:188} INFO - [2025-10-13T11:31:58.961+0000] {dag.py:3834} INFO - Setting next_dagrun for extract_open_meteo_v2 to 2025-10-12 22:00:00+00:00, run_after=2025-10-13 22:00:00+00:00
[2025-10-13T11:31:59.031+0000] {processor.py:183} INFO - Processing /opt/airflow/dags/extract_open_meteo_dag.py took 0.235 seconds
[2025-10-13T11:32:29.570+0000] {processor.py:161} INFO - Started process (PID=9497) to work on /opt/airflow/dags/extract_open_meteo_dag.py
[2025-10-13T11:32:29.572+0000] {processor.py:830} INFO - Processing file /opt/airflow/dags/extract_open_meteo_dag.py for tasks to queue
[2025-10-13T11:32:29.574+0000] {logging_mixin.py:188} INFO - [2025-10-13T11:32:29.573+0000] {dagbag.py:540} INFO - Filling up the DagBag from /opt/airflow/dags/extract_open_meteo_dag.py
[2025-10-13T11:32:29.605+0000] {processor.py:840} INFO - DAG(s) 'extract_open_meteo_v2' retrieved from /opt/airflow/dags/extract_open_meteo_dag.py
[2025-10-13T11:32:29.667+0000] {logging_mixin.py:188} INFO - [2025-10-13T11:32:29.667+0000] {dag.py:3047} INFO - Sync 1 DAGs
[2025-10-13T11:32:29.718+0000] {logging_mixin.py:188} INFO - [2025-10-13T11:32:29.718+0000] {dag.py:3834} INFO - Setting next_dagrun for extract_open_meteo_v2 to 2025-10-12 22:00:00+00:00, run_after=2025-10-13 22:00:00+00:00
[2025-10-13T11:32:29.780+0000] {processor.py:183} INFO - Processing /opt/airflow/dags/extract_open_meteo_dag.py took 0.214 seconds
[2025-10-13T11:33:00.359+0000] {processor.py:161} INFO - Started process (PID=9512) to work on /opt/airflow/dags/extract_open_meteo_dag.py
[2025-10-13T11:33:00.361+0000] {processor.py:830} INFO - Processing file /opt/airflow/dags/extract_open_meteo_dag.py for tasks to queue
[2025-10-13T11:33:00.363+0000] {logging_mixin.py:188} INFO - [2025-10-13T11:33:00.362+0000] {dagbag.py:540} INFO - Filling up the DagBag from /opt/airflow/dags/extract_open_meteo_dag.py
[2025-10-13T11:33:00.412+0000] {processor.py:840} INFO - DAG(s) 'extract_open_meteo_v2' retrieved from /opt/airflow/dags/extract_open_meteo_dag.py
[2025-10-13T11:33:00.500+0000] {logging_mixin.py:188} INFO - [2025-10-13T11:33:00.499+0000] {dag.py:3047} INFO - Sync 1 DAGs
[2025-10-13T11:33:00.573+0000] {logging_mixin.py:188} INFO - [2025-10-13T11:33:00.573+0000] {dag.py:3834} INFO - Setting next_dagrun for extract_open_meteo_v2 to 2025-10-12 22:00:00+00:00, run_after=2025-10-13 22:00:00+00:00
[2025-10-13T11:33:00.638+0000] {processor.py:183} INFO - Processing /opt/airflow/dags/extract_open_meteo_dag.py took 0.283 seconds
[2025-10-13T11:33:31.104+0000] {processor.py:161} INFO - Started process (PID=9527) to work on /opt/airflow/dags/extract_open_meteo_dag.py
[2025-10-13T11:33:31.106+0000] {processor.py:830} INFO - Processing file /opt/airflow/dags/extract_open_meteo_dag.py for tasks to queue
[2025-10-13T11:33:31.107+0000] {logging_mixin.py:188} INFO - [2025-10-13T11:33:31.107+0000] {dagbag.py:540} INFO - Filling up the DagBag from /opt/airflow/dags/extract_open_meteo_dag.py
[2025-10-13T11:33:31.134+0000] {processor.py:840} INFO - DAG(s) 'extract_open_meteo_v2' retrieved from /opt/airflow/dags/extract_open_meteo_dag.py
[2025-10-13T11:33:31.197+0000] {logging_mixin.py:188} INFO - [2025-10-13T11:33:31.197+0000] {dag.py:3047} INFO - Sync 1 DAGs
[2025-10-13T11:33:31.238+0000] {logging_mixin.py:188} INFO - [2025-10-13T11:33:31.238+0000] {dag.py:3834} INFO - Setting next_dagrun for extract_open_meteo_v2 to 2025-10-12 22:00:00+00:00, run_after=2025-10-13 22:00:00+00:00
[2025-10-13T11:33:31.396+0000] {processor.py:183} INFO - Processing /opt/airflow/dags/extract_open_meteo_dag.py took 0.296 seconds
[2025-10-13T11:34:01.945+0000] {processor.py:161} INFO - Started process (PID=9542) to work on /opt/airflow/dags/extract_open_meteo_dag.py
[2025-10-13T11:34:01.952+0000] {processor.py:830} INFO - Processing file /opt/airflow/dags/extract_open_meteo_dag.py for tasks to queue
[2025-10-13T11:34:01.955+0000] {logging_mixin.py:188} INFO - [2025-10-13T11:34:01.954+0000] {dagbag.py:540} INFO - Filling up the DagBag from /opt/airflow/dags/extract_open_meteo_dag.py
[2025-10-13T11:34:02.023+0000] {processor.py:840} INFO - DAG(s) 'extract_open_meteo_v2' retrieved from /opt/airflow/dags/extract_open_meteo_dag.py
[2025-10-13T11:34:02.106+0000] {logging_mixin.py:188} INFO - [2025-10-13T11:34:02.106+0000] {dag.py:3047} INFO - Sync 1 DAGs
[2025-10-13T11:34:02.171+0000] {logging_mixin.py:188} INFO - [2025-10-13T11:34:02.170+0000] {dag.py:3834} INFO - Setting next_dagrun for extract_open_meteo_v2 to 2025-10-12 22:00:00+00:00, run_after=2025-10-13 22:00:00+00:00
[2025-10-13T11:34:02.250+0000] {processor.py:183} INFO - Processing /opt/airflow/dags/extract_open_meteo_dag.py took 0.322 seconds
[2025-10-13T11:34:32.802+0000] {processor.py:161} INFO - Started process (PID=9557) to work on /opt/airflow/dags/extract_open_meteo_dag.py
[2025-10-13T11:34:32.805+0000] {processor.py:830} INFO - Processing file /opt/airflow/dags/extract_open_meteo_dag.py for tasks to queue
[2025-10-13T11:34:32.807+0000] {logging_mixin.py:188} INFO - [2025-10-13T11:34:32.807+0000] {dagbag.py:540} INFO - Filling up the DagBag from /opt/airflow/dags/extract_open_meteo_dag.py
[2025-10-13T11:34:32.920+0000] {processor.py:840} INFO - DAG(s) 'extract_open_meteo_v2' retrieved from /opt/airflow/dags/extract_open_meteo_dag.py
[2025-10-13T11:34:33.029+0000] {logging_mixin.py:188} INFO - [2025-10-13T11:34:33.028+0000] {dag.py:3047} INFO - Sync 1 DAGs
[2025-10-13T11:34:33.097+0000] {logging_mixin.py:188} INFO - [2025-10-13T11:34:33.097+0000] {dag.py:3834} INFO - Setting next_dagrun for extract_open_meteo_v2 to 2025-10-12 22:00:00+00:00, run_after=2025-10-13 22:00:00+00:00
[2025-10-13T11:34:33.188+0000] {processor.py:183} INFO - Processing /opt/airflow/dags/extract_open_meteo_dag.py took 0.394 seconds
[2025-10-13T11:35:03.621+0000] {processor.py:161} INFO - Started process (PID=9572) to work on /opt/airflow/dags/extract_open_meteo_dag.py
[2025-10-13T11:35:03.623+0000] {processor.py:830} INFO - Processing file /opt/airflow/dags/extract_open_meteo_dag.py for tasks to queue
[2025-10-13T11:35:03.625+0000] {logging_mixin.py:188} INFO - [2025-10-13T11:35:03.624+0000] {dagbag.py:540} INFO - Filling up the DagBag from /opt/airflow/dags/extract_open_meteo_dag.py
[2025-10-13T11:35:03.654+0000] {processor.py:840} INFO - DAG(s) 'extract_open_meteo_v2' retrieved from /opt/airflow/dags/extract_open_meteo_dag.py
[2025-10-13T11:35:03.720+0000] {logging_mixin.py:188} INFO - [2025-10-13T11:35:03.720+0000] {dag.py:3047} INFO - Sync 1 DAGs
[2025-10-13T11:35:03.767+0000] {logging_mixin.py:188} INFO - [2025-10-13T11:35:03.767+0000] {dag.py:3834} INFO - Setting next_dagrun for extract_open_meteo_v2 to 2025-10-12 22:00:00+00:00, run_after=2025-10-13 22:00:00+00:00
[2025-10-13T11:35:03.842+0000] {processor.py:183} INFO - Processing /opt/airflow/dags/extract_open_meteo_dag.py took 0.225 seconds
[2025-10-13T11:35:34.227+0000] {processor.py:161} INFO - Started process (PID=9587) to work on /opt/airflow/dags/extract_open_meteo_dag.py
[2025-10-13T11:35:34.228+0000] {processor.py:830} INFO - Processing file /opt/airflow/dags/extract_open_meteo_dag.py for tasks to queue
[2025-10-13T11:35:34.229+0000] {logging_mixin.py:188} INFO - [2025-10-13T11:35:34.229+0000] {dagbag.py:540} INFO - Filling up the DagBag from /opt/airflow/dags/extract_open_meteo_dag.py
[2025-10-13T11:35:34.256+0000] {processor.py:840} INFO - DAG(s) 'extract_open_meteo_v2' retrieved from /opt/airflow/dags/extract_open_meteo_dag.py
[2025-10-13T11:35:34.331+0000] {logging_mixin.py:188} INFO - [2025-10-13T11:35:34.331+0000] {dag.py:3047} INFO - Sync 1 DAGs
[2025-10-13T11:35:34.372+0000] {logging_mixin.py:188} INFO - [2025-10-13T11:35:34.372+0000] {dag.py:3834} INFO - Setting next_dagrun for extract_open_meteo_v2 to 2025-10-12 22:00:00+00:00, run_after=2025-10-13 22:00:00+00:00
[2025-10-13T11:35:34.431+0000] {processor.py:183} INFO - Processing /opt/airflow/dags/extract_open_meteo_dag.py took 0.208 seconds
[2025-10-13T11:36:04.843+0000] {processor.py:161} INFO - Started process (PID=9602) to work on /opt/airflow/dags/extract_open_meteo_dag.py
[2025-10-13T11:36:04.845+0000] {processor.py:830} INFO - Processing file /opt/airflow/dags/extract_open_meteo_dag.py for tasks to queue
[2025-10-13T11:36:04.846+0000] {logging_mixin.py:188} INFO - [2025-10-13T11:36:04.846+0000] {dagbag.py:540} INFO - Filling up the DagBag from /opt/airflow/dags/extract_open_meteo_dag.py
[2025-10-13T11:36:04.875+0000] {processor.py:840} INFO - DAG(s) 'extract_open_meteo_v2' retrieved from /opt/airflow/dags/extract_open_meteo_dag.py
[2025-10-13T11:36:04.936+0000] {logging_mixin.py:188} INFO - [2025-10-13T11:36:04.935+0000] {dag.py:3047} INFO - Sync 1 DAGs
[2025-10-13T11:36:04.986+0000] {logging_mixin.py:188} INFO - [2025-10-13T11:36:04.985+0000] {dag.py:3834} INFO - Setting next_dagrun for extract_open_meteo_v2 to 2025-10-12 22:00:00+00:00, run_after=2025-10-13 22:00:00+00:00
[2025-10-13T11:36:05.058+0000] {processor.py:183} INFO - Processing /opt/airflow/dags/extract_open_meteo_dag.py took 0.220 seconds
[2025-10-13T11:36:35.456+0000] {processor.py:161} INFO - Started process (PID=9617) to work on /opt/airflow/dags/extract_open_meteo_dag.py
[2025-10-13T11:36:35.458+0000] {processor.py:830} INFO - Processing file /opt/airflow/dags/extract_open_meteo_dag.py for tasks to queue
[2025-10-13T11:36:35.460+0000] {logging_mixin.py:188} INFO - [2025-10-13T11:36:35.459+0000] {dagbag.py:540} INFO - Filling up the DagBag from /opt/airflow/dags/extract_open_meteo_dag.py
[2025-10-13T11:36:35.492+0000] {processor.py:840} INFO - DAG(s) 'extract_open_meteo_v2' retrieved from /opt/airflow/dags/extract_open_meteo_dag.py
[2025-10-13T11:36:35.555+0000] {logging_mixin.py:188} INFO - [2025-10-13T11:36:35.555+0000] {dag.py:3047} INFO - Sync 1 DAGs
[2025-10-13T11:36:35.697+0000] {logging_mixin.py:188} INFO - [2025-10-13T11:36:35.696+0000] {dag.py:3834} INFO - Setting next_dagrun for extract_open_meteo_v2 to 2025-10-12 22:00:00+00:00, run_after=2025-10-13 22:00:00+00:00
[2025-10-13T11:36:35.880+0000] {processor.py:183} INFO - Processing /opt/airflow/dags/extract_open_meteo_dag.py took 0.429 seconds
[2025-10-13T11:37:06.261+0000] {processor.py:161} INFO - Started process (PID=9632) to work on /opt/airflow/dags/extract_open_meteo_dag.py
[2025-10-13T11:37:06.263+0000] {processor.py:830} INFO - Processing file /opt/airflow/dags/extract_open_meteo_dag.py for tasks to queue
[2025-10-13T11:37:06.264+0000] {logging_mixin.py:188} INFO - [2025-10-13T11:37:06.264+0000] {dagbag.py:540} INFO - Filling up the DagBag from /opt/airflow/dags/extract_open_meteo_dag.py
[2025-10-13T11:37:06.290+0000] {processor.py:840} INFO - DAG(s) 'extract_open_meteo_v2' retrieved from /opt/airflow/dags/extract_open_meteo_dag.py
[2025-10-13T11:37:06.353+0000] {logging_mixin.py:188} INFO - [2025-10-13T11:37:06.352+0000] {dag.py:3047} INFO - Sync 1 DAGs
[2025-10-13T11:37:06.396+0000] {logging_mixin.py:188} INFO - [2025-10-13T11:37:06.396+0000] {dag.py:3834} INFO - Setting next_dagrun for extract_open_meteo_v2 to 2025-10-12 22:00:00+00:00, run_after=2025-10-13 22:00:00+00:00
[2025-10-13T11:37:06.454+0000] {processor.py:183} INFO - Processing /opt/airflow/dags/extract_open_meteo_dag.py took 0.195 seconds
[2025-10-13T11:37:36.867+0000] {processor.py:161} INFO - Started process (PID=9647) to work on /opt/airflow/dags/extract_open_meteo_dag.py
[2025-10-13T11:37:36.869+0000] {processor.py:830} INFO - Processing file /opt/airflow/dags/extract_open_meteo_dag.py for tasks to queue
[2025-10-13T11:37:36.870+0000] {logging_mixin.py:188} INFO - [2025-10-13T11:37:36.870+0000] {dagbag.py:540} INFO - Filling up the DagBag from /opt/airflow/dags/extract_open_meteo_dag.py
[2025-10-13T11:37:36.898+0000] {processor.py:840} INFO - DAG(s) 'extract_open_meteo_v2' retrieved from /opt/airflow/dags/extract_open_meteo_dag.py
[2025-10-13T11:37:37.011+0000] {logging_mixin.py:188} INFO - [2025-10-13T11:37:37.011+0000] {dag.py:3047} INFO - Sync 1 DAGs
[2025-10-13T11:37:37.071+0000] {logging_mixin.py:188} INFO - [2025-10-13T11:37:37.071+0000] {dag.py:3834} INFO - Setting next_dagrun for extract_open_meteo_v2 to 2025-10-12 22:00:00+00:00, run_after=2025-10-13 22:00:00+00:00
[2025-10-13T11:37:37.151+0000] {processor.py:183} INFO - Processing /opt/airflow/dags/extract_open_meteo_dag.py took 0.287 seconds
[2025-10-13T11:38:07.601+0000] {processor.py:161} INFO - Started process (PID=9662) to work on /opt/airflow/dags/extract_open_meteo_dag.py
[2025-10-13T11:38:07.603+0000] {processor.py:830} INFO - Processing file /opt/airflow/dags/extract_open_meteo_dag.py for tasks to queue
[2025-10-13T11:38:07.604+0000] {logging_mixin.py:188} INFO - [2025-10-13T11:38:07.604+0000] {dagbag.py:540} INFO - Filling up the DagBag from /opt/airflow/dags/extract_open_meteo_dag.py
[2025-10-13T11:38:07.634+0000] {processor.py:840} INFO - DAG(s) 'extract_open_meteo_v2' retrieved from /opt/airflow/dags/extract_open_meteo_dag.py
[2025-10-13T11:38:07.708+0000] {logging_mixin.py:188} INFO - [2025-10-13T11:38:07.707+0000] {dag.py:3047} INFO - Sync 1 DAGs
[2025-10-13T11:38:07.753+0000] {logging_mixin.py:188} INFO - [2025-10-13T11:38:07.753+0000] {dag.py:3834} INFO - Setting next_dagrun for extract_open_meteo_v2 to 2025-10-12 22:00:00+00:00, run_after=2025-10-13 22:00:00+00:00
[2025-10-13T11:38:07.843+0000] {processor.py:183} INFO - Processing /opt/airflow/dags/extract_open_meteo_dag.py took 0.246 seconds
[2025-10-13T11:38:38.280+0000] {processor.py:161} INFO - Started process (PID=9677) to work on /opt/airflow/dags/extract_open_meteo_dag.py
[2025-10-13T11:38:38.285+0000] {processor.py:830} INFO - Processing file /opt/airflow/dags/extract_open_meteo_dag.py for tasks to queue
[2025-10-13T11:38:38.289+0000] {logging_mixin.py:188} INFO - [2025-10-13T11:38:38.288+0000] {dagbag.py:540} INFO - Filling up the DagBag from /opt/airflow/dags/extract_open_meteo_dag.py
[2025-10-13T11:38:38.327+0000] {processor.py:840} INFO - DAG(s) 'extract_open_meteo_v2' retrieved from /opt/airflow/dags/extract_open_meteo_dag.py
[2025-10-13T11:38:38.386+0000] {logging_mixin.py:188} INFO - [2025-10-13T11:38:38.385+0000] {dag.py:3047} INFO - Sync 1 DAGs
[2025-10-13T11:38:38.429+0000] {logging_mixin.py:188} INFO - [2025-10-13T11:38:38.429+0000] {dag.py:3834} INFO - Setting next_dagrun for extract_open_meteo_v2 to 2025-10-12 22:00:00+00:00, run_after=2025-10-13 22:00:00+00:00
[2025-10-13T11:38:38.498+0000] {processor.py:183} INFO - Processing /opt/airflow/dags/extract_open_meteo_dag.py took 0.227 seconds
[2025-10-13T11:39:08.974+0000] {processor.py:161} INFO - Started process (PID=9692) to work on /opt/airflow/dags/extract_open_meteo_dag.py
[2025-10-13T11:39:08.975+0000] {processor.py:830} INFO - Processing file /opt/airflow/dags/extract_open_meteo_dag.py for tasks to queue
[2025-10-13T11:39:08.976+0000] {logging_mixin.py:188} INFO - [2025-10-13T11:39:08.976+0000] {dagbag.py:540} INFO - Filling up the DagBag from /opt/airflow/dags/extract_open_meteo_dag.py
[2025-10-13T11:39:09.006+0000] {processor.py:840} INFO - DAG(s) 'extract_open_meteo_v2' retrieved from /opt/airflow/dags/extract_open_meteo_dag.py
[2025-10-13T11:39:09.068+0000] {logging_mixin.py:188} INFO - [2025-10-13T11:39:09.068+0000] {dag.py:3047} INFO - Sync 1 DAGs
[2025-10-13T11:39:09.112+0000] {logging_mixin.py:188} INFO - [2025-10-13T11:39:09.112+0000] {dag.py:3834} INFO - Setting next_dagrun for extract_open_meteo_v2 to 2025-10-12 22:00:00+00:00, run_after=2025-10-13 22:00:00+00:00
[2025-10-13T11:39:09.191+0000] {processor.py:183} INFO - Processing /opt/airflow/dags/extract_open_meteo_dag.py took 0.220 seconds
[2025-10-13T11:39:39.572+0000] {processor.py:161} INFO - Started process (PID=9707) to work on /opt/airflow/dags/extract_open_meteo_dag.py
[2025-10-13T11:39:39.573+0000] {processor.py:830} INFO - Processing file /opt/airflow/dags/extract_open_meteo_dag.py for tasks to queue
[2025-10-13T11:39:39.575+0000] {logging_mixin.py:188} INFO - [2025-10-13T11:39:39.574+0000] {dagbag.py:540} INFO - Filling up the DagBag from /opt/airflow/dags/extract_open_meteo_dag.py
[2025-10-13T11:39:39.599+0000] {processor.py:840} INFO - DAG(s) 'extract_open_meteo_v2' retrieved from /opt/airflow/dags/extract_open_meteo_dag.py
[2025-10-13T11:39:39.663+0000] {logging_mixin.py:188} INFO - [2025-10-13T11:39:39.663+0000] {dag.py:3047} INFO - Sync 1 DAGs
[2025-10-13T11:39:39.713+0000] {logging_mixin.py:188} INFO - [2025-10-13T11:39:39.713+0000] {dag.py:3834} INFO - Setting next_dagrun for extract_open_meteo_v2 to 2025-10-12 22:00:00+00:00, run_after=2025-10-13 22:00:00+00:00
[2025-10-13T11:39:39.776+0000] {processor.py:183} INFO - Processing /opt/airflow/dags/extract_open_meteo_dag.py took 0.207 seconds
[2025-10-13T11:40:10.139+0000] {processor.py:161} INFO - Started process (PID=9722) to work on /opt/airflow/dags/extract_open_meteo_dag.py
[2025-10-13T11:40:10.140+0000] {processor.py:830} INFO - Processing file /opt/airflow/dags/extract_open_meteo_dag.py for tasks to queue
[2025-10-13T11:40:10.142+0000] {logging_mixin.py:188} INFO - [2025-10-13T11:40:10.142+0000] {dagbag.py:540} INFO - Filling up the DagBag from /opt/airflow/dags/extract_open_meteo_dag.py
[2025-10-13T11:40:10.169+0000] {processor.py:840} INFO - DAG(s) 'extract_open_meteo_v2' retrieved from /opt/airflow/dags/extract_open_meteo_dag.py
[2025-10-13T11:40:10.221+0000] {logging_mixin.py:188} INFO - [2025-10-13T11:40:10.221+0000] {dag.py:3047} INFO - Sync 1 DAGs
[2025-10-13T11:40:10.264+0000] {logging_mixin.py:188} INFO - [2025-10-13T11:40:10.264+0000] {dag.py:3834} INFO - Setting next_dagrun for extract_open_meteo_v2 to 2025-10-12 22:00:00+00:00, run_after=2025-10-13 22:00:00+00:00
[2025-10-13T11:40:10.336+0000] {processor.py:183} INFO - Processing /opt/airflow/dags/extract_open_meteo_dag.py took 0.201 seconds
[2025-10-13T11:40:40.780+0000] {processor.py:161} INFO - Started process (PID=9737) to work on /opt/airflow/dags/extract_open_meteo_dag.py
[2025-10-13T11:40:40.782+0000] {processor.py:830} INFO - Processing file /opt/airflow/dags/extract_open_meteo_dag.py for tasks to queue
[2025-10-13T11:40:40.786+0000] {logging_mixin.py:188} INFO - [2025-10-13T11:40:40.786+0000] {dagbag.py:540} INFO - Filling up the DagBag from /opt/airflow/dags/extract_open_meteo_dag.py
[2025-10-13T11:40:40.821+0000] {processor.py:840} INFO - DAG(s) 'extract_open_meteo_v2' retrieved from /opt/airflow/dags/extract_open_meteo_dag.py
[2025-10-13T11:40:40.890+0000] {logging_mixin.py:188} INFO - [2025-10-13T11:40:40.889+0000] {dag.py:3047} INFO - Sync 1 DAGs
[2025-10-13T11:40:40.945+0000] {logging_mixin.py:188} INFO - [2025-10-13T11:40:40.945+0000] {dag.py:3834} INFO - Setting next_dagrun for extract_open_meteo_v2 to 2025-10-12 22:00:00+00:00, run_after=2025-10-13 22:00:00+00:00
[2025-10-13T11:40:41.026+0000] {processor.py:183} INFO - Processing /opt/airflow/dags/extract_open_meteo_dag.py took 0.249 seconds
[2025-10-13T11:41:11.411+0000] {processor.py:161} INFO - Started process (PID=9752) to work on /opt/airflow/dags/extract_open_meteo_dag.py
[2025-10-13T11:41:11.412+0000] {processor.py:830} INFO - Processing file /opt/airflow/dags/extract_open_meteo_dag.py for tasks to queue
[2025-10-13T11:41:11.414+0000] {logging_mixin.py:188} INFO - [2025-10-13T11:41:11.413+0000] {dagbag.py:540} INFO - Filling up the DagBag from /opt/airflow/dags/extract_open_meteo_dag.py
[2025-10-13T11:41:11.445+0000] {processor.py:840} INFO - DAG(s) 'extract_open_meteo_v2' retrieved from /opt/airflow/dags/extract_open_meteo_dag.py
[2025-10-13T11:41:11.508+0000] {logging_mixin.py:188} INFO - [2025-10-13T11:41:11.508+0000] {dag.py:3047} INFO - Sync 1 DAGs
[2025-10-13T11:41:11.556+0000] {logging_mixin.py:188} INFO - [2025-10-13T11:41:11.556+0000] {dag.py:3834} INFO - Setting next_dagrun for extract_open_meteo_v2 to 2025-10-12 22:00:00+00:00, run_after=2025-10-13 22:00:00+00:00
[2025-10-13T11:41:11.623+0000] {processor.py:183} INFO - Processing /opt/airflow/dags/extract_open_meteo_dag.py took 0.215 seconds
[2025-10-13T11:41:42.038+0000] {processor.py:161} INFO - Started process (PID=9767) to work on /opt/airflow/dags/extract_open_meteo_dag.py
[2025-10-13T11:41:42.040+0000] {processor.py:830} INFO - Processing file /opt/airflow/dags/extract_open_meteo_dag.py for tasks to queue
[2025-10-13T11:41:42.042+0000] {logging_mixin.py:188} INFO - [2025-10-13T11:41:42.041+0000] {dagbag.py:540} INFO - Filling up the DagBag from /opt/airflow/dags/extract_open_meteo_dag.py
[2025-10-13T11:41:42.080+0000] {processor.py:840} INFO - DAG(s) 'extract_open_meteo_v2' retrieved from /opt/airflow/dags/extract_open_meteo_dag.py
[2025-10-13T11:41:42.235+0000] {logging_mixin.py:188} INFO - [2025-10-13T11:41:42.235+0000] {dag.py:3047} INFO - Sync 1 DAGs
[2025-10-13T11:41:42.400+0000] {logging_mixin.py:188} INFO - [2025-10-13T11:41:42.400+0000] {dag.py:3834} INFO - Setting next_dagrun for extract_open_meteo_v2 to 2025-10-12 22:00:00+00:00, run_after=2025-10-13 22:00:00+00:00
[2025-10-13T11:41:42.532+0000] {processor.py:183} INFO - Processing /opt/airflow/dags/extract_open_meteo_dag.py took 0.497 seconds
[2025-10-13T11:42:12.978+0000] {processor.py:161} INFO - Started process (PID=9782) to work on /opt/airflow/dags/extract_open_meteo_dag.py
[2025-10-13T11:42:12.979+0000] {processor.py:830} INFO - Processing file /opt/airflow/dags/extract_open_meteo_dag.py for tasks to queue
[2025-10-13T11:42:12.981+0000] {logging_mixin.py:188} INFO - [2025-10-13T11:42:12.980+0000] {dagbag.py:540} INFO - Filling up the DagBag from /opt/airflow/dags/extract_open_meteo_dag.py
[2025-10-13T11:42:13.010+0000] {processor.py:840} INFO - DAG(s) 'extract_open_meteo_v2' retrieved from /opt/airflow/dags/extract_open_meteo_dag.py
[2025-10-13T11:42:13.069+0000] {logging_mixin.py:188} INFO - [2025-10-13T11:42:13.068+0000] {dag.py:3047} INFO - Sync 1 DAGs
[2025-10-13T11:42:13.113+0000] {logging_mixin.py:188} INFO - [2025-10-13T11:42:13.113+0000] {dag.py:3834} INFO - Setting next_dagrun for extract_open_meteo_v2 to 2025-10-12 22:00:00+00:00, run_after=2025-10-13 22:00:00+00:00
[2025-10-13T11:42:13.167+0000] {processor.py:183} INFO - Processing /opt/airflow/dags/extract_open_meteo_dag.py took 0.192 seconds
[2025-10-13T11:42:43.573+0000] {processor.py:161} INFO - Started process (PID=9797) to work on /opt/airflow/dags/extract_open_meteo_dag.py
[2025-10-13T11:42:43.574+0000] {processor.py:830} INFO - Processing file /opt/airflow/dags/extract_open_meteo_dag.py for tasks to queue
[2025-10-13T11:42:43.576+0000] {logging_mixin.py:188} INFO - [2025-10-13T11:42:43.575+0000] {dagbag.py:540} INFO - Filling up the DagBag from /opt/airflow/dags/extract_open_meteo_dag.py
[2025-10-13T11:42:43.609+0000] {processor.py:840} INFO - DAG(s) 'extract_open_meteo_v2' retrieved from /opt/airflow/dags/extract_open_meteo_dag.py
[2025-10-13T11:42:43.700+0000] {logging_mixin.py:188} INFO - [2025-10-13T11:42:43.699+0000] {dag.py:3047} INFO - Sync 1 DAGs
[2025-10-13T11:42:43.771+0000] {logging_mixin.py:188} INFO - [2025-10-13T11:42:43.771+0000] {dag.py:3834} INFO - Setting next_dagrun for extract_open_meteo_v2 to 2025-10-12 22:00:00+00:00, run_after=2025-10-13 22:00:00+00:00
[2025-10-13T11:42:43.853+0000] {processor.py:183} INFO - Processing /opt/airflow/dags/extract_open_meteo_dag.py took 0.284 seconds
[2025-10-13T11:43:14.294+0000] {processor.py:161} INFO - Started process (PID=9812) to work on /opt/airflow/dags/extract_open_meteo_dag.py
[2025-10-13T11:43:14.295+0000] {processor.py:830} INFO - Processing file /opt/airflow/dags/extract_open_meteo_dag.py for tasks to queue
[2025-10-13T11:43:14.297+0000] {logging_mixin.py:188} INFO - [2025-10-13T11:43:14.297+0000] {dagbag.py:540} INFO - Filling up the DagBag from /opt/airflow/dags/extract_open_meteo_dag.py
[2025-10-13T11:43:14.328+0000] {processor.py:840} INFO - DAG(s) 'extract_open_meteo_v2' retrieved from /opt/airflow/dags/extract_open_meteo_dag.py
[2025-10-13T11:43:14.405+0000] {logging_mixin.py:188} INFO - [2025-10-13T11:43:14.405+0000] {dag.py:3047} INFO - Sync 1 DAGs
[2025-10-13T11:43:14.453+0000] {logging_mixin.py:188} INFO - [2025-10-13T11:43:14.453+0000] {dag.py:3834} INFO - Setting next_dagrun for extract_open_meteo_v2 to 2025-10-12 22:00:00+00:00, run_after=2025-10-13 22:00:00+00:00
[2025-10-13T11:43:14.509+0000] {processor.py:183} INFO - Processing /opt/airflow/dags/extract_open_meteo_dag.py took 0.219 seconds
[2025-10-13T11:43:44.976+0000] {processor.py:161} INFO - Started process (PID=9827) to work on /opt/airflow/dags/extract_open_meteo_dag.py
[2025-10-13T11:43:44.980+0000] {processor.py:830} INFO - Processing file /opt/airflow/dags/extract_open_meteo_dag.py for tasks to queue
[2025-10-13T11:43:44.981+0000] {logging_mixin.py:188} INFO - [2025-10-13T11:43:44.981+0000] {dagbag.py:540} INFO - Filling up the DagBag from /opt/airflow/dags/extract_open_meteo_dag.py
[2025-10-13T11:43:45.015+0000] {processor.py:840} INFO - DAG(s) 'extract_open_meteo_v2' retrieved from /opt/airflow/dags/extract_open_meteo_dag.py
[2025-10-13T11:43:45.101+0000] {logging_mixin.py:188} INFO - [2025-10-13T11:43:45.101+0000] {dag.py:3047} INFO - Sync 1 DAGs
[2025-10-13T11:43:45.173+0000] {logging_mixin.py:188} INFO - [2025-10-13T11:43:45.173+0000] {dag.py:3834} INFO - Setting next_dagrun for extract_open_meteo_v2 to 2025-10-12 22:00:00+00:00, run_after=2025-10-13 22:00:00+00:00
[2025-10-13T11:43:45.234+0000] {processor.py:183} INFO - Processing /opt/airflow/dags/extract_open_meteo_dag.py took 0.269 seconds
[2025-10-13T11:44:15.716+0000] {processor.py:161} INFO - Started process (PID=9842) to work on /opt/airflow/dags/extract_open_meteo_dag.py
[2025-10-13T11:44:15.718+0000] {processor.py:830} INFO - Processing file /opt/airflow/dags/extract_open_meteo_dag.py for tasks to queue
[2025-10-13T11:44:15.719+0000] {logging_mixin.py:188} INFO - [2025-10-13T11:44:15.719+0000] {dagbag.py:540} INFO - Filling up the DagBag from /opt/airflow/dags/extract_open_meteo_dag.py
[2025-10-13T11:44:15.746+0000] {processor.py:840} INFO - DAG(s) 'extract_open_meteo_v2' retrieved from /opt/airflow/dags/extract_open_meteo_dag.py
[2025-10-13T11:44:15.817+0000] {logging_mixin.py:188} INFO - [2025-10-13T11:44:15.816+0000] {dag.py:3047} INFO - Sync 1 DAGs
[2025-10-13T11:44:15.864+0000] {logging_mixin.py:188} INFO - [2025-10-13T11:44:15.864+0000] {dag.py:3834} INFO - Setting next_dagrun for extract_open_meteo_v2 to 2025-10-12 22:00:00+00:00, run_after=2025-10-13 22:00:00+00:00
[2025-10-13T11:44:15.936+0000] {processor.py:183} INFO - Processing /opt/airflow/dags/extract_open_meteo_dag.py took 0.225 seconds
[2025-10-13T11:44:46.363+0000] {processor.py:161} INFO - Started process (PID=9857) to work on /opt/airflow/dags/extract_open_meteo_dag.py
[2025-10-13T11:44:46.364+0000] {processor.py:830} INFO - Processing file /opt/airflow/dags/extract_open_meteo_dag.py for tasks to queue
[2025-10-13T11:44:46.366+0000] {logging_mixin.py:188} INFO - [2025-10-13T11:44:46.365+0000] {dagbag.py:540} INFO - Filling up the DagBag from /opt/airflow/dags/extract_open_meteo_dag.py
[2025-10-13T11:44:46.405+0000] {processor.py:840} INFO - DAG(s) 'extract_open_meteo_v2' retrieved from /opt/airflow/dags/extract_open_meteo_dag.py
[2025-10-13T11:44:46.476+0000] {logging_mixin.py:188} INFO - [2025-10-13T11:44:46.476+0000] {dag.py:3047} INFO - Sync 1 DAGs
[2025-10-13T11:44:46.530+0000] {logging_mixin.py:188} INFO - [2025-10-13T11:44:46.530+0000] {dag.py:3834} INFO - Setting next_dagrun for extract_open_meteo_v2 to 2025-10-12 22:00:00+00:00, run_after=2025-10-13 22:00:00+00:00
[2025-10-13T11:44:46.584+0000] {processor.py:183} INFO - Processing /opt/airflow/dags/extract_open_meteo_dag.py took 0.225 seconds
[2025-10-13T11:45:16.972+0000] {processor.py:161} INFO - Started process (PID=9872) to work on /opt/airflow/dags/extract_open_meteo_dag.py
[2025-10-13T11:45:16.974+0000] {processor.py:830} INFO - Processing file /opt/airflow/dags/extract_open_meteo_dag.py for tasks to queue
[2025-10-13T11:45:16.976+0000] {logging_mixin.py:188} INFO - [2025-10-13T11:45:16.975+0000] {dagbag.py:540} INFO - Filling up the DagBag from /opt/airflow/dags/extract_open_meteo_dag.py
[2025-10-13T11:45:17.001+0000] {processor.py:840} INFO - DAG(s) 'extract_open_meteo_v2' retrieved from /opt/airflow/dags/extract_open_meteo_dag.py
[2025-10-13T11:45:17.061+0000] {logging_mixin.py:188} INFO - [2025-10-13T11:45:17.061+0000] {dag.py:3047} INFO - Sync 1 DAGs
[2025-10-13T11:45:17.104+0000] {logging_mixin.py:188} INFO - [2025-10-13T11:45:17.103+0000] {dag.py:3834} INFO - Setting next_dagrun for extract_open_meteo_v2 to 2025-10-12 22:00:00+00:00, run_after=2025-10-13 22:00:00+00:00
[2025-10-13T11:45:17.178+0000] {processor.py:183} INFO - Processing /opt/airflow/dags/extract_open_meteo_dag.py took 0.208 seconds
[2025-10-13T11:45:47.659+0000] {processor.py:161} INFO - Started process (PID=9887) to work on /opt/airflow/dags/extract_open_meteo_dag.py
[2025-10-13T11:45:47.663+0000] {processor.py:830} INFO - Processing file /opt/airflow/dags/extract_open_meteo_dag.py for tasks to queue
[2025-10-13T11:45:47.668+0000] {logging_mixin.py:188} INFO - [2025-10-13T11:45:47.666+0000] {dagbag.py:540} INFO - Filling up the DagBag from /opt/airflow/dags/extract_open_meteo_dag.py
[2025-10-13T11:45:47.781+0000] {processor.py:840} INFO - DAG(s) 'extract_open_meteo_v2' retrieved from /opt/airflow/dags/extract_open_meteo_dag.py
[2025-10-13T11:45:47.852+0000] {logging_mixin.py:188} INFO - [2025-10-13T11:45:47.851+0000] {dag.py:3047} INFO - Sync 1 DAGs
[2025-10-13T11:45:47.902+0000] {logging_mixin.py:188} INFO - [2025-10-13T11:45:47.901+0000] {dag.py:3834} INFO - Setting next_dagrun for extract_open_meteo_v2 to 2025-10-12 22:00:00+00:00, run_after=2025-10-13 22:00:00+00:00
[2025-10-13T11:45:47.984+0000] {processor.py:183} INFO - Processing /opt/airflow/dags/extract_open_meteo_dag.py took 0.340 seconds
[2025-10-13T11:46:18.108+0000] {processor.py:161} INFO - Started process (PID=9902) to work on /opt/airflow/dags/extract_open_meteo_dag.py
[2025-10-13T11:46:18.110+0000] {processor.py:830} INFO - Processing file /opt/airflow/dags/extract_open_meteo_dag.py for tasks to queue
[2025-10-13T11:46:18.112+0000] {logging_mixin.py:188} INFO - [2025-10-13T11:46:18.111+0000] {dagbag.py:540} INFO - Filling up the DagBag from /opt/airflow/dags/extract_open_meteo_dag.py
[2025-10-13T11:46:18.137+0000] {processor.py:840} INFO - DAG(s) 'extract_open_meteo_v2' retrieved from /opt/airflow/dags/extract_open_meteo_dag.py
[2025-10-13T11:46:18.191+0000] {logging_mixin.py:188} INFO - [2025-10-13T11:46:18.191+0000] {dag.py:3047} INFO - Sync 1 DAGs
[2025-10-13T11:46:18.232+0000] {logging_mixin.py:188} INFO - [2025-10-13T11:46:18.232+0000] {dag.py:3834} INFO - Setting next_dagrun for extract_open_meteo_v2 to 2025-10-12 22:00:00+00:00, run_after=2025-10-13 22:00:00+00:00
[2025-10-13T11:46:18.285+0000] {processor.py:183} INFO - Processing /opt/airflow/dags/extract_open_meteo_dag.py took 0.180 seconds
[2025-10-13T11:46:48.517+0000] {processor.py:161} INFO - Started process (PID=9917) to work on /opt/airflow/dags/extract_open_meteo_dag.py
[2025-10-13T11:46:48.519+0000] {processor.py:830} INFO - Processing file /opt/airflow/dags/extract_open_meteo_dag.py for tasks to queue
[2025-10-13T11:46:48.521+0000] {logging_mixin.py:188} INFO - [2025-10-13T11:46:48.520+0000] {dagbag.py:540} INFO - Filling up the DagBag from /opt/airflow/dags/extract_open_meteo_dag.py
[2025-10-13T11:46:48.569+0000] {processor.py:840} INFO - DAG(s) 'extract_open_meteo_v2' retrieved from /opt/airflow/dags/extract_open_meteo_dag.py
[2025-10-13T11:46:48.662+0000] {logging_mixin.py:188} INFO - [2025-10-13T11:46:48.662+0000] {dag.py:3047} INFO - Sync 1 DAGs
[2025-10-13T11:46:48.734+0000] {logging_mixin.py:188} INFO - [2025-10-13T11:46:48.734+0000] {dag.py:3834} INFO - Setting next_dagrun for extract_open_meteo_v2 to 2025-10-12 22:00:00+00:00, run_after=2025-10-13 22:00:00+00:00
[2025-10-13T11:46:48.834+0000] {processor.py:183} INFO - Processing /opt/airflow/dags/extract_open_meteo_dag.py took 0.323 seconds
[2025-10-13T11:47:19.363+0000] {processor.py:161} INFO - Started process (PID=9932) to work on /opt/airflow/dags/extract_open_meteo_dag.py
[2025-10-13T11:47:19.365+0000] {processor.py:830} INFO - Processing file /opt/airflow/dags/extract_open_meteo_dag.py for tasks to queue
[2025-10-13T11:47:19.371+0000] {logging_mixin.py:188} INFO - [2025-10-13T11:47:19.370+0000] {dagbag.py:540} INFO - Filling up the DagBag from /opt/airflow/dags/extract_open_meteo_dag.py
[2025-10-13T11:47:19.425+0000] {processor.py:840} INFO - DAG(s) 'extract_open_meteo_v2' retrieved from /opt/airflow/dags/extract_open_meteo_dag.py
[2025-10-13T11:47:19.537+0000] {logging_mixin.py:188} INFO - [2025-10-13T11:47:19.536+0000] {dag.py:3047} INFO - Sync 1 DAGs
[2025-10-13T11:47:19.598+0000] {logging_mixin.py:188} INFO - [2025-10-13T11:47:19.598+0000] {dag.py:3834} INFO - Setting next_dagrun for extract_open_meteo_v2 to 2025-10-12 22:00:00+00:00, run_after=2025-10-13 22:00:00+00:00
[2025-10-13T11:47:19.674+0000] {processor.py:183} INFO - Processing /opt/airflow/dags/extract_open_meteo_dag.py took 0.318 seconds
[2025-10-13T11:47:50.256+0000] {processor.py:161} INFO - Started process (PID=9947) to work on /opt/airflow/dags/extract_open_meteo_dag.py
[2025-10-13T11:47:50.259+0000] {processor.py:830} INFO - Processing file /opt/airflow/dags/extract_open_meteo_dag.py for tasks to queue
[2025-10-13T11:47:50.263+0000] {logging_mixin.py:188} INFO - [2025-10-13T11:47:50.261+0000] {dagbag.py:540} INFO - Filling up the DagBag from /opt/airflow/dags/extract_open_meteo_dag.py
[2025-10-13T11:47:50.306+0000] {processor.py:840} INFO - DAG(s) 'extract_open_meteo_v2' retrieved from /opt/airflow/dags/extract_open_meteo_dag.py
[2025-10-13T11:47:50.408+0000] {logging_mixin.py:188} INFO - [2025-10-13T11:47:50.408+0000] {dag.py:3047} INFO - Sync 1 DAGs
[2025-10-13T11:47:50.483+0000] {logging_mixin.py:188} INFO - [2025-10-13T11:47:50.482+0000] {dag.py:3834} INFO - Setting next_dagrun for extract_open_meteo_v2 to 2025-10-12 22:00:00+00:00, run_after=2025-10-13 22:00:00+00:00
[2025-10-13T11:47:50.582+0000] {processor.py:183} INFO - Processing /opt/airflow/dags/extract_open_meteo_dag.py took 0.335 seconds
[2025-10-13T11:48:21.200+0000] {processor.py:161} INFO - Started process (PID=9962) to work on /opt/airflow/dags/extract_open_meteo_dag.py
[2025-10-13T11:48:21.203+0000] {processor.py:830} INFO - Processing file /opt/airflow/dags/extract_open_meteo_dag.py for tasks to queue
[2025-10-13T11:48:21.205+0000] {logging_mixin.py:188} INFO - [2025-10-13T11:48:21.204+0000] {dagbag.py:540} INFO - Filling up the DagBag from /opt/airflow/dags/extract_open_meteo_dag.py
[2025-10-13T11:48:21.253+0000] {processor.py:840} INFO - DAG(s) 'extract_open_meteo_v2' retrieved from /opt/airflow/dags/extract_open_meteo_dag.py
[2025-10-13T11:48:21.352+0000] {logging_mixin.py:188} INFO - [2025-10-13T11:48:21.352+0000] {dag.py:3047} INFO - Sync 1 DAGs
[2025-10-13T11:48:21.425+0000] {logging_mixin.py:188} INFO - [2025-10-13T11:48:21.425+0000] {dag.py:3834} INFO - Setting next_dagrun for extract_open_meteo_v2 to 2025-10-12 22:00:00+00:00, run_after=2025-10-13 22:00:00+00:00
[2025-10-13T11:48:21.518+0000] {processor.py:183} INFO - Processing /opt/airflow/dags/extract_open_meteo_dag.py took 0.324 seconds
[2025-10-13T11:48:52.114+0000] {processor.py:161} INFO - Started process (PID=9977) to work on /opt/airflow/dags/extract_open_meteo_dag.py
[2025-10-13T11:48:52.117+0000] {processor.py:830} INFO - Processing file /opt/airflow/dags/extract_open_meteo_dag.py for tasks to queue
[2025-10-13T11:48:52.120+0000] {logging_mixin.py:188} INFO - [2025-10-13T11:48:52.119+0000] {dagbag.py:540} INFO - Filling up the DagBag from /opt/airflow/dags/extract_open_meteo_dag.py
[2025-10-13T11:48:52.183+0000] {processor.py:840} INFO - DAG(s) 'extract_open_meteo_v2' retrieved from /opt/airflow/dags/extract_open_meteo_dag.py
[2025-10-13T11:48:52.303+0000] {logging_mixin.py:188} INFO - [2025-10-13T11:48:52.302+0000] {dag.py:3047} INFO - Sync 1 DAGs
[2025-10-13T11:48:52.361+0000] {logging_mixin.py:188} INFO - [2025-10-13T11:48:52.360+0000] {dag.py:3834} INFO - Setting next_dagrun for extract_open_meteo_v2 to 2025-10-12 22:00:00+00:00, run_after=2025-10-13 22:00:00+00:00
[2025-10-13T11:48:52.486+0000] {processor.py:183} INFO - Processing /opt/airflow/dags/extract_open_meteo_dag.py took 0.379 seconds
[2025-10-13T11:49:23.089+0000] {processor.py:161} INFO - Started process (PID=9992) to work on /opt/airflow/dags/extract_open_meteo_dag.py
[2025-10-13T11:49:23.092+0000] {processor.py:830} INFO - Processing file /opt/airflow/dags/extract_open_meteo_dag.py for tasks to queue
[2025-10-13T11:49:23.095+0000] {logging_mixin.py:188} INFO - [2025-10-13T11:49:23.094+0000] {dagbag.py:540} INFO - Filling up the DagBag from /opt/airflow/dags/extract_open_meteo_dag.py
[2025-10-13T11:49:23.149+0000] {processor.py:840} INFO - DAG(s) 'extract_open_meteo_v2' retrieved from /opt/airflow/dags/extract_open_meteo_dag.py
[2025-10-13T11:49:23.234+0000] {logging_mixin.py:188} INFO - [2025-10-13T11:49:23.234+0000] {dag.py:3047} INFO - Sync 1 DAGs
[2025-10-13T11:49:23.299+0000] {logging_mixin.py:188} INFO - [2025-10-13T11:49:23.298+0000] {dag.py:3834} INFO - Setting next_dagrun for extract_open_meteo_v2 to 2025-10-12 22:00:00+00:00, run_after=2025-10-13 22:00:00+00:00
[2025-10-13T11:49:23.375+0000] {processor.py:183} INFO - Processing /opt/airflow/dags/extract_open_meteo_dag.py took 0.297 seconds
[2025-10-13T11:49:53.570+0000] {processor.py:161} INFO - Started process (PID=10007) to work on /opt/airflow/dags/extract_open_meteo_dag.py
[2025-10-13T11:49:53.574+0000] {processor.py:830} INFO - Processing file /opt/airflow/dags/extract_open_meteo_dag.py for tasks to queue
[2025-10-13T11:49:53.577+0000] {logging_mixin.py:188} INFO - [2025-10-13T11:49:53.576+0000] {dagbag.py:540} INFO - Filling up the DagBag from /opt/airflow/dags/extract_open_meteo_dag.py
[2025-10-13T11:49:53.620+0000] {processor.py:840} INFO - DAG(s) 'extract_open_meteo_v2' retrieved from /opt/airflow/dags/extract_open_meteo_dag.py
[2025-10-13T11:49:53.710+0000] {logging_mixin.py:188} INFO - [2025-10-13T11:49:53.709+0000] {dag.py:3047} INFO - Sync 1 DAGs
[2025-10-13T11:49:53.775+0000] {logging_mixin.py:188} INFO - [2025-10-13T11:49:53.774+0000] {dag.py:3834} INFO - Setting next_dagrun for extract_open_meteo_v2 to 2025-10-12 22:00:00+00:00, run_after=2025-10-13 22:00:00+00:00
[2025-10-13T11:49:53.855+0000] {processor.py:183} INFO - Processing /opt/airflow/dags/extract_open_meteo_dag.py took 0.291 seconds
[2025-10-13T11:50:24.566+0000] {processor.py:161} INFO - Started process (PID=10022) to work on /opt/airflow/dags/extract_open_meteo_dag.py
[2025-10-13T11:50:24.569+0000] {processor.py:830} INFO - Processing file /opt/airflow/dags/extract_open_meteo_dag.py for tasks to queue
[2025-10-13T11:50:24.571+0000] {logging_mixin.py:188} INFO - [2025-10-13T11:50:24.570+0000] {dagbag.py:540} INFO - Filling up the DagBag from /opt/airflow/dags/extract_open_meteo_dag.py
[2025-10-13T11:50:24.622+0000] {processor.py:840} INFO - DAG(s) 'extract_open_meteo_v2' retrieved from /opt/airflow/dags/extract_open_meteo_dag.py
[2025-10-13T11:50:24.721+0000] {logging_mixin.py:188} INFO - [2025-10-13T11:50:24.720+0000] {dag.py:3047} INFO - Sync 1 DAGs
[2025-10-13T11:50:24.818+0000] {logging_mixin.py:188} INFO - [2025-10-13T11:50:24.817+0000] {dag.py:3834} INFO - Setting next_dagrun for extract_open_meteo_v2 to 2025-10-12 22:00:00+00:00, run_after=2025-10-13 22:00:00+00:00
[2025-10-13T11:50:24.922+0000] {processor.py:183} INFO - Processing /opt/airflow/dags/extract_open_meteo_dag.py took 0.362 seconds
[2025-10-13T11:50:55.432+0000] {processor.py:161} INFO - Started process (PID=10037) to work on /opt/airflow/dags/extract_open_meteo_dag.py
[2025-10-13T11:50:55.434+0000] {processor.py:830} INFO - Processing file /opt/airflow/dags/extract_open_meteo_dag.py for tasks to queue
[2025-10-13T11:50:55.438+0000] {logging_mixin.py:188} INFO - [2025-10-13T11:50:55.437+0000] {dagbag.py:540} INFO - Filling up the DagBag from /opt/airflow/dags/extract_open_meteo_dag.py
[2025-10-13T11:50:55.491+0000] {processor.py:840} INFO - DAG(s) 'extract_open_meteo_v2' retrieved from /opt/airflow/dags/extract_open_meteo_dag.py
[2025-10-13T11:50:55.594+0000] {logging_mixin.py:188} INFO - [2025-10-13T11:50:55.594+0000] {dag.py:3047} INFO - Sync 1 DAGs
[2025-10-13T11:50:55.695+0000] {logging_mixin.py:188} INFO - [2025-10-13T11:50:55.695+0000] {dag.py:3834} INFO - Setting next_dagrun for extract_open_meteo_v2 to 2025-10-12 22:00:00+00:00, run_after=2025-10-13 22:00:00+00:00
[2025-10-13T11:50:55.805+0000] {processor.py:183} INFO - Processing /opt/airflow/dags/extract_open_meteo_dag.py took 0.379 seconds
[2025-10-13T11:51:26.370+0000] {processor.py:161} INFO - Started process (PID=10052) to work on /opt/airflow/dags/extract_open_meteo_dag.py
[2025-10-13T11:51:26.372+0000] {processor.py:830} INFO - Processing file /opt/airflow/dags/extract_open_meteo_dag.py for tasks to queue
[2025-10-13T11:51:26.375+0000] {logging_mixin.py:188} INFO - [2025-10-13T11:51:26.374+0000] {dagbag.py:540} INFO - Filling up the DagBag from /opt/airflow/dags/extract_open_meteo_dag.py
[2025-10-13T11:51:26.426+0000] {processor.py:840} INFO - DAG(s) 'extract_open_meteo_v2' retrieved from /opt/airflow/dags/extract_open_meteo_dag.py
[2025-10-13T11:51:26.511+0000] {logging_mixin.py:188} INFO - [2025-10-13T11:51:26.511+0000] {dag.py:3047} INFO - Sync 1 DAGs
[2025-10-13T11:51:26.570+0000] {logging_mixin.py:188} INFO - [2025-10-13T11:51:26.570+0000] {dag.py:3834} INFO - Setting next_dagrun for extract_open_meteo_v2 to 2025-10-12 22:00:00+00:00, run_after=2025-10-13 22:00:00+00:00
[2025-10-13T11:51:26.638+0000] {processor.py:183} INFO - Processing /opt/airflow/dags/extract_open_meteo_dag.py took 0.274 seconds
[2025-10-13T11:51:57.185+0000] {processor.py:161} INFO - Started process (PID=10067) to work on /opt/airflow/dags/extract_open_meteo_dag.py
[2025-10-13T11:51:57.188+0000] {processor.py:830} INFO - Processing file /opt/airflow/dags/extract_open_meteo_dag.py for tasks to queue
[2025-10-13T11:51:57.191+0000] {logging_mixin.py:188} INFO - [2025-10-13T11:51:57.190+0000] {dagbag.py:540} INFO - Filling up the DagBag from /opt/airflow/dags/extract_open_meteo_dag.py
[2025-10-13T11:51:57.245+0000] {processor.py:840} INFO - DAG(s) 'extract_open_meteo_v2' retrieved from /opt/airflow/dags/extract_open_meteo_dag.py
[2025-10-13T11:51:57.353+0000] {logging_mixin.py:188} INFO - [2025-10-13T11:51:57.352+0000] {dag.py:3047} INFO - Sync 1 DAGs
[2025-10-13T11:51:57.452+0000] {logging_mixin.py:188} INFO - [2025-10-13T11:51:57.451+0000] {dag.py:3834} INFO - Setting next_dagrun for extract_open_meteo_v2 to 2025-10-12 22:00:00+00:00, run_after=2025-10-13 22:00:00+00:00
[2025-10-13T11:51:57.547+0000] {processor.py:183} INFO - Processing /opt/airflow/dags/extract_open_meteo_dag.py took 0.369 seconds
[2025-10-13T11:52:28.187+0000] {processor.py:161} INFO - Started process (PID=10082) to work on /opt/airflow/dags/extract_open_meteo_dag.py
[2025-10-13T11:52:28.192+0000] {processor.py:830} INFO - Processing file /opt/airflow/dags/extract_open_meteo_dag.py for tasks to queue
[2025-10-13T11:52:28.195+0000] {logging_mixin.py:188} INFO - [2025-10-13T11:52:28.194+0000] {dagbag.py:540} INFO - Filling up the DagBag from /opt/airflow/dags/extract_open_meteo_dag.py
[2025-10-13T11:52:28.235+0000] {processor.py:840} INFO - DAG(s) 'extract_open_meteo_v2' retrieved from /opt/airflow/dags/extract_open_meteo_dag.py
[2025-10-13T11:52:28.313+0000] {logging_mixin.py:188} INFO - [2025-10-13T11:52:28.313+0000] {dag.py:3047} INFO - Sync 1 DAGs
[2025-10-13T11:52:28.374+0000] {logging_mixin.py:188} INFO - [2025-10-13T11:52:28.373+0000] {dag.py:3834} INFO - Setting next_dagrun for extract_open_meteo_v2 to 2025-10-12 22:00:00+00:00, run_after=2025-10-13 22:00:00+00:00
[2025-10-13T11:52:28.444+0000] {processor.py:183} INFO - Processing /opt/airflow/dags/extract_open_meteo_dag.py took 0.263 seconds
[2025-10-13T11:52:59.111+0000] {processor.py:161} INFO - Started process (PID=10097) to work on /opt/airflow/dags/extract_open_meteo_dag.py
[2025-10-13T11:52:59.113+0000] {processor.py:830} INFO - Processing file /opt/airflow/dags/extract_open_meteo_dag.py for tasks to queue
[2025-10-13T11:52:59.116+0000] {logging_mixin.py:188} INFO - [2025-10-13T11:52:59.116+0000] {dagbag.py:540} INFO - Filling up the DagBag from /opt/airflow/dags/extract_open_meteo_dag.py
[2025-10-13T11:52:59.167+0000] {processor.py:840} INFO - DAG(s) 'extract_open_meteo_v2' retrieved from /opt/airflow/dags/extract_open_meteo_dag.py
[2025-10-13T11:52:59.266+0000] {logging_mixin.py:188} INFO - [2025-10-13T11:52:59.266+0000] {dag.py:3047} INFO - Sync 1 DAGs
[2025-10-13T11:52:59.322+0000] {logging_mixin.py:188} INFO - [2025-10-13T11:52:59.322+0000] {dag.py:3834} INFO - Setting next_dagrun for extract_open_meteo_v2 to 2025-10-12 22:00:00+00:00, run_after=2025-10-13 22:00:00+00:00
[2025-10-13T11:52:59.408+0000] {processor.py:183} INFO - Processing /opt/airflow/dags/extract_open_meteo_dag.py took 0.308 seconds
[2025-10-13T11:53:29.991+0000] {processor.py:161} INFO - Started process (PID=10112) to work on /opt/airflow/dags/extract_open_meteo_dag.py
[2025-10-13T11:53:29.993+0000] {processor.py:830} INFO - Processing file /opt/airflow/dags/extract_open_meteo_dag.py for tasks to queue
[2025-10-13T11:53:29.995+0000] {logging_mixin.py:188} INFO - [2025-10-13T11:53:29.994+0000] {dagbag.py:540} INFO - Filling up the DagBag from /opt/airflow/dags/extract_open_meteo_dag.py
[2025-10-13T11:53:30.050+0000] {processor.py:840} INFO - DAG(s) 'extract_open_meteo_v2' retrieved from /opt/airflow/dags/extract_open_meteo_dag.py
[2025-10-13T11:53:30.154+0000] {logging_mixin.py:188} INFO - [2025-10-13T11:53:30.154+0000] {dag.py:3047} INFO - Sync 1 DAGs
[2025-10-13T11:53:30.228+0000] {logging_mixin.py:188} INFO - [2025-10-13T11:53:30.227+0000] {dag.py:3834} INFO - Setting next_dagrun for extract_open_meteo_v2 to 2025-10-12 22:00:00+00:00, run_after=2025-10-13 22:00:00+00:00
[2025-10-13T11:53:30.321+0000] {processor.py:183} INFO - Processing /opt/airflow/dags/extract_open_meteo_dag.py took 0.336 seconds
[2025-10-13T11:54:01.324+0000] {processor.py:161} INFO - Started process (PID=10127) to work on /opt/airflow/dags/extract_open_meteo_dag.py
[2025-10-13T11:54:01.327+0000] {processor.py:830} INFO - Processing file /opt/airflow/dags/extract_open_meteo_dag.py for tasks to queue
[2025-10-13T11:54:01.329+0000] {logging_mixin.py:188} INFO - [2025-10-13T11:54:01.328+0000] {dagbag.py:540} INFO - Filling up the DagBag from /opt/airflow/dags/extract_open_meteo_dag.py
[2025-10-13T11:54:01.390+0000] {processor.py:840} INFO - DAG(s) 'extract_open_meteo_v2' retrieved from /opt/airflow/dags/extract_open_meteo_dag.py
[2025-10-13T11:54:01.535+0000] {logging_mixin.py:188} INFO - [2025-10-13T11:54:01.535+0000] {dag.py:3047} INFO - Sync 1 DAGs
[2025-10-13T11:54:01.619+0000] {logging_mixin.py:188} INFO - [2025-10-13T11:54:01.619+0000] {dag.py:3834} INFO - Setting next_dagrun for extract_open_meteo_v2 to 2025-10-12 22:00:00+00:00, run_after=2025-10-13 22:00:00+00:00
[2025-10-13T11:54:01.714+0000] {processor.py:183} INFO - Processing /opt/airflow/dags/extract_open_meteo_dag.py took 0.397 seconds
[2025-10-13T11:54:32.259+0000] {processor.py:161} INFO - Started process (PID=10142) to work on /opt/airflow/dags/extract_open_meteo_dag.py
[2025-10-13T11:54:32.261+0000] {processor.py:830} INFO - Processing file /opt/airflow/dags/extract_open_meteo_dag.py for tasks to queue
[2025-10-13T11:54:32.264+0000] {logging_mixin.py:188} INFO - [2025-10-13T11:54:32.263+0000] {dagbag.py:540} INFO - Filling up the DagBag from /opt/airflow/dags/extract_open_meteo_dag.py
[2025-10-13T11:54:32.311+0000] {processor.py:840} INFO - DAG(s) 'extract_open_meteo_v2' retrieved from /opt/airflow/dags/extract_open_meteo_dag.py
[2025-10-13T11:54:32.443+0000] {logging_mixin.py:188} INFO - [2025-10-13T11:54:32.442+0000] {dag.py:3047} INFO - Sync 1 DAGs
[2025-10-13T11:54:32.508+0000] {logging_mixin.py:188} INFO - [2025-10-13T11:54:32.507+0000] {dag.py:3834} INFO - Setting next_dagrun for extract_open_meteo_v2 to 2025-10-12 22:00:00+00:00, run_after=2025-10-13 22:00:00+00:00
[2025-10-13T11:54:32.574+0000] {processor.py:183} INFO - Processing /opt/airflow/dags/extract_open_meteo_dag.py took 0.320 seconds
[2025-10-13T11:55:03.199+0000] {processor.py:161} INFO - Started process (PID=10157) to work on /opt/airflow/dags/extract_open_meteo_dag.py
[2025-10-13T11:55:03.201+0000] {processor.py:830} INFO - Processing file /opt/airflow/dags/extract_open_meteo_dag.py for tasks to queue
[2025-10-13T11:55:03.204+0000] {logging_mixin.py:188} INFO - [2025-10-13T11:55:03.203+0000] {dagbag.py:540} INFO - Filling up the DagBag from /opt/airflow/dags/extract_open_meteo_dag.py
[2025-10-13T11:55:03.254+0000] {processor.py:840} INFO - DAG(s) 'extract_open_meteo_v2' retrieved from /opt/airflow/dags/extract_open_meteo_dag.py
[2025-10-13T11:55:03.355+0000] {logging_mixin.py:188} INFO - [2025-10-13T11:55:03.355+0000] {dag.py:3047} INFO - Sync 1 DAGs
[2025-10-13T11:55:03.430+0000] {logging_mixin.py:188} INFO - [2025-10-13T11:55:03.430+0000] {dag.py:3834} INFO - Setting next_dagrun for extract_open_meteo_v2 to 2025-10-12 22:00:00+00:00, run_after=2025-10-13 22:00:00+00:00
[2025-10-13T11:55:03.509+0000] {processor.py:183} INFO - Processing /opt/airflow/dags/extract_open_meteo_dag.py took 0.319 seconds
[2025-10-13T11:55:34.082+0000] {processor.py:161} INFO - Started process (PID=10172) to work on /opt/airflow/dags/extract_open_meteo_dag.py
[2025-10-13T11:55:34.084+0000] {processor.py:830} INFO - Processing file /opt/airflow/dags/extract_open_meteo_dag.py for tasks to queue
[2025-10-13T11:55:34.088+0000] {logging_mixin.py:188} INFO - [2025-10-13T11:55:34.086+0000] {dagbag.py:540} INFO - Filling up the DagBag from /opt/airflow/dags/extract_open_meteo_dag.py
[2025-10-13T11:55:34.125+0000] {processor.py:840} INFO - DAG(s) 'extract_open_meteo_v2' retrieved from /opt/airflow/dags/extract_open_meteo_dag.py
[2025-10-13T11:55:34.206+0000] {logging_mixin.py:188} INFO - [2025-10-13T11:55:34.206+0000] {dag.py:3047} INFO - Sync 1 DAGs
[2025-10-13T11:55:34.265+0000] {logging_mixin.py:188} INFO - [2025-10-13T11:55:34.264+0000] {dag.py:3834} INFO - Setting next_dagrun for extract_open_meteo_v2 to 2025-10-12 22:00:00+00:00, run_after=2025-10-13 22:00:00+00:00
[2025-10-13T11:55:34.355+0000] {processor.py:183} INFO - Processing /opt/airflow/dags/extract_open_meteo_dag.py took 0.278 seconds
[2025-10-13T11:56:04.875+0000] {processor.py:161} INFO - Started process (PID=10187) to work on /opt/airflow/dags/extract_open_meteo_dag.py
[2025-10-13T11:56:04.877+0000] {processor.py:830} INFO - Processing file /opt/airflow/dags/extract_open_meteo_dag.py for tasks to queue
[2025-10-13T11:56:04.880+0000] {logging_mixin.py:188} INFO - [2025-10-13T11:56:04.879+0000] {dagbag.py:540} INFO - Filling up the DagBag from /opt/airflow/dags/extract_open_meteo_dag.py
[2025-10-13T11:56:04.918+0000] {processor.py:840} INFO - DAG(s) 'extract_open_meteo_v2' retrieved from /opt/airflow/dags/extract_open_meteo_dag.py
[2025-10-13T11:56:05.015+0000] {logging_mixin.py:188} INFO - [2025-10-13T11:56:05.015+0000] {dag.py:3047} INFO - Sync 1 DAGs
[2025-10-13T11:56:05.069+0000] {logging_mixin.py:188} INFO - [2025-10-13T11:56:05.068+0000] {dag.py:3834} INFO - Setting next_dagrun for extract_open_meteo_v2 to 2025-10-12 22:00:00+00:00, run_after=2025-10-13 22:00:00+00:00
[2025-10-13T11:56:05.144+0000] {processor.py:183} INFO - Processing /opt/airflow/dags/extract_open_meteo_dag.py took 0.275 seconds
[2025-10-13T11:56:35.745+0000] {processor.py:161} INFO - Started process (PID=10202) to work on /opt/airflow/dags/extract_open_meteo_dag.py
[2025-10-13T11:56:35.748+0000] {processor.py:830} INFO - Processing file /opt/airflow/dags/extract_open_meteo_dag.py for tasks to queue
[2025-10-13T11:56:35.751+0000] {logging_mixin.py:188} INFO - [2025-10-13T11:56:35.750+0000] {dagbag.py:540} INFO - Filling up the DagBag from /opt/airflow/dags/extract_open_meteo_dag.py
[2025-10-13T11:56:35.817+0000] {processor.py:840} INFO - DAG(s) 'extract_open_meteo_v2' retrieved from /opt/airflow/dags/extract_open_meteo_dag.py
[2025-10-13T11:56:35.939+0000] {logging_mixin.py:188} INFO - [2025-10-13T11:56:35.938+0000] {dag.py:3047} INFO - Sync 1 DAGs
[2025-10-13T11:56:36.035+0000] {logging_mixin.py:188} INFO - [2025-10-13T11:56:36.034+0000] {dag.py:3834} INFO - Setting next_dagrun for extract_open_meteo_v2 to 2025-10-12 22:00:00+00:00, run_after=2025-10-13 22:00:00+00:00
[2025-10-13T11:56:36.125+0000] {processor.py:183} INFO - Processing /opt/airflow/dags/extract_open_meteo_dag.py took 0.391 seconds
[2025-10-13T11:57:06.817+0000] {processor.py:161} INFO - Started process (PID=10217) to work on /opt/airflow/dags/extract_open_meteo_dag.py
[2025-10-13T11:57:06.819+0000] {processor.py:830} INFO - Processing file /opt/airflow/dags/extract_open_meteo_dag.py for tasks to queue
[2025-10-13T11:57:06.821+0000] {logging_mixin.py:188} INFO - [2025-10-13T11:57:06.821+0000] {dagbag.py:540} INFO - Filling up the DagBag from /opt/airflow/dags/extract_open_meteo_dag.py
[2025-10-13T11:57:06.875+0000] {processor.py:840} INFO - DAG(s) 'extract_open_meteo_v2' retrieved from /opt/airflow/dags/extract_open_meteo_dag.py
[2025-10-13T11:57:07.014+0000] {logging_mixin.py:188} INFO - [2025-10-13T11:57:07.014+0000] {dag.py:3047} INFO - Sync 1 DAGs
[2025-10-13T11:57:07.082+0000] {logging_mixin.py:188} INFO - [2025-10-13T11:57:07.082+0000] {dag.py:3834} INFO - Setting next_dagrun for extract_open_meteo_v2 to 2025-10-12 22:00:00+00:00, run_after=2025-10-13 22:00:00+00:00
[2025-10-13T11:57:07.158+0000] {processor.py:183} INFO - Processing /opt/airflow/dags/extract_open_meteo_dag.py took 0.345 seconds
[2025-10-13T11:57:37.698+0000] {processor.py:161} INFO - Started process (PID=10232) to work on /opt/airflow/dags/extract_open_meteo_dag.py
[2025-10-13T11:57:37.700+0000] {processor.py:830} INFO - Processing file /opt/airflow/dags/extract_open_meteo_dag.py for tasks to queue
[2025-10-13T11:57:37.703+0000] {logging_mixin.py:188} INFO - [2025-10-13T11:57:37.702+0000] {dagbag.py:540} INFO - Filling up the DagBag from /opt/airflow/dags/extract_open_meteo_dag.py
[2025-10-13T11:57:37.747+0000] {processor.py:840} INFO - DAG(s) 'extract_open_meteo_v2' retrieved from /opt/airflow/dags/extract_open_meteo_dag.py
[2025-10-13T11:57:37.846+0000] {logging_mixin.py:188} INFO - [2025-10-13T11:57:37.846+0000] {dag.py:3047} INFO - Sync 1 DAGs
[2025-10-13T11:57:37.932+0000] {logging_mixin.py:188} INFO - [2025-10-13T11:57:37.932+0000] {dag.py:3834} INFO - Setting next_dagrun for extract_open_meteo_v2 to 2025-10-12 22:00:00+00:00, run_after=2025-10-13 22:00:00+00:00
[2025-10-13T11:57:38.012+0000] {processor.py:183} INFO - Processing /opt/airflow/dags/extract_open_meteo_dag.py took 0.320 seconds
[2025-10-13T11:58:08.629+0000] {processor.py:161} INFO - Started process (PID=10247) to work on /opt/airflow/dags/extract_open_meteo_dag.py
[2025-10-13T11:58:08.632+0000] {processor.py:830} INFO - Processing file /opt/airflow/dags/extract_open_meteo_dag.py for tasks to queue
[2025-10-13T11:58:08.635+0000] {logging_mixin.py:188} INFO - [2025-10-13T11:58:08.634+0000] {dagbag.py:540} INFO - Filling up the DagBag from /opt/airflow/dags/extract_open_meteo_dag.py
[2025-10-13T11:58:08.684+0000] {processor.py:840} INFO - DAG(s) 'extract_open_meteo_v2' retrieved from /opt/airflow/dags/extract_open_meteo_dag.py
[2025-10-13T11:58:08.802+0000] {logging_mixin.py:188} INFO - [2025-10-13T11:58:08.801+0000] {dag.py:3047} INFO - Sync 1 DAGs
[2025-10-13T11:58:08.870+0000] {logging_mixin.py:188} INFO - [2025-10-13T11:58:08.870+0000] {dag.py:3834} INFO - Setting next_dagrun for extract_open_meteo_v2 to 2025-10-12 22:00:00+00:00, run_after=2025-10-13 22:00:00+00:00
[2025-10-13T11:58:08.952+0000] {processor.py:183} INFO - Processing /opt/airflow/dags/extract_open_meteo_dag.py took 0.329 seconds
[2025-10-13T11:58:39.514+0000] {processor.py:161} INFO - Started process (PID=10262) to work on /opt/airflow/dags/extract_open_meteo_dag.py
[2025-10-13T11:58:39.516+0000] {processor.py:830} INFO - Processing file /opt/airflow/dags/extract_open_meteo_dag.py for tasks to queue
[2025-10-13T11:58:39.520+0000] {logging_mixin.py:188} INFO - [2025-10-13T11:58:39.518+0000] {dagbag.py:540} INFO - Filling up the DagBag from /opt/airflow/dags/extract_open_meteo_dag.py
[2025-10-13T11:58:39.567+0000] {processor.py:840} INFO - DAG(s) 'extract_open_meteo_v2' retrieved from /opt/airflow/dags/extract_open_meteo_dag.py
[2025-10-13T11:58:39.692+0000] {logging_mixin.py:188} INFO - [2025-10-13T11:58:39.691+0000] {dag.py:3047} INFO - Sync 1 DAGs
[2025-10-13T11:58:39.793+0000] {logging_mixin.py:188} INFO - [2025-10-13T11:58:39.792+0000] {dag.py:3834} INFO - Setting next_dagrun for extract_open_meteo_v2 to 2025-10-12 22:00:00+00:00, run_after=2025-10-13 22:00:00+00:00
[2025-10-13T11:58:39.901+0000] {processor.py:183} INFO - Processing /opt/airflow/dags/extract_open_meteo_dag.py took 0.393 seconds
[2025-10-13T11:59:10.566+0000] {processor.py:161} INFO - Started process (PID=10277) to work on /opt/airflow/dags/extract_open_meteo_dag.py
[2025-10-13T11:59:10.569+0000] {processor.py:830} INFO - Processing file /opt/airflow/dags/extract_open_meteo_dag.py for tasks to queue
[2025-10-13T11:59:10.574+0000] {logging_mixin.py:188} INFO - [2025-10-13T11:59:10.572+0000] {dagbag.py:540} INFO - Filling up the DagBag from /opt/airflow/dags/extract_open_meteo_dag.py
[2025-10-13T11:59:10.629+0000] {processor.py:840} INFO - DAG(s) 'extract_open_meteo_v2' retrieved from /opt/airflow/dags/extract_open_meteo_dag.py
[2025-10-13T11:59:10.726+0000] {logging_mixin.py:188} INFO - [2025-10-13T11:59:10.725+0000] {dag.py:3047} INFO - Sync 1 DAGs
[2025-10-13T11:59:10.801+0000] {logging_mixin.py:188} INFO - [2025-10-13T11:59:10.800+0000] {dag.py:3834} INFO - Setting next_dagrun for extract_open_meteo_v2 to 2025-10-12 22:00:00+00:00, run_after=2025-10-13 22:00:00+00:00
[2025-10-13T11:59:10.879+0000] {processor.py:183} INFO - Processing /opt/airflow/dags/extract_open_meteo_dag.py took 0.318 seconds
[2025-10-13T11:59:41.592+0000] {processor.py:161} INFO - Started process (PID=10292) to work on /opt/airflow/dags/extract_open_meteo_dag.py
[2025-10-13T11:59:41.596+0000] {processor.py:830} INFO - Processing file /opt/airflow/dags/extract_open_meteo_dag.py for tasks to queue
[2025-10-13T11:59:41.598+0000] {logging_mixin.py:188} INFO - [2025-10-13T11:59:41.597+0000] {dagbag.py:540} INFO - Filling up the DagBag from /opt/airflow/dags/extract_open_meteo_dag.py
[2025-10-13T11:59:41.666+0000] {processor.py:840} INFO - DAG(s) 'extract_open_meteo_v2' retrieved from /opt/airflow/dags/extract_open_meteo_dag.py
[2025-10-13T11:59:43.169+0000] {logging_mixin.py:188} INFO - [2025-10-13T11:59:43.168+0000] {dag.py:3047} INFO - Sync 1 DAGs
[2025-10-13T11:59:43.399+0000] {logging_mixin.py:188} INFO - [2025-10-13T11:59:43.397+0000] {dag.py:3834} INFO - Setting next_dagrun for extract_open_meteo_v2 to 2025-10-12 22:00:00+00:00, run_after=2025-10-13 22:00:00+00:00
[2025-10-13T11:59:43.736+0000] {processor.py:183} INFO - Processing /opt/airflow/dags/extract_open_meteo_dag.py took 2.148 seconds
[2025-10-13T12:00:14.362+0000] {processor.py:161} INFO - Started process (PID=10309) to work on /opt/airflow/dags/extract_open_meteo_dag.py
[2025-10-13T12:00:14.365+0000] {processor.py:830} INFO - Processing file /opt/airflow/dags/extract_open_meteo_dag.py for tasks to queue
[2025-10-13T12:00:14.368+0000] {logging_mixin.py:188} INFO - [2025-10-13T12:00:14.367+0000] {dagbag.py:540} INFO - Filling up the DagBag from /opt/airflow/dags/extract_open_meteo_dag.py
[2025-10-13T12:00:14.410+0000] {processor.py:840} INFO - DAG(s) 'extract_open_meteo_v2' retrieved from /opt/airflow/dags/extract_open_meteo_dag.py
[2025-10-13T12:00:14.488+0000] {logging_mixin.py:188} INFO - [2025-10-13T12:00:14.488+0000] {dag.py:3047} INFO - Sync 1 DAGs
[2025-10-13T12:00:14.569+0000] {logging_mixin.py:188} INFO - [2025-10-13T12:00:14.569+0000] {dag.py:3834} INFO - Setting next_dagrun for extract_open_meteo_v2 to 2025-10-12 22:00:00+00:00, run_after=2025-10-13 22:00:00+00:00
[2025-10-13T12:00:14.677+0000] {processor.py:183} INFO - Processing /opt/airflow/dags/extract_open_meteo_dag.py took 0.319 seconds
[2025-10-13T12:00:45.445+0000] {processor.py:161} INFO - Started process (PID=10322) to work on /opt/airflow/dags/extract_open_meteo_dag.py
[2025-10-13T12:00:45.449+0000] {processor.py:830} INFO - Processing file /opt/airflow/dags/extract_open_meteo_dag.py for tasks to queue
[2025-10-13T12:00:45.466+0000] {logging_mixin.py:188} INFO - [2025-10-13T12:00:45.460+0000] {dagbag.py:540} INFO - Filling up the DagBag from /opt/airflow/dags/extract_open_meteo_dag.py
[2025-10-13T12:00:45.657+0000] {processor.py:840} INFO - DAG(s) 'extract_open_meteo_v2' retrieved from /opt/airflow/dags/extract_open_meteo_dag.py
[2025-10-13T12:00:46.238+0000] {logging_mixin.py:188} INFO - [2025-10-13T12:00:46.237+0000] {dag.py:3047} INFO - Sync 1 DAGs
[2025-10-13T12:00:46.806+0000] {logging_mixin.py:188} INFO - [2025-10-13T12:00:46.805+0000] {dag.py:3834} INFO - Setting next_dagrun for extract_open_meteo_v2 to 2025-10-12 22:00:00+00:00, run_after=2025-10-13 22:00:00+00:00
[2025-10-13T12:00:46.902+0000] {processor.py:183} INFO - Processing /opt/airflow/dags/extract_open_meteo_dag.py took 1.464 seconds
[2025-10-13T12:01:17.503+0000] {processor.py:161} INFO - Started process (PID=10339) to work on /opt/airflow/dags/extract_open_meteo_dag.py
[2025-10-13T12:01:17.505+0000] {processor.py:830} INFO - Processing file /opt/airflow/dags/extract_open_meteo_dag.py for tasks to queue
[2025-10-13T12:01:17.508+0000] {logging_mixin.py:188} INFO - [2025-10-13T12:01:17.507+0000] {dagbag.py:540} INFO - Filling up the DagBag from /opt/airflow/dags/extract_open_meteo_dag.py
[2025-10-13T12:01:17.560+0000] {processor.py:840} INFO - DAG(s) 'extract_open_meteo_v2' retrieved from /opt/airflow/dags/extract_open_meteo_dag.py
[2025-10-13T12:01:17.674+0000] {logging_mixin.py:188} INFO - [2025-10-13T12:01:17.673+0000] {dag.py:3047} INFO - Sync 1 DAGs
[2025-10-13T12:01:17.732+0000] {logging_mixin.py:188} INFO - [2025-10-13T12:01:17.732+0000] {dag.py:3834} INFO - Setting next_dagrun for extract_open_meteo_v2 to 2025-10-12 22:00:00+00:00, run_after=2025-10-13 22:00:00+00:00
[2025-10-13T12:01:17.801+0000] {processor.py:183} INFO - Processing /opt/airflow/dags/extract_open_meteo_dag.py took 0.301 seconds
[2025-10-13T12:01:48.775+0000] {processor.py:161} INFO - Started process (PID=10354) to work on /opt/airflow/dags/extract_open_meteo_dag.py
[2025-10-13T12:01:48.778+0000] {processor.py:830} INFO - Processing file /opt/airflow/dags/extract_open_meteo_dag.py for tasks to queue
[2025-10-13T12:01:48.780+0000] {logging_mixin.py:188} INFO - [2025-10-13T12:01:48.780+0000] {dagbag.py:540} INFO - Filling up the DagBag from /opt/airflow/dags/extract_open_meteo_dag.py
[2025-10-13T12:01:48.821+0000] {processor.py:840} INFO - DAG(s) 'extract_open_meteo_v2' retrieved from /opt/airflow/dags/extract_open_meteo_dag.py
[2025-10-13T12:01:48.912+0000] {logging_mixin.py:188} INFO - [2025-10-13T12:01:48.911+0000] {dag.py:3047} INFO - Sync 1 DAGs
[2025-10-13T12:01:48.981+0000] {logging_mixin.py:188} INFO - [2025-10-13T12:01:48.981+0000] {dag.py:3834} INFO - Setting next_dagrun for extract_open_meteo_v2 to 2025-10-12 22:00:00+00:00, run_after=2025-10-13 22:00:00+00:00
[2025-10-13T12:01:49.059+0000] {processor.py:183} INFO - Processing /opt/airflow/dags/extract_open_meteo_dag.py took 0.288 seconds
[2025-10-13T12:02:19.876+0000] {processor.py:161} INFO - Started process (PID=10369) to work on /opt/airflow/dags/extract_open_meteo_dag.py
[2025-10-13T12:02:19.879+0000] {processor.py:830} INFO - Processing file /opt/airflow/dags/extract_open_meteo_dag.py for tasks to queue
[2025-10-13T12:02:19.885+0000] {logging_mixin.py:188} INFO - [2025-10-13T12:02:19.884+0000] {dagbag.py:540} INFO - Filling up the DagBag from /opt/airflow/dags/extract_open_meteo_dag.py
[2025-10-13T12:02:20.039+0000] {processor.py:840} INFO - DAG(s) 'extract_open_meteo_v2' retrieved from /opt/airflow/dags/extract_open_meteo_dag.py
[2025-10-13T12:02:20.398+0000] {logging_mixin.py:188} INFO - [2025-10-13T12:02:20.397+0000] {dag.py:3047} INFO - Sync 1 DAGs
[2025-10-13T12:02:20.765+0000] {logging_mixin.py:188} INFO - [2025-10-13T12:02:20.765+0000] {dag.py:3834} INFO - Setting next_dagrun for extract_open_meteo_v2 to 2025-10-12 22:00:00+00:00, run_after=2025-10-13 22:00:00+00:00
[2025-10-13T12:02:20.921+0000] {processor.py:183} INFO - Processing /opt/airflow/dags/extract_open_meteo_dag.py took 1.064 seconds
[2025-10-13T12:02:51.214+0000] {processor.py:161} INFO - Started process (PID=10384) to work on /opt/airflow/dags/extract_open_meteo_dag.py
[2025-10-13T12:02:51.217+0000] {processor.py:830} INFO - Processing file /opt/airflow/dags/extract_open_meteo_dag.py for tasks to queue
[2025-10-13T12:02:51.220+0000] {logging_mixin.py:188} INFO - [2025-10-13T12:02:51.219+0000] {dagbag.py:540} INFO - Filling up the DagBag from /opt/airflow/dags/extract_open_meteo_dag.py
[2025-10-13T12:02:51.260+0000] {processor.py:840} INFO - DAG(s) 'extract_open_meteo_v2' retrieved from /opt/airflow/dags/extract_open_meteo_dag.py
[2025-10-13T12:02:51.340+0000] {logging_mixin.py:188} INFO - [2025-10-13T12:02:51.340+0000] {dag.py:3047} INFO - Sync 1 DAGs
[2025-10-13T12:02:51.399+0000] {logging_mixin.py:188} INFO - [2025-10-13T12:02:51.398+0000] {dag.py:3834} INFO - Setting next_dagrun for extract_open_meteo_v2 to 2025-10-12 22:00:00+00:00, run_after=2025-10-13 22:00:00+00:00
[2025-10-13T12:02:51.468+0000] {processor.py:183} INFO - Processing /opt/airflow/dags/extract_open_meteo_dag.py took 0.262 seconds
[2025-10-13T12:03:21.603+0000] {processor.py:161} INFO - Started process (PID=10399) to work on /opt/airflow/dags/extract_open_meteo_dag.py
[2025-10-13T12:03:21.605+0000] {processor.py:830} INFO - Processing file /opt/airflow/dags/extract_open_meteo_dag.py for tasks to queue
[2025-10-13T12:03:21.606+0000] {logging_mixin.py:188} INFO - [2025-10-13T12:03:21.606+0000] {dagbag.py:540} INFO - Filling up the DagBag from /opt/airflow/dags/extract_open_meteo_dag.py
[2025-10-13T12:03:21.637+0000] {processor.py:840} INFO - DAG(s) 'extract_open_meteo_v2' retrieved from /opt/airflow/dags/extract_open_meteo_dag.py
[2025-10-13T12:03:21.705+0000] {logging_mixin.py:188} INFO - [2025-10-13T12:03:21.705+0000] {dag.py:3047} INFO - Sync 1 DAGs
[2025-10-13T12:03:21.752+0000] {logging_mixin.py:188} INFO - [2025-10-13T12:03:21.751+0000] {dag.py:3834} INFO - Setting next_dagrun for extract_open_meteo_v2 to 2025-10-12 22:00:00+00:00, run_after=2025-10-13 22:00:00+00:00
[2025-10-13T12:03:21.803+0000] {processor.py:183} INFO - Processing /opt/airflow/dags/extract_open_meteo_dag.py took 0.204 seconds
[2025-10-13T12:03:52.508+0000] {processor.py:161} INFO - Started process (PID=10414) to work on /opt/airflow/dags/extract_open_meteo_dag.py
[2025-10-13T12:03:52.510+0000] {processor.py:830} INFO - Processing file /opt/airflow/dags/extract_open_meteo_dag.py for tasks to queue
[2025-10-13T12:03:52.512+0000] {logging_mixin.py:188} INFO - [2025-10-13T12:03:52.512+0000] {dagbag.py:540} INFO - Filling up the DagBag from /opt/airflow/dags/extract_open_meteo_dag.py
[2025-10-13T12:03:52.556+0000] {processor.py:840} INFO - DAG(s) 'extract_open_meteo_v2' retrieved from /opt/airflow/dags/extract_open_meteo_dag.py
[2025-10-13T12:03:52.648+0000] {logging_mixin.py:188} INFO - [2025-10-13T12:03:52.648+0000] {dag.py:3047} INFO - Sync 1 DAGs
[2025-10-13T12:03:52.716+0000] {logging_mixin.py:188} INFO - [2025-10-13T12:03:52.716+0000] {dag.py:3834} INFO - Setting next_dagrun for extract_open_meteo_v2 to 2025-10-12 22:00:00+00:00, run_after=2025-10-13 22:00:00+00:00
[2025-10-13T12:03:52.825+0000] {processor.py:183} INFO - Processing /opt/airflow/dags/extract_open_meteo_dag.py took 0.325 seconds
[2025-10-13T12:04:23.095+0000] {processor.py:161} INFO - Started process (PID=10429) to work on /opt/airflow/dags/extract_open_meteo_dag.py
[2025-10-13T12:04:23.097+0000] {processor.py:830} INFO - Processing file /opt/airflow/dags/extract_open_meteo_dag.py for tasks to queue
[2025-10-13T12:04:23.099+0000] {logging_mixin.py:188} INFO - [2025-10-13T12:04:23.099+0000] {dagbag.py:540} INFO - Filling up the DagBag from /opt/airflow/dags/extract_open_meteo_dag.py
[2025-10-13T12:04:23.134+0000] {processor.py:840} INFO - DAG(s) 'extract_open_meteo_v2' retrieved from /opt/airflow/dags/extract_open_meteo_dag.py
[2025-10-13T12:04:23.213+0000] {logging_mixin.py:188} INFO - [2025-10-13T12:04:23.213+0000] {dag.py:3047} INFO - Sync 1 DAGs
[2025-10-13T12:04:23.275+0000] {logging_mixin.py:188} INFO - [2025-10-13T12:04:23.274+0000] {dag.py:3834} INFO - Setting next_dagrun for extract_open_meteo_v2 to 2025-10-12 22:00:00+00:00, run_after=2025-10-13 22:00:00+00:00
[2025-10-13T12:04:23.342+0000] {processor.py:183} INFO - Processing /opt/airflow/dags/extract_open_meteo_dag.py took 0.250 seconds
[2025-10-13T12:04:53.844+0000] {processor.py:161} INFO - Started process (PID=10442) to work on /opt/airflow/dags/extract_open_meteo_dag.py
[2025-10-13T12:04:53.846+0000] {processor.py:830} INFO - Processing file /opt/airflow/dags/extract_open_meteo_dag.py for tasks to queue
[2025-10-13T12:04:53.849+0000] {logging_mixin.py:188} INFO - [2025-10-13T12:04:53.848+0000] {dagbag.py:540} INFO - Filling up the DagBag from /opt/airflow/dags/extract_open_meteo_dag.py
[2025-10-13T12:04:53.902+0000] {processor.py:840} INFO - DAG(s) 'extract_open_meteo_v2' retrieved from /opt/airflow/dags/extract_open_meteo_dag.py
[2025-10-13T12:04:54.105+0000] {logging_mixin.py:188} INFO - [2025-10-13T12:04:54.104+0000] {dag.py:3047} INFO - Sync 1 DAGs
[2025-10-13T12:04:54.255+0000] {logging_mixin.py:188} INFO - [2025-10-13T12:04:54.254+0000] {dag.py:3834} INFO - Setting next_dagrun for extract_open_meteo_v2 to 2025-10-12 22:00:00+00:00, run_after=2025-10-13 22:00:00+00:00
[2025-10-13T12:04:54.348+0000] {processor.py:183} INFO - Processing /opt/airflow/dags/extract_open_meteo_dag.py took 0.510 seconds
[2025-10-13T12:05:24.468+0000] {processor.py:161} INFO - Started process (PID=10457) to work on /opt/airflow/dags/extract_open_meteo_dag.py
[2025-10-13T12:05:24.470+0000] {processor.py:830} INFO - Processing file /opt/airflow/dags/extract_open_meteo_dag.py for tasks to queue
[2025-10-13T12:05:24.473+0000] {logging_mixin.py:188} INFO - [2025-10-13T12:05:24.472+0000] {dagbag.py:540} INFO - Filling up the DagBag from /opt/airflow/dags/extract_open_meteo_dag.py
[2025-10-13T12:05:24.524+0000] {processor.py:840} INFO - DAG(s) 'extract_open_meteo_v2' retrieved from /opt/airflow/dags/extract_open_meteo_dag.py
[2025-10-13T12:05:24.644+0000] {logging_mixin.py:188} INFO - [2025-10-13T12:05:24.644+0000] {dag.py:3047} INFO - Sync 1 DAGs
[2025-10-13T12:05:24.734+0000] {logging_mixin.py:188} INFO - [2025-10-13T12:05:24.733+0000] {dag.py:3834} INFO - Setting next_dagrun for extract_open_meteo_v2 to 2025-10-12 22:00:00+00:00, run_after=2025-10-13 22:00:00+00:00
[2025-10-13T12:05:24.816+0000] {processor.py:183} INFO - Processing /opt/airflow/dags/extract_open_meteo_dag.py took 0.353 seconds
[2025-10-13T12:05:55.457+0000] {processor.py:161} INFO - Started process (PID=10472) to work on /opt/airflow/dags/extract_open_meteo_dag.py
[2025-10-13T12:05:55.459+0000] {processor.py:830} INFO - Processing file /opt/airflow/dags/extract_open_meteo_dag.py for tasks to queue
[2025-10-13T12:05:55.462+0000] {logging_mixin.py:188} INFO - [2025-10-13T12:05:55.461+0000] {dagbag.py:540} INFO - Filling up the DagBag from /opt/airflow/dags/extract_open_meteo_dag.py
[2025-10-13T12:05:55.533+0000] {processor.py:840} INFO - DAG(s) 'extract_open_meteo_v2' retrieved from /opt/airflow/dags/extract_open_meteo_dag.py
[2025-10-13T12:05:55.646+0000] {logging_mixin.py:188} INFO - [2025-10-13T12:05:55.646+0000] {dag.py:3047} INFO - Sync 1 DAGs
[2025-10-13T12:05:55.707+0000] {logging_mixin.py:188} INFO - [2025-10-13T12:05:55.707+0000] {dag.py:3834} INFO - Setting next_dagrun for extract_open_meteo_v2 to 2025-10-12 22:00:00+00:00, run_after=2025-10-13 22:00:00+00:00
[2025-10-13T12:05:55.768+0000] {processor.py:183} INFO - Processing /opt/airflow/dags/extract_open_meteo_dag.py took 0.329 seconds
[2025-10-13T12:06:26.376+0000] {processor.py:161} INFO - Started process (PID=10487) to work on /opt/airflow/dags/extract_open_meteo_dag.py
[2025-10-13T12:06:26.379+0000] {processor.py:830} INFO - Processing file /opt/airflow/dags/extract_open_meteo_dag.py for tasks to queue
[2025-10-13T12:06:26.382+0000] {logging_mixin.py:188} INFO - [2025-10-13T12:06:26.381+0000] {dagbag.py:540} INFO - Filling up the DagBag from /opt/airflow/dags/extract_open_meteo_dag.py
[2025-10-13T12:06:26.442+0000] {processor.py:840} INFO - DAG(s) 'extract_open_meteo_v2' retrieved from /opt/airflow/dags/extract_open_meteo_dag.py
[2025-10-13T12:06:26.533+0000] {logging_mixin.py:188} INFO - [2025-10-13T12:06:26.532+0000] {dag.py:3047} INFO - Sync 1 DAGs
[2025-10-13T12:06:26.600+0000] {logging_mixin.py:188} INFO - [2025-10-13T12:06:26.599+0000] {dag.py:3834} INFO - Setting next_dagrun for extract_open_meteo_v2 to 2025-10-12 22:00:00+00:00, run_after=2025-10-13 22:00:00+00:00
[2025-10-13T12:06:26.692+0000] {processor.py:183} INFO - Processing /opt/airflow/dags/extract_open_meteo_dag.py took 0.326 seconds
[2025-10-13T12:06:57.142+0000] {processor.py:161} INFO - Started process (PID=10502) to work on /opt/airflow/dags/extract_open_meteo_dag.py
[2025-10-13T12:06:57.144+0000] {processor.py:830} INFO - Processing file /opt/airflow/dags/extract_open_meteo_dag.py for tasks to queue
[2025-10-13T12:06:57.146+0000] {logging_mixin.py:188} INFO - [2025-10-13T12:06:57.145+0000] {dagbag.py:540} INFO - Filling up the DagBag from /opt/airflow/dags/extract_open_meteo_dag.py
[2025-10-13T12:06:57.175+0000] {processor.py:840} INFO - DAG(s) 'extract_open_meteo_v2' retrieved from /opt/airflow/dags/extract_open_meteo_dag.py
[2025-10-13T12:06:57.248+0000] {logging_mixin.py:188} INFO - [2025-10-13T12:06:57.248+0000] {dag.py:3047} INFO - Sync 1 DAGs
[2025-10-13T12:06:57.302+0000] {logging_mixin.py:188} INFO - [2025-10-13T12:06:57.301+0000] {dag.py:3834} INFO - Setting next_dagrun for extract_open_meteo_v2 to 2025-10-12 22:00:00+00:00, run_after=2025-10-13 22:00:00+00:00
[2025-10-13T12:06:57.381+0000] {processor.py:183} INFO - Processing /opt/airflow/dags/extract_open_meteo_dag.py took 0.244 seconds
[2025-10-13T12:07:28.044+0000] {processor.py:161} INFO - Started process (PID=10517) to work on /opt/airflow/dags/extract_open_meteo_dag.py
[2025-10-13T12:07:28.048+0000] {processor.py:830} INFO - Processing file /opt/airflow/dags/extract_open_meteo_dag.py for tasks to queue
[2025-10-13T12:07:28.051+0000] {logging_mixin.py:188} INFO - [2025-10-13T12:07:28.050+0000] {dagbag.py:540} INFO - Filling up the DagBag from /opt/airflow/dags/extract_open_meteo_dag.py
[2025-10-13T12:07:28.104+0000] {processor.py:840} INFO - DAG(s) 'extract_open_meteo_v2' retrieved from /opt/airflow/dags/extract_open_meteo_dag.py
[2025-10-13T12:07:28.206+0000] {logging_mixin.py:188} INFO - [2025-10-13T12:07:28.206+0000] {dag.py:3047} INFO - Sync 1 DAGs
[2025-10-13T12:07:28.291+0000] {logging_mixin.py:188} INFO - [2025-10-13T12:07:28.290+0000] {dag.py:3834} INFO - Setting next_dagrun for extract_open_meteo_v2 to 2025-10-12 22:00:00+00:00, run_after=2025-10-13 22:00:00+00:00
[2025-10-13T12:07:28.421+0000] {processor.py:183} INFO - Processing /opt/airflow/dags/extract_open_meteo_dag.py took 0.386 seconds
[2025-10-13T12:07:59.023+0000] {processor.py:161} INFO - Started process (PID=10532) to work on /opt/airflow/dags/extract_open_meteo_dag.py
[2025-10-13T12:07:59.025+0000] {processor.py:830} INFO - Processing file /opt/airflow/dags/extract_open_meteo_dag.py for tasks to queue
[2025-10-13T12:07:59.027+0000] {logging_mixin.py:188} INFO - [2025-10-13T12:07:59.026+0000] {dagbag.py:540} INFO - Filling up the DagBag from /opt/airflow/dags/extract_open_meteo_dag.py
[2025-10-13T12:07:59.065+0000] {processor.py:840} INFO - DAG(s) 'extract_open_meteo_v2' retrieved from /opt/airflow/dags/extract_open_meteo_dag.py
[2025-10-13T12:07:59.152+0000] {logging_mixin.py:188} INFO - [2025-10-13T12:07:59.152+0000] {dag.py:3047} INFO - Sync 1 DAGs
[2025-10-13T12:07:59.234+0000] {logging_mixin.py:188} INFO - [2025-10-13T12:07:59.233+0000] {dag.py:3834} INFO - Setting next_dagrun for extract_open_meteo_v2 to 2025-10-12 22:00:00+00:00, run_after=2025-10-13 22:00:00+00:00
[2025-10-13T12:07:59.311+0000] {processor.py:183} INFO - Processing /opt/airflow/dags/extract_open_meteo_dag.py took 0.314 seconds
[2025-10-13T12:08:29.942+0000] {processor.py:161} INFO - Started process (PID=10547) to work on /opt/airflow/dags/extract_open_meteo_dag.py
[2025-10-13T12:08:29.946+0000] {processor.py:830} INFO - Processing file /opt/airflow/dags/extract_open_meteo_dag.py for tasks to queue
[2025-10-13T12:08:29.949+0000] {logging_mixin.py:188} INFO - [2025-10-13T12:08:29.948+0000] {dagbag.py:540} INFO - Filling up the DagBag from /opt/airflow/dags/extract_open_meteo_dag.py
[2025-10-13T12:08:30.006+0000] {processor.py:840} INFO - DAG(s) 'extract_open_meteo_v2' retrieved from /opt/airflow/dags/extract_open_meteo_dag.py
[2025-10-13T12:08:30.096+0000] {logging_mixin.py:188} INFO - [2025-10-13T12:08:30.096+0000] {dag.py:3047} INFO - Sync 1 DAGs
[2025-10-13T12:08:30.178+0000] {logging_mixin.py:188} INFO - [2025-10-13T12:08:30.178+0000] {dag.py:3834} INFO - Setting next_dagrun for extract_open_meteo_v2 to 2025-10-12 22:00:00+00:00, run_after=2025-10-13 22:00:00+00:00
[2025-10-13T12:08:30.279+0000] {processor.py:183} INFO - Processing /opt/airflow/dags/extract_open_meteo_dag.py took 0.343 seconds
[2025-10-13T12:09:01.080+0000] {processor.py:161} INFO - Started process (PID=10562) to work on /opt/airflow/dags/extract_open_meteo_dag.py
[2025-10-13T12:09:01.083+0000] {processor.py:830} INFO - Processing file /opt/airflow/dags/extract_open_meteo_dag.py for tasks to queue
[2025-10-13T12:09:01.086+0000] {logging_mixin.py:188} INFO - [2025-10-13T12:09:01.085+0000] {dagbag.py:540} INFO - Filling up the DagBag from /opt/airflow/dags/extract_open_meteo_dag.py
[2025-10-13T12:09:01.141+0000] {processor.py:840} INFO - DAG(s) 'extract_open_meteo_v2' retrieved from /opt/airflow/dags/extract_open_meteo_dag.py
[2025-10-13T12:09:01.246+0000] {logging_mixin.py:188} INFO - [2025-10-13T12:09:01.245+0000] {dag.py:3047} INFO - Sync 1 DAGs
[2025-10-13T12:09:01.325+0000] {logging_mixin.py:188} INFO - [2025-10-13T12:09:01.325+0000] {dag.py:3834} INFO - Setting next_dagrun for extract_open_meteo_v2 to 2025-10-12 22:00:00+00:00, run_after=2025-10-13 22:00:00+00:00
[2025-10-13T12:09:01.426+0000] {processor.py:183} INFO - Processing /opt/airflow/dags/extract_open_meteo_dag.py took 0.362 seconds
[2025-10-13T12:09:32.062+0000] {processor.py:161} INFO - Started process (PID=10577) to work on /opt/airflow/dags/extract_open_meteo_dag.py
[2025-10-13T12:09:32.066+0000] {processor.py:830} INFO - Processing file /opt/airflow/dags/extract_open_meteo_dag.py for tasks to queue
[2025-10-13T12:09:32.069+0000] {logging_mixin.py:188} INFO - [2025-10-13T12:09:32.068+0000] {dagbag.py:540} INFO - Filling up the DagBag from /opt/airflow/dags/extract_open_meteo_dag.py
[2025-10-13T12:09:32.118+0000] {processor.py:840} INFO - DAG(s) 'extract_open_meteo_v2' retrieved from /opt/airflow/dags/extract_open_meteo_dag.py
[2025-10-13T12:09:32.244+0000] {logging_mixin.py:188} INFO - [2025-10-13T12:09:32.243+0000] {dag.py:3047} INFO - Sync 1 DAGs
[2025-10-13T12:09:32.455+0000] {logging_mixin.py:188} INFO - [2025-10-13T12:09:32.455+0000] {dag.py:3834} INFO - Setting next_dagrun for extract_open_meteo_v2 to 2025-10-12 22:00:00+00:00, run_after=2025-10-13 22:00:00+00:00
[2025-10-13T12:09:32.704+0000] {processor.py:183} INFO - Processing /opt/airflow/dags/extract_open_meteo_dag.py took 0.649 seconds
[2025-10-13T12:10:03.034+0000] {processor.py:161} INFO - Started process (PID=10592) to work on /opt/airflow/dags/extract_open_meteo_dag.py
[2025-10-13T12:10:03.036+0000] {processor.py:830} INFO - Processing file /opt/airflow/dags/extract_open_meteo_dag.py for tasks to queue
[2025-10-13T12:10:03.038+0000] {logging_mixin.py:188} INFO - [2025-10-13T12:10:03.038+0000] {dagbag.py:540} INFO - Filling up the DagBag from /opt/airflow/dags/extract_open_meteo_dag.py
[2025-10-13T12:10:03.092+0000] {processor.py:840} INFO - DAG(s) 'extract_open_meteo_v2' retrieved from /opt/airflow/dags/extract_open_meteo_dag.py
[2025-10-13T12:10:03.281+0000] {logging_mixin.py:188} INFO - [2025-10-13T12:10:03.281+0000] {dag.py:3047} INFO - Sync 1 DAGs
[2025-10-13T12:10:03.501+0000] {logging_mixin.py:188} INFO - [2025-10-13T12:10:03.501+0000] {dag.py:3834} INFO - Setting next_dagrun for extract_open_meteo_v2 to 2025-10-12 22:00:00+00:00, run_after=2025-10-13 22:00:00+00:00
[2025-10-13T12:10:03.835+0000] {processor.py:183} INFO - Processing /opt/airflow/dags/extract_open_meteo_dag.py took 0.808 seconds
[2025-10-13T12:10:34.453+0000] {processor.py:161} INFO - Started process (PID=10607) to work on /opt/airflow/dags/extract_open_meteo_dag.py
[2025-10-13T12:10:34.457+0000] {processor.py:830} INFO - Processing file /opt/airflow/dags/extract_open_meteo_dag.py for tasks to queue
[2025-10-13T12:10:34.460+0000] {logging_mixin.py:188} INFO - [2025-10-13T12:10:34.459+0000] {dagbag.py:540} INFO - Filling up the DagBag from /opt/airflow/dags/extract_open_meteo_dag.py
[2025-10-13T12:10:34.503+0000] {processor.py:840} INFO - DAG(s) 'extract_open_meteo_v2' retrieved from /opt/airflow/dags/extract_open_meteo_dag.py
[2025-10-13T12:10:34.594+0000] {logging_mixin.py:188} INFO - [2025-10-13T12:10:34.594+0000] {dag.py:3047} INFO - Sync 1 DAGs
[2025-10-13T12:10:34.650+0000] {logging_mixin.py:188} INFO - [2025-10-13T12:10:34.650+0000] {dag.py:3834} INFO - Setting next_dagrun for extract_open_meteo_v2 to 2025-10-12 22:00:00+00:00, run_after=2025-10-13 22:00:00+00:00
[2025-10-13T12:10:34.721+0000] {processor.py:183} INFO - Processing /opt/airflow/dags/extract_open_meteo_dag.py took 0.282 seconds
[2025-10-13T12:11:05.323+0000] {processor.py:161} INFO - Started process (PID=10622) to work on /opt/airflow/dags/extract_open_meteo_dag.py
[2025-10-13T12:11:05.326+0000] {processor.py:830} INFO - Processing file /opt/airflow/dags/extract_open_meteo_dag.py for tasks to queue
[2025-10-13T12:11:05.329+0000] {logging_mixin.py:188} INFO - [2025-10-13T12:11:05.328+0000] {dagbag.py:540} INFO - Filling up the DagBag from /opt/airflow/dags/extract_open_meteo_dag.py
[2025-10-13T12:11:05.376+0000] {processor.py:840} INFO - DAG(s) 'extract_open_meteo_v2' retrieved from /opt/airflow/dags/extract_open_meteo_dag.py
[2025-10-13T12:11:05.484+0000] {logging_mixin.py:188} INFO - [2025-10-13T12:11:05.484+0000] {dag.py:3047} INFO - Sync 1 DAGs
[2025-10-13T12:11:05.567+0000] {logging_mixin.py:188} INFO - [2025-10-13T12:11:05.567+0000] {dag.py:3834} INFO - Setting next_dagrun for extract_open_meteo_v2 to 2025-10-12 22:00:00+00:00, run_after=2025-10-13 22:00:00+00:00
[2025-10-13T12:11:05.686+0000] {processor.py:183} INFO - Processing /opt/airflow/dags/extract_open_meteo_dag.py took 0.371 seconds
[2025-10-13T12:11:36.463+0000] {processor.py:161} INFO - Started process (PID=10637) to work on /opt/airflow/dags/extract_open_meteo_dag.py
[2025-10-13T12:11:36.467+0000] {processor.py:830} INFO - Processing file /opt/airflow/dags/extract_open_meteo_dag.py for tasks to queue
[2025-10-13T12:11:36.470+0000] {logging_mixin.py:188} INFO - [2025-10-13T12:11:36.469+0000] {dagbag.py:540} INFO - Filling up the DagBag from /opt/airflow/dags/extract_open_meteo_dag.py
[2025-10-13T12:11:36.518+0000] {processor.py:840} INFO - DAG(s) 'extract_open_meteo_v2' retrieved from /opt/airflow/dags/extract_open_meteo_dag.py
[2025-10-13T12:11:36.664+0000] {logging_mixin.py:188} INFO - [2025-10-13T12:11:36.663+0000] {dag.py:3047} INFO - Sync 1 DAGs
[2025-10-13T12:11:36.732+0000] {logging_mixin.py:188} INFO - [2025-10-13T12:11:36.732+0000] {dag.py:3834} INFO - Setting next_dagrun for extract_open_meteo_v2 to 2025-10-12 22:00:00+00:00, run_after=2025-10-13 22:00:00+00:00
[2025-10-13T12:11:36.811+0000] {processor.py:183} INFO - Processing /opt/airflow/dags/extract_open_meteo_dag.py took 0.354 seconds
[2025-10-13T12:12:07.362+0000] {processor.py:161} INFO - Started process (PID=10652) to work on /opt/airflow/dags/extract_open_meteo_dag.py
[2025-10-13T12:12:07.366+0000] {processor.py:830} INFO - Processing file /opt/airflow/dags/extract_open_meteo_dag.py for tasks to queue
[2025-10-13T12:12:07.369+0000] {logging_mixin.py:188} INFO - [2025-10-13T12:12:07.368+0000] {dagbag.py:540} INFO - Filling up the DagBag from /opt/airflow/dags/extract_open_meteo_dag.py
[2025-10-13T12:12:07.443+0000] {processor.py:840} INFO - DAG(s) 'extract_open_meteo_v2' retrieved from /opt/airflow/dags/extract_open_meteo_dag.py
[2025-10-13T12:12:07.552+0000] {logging_mixin.py:188} INFO - [2025-10-13T12:12:07.551+0000] {dag.py:3047} INFO - Sync 1 DAGs
[2025-10-13T12:12:07.638+0000] {logging_mixin.py:188} INFO - [2025-10-13T12:12:07.637+0000] {dag.py:3834} INFO - Setting next_dagrun for extract_open_meteo_v2 to 2025-10-12 22:00:00+00:00, run_after=2025-10-13 22:00:00+00:00
[2025-10-13T12:12:07.730+0000] {processor.py:183} INFO - Processing /opt/airflow/dags/extract_open_meteo_dag.py took 0.376 seconds
[2025-10-13T12:12:38.298+0000] {processor.py:161} INFO - Started process (PID=10666) to work on /opt/airflow/dags/extract_open_meteo_dag.py
[2025-10-13T12:12:38.301+0000] {processor.py:830} INFO - Processing file /opt/airflow/dags/extract_open_meteo_dag.py for tasks to queue
[2025-10-13T12:12:38.303+0000] {logging_mixin.py:188} INFO - [2025-10-13T12:12:38.303+0000] {dagbag.py:540} INFO - Filling up the DagBag from /opt/airflow/dags/extract_open_meteo_dag.py
[2025-10-13T12:12:38.349+0000] {processor.py:840} INFO - DAG(s) 'extract_open_meteo_v2' retrieved from /opt/airflow/dags/extract_open_meteo_dag.py
[2025-10-13T12:12:38.459+0000] {logging_mixin.py:188} INFO - [2025-10-13T12:12:38.458+0000] {dag.py:3047} INFO - Sync 1 DAGs
[2025-10-13T12:12:38.525+0000] {logging_mixin.py:188} INFO - [2025-10-13T12:12:38.525+0000] {dag.py:3834} INFO - Setting next_dagrun for extract_open_meteo_v2 to 2025-10-12 22:00:00+00:00, run_after=2025-10-13 22:00:00+00:00
[2025-10-13T12:12:38.630+0000] {processor.py:183} INFO - Processing /opt/airflow/dags/extract_open_meteo_dag.py took 0.339 seconds
[2025-10-13T12:13:09.230+0000] {processor.py:161} INFO - Started process (PID=10682) to work on /opt/airflow/dags/extract_open_meteo_dag.py
[2025-10-13T12:13:09.232+0000] {processor.py:830} INFO - Processing file /opt/airflow/dags/extract_open_meteo_dag.py for tasks to queue
[2025-10-13T12:13:09.235+0000] {logging_mixin.py:188} INFO - [2025-10-13T12:13:09.234+0000] {dagbag.py:540} INFO - Filling up the DagBag from /opt/airflow/dags/extract_open_meteo_dag.py
[2025-10-13T12:13:09.323+0000] {processor.py:840} INFO - DAG(s) 'extract_open_meteo_v2' retrieved from /opt/airflow/dags/extract_open_meteo_dag.py
[2025-10-13T12:13:09.475+0000] {logging_mixin.py:188} INFO - [2025-10-13T12:13:09.474+0000] {dag.py:3047} INFO - Sync 1 DAGs
[2025-10-13T12:13:09.574+0000] {logging_mixin.py:188} INFO - [2025-10-13T12:13:09.574+0000] {dag.py:3834} INFO - Setting next_dagrun for extract_open_meteo_v2 to 2025-10-12 22:00:00+00:00, run_after=2025-10-13 22:00:00+00:00
[2025-10-13T12:13:09.666+0000] {processor.py:183} INFO - Processing /opt/airflow/dags/extract_open_meteo_dag.py took 0.442 seconds
[2025-10-13T12:13:40.240+0000] {processor.py:161} INFO - Started process (PID=10699) to work on /opt/airflow/dags/extract_open_meteo_dag.py
[2025-10-13T12:13:40.243+0000] {processor.py:830} INFO - Processing file /opt/airflow/dags/extract_open_meteo_dag.py for tasks to queue
[2025-10-13T12:13:40.245+0000] {logging_mixin.py:188} INFO - [2025-10-13T12:13:40.244+0000] {dagbag.py:540} INFO - Filling up the DagBag from /opt/airflow/dags/extract_open_meteo_dag.py
[2025-10-13T12:13:40.278+0000] {processor.py:840} INFO - DAG(s) 'extract_open_meteo_v2' retrieved from /opt/airflow/dags/extract_open_meteo_dag.py
[2025-10-13T12:13:40.369+0000] {logging_mixin.py:188} INFO - [2025-10-13T12:13:40.368+0000] {dag.py:3047} INFO - Sync 1 DAGs
[2025-10-13T12:13:40.429+0000] {logging_mixin.py:188} INFO - [2025-10-13T12:13:40.429+0000] {dag.py:3834} INFO - Setting next_dagrun for extract_open_meteo_v2 to 2025-10-12 22:00:00+00:00, run_after=2025-10-13 22:00:00+00:00
[2025-10-13T12:13:40.506+0000] {processor.py:183} INFO - Processing /opt/airflow/dags/extract_open_meteo_dag.py took 0.270 seconds
[2025-10-13T12:14:11.084+0000] {processor.py:161} INFO - Started process (PID=10712) to work on /opt/airflow/dags/extract_open_meteo_dag.py
[2025-10-13T12:14:11.091+0000] {processor.py:830} INFO - Processing file /opt/airflow/dags/extract_open_meteo_dag.py for tasks to queue
[2025-10-13T12:14:11.094+0000] {logging_mixin.py:188} INFO - [2025-10-13T12:14:11.093+0000] {dagbag.py:540} INFO - Filling up the DagBag from /opt/airflow/dags/extract_open_meteo_dag.py
[2025-10-13T12:14:11.140+0000] {processor.py:840} INFO - DAG(s) 'extract_open_meteo_v2' retrieved from /opt/airflow/dags/extract_open_meteo_dag.py
[2025-10-13T12:14:11.309+0000] {logging_mixin.py:188} INFO - [2025-10-13T12:14:11.308+0000] {dag.py:3047} INFO - Sync 1 DAGs
[2025-10-13T12:14:11.404+0000] {logging_mixin.py:188} INFO - [2025-10-13T12:14:11.403+0000] {dag.py:3834} INFO - Setting next_dagrun for extract_open_meteo_v2 to 2025-10-12 22:00:00+00:00, run_after=2025-10-13 22:00:00+00:00
[2025-10-13T12:14:11.483+0000] {processor.py:183} INFO - Processing /opt/airflow/dags/extract_open_meteo_dag.py took 0.407 seconds
[2025-10-13T12:14:41.766+0000] {processor.py:161} INFO - Started process (PID=10727) to work on /opt/airflow/dags/extract_open_meteo_dag.py
[2025-10-13T12:14:41.768+0000] {processor.py:830} INFO - Processing file /opt/airflow/dags/extract_open_meteo_dag.py for tasks to queue
[2025-10-13T12:14:41.770+0000] {logging_mixin.py:188} INFO - [2025-10-13T12:14:41.769+0000] {dagbag.py:540} INFO - Filling up the DagBag from /opt/airflow/dags/extract_open_meteo_dag.py
[2025-10-13T12:14:41.813+0000] {processor.py:840} INFO - DAG(s) 'extract_open_meteo_v2' retrieved from /opt/airflow/dags/extract_open_meteo_dag.py
[2025-10-13T12:14:41.911+0000] {logging_mixin.py:188} INFO - [2025-10-13T12:14:41.910+0000] {dag.py:3047} INFO - Sync 1 DAGs
[2025-10-13T12:14:41.976+0000] {logging_mixin.py:188} INFO - [2025-10-13T12:14:41.976+0000] {dag.py:3834} INFO - Setting next_dagrun for extract_open_meteo_v2 to 2025-10-12 22:00:00+00:00, run_after=2025-10-13 22:00:00+00:00
[2025-10-13T12:14:42.075+0000] {processor.py:183} INFO - Processing /opt/airflow/dags/extract_open_meteo_dag.py took 0.314 seconds
[2025-10-13T12:15:12.268+0000] {processor.py:161} INFO - Started process (PID=10742) to work on /opt/airflow/dags/extract_open_meteo_dag.py
[2025-10-13T12:15:12.272+0000] {processor.py:830} INFO - Processing file /opt/airflow/dags/extract_open_meteo_dag.py for tasks to queue
[2025-10-13T12:15:12.277+0000] {logging_mixin.py:188} INFO - [2025-10-13T12:15:12.276+0000] {dagbag.py:540} INFO - Filling up the DagBag from /opt/airflow/dags/extract_open_meteo_dag.py
[2025-10-13T12:15:12.344+0000] {processor.py:840} INFO - DAG(s) 'extract_open_meteo_v2' retrieved from /opt/airflow/dags/extract_open_meteo_dag.py
[2025-10-13T12:15:12.449+0000] {logging_mixin.py:188} INFO - [2025-10-13T12:15:12.448+0000] {dag.py:3047} INFO - Sync 1 DAGs
[2025-10-13T12:15:12.526+0000] {logging_mixin.py:188} INFO - [2025-10-13T12:15:12.526+0000] {dag.py:3834} INFO - Setting next_dagrun for extract_open_meteo_v2 to 2025-10-12 22:00:00+00:00, run_after=2025-10-13 22:00:00+00:00
[2025-10-13T12:15:12.606+0000] {processor.py:183} INFO - Processing /opt/airflow/dags/extract_open_meteo_dag.py took 0.350 seconds
[2025-10-13T12:15:43.253+0000] {processor.py:161} INFO - Started process (PID=10757) to work on /opt/airflow/dags/extract_open_meteo_dag.py
[2025-10-13T12:15:43.256+0000] {processor.py:830} INFO - Processing file /opt/airflow/dags/extract_open_meteo_dag.py for tasks to queue
[2025-10-13T12:15:43.259+0000] {logging_mixin.py:188} INFO - [2025-10-13T12:15:43.258+0000] {dagbag.py:540} INFO - Filling up the DagBag from /opt/airflow/dags/extract_open_meteo_dag.py
[2025-10-13T12:15:43.310+0000] {processor.py:840} INFO - DAG(s) 'extract_open_meteo_v2' retrieved from /opt/airflow/dags/extract_open_meteo_dag.py
[2025-10-13T12:15:43.419+0000] {logging_mixin.py:188} INFO - [2025-10-13T12:15:43.418+0000] {dag.py:3047} INFO - Sync 1 DAGs
[2025-10-13T12:15:43.505+0000] {logging_mixin.py:188} INFO - [2025-10-13T12:15:43.504+0000] {dag.py:3834} INFO - Setting next_dagrun for extract_open_meteo_v2 to 2025-10-12 22:00:00+00:00, run_after=2025-10-13 22:00:00+00:00
[2025-10-13T12:15:43.644+0000] {processor.py:183} INFO - Processing /opt/airflow/dags/extract_open_meteo_dag.py took 0.397 seconds
[2025-10-13T12:16:14.478+0000] {processor.py:161} INFO - Started process (PID=10772) to work on /opt/airflow/dags/extract_open_meteo_dag.py
[2025-10-13T12:16:14.484+0000] {processor.py:830} INFO - Processing file /opt/airflow/dags/extract_open_meteo_dag.py for tasks to queue
[2025-10-13T12:16:14.489+0000] {logging_mixin.py:188} INFO - [2025-10-13T12:16:14.488+0000] {dagbag.py:540} INFO - Filling up the DagBag from /opt/airflow/dags/extract_open_meteo_dag.py
[2025-10-13T12:16:14.582+0000] {processor.py:840} INFO - DAG(s) 'extract_open_meteo_v2' retrieved from /opt/airflow/dags/extract_open_meteo_dag.py
[2025-10-13T12:16:14.694+0000] {logging_mixin.py:188} INFO - [2025-10-13T12:16:14.693+0000] {dag.py:3047} INFO - Sync 1 DAGs
[2025-10-13T12:16:14.773+0000] {logging_mixin.py:188} INFO - [2025-10-13T12:16:14.773+0000] {dag.py:3834} INFO - Setting next_dagrun for extract_open_meteo_v2 to 2025-10-12 22:00:00+00:00, run_after=2025-10-13 22:00:00+00:00
[2025-10-13T12:16:14.889+0000] {processor.py:183} INFO - Processing /opt/airflow/dags/extract_open_meteo_dag.py took 0.421 seconds
[2025-10-13T12:16:45.017+0000] {processor.py:161} INFO - Started process (PID=10787) to work on /opt/airflow/dags/extract_open_meteo_dag.py
[2025-10-13T12:16:45.018+0000] {processor.py:830} INFO - Processing file /opt/airflow/dags/extract_open_meteo_dag.py for tasks to queue
[2025-10-13T12:16:45.021+0000] {logging_mixin.py:188} INFO - [2025-10-13T12:16:45.020+0000] {dagbag.py:540} INFO - Filling up the DagBag from /opt/airflow/dags/extract_open_meteo_dag.py
[2025-10-13T12:16:45.059+0000] {processor.py:840} INFO - DAG(s) 'extract_open_meteo_v2' retrieved from /opt/airflow/dags/extract_open_meteo_dag.py
[2025-10-13T12:16:45.157+0000] {logging_mixin.py:188} INFO - [2025-10-13T12:16:45.157+0000] {dag.py:3047} INFO - Sync 1 DAGs
[2025-10-13T12:16:45.234+0000] {logging_mixin.py:188} INFO - [2025-10-13T12:16:45.234+0000] {dag.py:3834} INFO - Setting next_dagrun for extract_open_meteo_v2 to 2025-10-12 22:00:00+00:00, run_after=2025-10-13 22:00:00+00:00
[2025-10-13T12:16:45.316+0000] {processor.py:183} INFO - Processing /opt/airflow/dags/extract_open_meteo_dag.py took 0.303 seconds
[2025-10-13T12:17:15.813+0000] {processor.py:161} INFO - Started process (PID=10802) to work on /opt/airflow/dags/extract_open_meteo_dag.py
[2025-10-13T12:17:15.814+0000] {processor.py:830} INFO - Processing file /opt/airflow/dags/extract_open_meteo_dag.py for tasks to queue
[2025-10-13T12:17:15.816+0000] {logging_mixin.py:188} INFO - [2025-10-13T12:17:15.816+0000] {dagbag.py:540} INFO - Filling up the DagBag from /opt/airflow/dags/extract_open_meteo_dag.py
[2025-10-13T12:17:15.864+0000] {processor.py:840} INFO - DAG(s) 'extract_open_meteo_v2' retrieved from /opt/airflow/dags/extract_open_meteo_dag.py
[2025-10-13T12:17:15.948+0000] {logging_mixin.py:188} INFO - [2025-10-13T12:17:15.948+0000] {dag.py:3047} INFO - Sync 1 DAGs
[2025-10-13T12:17:16.005+0000] {logging_mixin.py:188} INFO - [2025-10-13T12:17:16.005+0000] {dag.py:3834} INFO - Setting next_dagrun for extract_open_meteo_v2 to 2025-10-12 22:00:00+00:00, run_after=2025-10-13 22:00:00+00:00
[2025-10-13T12:17:16.072+0000] {processor.py:183} INFO - Processing /opt/airflow/dags/extract_open_meteo_dag.py took 0.264 seconds
[2025-10-13T12:17:46.756+0000] {processor.py:161} INFO - Started process (PID=10817) to work on /opt/airflow/dags/extract_open_meteo_dag.py
[2025-10-13T12:17:46.760+0000] {processor.py:830} INFO - Processing file /opt/airflow/dags/extract_open_meteo_dag.py for tasks to queue
[2025-10-13T12:17:46.765+0000] {logging_mixin.py:188} INFO - [2025-10-13T12:17:46.764+0000] {dagbag.py:540} INFO - Filling up the DagBag from /opt/airflow/dags/extract_open_meteo_dag.py
[2025-10-13T12:17:46.811+0000] {processor.py:840} INFO - DAG(s) 'extract_open_meteo_v2' retrieved from /opt/airflow/dags/extract_open_meteo_dag.py
[2025-10-13T12:17:46.910+0000] {logging_mixin.py:188} INFO - [2025-10-13T12:17:46.909+0000] {dag.py:3047} INFO - Sync 1 DAGs
[2025-10-13T12:17:46.995+0000] {logging_mixin.py:188} INFO - [2025-10-13T12:17:46.994+0000] {dag.py:3834} INFO - Setting next_dagrun for extract_open_meteo_v2 to 2025-10-12 22:00:00+00:00, run_after=2025-10-13 22:00:00+00:00
[2025-10-13T12:17:47.086+0000] {processor.py:183} INFO - Processing /opt/airflow/dags/extract_open_meteo_dag.py took 0.334 seconds
[2025-10-13T12:18:17.821+0000] {processor.py:161} INFO - Started process (PID=10832) to work on /opt/airflow/dags/extract_open_meteo_dag.py
[2025-10-13T12:18:17.837+0000] {processor.py:830} INFO - Processing file /opt/airflow/dags/extract_open_meteo_dag.py for tasks to queue
[2025-10-13T12:18:17.853+0000] {logging_mixin.py:188} INFO - [2025-10-13T12:18:17.852+0000] {dagbag.py:540} INFO - Filling up the DagBag from /opt/airflow/dags/extract_open_meteo_dag.py
[2025-10-13T12:18:18.188+0000] {processor.py:840} INFO - DAG(s) 'extract_open_meteo_v2' retrieved from /opt/airflow/dags/extract_open_meteo_dag.py
[2025-10-13T12:18:18.448+0000] {logging_mixin.py:188} INFO - [2025-10-13T12:18:18.448+0000] {dag.py:3047} INFO - Sync 1 DAGs
[2025-10-13T12:18:18.556+0000] {logging_mixin.py:188} INFO - [2025-10-13T12:18:18.555+0000] {dag.py:3834} INFO - Setting next_dagrun for extract_open_meteo_v2 to 2025-10-12 22:00:00+00:00, run_after=2025-10-13 22:00:00+00:00
[2025-10-13T12:18:18.663+0000] {processor.py:183} INFO - Processing /opt/airflow/dags/extract_open_meteo_dag.py took 0.863 seconds
[2025-10-13T12:18:49.541+0000] {processor.py:161} INFO - Started process (PID=10847) to work on /opt/airflow/dags/extract_open_meteo_dag.py
[2025-10-13T12:18:49.544+0000] {processor.py:830} INFO - Processing file /opt/airflow/dags/extract_open_meteo_dag.py for tasks to queue
[2025-10-13T12:18:49.547+0000] {logging_mixin.py:188} INFO - [2025-10-13T12:18:49.546+0000] {dagbag.py:540} INFO - Filling up the DagBag from /opt/airflow/dags/extract_open_meteo_dag.py
[2025-10-13T12:18:49.600+0000] {processor.py:840} INFO - DAG(s) 'extract_open_meteo_v2' retrieved from /opt/airflow/dags/extract_open_meteo_dag.py
[2025-10-13T12:18:49.710+0000] {logging_mixin.py:188} INFO - [2025-10-13T12:18:49.710+0000] {dag.py:3047} INFO - Sync 1 DAGs
[2025-10-13T12:18:49.776+0000] {logging_mixin.py:188} INFO - [2025-10-13T12:18:49.776+0000] {dag.py:3834} INFO - Setting next_dagrun for extract_open_meteo_v2 to 2025-10-12 22:00:00+00:00, run_after=2025-10-13 22:00:00+00:00
[2025-10-13T12:18:49.847+0000] {processor.py:183} INFO - Processing /opt/airflow/dags/extract_open_meteo_dag.py took 0.313 seconds
[2025-10-13T12:19:20.419+0000] {processor.py:161} INFO - Started process (PID=10862) to work on /opt/airflow/dags/extract_open_meteo_dag.py
[2025-10-13T12:19:20.422+0000] {processor.py:830} INFO - Processing file /opt/airflow/dags/extract_open_meteo_dag.py for tasks to queue
[2025-10-13T12:19:20.426+0000] {logging_mixin.py:188} INFO - [2025-10-13T12:19:20.424+0000] {dagbag.py:540} INFO - Filling up the DagBag from /opt/airflow/dags/extract_open_meteo_dag.py
[2025-10-13T12:19:20.474+0000] {processor.py:840} INFO - DAG(s) 'extract_open_meteo_v2' retrieved from /opt/airflow/dags/extract_open_meteo_dag.py
[2025-10-13T12:19:20.576+0000] {logging_mixin.py:188} INFO - [2025-10-13T12:19:20.575+0000] {dag.py:3047} INFO - Sync 1 DAGs
[2025-10-13T12:19:20.639+0000] {logging_mixin.py:188} INFO - [2025-10-13T12:19:20.639+0000] {dag.py:3834} INFO - Setting next_dagrun for extract_open_meteo_v2 to 2025-10-12 22:00:00+00:00, run_after=2025-10-13 22:00:00+00:00
[2025-10-13T12:19:20.713+0000] {processor.py:183} INFO - Processing /opt/airflow/dags/extract_open_meteo_dag.py took 0.300 seconds
[2025-10-13T12:19:50.872+0000] {processor.py:161} INFO - Started process (PID=10877) to work on /opt/airflow/dags/extract_open_meteo_dag.py
[2025-10-13T12:19:50.874+0000] {processor.py:830} INFO - Processing file /opt/airflow/dags/extract_open_meteo_dag.py for tasks to queue
[2025-10-13T12:19:50.878+0000] {logging_mixin.py:188} INFO - [2025-10-13T12:19:50.877+0000] {dagbag.py:540} INFO - Filling up the DagBag from /opt/airflow/dags/extract_open_meteo_dag.py
[2025-10-13T12:19:50.931+0000] {processor.py:840} INFO - DAG(s) 'extract_open_meteo_v2' retrieved from /opt/airflow/dags/extract_open_meteo_dag.py
[2025-10-13T12:19:51.040+0000] {logging_mixin.py:188} INFO - [2025-10-13T12:19:51.039+0000] {dag.py:3047} INFO - Sync 1 DAGs
[2025-10-13T12:19:51.131+0000] {logging_mixin.py:188} INFO - [2025-10-13T12:19:51.131+0000] {dag.py:3834} INFO - Setting next_dagrun for extract_open_meteo_v2 to 2025-10-12 22:00:00+00:00, run_after=2025-10-13 22:00:00+00:00
[2025-10-13T12:19:51.200+0000] {processor.py:183} INFO - Processing /opt/airflow/dags/extract_open_meteo_dag.py took 0.334 seconds
[2025-10-13T12:20:21.812+0000] {processor.py:161} INFO - Started process (PID=10892) to work on /opt/airflow/dags/extract_open_meteo_dag.py
[2025-10-13T12:20:21.816+0000] {processor.py:830} INFO - Processing file /opt/airflow/dags/extract_open_meteo_dag.py for tasks to queue
[2025-10-13T12:20:21.821+0000] {logging_mixin.py:188} INFO - [2025-10-13T12:20:21.820+0000] {dagbag.py:540} INFO - Filling up the DagBag from /opt/airflow/dags/extract_open_meteo_dag.py
[2025-10-13T12:20:21.879+0000] {processor.py:840} INFO - DAG(s) 'extract_open_meteo_v2' retrieved from /opt/airflow/dags/extract_open_meteo_dag.py
[2025-10-13T12:20:21.970+0000] {logging_mixin.py:188} INFO - [2025-10-13T12:20:21.970+0000] {dag.py:3047} INFO - Sync 1 DAGs
[2025-10-13T12:20:22.038+0000] {logging_mixin.py:188} INFO - [2025-10-13T12:20:22.038+0000] {dag.py:3834} INFO - Setting next_dagrun for extract_open_meteo_v2 to 2025-10-12 22:00:00+00:00, run_after=2025-10-13 22:00:00+00:00
[2025-10-13T12:20:22.128+0000] {processor.py:183} INFO - Processing /opt/airflow/dags/extract_open_meteo_dag.py took 0.325 seconds
[2025-10-13T12:20:52.778+0000] {processor.py:161} INFO - Started process (PID=10907) to work on /opt/airflow/dags/extract_open_meteo_dag.py
[2025-10-13T12:20:52.780+0000] {processor.py:830} INFO - Processing file /opt/airflow/dags/extract_open_meteo_dag.py for tasks to queue
[2025-10-13T12:20:52.782+0000] {logging_mixin.py:188} INFO - [2025-10-13T12:20:52.782+0000] {dagbag.py:540} INFO - Filling up the DagBag from /opt/airflow/dags/extract_open_meteo_dag.py
[2025-10-13T12:20:52.829+0000] {processor.py:840} INFO - DAG(s) 'extract_open_meteo_v2' retrieved from /opt/airflow/dags/extract_open_meteo_dag.py
[2025-10-13T12:20:52.928+0000] {logging_mixin.py:188} INFO - [2025-10-13T12:20:52.927+0000] {dag.py:3047} INFO - Sync 1 DAGs
[2025-10-13T12:20:53.000+0000] {logging_mixin.py:188} INFO - [2025-10-13T12:20:53.000+0000] {dag.py:3834} INFO - Setting next_dagrun for extract_open_meteo_v2 to 2025-10-12 22:00:00+00:00, run_after=2025-10-13 22:00:00+00:00
[2025-10-13T12:20:53.107+0000] {processor.py:183} INFO - Processing /opt/airflow/dags/extract_open_meteo_dag.py took 0.333 seconds
[2025-10-13T12:21:23.540+0000] {processor.py:161} INFO - Started process (PID=10922) to work on /opt/airflow/dags/extract_open_meteo_dag.py
[2025-10-13T12:21:23.543+0000] {processor.py:830} INFO - Processing file /opt/airflow/dags/extract_open_meteo_dag.py for tasks to queue
[2025-10-13T12:21:23.546+0000] {logging_mixin.py:188} INFO - [2025-10-13T12:21:23.545+0000] {dagbag.py:540} INFO - Filling up the DagBag from /opt/airflow/dags/extract_open_meteo_dag.py
[2025-10-13T12:21:23.604+0000] {processor.py:840} INFO - DAG(s) 'extract_open_meteo_v2' retrieved from /opt/airflow/dags/extract_open_meteo_dag.py
[2025-10-13T12:21:23.693+0000] {logging_mixin.py:188} INFO - [2025-10-13T12:21:23.693+0000] {dag.py:3047} INFO - Sync 1 DAGs
[2025-10-13T12:21:23.752+0000] {logging_mixin.py:188} INFO - [2025-10-13T12:21:23.752+0000] {dag.py:3834} INFO - Setting next_dagrun for extract_open_meteo_v2 to 2025-10-12 22:00:00+00:00, run_after=2025-10-13 22:00:00+00:00
[2025-10-13T12:21:23.828+0000] {processor.py:183} INFO - Processing /opt/airflow/dags/extract_open_meteo_dag.py took 0.293 seconds
[2025-10-13T12:21:54.132+0000] {processor.py:161} INFO - Started process (PID=10937) to work on /opt/airflow/dags/extract_open_meteo_dag.py
[2025-10-13T12:21:54.135+0000] {processor.py:830} INFO - Processing file /opt/airflow/dags/extract_open_meteo_dag.py for tasks to queue
[2025-10-13T12:21:54.137+0000] {logging_mixin.py:188} INFO - [2025-10-13T12:21:54.136+0000] {dagbag.py:540} INFO - Filling up the DagBag from /opt/airflow/dags/extract_open_meteo_dag.py
[2025-10-13T12:21:54.191+0000] {processor.py:840} INFO - DAG(s) 'extract_open_meteo_v2' retrieved from /opt/airflow/dags/extract_open_meteo_dag.py
[2025-10-13T12:21:54.270+0000] {logging_mixin.py:188} INFO - [2025-10-13T12:21:54.270+0000] {dag.py:3047} INFO - Sync 1 DAGs
[2025-10-13T12:21:54.339+0000] {logging_mixin.py:188} INFO - [2025-10-13T12:21:54.338+0000] {dag.py:3834} INFO - Setting next_dagrun for extract_open_meteo_v2 to 2025-10-12 22:00:00+00:00, run_after=2025-10-13 22:00:00+00:00
[2025-10-13T12:21:54.523+0000] {processor.py:183} INFO - Processing /opt/airflow/dags/extract_open_meteo_dag.py took 0.397 seconds
[2025-10-13T12:22:24.996+0000] {processor.py:161} INFO - Started process (PID=10952) to work on /opt/airflow/dags/extract_open_meteo_dag.py
[2025-10-13T12:22:24.998+0000] {processor.py:830} INFO - Processing file /opt/airflow/dags/extract_open_meteo_dag.py for tasks to queue
[2025-10-13T12:22:24.999+0000] {logging_mixin.py:188} INFO - [2025-10-13T12:22:24.999+0000] {dagbag.py:540} INFO - Filling up the DagBag from /opt/airflow/dags/extract_open_meteo_dag.py
[2025-10-13T12:22:25.048+0000] {processor.py:840} INFO - DAG(s) 'extract_open_meteo_v2' retrieved from /opt/airflow/dags/extract_open_meteo_dag.py
[2025-10-13T12:22:25.195+0000] {logging_mixin.py:188} INFO - [2025-10-13T12:22:25.195+0000] {dag.py:3047} INFO - Sync 1 DAGs
[2025-10-13T12:22:25.285+0000] {logging_mixin.py:188} INFO - [2025-10-13T12:22:25.285+0000] {dag.py:3834} INFO - Setting next_dagrun for extract_open_meteo_v2 to 2025-10-12 22:00:00+00:00, run_after=2025-10-13 22:00:00+00:00
[2025-10-13T12:22:25.362+0000] {processor.py:183} INFO - Processing /opt/airflow/dags/extract_open_meteo_dag.py took 0.370 seconds
[2025-10-13T12:22:55.958+0000] {processor.py:161} INFO - Started process (PID=10967) to work on /opt/airflow/dags/extract_open_meteo_dag.py
[2025-10-13T12:22:55.962+0000] {processor.py:830} INFO - Processing file /opt/airflow/dags/extract_open_meteo_dag.py for tasks to queue
[2025-10-13T12:22:55.964+0000] {logging_mixin.py:188} INFO - [2025-10-13T12:22:55.963+0000] {dagbag.py:540} INFO - Filling up the DagBag from /opt/airflow/dags/extract_open_meteo_dag.py
[2025-10-13T12:22:56.006+0000] {processor.py:840} INFO - DAG(s) 'extract_open_meteo_v2' retrieved from /opt/airflow/dags/extract_open_meteo_dag.py
[2025-10-13T12:22:56.094+0000] {logging_mixin.py:188} INFO - [2025-10-13T12:22:56.094+0000] {dag.py:3047} INFO - Sync 1 DAGs
[2025-10-13T12:22:56.158+0000] {logging_mixin.py:188} INFO - [2025-10-13T12:22:56.157+0000] {dag.py:3834} INFO - Setting next_dagrun for extract_open_meteo_v2 to 2025-10-12 22:00:00+00:00, run_after=2025-10-13 22:00:00+00:00
[2025-10-13T12:22:56.232+0000] {processor.py:183} INFO - Processing /opt/airflow/dags/extract_open_meteo_dag.py took 0.281 seconds
[2025-10-13T12:23:26.965+0000] {processor.py:161} INFO - Started process (PID=10982) to work on /opt/airflow/dags/extract_open_meteo_dag.py
[2025-10-13T12:23:26.968+0000] {processor.py:830} INFO - Processing file /opt/airflow/dags/extract_open_meteo_dag.py for tasks to queue
[2025-10-13T12:23:26.971+0000] {logging_mixin.py:188} INFO - [2025-10-13T12:23:26.970+0000] {dagbag.py:540} INFO - Filling up the DagBag from /opt/airflow/dags/extract_open_meteo_dag.py
[2025-10-13T12:23:27.053+0000] {processor.py:840} INFO - DAG(s) 'extract_open_meteo_v2' retrieved from /opt/airflow/dags/extract_open_meteo_dag.py
[2025-10-13T12:23:27.243+0000] {logging_mixin.py:188} INFO - [2025-10-13T12:23:27.242+0000] {dag.py:3047} INFO - Sync 1 DAGs
[2025-10-13T12:23:27.362+0000] {logging_mixin.py:188} INFO - [2025-10-13T12:23:27.361+0000] {dag.py:3834} INFO - Setting next_dagrun for extract_open_meteo_v2 to 2025-10-12 22:00:00+00:00, run_after=2025-10-13 22:00:00+00:00
[2025-10-13T12:23:27.416+0000] {processor.py:183} INFO - Processing /opt/airflow/dags/extract_open_meteo_dag.py took 0.470 seconds
[2025-10-13T12:23:57.727+0000] {processor.py:161} INFO - Started process (PID=10999) to work on /opt/airflow/dags/extract_open_meteo_dag.py
[2025-10-13T12:23:57.729+0000] {processor.py:830} INFO - Processing file /opt/airflow/dags/extract_open_meteo_dag.py for tasks to queue
[2025-10-13T12:23:57.730+0000] {logging_mixin.py:188} INFO - [2025-10-13T12:23:57.730+0000] {dagbag.py:540} INFO - Filling up the DagBag from /opt/airflow/dags/extract_open_meteo_dag.py
[2025-10-13T12:23:57.762+0000] {processor.py:840} INFO - DAG(s) 'extract_open_meteo_v2' retrieved from /opt/airflow/dags/extract_open_meteo_dag.py
[2025-10-13T12:23:57.836+0000] {logging_mixin.py:188} INFO - [2025-10-13T12:23:57.836+0000] {dag.py:3047} INFO - Sync 1 DAGs
[2025-10-13T12:23:57.900+0000] {logging_mixin.py:188} INFO - [2025-10-13T12:23:57.899+0000] {dag.py:3834} INFO - Setting next_dagrun for extract_open_meteo_v2 to 2025-10-12 22:00:00+00:00, run_after=2025-10-13 22:00:00+00:00
[2025-10-13T12:23:58.034+0000] {processor.py:183} INFO - Processing /opt/airflow/dags/extract_open_meteo_dag.py took 0.311 seconds
[2025-10-13T12:24:28.820+0000] {processor.py:161} INFO - Started process (PID=11014) to work on /opt/airflow/dags/extract_open_meteo_dag.py
[2025-10-13T12:24:28.822+0000] {processor.py:830} INFO - Processing file /opt/airflow/dags/extract_open_meteo_dag.py for tasks to queue
[2025-10-13T12:24:28.824+0000] {logging_mixin.py:188} INFO - [2025-10-13T12:24:28.823+0000] {dagbag.py:540} INFO - Filling up the DagBag from /opt/airflow/dags/extract_open_meteo_dag.py
[2025-10-13T12:24:28.853+0000] {processor.py:840} INFO - DAG(s) 'extract_open_meteo_v2' retrieved from /opt/airflow/dags/extract_open_meteo_dag.py
[2025-10-13T12:24:28.919+0000] {logging_mixin.py:188} INFO - [2025-10-13T12:24:28.919+0000] {dag.py:3047} INFO - Sync 1 DAGs
[2025-10-13T12:24:28.967+0000] {logging_mixin.py:188} INFO - [2025-10-13T12:24:28.966+0000] {dag.py:3834} INFO - Setting next_dagrun for extract_open_meteo_v2 to 2025-10-12 22:00:00+00:00, run_after=2025-10-13 22:00:00+00:00
[2025-10-13T12:24:29.020+0000] {processor.py:183} INFO - Processing /opt/airflow/dags/extract_open_meteo_dag.py took 0.204 seconds
[2025-10-13T12:24:59.443+0000] {processor.py:161} INFO - Started process (PID=11029) to work on /opt/airflow/dags/extract_open_meteo_dag.py
[2025-10-13T12:24:59.445+0000] {processor.py:830} INFO - Processing file /opt/airflow/dags/extract_open_meteo_dag.py for tasks to queue
[2025-10-13T12:24:59.447+0000] {logging_mixin.py:188} INFO - [2025-10-13T12:24:59.447+0000] {dagbag.py:540} INFO - Filling up the DagBag from /opt/airflow/dags/extract_open_meteo_dag.py
[2025-10-13T12:24:59.472+0000] {processor.py:840} INFO - DAG(s) 'extract_open_meteo_v2' retrieved from /opt/airflow/dags/extract_open_meteo_dag.py
[2025-10-13T12:24:59.532+0000] {logging_mixin.py:188} INFO - [2025-10-13T12:24:59.532+0000] {dag.py:3047} INFO - Sync 1 DAGs
[2025-10-13T12:24:59.573+0000] {logging_mixin.py:188} INFO - [2025-10-13T12:24:59.573+0000] {dag.py:3834} INFO - Setting next_dagrun for extract_open_meteo_v2 to 2025-10-12 22:00:00+00:00, run_after=2025-10-13 22:00:00+00:00
[2025-10-13T12:24:59.622+0000] {processor.py:183} INFO - Processing /opt/airflow/dags/extract_open_meteo_dag.py took 0.181 seconds
[2025-10-13T12:25:30.092+0000] {processor.py:161} INFO - Started process (PID=11044) to work on /opt/airflow/dags/extract_open_meteo_dag.py
[2025-10-13T12:25:30.093+0000] {processor.py:830} INFO - Processing file /opt/airflow/dags/extract_open_meteo_dag.py for tasks to queue
[2025-10-13T12:25:30.094+0000] {logging_mixin.py:188} INFO - [2025-10-13T12:25:30.094+0000] {dagbag.py:540} INFO - Filling up the DagBag from /opt/airflow/dags/extract_open_meteo_dag.py
[2025-10-13T12:25:30.131+0000] {processor.py:840} INFO - DAG(s) 'extract_open_meteo_v2' retrieved from /opt/airflow/dags/extract_open_meteo_dag.py
[2025-10-13T12:25:30.262+0000] {logging_mixin.py:188} INFO - [2025-10-13T12:25:30.261+0000] {dag.py:3047} INFO - Sync 1 DAGs
[2025-10-13T12:25:30.445+0000] {logging_mixin.py:188} INFO - [2025-10-13T12:25:30.445+0000] {dag.py:3834} INFO - Setting next_dagrun for extract_open_meteo_v2 to 2025-10-12 22:00:00+00:00, run_after=2025-10-13 22:00:00+00:00
[2025-10-13T12:25:30.626+0000] {processor.py:183} INFO - Processing /opt/airflow/dags/extract_open_meteo_dag.py took 0.538 seconds
[2025-10-13T12:26:00.930+0000] {processor.py:161} INFO - Started process (PID=11059) to work on /opt/airflow/dags/extract_open_meteo_dag.py
[2025-10-13T12:26:00.940+0000] {processor.py:830} INFO - Processing file /opt/airflow/dags/extract_open_meteo_dag.py for tasks to queue
[2025-10-13T12:26:00.944+0000] {logging_mixin.py:188} INFO - [2025-10-13T12:26:00.943+0000] {dagbag.py:540} INFO - Filling up the DagBag from /opt/airflow/dags/extract_open_meteo_dag.py
[2025-10-13T12:26:01.010+0000] {processor.py:840} INFO - DAG(s) 'extract_open_meteo_v2' retrieved from /opt/airflow/dags/extract_open_meteo_dag.py
[2025-10-13T12:26:01.139+0000] {logging_mixin.py:188} INFO - [2025-10-13T12:26:01.138+0000] {dag.py:3047} INFO - Sync 1 DAGs
[2025-10-13T12:26:01.204+0000] {logging_mixin.py:188} INFO - [2025-10-13T12:26:01.203+0000] {dag.py:3834} INFO - Setting next_dagrun for extract_open_meteo_v2 to 2025-10-12 22:00:00+00:00, run_after=2025-10-13 22:00:00+00:00
[2025-10-13T12:26:01.331+0000] {processor.py:183} INFO - Processing /opt/airflow/dags/extract_open_meteo_dag.py took 0.408 seconds
[2025-10-13T12:26:32.097+0000] {processor.py:161} INFO - Started process (PID=11074) to work on /opt/airflow/dags/extract_open_meteo_dag.py
[2025-10-13T12:26:32.101+0000] {processor.py:830} INFO - Processing file /opt/airflow/dags/extract_open_meteo_dag.py for tasks to queue
[2025-10-13T12:26:32.103+0000] {logging_mixin.py:188} INFO - [2025-10-13T12:26:32.102+0000] {dagbag.py:540} INFO - Filling up the DagBag from /opt/airflow/dags/extract_open_meteo_dag.py
[2025-10-13T12:26:32.149+0000] {processor.py:840} INFO - DAG(s) 'extract_open_meteo_v2' retrieved from /opt/airflow/dags/extract_open_meteo_dag.py
[2025-10-13T12:26:32.218+0000] {logging_mixin.py:188} INFO - [2025-10-13T12:26:32.218+0000] {dag.py:3047} INFO - Sync 1 DAGs
[2025-10-13T12:26:32.269+0000] {logging_mixin.py:188} INFO - [2025-10-13T12:26:32.269+0000] {dag.py:3834} INFO - Setting next_dagrun for extract_open_meteo_v2 to 2025-10-12 22:00:00+00:00, run_after=2025-10-13 22:00:00+00:00
[2025-10-13T12:26:32.330+0000] {processor.py:183} INFO - Processing /opt/airflow/dags/extract_open_meteo_dag.py took 0.236 seconds
[2025-10-13T12:27:03.004+0000] {processor.py:161} INFO - Started process (PID=11089) to work on /opt/airflow/dags/extract_open_meteo_dag.py
[2025-10-13T12:27:03.006+0000] {processor.py:830} INFO - Processing file /opt/airflow/dags/extract_open_meteo_dag.py for tasks to queue
[2025-10-13T12:27:03.008+0000] {logging_mixin.py:188} INFO - [2025-10-13T12:27:03.007+0000] {dagbag.py:540} INFO - Filling up the DagBag from /opt/airflow/dags/extract_open_meteo_dag.py
[2025-10-13T12:27:03.033+0000] {processor.py:840} INFO - DAG(s) 'extract_open_meteo_v2' retrieved from /opt/airflow/dags/extract_open_meteo_dag.py
[2025-10-13T12:27:03.097+0000] {logging_mixin.py:188} INFO - [2025-10-13T12:27:03.096+0000] {dag.py:3047} INFO - Sync 1 DAGs
[2025-10-13T12:27:03.261+0000] {logging_mixin.py:188} INFO - [2025-10-13T12:27:03.260+0000] {dag.py:3834} INFO - Setting next_dagrun for extract_open_meteo_v2 to 2025-10-12 22:00:00+00:00, run_after=2025-10-13 22:00:00+00:00
[2025-10-13T12:27:03.406+0000] {processor.py:183} INFO - Processing /opt/airflow/dags/extract_open_meteo_dag.py took 0.410 seconds
[2025-10-13T12:27:33.764+0000] {processor.py:161} INFO - Started process (PID=11104) to work on /opt/airflow/dags/extract_open_meteo_dag.py
[2025-10-13T12:27:33.766+0000] {processor.py:830} INFO - Processing file /opt/airflow/dags/extract_open_meteo_dag.py for tasks to queue
[2025-10-13T12:27:33.768+0000] {logging_mixin.py:188} INFO - [2025-10-13T12:27:33.768+0000] {dagbag.py:540} INFO - Filling up the DagBag from /opt/airflow/dags/extract_open_meteo_dag.py
[2025-10-13T12:27:33.801+0000] {processor.py:840} INFO - DAG(s) 'extract_open_meteo_v2' retrieved from /opt/airflow/dags/extract_open_meteo_dag.py
[2025-10-13T12:27:33.880+0000] {logging_mixin.py:188} INFO - [2025-10-13T12:27:33.879+0000] {dag.py:3047} INFO - Sync 1 DAGs
[2025-10-13T12:27:33.931+0000] {logging_mixin.py:188} INFO - [2025-10-13T12:27:33.931+0000] {dag.py:3834} INFO - Setting next_dagrun for extract_open_meteo_v2 to 2025-10-12 22:00:00+00:00, run_after=2025-10-13 22:00:00+00:00
[2025-10-13T12:27:33.993+0000] {processor.py:183} INFO - Processing /opt/airflow/dags/extract_open_meteo_dag.py took 0.233 seconds
[2025-10-13T12:28:04.495+0000] {processor.py:161} INFO - Started process (PID=11119) to work on /opt/airflow/dags/extract_open_meteo_dag.py
[2025-10-13T12:28:04.497+0000] {processor.py:830} INFO - Processing file /opt/airflow/dags/extract_open_meteo_dag.py for tasks to queue
[2025-10-13T12:28:04.499+0000] {logging_mixin.py:188} INFO - [2025-10-13T12:28:04.498+0000] {dagbag.py:540} INFO - Filling up the DagBag from /opt/airflow/dags/extract_open_meteo_dag.py
[2025-10-13T12:28:04.525+0000] {processor.py:840} INFO - DAG(s) 'extract_open_meteo_v2' retrieved from /opt/airflow/dags/extract_open_meteo_dag.py
[2025-10-13T12:28:04.584+0000] {logging_mixin.py:188} INFO - [2025-10-13T12:28:04.584+0000] {dag.py:3047} INFO - Sync 1 DAGs
[2025-10-13T12:28:04.626+0000] {logging_mixin.py:188} INFO - [2025-10-13T12:28:04.625+0000] {dag.py:3834} INFO - Setting next_dagrun for extract_open_meteo_v2 to 2025-10-12 22:00:00+00:00, run_after=2025-10-13 22:00:00+00:00
[2025-10-13T12:28:04.681+0000] {processor.py:183} INFO - Processing /opt/airflow/dags/extract_open_meteo_dag.py took 0.188 seconds
[2025-10-13T12:28:35.387+0000] {processor.py:161} INFO - Started process (PID=11134) to work on /opt/airflow/dags/extract_open_meteo_dag.py
[2025-10-13T12:28:35.389+0000] {processor.py:830} INFO - Processing file /opt/airflow/dags/extract_open_meteo_dag.py for tasks to queue
[2025-10-13T12:28:35.390+0000] {logging_mixin.py:188} INFO - [2025-10-13T12:28:35.390+0000] {dagbag.py:540} INFO - Filling up the DagBag from /opt/airflow/dags/extract_open_meteo_dag.py
[2025-10-13T12:28:35.416+0000] {processor.py:840} INFO - DAG(s) 'extract_open_meteo_v2' retrieved from /opt/airflow/dags/extract_open_meteo_dag.py
[2025-10-13T12:28:35.492+0000] {logging_mixin.py:188} INFO - [2025-10-13T12:28:35.491+0000] {dag.py:3047} INFO - Sync 1 DAGs
[2025-10-13T12:28:35.553+0000] {logging_mixin.py:188} INFO - [2025-10-13T12:28:35.552+0000] {dag.py:3834} INFO - Setting next_dagrun for extract_open_meteo_v2 to 2025-10-12 22:00:00+00:00, run_after=2025-10-13 22:00:00+00:00
[2025-10-13T12:28:35.627+0000] {processor.py:183} INFO - Processing /opt/airflow/dags/extract_open_meteo_dag.py took 0.243 seconds
[2025-10-13T12:29:06.107+0000] {processor.py:161} INFO - Started process (PID=11149) to work on /opt/airflow/dags/extract_open_meteo_dag.py
[2025-10-13T12:29:06.108+0000] {processor.py:830} INFO - Processing file /opt/airflow/dags/extract_open_meteo_dag.py for tasks to queue
[2025-10-13T12:29:06.109+0000] {logging_mixin.py:188} INFO - [2025-10-13T12:29:06.109+0000] {dagbag.py:540} INFO - Filling up the DagBag from /opt/airflow/dags/extract_open_meteo_dag.py
[2025-10-13T12:29:06.135+0000] {processor.py:840} INFO - DAG(s) 'extract_open_meteo_v2' retrieved from /opt/airflow/dags/extract_open_meteo_dag.py
[2025-10-13T12:29:06.201+0000] {logging_mixin.py:188} INFO - [2025-10-13T12:29:06.201+0000] {dag.py:3047} INFO - Sync 1 DAGs
[2025-10-13T12:29:06.242+0000] {logging_mixin.py:188} INFO - [2025-10-13T12:29:06.242+0000] {dag.py:3834} INFO - Setting next_dagrun for extract_open_meteo_v2 to 2025-10-12 22:00:00+00:00, run_after=2025-10-13 22:00:00+00:00
[2025-10-13T12:29:06.302+0000] {processor.py:183} INFO - Processing /opt/airflow/dags/extract_open_meteo_dag.py took 0.199 seconds
[2025-10-13T12:29:36.667+0000] {processor.py:161} INFO - Started process (PID=11164) to work on /opt/airflow/dags/extract_open_meteo_dag.py
[2025-10-13T12:29:36.668+0000] {processor.py:830} INFO - Processing file /opt/airflow/dags/extract_open_meteo_dag.py for tasks to queue
[2025-10-13T12:29:36.670+0000] {logging_mixin.py:188} INFO - [2025-10-13T12:29:36.669+0000] {dagbag.py:540} INFO - Filling up the DagBag from /opt/airflow/dags/extract_open_meteo_dag.py
[2025-10-13T12:29:36.694+0000] {processor.py:840} INFO - DAG(s) 'extract_open_meteo_v2' retrieved from /opt/airflow/dags/extract_open_meteo_dag.py
[2025-10-13T12:29:36.940+0000] {logging_mixin.py:188} INFO - [2025-10-13T12:29:36.939+0000] {dag.py:3047} INFO - Sync 1 DAGs
[2025-10-13T12:29:36.995+0000] {logging_mixin.py:188} INFO - [2025-10-13T12:29:36.995+0000] {dag.py:3834} INFO - Setting next_dagrun for extract_open_meteo_v2 to 2025-10-12 22:00:00+00:00, run_after=2025-10-13 22:00:00+00:00
[2025-10-13T12:29:37.066+0000] {processor.py:183} INFO - Processing /opt/airflow/dags/extract_open_meteo_dag.py took 0.402 seconds
[2025-10-13T12:30:07.450+0000] {processor.py:161} INFO - Started process (PID=11179) to work on /opt/airflow/dags/extract_open_meteo_dag.py
[2025-10-13T12:30:07.451+0000] {processor.py:830} INFO - Processing file /opt/airflow/dags/extract_open_meteo_dag.py for tasks to queue
[2025-10-13T12:30:07.453+0000] {logging_mixin.py:188} INFO - [2025-10-13T12:30:07.452+0000] {dagbag.py:540} INFO - Filling up the DagBag from /opt/airflow/dags/extract_open_meteo_dag.py
[2025-10-13T12:30:07.485+0000] {processor.py:840} INFO - DAG(s) 'extract_open_meteo_v2' retrieved from /opt/airflow/dags/extract_open_meteo_dag.py
[2025-10-13T12:30:07.548+0000] {logging_mixin.py:188} INFO - [2025-10-13T12:30:07.548+0000] {dag.py:3047} INFO - Sync 1 DAGs
[2025-10-13T12:30:07.596+0000] {logging_mixin.py:188} INFO - [2025-10-13T12:30:07.595+0000] {dag.py:3834} INFO - Setting next_dagrun for extract_open_meteo_v2 to 2025-10-12 22:00:00+00:00, run_after=2025-10-13 22:00:00+00:00
[2025-10-13T12:30:07.645+0000] {processor.py:183} INFO - Processing /opt/airflow/dags/extract_open_meteo_dag.py took 0.198 seconds
[2025-10-13T12:30:38.280+0000] {processor.py:161} INFO - Started process (PID=11194) to work on /opt/airflow/dags/extract_open_meteo_dag.py
[2025-10-13T12:30:38.281+0000] {processor.py:830} INFO - Processing file /opt/airflow/dags/extract_open_meteo_dag.py for tasks to queue
[2025-10-13T12:30:38.283+0000] {logging_mixin.py:188} INFO - [2025-10-13T12:30:38.283+0000] {dagbag.py:540} INFO - Filling up the DagBag from /opt/airflow/dags/extract_open_meteo_dag.py
[2025-10-13T12:30:38.310+0000] {processor.py:840} INFO - DAG(s) 'extract_open_meteo_v2' retrieved from /opt/airflow/dags/extract_open_meteo_dag.py
[2025-10-13T12:30:38.370+0000] {logging_mixin.py:188} INFO - [2025-10-13T12:30:38.370+0000] {dag.py:3047} INFO - Sync 1 DAGs
[2025-10-13T12:30:38.411+0000] {logging_mixin.py:188} INFO - [2025-10-13T12:30:38.411+0000] {dag.py:3834} INFO - Setting next_dagrun for extract_open_meteo_v2 to 2025-10-12 22:00:00+00:00, run_after=2025-10-13 22:00:00+00:00
[2025-10-13T12:30:38.466+0000] {processor.py:183} INFO - Processing /opt/airflow/dags/extract_open_meteo_dag.py took 0.189 seconds
[2025-10-13T12:31:08.968+0000] {processor.py:161} INFO - Started process (PID=11209) to work on /opt/airflow/dags/extract_open_meteo_dag.py
[2025-10-13T12:31:08.970+0000] {processor.py:830} INFO - Processing file /opt/airflow/dags/extract_open_meteo_dag.py for tasks to queue
[2025-10-13T12:31:08.971+0000] {logging_mixin.py:188} INFO - [2025-10-13T12:31:08.971+0000] {dagbag.py:540} INFO - Filling up the DagBag from /opt/airflow/dags/extract_open_meteo_dag.py
[2025-10-13T12:31:08.998+0000] {processor.py:840} INFO - DAG(s) 'extract_open_meteo_v2' retrieved from /opt/airflow/dags/extract_open_meteo_dag.py
[2025-10-13T12:31:09.055+0000] {logging_mixin.py:188} INFO - [2025-10-13T12:31:09.055+0000] {dag.py:3047} INFO - Sync 1 DAGs
[2025-10-13T12:31:09.097+0000] {logging_mixin.py:188} INFO - [2025-10-13T12:31:09.097+0000] {dag.py:3834} INFO - Setting next_dagrun for extract_open_meteo_v2 to 2025-10-12 22:00:00+00:00, run_after=2025-10-13 22:00:00+00:00
[2025-10-13T12:31:09.151+0000] {processor.py:183} INFO - Processing /opt/airflow/dags/extract_open_meteo_dag.py took 0.185 seconds
[2025-10-13T12:31:39.606+0000] {processor.py:161} INFO - Started process (PID=11224) to work on /opt/airflow/dags/extract_open_meteo_dag.py
[2025-10-13T12:31:39.608+0000] {processor.py:830} INFO - Processing file /opt/airflow/dags/extract_open_meteo_dag.py for tasks to queue
[2025-10-13T12:31:39.610+0000] {logging_mixin.py:188} INFO - [2025-10-13T12:31:39.609+0000] {dagbag.py:540} INFO - Filling up the DagBag from /opt/airflow/dags/extract_open_meteo_dag.py
[2025-10-13T12:31:39.638+0000] {processor.py:840} INFO - DAG(s) 'extract_open_meteo_v2' retrieved from /opt/airflow/dags/extract_open_meteo_dag.py
[2025-10-13T12:31:39.699+0000] {logging_mixin.py:188} INFO - [2025-10-13T12:31:39.699+0000] {dag.py:3047} INFO - Sync 1 DAGs
[2025-10-13T12:31:39.750+0000] {logging_mixin.py:188} INFO - [2025-10-13T12:31:39.749+0000] {dag.py:3834} INFO - Setting next_dagrun for extract_open_meteo_v2 to 2025-10-12 22:00:00+00:00, run_after=2025-10-13 22:00:00+00:00
[2025-10-13T12:31:39.813+0000] {processor.py:183} INFO - Processing /opt/airflow/dags/extract_open_meteo_dag.py took 0.210 seconds
[2025-10-13T12:32:10.569+0000] {processor.py:161} INFO - Started process (PID=11239) to work on /opt/airflow/dags/extract_open_meteo_dag.py
[2025-10-13T12:32:10.571+0000] {processor.py:830} INFO - Processing file /opt/airflow/dags/extract_open_meteo_dag.py for tasks to queue
[2025-10-13T12:32:10.573+0000] {logging_mixin.py:188} INFO - [2025-10-13T12:32:10.573+0000] {dagbag.py:540} INFO - Filling up the DagBag from /opt/airflow/dags/extract_open_meteo_dag.py
[2025-10-13T12:32:10.601+0000] {processor.py:840} INFO - DAG(s) 'extract_open_meteo_v2' retrieved from /opt/airflow/dags/extract_open_meteo_dag.py
[2025-10-13T12:32:10.664+0000] {logging_mixin.py:188} INFO - [2025-10-13T12:32:10.664+0000] {dag.py:3047} INFO - Sync 1 DAGs
[2025-10-13T12:32:10.712+0000] {logging_mixin.py:188} INFO - [2025-10-13T12:32:10.711+0000] {dag.py:3834} INFO - Setting next_dagrun for extract_open_meteo_v2 to 2025-10-12 22:00:00+00:00, run_after=2025-10-13 22:00:00+00:00
[2025-10-13T12:32:10.767+0000] {processor.py:183} INFO - Processing /opt/airflow/dags/extract_open_meteo_dag.py took 0.200 seconds
[2025-10-13T12:32:41.209+0000] {processor.py:161} INFO - Started process (PID=11254) to work on /opt/airflow/dags/extract_open_meteo_dag.py
[2025-10-13T12:32:41.210+0000] {processor.py:830} INFO - Processing file /opt/airflow/dags/extract_open_meteo_dag.py for tasks to queue
[2025-10-13T12:32:41.212+0000] {logging_mixin.py:188} INFO - [2025-10-13T12:32:41.212+0000] {dagbag.py:540} INFO - Filling up the DagBag from /opt/airflow/dags/extract_open_meteo_dag.py
[2025-10-13T12:32:41.247+0000] {processor.py:840} INFO - DAG(s) 'extract_open_meteo_v2' retrieved from /opt/airflow/dags/extract_open_meteo_dag.py
[2025-10-13T12:32:41.338+0000] {logging_mixin.py:188} INFO - [2025-10-13T12:32:41.338+0000] {dag.py:3047} INFO - Sync 1 DAGs
[2025-10-13T12:32:41.416+0000] {logging_mixin.py:188} INFO - [2025-10-13T12:32:41.415+0000] {dag.py:3834} INFO - Setting next_dagrun for extract_open_meteo_v2 to 2025-10-12 22:00:00+00:00, run_after=2025-10-13 22:00:00+00:00
[2025-10-13T12:32:41.502+0000] {processor.py:183} INFO - Processing /opt/airflow/dags/extract_open_meteo_dag.py took 0.297 seconds
[2025-10-13T12:33:11.952+0000] {processor.py:161} INFO - Started process (PID=11269) to work on /opt/airflow/dags/extract_open_meteo_dag.py
[2025-10-13T12:33:11.954+0000] {processor.py:830} INFO - Processing file /opt/airflow/dags/extract_open_meteo_dag.py for tasks to queue
[2025-10-13T12:33:11.956+0000] {logging_mixin.py:188} INFO - [2025-10-13T12:33:11.955+0000] {dagbag.py:540} INFO - Filling up the DagBag from /opt/airflow/dags/extract_open_meteo_dag.py
[2025-10-13T12:33:11.982+0000] {processor.py:840} INFO - DAG(s) 'extract_open_meteo_v2' retrieved from /opt/airflow/dags/extract_open_meteo_dag.py
[2025-10-13T12:33:12.044+0000] {logging_mixin.py:188} INFO - [2025-10-13T12:33:12.044+0000] {dag.py:3047} INFO - Sync 1 DAGs
[2025-10-13T12:33:12.091+0000] {logging_mixin.py:188} INFO - [2025-10-13T12:33:12.091+0000] {dag.py:3834} INFO - Setting next_dagrun for extract_open_meteo_v2 to 2025-10-12 22:00:00+00:00, run_after=2025-10-13 22:00:00+00:00
[2025-10-13T12:33:12.171+0000] {processor.py:183} INFO - Processing /opt/airflow/dags/extract_open_meteo_dag.py took 0.222 seconds
[2025-10-13T12:33:43.021+0000] {processor.py:161} INFO - Started process (PID=11284) to work on /opt/airflow/dags/extract_open_meteo_dag.py
[2025-10-13T12:33:43.023+0000] {processor.py:830} INFO - Processing file /opt/airflow/dags/extract_open_meteo_dag.py for tasks to queue
[2025-10-13T12:33:43.024+0000] {logging_mixin.py:188} INFO - [2025-10-13T12:33:43.024+0000] {dagbag.py:540} INFO - Filling up the DagBag from /opt/airflow/dags/extract_open_meteo_dag.py
[2025-10-13T12:33:43.056+0000] {processor.py:840} INFO - DAG(s) 'extract_open_meteo_v2' retrieved from /opt/airflow/dags/extract_open_meteo_dag.py
[2025-10-13T12:33:43.130+0000] {logging_mixin.py:188} INFO - [2025-10-13T12:33:43.130+0000] {dag.py:3047} INFO - Sync 1 DAGs
[2025-10-13T12:33:43.188+0000] {logging_mixin.py:188} INFO - [2025-10-13T12:33:43.188+0000] {dag.py:3834} INFO - Setting next_dagrun for extract_open_meteo_v2 to 2025-10-12 22:00:00+00:00, run_after=2025-10-13 22:00:00+00:00
[2025-10-13T12:33:43.251+0000] {processor.py:183} INFO - Processing /opt/airflow/dags/extract_open_meteo_dag.py took 0.232 seconds
[2025-10-13T12:34:13.813+0000] {processor.py:161} INFO - Started process (PID=11299) to work on /opt/airflow/dags/extract_open_meteo_dag.py
[2025-10-13T12:34:13.816+0000] {processor.py:830} INFO - Processing file /opt/airflow/dags/extract_open_meteo_dag.py for tasks to queue
[2025-10-13T12:34:13.818+0000] {logging_mixin.py:188} INFO - [2025-10-13T12:34:13.817+0000] {dagbag.py:540} INFO - Filling up the DagBag from /opt/airflow/dags/extract_open_meteo_dag.py
[2025-10-13T12:34:13.865+0000] {processor.py:840} INFO - DAG(s) 'extract_open_meteo_v2' retrieved from /opt/airflow/dags/extract_open_meteo_dag.py
[2025-10-13T12:34:13.959+0000] {logging_mixin.py:188} INFO - [2025-10-13T12:34:13.958+0000] {dag.py:3047} INFO - Sync 1 DAGs
[2025-10-13T12:34:14.018+0000] {logging_mixin.py:188} INFO - [2025-10-13T12:34:14.017+0000] {dag.py:3834} INFO - Setting next_dagrun for extract_open_meteo_v2 to 2025-10-12 22:00:00+00:00, run_after=2025-10-13 22:00:00+00:00
[2025-10-13T12:34:14.096+0000] {processor.py:183} INFO - Processing /opt/airflow/dags/extract_open_meteo_dag.py took 0.292 seconds
[2025-10-13T12:34:44.564+0000] {processor.py:161} INFO - Started process (PID=11314) to work on /opt/airflow/dags/extract_open_meteo_dag.py
[2025-10-13T12:34:44.565+0000] {processor.py:830} INFO - Processing file /opt/airflow/dags/extract_open_meteo_dag.py for tasks to queue
[2025-10-13T12:34:44.567+0000] {logging_mixin.py:188} INFO - [2025-10-13T12:34:44.566+0000] {dagbag.py:540} INFO - Filling up the DagBag from /opt/airflow/dags/extract_open_meteo_dag.py
[2025-10-13T12:34:44.598+0000] {processor.py:840} INFO - DAG(s) 'extract_open_meteo_v2' retrieved from /opt/airflow/dags/extract_open_meteo_dag.py
[2025-10-13T12:34:44.665+0000] {logging_mixin.py:188} INFO - [2025-10-13T12:34:44.664+0000] {dag.py:3047} INFO - Sync 1 DAGs
[2025-10-13T12:34:44.712+0000] {logging_mixin.py:188} INFO - [2025-10-13T12:34:44.712+0000] {dag.py:3834} INFO - Setting next_dagrun for extract_open_meteo_v2 to 2025-10-12 22:00:00+00:00, run_after=2025-10-13 22:00:00+00:00
[2025-10-13T12:34:44.786+0000] {processor.py:183} INFO - Processing /opt/airflow/dags/extract_open_meteo_dag.py took 0.226 seconds
[2025-10-13T12:35:15.490+0000] {processor.py:161} INFO - Started process (PID=11329) to work on /opt/airflow/dags/extract_open_meteo_dag.py
[2025-10-13T12:35:15.549+0000] {processor.py:830} INFO - Processing file /opt/airflow/dags/extract_open_meteo_dag.py for tasks to queue
[2025-10-13T12:35:15.551+0000] {logging_mixin.py:188} INFO - [2025-10-13T12:35:15.550+0000] {dagbag.py:540} INFO - Filling up the DagBag from /opt/airflow/dags/extract_open_meteo_dag.py
[2025-10-13T12:35:15.667+0000] {processor.py:840} INFO - DAG(s) 'extract_open_meteo_v2' retrieved from /opt/airflow/dags/extract_open_meteo_dag.py
[2025-10-13T12:35:15.744+0000] {logging_mixin.py:188} INFO - [2025-10-13T12:35:15.743+0000] {dag.py:3047} INFO - Sync 1 DAGs
[2025-10-13T12:35:15.790+0000] {logging_mixin.py:188} INFO - [2025-10-13T12:35:15.790+0000] {dag.py:3834} INFO - Setting next_dagrun for extract_open_meteo_v2 to 2025-10-12 22:00:00+00:00, run_after=2025-10-13 22:00:00+00:00
[2025-10-13T12:35:15.897+0000] {processor.py:183} INFO - Processing /opt/airflow/dags/extract_open_meteo_dag.py took 0.410 seconds
[2025-10-13T12:35:46.291+0000] {processor.py:161} INFO - Started process (PID=11344) to work on /opt/airflow/dags/extract_open_meteo_dag.py
[2025-10-13T12:35:46.292+0000] {processor.py:830} INFO - Processing file /opt/airflow/dags/extract_open_meteo_dag.py for tasks to queue
[2025-10-13T12:35:46.295+0000] {logging_mixin.py:188} INFO - [2025-10-13T12:35:46.294+0000] {dagbag.py:540} INFO - Filling up the DagBag from /opt/airflow/dags/extract_open_meteo_dag.py
[2025-10-13T12:35:46.337+0000] {processor.py:840} INFO - DAG(s) 'extract_open_meteo_v2' retrieved from /opt/airflow/dags/extract_open_meteo_dag.py
[2025-10-13T12:35:47.480+0000] {logging_mixin.py:188} INFO - [2025-10-13T12:35:47.479+0000] {dag.py:3047} INFO - Sync 1 DAGs
[2025-10-13T12:35:47.523+0000] {logging_mixin.py:188} INFO - [2025-10-13T12:35:47.523+0000] {dag.py:3834} INFO - Setting next_dagrun for extract_open_meteo_v2 to 2025-10-12 22:00:00+00:00, run_after=2025-10-13 22:00:00+00:00
[2025-10-13T12:35:48.145+0000] {processor.py:183} INFO - Processing /opt/airflow/dags/extract_open_meteo_dag.py took 1.859 seconds
[2025-10-13T12:36:18.990+0000] {processor.py:161} INFO - Started process (PID=11359) to work on /opt/airflow/dags/extract_open_meteo_dag.py
[2025-10-13T12:36:18.992+0000] {processor.py:830} INFO - Processing file /opt/airflow/dags/extract_open_meteo_dag.py for tasks to queue
[2025-10-13T12:36:18.994+0000] {logging_mixin.py:188} INFO - [2025-10-13T12:36:18.993+0000] {dagbag.py:540} INFO - Filling up the DagBag from /opt/airflow/dags/extract_open_meteo_dag.py
[2025-10-13T12:36:19.024+0000] {processor.py:840} INFO - DAG(s) 'extract_open_meteo_v2' retrieved from /opt/airflow/dags/extract_open_meteo_dag.py
[2025-10-13T12:36:19.089+0000] {logging_mixin.py:188} INFO - [2025-10-13T12:36:19.089+0000] {dag.py:3047} INFO - Sync 1 DAGs
[2025-10-13T12:36:19.133+0000] {logging_mixin.py:188} INFO - [2025-10-13T12:36:19.132+0000] {dag.py:3834} INFO - Setting next_dagrun for extract_open_meteo_v2 to 2025-10-12 22:00:00+00:00, run_after=2025-10-13 22:00:00+00:00
[2025-10-13T12:36:19.186+0000] {processor.py:183} INFO - Processing /opt/airflow/dags/extract_open_meteo_dag.py took 0.199 seconds
[2025-10-13T12:36:49.667+0000] {processor.py:161} INFO - Started process (PID=11374) to work on /opt/airflow/dags/extract_open_meteo_dag.py
[2025-10-13T12:36:49.669+0000] {processor.py:830} INFO - Processing file /opt/airflow/dags/extract_open_meteo_dag.py for tasks to queue
[2025-10-13T12:36:49.671+0000] {logging_mixin.py:188} INFO - [2025-10-13T12:36:49.670+0000] {dagbag.py:540} INFO - Filling up the DagBag from /opt/airflow/dags/extract_open_meteo_dag.py
[2025-10-13T12:36:49.700+0000] {processor.py:840} INFO - DAG(s) 'extract_open_meteo_v2' retrieved from /opt/airflow/dags/extract_open_meteo_dag.py
[2025-10-13T12:36:49.770+0000] {logging_mixin.py:188} INFO - [2025-10-13T12:36:49.769+0000] {dag.py:3047} INFO - Sync 1 DAGs
[2025-10-13T12:36:49.819+0000] {logging_mixin.py:188} INFO - [2025-10-13T12:36:49.819+0000] {dag.py:3834} INFO - Setting next_dagrun for extract_open_meteo_v2 to 2025-10-12 22:00:00+00:00, run_after=2025-10-13 22:00:00+00:00
[2025-10-13T12:36:49.880+0000] {processor.py:183} INFO - Processing /opt/airflow/dags/extract_open_meteo_dag.py took 0.215 seconds
[2025-10-13T12:37:20.313+0000] {processor.py:161} INFO - Started process (PID=11389) to work on /opt/airflow/dags/extract_open_meteo_dag.py
[2025-10-13T12:37:20.315+0000] {processor.py:830} INFO - Processing file /opt/airflow/dags/extract_open_meteo_dag.py for tasks to queue
[2025-10-13T12:37:20.316+0000] {logging_mixin.py:188} INFO - [2025-10-13T12:37:20.316+0000] {dagbag.py:540} INFO - Filling up the DagBag from /opt/airflow/dags/extract_open_meteo_dag.py
[2025-10-13T12:37:20.360+0000] {processor.py:840} INFO - DAG(s) 'extract_open_meteo_v2' retrieved from /opt/airflow/dags/extract_open_meteo_dag.py
[2025-10-13T12:37:20.425+0000] {logging_mixin.py:188} INFO - [2025-10-13T12:37:20.425+0000] {dag.py:3047} INFO - Sync 1 DAGs
[2025-10-13T12:37:20.472+0000] {logging_mixin.py:188} INFO - [2025-10-13T12:37:20.472+0000] {dag.py:3834} INFO - Setting next_dagrun for extract_open_meteo_v2 to 2025-10-12 22:00:00+00:00, run_after=2025-10-13 22:00:00+00:00
[2025-10-13T12:37:20.536+0000] {processor.py:183} INFO - Processing /opt/airflow/dags/extract_open_meteo_dag.py took 0.226 seconds
[2025-10-13T12:37:50.887+0000] {processor.py:161} INFO - Started process (PID=11404) to work on /opt/airflow/dags/extract_open_meteo_dag.py
[2025-10-13T12:37:50.889+0000] {processor.py:830} INFO - Processing file /opt/airflow/dags/extract_open_meteo_dag.py for tasks to queue
[2025-10-13T12:37:50.890+0000] {logging_mixin.py:188} INFO - [2025-10-13T12:37:50.890+0000] {dagbag.py:540} INFO - Filling up the DagBag from /opt/airflow/dags/extract_open_meteo_dag.py
[2025-10-13T12:37:50.918+0000] {processor.py:840} INFO - DAG(s) 'extract_open_meteo_v2' retrieved from /opt/airflow/dags/extract_open_meteo_dag.py
[2025-10-13T12:37:50.982+0000] {logging_mixin.py:188} INFO - [2025-10-13T12:37:50.982+0000] {dag.py:3047} INFO - Sync 1 DAGs
[2025-10-13T12:37:51.029+0000] {logging_mixin.py:188} INFO - [2025-10-13T12:37:51.029+0000] {dag.py:3834} INFO - Setting next_dagrun for extract_open_meteo_v2 to 2025-10-12 22:00:00+00:00, run_after=2025-10-13 22:00:00+00:00
[2025-10-13T12:37:51.083+0000] {processor.py:183} INFO - Processing /opt/airflow/dags/extract_open_meteo_dag.py took 0.200 seconds
[2025-10-13T12:38:21.784+0000] {processor.py:161} INFO - Started process (PID=11419) to work on /opt/airflow/dags/extract_open_meteo_dag.py
[2025-10-13T12:38:21.787+0000] {processor.py:830} INFO - Processing file /opt/airflow/dags/extract_open_meteo_dag.py for tasks to queue
[2025-10-13T12:38:21.790+0000] {logging_mixin.py:188} INFO - [2025-10-13T12:38:21.789+0000] {dagbag.py:540} INFO - Filling up the DagBag from /opt/airflow/dags/extract_open_meteo_dag.py
[2025-10-13T12:38:21.865+0000] {processor.py:840} INFO - DAG(s) 'extract_open_meteo_v2' retrieved from /opt/airflow/dags/extract_open_meteo_dag.py
[2025-10-13T12:38:22.211+0000] {logging_mixin.py:188} INFO - [2025-10-13T12:38:22.210+0000] {dag.py:3047} INFO - Sync 1 DAGs
[2025-10-13T12:38:22.287+0000] {logging_mixin.py:188} INFO - [2025-10-13T12:38:22.287+0000] {dag.py:3834} INFO - Setting next_dagrun for extract_open_meteo_v2 to 2025-10-12 22:00:00+00:00, run_after=2025-10-13 22:00:00+00:00
[2025-10-13T12:38:22.357+0000] {processor.py:183} INFO - Processing /opt/airflow/dags/extract_open_meteo_dag.py took 0.578 seconds
[2025-10-13T12:38:52.726+0000] {processor.py:161} INFO - Started process (PID=11434) to work on /opt/airflow/dags/extract_open_meteo_dag.py
[2025-10-13T12:38:52.728+0000] {processor.py:830} INFO - Processing file /opt/airflow/dags/extract_open_meteo_dag.py for tasks to queue
[2025-10-13T12:38:52.730+0000] {logging_mixin.py:188} INFO - [2025-10-13T12:38:52.729+0000] {dagbag.py:540} INFO - Filling up the DagBag from /opt/airflow/dags/extract_open_meteo_dag.py
[2025-10-13T12:38:52.756+0000] {processor.py:840} INFO - DAG(s) 'extract_open_meteo_v2' retrieved from /opt/airflow/dags/extract_open_meteo_dag.py
[2025-10-13T12:38:52.874+0000] {logging_mixin.py:188} INFO - [2025-10-13T12:38:52.873+0000] {dag.py:3047} INFO - Sync 1 DAGs
[2025-10-13T12:38:52.966+0000] {logging_mixin.py:188} INFO - [2025-10-13T12:38:52.966+0000] {dag.py:3834} INFO - Setting next_dagrun for extract_open_meteo_v2 to 2025-10-12 22:00:00+00:00, run_after=2025-10-13 22:00:00+00:00
[2025-10-13T12:38:53.479+0000] {processor.py:183} INFO - Processing /opt/airflow/dags/extract_open_meteo_dag.py took 0.756 seconds
[2025-10-13T12:39:24.183+0000] {processor.py:161} INFO - Started process (PID=11449) to work on /opt/airflow/dags/extract_open_meteo_dag.py
[2025-10-13T12:39:24.184+0000] {processor.py:830} INFO - Processing file /opt/airflow/dags/extract_open_meteo_dag.py for tasks to queue
[2025-10-13T12:39:24.186+0000] {logging_mixin.py:188} INFO - [2025-10-13T12:39:24.186+0000] {dagbag.py:540} INFO - Filling up the DagBag from /opt/airflow/dags/extract_open_meteo_dag.py
[2025-10-13T12:39:24.225+0000] {processor.py:840} INFO - DAG(s) 'extract_open_meteo_v2' retrieved from /opt/airflow/dags/extract_open_meteo_dag.py
[2025-10-13T12:39:24.286+0000] {logging_mixin.py:188} INFO - [2025-10-13T12:39:24.286+0000] {dag.py:3047} INFO - Sync 1 DAGs
[2025-10-13T12:39:24.330+0000] {logging_mixin.py:188} INFO - [2025-10-13T12:39:24.330+0000] {dag.py:3834} INFO - Setting next_dagrun for extract_open_meteo_v2 to 2025-10-12 22:00:00+00:00, run_after=2025-10-13 22:00:00+00:00
[2025-10-13T12:39:24.384+0000] {processor.py:183} INFO - Processing /opt/airflow/dags/extract_open_meteo_dag.py took 0.204 seconds
[2025-10-13T12:39:55.383+0000] {processor.py:161} INFO - Started process (PID=11464) to work on /opt/airflow/dags/extract_open_meteo_dag.py
[2025-10-13T12:39:55.385+0000] {processor.py:830} INFO - Processing file /opt/airflow/dags/extract_open_meteo_dag.py for tasks to queue
[2025-10-13T12:39:55.387+0000] {logging_mixin.py:188} INFO - [2025-10-13T12:39:55.387+0000] {dagbag.py:540} INFO - Filling up the DagBag from /opt/airflow/dags/extract_open_meteo_dag.py
[2025-10-13T12:39:55.516+0000] {processor.py:840} INFO - DAG(s) 'extract_open_meteo_v2' retrieved from /opt/airflow/dags/extract_open_meteo_dag.py
[2025-10-13T12:39:55.767+0000] {logging_mixin.py:188} INFO - [2025-10-13T12:39:55.766+0000] {dag.py:3047} INFO - Sync 1 DAGs
[2025-10-13T12:39:55.805+0000] {logging_mixin.py:188} INFO - [2025-10-13T12:39:55.805+0000] {dag.py:3834} INFO - Setting next_dagrun for extract_open_meteo_v2 to 2025-10-12 22:00:00+00:00, run_after=2025-10-13 22:00:00+00:00
[2025-10-13T12:39:56.169+0000] {processor.py:183} INFO - Processing /opt/airflow/dags/extract_open_meteo_dag.py took 0.789 seconds
[2025-10-13T12:40:26.770+0000] {processor.py:161} INFO - Started process (PID=11479) to work on /opt/airflow/dags/extract_open_meteo_dag.py
[2025-10-13T12:40:26.772+0000] {processor.py:830} INFO - Processing file /opt/airflow/dags/extract_open_meteo_dag.py for tasks to queue
[2025-10-13T12:40:26.774+0000] {logging_mixin.py:188} INFO - [2025-10-13T12:40:26.774+0000] {dagbag.py:540} INFO - Filling up the DagBag from /opt/airflow/dags/extract_open_meteo_dag.py
[2025-10-13T12:40:26.806+0000] {processor.py:840} INFO - DAG(s) 'extract_open_meteo_v2' retrieved from /opt/airflow/dags/extract_open_meteo_dag.py
[2025-10-13T12:40:26.868+0000] {logging_mixin.py:188} INFO - [2025-10-13T12:40:26.868+0000] {dag.py:3047} INFO - Sync 1 DAGs
[2025-10-13T12:40:26.913+0000] {logging_mixin.py:188} INFO - [2025-10-13T12:40:26.912+0000] {dag.py:3834} INFO - Setting next_dagrun for extract_open_meteo_v2 to 2025-10-12 22:00:00+00:00, run_after=2025-10-13 22:00:00+00:00
[2025-10-13T12:40:26.968+0000] {processor.py:183} INFO - Processing /opt/airflow/dags/extract_open_meteo_dag.py took 0.202 seconds
[2025-10-13T12:40:57.418+0000] {processor.py:161} INFO - Started process (PID=11494) to work on /opt/airflow/dags/extract_open_meteo_dag.py
[2025-10-13T12:40:57.419+0000] {processor.py:830} INFO - Processing file /opt/airflow/dags/extract_open_meteo_dag.py for tasks to queue
[2025-10-13T12:40:57.420+0000] {logging_mixin.py:188} INFO - [2025-10-13T12:40:57.420+0000] {dagbag.py:540} INFO - Filling up the DagBag from /opt/airflow/dags/extract_open_meteo_dag.py
[2025-10-13T12:40:57.446+0000] {processor.py:840} INFO - DAG(s) 'extract_open_meteo_v2' retrieved from /opt/airflow/dags/extract_open_meteo_dag.py
[2025-10-13T12:40:57.506+0000] {logging_mixin.py:188} INFO - [2025-10-13T12:40:57.506+0000] {dag.py:3047} INFO - Sync 1 DAGs
[2025-10-13T12:40:57.547+0000] {logging_mixin.py:188} INFO - [2025-10-13T12:40:57.547+0000] {dag.py:3834} INFO - Setting next_dagrun for extract_open_meteo_v2 to 2025-10-12 22:00:00+00:00, run_after=2025-10-13 22:00:00+00:00
[2025-10-13T12:40:57.601+0000] {processor.py:183} INFO - Processing /opt/airflow/dags/extract_open_meteo_dag.py took 0.186 seconds
[2025-10-13T12:41:27.976+0000] {processor.py:161} INFO - Started process (PID=11509) to work on /opt/airflow/dags/extract_open_meteo_dag.py
[2025-10-13T12:41:27.977+0000] {processor.py:830} INFO - Processing file /opt/airflow/dags/extract_open_meteo_dag.py for tasks to queue
[2025-10-13T12:41:27.979+0000] {logging_mixin.py:188} INFO - [2025-10-13T12:41:27.978+0000] {dagbag.py:540} INFO - Filling up the DagBag from /opt/airflow/dags/extract_open_meteo_dag.py
[2025-10-13T12:41:28.005+0000] {processor.py:840} INFO - DAG(s) 'extract_open_meteo_v2' retrieved from /opt/airflow/dags/extract_open_meteo_dag.py
[2025-10-13T12:41:28.067+0000] {logging_mixin.py:188} INFO - [2025-10-13T12:41:28.067+0000] {dag.py:3047} INFO - Sync 1 DAGs
[2025-10-13T12:41:28.108+0000] {logging_mixin.py:188} INFO - [2025-10-13T12:41:28.108+0000] {dag.py:3834} INFO - Setting next_dagrun for extract_open_meteo_v2 to 2025-10-12 22:00:00+00:00, run_after=2025-10-13 22:00:00+00:00
[2025-10-13T12:41:28.167+0000] {processor.py:183} INFO - Processing /opt/airflow/dags/extract_open_meteo_dag.py took 0.194 seconds
[2025-10-13T12:41:58.242+0000] {processor.py:161} INFO - Started process (PID=11524) to work on /opt/airflow/dags/extract_open_meteo_dag.py
[2025-10-13T12:41:58.244+0000] {processor.py:830} INFO - Processing file /opt/airflow/dags/extract_open_meteo_dag.py for tasks to queue
[2025-10-13T12:41:58.245+0000] {logging_mixin.py:188} INFO - [2025-10-13T12:41:58.245+0000] {dagbag.py:540} INFO - Filling up the DagBag from /opt/airflow/dags/extract_open_meteo_dag.py
[2025-10-13T12:41:58.272+0000] {processor.py:840} INFO - DAG(s) 'extract_open_meteo_v2' retrieved from /opt/airflow/dags/extract_open_meteo_dag.py
[2025-10-13T12:41:58.325+0000] {logging_mixin.py:188} INFO - [2025-10-13T12:41:58.325+0000] {dag.py:3047} INFO - Sync 1 DAGs
[2025-10-13T12:41:58.365+0000] {logging_mixin.py:188} INFO - [2025-10-13T12:41:58.365+0000] {dag.py:3834} INFO - Setting next_dagrun for extract_open_meteo_v2 to 2025-10-12 22:00:00+00:00, run_after=2025-10-13 22:00:00+00:00
[2025-10-13T12:41:58.421+0000] {processor.py:183} INFO - Processing /opt/airflow/dags/extract_open_meteo_dag.py took 0.181 seconds
[2025-10-13T12:42:28.524+0000] {processor.py:161} INFO - Started process (PID=11539) to work on /opt/airflow/dags/extract_open_meteo_dag.py
[2025-10-13T12:42:28.526+0000] {processor.py:830} INFO - Processing file /opt/airflow/dags/extract_open_meteo_dag.py for tasks to queue
[2025-10-13T12:42:28.528+0000] {logging_mixin.py:188} INFO - [2025-10-13T12:42:28.528+0000] {dagbag.py:540} INFO - Filling up the DagBag from /opt/airflow/dags/extract_open_meteo_dag.py
[2025-10-13T12:42:28.561+0000] {processor.py:840} INFO - DAG(s) 'extract_open_meteo_v2' retrieved from /opt/airflow/dags/extract_open_meteo_dag.py
[2025-10-13T12:42:28.623+0000] {logging_mixin.py:188} INFO - [2025-10-13T12:42:28.622+0000] {dag.py:3047} INFO - Sync 1 DAGs
[2025-10-13T12:42:28.668+0000] {logging_mixin.py:188} INFO - [2025-10-13T12:42:28.668+0000] {dag.py:3834} INFO - Setting next_dagrun for extract_open_meteo_v2 to 2025-10-12 22:00:00+00:00, run_after=2025-10-13 22:00:00+00:00
[2025-10-13T12:42:28.739+0000] {processor.py:183} INFO - Processing /opt/airflow/dags/extract_open_meteo_dag.py took 0.218 seconds
[2025-10-13T12:42:59.137+0000] {processor.py:161} INFO - Started process (PID=11554) to work on /opt/airflow/dags/extract_open_meteo_dag.py
[2025-10-13T12:42:59.139+0000] {processor.py:830} INFO - Processing file /opt/airflow/dags/extract_open_meteo_dag.py for tasks to queue
[2025-10-13T12:42:59.140+0000] {logging_mixin.py:188} INFO - [2025-10-13T12:42:59.140+0000] {dagbag.py:540} INFO - Filling up the DagBag from /opt/airflow/dags/extract_open_meteo_dag.py
[2025-10-13T12:42:59.165+0000] {processor.py:840} INFO - DAG(s) 'extract_open_meteo_v2' retrieved from /opt/airflow/dags/extract_open_meteo_dag.py
[2025-10-13T12:42:59.221+0000] {logging_mixin.py:188} INFO - [2025-10-13T12:42:59.220+0000] {dag.py:3047} INFO - Sync 1 DAGs
[2025-10-13T12:42:59.266+0000] {logging_mixin.py:188} INFO - [2025-10-13T12:42:59.266+0000] {dag.py:3834} INFO - Setting next_dagrun for extract_open_meteo_v2 to 2025-10-12 22:00:00+00:00, run_after=2025-10-13 22:00:00+00:00
[2025-10-13T12:42:59.316+0000] {processor.py:183} INFO - Processing /opt/airflow/dags/extract_open_meteo_dag.py took 0.182 seconds
[2025-10-13T12:43:29.929+0000] {processor.py:161} INFO - Started process (PID=11569) to work on /opt/airflow/dags/extract_open_meteo_dag.py
[2025-10-13T12:43:29.930+0000] {processor.py:830} INFO - Processing file /opt/airflow/dags/extract_open_meteo_dag.py for tasks to queue
[2025-10-13T12:43:29.932+0000] {logging_mixin.py:188} INFO - [2025-10-13T12:43:29.931+0000] {dagbag.py:540} INFO - Filling up the DagBag from /opt/airflow/dags/extract_open_meteo_dag.py
[2025-10-13T12:43:29.957+0000] {processor.py:840} INFO - DAG(s) 'extract_open_meteo_v2' retrieved from /opt/airflow/dags/extract_open_meteo_dag.py
[2025-10-13T12:43:30.027+0000] {logging_mixin.py:188} INFO - [2025-10-13T12:43:30.027+0000] {dag.py:3047} INFO - Sync 1 DAGs
[2025-10-13T12:43:30.078+0000] {logging_mixin.py:188} INFO - [2025-10-13T12:43:30.077+0000] {dag.py:3834} INFO - Setting next_dagrun for extract_open_meteo_v2 to 2025-10-12 22:00:00+00:00, run_after=2025-10-13 22:00:00+00:00
[2025-10-13T12:43:30.133+0000] {processor.py:183} INFO - Processing /opt/airflow/dags/extract_open_meteo_dag.py took 0.207 seconds
[2025-10-13T12:44:01.030+0000] {processor.py:161} INFO - Started process (PID=11584) to work on /opt/airflow/dags/extract_open_meteo_dag.py
[2025-10-13T12:44:01.038+0000] {processor.py:830} INFO - Processing file /opt/airflow/dags/extract_open_meteo_dag.py for tasks to queue
[2025-10-13T12:44:01.046+0000] {logging_mixin.py:188} INFO - [2025-10-13T12:44:01.045+0000] {dagbag.py:540} INFO - Filling up the DagBag from /opt/airflow/dags/extract_open_meteo_dag.py
[2025-10-13T12:44:01.175+0000] {processor.py:840} INFO - DAG(s) 'extract_open_meteo_v2' retrieved from /opt/airflow/dags/extract_open_meteo_dag.py
[2025-10-13T12:44:01.351+0000] {logging_mixin.py:188} INFO - [2025-10-13T12:44:01.351+0000] {dag.py:3047} INFO - Sync 1 DAGs
[2025-10-13T12:44:01.481+0000] {logging_mixin.py:188} INFO - [2025-10-13T12:44:01.481+0000] {dag.py:3834} INFO - Setting next_dagrun for extract_open_meteo_v2 to 2025-10-12 22:00:00+00:00, run_after=2025-10-13 22:00:00+00:00
[2025-10-13T12:44:01.586+0000] {processor.py:183} INFO - Processing /opt/airflow/dags/extract_open_meteo_dag.py took 0.563 seconds
[2025-10-13T12:44:31.705+0000] {processor.py:161} INFO - Started process (PID=11599) to work on /opt/airflow/dags/extract_open_meteo_dag.py
[2025-10-13T12:44:31.707+0000] {processor.py:830} INFO - Processing file /opt/airflow/dags/extract_open_meteo_dag.py for tasks to queue
[2025-10-13T12:44:31.709+0000] {logging_mixin.py:188} INFO - [2025-10-13T12:44:31.708+0000] {dagbag.py:540} INFO - Filling up the DagBag from /opt/airflow/dags/extract_open_meteo_dag.py
[2025-10-13T12:44:31.735+0000] {processor.py:840} INFO - DAG(s) 'extract_open_meteo_v2' retrieved from /opt/airflow/dags/extract_open_meteo_dag.py
[2025-10-13T12:44:31.824+0000] {logging_mixin.py:188} INFO - [2025-10-13T12:44:31.824+0000] {dag.py:3047} INFO - Sync 1 DAGs
[2025-10-13T12:44:31.868+0000] {logging_mixin.py:188} INFO - [2025-10-13T12:44:31.868+0000] {dag.py:3834} INFO - Setting next_dagrun for extract_open_meteo_v2 to 2025-10-12 22:00:00+00:00, run_after=2025-10-13 22:00:00+00:00
[2025-10-13T12:44:31.927+0000] {processor.py:183} INFO - Processing /opt/airflow/dags/extract_open_meteo_dag.py took 0.225 seconds
[2025-10-13T12:45:02.612+0000] {processor.py:161} INFO - Started process (PID=11614) to work on /opt/airflow/dags/extract_open_meteo_dag.py
[2025-10-13T12:45:02.623+0000] {processor.py:830} INFO - Processing file /opt/airflow/dags/extract_open_meteo_dag.py for tasks to queue
[2025-10-13T12:45:02.627+0000] {logging_mixin.py:188} INFO - [2025-10-13T12:45:02.626+0000] {dagbag.py:540} INFO - Filling up the DagBag from /opt/airflow/dags/extract_open_meteo_dag.py
[2025-10-13T12:45:02.907+0000] {processor.py:840} INFO - DAG(s) 'extract_open_meteo_v2' retrieved from /opt/airflow/dags/extract_open_meteo_dag.py
[2025-10-13T12:45:02.998+0000] {logging_mixin.py:188} INFO - [2025-10-13T12:45:02.997+0000] {dag.py:3047} INFO - Sync 1 DAGs
[2025-10-13T12:45:03.052+0000] {logging_mixin.py:188} INFO - [2025-10-13T12:45:03.051+0000] {dag.py:3834} INFO - Setting next_dagrun for extract_open_meteo_v2 to 2025-10-12 22:00:00+00:00, run_after=2025-10-13 22:00:00+00:00
[2025-10-13T12:45:03.142+0000] {processor.py:183} INFO - Processing /opt/airflow/dags/extract_open_meteo_dag.py took 0.536 seconds
[2025-10-13T12:45:33.996+0000] {processor.py:161} INFO - Started process (PID=11629) to work on /opt/airflow/dags/extract_open_meteo_dag.py
[2025-10-13T12:45:33.998+0000] {processor.py:830} INFO - Processing file /opt/airflow/dags/extract_open_meteo_dag.py for tasks to queue
[2025-10-13T12:45:34.000+0000] {logging_mixin.py:188} INFO - [2025-10-13T12:45:34.000+0000] {dagbag.py:540} INFO - Filling up the DagBag from /opt/airflow/dags/extract_open_meteo_dag.py
[2025-10-13T12:45:34.031+0000] {processor.py:840} INFO - DAG(s) 'extract_open_meteo_v2' retrieved from /opt/airflow/dags/extract_open_meteo_dag.py
[2025-10-13T12:45:34.099+0000] {logging_mixin.py:188} INFO - [2025-10-13T12:45:34.099+0000] {dag.py:3047} INFO - Sync 1 DAGs
[2025-10-13T12:45:34.150+0000] {logging_mixin.py:188} INFO - [2025-10-13T12:45:34.149+0000] {dag.py:3834} INFO - Setting next_dagrun for extract_open_meteo_v2 to 2025-10-12 22:00:00+00:00, run_after=2025-10-13 22:00:00+00:00
[2025-10-13T12:45:34.216+0000] {processor.py:183} INFO - Processing /opt/airflow/dags/extract_open_meteo_dag.py took 0.227 seconds
[2025-10-13T12:46:04.955+0000] {processor.py:161} INFO - Started process (PID=11644) to work on /opt/airflow/dags/extract_open_meteo_dag.py
[2025-10-13T12:46:04.958+0000] {processor.py:830} INFO - Processing file /opt/airflow/dags/extract_open_meteo_dag.py for tasks to queue
[2025-10-13T12:46:04.961+0000] {logging_mixin.py:188} INFO - [2025-10-13T12:46:04.961+0000] {dagbag.py:540} INFO - Filling up the DagBag from /opt/airflow/dags/extract_open_meteo_dag.py
[2025-10-13T12:46:04.999+0000] {processor.py:840} INFO - DAG(s) 'extract_open_meteo_v2' retrieved from /opt/airflow/dags/extract_open_meteo_dag.py
[2025-10-13T12:46:05.070+0000] {logging_mixin.py:188} INFO - [2025-10-13T12:46:05.069+0000] {dag.py:3047} INFO - Sync 1 DAGs
[2025-10-13T12:46:05.115+0000] {logging_mixin.py:188} INFO - [2025-10-13T12:46:05.115+0000] {dag.py:3834} INFO - Setting next_dagrun for extract_open_meteo_v2 to 2025-10-12 22:00:00+00:00, run_after=2025-10-13 22:00:00+00:00
[2025-10-13T12:46:05.172+0000] {processor.py:183} INFO - Processing /opt/airflow/dags/extract_open_meteo_dag.py took 0.220 seconds
[2025-10-13T12:46:35.801+0000] {processor.py:161} INFO - Started process (PID=11659) to work on /opt/airflow/dags/extract_open_meteo_dag.py
[2025-10-13T12:46:35.803+0000] {processor.py:830} INFO - Processing file /opt/airflow/dags/extract_open_meteo_dag.py for tasks to queue
[2025-10-13T12:46:35.804+0000] {logging_mixin.py:188} INFO - [2025-10-13T12:46:35.804+0000] {dagbag.py:540} INFO - Filling up the DagBag from /opt/airflow/dags/extract_open_meteo_dag.py
[2025-10-13T12:46:35.833+0000] {processor.py:840} INFO - DAG(s) 'extract_open_meteo_v2' retrieved from /opt/airflow/dags/extract_open_meteo_dag.py
[2025-10-13T12:46:35.895+0000] {logging_mixin.py:188} INFO - [2025-10-13T12:46:35.895+0000] {dag.py:3047} INFO - Sync 1 DAGs
[2025-10-13T12:46:35.949+0000] {logging_mixin.py:188} INFO - [2025-10-13T12:46:35.948+0000] {dag.py:3834} INFO - Setting next_dagrun for extract_open_meteo_v2 to 2025-10-12 22:00:00+00:00, run_after=2025-10-13 22:00:00+00:00
[2025-10-13T12:46:36.005+0000] {processor.py:183} INFO - Processing /opt/airflow/dags/extract_open_meteo_dag.py took 0.207 seconds
[2025-10-13T12:47:06.371+0000] {processor.py:161} INFO - Started process (PID=11674) to work on /opt/airflow/dags/extract_open_meteo_dag.py
[2025-10-13T12:47:06.373+0000] {processor.py:830} INFO - Processing file /opt/airflow/dags/extract_open_meteo_dag.py for tasks to queue
[2025-10-13T12:47:06.374+0000] {logging_mixin.py:188} INFO - [2025-10-13T12:47:06.374+0000] {dagbag.py:540} INFO - Filling up the DagBag from /opt/airflow/dags/extract_open_meteo_dag.py
[2025-10-13T12:47:06.404+0000] {processor.py:840} INFO - DAG(s) 'extract_open_meteo_v2' retrieved from /opt/airflow/dags/extract_open_meteo_dag.py
[2025-10-13T12:47:06.469+0000] {logging_mixin.py:188} INFO - [2025-10-13T12:47:06.468+0000] {dag.py:3047} INFO - Sync 1 DAGs
[2025-10-13T12:47:06.512+0000] {logging_mixin.py:188} INFO - [2025-10-13T12:47:06.512+0000] {dag.py:3834} INFO - Setting next_dagrun for extract_open_meteo_v2 to 2025-10-12 22:00:00+00:00, run_after=2025-10-13 22:00:00+00:00
[2025-10-13T12:47:06.568+0000] {processor.py:183} INFO - Processing /opt/airflow/dags/extract_open_meteo_dag.py took 0.200 seconds
[2025-10-13T12:47:36.633+0000] {processor.py:161} INFO - Started process (PID=11689) to work on /opt/airflow/dags/extract_open_meteo_dag.py
[2025-10-13T12:47:36.634+0000] {processor.py:830} INFO - Processing file /opt/airflow/dags/extract_open_meteo_dag.py for tasks to queue
[2025-10-13T12:47:36.636+0000] {logging_mixin.py:188} INFO - [2025-10-13T12:47:36.635+0000] {dagbag.py:540} INFO - Filling up the DagBag from /opt/airflow/dags/extract_open_meteo_dag.py
[2025-10-13T12:47:36.660+0000] {processor.py:840} INFO - DAG(s) 'extract_open_meteo_v2' retrieved from /opt/airflow/dags/extract_open_meteo_dag.py
[2025-10-13T12:47:36.718+0000] {logging_mixin.py:188} INFO - [2025-10-13T12:47:36.717+0000] {dag.py:3047} INFO - Sync 1 DAGs
[2025-10-13T12:47:36.758+0000] {logging_mixin.py:188} INFO - [2025-10-13T12:47:36.758+0000] {dag.py:3834} INFO - Setting next_dagrun for extract_open_meteo_v2 to 2025-10-12 22:00:00+00:00, run_after=2025-10-13 22:00:00+00:00
[2025-10-13T12:47:36.810+0000] {processor.py:183} INFO - Processing /opt/airflow/dags/extract_open_meteo_dag.py took 0.181 seconds
[2025-10-13T12:48:07.165+0000] {processor.py:161} INFO - Started process (PID=11704) to work on /opt/airflow/dags/extract_open_meteo_dag.py
[2025-10-13T12:48:07.166+0000] {processor.py:830} INFO - Processing file /opt/airflow/dags/extract_open_meteo_dag.py for tasks to queue
[2025-10-13T12:48:07.168+0000] {logging_mixin.py:188} INFO - [2025-10-13T12:48:07.168+0000] {dagbag.py:540} INFO - Filling up the DagBag from /opt/airflow/dags/extract_open_meteo_dag.py
[2025-10-13T12:48:07.202+0000] {processor.py:840} INFO - DAG(s) 'extract_open_meteo_v2' retrieved from /opt/airflow/dags/extract_open_meteo_dag.py
[2025-10-13T12:48:07.287+0000] {logging_mixin.py:188} INFO - [2025-10-13T12:48:07.286+0000] {dag.py:3047} INFO - Sync 1 DAGs
[2025-10-13T12:48:07.344+0000] {logging_mixin.py:188} INFO - [2025-10-13T12:48:07.344+0000] {dag.py:3834} INFO - Setting next_dagrun for extract_open_meteo_v2 to 2025-10-12 22:00:00+00:00, run_after=2025-10-13 22:00:00+00:00
[2025-10-13T12:48:07.404+0000] {processor.py:183} INFO - Processing /opt/airflow/dags/extract_open_meteo_dag.py took 0.243 seconds
[2025-10-13T12:48:37.582+0000] {processor.py:161} INFO - Started process (PID=11719) to work on /opt/airflow/dags/extract_open_meteo_dag.py
[2025-10-13T12:48:37.585+0000] {processor.py:830} INFO - Processing file /opt/airflow/dags/extract_open_meteo_dag.py for tasks to queue
[2025-10-13T12:48:37.587+0000] {logging_mixin.py:188} INFO - [2025-10-13T12:48:37.586+0000] {dagbag.py:540} INFO - Filling up the DagBag from /opt/airflow/dags/extract_open_meteo_dag.py
[2025-10-13T12:48:37.616+0000] {processor.py:840} INFO - DAG(s) 'extract_open_meteo_v2' retrieved from /opt/airflow/dags/extract_open_meteo_dag.py
[2025-10-13T12:48:37.680+0000] {logging_mixin.py:188} INFO - [2025-10-13T12:48:37.680+0000] {dag.py:3047} INFO - Sync 1 DAGs
[2025-10-13T12:48:37.736+0000] {logging_mixin.py:188} INFO - [2025-10-13T12:48:37.735+0000] {dag.py:3834} INFO - Setting next_dagrun for extract_open_meteo_v2 to 2025-10-12 22:00:00+00:00, run_after=2025-10-13 22:00:00+00:00
[2025-10-13T12:48:37.797+0000] {processor.py:183} INFO - Processing /opt/airflow/dags/extract_open_meteo_dag.py took 0.218 seconds
[2025-10-13T12:49:08.366+0000] {processor.py:161} INFO - Started process (PID=11734) to work on /opt/airflow/dags/extract_open_meteo_dag.py
[2025-10-13T12:49:08.368+0000] {processor.py:830} INFO - Processing file /opt/airflow/dags/extract_open_meteo_dag.py for tasks to queue
[2025-10-13T12:49:08.369+0000] {logging_mixin.py:188} INFO - [2025-10-13T12:49:08.369+0000] {dagbag.py:540} INFO - Filling up the DagBag from /opt/airflow/dags/extract_open_meteo_dag.py
[2025-10-13T12:49:08.396+0000] {processor.py:840} INFO - DAG(s) 'extract_open_meteo_v2' retrieved from /opt/airflow/dags/extract_open_meteo_dag.py
[2025-10-13T12:49:08.453+0000] {logging_mixin.py:188} INFO - [2025-10-13T12:49:08.452+0000] {dag.py:3047} INFO - Sync 1 DAGs
[2025-10-13T12:49:08.495+0000] {logging_mixin.py:188} INFO - [2025-10-13T12:49:08.495+0000] {dag.py:3834} INFO - Setting next_dagrun for extract_open_meteo_v2 to 2025-10-12 22:00:00+00:00, run_after=2025-10-13 22:00:00+00:00
[2025-10-13T12:49:08.544+0000] {processor.py:183} INFO - Processing /opt/airflow/dags/extract_open_meteo_dag.py took 0.198 seconds
[2025-10-13T12:49:39.053+0000] {processor.py:161} INFO - Started process (PID=11749) to work on /opt/airflow/dags/extract_open_meteo_dag.py
[2025-10-13T12:49:39.055+0000] {processor.py:830} INFO - Processing file /opt/airflow/dags/extract_open_meteo_dag.py for tasks to queue
[2025-10-13T12:49:39.056+0000] {logging_mixin.py:188} INFO - [2025-10-13T12:49:39.056+0000] {dagbag.py:540} INFO - Filling up the DagBag from /opt/airflow/dags/extract_open_meteo_dag.py
[2025-10-13T12:49:39.082+0000] {processor.py:840} INFO - DAG(s) 'extract_open_meteo_v2' retrieved from /opt/airflow/dags/extract_open_meteo_dag.py
[2025-10-13T12:49:39.132+0000] {logging_mixin.py:188} INFO - [2025-10-13T12:49:39.132+0000] {dag.py:3047} INFO - Sync 1 DAGs
[2025-10-13T12:49:39.173+0000] {logging_mixin.py:188} INFO - [2025-10-13T12:49:39.173+0000] {dag.py:3834} INFO - Setting next_dagrun for extract_open_meteo_v2 to 2025-10-12 22:00:00+00:00, run_after=2025-10-13 22:00:00+00:00
[2025-10-13T12:49:39.221+0000] {processor.py:183} INFO - Processing /opt/airflow/dags/extract_open_meteo_dag.py took 0.171 seconds
[2025-10-13T12:50:09.691+0000] {processor.py:161} INFO - Started process (PID=11764) to work on /opt/airflow/dags/extract_open_meteo_dag.py
[2025-10-13T12:50:09.693+0000] {processor.py:830} INFO - Processing file /opt/airflow/dags/extract_open_meteo_dag.py for tasks to queue
[2025-10-13T12:50:09.695+0000] {logging_mixin.py:188} INFO - [2025-10-13T12:50:09.694+0000] {dagbag.py:540} INFO - Filling up the DagBag from /opt/airflow/dags/extract_open_meteo_dag.py
[2025-10-13T12:50:09.722+0000] {processor.py:840} INFO - DAG(s) 'extract_open_meteo_v2' retrieved from /opt/airflow/dags/extract_open_meteo_dag.py
[2025-10-13T12:50:09.799+0000] {logging_mixin.py:188} INFO - [2025-10-13T12:50:09.798+0000] {dag.py:3047} INFO - Sync 1 DAGs
[2025-10-13T12:50:09.854+0000] {logging_mixin.py:188} INFO - [2025-10-13T12:50:09.854+0000] {dag.py:3834} INFO - Setting next_dagrun for extract_open_meteo_v2 to 2025-10-12 22:00:00+00:00, run_after=2025-10-13 22:00:00+00:00
[2025-10-13T12:50:09.914+0000] {processor.py:183} INFO - Processing /opt/airflow/dags/extract_open_meteo_dag.py took 0.226 seconds
[2025-10-13T12:50:40.364+0000] {processor.py:161} INFO - Started process (PID=11779) to work on /opt/airflow/dags/extract_open_meteo_dag.py
[2025-10-13T12:50:40.365+0000] {processor.py:830} INFO - Processing file /opt/airflow/dags/extract_open_meteo_dag.py for tasks to queue
[2025-10-13T12:50:40.366+0000] {logging_mixin.py:188} INFO - [2025-10-13T12:50:40.365+0000] {dagbag.py:540} INFO - Filling up the DagBag from /opt/airflow/dags/extract_open_meteo_dag.py
[2025-10-13T12:50:40.389+0000] {processor.py:840} INFO - DAG(s) 'extract_open_meteo_v2' retrieved from /opt/airflow/dags/extract_open_meteo_dag.py
[2025-10-13T12:50:40.450+0000] {logging_mixin.py:188} INFO - [2025-10-13T12:50:40.450+0000] {dag.py:3047} INFO - Sync 1 DAGs
[2025-10-13T12:50:40.492+0000] {logging_mixin.py:188} INFO - [2025-10-13T12:50:40.492+0000] {dag.py:3834} INFO - Setting next_dagrun for extract_open_meteo_v2 to 2025-10-12 22:00:00+00:00, run_after=2025-10-13 22:00:00+00:00
[2025-10-13T12:50:40.589+0000] {processor.py:183} INFO - Processing /opt/airflow/dags/extract_open_meteo_dag.py took 0.228 seconds
[2025-10-13T12:51:11.039+0000] {processor.py:161} INFO - Started process (PID=11794) to work on /opt/airflow/dags/extract_open_meteo_dag.py
[2025-10-13T12:51:11.040+0000] {processor.py:830} INFO - Processing file /opt/airflow/dags/extract_open_meteo_dag.py for tasks to queue
[2025-10-13T12:51:11.041+0000] {logging_mixin.py:188} INFO - [2025-10-13T12:51:11.041+0000] {dagbag.py:540} INFO - Filling up the DagBag from /opt/airflow/dags/extract_open_meteo_dag.py
[2025-10-13T12:51:11.090+0000] {processor.py:840} INFO - DAG(s) 'extract_open_meteo_v2' retrieved from /opt/airflow/dags/extract_open_meteo_dag.py
[2025-10-13T12:51:11.146+0000] {logging_mixin.py:188} INFO - [2025-10-13T12:51:11.145+0000] {dag.py:3047} INFO - Sync 1 DAGs
[2025-10-13T12:51:11.190+0000] {logging_mixin.py:188} INFO - [2025-10-13T12:51:11.190+0000] {dag.py:3834} INFO - Setting next_dagrun for extract_open_meteo_v2 to 2025-10-12 22:00:00+00:00, run_after=2025-10-13 22:00:00+00:00
[2025-10-13T12:51:11.245+0000] {processor.py:183} INFO - Processing /opt/airflow/dags/extract_open_meteo_dag.py took 0.210 seconds
[2025-10-13T12:51:41.870+0000] {processor.py:161} INFO - Started process (PID=11809) to work on /opt/airflow/dags/extract_open_meteo_dag.py
[2025-10-13T12:51:41.876+0000] {processor.py:830} INFO - Processing file /opt/airflow/dags/extract_open_meteo_dag.py for tasks to queue
[2025-10-13T12:51:41.886+0000] {logging_mixin.py:188} INFO - [2025-10-13T12:51:41.883+0000] {dagbag.py:540} INFO - Filling up the DagBag from /opt/airflow/dags/extract_open_meteo_dag.py
[2025-10-13T12:51:41.997+0000] {processor.py:840} INFO - DAG(s) 'extract_open_meteo_v2' retrieved from /opt/airflow/dags/extract_open_meteo_dag.py
[2025-10-13T12:51:42.071+0000] {logging_mixin.py:188} INFO - [2025-10-13T12:51:42.070+0000] {dag.py:3047} INFO - Sync 1 DAGs
[2025-10-13T12:51:42.118+0000] {logging_mixin.py:188} INFO - [2025-10-13T12:51:42.117+0000] {dag.py:3834} INFO - Setting next_dagrun for extract_open_meteo_v2 to 2025-10-12 22:00:00+00:00, run_after=2025-10-13 22:00:00+00:00
[2025-10-13T12:51:42.177+0000] {processor.py:183} INFO - Processing /opt/airflow/dags/extract_open_meteo_dag.py took 0.324 seconds
[2025-10-13T12:52:15.535+0000] {processor.py:161} INFO - Started process (PID=11824) to work on /opt/airflow/dags/extract_open_meteo_dag.py
[2025-10-13T12:52:15.595+0000] {processor.py:830} INFO - Processing file /opt/airflow/dags/extract_open_meteo_dag.py for tasks to queue
[2025-10-13T12:52:15.597+0000] {logging_mixin.py:188} INFO - [2025-10-13T12:52:15.597+0000] {dagbag.py:540} INFO - Filling up the DagBag from /opt/airflow/dags/extract_open_meteo_dag.py
[2025-10-13T12:52:16.237+0000] {processor.py:840} INFO - DAG(s) 'extract_open_meteo_v2' retrieved from /opt/airflow/dags/extract_open_meteo_dag.py
[2025-10-13T12:52:16.286+0000] {logging_mixin.py:188} INFO - [2025-10-13T12:52:16.286+0000] {dag.py:3047} INFO - Sync 1 DAGs
[2025-10-13T12:52:16.326+0000] {logging_mixin.py:188} INFO - [2025-10-13T12:52:16.325+0000] {dag.py:3834} INFO - Setting next_dagrun for extract_open_meteo_v2 to 2025-10-12 22:00:00+00:00, run_after=2025-10-13 22:00:00+00:00
[2025-10-13T12:52:16.785+0000] {processor.py:183} INFO - Processing /opt/airflow/dags/extract_open_meteo_dag.py took 1.255 seconds
[2025-10-13T12:52:47.224+0000] {processor.py:161} INFO - Started process (PID=11839) to work on /opt/airflow/dags/extract_open_meteo_dag.py
[2025-10-13T12:52:47.225+0000] {processor.py:830} INFO - Processing file /opt/airflow/dags/extract_open_meteo_dag.py for tasks to queue
[2025-10-13T12:52:47.227+0000] {logging_mixin.py:188} INFO - [2025-10-13T12:52:47.227+0000] {dagbag.py:540} INFO - Filling up the DagBag from /opt/airflow/dags/extract_open_meteo_dag.py
[2025-10-13T12:52:47.256+0000] {processor.py:840} INFO - DAG(s) 'extract_open_meteo_v2' retrieved from /opt/airflow/dags/extract_open_meteo_dag.py
[2025-10-13T12:52:47.313+0000] {logging_mixin.py:188} INFO - [2025-10-13T12:52:47.312+0000] {dag.py:3047} INFO - Sync 1 DAGs
[2025-10-13T12:52:47.357+0000] {logging_mixin.py:188} INFO - [2025-10-13T12:52:47.357+0000] {dag.py:3834} INFO - Setting next_dagrun for extract_open_meteo_v2 to 2025-10-12 22:00:00+00:00, run_after=2025-10-13 22:00:00+00:00
[2025-10-13T12:52:47.409+0000] {processor.py:183} INFO - Processing /opt/airflow/dags/extract_open_meteo_dag.py took 0.189 seconds
[2025-10-13T12:53:17.590+0000] {processor.py:161} INFO - Started process (PID=11854) to work on /opt/airflow/dags/extract_open_meteo_dag.py
[2025-10-13T12:53:17.592+0000] {processor.py:830} INFO - Processing file /opt/airflow/dags/extract_open_meteo_dag.py for tasks to queue
[2025-10-13T12:53:17.595+0000] {logging_mixin.py:188} INFO - [2025-10-13T12:53:17.594+0000] {dagbag.py:540} INFO - Filling up the DagBag from /opt/airflow/dags/extract_open_meteo_dag.py
[2025-10-13T12:53:17.637+0000] {processor.py:840} INFO - DAG(s) 'extract_open_meteo_v2' retrieved from /opt/airflow/dags/extract_open_meteo_dag.py
[2025-10-13T12:53:17.746+0000] {logging_mixin.py:188} INFO - [2025-10-13T12:53:17.745+0000] {dag.py:3047} INFO - Sync 1 DAGs
[2025-10-13T12:53:17.827+0000] {logging_mixin.py:188} INFO - [2025-10-13T12:53:17.827+0000] {dag.py:3834} INFO - Setting next_dagrun for extract_open_meteo_v2 to 2025-10-12 22:00:00+00:00, run_after=2025-10-13 22:00:00+00:00
[2025-10-13T12:53:17.913+0000] {processor.py:183} INFO - Processing /opt/airflow/dags/extract_open_meteo_dag.py took 0.326 seconds
[2025-10-13T12:53:48.637+0000] {processor.py:161} INFO - Started process (PID=11869) to work on /opt/airflow/dags/extract_open_meteo_dag.py
[2025-10-13T12:53:48.640+0000] {processor.py:830} INFO - Processing file /opt/airflow/dags/extract_open_meteo_dag.py for tasks to queue
[2025-10-13T12:53:48.644+0000] {logging_mixin.py:188} INFO - [2025-10-13T12:53:48.643+0000] {dagbag.py:540} INFO - Filling up the DagBag from /opt/airflow/dags/extract_open_meteo_dag.py
[2025-10-13T12:53:48.696+0000] {processor.py:840} INFO - DAG(s) 'extract_open_meteo_v2' retrieved from /opt/airflow/dags/extract_open_meteo_dag.py
[2025-10-13T12:53:48.888+0000] {logging_mixin.py:188} INFO - [2025-10-13T12:53:48.887+0000] {dag.py:3047} INFO - Sync 1 DAGs
[2025-10-13T12:53:48.975+0000] {logging_mixin.py:188} INFO - [2025-10-13T12:53:48.974+0000] {dag.py:3834} INFO - Setting next_dagrun for extract_open_meteo_v2 to 2025-10-12 22:00:00+00:00, run_after=2025-10-13 22:00:00+00:00
[2025-10-13T12:53:49.090+0000] {processor.py:183} INFO - Processing /opt/airflow/dags/extract_open_meteo_dag.py took 0.471 seconds
[2025-10-13T12:54:20.013+0000] {processor.py:161} INFO - Started process (PID=11884) to work on /opt/airflow/dags/extract_open_meteo_dag.py
[2025-10-13T12:54:20.015+0000] {processor.py:830} INFO - Processing file /opt/airflow/dags/extract_open_meteo_dag.py for tasks to queue
[2025-10-13T12:54:20.016+0000] {logging_mixin.py:188} INFO - [2025-10-13T12:54:20.016+0000] {dagbag.py:540} INFO - Filling up the DagBag from /opt/airflow/dags/extract_open_meteo_dag.py
[2025-10-13T12:54:20.042+0000] {processor.py:840} INFO - DAG(s) 'extract_open_meteo_v2' retrieved from /opt/airflow/dags/extract_open_meteo_dag.py
[2025-10-13T12:54:20.103+0000] {logging_mixin.py:188} INFO - [2025-10-13T12:54:20.102+0000] {dag.py:3047} INFO - Sync 1 DAGs
[2025-10-13T12:54:20.149+0000] {logging_mixin.py:188} INFO - [2025-10-13T12:54:20.148+0000] {dag.py:3834} INFO - Setting next_dagrun for extract_open_meteo_v2 to 2025-10-12 22:00:00+00:00, run_after=2025-10-13 22:00:00+00:00
[2025-10-13T12:54:20.205+0000] {processor.py:183} INFO - Processing /opt/airflow/dags/extract_open_meteo_dag.py took 0.195 seconds
[2025-10-13T12:54:51.196+0000] {processor.py:161} INFO - Started process (PID=11899) to work on /opt/airflow/dags/extract_open_meteo_dag.py
[2025-10-13T12:54:51.198+0000] {processor.py:830} INFO - Processing file /opt/airflow/dags/extract_open_meteo_dag.py for tasks to queue
[2025-10-13T12:54:51.202+0000] {logging_mixin.py:188} INFO - [2025-10-13T12:54:51.201+0000] {dagbag.py:540} INFO - Filling up the DagBag from /opt/airflow/dags/extract_open_meteo_dag.py
[2025-10-13T12:54:51.253+0000] {processor.py:840} INFO - DAG(s) 'extract_open_meteo_v2' retrieved from /opt/airflow/dags/extract_open_meteo_dag.py
[2025-10-13T12:54:51.363+0000] {logging_mixin.py:188} INFO - [2025-10-13T12:54:51.362+0000] {dag.py:3047} INFO - Sync 1 DAGs
[2025-10-13T12:54:51.438+0000] {logging_mixin.py:188} INFO - [2025-10-13T12:54:51.438+0000] {dag.py:3834} INFO - Setting next_dagrun for extract_open_meteo_v2 to 2025-10-12 22:00:00+00:00, run_after=2025-10-13 22:00:00+00:00
[2025-10-13T12:54:51.492+0000] {processor.py:183} INFO - Processing /opt/airflow/dags/extract_open_meteo_dag.py took 0.313 seconds
[2025-10-13T12:55:21.634+0000] {processor.py:161} INFO - Started process (PID=11914) to work on /opt/airflow/dags/extract_open_meteo_dag.py
[2025-10-13T12:55:21.637+0000] {processor.py:830} INFO - Processing file /opt/airflow/dags/extract_open_meteo_dag.py for tasks to queue
[2025-10-13T12:55:21.640+0000] {logging_mixin.py:188} INFO - [2025-10-13T12:55:21.639+0000] {dagbag.py:540} INFO - Filling up the DagBag from /opt/airflow/dags/extract_open_meteo_dag.py
[2025-10-13T12:55:21.708+0000] {processor.py:840} INFO - DAG(s) 'extract_open_meteo_v2' retrieved from /opt/airflow/dags/extract_open_meteo_dag.py
[2025-10-13T12:55:21.820+0000] {logging_mixin.py:188} INFO - [2025-10-13T12:55:21.820+0000] {dag.py:3047} INFO - Sync 1 DAGs
[2025-10-13T12:55:21.972+0000] {logging_mixin.py:188} INFO - [2025-10-13T12:55:21.971+0000] {dag.py:3834} INFO - Setting next_dagrun for extract_open_meteo_v2 to 2025-10-12 22:00:00+00:00, run_after=2025-10-13 22:00:00+00:00
[2025-10-13T12:55:22.056+0000] {processor.py:183} INFO - Processing /opt/airflow/dags/extract_open_meteo_dag.py took 0.435 seconds
[2025-10-13T12:55:52.529+0000] {processor.py:161} INFO - Started process (PID=11927) to work on /opt/airflow/dags/extract_open_meteo_dag.py
[2025-10-13T12:55:52.531+0000] {processor.py:830} INFO - Processing file /opt/airflow/dags/extract_open_meteo_dag.py for tasks to queue
[2025-10-13T12:55:52.533+0000] {logging_mixin.py:188} INFO - [2025-10-13T12:55:52.532+0000] {dagbag.py:540} INFO - Filling up the DagBag from /opt/airflow/dags/extract_open_meteo_dag.py
[2025-10-13T12:55:52.568+0000] {processor.py:840} INFO - DAG(s) 'extract_open_meteo_v2' retrieved from /opt/airflow/dags/extract_open_meteo_dag.py
[2025-10-13T12:55:52.629+0000] {logging_mixin.py:188} INFO - [2025-10-13T12:55:52.628+0000] {dag.py:3047} INFO - Sync 1 DAGs
[2025-10-13T12:55:52.671+0000] {logging_mixin.py:188} INFO - [2025-10-13T12:55:52.671+0000] {dag.py:3834} INFO - Setting next_dagrun for extract_open_meteo_v2 to 2025-10-12 22:00:00+00:00, run_after=2025-10-13 22:00:00+00:00
[2025-10-13T12:55:52.723+0000] {processor.py:183} INFO - Processing /opt/airflow/dags/extract_open_meteo_dag.py took 0.198 seconds
[2025-10-13T12:56:22.966+0000] {processor.py:161} INFO - Started process (PID=11937) to work on /opt/airflow/dags/extract_open_meteo_dag.py
[2025-10-13T12:56:22.968+0000] {processor.py:830} INFO - Processing file /opt/airflow/dags/extract_open_meteo_dag.py for tasks to queue
[2025-10-13T12:56:22.970+0000] {logging_mixin.py:188} INFO - [2025-10-13T12:56:22.969+0000] {dagbag.py:540} INFO - Filling up the DagBag from /opt/airflow/dags/extract_open_meteo_dag.py
[2025-10-13T12:56:23.005+0000] {processor.py:840} INFO - DAG(s) 'extract_open_meteo_v2' retrieved from /opt/airflow/dags/extract_open_meteo_dag.py
[2025-10-13T12:56:23.101+0000] {logging_mixin.py:188} INFO - [2025-10-13T12:56:23.100+0000] {dag.py:3047} INFO - Sync 1 DAGs
[2025-10-13T12:56:23.833+0000] {logging_mixin.py:188} INFO - [2025-10-13T12:56:23.833+0000] {dag.py:3834} INFO - Setting next_dagrun for extract_open_meteo_v2 to 2025-10-12 22:00:00+00:00, run_after=2025-10-13 22:00:00+00:00
[2025-10-13T12:56:25.240+0000] {processor.py:183} INFO - Processing /opt/airflow/dags/extract_open_meteo_dag.py took 2.282 seconds
[2025-10-13T12:56:57.935+0000] {processor.py:161} INFO - Started process (PID=11952) to work on /opt/airflow/dags/extract_open_meteo_dag.py
[2025-10-13T12:56:58.028+0000] {processor.py:830} INFO - Processing file /opt/airflow/dags/extract_open_meteo_dag.py for tasks to queue
[2025-10-13T12:56:58.030+0000] {logging_mixin.py:188} INFO - [2025-10-13T12:56:58.029+0000] {dagbag.py:540} INFO - Filling up the DagBag from /opt/airflow/dags/extract_open_meteo_dag.py
[2025-10-13T12:56:58.649+0000] {processor.py:840} INFO - DAG(s) 'extract_open_meteo_v2' retrieved from /opt/airflow/dags/extract_open_meteo_dag.py
[2025-10-13T12:57:01.873+0000] {logging_mixin.py:188} INFO - [2025-10-13T12:57:01.872+0000] {dag.py:3047} INFO - Sync 1 DAGs
[2025-10-13T12:57:02.084+0000] {logging_mixin.py:188} INFO - [2025-10-13T12:57:02.084+0000] {dag.py:3834} INFO - Setting next_dagrun for extract_open_meteo_v2 to 2025-10-12 22:00:00+00:00, run_after=2025-10-13 22:00:00+00:00
[2025-10-13T12:57:02.243+0000] {processor.py:183} INFO - Processing /opt/airflow/dags/extract_open_meteo_dag.py took 4.311 seconds
[2025-10-13T12:57:32.590+0000] {processor.py:161} INFO - Started process (PID=11969) to work on /opt/airflow/dags/extract_open_meteo_dag.py
[2025-10-13T12:57:32.591+0000] {processor.py:830} INFO - Processing file /opt/airflow/dags/extract_open_meteo_dag.py for tasks to queue
[2025-10-13T12:57:32.593+0000] {logging_mixin.py:188} INFO - [2025-10-13T12:57:32.593+0000] {dagbag.py:540} INFO - Filling up the DagBag from /opt/airflow/dags/extract_open_meteo_dag.py
[2025-10-13T12:57:32.622+0000] {processor.py:840} INFO - DAG(s) 'extract_open_meteo_v2' retrieved from /opt/airflow/dags/extract_open_meteo_dag.py
[2025-10-13T12:57:32.681+0000] {logging_mixin.py:188} INFO - [2025-10-13T12:57:32.680+0000] {dag.py:3047} INFO - Sync 1 DAGs
[2025-10-13T12:57:32.730+0000] {logging_mixin.py:188} INFO - [2025-10-13T12:57:32.730+0000] {dag.py:3834} INFO - Setting next_dagrun for extract_open_meteo_v2 to 2025-10-12 22:00:00+00:00, run_after=2025-10-13 22:00:00+00:00
[2025-10-13T12:57:32.773+0000] {processor.py:183} INFO - Processing /opt/airflow/dags/extract_open_meteo_dag.py took 0.187 seconds
[2025-10-13T12:58:03.194+0000] {processor.py:161} INFO - Started process (PID=11982) to work on /opt/airflow/dags/extract_open_meteo_dag.py
[2025-10-13T12:58:03.196+0000] {processor.py:830} INFO - Processing file /opt/airflow/dags/extract_open_meteo_dag.py for tasks to queue
[2025-10-13T12:58:03.197+0000] {logging_mixin.py:188} INFO - [2025-10-13T12:58:03.197+0000] {dagbag.py:540} INFO - Filling up the DagBag from /opt/airflow/dags/extract_open_meteo_dag.py
[2025-10-13T12:58:03.227+0000] {processor.py:840} INFO - DAG(s) 'extract_open_meteo_v2' retrieved from /opt/airflow/dags/extract_open_meteo_dag.py
[2025-10-13T12:58:03.282+0000] {logging_mixin.py:188} INFO - [2025-10-13T12:58:03.282+0000] {dag.py:3047} INFO - Sync 1 DAGs
[2025-10-13T12:58:03.331+0000] {logging_mixin.py:188} INFO - [2025-10-13T12:58:03.330+0000] {dag.py:3834} INFO - Setting next_dagrun for extract_open_meteo_v2 to 2025-10-12 22:00:00+00:00, run_after=2025-10-13 22:00:00+00:00
[2025-10-13T12:58:03.391+0000] {processor.py:183} INFO - Processing /opt/airflow/dags/extract_open_meteo_dag.py took 0.211 seconds
[2025-10-13T12:58:33.943+0000] {processor.py:161} INFO - Started process (PID=11997) to work on /opt/airflow/dags/extract_open_meteo_dag.py
[2025-10-13T12:58:33.945+0000] {processor.py:830} INFO - Processing file /opt/airflow/dags/extract_open_meteo_dag.py for tasks to queue
[2025-10-13T12:58:33.948+0000] {logging_mixin.py:188} INFO - [2025-10-13T12:58:33.947+0000] {dagbag.py:540} INFO - Filling up the DagBag from /opt/airflow/dags/extract_open_meteo_dag.py
[2025-10-13T12:58:33.986+0000] {processor.py:840} INFO - DAG(s) 'extract_open_meteo_v2' retrieved from /opt/airflow/dags/extract_open_meteo_dag.py
[2025-10-13T12:58:34.074+0000] {logging_mixin.py:188} INFO - [2025-10-13T12:58:34.073+0000] {dag.py:3047} INFO - Sync 1 DAGs
[2025-10-13T12:58:34.133+0000] {logging_mixin.py:188} INFO - [2025-10-13T12:58:34.132+0000] {dag.py:3834} INFO - Setting next_dagrun for extract_open_meteo_v2 to 2025-10-12 22:00:00+00:00, run_after=2025-10-13 22:00:00+00:00
[2025-10-13T12:58:34.217+0000] {processor.py:183} INFO - Processing /opt/airflow/dags/extract_open_meteo_dag.py took 0.279 seconds
[2025-10-13T12:59:04.826+0000] {processor.py:161} INFO - Started process (PID=12012) to work on /opt/airflow/dags/extract_open_meteo_dag.py
[2025-10-13T12:59:04.828+0000] {processor.py:830} INFO - Processing file /opt/airflow/dags/extract_open_meteo_dag.py for tasks to queue
[2025-10-13T12:59:04.830+0000] {logging_mixin.py:188} INFO - [2025-10-13T12:59:04.829+0000] {dagbag.py:540} INFO - Filling up the DagBag from /opt/airflow/dags/extract_open_meteo_dag.py
[2025-10-13T12:59:04.870+0000] {processor.py:840} INFO - DAG(s) 'extract_open_meteo_v2' retrieved from /opt/airflow/dags/extract_open_meteo_dag.py
[2025-10-13T12:59:04.947+0000] {logging_mixin.py:188} INFO - [2025-10-13T12:59:04.947+0000] {dag.py:3047} INFO - Sync 1 DAGs
[2025-10-13T12:59:05.003+0000] {logging_mixin.py:188} INFO - [2025-10-13T12:59:05.002+0000] {dag.py:3834} INFO - Setting next_dagrun for extract_open_meteo_v2 to 2025-10-12 22:00:00+00:00, run_after=2025-10-13 22:00:00+00:00
[2025-10-13T12:59:05.085+0000] {processor.py:183} INFO - Processing /opt/airflow/dags/extract_open_meteo_dag.py took 0.263 seconds
[2025-10-13T12:59:35.664+0000] {processor.py:161} INFO - Started process (PID=12027) to work on /opt/airflow/dags/extract_open_meteo_dag.py
[2025-10-13T12:59:35.666+0000] {processor.py:830} INFO - Processing file /opt/airflow/dags/extract_open_meteo_dag.py for tasks to queue
[2025-10-13T12:59:35.667+0000] {logging_mixin.py:188} INFO - [2025-10-13T12:59:35.667+0000] {dagbag.py:540} INFO - Filling up the DagBag from /opt/airflow/dags/extract_open_meteo_dag.py
[2025-10-13T12:59:35.695+0000] {processor.py:840} INFO - DAG(s) 'extract_open_meteo_v2' retrieved from /opt/airflow/dags/extract_open_meteo_dag.py
[2025-10-13T12:59:35.755+0000] {logging_mixin.py:188} INFO - [2025-10-13T12:59:35.754+0000] {dag.py:3047} INFO - Sync 1 DAGs
[2025-10-13T12:59:35.797+0000] {logging_mixin.py:188} INFO - [2025-10-13T12:59:35.797+0000] {dag.py:3834} INFO - Setting next_dagrun for extract_open_meteo_v2 to 2025-10-12 22:00:00+00:00, run_after=2025-10-13 22:00:00+00:00
[2025-10-13T12:59:35.870+0000] {processor.py:183} INFO - Processing /opt/airflow/dags/extract_open_meteo_dag.py took 0.209 seconds
[2025-10-13T13:00:06.312+0000] {processor.py:161} INFO - Started process (PID=12042) to work on /opt/airflow/dags/extract_open_meteo_dag.py
[2025-10-13T13:00:06.313+0000] {processor.py:830} INFO - Processing file /opt/airflow/dags/extract_open_meteo_dag.py for tasks to queue
[2025-10-13T13:00:06.315+0000] {logging_mixin.py:188} INFO - [2025-10-13T13:00:06.314+0000] {dagbag.py:540} INFO - Filling up the DagBag from /opt/airflow/dags/extract_open_meteo_dag.py
[2025-10-13T13:00:06.349+0000] {processor.py:840} INFO - DAG(s) 'extract_open_meteo_v2' retrieved from /opt/airflow/dags/extract_open_meteo_dag.py
[2025-10-13T13:00:06.435+0000] {logging_mixin.py:188} INFO - [2025-10-13T13:00:06.434+0000] {dag.py:3047} INFO - Sync 1 DAGs
[2025-10-13T13:00:06.498+0000] {logging_mixin.py:188} INFO - [2025-10-13T13:00:06.498+0000] {dag.py:3834} INFO - Setting next_dagrun for extract_open_meteo_v2 to 2025-10-12 22:00:00+00:00, run_after=2025-10-13 22:00:00+00:00
[2025-10-13T13:00:06.564+0000] {processor.py:183} INFO - Processing /opt/airflow/dags/extract_open_meteo_dag.py took 0.255 seconds
[2025-10-13T13:00:36.997+0000] {processor.py:161} INFO - Started process (PID=12057) to work on /opt/airflow/dags/extract_open_meteo_dag.py
[2025-10-13T13:00:36.998+0000] {processor.py:830} INFO - Processing file /opt/airflow/dags/extract_open_meteo_dag.py for tasks to queue
[2025-10-13T13:00:37.000+0000] {logging_mixin.py:188} INFO - [2025-10-13T13:00:36.999+0000] {dagbag.py:540} INFO - Filling up the DagBag from /opt/airflow/dags/extract_open_meteo_dag.py
[2025-10-13T13:00:37.028+0000] {processor.py:840} INFO - DAG(s) 'extract_open_meteo_v2' retrieved from /opt/airflow/dags/extract_open_meteo_dag.py
[2025-10-13T13:00:37.104+0000] {logging_mixin.py:188} INFO - [2025-10-13T13:00:37.104+0000] {dag.py:3047} INFO - Sync 1 DAGs
[2025-10-13T13:00:37.181+0000] {logging_mixin.py:188} INFO - [2025-10-13T13:00:37.179+0000] {dag.py:3834} INFO - Setting next_dagrun for extract_open_meteo_v2 to 2025-10-12 22:00:00+00:00, run_after=2025-10-13 22:00:00+00:00
[2025-10-13T13:00:37.276+0000] {processor.py:183} INFO - Processing /opt/airflow/dags/extract_open_meteo_dag.py took 0.283 seconds
[2025-10-13T13:01:07.796+0000] {processor.py:161} INFO - Started process (PID=12072) to work on /opt/airflow/dags/extract_open_meteo_dag.py
[2025-10-13T13:01:07.798+0000] {processor.py:830} INFO - Processing file /opt/airflow/dags/extract_open_meteo_dag.py for tasks to queue
[2025-10-13T13:01:07.799+0000] {logging_mixin.py:188} INFO - [2025-10-13T13:01:07.799+0000] {dagbag.py:540} INFO - Filling up the DagBag from /opt/airflow/dags/extract_open_meteo_dag.py
[2025-10-13T13:01:07.827+0000] {processor.py:840} INFO - DAG(s) 'extract_open_meteo_v2' retrieved from /opt/airflow/dags/extract_open_meteo_dag.py
[2025-10-13T13:01:07.902+0000] {logging_mixin.py:188} INFO - [2025-10-13T13:01:07.902+0000] {dag.py:3047} INFO - Sync 1 DAGs
[2025-10-13T13:01:07.961+0000] {logging_mixin.py:188} INFO - [2025-10-13T13:01:07.960+0000] {dag.py:3834} INFO - Setting next_dagrun for extract_open_meteo_v2 to 2025-10-12 22:00:00+00:00, run_after=2025-10-13 22:00:00+00:00
[2025-10-13T13:01:08.033+0000] {processor.py:183} INFO - Processing /opt/airflow/dags/extract_open_meteo_dag.py took 0.241 seconds
[2025-10-13T13:01:38.736+0000] {processor.py:161} INFO - Started process (PID=12087) to work on /opt/airflow/dags/extract_open_meteo_dag.py
[2025-10-13T13:01:38.737+0000] {processor.py:830} INFO - Processing file /opt/airflow/dags/extract_open_meteo_dag.py for tasks to queue
[2025-10-13T13:01:38.739+0000] {logging_mixin.py:188} INFO - [2025-10-13T13:01:38.738+0000] {dagbag.py:540} INFO - Filling up the DagBag from /opt/airflow/dags/extract_open_meteo_dag.py
[2025-10-13T13:01:38.770+0000] {processor.py:840} INFO - DAG(s) 'extract_open_meteo_v2' retrieved from /opt/airflow/dags/extract_open_meteo_dag.py
[2025-10-13T13:01:38.833+0000] {logging_mixin.py:188} INFO - [2025-10-13T13:01:38.832+0000] {dag.py:3047} INFO - Sync 1 DAGs
[2025-10-13T13:01:38.887+0000] {logging_mixin.py:188} INFO - [2025-10-13T13:01:38.887+0000] {dag.py:3834} INFO - Setting next_dagrun for extract_open_meteo_v2 to 2025-10-12 22:00:00+00:00, run_after=2025-10-13 22:00:00+00:00
[2025-10-13T13:01:38.964+0000] {processor.py:183} INFO - Processing /opt/airflow/dags/extract_open_meteo_dag.py took 0.233 seconds
[2025-10-13T13:02:09.384+0000] {processor.py:161} INFO - Started process (PID=12102) to work on /opt/airflow/dags/extract_open_meteo_dag.py
[2025-10-13T13:02:09.387+0000] {processor.py:830} INFO - Processing file /opt/airflow/dags/extract_open_meteo_dag.py for tasks to queue
[2025-10-13T13:02:09.390+0000] {logging_mixin.py:188} INFO - [2025-10-13T13:02:09.389+0000] {dagbag.py:540} INFO - Filling up the DagBag from /opt/airflow/dags/extract_open_meteo_dag.py
[2025-10-13T13:02:09.423+0000] {processor.py:840} INFO - DAG(s) 'extract_open_meteo_v2' retrieved from /opt/airflow/dags/extract_open_meteo_dag.py
[2025-10-13T13:02:09.502+0000] {logging_mixin.py:188} INFO - [2025-10-13T13:02:09.502+0000] {dag.py:3047} INFO - Sync 1 DAGs
[2025-10-13T13:02:09.548+0000] {logging_mixin.py:188} INFO - [2025-10-13T13:02:09.548+0000] {dag.py:3834} INFO - Setting next_dagrun for extract_open_meteo_v2 to 2025-10-12 22:00:00+00:00, run_after=2025-10-13 22:00:00+00:00
[2025-10-13T13:02:09.605+0000] {processor.py:183} INFO - Processing /opt/airflow/dags/extract_open_meteo_dag.py took 0.228 seconds
[2025-10-13T13:02:40.133+0000] {processor.py:161} INFO - Started process (PID=12117) to work on /opt/airflow/dags/extract_open_meteo_dag.py
[2025-10-13T13:02:40.137+0000] {processor.py:830} INFO - Processing file /opt/airflow/dags/extract_open_meteo_dag.py for tasks to queue
[2025-10-13T13:02:40.139+0000] {logging_mixin.py:188} INFO - [2025-10-13T13:02:40.138+0000] {dagbag.py:540} INFO - Filling up the DagBag from /opt/airflow/dags/extract_open_meteo_dag.py
[2025-10-13T13:02:40.232+0000] {processor.py:840} INFO - DAG(s) 'extract_open_meteo_v2' retrieved from /opt/airflow/dags/extract_open_meteo_dag.py
[2025-10-13T13:02:40.348+0000] {logging_mixin.py:188} INFO - [2025-10-13T13:02:40.347+0000] {dag.py:3047} INFO - Sync 1 DAGs
[2025-10-13T13:02:40.418+0000] {logging_mixin.py:188} INFO - [2025-10-13T13:02:40.417+0000] {dag.py:3834} INFO - Setting next_dagrun for extract_open_meteo_v2 to 2025-10-12 22:00:00+00:00, run_after=2025-10-13 22:00:00+00:00
[2025-10-13T13:02:40.570+0000] {processor.py:183} INFO - Processing /opt/airflow/dags/extract_open_meteo_dag.py took 0.442 seconds
[2025-10-13T13:03:11.168+0000] {processor.py:161} INFO - Started process (PID=12132) to work on /opt/airflow/dags/extract_open_meteo_dag.py
[2025-10-13T13:03:11.169+0000] {processor.py:830} INFO - Processing file /opt/airflow/dags/extract_open_meteo_dag.py for tasks to queue
[2025-10-13T13:03:11.172+0000] {logging_mixin.py:188} INFO - [2025-10-13T13:03:11.171+0000] {dagbag.py:540} INFO - Filling up the DagBag from /opt/airflow/dags/extract_open_meteo_dag.py
[2025-10-13T13:03:11.320+0000] {processor.py:840} INFO - DAG(s) 'extract_open_meteo_v2' retrieved from /opt/airflow/dags/extract_open_meteo_dag.py
[2025-10-13T13:03:11.931+0000] {logging_mixin.py:188} INFO - [2025-10-13T13:03:11.930+0000] {dag.py:3047} INFO - Sync 1 DAGs
[2025-10-13T13:03:12.207+0000] {logging_mixin.py:188} INFO - [2025-10-13T13:03:12.207+0000] {dag.py:3834} INFO - Setting next_dagrun for extract_open_meteo_v2 to 2025-10-12 22:00:00+00:00, run_after=2025-10-13 22:00:00+00:00
[2025-10-13T13:03:12.454+0000] {processor.py:183} INFO - Processing /opt/airflow/dags/extract_open_meteo_dag.py took 1.292 seconds
[2025-10-13T13:03:43.139+0000] {processor.py:161} INFO - Started process (PID=12147) to work on /opt/airflow/dags/extract_open_meteo_dag.py
[2025-10-13T13:03:43.141+0000] {processor.py:830} INFO - Processing file /opt/airflow/dags/extract_open_meteo_dag.py for tasks to queue
[2025-10-13T13:03:43.142+0000] {logging_mixin.py:188} INFO - [2025-10-13T13:03:43.142+0000] {dagbag.py:540} INFO - Filling up the DagBag from /opt/airflow/dags/extract_open_meteo_dag.py
[2025-10-13T13:03:43.172+0000] {processor.py:840} INFO - DAG(s) 'extract_open_meteo_v2' retrieved from /opt/airflow/dags/extract_open_meteo_dag.py
[2025-10-13T13:03:43.279+0000] {logging_mixin.py:188} INFO - [2025-10-13T13:03:43.279+0000] {dag.py:3047} INFO - Sync 1 DAGs
[2025-10-13T13:03:43.327+0000] {logging_mixin.py:188} INFO - [2025-10-13T13:03:43.327+0000] {dag.py:3834} INFO - Setting next_dagrun for extract_open_meteo_v2 to 2025-10-12 22:00:00+00:00, run_after=2025-10-13 22:00:00+00:00
[2025-10-13T13:03:43.382+0000] {processor.py:183} INFO - Processing /opt/airflow/dags/extract_open_meteo_dag.py took 0.250 seconds
[2025-10-13T13:04:14.034+0000] {processor.py:161} INFO - Started process (PID=12162) to work on /opt/airflow/dags/extract_open_meteo_dag.py
[2025-10-13T13:04:14.035+0000] {processor.py:830} INFO - Processing file /opt/airflow/dags/extract_open_meteo_dag.py for tasks to queue
[2025-10-13T13:04:14.038+0000] {logging_mixin.py:188} INFO - [2025-10-13T13:04:14.037+0000] {dagbag.py:540} INFO - Filling up the DagBag from /opt/airflow/dags/extract_open_meteo_dag.py
[2025-10-13T13:04:14.073+0000] {processor.py:840} INFO - DAG(s) 'extract_open_meteo_v2' retrieved from /opt/airflow/dags/extract_open_meteo_dag.py
[2025-10-13T13:04:14.145+0000] {logging_mixin.py:188} INFO - [2025-10-13T13:04:14.144+0000] {dag.py:3047} INFO - Sync 1 DAGs
[2025-10-13T13:04:14.213+0000] {logging_mixin.py:188} INFO - [2025-10-13T13:04:14.212+0000] {dag.py:3834} INFO - Setting next_dagrun for extract_open_meteo_v2 to 2025-10-12 22:00:00+00:00, run_after=2025-10-13 22:00:00+00:00
[2025-10-13T13:04:14.269+0000] {processor.py:183} INFO - Processing /opt/airflow/dags/extract_open_meteo_dag.py took 0.238 seconds
[2025-10-13T13:04:44.987+0000] {processor.py:161} INFO - Started process (PID=12177) to work on /opt/airflow/dags/extract_open_meteo_dag.py
[2025-10-13T13:04:44.996+0000] {processor.py:830} INFO - Processing file /opt/airflow/dags/extract_open_meteo_dag.py for tasks to queue
[2025-10-13T13:04:45.005+0000] {logging_mixin.py:188} INFO - [2025-10-13T13:04:45.003+0000] {dagbag.py:540} INFO - Filling up the DagBag from /opt/airflow/dags/extract_open_meteo_dag.py
[2025-10-13T13:04:45.161+0000] {processor.py:840} INFO - DAG(s) 'extract_open_meteo_v2' retrieved from /opt/airflow/dags/extract_open_meteo_dag.py
[2025-10-13T13:04:45.344+0000] {logging_mixin.py:188} INFO - [2025-10-13T13:04:45.344+0000] {dag.py:3047} INFO - Sync 1 DAGs
[2025-10-13T13:04:45.428+0000] {logging_mixin.py:188} INFO - [2025-10-13T13:04:45.428+0000] {dag.py:3834} INFO - Setting next_dagrun for extract_open_meteo_v2 to 2025-10-12 22:00:00+00:00, run_after=2025-10-13 22:00:00+00:00
[2025-10-13T13:04:45.515+0000] {processor.py:183} INFO - Processing /opt/airflow/dags/extract_open_meteo_dag.py took 0.598 seconds
[2025-10-13T13:05:15.995+0000] {processor.py:161} INFO - Started process (PID=12192) to work on /opt/airflow/dags/extract_open_meteo_dag.py
[2025-10-13T13:05:15.997+0000] {processor.py:830} INFO - Processing file /opt/airflow/dags/extract_open_meteo_dag.py for tasks to queue
[2025-10-13T13:05:15.998+0000] {logging_mixin.py:188} INFO - [2025-10-13T13:05:15.998+0000] {dagbag.py:540} INFO - Filling up the DagBag from /opt/airflow/dags/extract_open_meteo_dag.py
[2025-10-13T13:05:16.032+0000] {processor.py:840} INFO - DAG(s) 'extract_open_meteo_v2' retrieved from /opt/airflow/dags/extract_open_meteo_dag.py
[2025-10-13T13:05:16.095+0000] {logging_mixin.py:188} INFO - [2025-10-13T13:05:16.095+0000] {dag.py:3047} INFO - Sync 1 DAGs
[2025-10-13T13:05:16.142+0000] {logging_mixin.py:188} INFO - [2025-10-13T13:05:16.142+0000] {dag.py:3834} INFO - Setting next_dagrun for extract_open_meteo_v2 to 2025-10-12 22:00:00+00:00, run_after=2025-10-13 22:00:00+00:00
[2025-10-13T13:05:16.205+0000] {processor.py:183} INFO - Processing /opt/airflow/dags/extract_open_meteo_dag.py took 0.215 seconds
[2025-10-13T13:05:46.599+0000] {processor.py:161} INFO - Started process (PID=12207) to work on /opt/airflow/dags/extract_open_meteo_dag.py
[2025-10-13T13:05:46.600+0000] {processor.py:830} INFO - Processing file /opt/airflow/dags/extract_open_meteo_dag.py for tasks to queue
[2025-10-13T13:05:46.602+0000] {logging_mixin.py:188} INFO - [2025-10-13T13:05:46.601+0000] {dagbag.py:540} INFO - Filling up the DagBag from /opt/airflow/dags/extract_open_meteo_dag.py
[2025-10-13T13:05:46.635+0000] {processor.py:840} INFO - DAG(s) 'extract_open_meteo_v2' retrieved from /opt/airflow/dags/extract_open_meteo_dag.py
[2025-10-13T13:05:46.703+0000] {logging_mixin.py:188} INFO - [2025-10-13T13:05:46.703+0000] {dag.py:3047} INFO - Sync 1 DAGs
[2025-10-13T13:05:46.753+0000] {logging_mixin.py:188} INFO - [2025-10-13T13:05:46.752+0000] {dag.py:3834} INFO - Setting next_dagrun for extract_open_meteo_v2 to 2025-10-12 22:00:00+00:00, run_after=2025-10-13 22:00:00+00:00
[2025-10-13T13:05:46.859+0000] {processor.py:183} INFO - Processing /opt/airflow/dags/extract_open_meteo_dag.py took 0.265 seconds
[2025-10-13T13:06:17.288+0000] {processor.py:161} INFO - Started process (PID=12222) to work on /opt/airflow/dags/extract_open_meteo_dag.py
[2025-10-13T13:06:17.289+0000] {processor.py:830} INFO - Processing file /opt/airflow/dags/extract_open_meteo_dag.py for tasks to queue
[2025-10-13T13:06:17.291+0000] {logging_mixin.py:188} INFO - [2025-10-13T13:06:17.291+0000] {dagbag.py:540} INFO - Filling up the DagBag from /opt/airflow/dags/extract_open_meteo_dag.py
[2025-10-13T13:06:17.319+0000] {processor.py:840} INFO - DAG(s) 'extract_open_meteo_v2' retrieved from /opt/airflow/dags/extract_open_meteo_dag.py
[2025-10-13T13:06:17.381+0000] {logging_mixin.py:188} INFO - [2025-10-13T13:06:17.380+0000] {dag.py:3047} INFO - Sync 1 DAGs
[2025-10-13T13:06:17.423+0000] {logging_mixin.py:188} INFO - [2025-10-13T13:06:17.423+0000] {dag.py:3834} INFO - Setting next_dagrun for extract_open_meteo_v2 to 2025-10-12 22:00:00+00:00, run_after=2025-10-13 22:00:00+00:00
[2025-10-13T13:06:17.480+0000] {processor.py:183} INFO - Processing /opt/airflow/dags/extract_open_meteo_dag.py took 0.196 seconds
[2025-10-13T13:06:47.961+0000] {processor.py:161} INFO - Started process (PID=12237) to work on /opt/airflow/dags/extract_open_meteo_dag.py
[2025-10-13T13:06:47.962+0000] {processor.py:830} INFO - Processing file /opt/airflow/dags/extract_open_meteo_dag.py for tasks to queue
[2025-10-13T13:06:47.964+0000] {logging_mixin.py:188} INFO - [2025-10-13T13:06:47.963+0000] {dagbag.py:540} INFO - Filling up the DagBag from /opt/airflow/dags/extract_open_meteo_dag.py
[2025-10-13T13:06:47.990+0000] {processor.py:840} INFO - DAG(s) 'extract_open_meteo_v2' retrieved from /opt/airflow/dags/extract_open_meteo_dag.py
[2025-10-13T13:06:48.054+0000] {logging_mixin.py:188} INFO - [2025-10-13T13:06:48.054+0000] {dag.py:3047} INFO - Sync 1 DAGs
[2025-10-13T13:06:48.094+0000] {logging_mixin.py:188} INFO - [2025-10-13T13:06:48.094+0000] {dag.py:3834} INFO - Setting next_dagrun for extract_open_meteo_v2 to 2025-10-12 22:00:00+00:00, run_after=2025-10-13 22:00:00+00:00
[2025-10-13T13:06:48.155+0000] {processor.py:183} INFO - Processing /opt/airflow/dags/extract_open_meteo_dag.py took 0.198 seconds
[2025-10-13T13:07:18.544+0000] {processor.py:161} INFO - Started process (PID=12252) to work on /opt/airflow/dags/extract_open_meteo_dag.py
[2025-10-13T13:07:18.545+0000] {processor.py:830} INFO - Processing file /opt/airflow/dags/extract_open_meteo_dag.py for tasks to queue
[2025-10-13T13:07:18.548+0000] {logging_mixin.py:188} INFO - [2025-10-13T13:07:18.547+0000] {dagbag.py:540} INFO - Filling up the DagBag from /opt/airflow/dags/extract_open_meteo_dag.py
[2025-10-13T13:07:18.587+0000] {processor.py:840} INFO - DAG(s) 'extract_open_meteo_v2' retrieved from /opt/airflow/dags/extract_open_meteo_dag.py
[2025-10-13T13:07:18.659+0000] {logging_mixin.py:188} INFO - [2025-10-13T13:07:18.659+0000] {dag.py:3047} INFO - Sync 1 DAGs
[2025-10-13T13:07:18.708+0000] {logging_mixin.py:188} INFO - [2025-10-13T13:07:18.708+0000] {dag.py:3834} INFO - Setting next_dagrun for extract_open_meteo_v2 to 2025-10-12 22:00:00+00:00, run_after=2025-10-13 22:00:00+00:00
[2025-10-13T13:07:18.781+0000] {processor.py:183} INFO - Processing /opt/airflow/dags/extract_open_meteo_dag.py took 0.246 seconds
[2025-10-13T13:07:49.246+0000] {processor.py:161} INFO - Started process (PID=12267) to work on /opt/airflow/dags/extract_open_meteo_dag.py
[2025-10-13T13:07:49.249+0000] {processor.py:830} INFO - Processing file /opt/airflow/dags/extract_open_meteo_dag.py for tasks to queue
[2025-10-13T13:07:49.252+0000] {logging_mixin.py:188} INFO - [2025-10-13T13:07:49.251+0000] {dagbag.py:540} INFO - Filling up the DagBag from /opt/airflow/dags/extract_open_meteo_dag.py
[2025-10-13T13:07:49.290+0000] {processor.py:840} INFO - DAG(s) 'extract_open_meteo_v2' retrieved from /opt/airflow/dags/extract_open_meteo_dag.py
[2025-10-13T13:07:49.366+0000] {logging_mixin.py:188} INFO - [2025-10-13T13:07:49.365+0000] {dag.py:3047} INFO - Sync 1 DAGs
[2025-10-13T13:07:49.420+0000] {logging_mixin.py:188} INFO - [2025-10-13T13:07:49.420+0000] {dag.py:3834} INFO - Setting next_dagrun for extract_open_meteo_v2 to 2025-10-12 22:00:00+00:00, run_after=2025-10-13 22:00:00+00:00
[2025-10-13T13:07:49.554+0000] {processor.py:183} INFO - Processing /opt/airflow/dags/extract_open_meteo_dag.py took 0.314 seconds
[2025-10-13T13:08:20.068+0000] {processor.py:161} INFO - Started process (PID=12282) to work on /opt/airflow/dags/extract_open_meteo_dag.py
[2025-10-13T13:08:20.070+0000] {processor.py:830} INFO - Processing file /opt/airflow/dags/extract_open_meteo_dag.py for tasks to queue
[2025-10-13T13:08:20.073+0000] {logging_mixin.py:188} INFO - [2025-10-13T13:08:20.072+0000] {dagbag.py:540} INFO - Filling up the DagBag from /opt/airflow/dags/extract_open_meteo_dag.py
[2025-10-13T13:08:20.106+0000] {processor.py:840} INFO - DAG(s) 'extract_open_meteo_v2' retrieved from /opt/airflow/dags/extract_open_meteo_dag.py
[2025-10-13T13:08:20.178+0000] {logging_mixin.py:188} INFO - [2025-10-13T13:08:20.177+0000] {dag.py:3047} INFO - Sync 1 DAGs
[2025-10-13T13:08:20.270+0000] {logging_mixin.py:188} INFO - [2025-10-13T13:08:20.269+0000] {dag.py:3834} INFO - Setting next_dagrun for extract_open_meteo_v2 to 2025-10-12 22:00:00+00:00, run_after=2025-10-13 22:00:00+00:00
[2025-10-13T13:08:20.342+0000] {processor.py:183} INFO - Processing /opt/airflow/dags/extract_open_meteo_dag.py took 0.279 seconds
[2025-10-13T13:08:50.857+0000] {processor.py:161} INFO - Started process (PID=12297) to work on /opt/airflow/dags/extract_open_meteo_dag.py
[2025-10-13T13:08:50.858+0000] {processor.py:830} INFO - Processing file /opt/airflow/dags/extract_open_meteo_dag.py for tasks to queue
[2025-10-13T13:08:50.860+0000] {logging_mixin.py:188} INFO - [2025-10-13T13:08:50.859+0000] {dagbag.py:540} INFO - Filling up the DagBag from /opt/airflow/dags/extract_open_meteo_dag.py
[2025-10-13T13:08:50.887+0000] {processor.py:840} INFO - DAG(s) 'extract_open_meteo_v2' retrieved from /opt/airflow/dags/extract_open_meteo_dag.py
[2025-10-13T13:08:50.950+0000] {logging_mixin.py:188} INFO - [2025-10-13T13:08:50.949+0000] {dag.py:3047} INFO - Sync 1 DAGs
[2025-10-13T13:08:51.010+0000] {logging_mixin.py:188} INFO - [2025-10-13T13:08:51.010+0000] {dag.py:3834} INFO - Setting next_dagrun for extract_open_meteo_v2 to 2025-10-12 22:00:00+00:00, run_after=2025-10-13 22:00:00+00:00
[2025-10-13T13:08:51.089+0000] {processor.py:183} INFO - Processing /opt/airflow/dags/extract_open_meteo_dag.py took 0.236 seconds
[2025-10-13T13:09:21.616+0000] {processor.py:161} INFO - Started process (PID=12312) to work on /opt/airflow/dags/extract_open_meteo_dag.py
[2025-10-13T13:09:21.618+0000] {processor.py:830} INFO - Processing file /opt/airflow/dags/extract_open_meteo_dag.py for tasks to queue
[2025-10-13T13:09:21.621+0000] {logging_mixin.py:188} INFO - [2025-10-13T13:09:21.620+0000] {dagbag.py:540} INFO - Filling up the DagBag from /opt/airflow/dags/extract_open_meteo_dag.py
[2025-10-13T13:09:21.673+0000] {processor.py:840} INFO - DAG(s) 'extract_open_meteo_v2' retrieved from /opt/airflow/dags/extract_open_meteo_dag.py
[2025-10-13T13:09:22.041+0000] {logging_mixin.py:188} INFO - [2025-10-13T13:09:22.040+0000] {dag.py:3047} INFO - Sync 1 DAGs
[2025-10-13T13:09:22.113+0000] {logging_mixin.py:188} INFO - [2025-10-13T13:09:22.113+0000] {dag.py:3834} INFO - Setting next_dagrun for extract_open_meteo_v2 to 2025-10-12 22:00:00+00:00, run_after=2025-10-13 22:00:00+00:00
[2025-10-13T13:09:22.223+0000] {processor.py:183} INFO - Processing /opt/airflow/dags/extract_open_meteo_dag.py took 0.610 seconds
[2025-10-13T13:09:52.626+0000] {processor.py:161} INFO - Started process (PID=12327) to work on /opt/airflow/dags/extract_open_meteo_dag.py
[2025-10-13T13:09:52.628+0000] {processor.py:830} INFO - Processing file /opt/airflow/dags/extract_open_meteo_dag.py for tasks to queue
[2025-10-13T13:09:52.630+0000] {logging_mixin.py:188} INFO - [2025-10-13T13:09:52.629+0000] {dagbag.py:540} INFO - Filling up the DagBag from /opt/airflow/dags/extract_open_meteo_dag.py
[2025-10-13T13:09:52.660+0000] {processor.py:840} INFO - DAG(s) 'extract_open_meteo_v2' retrieved from /opt/airflow/dags/extract_open_meteo_dag.py
[2025-10-13T13:09:52.721+0000] {logging_mixin.py:188} INFO - [2025-10-13T13:09:52.720+0000] {dag.py:3047} INFO - Sync 1 DAGs
[2025-10-13T13:09:52.788+0000] {logging_mixin.py:188} INFO - [2025-10-13T13:09:52.788+0000] {dag.py:3834} INFO - Setting next_dagrun for extract_open_meteo_v2 to 2025-10-12 22:00:00+00:00, run_after=2025-10-13 22:00:00+00:00
[2025-10-13T13:09:52.857+0000] {processor.py:183} INFO - Processing /opt/airflow/dags/extract_open_meteo_dag.py took 0.235 seconds
[2025-10-13T13:10:23.212+0000] {processor.py:161} INFO - Started process (PID=12342) to work on /opt/airflow/dags/extract_open_meteo_dag.py
[2025-10-13T13:10:23.213+0000] {processor.py:830} INFO - Processing file /opt/airflow/dags/extract_open_meteo_dag.py for tasks to queue
[2025-10-13T13:10:23.215+0000] {logging_mixin.py:188} INFO - [2025-10-13T13:10:23.214+0000] {dagbag.py:540} INFO - Filling up the DagBag from /opt/airflow/dags/extract_open_meteo_dag.py
[2025-10-13T13:10:23.243+0000] {processor.py:840} INFO - DAG(s) 'extract_open_meteo_v2' retrieved from /opt/airflow/dags/extract_open_meteo_dag.py
[2025-10-13T13:10:23.302+0000] {logging_mixin.py:188} INFO - [2025-10-13T13:10:23.301+0000] {dag.py:3047} INFO - Sync 1 DAGs
[2025-10-13T13:10:23.343+0000] {logging_mixin.py:188} INFO - [2025-10-13T13:10:23.343+0000] {dag.py:3834} INFO - Setting next_dagrun for extract_open_meteo_v2 to 2025-10-12 22:00:00+00:00, run_after=2025-10-13 22:00:00+00:00
[2025-10-13T13:10:23.399+0000] {processor.py:183} INFO - Processing /opt/airflow/dags/extract_open_meteo_dag.py took 0.190 seconds
[2025-10-13T13:10:53.799+0000] {processor.py:161} INFO - Started process (PID=12357) to work on /opt/airflow/dags/extract_open_meteo_dag.py
[2025-10-13T13:10:53.801+0000] {processor.py:830} INFO - Processing file /opt/airflow/dags/extract_open_meteo_dag.py for tasks to queue
[2025-10-13T13:10:53.803+0000] {logging_mixin.py:188} INFO - [2025-10-13T13:10:53.803+0000] {dagbag.py:540} INFO - Filling up the DagBag from /opt/airflow/dags/extract_open_meteo_dag.py
[2025-10-13T13:10:53.831+0000] {processor.py:840} INFO - DAG(s) 'extract_open_meteo_v2' retrieved from /opt/airflow/dags/extract_open_meteo_dag.py
[2025-10-13T13:10:53.891+0000] {logging_mixin.py:188} INFO - [2025-10-13T13:10:53.891+0000] {dag.py:3047} INFO - Sync 1 DAGs
[2025-10-13T13:10:53.932+0000] {logging_mixin.py:188} INFO - [2025-10-13T13:10:53.932+0000] {dag.py:3834} INFO - Setting next_dagrun for extract_open_meteo_v2 to 2025-10-12 22:00:00+00:00, run_after=2025-10-13 22:00:00+00:00
[2025-10-13T13:10:54.005+0000] {processor.py:183} INFO - Processing /opt/airflow/dags/extract_open_meteo_dag.py took 0.209 seconds
[2025-10-13T13:11:24.256+0000] {processor.py:161} INFO - Started process (PID=12372) to work on /opt/airflow/dags/extract_open_meteo_dag.py
[2025-10-13T13:11:24.259+0000] {processor.py:830} INFO - Processing file /opt/airflow/dags/extract_open_meteo_dag.py for tasks to queue
[2025-10-13T13:11:24.261+0000] {logging_mixin.py:188} INFO - [2025-10-13T13:11:24.260+0000] {dagbag.py:540} INFO - Filling up the DagBag from /opt/airflow/dags/extract_open_meteo_dag.py
[2025-10-13T13:11:24.291+0000] {processor.py:840} INFO - DAG(s) 'extract_open_meteo_v2' retrieved from /opt/airflow/dags/extract_open_meteo_dag.py
[2025-10-13T13:11:24.349+0000] {logging_mixin.py:188} INFO - [2025-10-13T13:11:24.349+0000] {dag.py:3047} INFO - Sync 1 DAGs
[2025-10-13T13:11:24.390+0000] {logging_mixin.py:188} INFO - [2025-10-13T13:11:24.390+0000] {dag.py:3834} INFO - Setting next_dagrun for extract_open_meteo_v2 to 2025-10-12 22:00:00+00:00, run_after=2025-10-13 22:00:00+00:00
[2025-10-13T13:11:24.457+0000] {processor.py:183} INFO - Processing /opt/airflow/dags/extract_open_meteo_dag.py took 0.205 seconds
[2025-10-13T13:11:54.882+0000] {processor.py:161} INFO - Started process (PID=12387) to work on /opt/airflow/dags/extract_open_meteo_dag.py
[2025-10-13T13:11:54.883+0000] {processor.py:830} INFO - Processing file /opt/airflow/dags/extract_open_meteo_dag.py for tasks to queue
[2025-10-13T13:11:54.885+0000] {logging_mixin.py:188} INFO - [2025-10-13T13:11:54.884+0000] {dagbag.py:540} INFO - Filling up the DagBag from /opt/airflow/dags/extract_open_meteo_dag.py
[2025-10-13T13:11:54.912+0000] {processor.py:840} INFO - DAG(s) 'extract_open_meteo_v2' retrieved from /opt/airflow/dags/extract_open_meteo_dag.py
[2025-10-13T13:11:54.975+0000] {logging_mixin.py:188} INFO - [2025-10-13T13:11:54.975+0000] {dag.py:3047} INFO - Sync 1 DAGs
[2025-10-13T13:11:55.019+0000] {logging_mixin.py:188} INFO - [2025-10-13T13:11:55.018+0000] {dag.py:3834} INFO - Setting next_dagrun for extract_open_meteo_v2 to 2025-10-12 22:00:00+00:00, run_after=2025-10-13 22:00:00+00:00
[2025-10-13T13:11:55.070+0000] {processor.py:183} INFO - Processing /opt/airflow/dags/extract_open_meteo_dag.py took 0.192 seconds
[2025-10-13T13:12:25.662+0000] {processor.py:161} INFO - Started process (PID=12402) to work on /opt/airflow/dags/extract_open_meteo_dag.py
[2025-10-13T13:12:25.664+0000] {processor.py:830} INFO - Processing file /opt/airflow/dags/extract_open_meteo_dag.py for tasks to queue
[2025-10-13T13:12:25.665+0000] {logging_mixin.py:188} INFO - [2025-10-13T13:12:25.665+0000] {dagbag.py:540} INFO - Filling up the DagBag from /opt/airflow/dags/extract_open_meteo_dag.py
[2025-10-13T13:12:25.692+0000] {processor.py:840} INFO - DAG(s) 'extract_open_meteo_v2' retrieved from /opt/airflow/dags/extract_open_meteo_dag.py
[2025-10-13T13:12:25.753+0000] {logging_mixin.py:188} INFO - [2025-10-13T13:12:25.752+0000] {dag.py:3047} INFO - Sync 1 DAGs
[2025-10-13T13:12:25.798+0000] {logging_mixin.py:188} INFO - [2025-10-13T13:12:25.798+0000] {dag.py:3834} INFO - Setting next_dagrun for extract_open_meteo_v2 to 2025-10-12 22:00:00+00:00, run_after=2025-10-13 22:00:00+00:00
[2025-10-13T13:12:25.850+0000] {processor.py:183} INFO - Processing /opt/airflow/dags/extract_open_meteo_dag.py took 0.191 seconds
[2025-10-13T13:12:56.525+0000] {processor.py:161} INFO - Started process (PID=12417) to work on /opt/airflow/dags/extract_open_meteo_dag.py
[2025-10-13T13:12:56.526+0000] {processor.py:830} INFO - Processing file /opt/airflow/dags/extract_open_meteo_dag.py for tasks to queue
[2025-10-13T13:12:56.528+0000] {logging_mixin.py:188} INFO - [2025-10-13T13:12:56.527+0000] {dagbag.py:540} INFO - Filling up the DagBag from /opt/airflow/dags/extract_open_meteo_dag.py
[2025-10-13T13:12:56.554+0000] {processor.py:840} INFO - DAG(s) 'extract_open_meteo_v2' retrieved from /opt/airflow/dags/extract_open_meteo_dag.py
[2025-10-13T13:12:56.611+0000] {logging_mixin.py:188} INFO - [2025-10-13T13:12:56.610+0000] {dag.py:3047} INFO - Sync 1 DAGs
[2025-10-13T13:12:56.650+0000] {logging_mixin.py:188} INFO - [2025-10-13T13:12:56.649+0000] {dag.py:3834} INFO - Setting next_dagrun for extract_open_meteo_v2 to 2025-10-12 22:00:00+00:00, run_after=2025-10-13 22:00:00+00:00
[2025-10-13T13:12:56.716+0000] {processor.py:183} INFO - Processing /opt/airflow/dags/extract_open_meteo_dag.py took 0.194 seconds
[2025-10-13T13:13:27.240+0000] {processor.py:161} INFO - Started process (PID=12432) to work on /opt/airflow/dags/extract_open_meteo_dag.py
[2025-10-13T13:13:27.241+0000] {processor.py:830} INFO - Processing file /opt/airflow/dags/extract_open_meteo_dag.py for tasks to queue
[2025-10-13T13:13:27.243+0000] {logging_mixin.py:188} INFO - [2025-10-13T13:13:27.243+0000] {dagbag.py:540} INFO - Filling up the DagBag from /opt/airflow/dags/extract_open_meteo_dag.py
[2025-10-13T13:13:27.272+0000] {processor.py:840} INFO - DAG(s) 'extract_open_meteo_v2' retrieved from /opt/airflow/dags/extract_open_meteo_dag.py
[2025-10-13T13:13:27.336+0000] {logging_mixin.py:188} INFO - [2025-10-13T13:13:27.336+0000] {dag.py:3047} INFO - Sync 1 DAGs
[2025-10-13T13:13:27.383+0000] {logging_mixin.py:188} INFO - [2025-10-13T13:13:27.382+0000] {dag.py:3834} INFO - Setting next_dagrun for extract_open_meteo_v2 to 2025-10-12 22:00:00+00:00, run_after=2025-10-13 22:00:00+00:00
[2025-10-13T13:13:27.442+0000] {processor.py:183} INFO - Processing /opt/airflow/dags/extract_open_meteo_dag.py took 0.206 seconds
[2025-10-13T13:13:57.984+0000] {processor.py:161} INFO - Started process (PID=12447) to work on /opt/airflow/dags/extract_open_meteo_dag.py
[2025-10-13T13:13:57.986+0000] {processor.py:830} INFO - Processing file /opt/airflow/dags/extract_open_meteo_dag.py for tasks to queue
[2025-10-13T13:13:57.989+0000] {logging_mixin.py:188} INFO - [2025-10-13T13:13:57.988+0000] {dagbag.py:540} INFO - Filling up the DagBag from /opt/airflow/dags/extract_open_meteo_dag.py
[2025-10-13T13:13:58.039+0000] {processor.py:840} INFO - DAG(s) 'extract_open_meteo_v2' retrieved from /opt/airflow/dags/extract_open_meteo_dag.py
[2025-10-13T13:13:58.144+0000] {logging_mixin.py:188} INFO - [2025-10-13T13:13:58.143+0000] {dag.py:3047} INFO - Sync 1 DAGs
[2025-10-13T13:13:58.221+0000] {logging_mixin.py:188} INFO - [2025-10-13T13:13:58.221+0000] {dag.py:3834} INFO - Setting next_dagrun for extract_open_meteo_v2 to 2025-10-12 22:00:00+00:00, run_after=2025-10-13 22:00:00+00:00
[2025-10-13T13:13:58.296+0000] {processor.py:183} INFO - Processing /opt/airflow/dags/extract_open_meteo_dag.py took 0.320 seconds
[2025-10-13T13:14:28.826+0000] {processor.py:161} INFO - Started process (PID=12462) to work on /opt/airflow/dags/extract_open_meteo_dag.py
[2025-10-13T13:14:28.828+0000] {processor.py:830} INFO - Processing file /opt/airflow/dags/extract_open_meteo_dag.py for tasks to queue
[2025-10-13T13:14:28.830+0000] {logging_mixin.py:188} INFO - [2025-10-13T13:14:28.830+0000] {dagbag.py:540} INFO - Filling up the DagBag from /opt/airflow/dags/extract_open_meteo_dag.py
[2025-10-13T13:14:28.865+0000] {processor.py:840} INFO - DAG(s) 'extract_open_meteo_v2' retrieved from /opt/airflow/dags/extract_open_meteo_dag.py
[2025-10-13T13:14:28.938+0000] {logging_mixin.py:188} INFO - [2025-10-13T13:14:28.938+0000] {dag.py:3047} INFO - Sync 1 DAGs
[2025-10-13T13:14:28.988+0000] {logging_mixin.py:188} INFO - [2025-10-13T13:14:28.988+0000] {dag.py:3834} INFO - Setting next_dagrun for extract_open_meteo_v2 to 2025-10-12 22:00:00+00:00, run_after=2025-10-13 22:00:00+00:00
[2025-10-13T13:14:29.059+0000] {processor.py:183} INFO - Processing /opt/airflow/dags/extract_open_meteo_dag.py took 0.238 seconds
[2025-10-13T13:14:59.307+0000] {processor.py:161} INFO - Started process (PID=12477) to work on /opt/airflow/dags/extract_open_meteo_dag.py
[2025-10-13T13:14:59.309+0000] {processor.py:830} INFO - Processing file /opt/airflow/dags/extract_open_meteo_dag.py for tasks to queue
[2025-10-13T13:14:59.311+0000] {logging_mixin.py:188} INFO - [2025-10-13T13:14:59.311+0000] {dagbag.py:540} INFO - Filling up the DagBag from /opt/airflow/dags/extract_open_meteo_dag.py
[2025-10-13T13:14:59.350+0000] {processor.py:840} INFO - DAG(s) 'extract_open_meteo_v2' retrieved from /opt/airflow/dags/extract_open_meteo_dag.py
[2025-10-13T13:14:59.419+0000] {logging_mixin.py:188} INFO - [2025-10-13T13:14:59.419+0000] {dag.py:3047} INFO - Sync 1 DAGs
[2025-10-13T13:14:59.464+0000] {logging_mixin.py:188} INFO - [2025-10-13T13:14:59.464+0000] {dag.py:3834} INFO - Setting next_dagrun for extract_open_meteo_v2 to 2025-10-12 22:00:00+00:00, run_after=2025-10-13 22:00:00+00:00
[2025-10-13T13:14:59.531+0000] {processor.py:183} INFO - Processing /opt/airflow/dags/extract_open_meteo_dag.py took 0.230 seconds
[2025-10-13T13:15:29.928+0000] {processor.py:161} INFO - Started process (PID=12492) to work on /opt/airflow/dags/extract_open_meteo_dag.py
[2025-10-13T13:15:29.930+0000] {processor.py:830} INFO - Processing file /opt/airflow/dags/extract_open_meteo_dag.py for tasks to queue
[2025-10-13T13:15:29.931+0000] {logging_mixin.py:188} INFO - [2025-10-13T13:15:29.931+0000] {dagbag.py:540} INFO - Filling up the DagBag from /opt/airflow/dags/extract_open_meteo_dag.py
[2025-10-13T13:15:29.961+0000] {processor.py:840} INFO - DAG(s) 'extract_open_meteo_v2' retrieved from /opt/airflow/dags/extract_open_meteo_dag.py
[2025-10-13T13:15:30.021+0000] {logging_mixin.py:188} INFO - [2025-10-13T13:15:30.021+0000] {dag.py:3047} INFO - Sync 1 DAGs
[2025-10-13T13:15:30.067+0000] {logging_mixin.py:188} INFO - [2025-10-13T13:15:30.067+0000] {dag.py:3834} INFO - Setting next_dagrun for extract_open_meteo_v2 to 2025-10-12 22:00:00+00:00, run_after=2025-10-13 22:00:00+00:00
[2025-10-13T13:15:30.133+0000] {processor.py:183} INFO - Processing /opt/airflow/dags/extract_open_meteo_dag.py took 0.208 seconds
[2025-10-13T13:16:00.726+0000] {processor.py:161} INFO - Started process (PID=12507) to work on /opt/airflow/dags/extract_open_meteo_dag.py
[2025-10-13T13:16:00.728+0000] {processor.py:830} INFO - Processing file /opt/airflow/dags/extract_open_meteo_dag.py for tasks to queue
[2025-10-13T13:16:00.731+0000] {logging_mixin.py:188} INFO - [2025-10-13T13:16:00.730+0000] {dagbag.py:540} INFO - Filling up the DagBag from /opt/airflow/dags/extract_open_meteo_dag.py
[2025-10-13T13:16:00.772+0000] {processor.py:840} INFO - DAG(s) 'extract_open_meteo_v2' retrieved from /opt/airflow/dags/extract_open_meteo_dag.py
[2025-10-13T13:16:00.845+0000] {logging_mixin.py:188} INFO - [2025-10-13T13:16:00.844+0000] {dag.py:3047} INFO - Sync 1 DAGs
[2025-10-13T13:16:00.899+0000] {logging_mixin.py:188} INFO - [2025-10-13T13:16:00.898+0000] {dag.py:3834} INFO - Setting next_dagrun for extract_open_meteo_v2 to 2025-10-12 22:00:00+00:00, run_after=2025-10-13 22:00:00+00:00
[2025-10-13T13:16:00.954+0000] {processor.py:183} INFO - Processing /opt/airflow/dags/extract_open_meteo_dag.py took 0.235 seconds
[2025-10-13T13:16:31.423+0000] {processor.py:161} INFO - Started process (PID=12522) to work on /opt/airflow/dags/extract_open_meteo_dag.py
[2025-10-13T13:16:31.425+0000] {processor.py:830} INFO - Processing file /opt/airflow/dags/extract_open_meteo_dag.py for tasks to queue
[2025-10-13T13:16:31.426+0000] {logging_mixin.py:188} INFO - [2025-10-13T13:16:31.426+0000] {dagbag.py:540} INFO - Filling up the DagBag from /opt/airflow/dags/extract_open_meteo_dag.py
[2025-10-13T13:16:31.464+0000] {processor.py:840} INFO - DAG(s) 'extract_open_meteo_v2' retrieved from /opt/airflow/dags/extract_open_meteo_dag.py
[2025-10-13T13:16:31.532+0000] {logging_mixin.py:188} INFO - [2025-10-13T13:16:31.531+0000] {dag.py:3047} INFO - Sync 1 DAGs
[2025-10-13T13:16:31.579+0000] {logging_mixin.py:188} INFO - [2025-10-13T13:16:31.578+0000] {dag.py:3834} INFO - Setting next_dagrun for extract_open_meteo_v2 to 2025-10-12 22:00:00+00:00, run_after=2025-10-13 22:00:00+00:00
[2025-10-13T13:16:31.641+0000] {processor.py:183} INFO - Processing /opt/airflow/dags/extract_open_meteo_dag.py took 0.223 seconds
[2025-10-13T13:17:01.997+0000] {processor.py:161} INFO - Started process (PID=12537) to work on /opt/airflow/dags/extract_open_meteo_dag.py
[2025-10-13T13:17:01.999+0000] {processor.py:830} INFO - Processing file /opt/airflow/dags/extract_open_meteo_dag.py for tasks to queue
[2025-10-13T13:17:02.001+0000] {logging_mixin.py:188} INFO - [2025-10-13T13:17:02.000+0000] {dagbag.py:540} INFO - Filling up the DagBag from /opt/airflow/dags/extract_open_meteo_dag.py
[2025-10-13T13:17:02.029+0000] {processor.py:840} INFO - DAG(s) 'extract_open_meteo_v2' retrieved from /opt/airflow/dags/extract_open_meteo_dag.py
[2025-10-13T13:17:02.091+0000] {logging_mixin.py:188} INFO - [2025-10-13T13:17:02.091+0000] {dag.py:3047} INFO - Sync 1 DAGs
[2025-10-13T13:17:02.138+0000] {logging_mixin.py:188} INFO - [2025-10-13T13:17:02.137+0000] {dag.py:3834} INFO - Setting next_dagrun for extract_open_meteo_v2 to 2025-10-12 22:00:00+00:00, run_after=2025-10-13 22:00:00+00:00
[2025-10-13T13:17:02.205+0000] {processor.py:183} INFO - Processing /opt/airflow/dags/extract_open_meteo_dag.py took 0.214 seconds
[2025-10-13T13:17:32.520+0000] {processor.py:161} INFO - Started process (PID=12552) to work on /opt/airflow/dags/extract_open_meteo_dag.py
[2025-10-13T13:17:32.522+0000] {processor.py:830} INFO - Processing file /opt/airflow/dags/extract_open_meteo_dag.py for tasks to queue
[2025-10-13T13:17:32.523+0000] {logging_mixin.py:188} INFO - [2025-10-13T13:17:32.523+0000] {dagbag.py:540} INFO - Filling up the DagBag from /opt/airflow/dags/extract_open_meteo_dag.py
[2025-10-13T13:17:32.579+0000] {processor.py:840} INFO - DAG(s) 'extract_open_meteo_v2' retrieved from /opt/airflow/dags/extract_open_meteo_dag.py
[2025-10-13T13:17:32.690+0000] {logging_mixin.py:188} INFO - [2025-10-13T13:17:32.690+0000] {dag.py:3047} INFO - Sync 1 DAGs
[2025-10-13T13:17:32.762+0000] {logging_mixin.py:188} INFO - [2025-10-13T13:17:32.762+0000] {dag.py:3834} INFO - Setting next_dagrun for extract_open_meteo_v2 to 2025-10-12 22:00:00+00:00, run_after=2025-10-13 22:00:00+00:00
[2025-10-13T13:17:32.829+0000] {processor.py:183} INFO - Processing /opt/airflow/dags/extract_open_meteo_dag.py took 0.317 seconds
[2025-10-13T13:18:03.219+0000] {processor.py:161} INFO - Started process (PID=12567) to work on /opt/airflow/dags/extract_open_meteo_dag.py
[2025-10-13T13:18:03.220+0000] {processor.py:830} INFO - Processing file /opt/airflow/dags/extract_open_meteo_dag.py for tasks to queue
[2025-10-13T13:18:03.222+0000] {logging_mixin.py:188} INFO - [2025-10-13T13:18:03.222+0000] {dagbag.py:540} INFO - Filling up the DagBag from /opt/airflow/dags/extract_open_meteo_dag.py
[2025-10-13T13:18:03.254+0000] {processor.py:840} INFO - DAG(s) 'extract_open_meteo_v2' retrieved from /opt/airflow/dags/extract_open_meteo_dag.py
[2025-10-13T13:18:03.320+0000] {logging_mixin.py:188} INFO - [2025-10-13T13:18:03.319+0000] {dag.py:3047} INFO - Sync 1 DAGs
[2025-10-13T13:18:03.365+0000] {logging_mixin.py:188} INFO - [2025-10-13T13:18:03.365+0000] {dag.py:3834} INFO - Setting next_dagrun for extract_open_meteo_v2 to 2025-10-12 22:00:00+00:00, run_after=2025-10-13 22:00:00+00:00
[2025-10-13T13:18:03.417+0000] {processor.py:183} INFO - Processing /opt/airflow/dags/extract_open_meteo_dag.py took 0.201 seconds
[2025-10-13T13:18:33.926+0000] {processor.py:161} INFO - Started process (PID=12582) to work on /opt/airflow/dags/extract_open_meteo_dag.py
[2025-10-13T13:18:33.929+0000] {processor.py:830} INFO - Processing file /opt/airflow/dags/extract_open_meteo_dag.py for tasks to queue
[2025-10-13T13:18:33.931+0000] {logging_mixin.py:188} INFO - [2025-10-13T13:18:33.930+0000] {dagbag.py:540} INFO - Filling up the DagBag from /opt/airflow/dags/extract_open_meteo_dag.py
[2025-10-13T13:18:33.961+0000] {processor.py:840} INFO - DAG(s) 'extract_open_meteo_v2' retrieved from /opt/airflow/dags/extract_open_meteo_dag.py
[2025-10-13T13:18:34.024+0000] {logging_mixin.py:188} INFO - [2025-10-13T13:18:34.024+0000] {dag.py:3047} INFO - Sync 1 DAGs
[2025-10-13T13:18:34.203+0000] {logging_mixin.py:188} INFO - [2025-10-13T13:18:34.203+0000] {dag.py:3834} INFO - Setting next_dagrun for extract_open_meteo_v2 to 2025-10-12 22:00:00+00:00, run_after=2025-10-13 22:00:00+00:00
[2025-10-13T13:18:34.598+0000] {processor.py:183} INFO - Processing /opt/airflow/dags/extract_open_meteo_dag.py took 0.677 seconds
[2025-10-13T13:19:05.214+0000] {processor.py:161} INFO - Started process (PID=12597) to work on /opt/airflow/dags/extract_open_meteo_dag.py
[2025-10-13T13:19:05.216+0000] {processor.py:830} INFO - Processing file /opt/airflow/dags/extract_open_meteo_dag.py for tasks to queue
[2025-10-13T13:19:05.219+0000] {logging_mixin.py:188} INFO - [2025-10-13T13:19:05.218+0000] {dagbag.py:540} INFO - Filling up the DagBag from /opt/airflow/dags/extract_open_meteo_dag.py
[2025-10-13T13:19:05.260+0000] {processor.py:840} INFO - DAG(s) 'extract_open_meteo_v2' retrieved from /opt/airflow/dags/extract_open_meteo_dag.py
[2025-10-13T13:19:05.330+0000] {logging_mixin.py:188} INFO - [2025-10-13T13:19:05.330+0000] {dag.py:3047} INFO - Sync 1 DAGs
[2025-10-13T13:19:05.398+0000] {logging_mixin.py:188} INFO - [2025-10-13T13:19:05.398+0000] {dag.py:3834} INFO - Setting next_dagrun for extract_open_meteo_v2 to 2025-10-12 22:00:00+00:00, run_after=2025-10-13 22:00:00+00:00
[2025-10-13T13:19:05.496+0000] {processor.py:183} INFO - Processing /opt/airflow/dags/extract_open_meteo_dag.py took 0.288 seconds
[2025-10-13T13:19:35.982+0000] {processor.py:161} INFO - Started process (PID=12612) to work on /opt/airflow/dags/extract_open_meteo_dag.py
[2025-10-13T13:19:35.984+0000] {processor.py:830} INFO - Processing file /opt/airflow/dags/extract_open_meteo_dag.py for tasks to queue
[2025-10-13T13:19:35.986+0000] {logging_mixin.py:188} INFO - [2025-10-13T13:19:35.986+0000] {dagbag.py:540} INFO - Filling up the DagBag from /opt/airflow/dags/extract_open_meteo_dag.py
[2025-10-13T13:19:36.016+0000] {processor.py:840} INFO - DAG(s) 'extract_open_meteo_v2' retrieved from /opt/airflow/dags/extract_open_meteo_dag.py
[2025-10-13T13:19:36.087+0000] {logging_mixin.py:188} INFO - [2025-10-13T13:19:36.086+0000] {dag.py:3047} INFO - Sync 1 DAGs
[2025-10-13T13:19:36.133+0000] {logging_mixin.py:188} INFO - [2025-10-13T13:19:36.133+0000] {dag.py:3834} INFO - Setting next_dagrun for extract_open_meteo_v2 to 2025-10-12 22:00:00+00:00, run_after=2025-10-13 22:00:00+00:00
[2025-10-13T13:19:36.193+0000] {processor.py:183} INFO - Processing /opt/airflow/dags/extract_open_meteo_dag.py took 0.227 seconds
[2025-10-13T13:20:06.678+0000] {processor.py:161} INFO - Started process (PID=12627) to work on /opt/airflow/dags/extract_open_meteo_dag.py
[2025-10-13T13:20:06.680+0000] {processor.py:830} INFO - Processing file /opt/airflow/dags/extract_open_meteo_dag.py for tasks to queue
[2025-10-13T13:20:06.681+0000] {logging_mixin.py:188} INFO - [2025-10-13T13:20:06.681+0000] {dagbag.py:540} INFO - Filling up the DagBag from /opt/airflow/dags/extract_open_meteo_dag.py
[2025-10-13T13:20:06.713+0000] {processor.py:840} INFO - DAG(s) 'extract_open_meteo_v2' retrieved from /opt/airflow/dags/extract_open_meteo_dag.py
[2025-10-13T13:20:06.777+0000] {logging_mixin.py:188} INFO - [2025-10-13T13:20:06.777+0000] {dag.py:3047} INFO - Sync 1 DAGs
[2025-10-13T13:20:06.820+0000] {logging_mixin.py:188} INFO - [2025-10-13T13:20:06.820+0000] {dag.py:3834} INFO - Setting next_dagrun for extract_open_meteo_v2 to 2025-10-12 22:00:00+00:00, run_after=2025-10-13 22:00:00+00:00
[2025-10-13T13:20:06.875+0000] {processor.py:183} INFO - Processing /opt/airflow/dags/extract_open_meteo_dag.py took 0.200 seconds
[2025-10-13T13:20:37.303+0000] {processor.py:161} INFO - Started process (PID=12642) to work on /opt/airflow/dags/extract_open_meteo_dag.py
[2025-10-13T13:20:37.304+0000] {processor.py:830} INFO - Processing file /opt/airflow/dags/extract_open_meteo_dag.py for tasks to queue
[2025-10-13T13:20:37.306+0000] {logging_mixin.py:188} INFO - [2025-10-13T13:20:37.306+0000] {dagbag.py:540} INFO - Filling up the DagBag from /opt/airflow/dags/extract_open_meteo_dag.py
[2025-10-13T13:20:37.335+0000] {processor.py:840} INFO - DAG(s) 'extract_open_meteo_v2' retrieved from /opt/airflow/dags/extract_open_meteo_dag.py
[2025-10-13T13:20:37.396+0000] {logging_mixin.py:188} INFO - [2025-10-13T13:20:37.396+0000] {dag.py:3047} INFO - Sync 1 DAGs
[2025-10-13T13:20:37.444+0000] {logging_mixin.py:188} INFO - [2025-10-13T13:20:37.443+0000] {dag.py:3834} INFO - Setting next_dagrun for extract_open_meteo_v2 to 2025-10-12 22:00:00+00:00, run_after=2025-10-13 22:00:00+00:00
[2025-10-13T13:20:37.504+0000] {processor.py:183} INFO - Processing /opt/airflow/dags/extract_open_meteo_dag.py took 0.205 seconds
[2025-10-13T13:21:07.985+0000] {processor.py:161} INFO - Started process (PID=12657) to work on /opt/airflow/dags/extract_open_meteo_dag.py
[2025-10-13T13:21:07.988+0000] {processor.py:830} INFO - Processing file /opt/airflow/dags/extract_open_meteo_dag.py for tasks to queue
[2025-10-13T13:21:07.990+0000] {logging_mixin.py:188} INFO - [2025-10-13T13:21:07.989+0000] {dagbag.py:540} INFO - Filling up the DagBag from /opt/airflow/dags/extract_open_meteo_dag.py
[2025-10-13T13:21:08.032+0000] {processor.py:840} INFO - DAG(s) 'extract_open_meteo_v2' retrieved from /opt/airflow/dags/extract_open_meteo_dag.py
[2025-10-13T13:21:08.156+0000] {logging_mixin.py:188} INFO - [2025-10-13T13:21:08.156+0000] {dag.py:3047} INFO - Sync 1 DAGs
[2025-10-13T13:21:08.215+0000] {logging_mixin.py:188} INFO - [2025-10-13T13:21:08.215+0000] {dag.py:3834} INFO - Setting next_dagrun for extract_open_meteo_v2 to 2025-10-12 22:00:00+00:00, run_after=2025-10-13 22:00:00+00:00
[2025-10-13T13:21:08.318+0000] {processor.py:183} INFO - Processing /opt/airflow/dags/extract_open_meteo_dag.py took 0.339 seconds
[2025-10-13T13:21:38.850+0000] {processor.py:161} INFO - Started process (PID=12672) to work on /opt/airflow/dags/extract_open_meteo_dag.py
[2025-10-13T13:21:38.852+0000] {processor.py:830} INFO - Processing file /opt/airflow/dags/extract_open_meteo_dag.py for tasks to queue
[2025-10-13T13:21:38.855+0000] {logging_mixin.py:188} INFO - [2025-10-13T13:21:38.854+0000] {dagbag.py:540} INFO - Filling up the DagBag from /opt/airflow/dags/extract_open_meteo_dag.py
[2025-10-13T13:21:38.889+0000] {processor.py:840} INFO - DAG(s) 'extract_open_meteo_v2' retrieved from /opt/airflow/dags/extract_open_meteo_dag.py
[2025-10-13T13:21:38.946+0000] {logging_mixin.py:188} INFO - [2025-10-13T13:21:38.945+0000] {dag.py:3047} INFO - Sync 1 DAGs
[2025-10-13T13:21:38.991+0000] {logging_mixin.py:188} INFO - [2025-10-13T13:21:38.991+0000] {dag.py:3834} INFO - Setting next_dagrun for extract_open_meteo_v2 to 2025-10-12 22:00:00+00:00, run_after=2025-10-13 22:00:00+00:00
[2025-10-13T13:21:39.044+0000] {processor.py:183} INFO - Processing /opt/airflow/dags/extract_open_meteo_dag.py took 0.198 seconds
[2025-10-13T13:22:09.549+0000] {processor.py:161} INFO - Started process (PID=12687) to work on /opt/airflow/dags/extract_open_meteo_dag.py
[2025-10-13T13:22:09.550+0000] {processor.py:830} INFO - Processing file /opt/airflow/dags/extract_open_meteo_dag.py for tasks to queue
[2025-10-13T13:22:09.552+0000] {logging_mixin.py:188} INFO - [2025-10-13T13:22:09.551+0000] {dagbag.py:540} INFO - Filling up the DagBag from /opt/airflow/dags/extract_open_meteo_dag.py
[2025-10-13T13:22:09.580+0000] {processor.py:840} INFO - DAG(s) 'extract_open_meteo_v2' retrieved from /opt/airflow/dags/extract_open_meteo_dag.py
[2025-10-13T13:22:09.639+0000] {logging_mixin.py:188} INFO - [2025-10-13T13:22:09.639+0000] {dag.py:3047} INFO - Sync 1 DAGs
[2025-10-13T13:22:09.697+0000] {logging_mixin.py:188} INFO - [2025-10-13T13:22:09.697+0000] {dag.py:3834} INFO - Setting next_dagrun for extract_open_meteo_v2 to 2025-10-12 22:00:00+00:00, run_after=2025-10-13 22:00:00+00:00
[2025-10-13T13:22:09.775+0000] {processor.py:183} INFO - Processing /opt/airflow/dags/extract_open_meteo_dag.py took 0.231 seconds
[2025-10-13T13:22:40.252+0000] {processor.py:161} INFO - Started process (PID=12702) to work on /opt/airflow/dags/extract_open_meteo_dag.py
[2025-10-13T13:22:40.255+0000] {processor.py:830} INFO - Processing file /opt/airflow/dags/extract_open_meteo_dag.py for tasks to queue
[2025-10-13T13:22:40.257+0000] {logging_mixin.py:188} INFO - [2025-10-13T13:22:40.257+0000] {dagbag.py:540} INFO - Filling up the DagBag from /opt/airflow/dags/extract_open_meteo_dag.py
[2025-10-13T13:22:40.309+0000] {processor.py:840} INFO - DAG(s) 'extract_open_meteo_v2' retrieved from /opt/airflow/dags/extract_open_meteo_dag.py
[2025-10-13T13:22:40.411+0000] {logging_mixin.py:188} INFO - [2025-10-13T13:22:40.410+0000] {dag.py:3047} INFO - Sync 1 DAGs
[2025-10-13T13:22:40.470+0000] {logging_mixin.py:188} INFO - [2025-10-13T13:22:40.469+0000] {dag.py:3834} INFO - Setting next_dagrun for extract_open_meteo_v2 to 2025-10-12 22:00:00+00:00, run_after=2025-10-13 22:00:00+00:00
[2025-10-13T13:22:40.538+0000] {processor.py:183} INFO - Processing /opt/airflow/dags/extract_open_meteo_dag.py took 0.292 seconds
[2025-10-13T13:23:10.997+0000] {processor.py:161} INFO - Started process (PID=12717) to work on /opt/airflow/dags/extract_open_meteo_dag.py
[2025-10-13T13:23:10.999+0000] {processor.py:830} INFO - Processing file /opt/airflow/dags/extract_open_meteo_dag.py for tasks to queue
[2025-10-13T13:23:11.003+0000] {logging_mixin.py:188} INFO - [2025-10-13T13:23:11.002+0000] {dagbag.py:540} INFO - Filling up the DagBag from /opt/airflow/dags/extract_open_meteo_dag.py
[2025-10-13T13:23:11.034+0000] {processor.py:840} INFO - DAG(s) 'extract_open_meteo_v2' retrieved from /opt/airflow/dags/extract_open_meteo_dag.py
[2025-10-13T13:23:11.099+0000] {logging_mixin.py:188} INFO - [2025-10-13T13:23:11.099+0000] {dag.py:3047} INFO - Sync 1 DAGs
[2025-10-13T13:23:11.148+0000] {logging_mixin.py:188} INFO - [2025-10-13T13:23:11.148+0000] {dag.py:3834} INFO - Setting next_dagrun for extract_open_meteo_v2 to 2025-10-12 22:00:00+00:00, run_after=2025-10-13 22:00:00+00:00
[2025-10-13T13:23:11.204+0000] {processor.py:183} INFO - Processing /opt/airflow/dags/extract_open_meteo_dag.py took 0.211 seconds
[2025-10-13T13:23:42.419+0000] {processor.py:161} INFO - Started process (PID=12732) to work on /opt/airflow/dags/extract_open_meteo_dag.py
[2025-10-13T13:23:42.421+0000] {processor.py:830} INFO - Processing file /opt/airflow/dags/extract_open_meteo_dag.py for tasks to queue
[2025-10-13T13:23:42.424+0000] {logging_mixin.py:188} INFO - [2025-10-13T13:23:42.423+0000] {dagbag.py:540} INFO - Filling up the DagBag from /opt/airflow/dags/extract_open_meteo_dag.py
[2025-10-13T13:23:42.457+0000] {processor.py:840} INFO - DAG(s) 'extract_open_meteo_v2' retrieved from /opt/airflow/dags/extract_open_meteo_dag.py
[2025-10-13T13:23:42.536+0000] {logging_mixin.py:188} INFO - [2025-10-13T13:23:42.535+0000] {dag.py:3047} INFO - Sync 1 DAGs
[2025-10-13T13:23:42.586+0000] {logging_mixin.py:188} INFO - [2025-10-13T13:23:42.586+0000] {dag.py:3834} INFO - Setting next_dagrun for extract_open_meteo_v2 to 2025-10-12 22:00:00+00:00, run_after=2025-10-13 22:00:00+00:00
[2025-10-13T13:23:42.655+0000] {processor.py:183} INFO - Processing /opt/airflow/dags/extract_open_meteo_dag.py took 0.241 seconds
[2025-10-13T13:24:13.199+0000] {processor.py:161} INFO - Started process (PID=12747) to work on /opt/airflow/dags/extract_open_meteo_dag.py
[2025-10-13T13:24:13.201+0000] {processor.py:830} INFO - Processing file /opt/airflow/dags/extract_open_meteo_dag.py for tasks to queue
[2025-10-13T13:24:13.202+0000] {logging_mixin.py:188} INFO - [2025-10-13T13:24:13.202+0000] {dagbag.py:540} INFO - Filling up the DagBag from /opt/airflow/dags/extract_open_meteo_dag.py
[2025-10-13T13:24:13.233+0000] {processor.py:840} INFO - DAG(s) 'extract_open_meteo_v2' retrieved from /opt/airflow/dags/extract_open_meteo_dag.py
[2025-10-13T13:24:13.299+0000] {logging_mixin.py:188} INFO - [2025-10-13T13:24:13.299+0000] {dag.py:3047} INFO - Sync 1 DAGs
[2025-10-13T13:24:13.346+0000] {logging_mixin.py:188} INFO - [2025-10-13T13:24:13.346+0000] {dag.py:3834} INFO - Setting next_dagrun for extract_open_meteo_v2 to 2025-10-12 22:00:00+00:00, run_after=2025-10-13 22:00:00+00:00
[2025-10-13T13:24:13.417+0000] {processor.py:183} INFO - Processing /opt/airflow/dags/extract_open_meteo_dag.py took 0.222 seconds
[2025-10-13T13:24:43.833+0000] {processor.py:161} INFO - Started process (PID=12762) to work on /opt/airflow/dags/extract_open_meteo_dag.py
[2025-10-13T13:24:43.835+0000] {processor.py:830} INFO - Processing file /opt/airflow/dags/extract_open_meteo_dag.py for tasks to queue
[2025-10-13T13:24:43.836+0000] {logging_mixin.py:188} INFO - [2025-10-13T13:24:43.836+0000] {dagbag.py:540} INFO - Filling up the DagBag from /opt/airflow/dags/extract_open_meteo_dag.py
[2025-10-13T13:24:43.863+0000] {processor.py:840} INFO - DAG(s) 'extract_open_meteo_v2' retrieved from /opt/airflow/dags/extract_open_meteo_dag.py
[2025-10-13T13:24:43.918+0000] {logging_mixin.py:188} INFO - [2025-10-13T13:24:43.918+0000] {dag.py:3047} INFO - Sync 1 DAGs
[2025-10-13T13:24:43.960+0000] {logging_mixin.py:188} INFO - [2025-10-13T13:24:43.959+0000] {dag.py:3834} INFO - Setting next_dagrun for extract_open_meteo_v2 to 2025-10-12 22:00:00+00:00, run_after=2025-10-13 22:00:00+00:00
[2025-10-13T13:24:44.018+0000] {processor.py:183} INFO - Processing /opt/airflow/dags/extract_open_meteo_dag.py took 0.189 seconds
[2025-10-13T13:25:14.898+0000] {processor.py:161} INFO - Started process (PID=12777) to work on /opt/airflow/dags/extract_open_meteo_dag.py
[2025-10-13T13:25:14.903+0000] {processor.py:830} INFO - Processing file /opt/airflow/dags/extract_open_meteo_dag.py for tasks to queue
[2025-10-13T13:25:14.909+0000] {logging_mixin.py:188} INFO - [2025-10-13T13:25:14.908+0000] {dagbag.py:540} INFO - Filling up the DagBag from /opt/airflow/dags/extract_open_meteo_dag.py
[2025-10-13T13:25:15.145+0000] {processor.py:840} INFO - DAG(s) 'extract_open_meteo_v2' retrieved from /opt/airflow/dags/extract_open_meteo_dag.py
[2025-10-13T13:25:15.249+0000] {logging_mixin.py:188} INFO - [2025-10-13T13:25:15.249+0000] {dag.py:3047} INFO - Sync 1 DAGs
[2025-10-13T13:25:15.340+0000] {logging_mixin.py:188} INFO - [2025-10-13T13:25:15.340+0000] {dag.py:3834} INFO - Setting next_dagrun for extract_open_meteo_v2 to 2025-10-12 22:00:00+00:00, run_after=2025-10-13 22:00:00+00:00
[2025-10-13T13:25:15.427+0000] {processor.py:183} INFO - Processing /opt/airflow/dags/extract_open_meteo_dag.py took 0.535 seconds
[2025-10-13T13:25:46.078+0000] {processor.py:161} INFO - Started process (PID=12792) to work on /opt/airflow/dags/extract_open_meteo_dag.py
[2025-10-13T13:25:46.081+0000] {processor.py:830} INFO - Processing file /opt/airflow/dags/extract_open_meteo_dag.py for tasks to queue
[2025-10-13T13:25:46.084+0000] {logging_mixin.py:188} INFO - [2025-10-13T13:25:46.083+0000] {dagbag.py:540} INFO - Filling up the DagBag from /opt/airflow/dags/extract_open_meteo_dag.py
[2025-10-13T13:25:46.125+0000] {processor.py:840} INFO - DAG(s) 'extract_open_meteo_v2' retrieved from /opt/airflow/dags/extract_open_meteo_dag.py
[2025-10-13T13:25:46.257+0000] {logging_mixin.py:188} INFO - [2025-10-13T13:25:46.256+0000] {dag.py:3047} INFO - Sync 1 DAGs
[2025-10-13T13:25:46.312+0000] {logging_mixin.py:188} INFO - [2025-10-13T13:25:46.311+0000] {dag.py:3834} INFO - Setting next_dagrun for extract_open_meteo_v2 to 2025-10-12 22:00:00+00:00, run_after=2025-10-13 22:00:00+00:00
[2025-10-13T13:25:46.388+0000] {processor.py:183} INFO - Processing /opt/airflow/dags/extract_open_meteo_dag.py took 0.314 seconds
[2025-10-13T13:26:16.830+0000] {processor.py:161} INFO - Started process (PID=12807) to work on /opt/airflow/dags/extract_open_meteo_dag.py
[2025-10-13T13:26:16.832+0000] {processor.py:830} INFO - Processing file /opt/airflow/dags/extract_open_meteo_dag.py for tasks to queue
[2025-10-13T13:26:16.834+0000] {logging_mixin.py:188} INFO - [2025-10-13T13:26:16.833+0000] {dagbag.py:540} INFO - Filling up the DagBag from /opt/airflow/dags/extract_open_meteo_dag.py
[2025-10-13T13:26:16.865+0000] {processor.py:840} INFO - DAG(s) 'extract_open_meteo_v2' retrieved from /opt/airflow/dags/extract_open_meteo_dag.py
[2025-10-13T13:26:16.932+0000] {logging_mixin.py:188} INFO - [2025-10-13T13:26:16.932+0000] {dag.py:3047} INFO - Sync 1 DAGs
[2025-10-13T13:26:16.980+0000] {logging_mixin.py:188} INFO - [2025-10-13T13:26:16.979+0000] {dag.py:3834} INFO - Setting next_dagrun for extract_open_meteo_v2 to 2025-10-12 22:00:00+00:00, run_after=2025-10-13 22:00:00+00:00
[2025-10-13T13:26:17.064+0000] {processor.py:183} INFO - Processing /opt/airflow/dags/extract_open_meteo_dag.py took 0.237 seconds
[2025-10-13T13:26:47.677+0000] {processor.py:161} INFO - Started process (PID=12822) to work on /opt/airflow/dags/extract_open_meteo_dag.py
[2025-10-13T13:26:47.683+0000] {processor.py:830} INFO - Processing file /opt/airflow/dags/extract_open_meteo_dag.py for tasks to queue
[2025-10-13T13:26:47.685+0000] {logging_mixin.py:188} INFO - [2025-10-13T13:26:47.685+0000] {dagbag.py:540} INFO - Filling up the DagBag from /opt/airflow/dags/extract_open_meteo_dag.py
[2025-10-13T13:26:47.717+0000] {processor.py:840} INFO - DAG(s) 'extract_open_meteo_v2' retrieved from /opt/airflow/dags/extract_open_meteo_dag.py
[2025-10-13T13:26:47.777+0000] {logging_mixin.py:188} INFO - [2025-10-13T13:26:47.776+0000] {dag.py:3047} INFO - Sync 1 DAGs
[2025-10-13T13:26:47.821+0000] {logging_mixin.py:188} INFO - [2025-10-13T13:26:47.821+0000] {dag.py:3834} INFO - Setting next_dagrun for extract_open_meteo_v2 to 2025-10-12 22:00:00+00:00, run_after=2025-10-13 22:00:00+00:00
[2025-10-13T13:26:47.890+0000] {processor.py:183} INFO - Processing /opt/airflow/dags/extract_open_meteo_dag.py took 0.220 seconds
[2025-10-13T13:27:18.372+0000] {processor.py:161} INFO - Started process (PID=12837) to work on /opt/airflow/dags/extract_open_meteo_dag.py
[2025-10-13T13:27:18.374+0000] {processor.py:830} INFO - Processing file /opt/airflow/dags/extract_open_meteo_dag.py for tasks to queue
[2025-10-13T13:27:18.375+0000] {logging_mixin.py:188} INFO - [2025-10-13T13:27:18.375+0000] {dagbag.py:540} INFO - Filling up the DagBag from /opt/airflow/dags/extract_open_meteo_dag.py
[2025-10-13T13:27:18.403+0000] {processor.py:840} INFO - DAG(s) 'extract_open_meteo_v2' retrieved from /opt/airflow/dags/extract_open_meteo_dag.py
[2025-10-13T13:27:18.466+0000] {logging_mixin.py:188} INFO - [2025-10-13T13:27:18.466+0000] {dag.py:3047} INFO - Sync 1 DAGs
[2025-10-13T13:27:18.515+0000] {logging_mixin.py:188} INFO - [2025-10-13T13:27:18.515+0000] {dag.py:3834} INFO - Setting next_dagrun for extract_open_meteo_v2 to 2025-10-12 22:00:00+00:00, run_after=2025-10-13 22:00:00+00:00
[2025-10-13T13:27:18.588+0000] {processor.py:183} INFO - Processing /opt/airflow/dags/extract_open_meteo_dag.py took 0.218 seconds
[2025-10-13T13:27:49.029+0000] {processor.py:161} INFO - Started process (PID=12852) to work on /opt/airflow/dags/extract_open_meteo_dag.py
[2025-10-13T13:27:49.030+0000] {processor.py:830} INFO - Processing file /opt/airflow/dags/extract_open_meteo_dag.py for tasks to queue
[2025-10-13T13:27:49.031+0000] {logging_mixin.py:188} INFO - [2025-10-13T13:27:49.031+0000] {dagbag.py:540} INFO - Filling up the DagBag from /opt/airflow/dags/extract_open_meteo_dag.py
[2025-10-13T13:27:49.058+0000] {processor.py:840} INFO - DAG(s) 'extract_open_meteo_v2' retrieved from /opt/airflow/dags/extract_open_meteo_dag.py
[2025-10-13T13:27:49.124+0000] {logging_mixin.py:188} INFO - [2025-10-13T13:27:49.124+0000] {dag.py:3047} INFO - Sync 1 DAGs
[2025-10-13T13:27:49.167+0000] {logging_mixin.py:188} INFO - [2025-10-13T13:27:49.167+0000] {dag.py:3834} INFO - Setting next_dagrun for extract_open_meteo_v2 to 2025-10-12 22:00:00+00:00, run_after=2025-10-13 22:00:00+00:00
[2025-10-13T13:27:49.242+0000] {processor.py:183} INFO - Processing /opt/airflow/dags/extract_open_meteo_dag.py took 0.216 seconds
[2025-10-13T13:28:19.638+0000] {processor.py:161} INFO - Started process (PID=12867) to work on /opt/airflow/dags/extract_open_meteo_dag.py
[2025-10-13T13:28:19.644+0000] {processor.py:830} INFO - Processing file /opt/airflow/dags/extract_open_meteo_dag.py for tasks to queue
[2025-10-13T13:28:19.647+0000] {logging_mixin.py:188} INFO - [2025-10-13T13:28:19.646+0000] {dagbag.py:540} INFO - Filling up the DagBag from /opt/airflow/dags/extract_open_meteo_dag.py
[2025-10-13T13:28:19.679+0000] {processor.py:840} INFO - DAG(s) 'extract_open_meteo_v2' retrieved from /opt/airflow/dags/extract_open_meteo_dag.py
[2025-10-13T13:28:19.740+0000] {logging_mixin.py:188} INFO - [2025-10-13T13:28:19.740+0000] {dag.py:3047} INFO - Sync 1 DAGs
[2025-10-13T13:28:19.792+0000] {logging_mixin.py:188} INFO - [2025-10-13T13:28:19.792+0000] {dag.py:3834} INFO - Setting next_dagrun for extract_open_meteo_v2 to 2025-10-12 22:00:00+00:00, run_after=2025-10-13 22:00:00+00:00
[2025-10-13T13:28:19.857+0000] {processor.py:183} INFO - Processing /opt/airflow/dags/extract_open_meteo_dag.py took 0.224 seconds
[2025-10-13T13:28:50.448+0000] {processor.py:161} INFO - Started process (PID=12882) to work on /opt/airflow/dags/extract_open_meteo_dag.py
[2025-10-13T13:28:50.450+0000] {processor.py:830} INFO - Processing file /opt/airflow/dags/extract_open_meteo_dag.py for tasks to queue
[2025-10-13T13:28:50.455+0000] {logging_mixin.py:188} INFO - [2025-10-13T13:28:50.454+0000] {dagbag.py:540} INFO - Filling up the DagBag from /opt/airflow/dags/extract_open_meteo_dag.py
[2025-10-13T13:28:50.488+0000] {processor.py:840} INFO - DAG(s) 'extract_open_meteo_v2' retrieved from /opt/airflow/dags/extract_open_meteo_dag.py
[2025-10-13T13:28:50.565+0000] {logging_mixin.py:188} INFO - [2025-10-13T13:28:50.565+0000] {dag.py:3047} INFO - Sync 1 DAGs
[2025-10-13T13:28:50.611+0000] {logging_mixin.py:188} INFO - [2025-10-13T13:28:50.611+0000] {dag.py:3834} INFO - Setting next_dagrun for extract_open_meteo_v2 to 2025-10-12 22:00:00+00:00, run_after=2025-10-13 22:00:00+00:00
[2025-10-13T13:28:50.685+0000] {processor.py:183} INFO - Processing /opt/airflow/dags/extract_open_meteo_dag.py took 0.244 seconds
[2025-10-13T13:29:21.513+0000] {processor.py:161} INFO - Started process (PID=12897) to work on /opt/airflow/dags/extract_open_meteo_dag.py
[2025-10-13T13:29:21.515+0000] {processor.py:830} INFO - Processing file /opt/airflow/dags/extract_open_meteo_dag.py for tasks to queue
[2025-10-13T13:29:21.519+0000] {logging_mixin.py:188} INFO - [2025-10-13T13:29:21.517+0000] {dagbag.py:540} INFO - Filling up the DagBag from /opt/airflow/dags/extract_open_meteo_dag.py
[2025-10-13T13:29:21.565+0000] {processor.py:840} INFO - DAG(s) 'extract_open_meteo_v2' retrieved from /opt/airflow/dags/extract_open_meteo_dag.py
[2025-10-13T13:29:21.651+0000] {logging_mixin.py:188} INFO - [2025-10-13T13:29:21.651+0000] {dag.py:3047} INFO - Sync 1 DAGs
[2025-10-13T13:29:21.715+0000] {logging_mixin.py:188} INFO - [2025-10-13T13:29:21.714+0000] {dag.py:3834} INFO - Setting next_dagrun for extract_open_meteo_v2 to 2025-10-12 22:00:00+00:00, run_after=2025-10-13 22:00:00+00:00
[2025-10-13T13:29:21.778+0000] {processor.py:183} INFO - Processing /opt/airflow/dags/extract_open_meteo_dag.py took 0.273 seconds
[2025-10-13T13:29:52.250+0000] {processor.py:161} INFO - Started process (PID=12912) to work on /opt/airflow/dags/extract_open_meteo_dag.py
[2025-10-13T13:29:52.251+0000] {processor.py:830} INFO - Processing file /opt/airflow/dags/extract_open_meteo_dag.py for tasks to queue
[2025-10-13T13:29:52.254+0000] {logging_mixin.py:188} INFO - [2025-10-13T13:29:52.253+0000] {dagbag.py:540} INFO - Filling up the DagBag from /opt/airflow/dags/extract_open_meteo_dag.py
[2025-10-13T13:29:52.288+0000] {processor.py:840} INFO - DAG(s) 'extract_open_meteo_v2' retrieved from /opt/airflow/dags/extract_open_meteo_dag.py
[2025-10-13T13:29:52.356+0000] {logging_mixin.py:188} INFO - [2025-10-13T13:29:52.356+0000] {dag.py:3047} INFO - Sync 1 DAGs
[2025-10-13T13:29:52.422+0000] {logging_mixin.py:188} INFO - [2025-10-13T13:29:52.421+0000] {dag.py:3834} INFO - Setting next_dagrun for extract_open_meteo_v2 to 2025-10-12 22:00:00+00:00, run_after=2025-10-13 22:00:00+00:00
[2025-10-13T13:29:52.506+0000] {processor.py:183} INFO - Processing /opt/airflow/dags/extract_open_meteo_dag.py took 0.261 seconds
[2025-10-13T13:30:22.846+0000] {processor.py:161} INFO - Started process (PID=12927) to work on /opt/airflow/dags/extract_open_meteo_dag.py
[2025-10-13T13:30:22.848+0000] {processor.py:830} INFO - Processing file /opt/airflow/dags/extract_open_meteo_dag.py for tasks to queue
[2025-10-13T13:30:22.851+0000] {logging_mixin.py:188} INFO - [2025-10-13T13:30:22.850+0000] {dagbag.py:540} INFO - Filling up the DagBag from /opt/airflow/dags/extract_open_meteo_dag.py
[2025-10-13T13:30:22.883+0000] {processor.py:840} INFO - DAG(s) 'extract_open_meteo_v2' retrieved from /opt/airflow/dags/extract_open_meteo_dag.py
[2025-10-13T13:30:22.949+0000] {logging_mixin.py:188} INFO - [2025-10-13T13:30:22.948+0000] {dag.py:3047} INFO - Sync 1 DAGs
[2025-10-13T13:30:23.011+0000] {logging_mixin.py:188} INFO - [2025-10-13T13:30:23.011+0000] {dag.py:3834} INFO - Setting next_dagrun for extract_open_meteo_v2 to 2025-10-12 22:00:00+00:00, run_after=2025-10-13 22:00:00+00:00
[2025-10-13T13:30:23.079+0000] {processor.py:183} INFO - Processing /opt/airflow/dags/extract_open_meteo_dag.py took 0.239 seconds
[2025-10-13T13:30:53.593+0000] {processor.py:161} INFO - Started process (PID=12942) to work on /opt/airflow/dags/extract_open_meteo_dag.py
[2025-10-13T13:30:53.594+0000] {processor.py:830} INFO - Processing file /opt/airflow/dags/extract_open_meteo_dag.py for tasks to queue
[2025-10-13T13:30:53.596+0000] {logging_mixin.py:188} INFO - [2025-10-13T13:30:53.595+0000] {dagbag.py:540} INFO - Filling up the DagBag from /opt/airflow/dags/extract_open_meteo_dag.py
[2025-10-13T13:30:53.627+0000] {processor.py:840} INFO - DAG(s) 'extract_open_meteo_v2' retrieved from /opt/airflow/dags/extract_open_meteo_dag.py
[2025-10-13T13:30:53.692+0000] {logging_mixin.py:188} INFO - [2025-10-13T13:30:53.691+0000] {dag.py:3047} INFO - Sync 1 DAGs
[2025-10-13T13:30:53.739+0000] {logging_mixin.py:188} INFO - [2025-10-13T13:30:53.739+0000] {dag.py:3834} INFO - Setting next_dagrun for extract_open_meteo_v2 to 2025-10-12 22:00:00+00:00, run_after=2025-10-13 22:00:00+00:00
[2025-10-13T13:30:53.807+0000] {processor.py:183} INFO - Processing /opt/airflow/dags/extract_open_meteo_dag.py took 0.218 seconds
[2025-10-13T13:31:24.302+0000] {processor.py:161} INFO - Started process (PID=12957) to work on /opt/airflow/dags/extract_open_meteo_dag.py
[2025-10-13T13:31:24.303+0000] {processor.py:830} INFO - Processing file /opt/airflow/dags/extract_open_meteo_dag.py for tasks to queue
[2025-10-13T13:31:24.305+0000] {logging_mixin.py:188} INFO - [2025-10-13T13:31:24.304+0000] {dagbag.py:540} INFO - Filling up the DagBag from /opt/airflow/dags/extract_open_meteo_dag.py
[2025-10-13T13:31:24.338+0000] {processor.py:840} INFO - DAG(s) 'extract_open_meteo_v2' retrieved from /opt/airflow/dags/extract_open_meteo_dag.py
[2025-10-13T13:31:24.394+0000] {logging_mixin.py:188} INFO - [2025-10-13T13:31:24.393+0000] {dag.py:3047} INFO - Sync 1 DAGs
[2025-10-13T13:31:24.434+0000] {logging_mixin.py:188} INFO - [2025-10-13T13:31:24.434+0000] {dag.py:3834} INFO - Setting next_dagrun for extract_open_meteo_v2 to 2025-10-12 22:00:00+00:00, run_after=2025-10-13 22:00:00+00:00
[2025-10-13T13:31:24.492+0000] {processor.py:183} INFO - Processing /opt/airflow/dags/extract_open_meteo_dag.py took 0.194 seconds
[2025-10-13T13:31:55.135+0000] {processor.py:161} INFO - Started process (PID=12972) to work on /opt/airflow/dags/extract_open_meteo_dag.py
[2025-10-13T13:31:55.138+0000] {processor.py:830} INFO - Processing file /opt/airflow/dags/extract_open_meteo_dag.py for tasks to queue
[2025-10-13T13:31:55.149+0000] {logging_mixin.py:188} INFO - [2025-10-13T13:31:55.148+0000] {dagbag.py:540} INFO - Filling up the DagBag from /opt/airflow/dags/extract_open_meteo_dag.py
[2025-10-13T13:31:55.274+0000] {processor.py:840} INFO - DAG(s) 'extract_open_meteo_v2' retrieved from /opt/airflow/dags/extract_open_meteo_dag.py
[2025-10-13T13:31:55.522+0000] {logging_mixin.py:188} INFO - [2025-10-13T13:31:55.521+0000] {dag.py:3047} INFO - Sync 1 DAGs
[2025-10-13T13:31:55.617+0000] {logging_mixin.py:188} INFO - [2025-10-13T13:31:55.617+0000] {dag.py:3834} INFO - Setting next_dagrun for extract_open_meteo_v2 to 2025-10-12 22:00:00+00:00, run_after=2025-10-13 22:00:00+00:00
[2025-10-13T13:31:55.708+0000] {processor.py:183} INFO - Processing /opt/airflow/dags/extract_open_meteo_dag.py took 0.579 seconds
[2025-10-13T13:32:26.163+0000] {processor.py:161} INFO - Started process (PID=12987) to work on /opt/airflow/dags/extract_open_meteo_dag.py
[2025-10-13T13:32:26.164+0000] {processor.py:830} INFO - Processing file /opt/airflow/dags/extract_open_meteo_dag.py for tasks to queue
[2025-10-13T13:32:26.166+0000] {logging_mixin.py:188} INFO - [2025-10-13T13:32:26.165+0000] {dagbag.py:540} INFO - Filling up the DagBag from /opt/airflow/dags/extract_open_meteo_dag.py
[2025-10-13T13:32:26.193+0000] {processor.py:840} INFO - DAG(s) 'extract_open_meteo_v2' retrieved from /opt/airflow/dags/extract_open_meteo_dag.py
[2025-10-13T13:32:26.249+0000] {logging_mixin.py:188} INFO - [2025-10-13T13:32:26.249+0000] {dag.py:3047} INFO - Sync 1 DAGs
[2025-10-13T13:32:26.289+0000] {logging_mixin.py:188} INFO - [2025-10-13T13:32:26.288+0000] {dag.py:3834} INFO - Setting next_dagrun for extract_open_meteo_v2 to 2025-10-12 22:00:00+00:00, run_after=2025-10-13 22:00:00+00:00
[2025-10-13T13:32:26.363+0000] {processor.py:183} INFO - Processing /opt/airflow/dags/extract_open_meteo_dag.py took 0.203 seconds
[2025-10-13T13:32:56.744+0000] {processor.py:161} INFO - Started process (PID=13002) to work on /opt/airflow/dags/extract_open_meteo_dag.py
[2025-10-13T13:32:56.745+0000] {processor.py:830} INFO - Processing file /opt/airflow/dags/extract_open_meteo_dag.py for tasks to queue
[2025-10-13T13:32:56.747+0000] {logging_mixin.py:188} INFO - [2025-10-13T13:32:56.746+0000] {dagbag.py:540} INFO - Filling up the DagBag from /opt/airflow/dags/extract_open_meteo_dag.py
[2025-10-13T13:32:56.772+0000] {processor.py:840} INFO - DAG(s) 'extract_open_meteo_v2' retrieved from /opt/airflow/dags/extract_open_meteo_dag.py
[2025-10-13T13:32:56.833+0000] {logging_mixin.py:188} INFO - [2025-10-13T13:32:56.833+0000] {dag.py:3047} INFO - Sync 1 DAGs
[2025-10-13T13:32:56.876+0000] {logging_mixin.py:188} INFO - [2025-10-13T13:32:56.876+0000] {dag.py:3834} INFO - Setting next_dagrun for extract_open_meteo_v2 to 2025-10-12 22:00:00+00:00, run_after=2025-10-13 22:00:00+00:00
[2025-10-13T13:32:56.941+0000] {processor.py:183} INFO - Processing /opt/airflow/dags/extract_open_meteo_dag.py took 0.202 seconds
[2025-10-13T13:33:27.176+0000] {processor.py:161} INFO - Started process (PID=13017) to work on /opt/airflow/dags/extract_open_meteo_dag.py
[2025-10-13T13:33:27.178+0000] {processor.py:830} INFO - Processing file /opt/airflow/dags/extract_open_meteo_dag.py for tasks to queue
[2025-10-13T13:33:27.180+0000] {logging_mixin.py:188} INFO - [2025-10-13T13:33:27.179+0000] {dagbag.py:540} INFO - Filling up the DagBag from /opt/airflow/dags/extract_open_meteo_dag.py
[2025-10-13T13:33:27.209+0000] {processor.py:840} INFO - DAG(s) 'extract_open_meteo_v2' retrieved from /opt/airflow/dags/extract_open_meteo_dag.py
[2025-10-13T13:33:27.270+0000] {logging_mixin.py:188} INFO - [2025-10-13T13:33:27.269+0000] {dag.py:3047} INFO - Sync 1 DAGs
[2025-10-13T13:33:27.313+0000] {logging_mixin.py:188} INFO - [2025-10-13T13:33:27.313+0000] {dag.py:3834} INFO - Setting next_dagrun for extract_open_meteo_v2 to 2025-10-12 22:00:00+00:00, run_after=2025-10-13 22:00:00+00:00
[2025-10-13T13:33:27.365+0000] {processor.py:183} INFO - Processing /opt/airflow/dags/extract_open_meteo_dag.py took 0.191 seconds
[2025-10-13T13:33:57.754+0000] {processor.py:161} INFO - Started process (PID=13032) to work on /opt/airflow/dags/extract_open_meteo_dag.py
[2025-10-13T13:33:57.756+0000] {processor.py:830} INFO - Processing file /opt/airflow/dags/extract_open_meteo_dag.py for tasks to queue
[2025-10-13T13:33:57.758+0000] {logging_mixin.py:188} INFO - [2025-10-13T13:33:57.757+0000] {dagbag.py:540} INFO - Filling up the DagBag from /opt/airflow/dags/extract_open_meteo_dag.py
[2025-10-13T13:33:57.787+0000] {processor.py:840} INFO - DAG(s) 'extract_open_meteo_v2' retrieved from /opt/airflow/dags/extract_open_meteo_dag.py
[2025-10-13T13:33:57.844+0000] {logging_mixin.py:188} INFO - [2025-10-13T13:33:57.844+0000] {dag.py:3047} INFO - Sync 1 DAGs
[2025-10-13T13:33:57.883+0000] {logging_mixin.py:188} INFO - [2025-10-13T13:33:57.883+0000] {dag.py:3834} INFO - Setting next_dagrun for extract_open_meteo_v2 to 2025-10-12 22:00:00+00:00, run_after=2025-10-13 22:00:00+00:00
[2025-10-13T13:33:57.944+0000] {processor.py:183} INFO - Processing /opt/airflow/dags/extract_open_meteo_dag.py took 0.193 seconds
[2025-10-13T13:34:28.409+0000] {processor.py:161} INFO - Started process (PID=13047) to work on /opt/airflow/dags/extract_open_meteo_dag.py
[2025-10-13T13:34:28.411+0000] {processor.py:830} INFO - Processing file /opt/airflow/dags/extract_open_meteo_dag.py for tasks to queue
[2025-10-13T13:34:28.412+0000] {logging_mixin.py:188} INFO - [2025-10-13T13:34:28.412+0000] {dagbag.py:540} INFO - Filling up the DagBag from /opt/airflow/dags/extract_open_meteo_dag.py
[2025-10-13T13:34:28.446+0000] {processor.py:840} INFO - DAG(s) 'extract_open_meteo_v2' retrieved from /opt/airflow/dags/extract_open_meteo_dag.py
[2025-10-13T13:34:28.537+0000] {logging_mixin.py:188} INFO - [2025-10-13T13:34:28.536+0000] {dag.py:3047} INFO - Sync 1 DAGs
[2025-10-13T13:34:28.584+0000] {logging_mixin.py:188} INFO - [2025-10-13T13:34:28.584+0000] {dag.py:3834} INFO - Setting next_dagrun for extract_open_meteo_v2 to 2025-10-12 22:00:00+00:00, run_after=2025-10-13 22:00:00+00:00
[2025-10-13T13:34:28.649+0000] {processor.py:183} INFO - Processing /opt/airflow/dags/extract_open_meteo_dag.py took 0.246 seconds
[2025-10-13T13:34:59.062+0000] {processor.py:161} INFO - Started process (PID=13062) to work on /opt/airflow/dags/extract_open_meteo_dag.py
[2025-10-13T13:34:59.063+0000] {processor.py:830} INFO - Processing file /opt/airflow/dags/extract_open_meteo_dag.py for tasks to queue
[2025-10-13T13:34:59.065+0000] {logging_mixin.py:188} INFO - [2025-10-13T13:34:59.064+0000] {dagbag.py:540} INFO - Filling up the DagBag from /opt/airflow/dags/extract_open_meteo_dag.py
[2025-10-13T13:34:59.093+0000] {processor.py:840} INFO - DAG(s) 'extract_open_meteo_v2' retrieved from /opt/airflow/dags/extract_open_meteo_dag.py
[2025-10-13T13:34:59.162+0000] {logging_mixin.py:188} INFO - [2025-10-13T13:34:59.161+0000] {dag.py:3047} INFO - Sync 1 DAGs
[2025-10-13T13:34:59.205+0000] {logging_mixin.py:188} INFO - [2025-10-13T13:34:59.204+0000] {dag.py:3834} INFO - Setting next_dagrun for extract_open_meteo_v2 to 2025-10-12 22:00:00+00:00, run_after=2025-10-13 22:00:00+00:00
[2025-10-13T13:34:59.273+0000] {processor.py:183} INFO - Processing /opt/airflow/dags/extract_open_meteo_dag.py took 0.216 seconds
[2025-10-13T13:35:29.712+0000] {processor.py:161} INFO - Started process (PID=13077) to work on /opt/airflow/dags/extract_open_meteo_dag.py
[2025-10-13T13:35:29.713+0000] {processor.py:830} INFO - Processing file /opt/airflow/dags/extract_open_meteo_dag.py for tasks to queue
[2025-10-13T13:35:29.714+0000] {logging_mixin.py:188} INFO - [2025-10-13T13:35:29.714+0000] {dagbag.py:540} INFO - Filling up the DagBag from /opt/airflow/dags/extract_open_meteo_dag.py
[2025-10-13T13:35:29.747+0000] {processor.py:840} INFO - DAG(s) 'extract_open_meteo_v2' retrieved from /opt/airflow/dags/extract_open_meteo_dag.py
[2025-10-13T13:35:29.812+0000] {logging_mixin.py:188} INFO - [2025-10-13T13:35:29.812+0000] {dag.py:3047} INFO - Sync 1 DAGs
[2025-10-13T13:35:29.854+0000] {logging_mixin.py:188} INFO - [2025-10-13T13:35:29.854+0000] {dag.py:3834} INFO - Setting next_dagrun for extract_open_meteo_v2 to 2025-10-12 22:00:00+00:00, run_after=2025-10-13 22:00:00+00:00
[2025-10-13T13:35:29.904+0000] {processor.py:183} INFO - Processing /opt/airflow/dags/extract_open_meteo_dag.py took 0.196 seconds
[2025-10-13T13:36:00.380+0000] {processor.py:161} INFO - Started process (PID=13092) to work on /opt/airflow/dags/extract_open_meteo_dag.py
[2025-10-13T13:36:00.382+0000] {processor.py:830} INFO - Processing file /opt/airflow/dags/extract_open_meteo_dag.py for tasks to queue
[2025-10-13T13:36:00.384+0000] {logging_mixin.py:188} INFO - [2025-10-13T13:36:00.383+0000] {dagbag.py:540} INFO - Filling up the DagBag from /opt/airflow/dags/extract_open_meteo_dag.py
[2025-10-13T13:36:00.415+0000] {processor.py:840} INFO - DAG(s) 'extract_open_meteo_v2' retrieved from /opt/airflow/dags/extract_open_meteo_dag.py
[2025-10-13T13:36:00.478+0000] {logging_mixin.py:188} INFO - [2025-10-13T13:36:00.478+0000] {dag.py:3047} INFO - Sync 1 DAGs
[2025-10-13T13:36:00.528+0000] {logging_mixin.py:188} INFO - [2025-10-13T13:36:00.528+0000] {dag.py:3834} INFO - Setting next_dagrun for extract_open_meteo_v2 to 2025-10-12 22:00:00+00:00, run_after=2025-10-13 22:00:00+00:00
[2025-10-13T13:36:00.600+0000] {processor.py:183} INFO - Processing /opt/airflow/dags/extract_open_meteo_dag.py took 0.223 seconds
[2025-10-13T13:36:30.991+0000] {processor.py:161} INFO - Started process (PID=13107) to work on /opt/airflow/dags/extract_open_meteo_dag.py
[2025-10-13T13:36:30.994+0000] {processor.py:830} INFO - Processing file /opt/airflow/dags/extract_open_meteo_dag.py for tasks to queue
[2025-10-13T13:36:30.996+0000] {logging_mixin.py:188} INFO - [2025-10-13T13:36:30.995+0000] {dagbag.py:540} INFO - Filling up the DagBag from /opt/airflow/dags/extract_open_meteo_dag.py
[2025-10-13T13:36:31.033+0000] {processor.py:840} INFO - DAG(s) 'extract_open_meteo_v2' retrieved from /opt/airflow/dags/extract_open_meteo_dag.py
[2025-10-13T13:36:31.101+0000] {logging_mixin.py:188} INFO - [2025-10-13T13:36:31.100+0000] {dag.py:3047} INFO - Sync 1 DAGs
[2025-10-13T13:36:31.147+0000] {logging_mixin.py:188} INFO - [2025-10-13T13:36:31.146+0000] {dag.py:3834} INFO - Setting next_dagrun for extract_open_meteo_v2 to 2025-10-12 22:00:00+00:00, run_after=2025-10-13 22:00:00+00:00
[2025-10-13T13:36:31.208+0000] {processor.py:183} INFO - Processing /opt/airflow/dags/extract_open_meteo_dag.py took 0.223 seconds
[2025-10-13T13:37:01.621+0000] {processor.py:161} INFO - Started process (PID=13122) to work on /opt/airflow/dags/extract_open_meteo_dag.py
[2025-10-13T13:37:01.624+0000] {processor.py:830} INFO - Processing file /opt/airflow/dags/extract_open_meteo_dag.py for tasks to queue
[2025-10-13T13:37:01.626+0000] {logging_mixin.py:188} INFO - [2025-10-13T13:37:01.625+0000] {dagbag.py:540} INFO - Filling up the DagBag from /opt/airflow/dags/extract_open_meteo_dag.py
[2025-10-13T13:37:01.663+0000] {processor.py:840} INFO - DAG(s) 'extract_open_meteo_v2' retrieved from /opt/airflow/dags/extract_open_meteo_dag.py
[2025-10-13T13:37:01.729+0000] {logging_mixin.py:188} INFO - [2025-10-13T13:37:01.729+0000] {dag.py:3047} INFO - Sync 1 DAGs
[2025-10-13T13:37:01.776+0000] {logging_mixin.py:188} INFO - [2025-10-13T13:37:01.776+0000] {dag.py:3834} INFO - Setting next_dagrun for extract_open_meteo_v2 to 2025-10-12 22:00:00+00:00, run_after=2025-10-13 22:00:00+00:00
[2025-10-13T13:37:01.847+0000] {processor.py:183} INFO - Processing /opt/airflow/dags/extract_open_meteo_dag.py took 0.230 seconds
[2025-10-13T13:37:32.077+0000] {processor.py:161} INFO - Started process (PID=13137) to work on /opt/airflow/dags/extract_open_meteo_dag.py
[2025-10-13T13:37:32.078+0000] {processor.py:830} INFO - Processing file /opt/airflow/dags/extract_open_meteo_dag.py for tasks to queue
[2025-10-13T13:37:32.080+0000] {logging_mixin.py:188} INFO - [2025-10-13T13:37:32.080+0000] {dagbag.py:540} INFO - Filling up the DagBag from /opt/airflow/dags/extract_open_meteo_dag.py
[2025-10-13T13:37:32.111+0000] {processor.py:840} INFO - DAG(s) 'extract_open_meteo_v2' retrieved from /opt/airflow/dags/extract_open_meteo_dag.py
[2025-10-13T13:37:32.174+0000] {logging_mixin.py:188} INFO - [2025-10-13T13:37:32.173+0000] {dag.py:3047} INFO - Sync 1 DAGs
[2025-10-13T13:37:32.219+0000] {logging_mixin.py:188} INFO - [2025-10-13T13:37:32.218+0000] {dag.py:3834} INFO - Setting next_dagrun for extract_open_meteo_v2 to 2025-10-12 22:00:00+00:00, run_after=2025-10-13 22:00:00+00:00
[2025-10-13T13:37:32.304+0000] {processor.py:183} INFO - Processing /opt/airflow/dags/extract_open_meteo_dag.py took 0.230 seconds
[2025-10-13T13:38:02.862+0000] {processor.py:161} INFO - Started process (PID=13152) to work on /opt/airflow/dags/extract_open_meteo_dag.py
[2025-10-13T13:38:02.863+0000] {processor.py:830} INFO - Processing file /opt/airflow/dags/extract_open_meteo_dag.py for tasks to queue
[2025-10-13T13:38:02.866+0000] {logging_mixin.py:188} INFO - [2025-10-13T13:38:02.866+0000] {dagbag.py:540} INFO - Filling up the DagBag from /opt/airflow/dags/extract_open_meteo_dag.py
[2025-10-13T13:38:02.897+0000] {processor.py:840} INFO - DAG(s) 'extract_open_meteo_v2' retrieved from /opt/airflow/dags/extract_open_meteo_dag.py
[2025-10-13T13:38:02.962+0000] {logging_mixin.py:188} INFO - [2025-10-13T13:38:02.961+0000] {dag.py:3047} INFO - Sync 1 DAGs
[2025-10-13T13:38:03.003+0000] {logging_mixin.py:188} INFO - [2025-10-13T13:38:03.003+0000] {dag.py:3834} INFO - Setting next_dagrun for extract_open_meteo_v2 to 2025-10-12 22:00:00+00:00, run_after=2025-10-13 22:00:00+00:00
[2025-10-13T13:38:03.076+0000] {processor.py:183} INFO - Processing /opt/airflow/dags/extract_open_meteo_dag.py took 0.219 seconds
[2025-10-13T13:38:33.589+0000] {processor.py:161} INFO - Started process (PID=13167) to work on /opt/airflow/dags/extract_open_meteo_dag.py
[2025-10-13T13:38:33.590+0000] {processor.py:830} INFO - Processing file /opt/airflow/dags/extract_open_meteo_dag.py for tasks to queue
[2025-10-13T13:38:33.593+0000] {logging_mixin.py:188} INFO - [2025-10-13T13:38:33.592+0000] {dagbag.py:540} INFO - Filling up the DagBag from /opt/airflow/dags/extract_open_meteo_dag.py
[2025-10-13T13:38:33.653+0000] {processor.py:840} INFO - DAG(s) 'extract_open_meteo_v2' retrieved from /opt/airflow/dags/extract_open_meteo_dag.py
[2025-10-13T13:38:33.728+0000] {logging_mixin.py:188} INFO - [2025-10-13T13:38:33.728+0000] {dag.py:3047} INFO - Sync 1 DAGs
[2025-10-13T13:38:33.776+0000] {logging_mixin.py:188} INFO - [2025-10-13T13:38:33.776+0000] {dag.py:3834} INFO - Setting next_dagrun for extract_open_meteo_v2 to 2025-10-12 22:00:00+00:00, run_after=2025-10-13 22:00:00+00:00
[2025-10-13T13:38:33.834+0000] {processor.py:183} INFO - Processing /opt/airflow/dags/extract_open_meteo_dag.py took 0.250 seconds
[2025-10-13T13:39:05.767+0000] {processor.py:161} INFO - Started process (PID=13181) to work on /opt/airflow/dags/extract_open_meteo_dag.py
[2025-10-13T13:39:05.772+0000] {processor.py:830} INFO - Processing file /opt/airflow/dags/extract_open_meteo_dag.py for tasks to queue
[2025-10-13T13:39:05.776+0000] {logging_mixin.py:188} INFO - [2025-10-13T13:39:05.775+0000] {dagbag.py:540} INFO - Filling up the DagBag from /opt/airflow/dags/extract_open_meteo_dag.py
[2025-10-13T13:39:05.861+0000] {processor.py:840} INFO - DAG(s) 'extract_open_meteo_v2' retrieved from /opt/airflow/dags/extract_open_meteo_dag.py
[2025-10-13T13:39:06.043+0000] {logging_mixin.py:188} INFO - [2025-10-13T13:39:06.043+0000] {dag.py:3047} INFO - Sync 1 DAGs
[2025-10-13T13:39:06.129+0000] {logging_mixin.py:188} INFO - [2025-10-13T13:39:06.129+0000] {dag.py:3834} INFO - Setting next_dagrun for extract_open_meteo_v2 to 2025-10-12 22:00:00+00:00, run_after=2025-10-13 22:00:00+00:00
[2025-10-13T13:39:06.266+0000] {processor.py:183} INFO - Processing /opt/airflow/dags/extract_open_meteo_dag.py took 0.566 seconds
[2025-10-13T13:39:36.729+0000] {processor.py:161} INFO - Started process (PID=13197) to work on /opt/airflow/dags/extract_open_meteo_dag.py
[2025-10-13T13:39:36.731+0000] {processor.py:830} INFO - Processing file /opt/airflow/dags/extract_open_meteo_dag.py for tasks to queue
[2025-10-13T13:39:36.733+0000] {logging_mixin.py:188} INFO - [2025-10-13T13:39:36.733+0000] {dagbag.py:540} INFO - Filling up the DagBag from /opt/airflow/dags/extract_open_meteo_dag.py
[2025-10-13T13:39:36.799+0000] {processor.py:840} INFO - DAG(s) 'extract_open_meteo_v2' retrieved from /opt/airflow/dags/extract_open_meteo_dag.py
[2025-10-13T13:39:36.916+0000] {logging_mixin.py:188} INFO - [2025-10-13T13:39:36.916+0000] {dag.py:3047} INFO - Sync 1 DAGs
[2025-10-13T13:39:36.994+0000] {logging_mixin.py:188} INFO - [2025-10-13T13:39:36.993+0000] {dag.py:3834} INFO - Setting next_dagrun for extract_open_meteo_v2 to 2025-10-12 22:00:00+00:00, run_after=2025-10-13 22:00:00+00:00
[2025-10-13T13:39:37.049+0000] {processor.py:183} INFO - Processing /opt/airflow/dags/extract_open_meteo_dag.py took 0.326 seconds
[2025-10-13T13:40:07.664+0000] {processor.py:161} INFO - Started process (PID=13212) to work on /opt/airflow/dags/extract_open_meteo_dag.py
[2025-10-13T13:40:07.666+0000] {processor.py:830} INFO - Processing file /opt/airflow/dags/extract_open_meteo_dag.py for tasks to queue
[2025-10-13T13:40:07.668+0000] {logging_mixin.py:188} INFO - [2025-10-13T13:40:07.667+0000] {dagbag.py:540} INFO - Filling up the DagBag from /opt/airflow/dags/extract_open_meteo_dag.py
[2025-10-13T13:40:07.710+0000] {processor.py:840} INFO - DAG(s) 'extract_open_meteo_v2' retrieved from /opt/airflow/dags/extract_open_meteo_dag.py
[2025-10-13T13:40:07.792+0000] {logging_mixin.py:188} INFO - [2025-10-13T13:40:07.791+0000] {dag.py:3047} INFO - Sync 1 DAGs
[2025-10-13T13:40:07.851+0000] {logging_mixin.py:188} INFO - [2025-10-13T13:40:07.851+0000] {dag.py:3834} INFO - Setting next_dagrun for extract_open_meteo_v2 to 2025-10-12 22:00:00+00:00, run_after=2025-10-13 22:00:00+00:00
[2025-10-13T13:40:07.912+0000] {processor.py:183} INFO - Processing /opt/airflow/dags/extract_open_meteo_dag.py took 0.253 seconds
[2025-10-13T13:40:38.099+0000] {processor.py:161} INFO - Started process (PID=13227) to work on /opt/airflow/dags/extract_open_meteo_dag.py
[2025-10-13T13:40:38.102+0000] {processor.py:830} INFO - Processing file /opt/airflow/dags/extract_open_meteo_dag.py for tasks to queue
[2025-10-13T13:40:38.104+0000] {logging_mixin.py:188} INFO - [2025-10-13T13:40:38.103+0000] {dagbag.py:540} INFO - Filling up the DagBag from /opt/airflow/dags/extract_open_meteo_dag.py
[2025-10-13T13:40:38.145+0000] {processor.py:840} INFO - DAG(s) 'extract_open_meteo_v2' retrieved from /opt/airflow/dags/extract_open_meteo_dag.py
[2025-10-13T13:40:38.237+0000] {logging_mixin.py:188} INFO - [2025-10-13T13:40:38.236+0000] {dag.py:3047} INFO - Sync 1 DAGs
[2025-10-13T13:40:38.298+0000] {logging_mixin.py:188} INFO - [2025-10-13T13:40:38.298+0000] {dag.py:3834} INFO - Setting next_dagrun for extract_open_meteo_v2 to 2025-10-12 22:00:00+00:00, run_after=2025-10-13 22:00:00+00:00
[2025-10-13T13:40:38.370+0000] {processor.py:183} INFO - Processing /opt/airflow/dags/extract_open_meteo_dag.py took 0.278 seconds
[2025-10-13T13:41:08.975+0000] {processor.py:161} INFO - Started process (PID=13242) to work on /opt/airflow/dags/extract_open_meteo_dag.py
[2025-10-13T13:41:08.978+0000] {processor.py:830} INFO - Processing file /opt/airflow/dags/extract_open_meteo_dag.py for tasks to queue
[2025-10-13T13:41:08.980+0000] {logging_mixin.py:188} INFO - [2025-10-13T13:41:08.980+0000] {dagbag.py:540} INFO - Filling up the DagBag from /opt/airflow/dags/extract_open_meteo_dag.py
[2025-10-13T13:41:09.031+0000] {processor.py:840} INFO - DAG(s) 'extract_open_meteo_v2' retrieved from /opt/airflow/dags/extract_open_meteo_dag.py
[2025-10-13T13:41:09.154+0000] {logging_mixin.py:188} INFO - [2025-10-13T13:41:09.154+0000] {dag.py:3047} INFO - Sync 1 DAGs
[2025-10-13T13:41:09.245+0000] {logging_mixin.py:188} INFO - [2025-10-13T13:41:09.245+0000] {dag.py:3834} INFO - Setting next_dagrun for extract_open_meteo_v2 to 2025-10-12 22:00:00+00:00, run_after=2025-10-13 22:00:00+00:00
[2025-10-13T13:41:09.341+0000] {processor.py:183} INFO - Processing /opt/airflow/dags/extract_open_meteo_dag.py took 0.374 seconds
[2025-10-13T13:41:39.951+0000] {processor.py:161} INFO - Started process (PID=13257) to work on /opt/airflow/dags/extract_open_meteo_dag.py
[2025-10-13T13:41:39.953+0000] {processor.py:830} INFO - Processing file /opt/airflow/dags/extract_open_meteo_dag.py for tasks to queue
[2025-10-13T13:41:39.957+0000] {logging_mixin.py:188} INFO - [2025-10-13T13:41:39.956+0000] {dagbag.py:540} INFO - Filling up the DagBag from /opt/airflow/dags/extract_open_meteo_dag.py
[2025-10-13T13:41:40.004+0000] {processor.py:840} INFO - DAG(s) 'extract_open_meteo_v2' retrieved from /opt/airflow/dags/extract_open_meteo_dag.py
[2025-10-13T13:41:40.105+0000] {logging_mixin.py:188} INFO - [2025-10-13T13:41:40.104+0000] {dag.py:3047} INFO - Sync 1 DAGs
[2025-10-13T13:41:40.173+0000] {logging_mixin.py:188} INFO - [2025-10-13T13:41:40.172+0000] {dag.py:3834} INFO - Setting next_dagrun for extract_open_meteo_v2 to 2025-10-12 22:00:00+00:00, run_after=2025-10-13 22:00:00+00:00
[2025-10-13T13:41:40.257+0000] {processor.py:183} INFO - Processing /opt/airflow/dags/extract_open_meteo_dag.py took 0.311 seconds
[2025-10-13T13:42:10.378+0000] {processor.py:161} INFO - Started process (PID=13272) to work on /opt/airflow/dags/extract_open_meteo_dag.py
[2025-10-13T13:42:10.380+0000] {processor.py:830} INFO - Processing file /opt/airflow/dags/extract_open_meteo_dag.py for tasks to queue
[2025-10-13T13:42:10.382+0000] {logging_mixin.py:188} INFO - [2025-10-13T13:42:10.381+0000] {dagbag.py:540} INFO - Filling up the DagBag from /opt/airflow/dags/extract_open_meteo_dag.py
[2025-10-13T13:42:10.428+0000] {processor.py:840} INFO - DAG(s) 'extract_open_meteo_v2' retrieved from /opt/airflow/dags/extract_open_meteo_dag.py
[2025-10-13T13:42:10.526+0000] {logging_mixin.py:188} INFO - [2025-10-13T13:42:10.526+0000] {dag.py:3047} INFO - Sync 1 DAGs
[2025-10-13T13:42:10.646+0000] {logging_mixin.py:188} INFO - [2025-10-13T13:42:10.646+0000] {dag.py:3834} INFO - Setting next_dagrun for extract_open_meteo_v2 to 2025-10-12 22:00:00+00:00, run_after=2025-10-13 22:00:00+00:00
[2025-10-13T13:42:10.767+0000] {processor.py:183} INFO - Processing /opt/airflow/dags/extract_open_meteo_dag.py took 0.394 seconds
[2025-10-13T13:42:41.447+0000] {processor.py:161} INFO - Started process (PID=13287) to work on /opt/airflow/dags/extract_open_meteo_dag.py
[2025-10-13T13:42:41.453+0000] {processor.py:830} INFO - Processing file /opt/airflow/dags/extract_open_meteo_dag.py for tasks to queue
[2025-10-13T13:42:41.458+0000] {logging_mixin.py:188} INFO - [2025-10-13T13:42:41.457+0000] {dagbag.py:540} INFO - Filling up the DagBag from /opt/airflow/dags/extract_open_meteo_dag.py
[2025-10-13T13:42:41.652+0000] {processor.py:840} INFO - DAG(s) 'extract_open_meteo_v2' retrieved from /opt/airflow/dags/extract_open_meteo_dag.py
[2025-10-13T13:42:41.766+0000] {logging_mixin.py:188} INFO - [2025-10-13T13:42:41.766+0000] {dag.py:3047} INFO - Sync 1 DAGs
[2025-10-13T13:42:41.845+0000] {logging_mixin.py:188} INFO - [2025-10-13T13:42:41.844+0000] {dag.py:3834} INFO - Setting next_dagrun for extract_open_meteo_v2 to 2025-10-12 22:00:00+00:00, run_after=2025-10-13 22:00:00+00:00
[2025-10-13T13:42:41.936+0000] {processor.py:183} INFO - Processing /opt/airflow/dags/extract_open_meteo_dag.py took 0.499 seconds
[2025-10-13T13:43:12.478+0000] {processor.py:161} INFO - Started process (PID=13302) to work on /opt/airflow/dags/extract_open_meteo_dag.py
[2025-10-13T13:43:12.480+0000] {processor.py:830} INFO - Processing file /opt/airflow/dags/extract_open_meteo_dag.py for tasks to queue
[2025-10-13T13:43:12.483+0000] {logging_mixin.py:188} INFO - [2025-10-13T13:43:12.482+0000] {dagbag.py:540} INFO - Filling up the DagBag from /opt/airflow/dags/extract_open_meteo_dag.py
[2025-10-13T13:43:12.534+0000] {processor.py:840} INFO - DAG(s) 'extract_open_meteo_v2' retrieved from /opt/airflow/dags/extract_open_meteo_dag.py
[2025-10-13T13:43:12.629+0000] {logging_mixin.py:188} INFO - [2025-10-13T13:43:12.627+0000] {dag.py:3047} INFO - Sync 1 DAGs
[2025-10-13T13:43:12.701+0000] {logging_mixin.py:188} INFO - [2025-10-13T13:43:12.701+0000] {dag.py:3834} INFO - Setting next_dagrun for extract_open_meteo_v2 to 2025-10-12 22:00:00+00:00, run_after=2025-10-13 22:00:00+00:00
[2025-10-13T13:43:12.790+0000] {processor.py:183} INFO - Processing /opt/airflow/dags/extract_open_meteo_dag.py took 0.319 seconds
[2025-10-13T13:43:43.709+0000] {processor.py:161} INFO - Started process (PID=13317) to work on /opt/airflow/dags/extract_open_meteo_dag.py
[2025-10-13T13:43:43.711+0000] {processor.py:830} INFO - Processing file /opt/airflow/dags/extract_open_meteo_dag.py for tasks to queue
[2025-10-13T13:43:43.713+0000] {logging_mixin.py:188} INFO - [2025-10-13T13:43:43.712+0000] {dagbag.py:540} INFO - Filling up the DagBag from /opt/airflow/dags/extract_open_meteo_dag.py
[2025-10-13T13:43:43.763+0000] {processor.py:840} INFO - DAG(s) 'extract_open_meteo_v2' retrieved from /opt/airflow/dags/extract_open_meteo_dag.py
[2025-10-13T13:43:43.843+0000] {logging_mixin.py:188} INFO - [2025-10-13T13:43:43.843+0000] {dag.py:3047} INFO - Sync 1 DAGs
[2025-10-13T13:43:43.914+0000] {logging_mixin.py:188} INFO - [2025-10-13T13:43:43.913+0000] {dag.py:3834} INFO - Setting next_dagrun for extract_open_meteo_v2 to 2025-10-12 22:00:00+00:00, run_after=2025-10-13 22:00:00+00:00
[2025-10-13T13:43:44.014+0000] {processor.py:183} INFO - Processing /opt/airflow/dags/extract_open_meteo_dag.py took 0.311 seconds
[2025-10-13T13:44:14.549+0000] {processor.py:161} INFO - Started process (PID=13332) to work on /opt/airflow/dags/extract_open_meteo_dag.py
[2025-10-13T13:44:14.551+0000] {processor.py:830} INFO - Processing file /opt/airflow/dags/extract_open_meteo_dag.py for tasks to queue
[2025-10-13T13:44:14.554+0000] {logging_mixin.py:188} INFO - [2025-10-13T13:44:14.553+0000] {dagbag.py:540} INFO - Filling up the DagBag from /opt/airflow/dags/extract_open_meteo_dag.py
[2025-10-13T13:44:14.593+0000] {processor.py:840} INFO - DAG(s) 'extract_open_meteo_v2' retrieved from /opt/airflow/dags/extract_open_meteo_dag.py
[2025-10-13T13:44:14.679+0000] {logging_mixin.py:188} INFO - [2025-10-13T13:44:14.678+0000] {dag.py:3047} INFO - Sync 1 DAGs
[2025-10-13T13:44:14.755+0000] {logging_mixin.py:188} INFO - [2025-10-13T13:44:14.754+0000] {dag.py:3834} INFO - Setting next_dagrun for extract_open_meteo_v2 to 2025-10-12 22:00:00+00:00, run_after=2025-10-13 22:00:00+00:00
[2025-10-13T13:44:14.892+0000] {processor.py:183} INFO - Processing /opt/airflow/dags/extract_open_meteo_dag.py took 0.348 seconds
[2025-10-13T13:44:45.396+0000] {processor.py:161} INFO - Started process (PID=13347) to work on /opt/airflow/dags/extract_open_meteo_dag.py
[2025-10-13T13:44:45.399+0000] {processor.py:830} INFO - Processing file /opt/airflow/dags/extract_open_meteo_dag.py for tasks to queue
[2025-10-13T13:44:45.403+0000] {logging_mixin.py:188} INFO - [2025-10-13T13:44:45.402+0000] {dagbag.py:540} INFO - Filling up the DagBag from /opt/airflow/dags/extract_open_meteo_dag.py
[2025-10-13T13:44:45.455+0000] {processor.py:840} INFO - DAG(s) 'extract_open_meteo_v2' retrieved from /opt/airflow/dags/extract_open_meteo_dag.py
[2025-10-13T13:44:45.553+0000] {logging_mixin.py:188} INFO - [2025-10-13T13:44:45.552+0000] {dag.py:3047} INFO - Sync 1 DAGs
[2025-10-13T13:44:45.630+0000] {logging_mixin.py:188} INFO - [2025-10-13T13:44:45.629+0000] {dag.py:3834} INFO - Setting next_dagrun for extract_open_meteo_v2 to 2025-10-12 22:00:00+00:00, run_after=2025-10-13 22:00:00+00:00
[2025-10-13T13:44:45.724+0000] {processor.py:183} INFO - Processing /opt/airflow/dags/extract_open_meteo_dag.py took 0.337 seconds
[2025-10-13T13:45:16.309+0000] {processor.py:161} INFO - Started process (PID=13362) to work on /opt/airflow/dags/extract_open_meteo_dag.py
[2025-10-13T13:45:16.314+0000] {processor.py:830} INFO - Processing file /opt/airflow/dags/extract_open_meteo_dag.py for tasks to queue
[2025-10-13T13:45:16.321+0000] {logging_mixin.py:188} INFO - [2025-10-13T13:45:16.319+0000] {dagbag.py:540} INFO - Filling up the DagBag from /opt/airflow/dags/extract_open_meteo_dag.py
[2025-10-13T13:45:16.396+0000] {processor.py:840} INFO - DAG(s) 'extract_open_meteo_v2' retrieved from /opt/airflow/dags/extract_open_meteo_dag.py
[2025-10-13T13:45:16.498+0000] {logging_mixin.py:188} INFO - [2025-10-13T13:45:16.497+0000] {dag.py:3047} INFO - Sync 1 DAGs
[2025-10-13T13:45:16.558+0000] {logging_mixin.py:188} INFO - [2025-10-13T13:45:16.558+0000] {dag.py:3834} INFO - Setting next_dagrun for extract_open_meteo_v2 to 2025-10-12 22:00:00+00:00, run_after=2025-10-13 22:00:00+00:00
[2025-10-13T13:45:16.630+0000] {processor.py:183} INFO - Processing /opt/airflow/dags/extract_open_meteo_dag.py took 0.334 seconds
[2025-10-13T13:45:47.351+0000] {processor.py:161} INFO - Started process (PID=13377) to work on /opt/airflow/dags/extract_open_meteo_dag.py
[2025-10-13T13:45:47.354+0000] {processor.py:830} INFO - Processing file /opt/airflow/dags/extract_open_meteo_dag.py for tasks to queue
[2025-10-13T13:45:47.357+0000] {logging_mixin.py:188} INFO - [2025-10-13T13:45:47.356+0000] {dagbag.py:540} INFO - Filling up the DagBag from /opt/airflow/dags/extract_open_meteo_dag.py
[2025-10-13T13:45:47.434+0000] {processor.py:840} INFO - DAG(s) 'extract_open_meteo_v2' retrieved from /opt/airflow/dags/extract_open_meteo_dag.py
[2025-10-13T13:45:47.797+0000] {logging_mixin.py:188} INFO - [2025-10-13T13:45:47.797+0000] {dag.py:3047} INFO - Sync 1 DAGs
[2025-10-13T13:45:47.872+0000] {logging_mixin.py:188} INFO - [2025-10-13T13:45:47.872+0000] {dag.py:3834} INFO - Setting next_dagrun for extract_open_meteo_v2 to 2025-10-12 22:00:00+00:00, run_after=2025-10-13 22:00:00+00:00
[2025-10-13T13:45:47.946+0000] {processor.py:183} INFO - Processing /opt/airflow/dags/extract_open_meteo_dag.py took 0.603 seconds
[2025-10-13T13:46:18.537+0000] {processor.py:161} INFO - Started process (PID=13392) to work on /opt/airflow/dags/extract_open_meteo_dag.py
[2025-10-13T13:46:18.539+0000] {processor.py:830} INFO - Processing file /opt/airflow/dags/extract_open_meteo_dag.py for tasks to queue
[2025-10-13T13:46:18.541+0000] {logging_mixin.py:188} INFO - [2025-10-13T13:46:18.541+0000] {dagbag.py:540} INFO - Filling up the DagBag from /opt/airflow/dags/extract_open_meteo_dag.py
[2025-10-13T13:46:18.586+0000] {processor.py:840} INFO - DAG(s) 'extract_open_meteo_v2' retrieved from /opt/airflow/dags/extract_open_meteo_dag.py
[2025-10-13T13:46:18.684+0000] {logging_mixin.py:188} INFO - [2025-10-13T13:46:18.683+0000] {dag.py:3047} INFO - Sync 1 DAGs
[2025-10-13T13:46:18.755+0000] {logging_mixin.py:188} INFO - [2025-10-13T13:46:18.754+0000] {dag.py:3834} INFO - Setting next_dagrun for extract_open_meteo_v2 to 2025-10-12 22:00:00+00:00, run_after=2025-10-13 22:00:00+00:00
[2025-10-13T13:46:18.829+0000] {processor.py:183} INFO - Processing /opt/airflow/dags/extract_open_meteo_dag.py took 0.299 seconds
[2025-10-13T13:46:49.384+0000] {processor.py:161} INFO - Started process (PID=13407) to work on /opt/airflow/dags/extract_open_meteo_dag.py
[2025-10-13T13:46:49.386+0000] {processor.py:830} INFO - Processing file /opt/airflow/dags/extract_open_meteo_dag.py for tasks to queue
[2025-10-13T13:46:49.389+0000] {logging_mixin.py:188} INFO - [2025-10-13T13:46:49.388+0000] {dagbag.py:540} INFO - Filling up the DagBag from /opt/airflow/dags/extract_open_meteo_dag.py
[2025-10-13T13:46:49.439+0000] {processor.py:840} INFO - DAG(s) 'extract_open_meteo_v2' retrieved from /opt/airflow/dags/extract_open_meteo_dag.py
[2025-10-13T13:46:49.541+0000] {logging_mixin.py:188} INFO - [2025-10-13T13:46:49.541+0000] {dag.py:3047} INFO - Sync 1 DAGs
[2025-10-13T13:46:49.662+0000] {logging_mixin.py:188} INFO - [2025-10-13T13:46:49.661+0000] {dag.py:3834} INFO - Setting next_dagrun for extract_open_meteo_v2 to 2025-10-12 22:00:00+00:00, run_after=2025-10-13 22:00:00+00:00
[2025-10-13T13:46:49.763+0000] {processor.py:183} INFO - Processing /opt/airflow/dags/extract_open_meteo_dag.py took 0.386 seconds
[2025-10-13T13:47:20.127+0000] {processor.py:161} INFO - Started process (PID=13422) to work on /opt/airflow/dags/extract_open_meteo_dag.py
[2025-10-13T13:47:20.130+0000] {processor.py:830} INFO - Processing file /opt/airflow/dags/extract_open_meteo_dag.py for tasks to queue
[2025-10-13T13:47:20.133+0000] {logging_mixin.py:188} INFO - [2025-10-13T13:47:20.132+0000] {dagbag.py:540} INFO - Filling up the DagBag from /opt/airflow/dags/extract_open_meteo_dag.py
[2025-10-13T13:47:20.188+0000] {processor.py:840} INFO - DAG(s) 'extract_open_meteo_v2' retrieved from /opt/airflow/dags/extract_open_meteo_dag.py
[2025-10-13T13:47:20.285+0000] {logging_mixin.py:188} INFO - [2025-10-13T13:47:20.284+0000] {dag.py:3047} INFO - Sync 1 DAGs
[2025-10-13T13:47:20.359+0000] {logging_mixin.py:188} INFO - [2025-10-13T13:47:20.358+0000] {dag.py:3834} INFO - Setting next_dagrun for extract_open_meteo_v2 to 2025-10-12 22:00:00+00:00, run_after=2025-10-13 22:00:00+00:00
[2025-10-13T13:47:20.445+0000] {processor.py:183} INFO - Processing /opt/airflow/dags/extract_open_meteo_dag.py took 0.327 seconds
[2025-10-13T13:47:51.022+0000] {processor.py:161} INFO - Started process (PID=13437) to work on /opt/airflow/dags/extract_open_meteo_dag.py
[2025-10-13T13:47:51.025+0000] {processor.py:830} INFO - Processing file /opt/airflow/dags/extract_open_meteo_dag.py for tasks to queue
[2025-10-13T13:47:51.036+0000] {logging_mixin.py:188} INFO - [2025-10-13T13:47:51.036+0000] {dagbag.py:540} INFO - Filling up the DagBag from /opt/airflow/dags/extract_open_meteo_dag.py
[2025-10-13T13:47:51.199+0000] {processor.py:840} INFO - DAG(s) 'extract_open_meteo_v2' retrieved from /opt/airflow/dags/extract_open_meteo_dag.py
[2025-10-13T13:47:51.422+0000] {logging_mixin.py:188} INFO - [2025-10-13T13:47:51.421+0000] {dag.py:3047} INFO - Sync 1 DAGs
[2025-10-13T13:47:51.490+0000] {logging_mixin.py:188} INFO - [2025-10-13T13:47:51.489+0000] {dag.py:3834} INFO - Setting next_dagrun for extract_open_meteo_v2 to 2025-10-12 22:00:00+00:00, run_after=2025-10-13 22:00:00+00:00
[2025-10-13T13:47:51.575+0000] {processor.py:183} INFO - Processing /opt/airflow/dags/extract_open_meteo_dag.py took 0.561 seconds
[2025-10-13T13:48:21.980+0000] {processor.py:161} INFO - Started process (PID=13452) to work on /opt/airflow/dags/extract_open_meteo_dag.py
[2025-10-13T13:48:21.983+0000] {processor.py:830} INFO - Processing file /opt/airflow/dags/extract_open_meteo_dag.py for tasks to queue
[2025-10-13T13:48:21.987+0000] {logging_mixin.py:188} INFO - [2025-10-13T13:48:21.986+0000] {dagbag.py:540} INFO - Filling up the DagBag from /opt/airflow/dags/extract_open_meteo_dag.py
[2025-10-13T13:48:22.040+0000] {processor.py:840} INFO - DAG(s) 'extract_open_meteo_v2' retrieved from /opt/airflow/dags/extract_open_meteo_dag.py
[2025-10-13T13:48:22.134+0000] {logging_mixin.py:188} INFO - [2025-10-13T13:48:22.133+0000] {dag.py:3047} INFO - Sync 1 DAGs
[2025-10-13T13:48:22.211+0000] {logging_mixin.py:188} INFO - [2025-10-13T13:48:22.210+0000] {dag.py:3834} INFO - Setting next_dagrun for extract_open_meteo_v2 to 2025-10-12 22:00:00+00:00, run_after=2025-10-13 22:00:00+00:00
[2025-10-13T13:48:22.297+0000] {processor.py:183} INFO - Processing /opt/airflow/dags/extract_open_meteo_dag.py took 0.324 seconds
[2025-10-13T13:48:52.806+0000] {processor.py:161} INFO - Started process (PID=13467) to work on /opt/airflow/dags/extract_open_meteo_dag.py
[2025-10-13T13:48:52.808+0000] {processor.py:830} INFO - Processing file /opt/airflow/dags/extract_open_meteo_dag.py for tasks to queue
[2025-10-13T13:48:52.810+0000] {logging_mixin.py:188} INFO - [2025-10-13T13:48:52.809+0000] {dagbag.py:540} INFO - Filling up the DagBag from /opt/airflow/dags/extract_open_meteo_dag.py
[2025-10-13T13:48:52.848+0000] {processor.py:840} INFO - DAG(s) 'extract_open_meteo_v2' retrieved from /opt/airflow/dags/extract_open_meteo_dag.py
[2025-10-13T13:48:52.957+0000] {logging_mixin.py:188} INFO - [2025-10-13T13:48:52.957+0000] {dag.py:3047} INFO - Sync 1 DAGs
[2025-10-13T13:48:53.040+0000] {logging_mixin.py:188} INFO - [2025-10-13T13:48:53.040+0000] {dag.py:3834} INFO - Setting next_dagrun for extract_open_meteo_v2 to 2025-10-12 22:00:00+00:00, run_after=2025-10-13 22:00:00+00:00
[2025-10-13T13:48:53.122+0000] {processor.py:183} INFO - Processing /opt/airflow/dags/extract_open_meteo_dag.py took 0.321 seconds
[2025-10-13T13:49:23.754+0000] {processor.py:161} INFO - Started process (PID=13482) to work on /opt/airflow/dags/extract_open_meteo_dag.py
[2025-10-13T13:49:23.757+0000] {processor.py:830} INFO - Processing file /opt/airflow/dags/extract_open_meteo_dag.py for tasks to queue
[2025-10-13T13:49:23.760+0000] {logging_mixin.py:188} INFO - [2025-10-13T13:49:23.759+0000] {dagbag.py:540} INFO - Filling up the DagBag from /opt/airflow/dags/extract_open_meteo_dag.py
[2025-10-13T13:49:23.814+0000] {processor.py:840} INFO - DAG(s) 'extract_open_meteo_v2' retrieved from /opt/airflow/dags/extract_open_meteo_dag.py
[2025-10-13T13:49:23.906+0000] {logging_mixin.py:188} INFO - [2025-10-13T13:49:23.906+0000] {dag.py:3047} INFO - Sync 1 DAGs
[2025-10-13T13:49:23.973+0000] {logging_mixin.py:188} INFO - [2025-10-13T13:49:23.972+0000] {dag.py:3834} INFO - Setting next_dagrun for extract_open_meteo_v2 to 2025-10-12 22:00:00+00:00, run_after=2025-10-13 22:00:00+00:00
[2025-10-13T13:49:24.049+0000] {processor.py:183} INFO - Processing /opt/airflow/dags/extract_open_meteo_dag.py took 0.304 seconds
[2025-10-13T13:49:54.700+0000] {processor.py:161} INFO - Started process (PID=13497) to work on /opt/airflow/dags/extract_open_meteo_dag.py
[2025-10-13T13:49:54.702+0000] {processor.py:830} INFO - Processing file /opt/airflow/dags/extract_open_meteo_dag.py for tasks to queue
[2025-10-13T13:49:54.705+0000] {logging_mixin.py:188} INFO - [2025-10-13T13:49:54.704+0000] {dagbag.py:540} INFO - Filling up the DagBag from /opt/airflow/dags/extract_open_meteo_dag.py
[2025-10-13T13:49:54.758+0000] {processor.py:840} INFO - DAG(s) 'extract_open_meteo_v2' retrieved from /opt/airflow/dags/extract_open_meteo_dag.py
[2025-10-13T13:49:54.862+0000] {logging_mixin.py:188} INFO - [2025-10-13T13:49:54.862+0000] {dag.py:3047} INFO - Sync 1 DAGs
[2025-10-13T13:49:54.922+0000] {logging_mixin.py:188} INFO - [2025-10-13T13:49:54.921+0000] {dag.py:3834} INFO - Setting next_dagrun for extract_open_meteo_v2 to 2025-10-12 22:00:00+00:00, run_after=2025-10-13 22:00:00+00:00
[2025-10-13T13:49:54.992+0000] {processor.py:183} INFO - Processing /opt/airflow/dags/extract_open_meteo_dag.py took 0.298 seconds
[2025-10-13T13:50:25.562+0000] {processor.py:161} INFO - Started process (PID=13512) to work on /opt/airflow/dags/extract_open_meteo_dag.py
[2025-10-13T13:50:25.564+0000] {processor.py:830} INFO - Processing file /opt/airflow/dags/extract_open_meteo_dag.py for tasks to queue
[2025-10-13T13:50:25.567+0000] {logging_mixin.py:188} INFO - [2025-10-13T13:50:25.566+0000] {dagbag.py:540} INFO - Filling up the DagBag from /opt/airflow/dags/extract_open_meteo_dag.py
[2025-10-13T13:50:25.616+0000] {processor.py:840} INFO - DAG(s) 'extract_open_meteo_v2' retrieved from /opt/airflow/dags/extract_open_meteo_dag.py
[2025-10-13T13:50:25.701+0000] {logging_mixin.py:188} INFO - [2025-10-13T13:50:25.701+0000] {dag.py:3047} INFO - Sync 1 DAGs
[2025-10-13T13:50:25.759+0000] {logging_mixin.py:188} INFO - [2025-10-13T13:50:25.758+0000] {dag.py:3834} INFO - Setting next_dagrun for extract_open_meteo_v2 to 2025-10-12 22:00:00+00:00, run_after=2025-10-13 22:00:00+00:00
[2025-10-13T13:50:25.833+0000] {processor.py:183} INFO - Processing /opt/airflow/dags/extract_open_meteo_dag.py took 0.276 seconds
[2025-10-13T13:50:56.402+0000] {processor.py:161} INFO - Started process (PID=13527) to work on /opt/airflow/dags/extract_open_meteo_dag.py
[2025-10-13T13:50:56.404+0000] {processor.py:830} INFO - Processing file /opt/airflow/dags/extract_open_meteo_dag.py for tasks to queue
[2025-10-13T13:50:56.407+0000] {logging_mixin.py:188} INFO - [2025-10-13T13:50:56.406+0000] {dagbag.py:540} INFO - Filling up the DagBag from /opt/airflow/dags/extract_open_meteo_dag.py
[2025-10-13T13:50:56.449+0000] {processor.py:840} INFO - DAG(s) 'extract_open_meteo_v2' retrieved from /opt/airflow/dags/extract_open_meteo_dag.py
[2025-10-13T13:50:56.552+0000] {logging_mixin.py:188} INFO - [2025-10-13T13:50:56.551+0000] {dag.py:3047} INFO - Sync 1 DAGs
[2025-10-13T13:50:56.659+0000] {logging_mixin.py:188} INFO - [2025-10-13T13:50:56.659+0000] {dag.py:3834} INFO - Setting next_dagrun for extract_open_meteo_v2 to 2025-10-12 22:00:00+00:00, run_after=2025-10-13 22:00:00+00:00
[2025-10-13T13:50:56.774+0000] {processor.py:183} INFO - Processing /opt/airflow/dags/extract_open_meteo_dag.py took 0.378 seconds
[2025-10-13T13:51:27.401+0000] {processor.py:161} INFO - Started process (PID=13542) to work on /opt/airflow/dags/extract_open_meteo_dag.py
[2025-10-13T13:51:27.404+0000] {processor.py:830} INFO - Processing file /opt/airflow/dags/extract_open_meteo_dag.py for tasks to queue
[2025-10-13T13:51:27.406+0000] {logging_mixin.py:188} INFO - [2025-10-13T13:51:27.406+0000] {dagbag.py:540} INFO - Filling up the DagBag from /opt/airflow/dags/extract_open_meteo_dag.py
[2025-10-13T13:51:27.447+0000] {processor.py:840} INFO - DAG(s) 'extract_open_meteo_v2' retrieved from /opt/airflow/dags/extract_open_meteo_dag.py
[2025-10-13T13:51:27.563+0000] {logging_mixin.py:188} INFO - [2025-10-13T13:51:27.562+0000] {dag.py:3047} INFO - Sync 1 DAGs
[2025-10-13T13:51:27.644+0000] {logging_mixin.py:188} INFO - [2025-10-13T13:51:27.643+0000] {dag.py:3834} INFO - Setting next_dagrun for extract_open_meteo_v2 to 2025-10-12 22:00:00+00:00, run_after=2025-10-13 22:00:00+00:00
[2025-10-13T13:51:27.880+0000] {processor.py:183} INFO - Processing /opt/airflow/dags/extract_open_meteo_dag.py took 0.487 seconds
[2025-10-13T13:51:58.496+0000] {processor.py:161} INFO - Started process (PID=13557) to work on /opt/airflow/dags/extract_open_meteo_dag.py
[2025-10-13T13:51:58.498+0000] {processor.py:830} INFO - Processing file /opt/airflow/dags/extract_open_meteo_dag.py for tasks to queue
[2025-10-13T13:51:58.501+0000] {logging_mixin.py:188} INFO - [2025-10-13T13:51:58.500+0000] {dagbag.py:540} INFO - Filling up the DagBag from /opt/airflow/dags/extract_open_meteo_dag.py
[2025-10-13T13:51:58.569+0000] {processor.py:840} INFO - DAG(s) 'extract_open_meteo_v2' retrieved from /opt/airflow/dags/extract_open_meteo_dag.py
[2025-10-13T13:51:58.727+0000] {logging_mixin.py:188} INFO - [2025-10-13T13:51:58.727+0000] {dag.py:3047} INFO - Sync 1 DAGs
[2025-10-13T13:51:58.831+0000] {logging_mixin.py:188} INFO - [2025-10-13T13:51:58.831+0000] {dag.py:3834} INFO - Setting next_dagrun for extract_open_meteo_v2 to 2025-10-12 22:00:00+00:00, run_after=2025-10-13 22:00:00+00:00
[2025-10-13T13:51:58.953+0000] {processor.py:183} INFO - Processing /opt/airflow/dags/extract_open_meteo_dag.py took 0.469 seconds
[2025-10-13T13:52:29.138+0000] {processor.py:161} INFO - Started process (PID=13572) to work on /opt/airflow/dags/extract_open_meteo_dag.py
[2025-10-13T13:52:29.140+0000] {processor.py:830} INFO - Processing file /opt/airflow/dags/extract_open_meteo_dag.py for tasks to queue
[2025-10-13T13:52:29.142+0000] {logging_mixin.py:188} INFO - [2025-10-13T13:52:29.142+0000] {dagbag.py:540} INFO - Filling up the DagBag from /opt/airflow/dags/extract_open_meteo_dag.py
[2025-10-13T13:52:29.181+0000] {processor.py:840} INFO - DAG(s) 'extract_open_meteo_v2' retrieved from /opt/airflow/dags/extract_open_meteo_dag.py
[2025-10-13T13:52:29.283+0000] {logging_mixin.py:188} INFO - [2025-10-13T13:52:29.283+0000] {dag.py:3047} INFO - Sync 1 DAGs
[2025-10-13T13:52:29.359+0000] {logging_mixin.py:188} INFO - [2025-10-13T13:52:29.359+0000] {dag.py:3834} INFO - Setting next_dagrun for extract_open_meteo_v2 to 2025-10-12 22:00:00+00:00, run_after=2025-10-13 22:00:00+00:00
[2025-10-13T13:52:29.442+0000] {processor.py:183} INFO - Processing /opt/airflow/dags/extract_open_meteo_dag.py took 0.309 seconds
[2025-10-13T13:53:00.116+0000] {processor.py:161} INFO - Started process (PID=13587) to work on /opt/airflow/dags/extract_open_meteo_dag.py
[2025-10-13T13:53:00.120+0000] {processor.py:830} INFO - Processing file /opt/airflow/dags/extract_open_meteo_dag.py for tasks to queue
[2025-10-13T13:53:00.125+0000] {logging_mixin.py:188} INFO - [2025-10-13T13:53:00.124+0000] {dagbag.py:540} INFO - Filling up the DagBag from /opt/airflow/dags/extract_open_meteo_dag.py
[2025-10-13T13:53:00.176+0000] {processor.py:840} INFO - DAG(s) 'extract_open_meteo_v2' retrieved from /opt/airflow/dags/extract_open_meteo_dag.py
[2025-10-13T13:53:00.305+0000] {logging_mixin.py:188} INFO - [2025-10-13T13:53:00.304+0000] {dag.py:3047} INFO - Sync 1 DAGs
[2025-10-13T13:53:00.384+0000] {logging_mixin.py:188} INFO - [2025-10-13T13:53:00.384+0000] {dag.py:3834} INFO - Setting next_dagrun for extract_open_meteo_v2 to 2025-10-12 22:00:00+00:00, run_after=2025-10-13 22:00:00+00:00
[2025-10-13T13:53:00.474+0000] {processor.py:183} INFO - Processing /opt/airflow/dags/extract_open_meteo_dag.py took 0.365 seconds
[2025-10-13T13:53:30.975+0000] {processor.py:161} INFO - Started process (PID=13602) to work on /opt/airflow/dags/extract_open_meteo_dag.py
[2025-10-13T13:53:30.977+0000] {processor.py:830} INFO - Processing file /opt/airflow/dags/extract_open_meteo_dag.py for tasks to queue
[2025-10-13T13:53:30.979+0000] {logging_mixin.py:188} INFO - [2025-10-13T13:53:30.978+0000] {dagbag.py:540} INFO - Filling up the DagBag from /opt/airflow/dags/extract_open_meteo_dag.py
[2025-10-13T13:53:31.025+0000] {processor.py:840} INFO - DAG(s) 'extract_open_meteo_v2' retrieved from /opt/airflow/dags/extract_open_meteo_dag.py
[2025-10-13T13:53:31.128+0000] {logging_mixin.py:188} INFO - [2025-10-13T13:53:31.128+0000] {dag.py:3047} INFO - Sync 1 DAGs
[2025-10-13T13:53:31.230+0000] {logging_mixin.py:188} INFO - [2025-10-13T13:53:31.230+0000] {dag.py:3834} INFO - Setting next_dagrun for extract_open_meteo_v2 to 2025-10-12 22:00:00+00:00, run_after=2025-10-13 22:00:00+00:00
[2025-10-13T13:53:31.414+0000] {processor.py:183} INFO - Processing /opt/airflow/dags/extract_open_meteo_dag.py took 0.444 seconds
[2025-10-13T13:54:02.289+0000] {processor.py:161} INFO - Started process (PID=13617) to work on /opt/airflow/dags/extract_open_meteo_dag.py
[2025-10-13T13:54:02.299+0000] {processor.py:830} INFO - Processing file /opt/airflow/dags/extract_open_meteo_dag.py for tasks to queue
[2025-10-13T13:54:02.306+0000] {logging_mixin.py:188} INFO - [2025-10-13T13:54:02.305+0000] {dagbag.py:540} INFO - Filling up the DagBag from /opt/airflow/dags/extract_open_meteo_dag.py
[2025-10-13T13:54:02.364+0000] {processor.py:840} INFO - DAG(s) 'extract_open_meteo_v2' retrieved from /opt/airflow/dags/extract_open_meteo_dag.py
[2025-10-13T13:54:02.476+0000] {logging_mixin.py:188} INFO - [2025-10-13T13:54:02.476+0000] {dag.py:3047} INFO - Sync 1 DAGs
[2025-10-13T13:54:02.541+0000] {logging_mixin.py:188} INFO - [2025-10-13T13:54:02.541+0000] {dag.py:3834} INFO - Setting next_dagrun for extract_open_meteo_v2 to 2025-10-12 22:00:00+00:00, run_after=2025-10-13 22:00:00+00:00
[2025-10-13T13:54:02.628+0000] {processor.py:183} INFO - Processing /opt/airflow/dags/extract_open_meteo_dag.py took 0.377 seconds
[2025-10-13T13:54:33.247+0000] {processor.py:161} INFO - Started process (PID=13632) to work on /opt/airflow/dags/extract_open_meteo_dag.py
[2025-10-13T13:54:33.249+0000] {processor.py:830} INFO - Processing file /opt/airflow/dags/extract_open_meteo_dag.py for tasks to queue
[2025-10-13T13:54:33.251+0000] {logging_mixin.py:188} INFO - [2025-10-13T13:54:33.251+0000] {dagbag.py:540} INFO - Filling up the DagBag from /opt/airflow/dags/extract_open_meteo_dag.py
[2025-10-13T13:54:33.289+0000] {processor.py:840} INFO - DAG(s) 'extract_open_meteo_v2' retrieved from /opt/airflow/dags/extract_open_meteo_dag.py
[2025-10-13T13:54:33.429+0000] {logging_mixin.py:188} INFO - [2025-10-13T13:54:33.429+0000] {dag.py:3047} INFO - Sync 1 DAGs
[2025-10-13T13:54:33.537+0000] {logging_mixin.py:188} INFO - [2025-10-13T13:54:33.536+0000] {dag.py:3834} INFO - Setting next_dagrun for extract_open_meteo_v2 to 2025-10-12 22:00:00+00:00, run_after=2025-10-13 22:00:00+00:00
[2025-10-13T13:54:33.602+0000] {processor.py:183} INFO - Processing /opt/airflow/dags/extract_open_meteo_dag.py took 0.359 seconds
[2025-10-13T13:55:04.244+0000] {processor.py:161} INFO - Started process (PID=13647) to work on /opt/airflow/dags/extract_open_meteo_dag.py
[2025-10-13T13:55:04.246+0000] {processor.py:830} INFO - Processing file /opt/airflow/dags/extract_open_meteo_dag.py for tasks to queue
[2025-10-13T13:55:04.249+0000] {logging_mixin.py:188} INFO - [2025-10-13T13:55:04.248+0000] {dagbag.py:540} INFO - Filling up the DagBag from /opt/airflow/dags/extract_open_meteo_dag.py
[2025-10-13T13:55:04.301+0000] {processor.py:840} INFO - DAG(s) 'extract_open_meteo_v2' retrieved from /opt/airflow/dags/extract_open_meteo_dag.py
[2025-10-13T13:55:04.389+0000] {logging_mixin.py:188} INFO - [2025-10-13T13:55:04.388+0000] {dag.py:3047} INFO - Sync 1 DAGs
[2025-10-13T13:55:04.454+0000] {logging_mixin.py:188} INFO - [2025-10-13T13:55:04.453+0000] {dag.py:3834} INFO - Setting next_dagrun for extract_open_meteo_v2 to 2025-10-12 22:00:00+00:00, run_after=2025-10-13 22:00:00+00:00
[2025-10-13T13:55:04.550+0000] {processor.py:183} INFO - Processing /opt/airflow/dags/extract_open_meteo_dag.py took 0.313 seconds
[2025-10-13T13:55:34.916+0000] {processor.py:161} INFO - Started process (PID=13662) to work on /opt/airflow/dags/extract_open_meteo_dag.py
[2025-10-13T13:55:34.918+0000] {processor.py:830} INFO - Processing file /opt/airflow/dags/extract_open_meteo_dag.py for tasks to queue
[2025-10-13T13:55:34.921+0000] {logging_mixin.py:188} INFO - [2025-10-13T13:55:34.920+0000] {dagbag.py:540} INFO - Filling up the DagBag from /opt/airflow/dags/extract_open_meteo_dag.py
[2025-10-13T13:55:34.960+0000] {processor.py:840} INFO - DAG(s) 'extract_open_meteo_v2' retrieved from /opt/airflow/dags/extract_open_meteo_dag.py
[2025-10-13T13:55:35.070+0000] {logging_mixin.py:188} INFO - [2025-10-13T13:55:35.069+0000] {dag.py:3047} INFO - Sync 1 DAGs
[2025-10-13T13:55:35.159+0000] {logging_mixin.py:188} INFO - [2025-10-13T13:55:35.159+0000] {dag.py:3834} INFO - Setting next_dagrun for extract_open_meteo_v2 to 2025-10-12 22:00:00+00:00, run_after=2025-10-13 22:00:00+00:00
[2025-10-13T13:55:35.318+0000] {processor.py:183} INFO - Processing /opt/airflow/dags/extract_open_meteo_dag.py took 0.414 seconds
[2025-10-13T13:56:05.918+0000] {processor.py:161} INFO - Started process (PID=13677) to work on /opt/airflow/dags/extract_open_meteo_dag.py
[2025-10-13T13:56:05.921+0000] {processor.py:830} INFO - Processing file /opt/airflow/dags/extract_open_meteo_dag.py for tasks to queue
[2025-10-13T13:56:05.923+0000] {logging_mixin.py:188} INFO - [2025-10-13T13:56:05.922+0000] {dagbag.py:540} INFO - Filling up the DagBag from /opt/airflow/dags/extract_open_meteo_dag.py
[2025-10-13T13:56:05.962+0000] {processor.py:840} INFO - DAG(s) 'extract_open_meteo_v2' retrieved from /opt/airflow/dags/extract_open_meteo_dag.py
[2025-10-13T13:56:06.061+0000] {logging_mixin.py:188} INFO - [2025-10-13T13:56:06.061+0000] {dag.py:3047} INFO - Sync 1 DAGs
[2025-10-13T13:56:06.121+0000] {logging_mixin.py:188} INFO - [2025-10-13T13:56:06.121+0000] {dag.py:3834} INFO - Setting next_dagrun for extract_open_meteo_v2 to 2025-10-12 22:00:00+00:00, run_after=2025-10-13 22:00:00+00:00
[2025-10-13T13:56:06.201+0000] {processor.py:183} INFO - Processing /opt/airflow/dags/extract_open_meteo_dag.py took 0.287 seconds
[2025-10-13T13:56:36.742+0000] {processor.py:161} INFO - Started process (PID=13692) to work on /opt/airflow/dags/extract_open_meteo_dag.py
[2025-10-13T13:56:36.744+0000] {processor.py:830} INFO - Processing file /opt/airflow/dags/extract_open_meteo_dag.py for tasks to queue
[2025-10-13T13:56:36.748+0000] {logging_mixin.py:188} INFO - [2025-10-13T13:56:36.747+0000] {dagbag.py:540} INFO - Filling up the DagBag from /opt/airflow/dags/extract_open_meteo_dag.py
[2025-10-13T13:56:36.812+0000] {processor.py:840} INFO - DAG(s) 'extract_open_meteo_v2' retrieved from /opt/airflow/dags/extract_open_meteo_dag.py
[2025-10-13T13:56:36.967+0000] {logging_mixin.py:188} INFO - [2025-10-13T13:56:36.966+0000] {dag.py:3047} INFO - Sync 1 DAGs
[2025-10-13T13:56:37.059+0000] {logging_mixin.py:188} INFO - [2025-10-13T13:56:37.059+0000] {dag.py:3834} INFO - Setting next_dagrun for extract_open_meteo_v2 to 2025-10-12 22:00:00+00:00, run_after=2025-10-13 22:00:00+00:00
[2025-10-13T13:56:37.182+0000] {processor.py:183} INFO - Processing /opt/airflow/dags/extract_open_meteo_dag.py took 0.450 seconds
[2025-10-13T13:57:07.664+0000] {processor.py:161} INFO - Started process (PID=13707) to work on /opt/airflow/dags/extract_open_meteo_dag.py
[2025-10-13T13:57:07.665+0000] {processor.py:830} INFO - Processing file /opt/airflow/dags/extract_open_meteo_dag.py for tasks to queue
[2025-10-13T13:57:07.668+0000] {logging_mixin.py:188} INFO - [2025-10-13T13:57:07.667+0000] {dagbag.py:540} INFO - Filling up the DagBag from /opt/airflow/dags/extract_open_meteo_dag.py
[2025-10-13T13:57:07.707+0000] {processor.py:840} INFO - DAG(s) 'extract_open_meteo_v2' retrieved from /opt/airflow/dags/extract_open_meteo_dag.py
[2025-10-13T13:57:07.789+0000] {logging_mixin.py:188} INFO - [2025-10-13T13:57:07.789+0000] {dag.py:3047} INFO - Sync 1 DAGs
[2025-10-13T13:57:07.840+0000] {logging_mixin.py:188} INFO - [2025-10-13T13:57:07.840+0000] {dag.py:3834} INFO - Setting next_dagrun for extract_open_meteo_v2 to 2025-10-12 22:00:00+00:00, run_after=2025-10-13 22:00:00+00:00
[2025-10-13T13:57:07.931+0000] {processor.py:183} INFO - Processing /opt/airflow/dags/extract_open_meteo_dag.py took 0.274 seconds
[2025-10-13T13:57:38.356+0000] {processor.py:161} INFO - Started process (PID=13722) to work on /opt/airflow/dags/extract_open_meteo_dag.py
[2025-10-13T13:57:38.359+0000] {processor.py:830} INFO - Processing file /opt/airflow/dags/extract_open_meteo_dag.py for tasks to queue
[2025-10-13T13:57:38.362+0000] {logging_mixin.py:188} INFO - [2025-10-13T13:57:38.361+0000] {dagbag.py:540} INFO - Filling up the DagBag from /opt/airflow/dags/extract_open_meteo_dag.py
[2025-10-13T13:57:38.405+0000] {processor.py:840} INFO - DAG(s) 'extract_open_meteo_v2' retrieved from /opt/airflow/dags/extract_open_meteo_dag.py
[2025-10-13T13:57:38.492+0000] {logging_mixin.py:188} INFO - [2025-10-13T13:57:38.491+0000] {dag.py:3047} INFO - Sync 1 DAGs
[2025-10-13T13:57:38.555+0000] {logging_mixin.py:188} INFO - [2025-10-13T13:57:38.554+0000] {dag.py:3834} INFO - Setting next_dagrun for extract_open_meteo_v2 to 2025-10-12 22:00:00+00:00, run_after=2025-10-13 22:00:00+00:00
[2025-10-13T13:57:38.646+0000] {processor.py:183} INFO - Processing /opt/airflow/dags/extract_open_meteo_dag.py took 0.298 seconds
[2025-10-13T13:58:09.173+0000] {processor.py:161} INFO - Started process (PID=13737) to work on /opt/airflow/dags/extract_open_meteo_dag.py
[2025-10-13T13:58:09.175+0000] {processor.py:830} INFO - Processing file /opt/airflow/dags/extract_open_meteo_dag.py for tasks to queue
[2025-10-13T13:58:09.180+0000] {logging_mixin.py:188} INFO - [2025-10-13T13:58:09.177+0000] {dagbag.py:540} INFO - Filling up the DagBag from /opt/airflow/dags/extract_open_meteo_dag.py
[2025-10-13T13:58:09.225+0000] {processor.py:840} INFO - DAG(s) 'extract_open_meteo_v2' retrieved from /opt/airflow/dags/extract_open_meteo_dag.py
[2025-10-13T13:58:09.313+0000] {logging_mixin.py:188} INFO - [2025-10-13T13:58:09.312+0000] {dag.py:3047} INFO - Sync 1 DAGs
[2025-10-13T13:58:09.374+0000] {logging_mixin.py:188} INFO - [2025-10-13T13:58:09.374+0000] {dag.py:3834} INFO - Setting next_dagrun for extract_open_meteo_v2 to 2025-10-12 22:00:00+00:00, run_after=2025-10-13 22:00:00+00:00
[2025-10-13T13:58:09.456+0000] {processor.py:183} INFO - Processing /opt/airflow/dags/extract_open_meteo_dag.py took 0.290 seconds
[2025-10-13T13:58:39.993+0000] {processor.py:161} INFO - Started process (PID=13752) to work on /opt/airflow/dags/extract_open_meteo_dag.py
[2025-10-13T13:58:39.995+0000] {processor.py:830} INFO - Processing file /opt/airflow/dags/extract_open_meteo_dag.py for tasks to queue
[2025-10-13T13:58:39.998+0000] {logging_mixin.py:188} INFO - [2025-10-13T13:58:39.997+0000] {dagbag.py:540} INFO - Filling up the DagBag from /opt/airflow/dags/extract_open_meteo_dag.py
[2025-10-13T13:58:40.052+0000] {processor.py:840} INFO - DAG(s) 'extract_open_meteo_v2' retrieved from /opt/airflow/dags/extract_open_meteo_dag.py
[2025-10-13T13:58:40.154+0000] {logging_mixin.py:188} INFO - [2025-10-13T13:58:40.154+0000] {dag.py:3047} INFO - Sync 1 DAGs
[2025-10-13T13:58:40.222+0000] {logging_mixin.py:188} INFO - [2025-10-13T13:58:40.221+0000] {dag.py:3834} INFO - Setting next_dagrun for extract_open_meteo_v2 to 2025-10-12 22:00:00+00:00, run_after=2025-10-13 22:00:00+00:00
[2025-10-13T13:58:40.291+0000] {processor.py:183} INFO - Processing /opt/airflow/dags/extract_open_meteo_dag.py took 0.303 seconds
[2025-10-13T13:59:10.450+0000] {processor.py:161} INFO - Started process (PID=13767) to work on /opt/airflow/dags/extract_open_meteo_dag.py
[2025-10-13T13:59:10.452+0000] {processor.py:830} INFO - Processing file /opt/airflow/dags/extract_open_meteo_dag.py for tasks to queue
[2025-10-13T13:59:10.454+0000] {logging_mixin.py:188} INFO - [2025-10-13T13:59:10.453+0000] {dagbag.py:540} INFO - Filling up the DagBag from /opt/airflow/dags/extract_open_meteo_dag.py
[2025-10-13T13:59:10.500+0000] {processor.py:840} INFO - DAG(s) 'extract_open_meteo_v2' retrieved from /opt/airflow/dags/extract_open_meteo_dag.py
[2025-10-13T13:59:10.585+0000] {logging_mixin.py:188} INFO - [2025-10-13T13:59:10.584+0000] {dag.py:3047} INFO - Sync 1 DAGs
[2025-10-13T13:59:10.643+0000] {logging_mixin.py:188} INFO - [2025-10-13T13:59:10.642+0000] {dag.py:3834} INFO - Setting next_dagrun for extract_open_meteo_v2 to 2025-10-12 22:00:00+00:00, run_after=2025-10-13 22:00:00+00:00
[2025-10-13T13:59:10.721+0000] {processor.py:183} INFO - Processing /opt/airflow/dags/extract_open_meteo_dag.py took 0.276 seconds
[2025-10-13T13:59:41.333+0000] {processor.py:161} INFO - Started process (PID=13782) to work on /opt/airflow/dags/extract_open_meteo_dag.py
[2025-10-13T13:59:41.336+0000] {processor.py:830} INFO - Processing file /opt/airflow/dags/extract_open_meteo_dag.py for tasks to queue
[2025-10-13T13:59:41.339+0000] {logging_mixin.py:188} INFO - [2025-10-13T13:59:41.338+0000] {dagbag.py:540} INFO - Filling up the DagBag from /opt/airflow/dags/extract_open_meteo_dag.py
[2025-10-13T13:59:41.400+0000] {processor.py:840} INFO - DAG(s) 'extract_open_meteo_v2' retrieved from /opt/airflow/dags/extract_open_meteo_dag.py
[2025-10-13T13:59:41.520+0000] {logging_mixin.py:188} INFO - [2025-10-13T13:59:41.519+0000] {dag.py:3047} INFO - Sync 1 DAGs
[2025-10-13T13:59:41.710+0000] {logging_mixin.py:188} INFO - [2025-10-13T13:59:41.710+0000] {dag.py:3834} INFO - Setting next_dagrun for extract_open_meteo_v2 to 2025-10-12 22:00:00+00:00, run_after=2025-10-13 22:00:00+00:00
[2025-10-13T13:59:41.895+0000] {processor.py:183} INFO - Processing /opt/airflow/dags/extract_open_meteo_dag.py took 0.612 seconds
[2025-10-13T14:00:12.577+0000] {processor.py:161} INFO - Started process (PID=13797) to work on /opt/airflow/dags/extract_open_meteo_dag.py
[2025-10-13T14:00:12.580+0000] {processor.py:830} INFO - Processing file /opt/airflow/dags/extract_open_meteo_dag.py for tasks to queue
[2025-10-13T14:00:12.585+0000] {logging_mixin.py:188} INFO - [2025-10-13T14:00:12.584+0000] {dagbag.py:540} INFO - Filling up the DagBag from /opt/airflow/dags/extract_open_meteo_dag.py
[2025-10-13T14:00:12.635+0000] {processor.py:840} INFO - DAG(s) 'extract_open_meteo_v2' retrieved from /opt/airflow/dags/extract_open_meteo_dag.py
[2025-10-13T14:00:12.738+0000] {logging_mixin.py:188} INFO - [2025-10-13T14:00:12.738+0000] {dag.py:3047} INFO - Sync 1 DAGs
[2025-10-13T14:00:12.809+0000] {logging_mixin.py:188} INFO - [2025-10-13T14:00:12.808+0000] {dag.py:3834} INFO - Setting next_dagrun for extract_open_meteo_v2 to 2025-10-12 22:00:00+00:00, run_after=2025-10-13 22:00:00+00:00
[2025-10-13T14:00:12.895+0000] {processor.py:183} INFO - Processing /opt/airflow/dags/extract_open_meteo_dag.py took 0.325 seconds
[2025-10-13T14:00:43.104+0000] {processor.py:161} INFO - Started process (PID=13812) to work on /opt/airflow/dags/extract_open_meteo_dag.py
[2025-10-13T14:00:43.106+0000] {processor.py:830} INFO - Processing file /opt/airflow/dags/extract_open_meteo_dag.py for tasks to queue
[2025-10-13T14:00:43.108+0000] {logging_mixin.py:188} INFO - [2025-10-13T14:00:43.108+0000] {dagbag.py:540} INFO - Filling up the DagBag from /opt/airflow/dags/extract_open_meteo_dag.py
[2025-10-13T14:00:43.144+0000] {processor.py:840} INFO - DAG(s) 'extract_open_meteo_v2' retrieved from /opt/airflow/dags/extract_open_meteo_dag.py
[2025-10-13T14:00:43.222+0000] {logging_mixin.py:188} INFO - [2025-10-13T14:00:43.221+0000] {dag.py:3047} INFO - Sync 1 DAGs
[2025-10-13T14:00:43.278+0000] {logging_mixin.py:188} INFO - [2025-10-13T14:00:43.278+0000] {dag.py:3834} INFO - Setting next_dagrun for extract_open_meteo_v2 to 2025-10-12 22:00:00+00:00, run_after=2025-10-13 22:00:00+00:00
[2025-10-13T14:00:43.370+0000] {processor.py:183} INFO - Processing /opt/airflow/dags/extract_open_meteo_dag.py took 0.272 seconds
[2025-10-13T14:01:13.935+0000] {processor.py:161} INFO - Started process (PID=13827) to work on /opt/airflow/dags/extract_open_meteo_dag.py
[2025-10-13T14:01:13.937+0000] {processor.py:830} INFO - Processing file /opt/airflow/dags/extract_open_meteo_dag.py for tasks to queue
[2025-10-13T14:01:13.940+0000] {logging_mixin.py:188} INFO - [2025-10-13T14:01:13.939+0000] {dagbag.py:540} INFO - Filling up the DagBag from /opt/airflow/dags/extract_open_meteo_dag.py
[2025-10-13T14:01:13.991+0000] {processor.py:840} INFO - DAG(s) 'extract_open_meteo_v2' retrieved from /opt/airflow/dags/extract_open_meteo_dag.py
[2025-10-13T14:01:14.092+0000] {logging_mixin.py:188} INFO - [2025-10-13T14:01:14.091+0000] {dag.py:3047} INFO - Sync 1 DAGs
[2025-10-13T14:01:14.167+0000] {logging_mixin.py:188} INFO - [2025-10-13T14:01:14.167+0000] {dag.py:3834} INFO - Setting next_dagrun for extract_open_meteo_v2 to 2025-10-12 22:00:00+00:00, run_after=2025-10-13 22:00:00+00:00
[2025-10-13T14:01:14.251+0000] {processor.py:183} INFO - Processing /opt/airflow/dags/extract_open_meteo_dag.py took 0.322 seconds
[2025-10-13T14:01:44.912+0000] {processor.py:161} INFO - Started process (PID=13842) to work on /opt/airflow/dags/extract_open_meteo_dag.py
[2025-10-13T14:01:44.914+0000] {processor.py:830} INFO - Processing file /opt/airflow/dags/extract_open_meteo_dag.py for tasks to queue
[2025-10-13T14:01:44.917+0000] {logging_mixin.py:188} INFO - [2025-10-13T14:01:44.916+0000] {dagbag.py:540} INFO - Filling up the DagBag from /opt/airflow/dags/extract_open_meteo_dag.py
[2025-10-13T14:01:44.965+0000] {processor.py:840} INFO - DAG(s) 'extract_open_meteo_v2' retrieved from /opt/airflow/dags/extract_open_meteo_dag.py
[2025-10-13T14:01:45.068+0000] {logging_mixin.py:188} INFO - [2025-10-13T14:01:45.067+0000] {dag.py:3047} INFO - Sync 1 DAGs
[2025-10-13T14:01:45.140+0000] {logging_mixin.py:188} INFO - [2025-10-13T14:01:45.140+0000] {dag.py:3834} INFO - Setting next_dagrun for extract_open_meteo_v2 to 2025-10-12 22:00:00+00:00, run_after=2025-10-13 22:00:00+00:00
[2025-10-13T14:01:45.226+0000] {processor.py:183} INFO - Processing /opt/airflow/dags/extract_open_meteo_dag.py took 0.321 seconds
[2025-10-13T14:02:15.408+0000] {processor.py:161} INFO - Started process (PID=13857) to work on /opt/airflow/dags/extract_open_meteo_dag.py
[2025-10-13T14:02:15.410+0000] {processor.py:830} INFO - Processing file /opt/airflow/dags/extract_open_meteo_dag.py for tasks to queue
[2025-10-13T14:02:15.413+0000] {logging_mixin.py:188} INFO - [2025-10-13T14:02:15.413+0000] {dagbag.py:540} INFO - Filling up the DagBag from /opt/airflow/dags/extract_open_meteo_dag.py
[2025-10-13T14:02:15.460+0000] {processor.py:840} INFO - DAG(s) 'extract_open_meteo_v2' retrieved from /opt/airflow/dags/extract_open_meteo_dag.py
[2025-10-13T14:02:15.557+0000] {logging_mixin.py:188} INFO - [2025-10-13T14:02:15.556+0000] {dag.py:3047} INFO - Sync 1 DAGs
[2025-10-13T14:02:15.631+0000] {logging_mixin.py:188} INFO - [2025-10-13T14:02:15.631+0000] {dag.py:3834} INFO - Setting next_dagrun for extract_open_meteo_v2 to 2025-10-12 22:00:00+00:00, run_after=2025-10-13 22:00:00+00:00
[2025-10-13T14:02:15.723+0000] {processor.py:183} INFO - Processing /opt/airflow/dags/extract_open_meteo_dag.py took 0.324 seconds
[2025-10-13T14:02:46.256+0000] {processor.py:161} INFO - Started process (PID=13872) to work on /opt/airflow/dags/extract_open_meteo_dag.py
[2025-10-13T14:02:46.258+0000] {processor.py:830} INFO - Processing file /opt/airflow/dags/extract_open_meteo_dag.py for tasks to queue
[2025-10-13T14:02:46.260+0000] {logging_mixin.py:188} INFO - [2025-10-13T14:02:46.260+0000] {dagbag.py:540} INFO - Filling up the DagBag from /opt/airflow/dags/extract_open_meteo_dag.py
[2025-10-13T14:02:46.305+0000] {processor.py:840} INFO - DAG(s) 'extract_open_meteo_v2' retrieved from /opt/airflow/dags/extract_open_meteo_dag.py
[2025-10-13T14:02:46.400+0000] {logging_mixin.py:188} INFO - [2025-10-13T14:02:46.400+0000] {dag.py:3047} INFO - Sync 1 DAGs
[2025-10-13T14:02:46.472+0000] {logging_mixin.py:188} INFO - [2025-10-13T14:02:46.472+0000] {dag.py:3834} INFO - Setting next_dagrun for extract_open_meteo_v2 to 2025-10-12 22:00:00+00:00, run_after=2025-10-13 22:00:00+00:00
[2025-10-13T14:02:46.556+0000] {processor.py:183} INFO - Processing /opt/airflow/dags/extract_open_meteo_dag.py took 0.305 seconds
[2025-10-13T14:03:17.114+0000] {processor.py:161} INFO - Started process (PID=13887) to work on /opt/airflow/dags/extract_open_meteo_dag.py
[2025-10-13T14:03:17.116+0000] {processor.py:830} INFO - Processing file /opt/airflow/dags/extract_open_meteo_dag.py for tasks to queue
[2025-10-13T14:03:17.119+0000] {logging_mixin.py:188} INFO - [2025-10-13T14:03:17.118+0000] {dagbag.py:540} INFO - Filling up the DagBag from /opt/airflow/dags/extract_open_meteo_dag.py
[2025-10-13T14:03:17.159+0000] {processor.py:840} INFO - DAG(s) 'extract_open_meteo_v2' retrieved from /opt/airflow/dags/extract_open_meteo_dag.py
[2025-10-13T14:03:17.243+0000] {logging_mixin.py:188} INFO - [2025-10-13T14:03:17.243+0000] {dag.py:3047} INFO - Sync 1 DAGs
[2025-10-13T14:03:17.314+0000] {logging_mixin.py:188} INFO - [2025-10-13T14:03:17.313+0000] {dag.py:3834} INFO - Setting next_dagrun for extract_open_meteo_v2 to 2025-10-12 22:00:00+00:00, run_after=2025-10-13 22:00:00+00:00
[2025-10-13T14:03:17.398+0000] {processor.py:183} INFO - Processing /opt/airflow/dags/extract_open_meteo_dag.py took 0.293 seconds
[2025-10-13T14:03:47.971+0000] {processor.py:161} INFO - Started process (PID=13902) to work on /opt/airflow/dags/extract_open_meteo_dag.py
[2025-10-13T14:03:47.978+0000] {processor.py:830} INFO - Processing file /opt/airflow/dags/extract_open_meteo_dag.py for tasks to queue
[2025-10-13T14:03:47.981+0000] {logging_mixin.py:188} INFO - [2025-10-13T14:03:47.980+0000] {dagbag.py:540} INFO - Filling up the DagBag from /opt/airflow/dags/extract_open_meteo_dag.py
[2025-10-13T14:03:48.025+0000] {processor.py:840} INFO - DAG(s) 'extract_open_meteo_v2' retrieved from /opt/airflow/dags/extract_open_meteo_dag.py
[2025-10-13T14:03:48.110+0000] {logging_mixin.py:188} INFO - [2025-10-13T14:03:48.109+0000] {dag.py:3047} INFO - Sync 1 DAGs
[2025-10-13T14:03:48.171+0000] {logging_mixin.py:188} INFO - [2025-10-13T14:03:48.170+0000] {dag.py:3834} INFO - Setting next_dagrun for extract_open_meteo_v2 to 2025-10-12 22:00:00+00:00, run_after=2025-10-13 22:00:00+00:00
[2025-10-13T14:03:48.286+0000] {processor.py:183} INFO - Processing /opt/airflow/dags/extract_open_meteo_dag.py took 0.320 seconds
[2025-10-13T14:04:19.103+0000] {processor.py:161} INFO - Started process (PID=13917) to work on /opt/airflow/dags/extract_open_meteo_dag.py
[2025-10-13T14:04:19.104+0000] {processor.py:830} INFO - Processing file /opt/airflow/dags/extract_open_meteo_dag.py for tasks to queue
[2025-10-13T14:04:19.106+0000] {logging_mixin.py:188} INFO - [2025-10-13T14:04:19.106+0000] {dagbag.py:540} INFO - Filling up the DagBag from /opt/airflow/dags/extract_open_meteo_dag.py
[2025-10-13T14:04:19.140+0000] {processor.py:840} INFO - DAG(s) 'extract_open_meteo_v2' retrieved from /opt/airflow/dags/extract_open_meteo_dag.py
[2025-10-13T14:04:19.198+0000] {logging_mixin.py:188} INFO - [2025-10-13T14:04:19.198+0000] {dag.py:3047} INFO - Sync 1 DAGs
[2025-10-13T14:04:19.246+0000] {logging_mixin.py:188} INFO - [2025-10-13T14:04:19.246+0000] {dag.py:3834} INFO - Setting next_dagrun for extract_open_meteo_v2 to 2025-10-12 22:00:00+00:00, run_after=2025-10-13 22:00:00+00:00
[2025-10-13T14:04:19.311+0000] {processor.py:183} INFO - Processing /opt/airflow/dags/extract_open_meteo_dag.py took 0.212 seconds
[2025-10-13T14:04:49.931+0000] {processor.py:161} INFO - Started process (PID=13932) to work on /opt/airflow/dags/extract_open_meteo_dag.py
[2025-10-13T14:04:49.934+0000] {processor.py:830} INFO - Processing file /opt/airflow/dags/extract_open_meteo_dag.py for tasks to queue
[2025-10-13T14:04:49.937+0000] {logging_mixin.py:188} INFO - [2025-10-13T14:04:49.936+0000] {dagbag.py:540} INFO - Filling up the DagBag from /opt/airflow/dags/extract_open_meteo_dag.py
[2025-10-13T14:04:50.010+0000] {processor.py:840} INFO - DAG(s) 'extract_open_meteo_v2' retrieved from /opt/airflow/dags/extract_open_meteo_dag.py
[2025-10-13T14:04:50.136+0000] {logging_mixin.py:188} INFO - [2025-10-13T14:04:50.135+0000] {dag.py:3047} INFO - Sync 1 DAGs
[2025-10-13T14:04:50.212+0000] {logging_mixin.py:188} INFO - [2025-10-13T14:04:50.211+0000] {dag.py:3834} INFO - Setting next_dagrun for extract_open_meteo_v2 to 2025-10-12 22:00:00+00:00, run_after=2025-10-13 22:00:00+00:00
[2025-10-13T14:04:50.279+0000] {processor.py:183} INFO - Processing /opt/airflow/dags/extract_open_meteo_dag.py took 0.355 seconds
[2025-10-13T14:05:20.771+0000] {processor.py:161} INFO - Started process (PID=13947) to work on /opt/airflow/dags/extract_open_meteo_dag.py
[2025-10-13T14:05:20.773+0000] {processor.py:830} INFO - Processing file /opt/airflow/dags/extract_open_meteo_dag.py for tasks to queue
[2025-10-13T14:05:20.775+0000] {logging_mixin.py:188} INFO - [2025-10-13T14:05:20.774+0000] {dagbag.py:540} INFO - Filling up the DagBag from /opt/airflow/dags/extract_open_meteo_dag.py
[2025-10-13T14:05:20.816+0000] {processor.py:840} INFO - DAG(s) 'extract_open_meteo_v2' retrieved from /opt/airflow/dags/extract_open_meteo_dag.py
[2025-10-13T14:05:20.900+0000] {logging_mixin.py:188} INFO - [2025-10-13T14:05:20.900+0000] {dag.py:3047} INFO - Sync 1 DAGs
[2025-10-13T14:05:20.963+0000] {logging_mixin.py:188} INFO - [2025-10-13T14:05:20.962+0000] {dag.py:3834} INFO - Setting next_dagrun for extract_open_meteo_v2 to 2025-10-12 22:00:00+00:00, run_after=2025-10-13 22:00:00+00:00
[2025-10-13T14:05:21.081+0000] {processor.py:183} INFO - Processing /opt/airflow/dags/extract_open_meteo_dag.py took 0.315 seconds
[2025-10-13T14:05:51.519+0000] {processor.py:161} INFO - Started process (PID=13964) to work on /opt/airflow/dags/extract_open_meteo_dag.py
[2025-10-13T14:05:51.521+0000] {processor.py:830} INFO - Processing file /opt/airflow/dags/extract_open_meteo_dag.py for tasks to queue
[2025-10-13T14:05:51.524+0000] {logging_mixin.py:188} INFO - [2025-10-13T14:05:51.523+0000] {dagbag.py:540} INFO - Filling up the DagBag from /opt/airflow/dags/extract_open_meteo_dag.py
[2025-10-13T14:05:51.563+0000] {processor.py:840} INFO - DAG(s) 'extract_open_meteo_v2' retrieved from /opt/airflow/dags/extract_open_meteo_dag.py
[2025-10-13T14:05:51.651+0000] {logging_mixin.py:188} INFO - [2025-10-13T14:05:51.651+0000] {dag.py:3047} INFO - Sync 1 DAGs
[2025-10-13T14:05:51.710+0000] {logging_mixin.py:188} INFO - [2025-10-13T14:05:51.709+0000] {dag.py:3834} INFO - Setting next_dagrun for extract_open_meteo_v2 to 2025-10-12 22:00:00+00:00, run_after=2025-10-13 22:00:00+00:00
[2025-10-13T14:05:51.776+0000] {processor.py:183} INFO - Processing /opt/airflow/dags/extract_open_meteo_dag.py took 0.263 seconds
[2025-10-13T14:06:22.363+0000] {processor.py:161} INFO - Started process (PID=13979) to work on /opt/airflow/dags/extract_open_meteo_dag.py
[2025-10-13T14:06:22.365+0000] {processor.py:830} INFO - Processing file /opt/airflow/dags/extract_open_meteo_dag.py for tasks to queue
[2025-10-13T14:06:22.367+0000] {logging_mixin.py:188} INFO - [2025-10-13T14:06:22.366+0000] {dagbag.py:540} INFO - Filling up the DagBag from /opt/airflow/dags/extract_open_meteo_dag.py
[2025-10-13T14:06:22.408+0000] {processor.py:840} INFO - DAG(s) 'extract_open_meteo_v2' retrieved from /opt/airflow/dags/extract_open_meteo_dag.py
[2025-10-13T14:06:22.523+0000] {logging_mixin.py:188} INFO - [2025-10-13T14:06:22.522+0000] {dag.py:3047} INFO - Sync 1 DAGs
[2025-10-13T14:06:22.701+0000] {logging_mixin.py:188} INFO - [2025-10-13T14:06:22.700+0000] {dag.py:3834} INFO - Setting next_dagrun for extract_open_meteo_v2 to 2025-10-12 22:00:00+00:00, run_after=2025-10-13 22:00:00+00:00
[2025-10-13T14:06:22.825+0000] {processor.py:183} INFO - Processing /opt/airflow/dags/extract_open_meteo_dag.py took 0.466 seconds
[2025-10-13T14:06:53.185+0000] {processor.py:161} INFO - Started process (PID=13994) to work on /opt/airflow/dags/extract_open_meteo_dag.py
[2025-10-13T14:06:53.188+0000] {processor.py:830} INFO - Processing file /opt/airflow/dags/extract_open_meteo_dag.py for tasks to queue
[2025-10-13T14:06:53.190+0000] {logging_mixin.py:188} INFO - [2025-10-13T14:06:53.190+0000] {dagbag.py:540} INFO - Filling up the DagBag from /opt/airflow/dags/extract_open_meteo_dag.py
[2025-10-13T14:06:53.250+0000] {processor.py:840} INFO - DAG(s) 'extract_open_meteo_v2' retrieved from /opt/airflow/dags/extract_open_meteo_dag.py
[2025-10-13T14:06:53.357+0000] {logging_mixin.py:188} INFO - [2025-10-13T14:06:53.356+0000] {dag.py:3047} INFO - Sync 1 DAGs
[2025-10-13T14:06:53.430+0000] {logging_mixin.py:188} INFO - [2025-10-13T14:06:53.430+0000] {dag.py:3834} INFO - Setting next_dagrun for extract_open_meteo_v2 to 2025-10-12 22:00:00+00:00, run_after=2025-10-13 22:00:00+00:00
[2025-10-13T14:06:53.499+0000] {processor.py:183} INFO - Processing /opt/airflow/dags/extract_open_meteo_dag.py took 0.321 seconds
[2025-10-13T14:07:23.689+0000] {processor.py:161} INFO - Started process (PID=14009) to work on /opt/airflow/dags/extract_open_meteo_dag.py
[2025-10-13T14:07:23.692+0000] {processor.py:830} INFO - Processing file /opt/airflow/dags/extract_open_meteo_dag.py for tasks to queue
[2025-10-13T14:07:23.694+0000] {logging_mixin.py:188} INFO - [2025-10-13T14:07:23.693+0000] {dagbag.py:540} INFO - Filling up the DagBag from /opt/airflow/dags/extract_open_meteo_dag.py
[2025-10-13T14:07:23.736+0000] {processor.py:840} INFO - DAG(s) 'extract_open_meteo_v2' retrieved from /opt/airflow/dags/extract_open_meteo_dag.py
[2025-10-13T14:07:23.834+0000] {logging_mixin.py:188} INFO - [2025-10-13T14:07:23.833+0000] {dag.py:3047} INFO - Sync 1 DAGs
[2025-10-13T14:07:23.893+0000] {logging_mixin.py:188} INFO - [2025-10-13T14:07:23.893+0000] {dag.py:3834} INFO - Setting next_dagrun for extract_open_meteo_v2 to 2025-10-12 22:00:00+00:00, run_after=2025-10-13 22:00:00+00:00
[2025-10-13T14:07:23.953+0000] {processor.py:183} INFO - Processing /opt/airflow/dags/extract_open_meteo_dag.py took 0.268 seconds
[2025-10-13T14:07:54.206+0000] {processor.py:161} INFO - Started process (PID=14024) to work on /opt/airflow/dags/extract_open_meteo_dag.py
[2025-10-13T14:07:54.207+0000] {processor.py:830} INFO - Processing file /opt/airflow/dags/extract_open_meteo_dag.py for tasks to queue
[2025-10-13T14:07:54.210+0000] {logging_mixin.py:188} INFO - [2025-10-13T14:07:54.209+0000] {dagbag.py:540} INFO - Filling up the DagBag from /opt/airflow/dags/extract_open_meteo_dag.py
[2025-10-13T14:07:54.241+0000] {processor.py:840} INFO - DAG(s) 'extract_open_meteo_v2' retrieved from /opt/airflow/dags/extract_open_meteo_dag.py
[2025-10-13T14:07:54.320+0000] {logging_mixin.py:188} INFO - [2025-10-13T14:07:54.320+0000] {dag.py:3047} INFO - Sync 1 DAGs
[2025-10-13T14:07:54.383+0000] {logging_mixin.py:188} INFO - [2025-10-13T14:07:54.382+0000] {dag.py:3834} INFO - Setting next_dagrun for extract_open_meteo_v2 to 2025-10-12 22:00:00+00:00, run_after=2025-10-13 22:00:00+00:00
[2025-10-13T14:07:54.429+0000] {processor.py:183} INFO - Processing /opt/airflow/dags/extract_open_meteo_dag.py took 0.226 seconds
[2025-10-13T14:08:24.702+0000] {processor.py:161} INFO - Started process (PID=14037) to work on /opt/airflow/dags/extract_open_meteo_dag.py
[2025-10-13T14:08:24.705+0000] {processor.py:830} INFO - Processing file /opt/airflow/dags/extract_open_meteo_dag.py for tasks to queue
[2025-10-13T14:08:24.707+0000] {logging_mixin.py:188} INFO - [2025-10-13T14:08:24.706+0000] {dagbag.py:540} INFO - Filling up the DagBag from /opt/airflow/dags/extract_open_meteo_dag.py
[2025-10-13T14:08:24.759+0000] {processor.py:840} INFO - DAG(s) 'extract_open_meteo_v2' retrieved from /opt/airflow/dags/extract_open_meteo_dag.py
[2025-10-13T14:08:24.913+0000] {logging_mixin.py:188} INFO - [2025-10-13T14:08:24.913+0000] {dag.py:3047} INFO - Sync 1 DAGs
[2025-10-13T14:08:25.033+0000] {logging_mixin.py:188} INFO - [2025-10-13T14:08:25.033+0000] {dag.py:3834} INFO - Setting next_dagrun for extract_open_meteo_v2 to 2025-10-12 22:00:00+00:00, run_after=2025-10-13 22:00:00+00:00
[2025-10-13T14:08:25.140+0000] {processor.py:183} INFO - Processing /opt/airflow/dags/extract_open_meteo_dag.py took 0.447 seconds
[2025-10-13T14:08:55.636+0000] {processor.py:161} INFO - Started process (PID=14052) to work on /opt/airflow/dags/extract_open_meteo_dag.py
[2025-10-13T14:08:55.638+0000] {processor.py:830} INFO - Processing file /opt/airflow/dags/extract_open_meteo_dag.py for tasks to queue
[2025-10-13T14:08:55.643+0000] {logging_mixin.py:188} INFO - [2025-10-13T14:08:55.642+0000] {dagbag.py:540} INFO - Filling up the DagBag from /opt/airflow/dags/extract_open_meteo_dag.py
[2025-10-13T14:08:55.695+0000] {processor.py:840} INFO - DAG(s) 'extract_open_meteo_v2' retrieved from /opt/airflow/dags/extract_open_meteo_dag.py
[2025-10-13T14:08:55.824+0000] {logging_mixin.py:188} INFO - [2025-10-13T14:08:55.824+0000] {dag.py:3047} INFO - Sync 1 DAGs
[2025-10-13T14:08:55.920+0000] {logging_mixin.py:188} INFO - [2025-10-13T14:08:55.919+0000] {dag.py:3834} INFO - Setting next_dagrun for extract_open_meteo_v2 to 2025-10-12 22:00:00+00:00, run_after=2025-10-13 22:00:00+00:00
[2025-10-13T14:08:56.029+0000] {processor.py:183} INFO - Processing /opt/airflow/dags/extract_open_meteo_dag.py took 0.399 seconds
[2025-10-13T14:09:26.686+0000] {processor.py:161} INFO - Started process (PID=14067) to work on /opt/airflow/dags/extract_open_meteo_dag.py
[2025-10-13T14:09:26.689+0000] {processor.py:830} INFO - Processing file /opt/airflow/dags/extract_open_meteo_dag.py for tasks to queue
[2025-10-13T14:09:26.691+0000] {logging_mixin.py:188} INFO - [2025-10-13T14:09:26.690+0000] {dagbag.py:540} INFO - Filling up the DagBag from /opt/airflow/dags/extract_open_meteo_dag.py
[2025-10-13T14:09:26.738+0000] {processor.py:840} INFO - DAG(s) 'extract_open_meteo_v2' retrieved from /opt/airflow/dags/extract_open_meteo_dag.py
[2025-10-13T14:09:26.837+0000] {logging_mixin.py:188} INFO - [2025-10-13T14:09:26.836+0000] {dag.py:3047} INFO - Sync 1 DAGs
[2025-10-13T14:09:26.916+0000] {logging_mixin.py:188} INFO - [2025-10-13T14:09:26.916+0000] {dag.py:3834} INFO - Setting next_dagrun for extract_open_meteo_v2 to 2025-10-12 22:00:00+00:00, run_after=2025-10-13 22:00:00+00:00
[2025-10-13T14:09:27.014+0000] {processor.py:183} INFO - Processing /opt/airflow/dags/extract_open_meteo_dag.py took 0.334 seconds
[2025-10-13T14:09:57.507+0000] {processor.py:161} INFO - Started process (PID=14082) to work on /opt/airflow/dags/extract_open_meteo_dag.py
[2025-10-13T14:09:57.509+0000] {processor.py:830} INFO - Processing file /opt/airflow/dags/extract_open_meteo_dag.py for tasks to queue
[2025-10-13T14:09:57.512+0000] {logging_mixin.py:188} INFO - [2025-10-13T14:09:57.511+0000] {dagbag.py:540} INFO - Filling up the DagBag from /opt/airflow/dags/extract_open_meteo_dag.py
[2025-10-13T14:09:57.554+0000] {processor.py:840} INFO - DAG(s) 'extract_open_meteo_v2' retrieved from /opt/airflow/dags/extract_open_meteo_dag.py
[2025-10-13T14:09:57.682+0000] {logging_mixin.py:188} INFO - [2025-10-13T14:09:57.681+0000] {dag.py:3047} INFO - Sync 1 DAGs
[2025-10-13T14:09:57.768+0000] {logging_mixin.py:188} INFO - [2025-10-13T14:09:57.767+0000] {dag.py:3834} INFO - Setting next_dagrun for extract_open_meteo_v2 to 2025-10-12 22:00:00+00:00, run_after=2025-10-13 22:00:00+00:00
[2025-10-13T14:09:57.891+0000] {processor.py:183} INFO - Processing /opt/airflow/dags/extract_open_meteo_dag.py took 0.392 seconds
[2025-10-13T14:10:28.474+0000] {processor.py:161} INFO - Started process (PID=14097) to work on /opt/airflow/dags/extract_open_meteo_dag.py
[2025-10-13T14:10:28.478+0000] {processor.py:830} INFO - Processing file /opt/airflow/dags/extract_open_meteo_dag.py for tasks to queue
[2025-10-13T14:10:28.484+0000] {logging_mixin.py:188} INFO - [2025-10-13T14:10:28.481+0000] {dagbag.py:540} INFO - Filling up the DagBag from /opt/airflow/dags/extract_open_meteo_dag.py
[2025-10-13T14:10:28.661+0000] {processor.py:840} INFO - DAG(s) 'extract_open_meteo_v2' retrieved from /opt/airflow/dags/extract_open_meteo_dag.py
[2025-10-13T14:10:28.898+0000] {logging_mixin.py:188} INFO - [2025-10-13T14:10:28.898+0000] {dag.py:3047} INFO - Sync 1 DAGs
[2025-10-13T14:10:28.971+0000] {logging_mixin.py:188} INFO - [2025-10-13T14:10:28.970+0000] {dag.py:3834} INFO - Setting next_dagrun for extract_open_meteo_v2 to 2025-10-12 22:00:00+00:00, run_after=2025-10-13 22:00:00+00:00
[2025-10-13T14:10:29.043+0000] {processor.py:183} INFO - Processing /opt/airflow/dags/extract_open_meteo_dag.py took 0.577 seconds
[2025-10-13T14:10:59.591+0000] {processor.py:161} INFO - Started process (PID=14112) to work on /opt/airflow/dags/extract_open_meteo_dag.py
[2025-10-13T14:10:59.595+0000] {processor.py:830} INFO - Processing file /opt/airflow/dags/extract_open_meteo_dag.py for tasks to queue
[2025-10-13T14:10:59.598+0000] {logging_mixin.py:188} INFO - [2025-10-13T14:10:59.597+0000] {dagbag.py:540} INFO - Filling up the DagBag from /opt/airflow/dags/extract_open_meteo_dag.py
[2025-10-13T14:10:59.640+0000] {processor.py:840} INFO - DAG(s) 'extract_open_meteo_v2' retrieved from /opt/airflow/dags/extract_open_meteo_dag.py
[2025-10-13T14:10:59.731+0000] {logging_mixin.py:188} INFO - [2025-10-13T14:10:59.730+0000] {dag.py:3047} INFO - Sync 1 DAGs
[2025-10-13T14:10:59.793+0000] {logging_mixin.py:188} INFO - [2025-10-13T14:10:59.792+0000] {dag.py:3834} INFO - Setting next_dagrun for extract_open_meteo_v2 to 2025-10-12 22:00:00+00:00, run_after=2025-10-13 22:00:00+00:00
[2025-10-13T14:10:59.862+0000] {processor.py:183} INFO - Processing /opt/airflow/dags/extract_open_meteo_dag.py took 0.278 seconds
[2025-10-13T14:11:30.388+0000] {processor.py:161} INFO - Started process (PID=14127) to work on /opt/airflow/dags/extract_open_meteo_dag.py
[2025-10-13T14:11:30.390+0000] {processor.py:830} INFO - Processing file /opt/airflow/dags/extract_open_meteo_dag.py for tasks to queue
[2025-10-13T14:11:30.393+0000] {logging_mixin.py:188} INFO - [2025-10-13T14:11:30.392+0000] {dagbag.py:540} INFO - Filling up the DagBag from /opt/airflow/dags/extract_open_meteo_dag.py
[2025-10-13T14:11:30.431+0000] {processor.py:840} INFO - DAG(s) 'extract_open_meteo_v2' retrieved from /opt/airflow/dags/extract_open_meteo_dag.py
[2025-10-13T14:11:30.507+0000] {logging_mixin.py:188} INFO - [2025-10-13T14:11:30.507+0000] {dag.py:3047} INFO - Sync 1 DAGs
[2025-10-13T14:11:30.559+0000] {logging_mixin.py:188} INFO - [2025-10-13T14:11:30.559+0000] {dag.py:3834} INFO - Setting next_dagrun for extract_open_meteo_v2 to 2025-10-12 22:00:00+00:00, run_after=2025-10-13 22:00:00+00:00
[2025-10-13T14:11:30.622+0000] {processor.py:183} INFO - Processing /opt/airflow/dags/extract_open_meteo_dag.py took 0.240 seconds
[2025-10-13T14:12:01.239+0000] {processor.py:161} INFO - Started process (PID=14142) to work on /opt/airflow/dags/extract_open_meteo_dag.py
[2025-10-13T14:12:01.241+0000] {processor.py:830} INFO - Processing file /opt/airflow/dags/extract_open_meteo_dag.py for tasks to queue
[2025-10-13T14:12:01.244+0000] {logging_mixin.py:188} INFO - [2025-10-13T14:12:01.243+0000] {dagbag.py:540} INFO - Filling up the DagBag from /opt/airflow/dags/extract_open_meteo_dag.py
[2025-10-13T14:12:01.293+0000] {processor.py:840} INFO - DAG(s) 'extract_open_meteo_v2' retrieved from /opt/airflow/dags/extract_open_meteo_dag.py
[2025-10-13T14:12:01.397+0000] {logging_mixin.py:188} INFO - [2025-10-13T14:12:01.396+0000] {dag.py:3047} INFO - Sync 1 DAGs
[2025-10-13T14:12:01.469+0000] {logging_mixin.py:188} INFO - [2025-10-13T14:12:01.469+0000] {dag.py:3834} INFO - Setting next_dagrun for extract_open_meteo_v2 to 2025-10-12 22:00:00+00:00, run_after=2025-10-13 22:00:00+00:00
[2025-10-13T14:12:01.540+0000] {processor.py:183} INFO - Processing /opt/airflow/dags/extract_open_meteo_dag.py took 0.328 seconds
[2025-10-13T14:12:32.444+0000] {processor.py:161} INFO - Started process (PID=14157) to work on /opt/airflow/dags/extract_open_meteo_dag.py
[2025-10-13T14:12:32.447+0000] {processor.py:830} INFO - Processing file /opt/airflow/dags/extract_open_meteo_dag.py for tasks to queue
[2025-10-13T14:12:32.452+0000] {logging_mixin.py:188} INFO - [2025-10-13T14:12:32.451+0000] {dagbag.py:540} INFO - Filling up the DagBag from /opt/airflow/dags/extract_open_meteo_dag.py
[2025-10-13T14:12:32.535+0000] {processor.py:840} INFO - DAG(s) 'extract_open_meteo_v2' retrieved from /opt/airflow/dags/extract_open_meteo_dag.py
[2025-10-13T14:12:32.631+0000] {logging_mixin.py:188} INFO - [2025-10-13T14:12:32.630+0000] {dag.py:3047} INFO - Sync 1 DAGs
[2025-10-13T14:12:32.702+0000] {logging_mixin.py:188} INFO - [2025-10-13T14:12:32.701+0000] {dag.py:3834} INFO - Setting next_dagrun for extract_open_meteo_v2 to 2025-10-12 22:00:00+00:00, run_after=2025-10-13 22:00:00+00:00
[2025-10-13T14:12:32.815+0000] {processor.py:183} INFO - Processing /opt/airflow/dags/extract_open_meteo_dag.py took 0.386 seconds
[2025-10-13T14:13:03.507+0000] {processor.py:161} INFO - Started process (PID=14172) to work on /opt/airflow/dags/extract_open_meteo_dag.py
[2025-10-13T14:13:03.510+0000] {processor.py:830} INFO - Processing file /opt/airflow/dags/extract_open_meteo_dag.py for tasks to queue
[2025-10-13T14:13:03.513+0000] {logging_mixin.py:188} INFO - [2025-10-13T14:13:03.512+0000] {dagbag.py:540} INFO - Filling up the DagBag from /opt/airflow/dags/extract_open_meteo_dag.py
[2025-10-13T14:13:03.555+0000] {processor.py:840} INFO - DAG(s) 'extract_open_meteo_v2' retrieved from /opt/airflow/dags/extract_open_meteo_dag.py
[2025-10-13T14:13:03.642+0000] {logging_mixin.py:188} INFO - [2025-10-13T14:13:03.642+0000] {dag.py:3047} INFO - Sync 1 DAGs
[2025-10-13T14:13:03.713+0000] {logging_mixin.py:188} INFO - [2025-10-13T14:13:03.713+0000] {dag.py:3834} INFO - Setting next_dagrun for extract_open_meteo_v2 to 2025-10-12 22:00:00+00:00, run_after=2025-10-13 22:00:00+00:00
[2025-10-13T14:13:03.801+0000] {processor.py:183} INFO - Processing /opt/airflow/dags/extract_open_meteo_dag.py took 0.300 seconds
[2025-10-13T14:13:34.549+0000] {processor.py:161} INFO - Started process (PID=14187) to work on /opt/airflow/dags/extract_open_meteo_dag.py
[2025-10-13T14:13:34.551+0000] {processor.py:830} INFO - Processing file /opt/airflow/dags/extract_open_meteo_dag.py for tasks to queue
[2025-10-13T14:13:34.554+0000] {logging_mixin.py:188} INFO - [2025-10-13T14:13:34.553+0000] {dagbag.py:540} INFO - Filling up the DagBag from /opt/airflow/dags/extract_open_meteo_dag.py
[2025-10-13T14:13:34.592+0000] {processor.py:840} INFO - DAG(s) 'extract_open_meteo_v2' retrieved from /opt/airflow/dags/extract_open_meteo_dag.py
[2025-10-13T14:13:34.685+0000] {logging_mixin.py:188} INFO - [2025-10-13T14:13:34.685+0000] {dag.py:3047} INFO - Sync 1 DAGs
[2025-10-13T14:13:34.749+0000] {logging_mixin.py:188} INFO - [2025-10-13T14:13:34.749+0000] {dag.py:3834} INFO - Setting next_dagrun for extract_open_meteo_v2 to 2025-10-12 22:00:00+00:00, run_after=2025-10-13 22:00:00+00:00
[2025-10-13T14:13:34.823+0000] {processor.py:183} INFO - Processing /opt/airflow/dags/extract_open_meteo_dag.py took 0.279 seconds
[2025-10-13T14:14:05.458+0000] {processor.py:161} INFO - Started process (PID=14202) to work on /opt/airflow/dags/extract_open_meteo_dag.py
[2025-10-13T14:14:05.460+0000] {processor.py:830} INFO - Processing file /opt/airflow/dags/extract_open_meteo_dag.py for tasks to queue
[2025-10-13T14:14:05.462+0000] {logging_mixin.py:188} INFO - [2025-10-13T14:14:05.461+0000] {dagbag.py:540} INFO - Filling up the DagBag from /opt/airflow/dags/extract_open_meteo_dag.py
[2025-10-13T14:14:05.510+0000] {processor.py:840} INFO - DAG(s) 'extract_open_meteo_v2' retrieved from /opt/airflow/dags/extract_open_meteo_dag.py
[2025-10-13T14:14:05.604+0000] {logging_mixin.py:188} INFO - [2025-10-13T14:14:05.604+0000] {dag.py:3047} INFO - Sync 1 DAGs
[2025-10-13T14:14:05.667+0000] {logging_mixin.py:188} INFO - [2025-10-13T14:14:05.667+0000] {dag.py:3834} INFO - Setting next_dagrun for extract_open_meteo_v2 to 2025-10-12 22:00:00+00:00, run_after=2025-10-13 22:00:00+00:00
[2025-10-13T14:14:05.757+0000] {processor.py:183} INFO - Processing /opt/airflow/dags/extract_open_meteo_dag.py took 0.306 seconds
[2025-10-13T14:14:36.517+0000] {processor.py:161} INFO - Started process (PID=14217) to work on /opt/airflow/dags/extract_open_meteo_dag.py
[2025-10-13T14:14:36.519+0000] {processor.py:830} INFO - Processing file /opt/airflow/dags/extract_open_meteo_dag.py for tasks to queue
[2025-10-13T14:14:36.521+0000] {logging_mixin.py:188} INFO - [2025-10-13T14:14:36.521+0000] {dagbag.py:540} INFO - Filling up the DagBag from /opt/airflow/dags/extract_open_meteo_dag.py
[2025-10-13T14:14:36.566+0000] {processor.py:840} INFO - DAG(s) 'extract_open_meteo_v2' retrieved from /opt/airflow/dags/extract_open_meteo_dag.py
[2025-10-13T14:14:36.690+0000] {logging_mixin.py:188} INFO - [2025-10-13T14:14:36.690+0000] {dag.py:3047} INFO - Sync 1 DAGs
[2025-10-13T14:14:36.753+0000] {logging_mixin.py:188} INFO - [2025-10-13T14:14:36.752+0000] {dag.py:3834} INFO - Setting next_dagrun for extract_open_meteo_v2 to 2025-10-12 22:00:00+00:00, run_after=2025-10-13 22:00:00+00:00
[2025-10-13T14:14:36.822+0000] {processor.py:183} INFO - Processing /opt/airflow/dags/extract_open_meteo_dag.py took 0.311 seconds
[2025-10-13T14:15:07.411+0000] {processor.py:161} INFO - Started process (PID=14232) to work on /opt/airflow/dags/extract_open_meteo_dag.py
[2025-10-13T14:15:07.412+0000] {processor.py:830} INFO - Processing file /opt/airflow/dags/extract_open_meteo_dag.py for tasks to queue
[2025-10-13T14:15:07.415+0000] {logging_mixin.py:188} INFO - [2025-10-13T14:15:07.414+0000] {dagbag.py:540} INFO - Filling up the DagBag from /opt/airflow/dags/extract_open_meteo_dag.py
[2025-10-13T14:15:07.452+0000] {processor.py:840} INFO - DAG(s) 'extract_open_meteo_v2' retrieved from /opt/airflow/dags/extract_open_meteo_dag.py
[2025-10-13T14:15:07.556+0000] {logging_mixin.py:188} INFO - [2025-10-13T14:15:07.555+0000] {dag.py:3047} INFO - Sync 1 DAGs
[2025-10-13T14:15:07.629+0000] {logging_mixin.py:188} INFO - [2025-10-13T14:15:07.629+0000] {dag.py:3834} INFO - Setting next_dagrun for extract_open_meteo_v2 to 2025-10-12 22:00:00+00:00, run_after=2025-10-13 22:00:00+00:00
[2025-10-13T14:15:07.719+0000] {processor.py:183} INFO - Processing /opt/airflow/dags/extract_open_meteo_dag.py took 0.313 seconds
[2025-10-13T14:15:38.289+0000] {processor.py:161} INFO - Started process (PID=14247) to work on /opt/airflow/dags/extract_open_meteo_dag.py
[2025-10-13T14:15:38.292+0000] {processor.py:830} INFO - Processing file /opt/airflow/dags/extract_open_meteo_dag.py for tasks to queue
[2025-10-13T14:15:38.295+0000] {logging_mixin.py:188} INFO - [2025-10-13T14:15:38.293+0000] {dagbag.py:540} INFO - Filling up the DagBag from /opt/airflow/dags/extract_open_meteo_dag.py
[2025-10-13T14:15:38.356+0000] {processor.py:840} INFO - DAG(s) 'extract_open_meteo_v2' retrieved from /opt/airflow/dags/extract_open_meteo_dag.py
[2025-10-13T14:15:38.465+0000] {logging_mixin.py:188} INFO - [2025-10-13T14:15:38.464+0000] {dag.py:3047} INFO - Sync 1 DAGs
[2025-10-13T14:15:38.530+0000] {logging_mixin.py:188} INFO - [2025-10-13T14:15:38.530+0000] {dag.py:3834} INFO - Setting next_dagrun for extract_open_meteo_v2 to 2025-10-12 22:00:00+00:00, run_after=2025-10-13 22:00:00+00:00
[2025-10-13T14:15:38.623+0000] {processor.py:183} INFO - Processing /opt/airflow/dags/extract_open_meteo_dag.py took 0.339 seconds
[2025-10-13T14:16:09.173+0000] {processor.py:161} INFO - Started process (PID=14262) to work on /opt/airflow/dags/extract_open_meteo_dag.py
[2025-10-13T14:16:09.175+0000] {processor.py:830} INFO - Processing file /opt/airflow/dags/extract_open_meteo_dag.py for tasks to queue
[2025-10-13T14:16:09.177+0000] {logging_mixin.py:188} INFO - [2025-10-13T14:16:09.176+0000] {dagbag.py:540} INFO - Filling up the DagBag from /opt/airflow/dags/extract_open_meteo_dag.py
[2025-10-13T14:16:09.217+0000] {processor.py:840} INFO - DAG(s) 'extract_open_meteo_v2' retrieved from /opt/airflow/dags/extract_open_meteo_dag.py
[2025-10-13T14:16:09.315+0000] {logging_mixin.py:188} INFO - [2025-10-13T14:16:09.314+0000] {dag.py:3047} INFO - Sync 1 DAGs
[2025-10-13T14:16:09.389+0000] {logging_mixin.py:188} INFO - [2025-10-13T14:16:09.389+0000] {dag.py:3834} INFO - Setting next_dagrun for extract_open_meteo_v2 to 2025-10-12 22:00:00+00:00, run_after=2025-10-13 22:00:00+00:00
[2025-10-13T14:16:09.482+0000] {processor.py:183} INFO - Processing /opt/airflow/dags/extract_open_meteo_dag.py took 0.315 seconds
[2025-10-13T14:16:40.056+0000] {processor.py:161} INFO - Started process (PID=14277) to work on /opt/airflow/dags/extract_open_meteo_dag.py
[2025-10-13T14:16:40.059+0000] {processor.py:830} INFO - Processing file /opt/airflow/dags/extract_open_meteo_dag.py for tasks to queue
[2025-10-13T14:16:40.061+0000] {logging_mixin.py:188} INFO - [2025-10-13T14:16:40.060+0000] {dagbag.py:540} INFO - Filling up the DagBag from /opt/airflow/dags/extract_open_meteo_dag.py
[2025-10-13T14:16:40.101+0000] {processor.py:840} INFO - DAG(s) 'extract_open_meteo_v2' retrieved from /opt/airflow/dags/extract_open_meteo_dag.py
[2025-10-13T14:16:40.189+0000] {logging_mixin.py:188} INFO - [2025-10-13T14:16:40.189+0000] {dag.py:3047} INFO - Sync 1 DAGs
[2025-10-13T14:16:40.251+0000] {logging_mixin.py:188} INFO - [2025-10-13T14:16:40.251+0000] {dag.py:3834} INFO - Setting next_dagrun for extract_open_meteo_v2 to 2025-10-12 22:00:00+00:00, run_after=2025-10-13 22:00:00+00:00
[2025-10-13T14:16:40.331+0000] {processor.py:183} INFO - Processing /opt/airflow/dags/extract_open_meteo_dag.py took 0.283 seconds
[2025-10-13T14:17:10.903+0000] {processor.py:161} INFO - Started process (PID=14292) to work on /opt/airflow/dags/extract_open_meteo_dag.py
[2025-10-13T14:17:10.906+0000] {processor.py:830} INFO - Processing file /opt/airflow/dags/extract_open_meteo_dag.py for tasks to queue
[2025-10-13T14:17:10.908+0000] {logging_mixin.py:188} INFO - [2025-10-13T14:17:10.907+0000] {dagbag.py:540} INFO - Filling up the DagBag from /opt/airflow/dags/extract_open_meteo_dag.py
[2025-10-13T14:17:10.963+0000] {processor.py:840} INFO - DAG(s) 'extract_open_meteo_v2' retrieved from /opt/airflow/dags/extract_open_meteo_dag.py
[2025-10-13T14:17:11.066+0000] {logging_mixin.py:188} INFO - [2025-10-13T14:17:11.065+0000] {dag.py:3047} INFO - Sync 1 DAGs
[2025-10-13T14:17:11.155+0000] {logging_mixin.py:188} INFO - [2025-10-13T14:17:11.155+0000] {dag.py:3834} INFO - Setting next_dagrun for extract_open_meteo_v2 to 2025-10-12 22:00:00+00:00, run_after=2025-10-13 22:00:00+00:00
[2025-10-13T14:17:11.226+0000] {processor.py:183} INFO - Processing /opt/airflow/dags/extract_open_meteo_dag.py took 0.330 seconds
[2025-10-13T14:17:41.853+0000] {processor.py:161} INFO - Started process (PID=14307) to work on /opt/airflow/dags/extract_open_meteo_dag.py
[2025-10-13T14:17:41.855+0000] {processor.py:830} INFO - Processing file /opt/airflow/dags/extract_open_meteo_dag.py for tasks to queue
[2025-10-13T14:17:41.858+0000] {logging_mixin.py:188} INFO - [2025-10-13T14:17:41.857+0000] {dagbag.py:540} INFO - Filling up the DagBag from /opt/airflow/dags/extract_open_meteo_dag.py
[2025-10-13T14:17:41.902+0000] {processor.py:840} INFO - DAG(s) 'extract_open_meteo_v2' retrieved from /opt/airflow/dags/extract_open_meteo_dag.py
[2025-10-13T14:17:41.995+0000] {logging_mixin.py:188} INFO - [2025-10-13T14:17:41.995+0000] {dag.py:3047} INFO - Sync 1 DAGs
[2025-10-13T14:17:42.060+0000] {logging_mixin.py:188} INFO - [2025-10-13T14:17:42.060+0000] {dag.py:3834} INFO - Setting next_dagrun for extract_open_meteo_v2 to 2025-10-12 22:00:00+00:00, run_after=2025-10-13 22:00:00+00:00
[2025-10-13T14:17:42.115+0000] {processor.py:183} INFO - Processing /opt/airflow/dags/extract_open_meteo_dag.py took 0.305 seconds
[2025-10-13T14:18:12.801+0000] {processor.py:161} INFO - Started process (PID=14322) to work on /opt/airflow/dags/extract_open_meteo_dag.py
[2025-10-13T14:18:12.804+0000] {processor.py:830} INFO - Processing file /opt/airflow/dags/extract_open_meteo_dag.py for tasks to queue
[2025-10-13T14:18:12.806+0000] {logging_mixin.py:188} INFO - [2025-10-13T14:18:12.806+0000] {dagbag.py:540} INFO - Filling up the DagBag from /opt/airflow/dags/extract_open_meteo_dag.py
[2025-10-13T14:18:12.858+0000] {processor.py:840} INFO - DAG(s) 'extract_open_meteo_v2' retrieved from /opt/airflow/dags/extract_open_meteo_dag.py
[2025-10-13T14:18:12.969+0000] {logging_mixin.py:188} INFO - [2025-10-13T14:18:12.969+0000] {dag.py:3047} INFO - Sync 1 DAGs
[2025-10-13T14:18:13.121+0000] {logging_mixin.py:188} INFO - [2025-10-13T14:18:13.120+0000] {dag.py:3834} INFO - Setting next_dagrun for extract_open_meteo_v2 to 2025-10-12 22:00:00+00:00, run_after=2025-10-13 22:00:00+00:00
[2025-10-13T14:18:13.344+0000] {processor.py:183} INFO - Processing /opt/airflow/dags/extract_open_meteo_dag.py took 0.550 seconds
[2025-10-13T14:18:43.809+0000] {processor.py:161} INFO - Started process (PID=14337) to work on /opt/airflow/dags/extract_open_meteo_dag.py
[2025-10-13T14:18:43.811+0000] {processor.py:830} INFO - Processing file /opt/airflow/dags/extract_open_meteo_dag.py for tasks to queue
[2025-10-13T14:18:43.813+0000] {logging_mixin.py:188} INFO - [2025-10-13T14:18:43.813+0000] {dagbag.py:540} INFO - Filling up the DagBag from /opt/airflow/dags/extract_open_meteo_dag.py
[2025-10-13T14:18:43.852+0000] {processor.py:840} INFO - DAG(s) 'extract_open_meteo_v2' retrieved from /opt/airflow/dags/extract_open_meteo_dag.py
[2025-10-13T14:18:43.951+0000] {logging_mixin.py:188} INFO - [2025-10-13T14:18:43.950+0000] {dag.py:3047} INFO - Sync 1 DAGs
[2025-10-13T14:18:44.036+0000] {logging_mixin.py:188} INFO - [2025-10-13T14:18:44.036+0000] {dag.py:3834} INFO - Setting next_dagrun for extract_open_meteo_v2 to 2025-10-12 22:00:00+00:00, run_after=2025-10-13 22:00:00+00:00
[2025-10-13T14:18:44.114+0000] {processor.py:183} INFO - Processing /opt/airflow/dags/extract_open_meteo_dag.py took 0.310 seconds
[2025-10-13T14:19:14.893+0000] {processor.py:161} INFO - Started process (PID=14352) to work on /opt/airflow/dags/extract_open_meteo_dag.py
[2025-10-13T14:19:14.895+0000] {processor.py:830} INFO - Processing file /opt/airflow/dags/extract_open_meteo_dag.py for tasks to queue
[2025-10-13T14:19:14.897+0000] {logging_mixin.py:188} INFO - [2025-10-13T14:19:14.896+0000] {dagbag.py:540} INFO - Filling up the DagBag from /opt/airflow/dags/extract_open_meteo_dag.py
[2025-10-13T14:19:14.936+0000] {processor.py:840} INFO - DAG(s) 'extract_open_meteo_v2' retrieved from /opt/airflow/dags/extract_open_meteo_dag.py
[2025-10-13T14:19:15.030+0000] {logging_mixin.py:188} INFO - [2025-10-13T14:19:15.029+0000] {dag.py:3047} INFO - Sync 1 DAGs
[2025-10-13T14:19:15.091+0000] {logging_mixin.py:188} INFO - [2025-10-13T14:19:15.090+0000] {dag.py:3834} INFO - Setting next_dagrun for extract_open_meteo_v2 to 2025-10-12 22:00:00+00:00, run_after=2025-10-13 22:00:00+00:00
[2025-10-13T14:19:15.167+0000] {processor.py:183} INFO - Processing /opt/airflow/dags/extract_open_meteo_dag.py took 0.279 seconds
[2025-10-13T14:19:45.523+0000] {processor.py:161} INFO - Started process (PID=14367) to work on /opt/airflow/dags/extract_open_meteo_dag.py
[2025-10-13T14:19:45.525+0000] {processor.py:830} INFO - Processing file /opt/airflow/dags/extract_open_meteo_dag.py for tasks to queue
[2025-10-13T14:19:45.528+0000] {logging_mixin.py:188} INFO - [2025-10-13T14:19:45.528+0000] {dagbag.py:540} INFO - Filling up the DagBag from /opt/airflow/dags/extract_open_meteo_dag.py
[2025-10-13T14:19:45.616+0000] {processor.py:840} INFO - DAG(s) 'extract_open_meteo_v2' retrieved from /opt/airflow/dags/extract_open_meteo_dag.py
[2025-10-13T14:19:45.778+0000] {logging_mixin.py:188} INFO - [2025-10-13T14:19:45.774+0000] {dag.py:3047} INFO - Sync 1 DAGs
[2025-10-13T14:19:45.870+0000] {logging_mixin.py:188} INFO - [2025-10-13T14:19:45.870+0000] {dag.py:3834} INFO - Setting next_dagrun for extract_open_meteo_v2 to 2025-10-12 22:00:00+00:00, run_after=2025-10-13 22:00:00+00:00
[2025-10-13T14:19:45.931+0000] {processor.py:183} INFO - Processing /opt/airflow/dags/extract_open_meteo_dag.py took 0.414 seconds
[2025-10-13T14:20:16.416+0000] {processor.py:161} INFO - Started process (PID=14382) to work on /opt/airflow/dags/extract_open_meteo_dag.py
[2025-10-13T14:20:16.418+0000] {processor.py:830} INFO - Processing file /opt/airflow/dags/extract_open_meteo_dag.py for tasks to queue
[2025-10-13T14:20:16.420+0000] {logging_mixin.py:188} INFO - [2025-10-13T14:20:16.420+0000] {dagbag.py:540} INFO - Filling up the DagBag from /opt/airflow/dags/extract_open_meteo_dag.py
[2025-10-13T14:20:16.466+0000] {processor.py:840} INFO - DAG(s) 'extract_open_meteo_v2' retrieved from /opt/airflow/dags/extract_open_meteo_dag.py
[2025-10-13T14:20:16.630+0000] {logging_mixin.py:188} INFO - [2025-10-13T14:20:16.629+0000] {dag.py:3047} INFO - Sync 1 DAGs
[2025-10-13T14:20:16.702+0000] {logging_mixin.py:188} INFO - [2025-10-13T14:20:16.701+0000] {dag.py:3834} INFO - Setting next_dagrun for extract_open_meteo_v2 to 2025-10-12 22:00:00+00:00, run_after=2025-10-13 22:00:00+00:00
[2025-10-13T14:20:16.766+0000] {processor.py:183} INFO - Processing /opt/airflow/dags/extract_open_meteo_dag.py took 0.357 seconds
[2025-10-13T14:20:47.319+0000] {processor.py:161} INFO - Started process (PID=14397) to work on /opt/airflow/dags/extract_open_meteo_dag.py
[2025-10-13T14:20:47.323+0000] {processor.py:830} INFO - Processing file /opt/airflow/dags/extract_open_meteo_dag.py for tasks to queue
[2025-10-13T14:20:47.326+0000] {logging_mixin.py:188} INFO - [2025-10-13T14:20:47.326+0000] {dagbag.py:540} INFO - Filling up the DagBag from /opt/airflow/dags/extract_open_meteo_dag.py
[2025-10-13T14:20:47.378+0000] {processor.py:840} INFO - DAG(s) 'extract_open_meteo_v2' retrieved from /opt/airflow/dags/extract_open_meteo_dag.py
[2025-10-13T14:20:47.495+0000] {logging_mixin.py:188} INFO - [2025-10-13T14:20:47.494+0000] {dag.py:3047} INFO - Sync 1 DAGs
[2025-10-13T14:20:47.592+0000] {logging_mixin.py:188} INFO - [2025-10-13T14:20:47.591+0000] {dag.py:3834} INFO - Setting next_dagrun for extract_open_meteo_v2 to 2025-10-12 22:00:00+00:00, run_after=2025-10-13 22:00:00+00:00
[2025-10-13T14:20:47.688+0000] {processor.py:183} INFO - Processing /opt/airflow/dags/extract_open_meteo_dag.py took 0.381 seconds
[2025-10-13T14:21:17.930+0000] {processor.py:161} INFO - Started process (PID=14412) to work on /opt/airflow/dags/extract_open_meteo_dag.py
[2025-10-13T14:21:17.937+0000] {processor.py:830} INFO - Processing file /opt/airflow/dags/extract_open_meteo_dag.py for tasks to queue
[2025-10-13T14:21:17.941+0000] {logging_mixin.py:188} INFO - [2025-10-13T14:21:17.940+0000] {dagbag.py:540} INFO - Filling up the DagBag from /opt/airflow/dags/extract_open_meteo_dag.py
[2025-10-13T14:21:17.990+0000] {processor.py:840} INFO - DAG(s) 'extract_open_meteo_v2' retrieved from /opt/airflow/dags/extract_open_meteo_dag.py
[2025-10-13T14:21:18.087+0000] {logging_mixin.py:188} INFO - [2025-10-13T14:21:18.086+0000] {dag.py:3047} INFO - Sync 1 DAGs
[2025-10-13T14:21:18.159+0000] {logging_mixin.py:188} INFO - [2025-10-13T14:21:18.159+0000] {dag.py:3834} INFO - Setting next_dagrun for extract_open_meteo_v2 to 2025-10-12 22:00:00+00:00, run_after=2025-10-13 22:00:00+00:00
[2025-10-13T14:21:18.252+0000] {processor.py:183} INFO - Processing /opt/airflow/dags/extract_open_meteo_dag.py took 0.333 seconds
[2025-10-13T14:21:48.624+0000] {processor.py:161} INFO - Started process (PID=14427) to work on /opt/airflow/dags/extract_open_meteo_dag.py
[2025-10-13T14:21:48.626+0000] {processor.py:830} INFO - Processing file /opt/airflow/dags/extract_open_meteo_dag.py for tasks to queue
[2025-10-13T14:21:48.629+0000] {logging_mixin.py:188} INFO - [2025-10-13T14:21:48.628+0000] {dagbag.py:540} INFO - Filling up the DagBag from /opt/airflow/dags/extract_open_meteo_dag.py
[2025-10-13T14:21:48.674+0000] {processor.py:840} INFO - DAG(s) 'extract_open_meteo_v2' retrieved from /opt/airflow/dags/extract_open_meteo_dag.py
[2025-10-13T14:21:48.759+0000] {logging_mixin.py:188} INFO - [2025-10-13T14:21:48.759+0000] {dag.py:3047} INFO - Sync 1 DAGs
[2025-10-13T14:21:48.863+0000] {logging_mixin.py:188} INFO - [2025-10-13T14:21:48.863+0000] {dag.py:3834} INFO - Setting next_dagrun for extract_open_meteo_v2 to 2025-10-12 22:00:00+00:00, run_after=2025-10-13 22:00:00+00:00
[2025-10-13T14:21:48.967+0000] {processor.py:183} INFO - Processing /opt/airflow/dags/extract_open_meteo_dag.py took 0.350 seconds
[2025-10-13T14:22:19.069+0000] {processor.py:161} INFO - Started process (PID=14442) to work on /opt/airflow/dags/extract_open_meteo_dag.py
[2025-10-13T14:22:19.071+0000] {processor.py:830} INFO - Processing file /opt/airflow/dags/extract_open_meteo_dag.py for tasks to queue
[2025-10-13T14:22:19.073+0000] {logging_mixin.py:188} INFO - [2025-10-13T14:22:19.072+0000] {dagbag.py:540} INFO - Filling up the DagBag from /opt/airflow/dags/extract_open_meteo_dag.py
[2025-10-13T14:22:19.133+0000] {processor.py:840} INFO - DAG(s) 'extract_open_meteo_v2' retrieved from /opt/airflow/dags/extract_open_meteo_dag.py
[2025-10-13T14:22:19.350+0000] {logging_mixin.py:188} INFO - [2025-10-13T14:22:19.349+0000] {dag.py:3047} INFO - Sync 1 DAGs
[2025-10-13T14:22:19.449+0000] {logging_mixin.py:188} INFO - [2025-10-13T14:22:19.447+0000] {dag.py:3834} INFO - Setting next_dagrun for extract_open_meteo_v2 to 2025-10-12 22:00:00+00:00, run_after=2025-10-13 22:00:00+00:00
[2025-10-13T14:22:19.543+0000] {processor.py:183} INFO - Processing /opt/airflow/dags/extract_open_meteo_dag.py took 0.477 seconds
[2025-10-13T14:22:51.360+0000] {processor.py:161} INFO - Started process (PID=14457) to work on /opt/airflow/dags/extract_open_meteo_dag.py
[2025-10-13T14:22:51.437+0000] {processor.py:830} INFO - Processing file /opt/airflow/dags/extract_open_meteo_dag.py for tasks to queue
[2025-10-13T14:22:51.440+0000] {logging_mixin.py:188} INFO - [2025-10-13T14:22:51.439+0000] {dagbag.py:540} INFO - Filling up the DagBag from /opt/airflow/dags/extract_open_meteo_dag.py
[2025-10-13T14:22:51.567+0000] {processor.py:840} INFO - DAG(s) 'extract_open_meteo_v2' retrieved from /opt/airflow/dags/extract_open_meteo_dag.py
[2025-10-13T14:22:52.701+0000] {logging_mixin.py:188} INFO - [2025-10-13T14:22:52.701+0000] {dag.py:3047} INFO - Sync 1 DAGs
[2025-10-13T14:22:52.942+0000] {logging_mixin.py:188} INFO - [2025-10-13T14:22:52.942+0000] {dag.py:3834} INFO - Setting next_dagrun for extract_open_meteo_v2 to 2025-10-12 22:00:00+00:00, run_after=2025-10-13 22:00:00+00:00
[2025-10-13T14:22:53.554+0000] {processor.py:183} INFO - Processing /opt/airflow/dags/extract_open_meteo_dag.py took 2.199 seconds
[2025-10-13T14:23:24.106+0000] {processor.py:161} INFO - Started process (PID=14469) to work on /opt/airflow/dags/extract_open_meteo_dag.py
[2025-10-13T14:23:24.109+0000] {processor.py:830} INFO - Processing file /opt/airflow/dags/extract_open_meteo_dag.py for tasks to queue
[2025-10-13T14:23:24.111+0000] {logging_mixin.py:188} INFO - [2025-10-13T14:23:24.111+0000] {dagbag.py:540} INFO - Filling up the DagBag from /opt/airflow/dags/extract_open_meteo_dag.py
[2025-10-13T14:23:24.153+0000] {processor.py:840} INFO - DAG(s) 'extract_open_meteo_v2' retrieved from /opt/airflow/dags/extract_open_meteo_dag.py
[2025-10-13T14:23:24.278+0000] {logging_mixin.py:188} INFO - [2025-10-13T14:23:24.278+0000] {dag.py:3047} INFO - Sync 1 DAGs
[2025-10-13T14:23:24.357+0000] {logging_mixin.py:188} INFO - [2025-10-13T14:23:24.356+0000] {dag.py:3834} INFO - Setting next_dagrun for extract_open_meteo_v2 to 2025-10-12 22:00:00+00:00, run_after=2025-10-13 22:00:00+00:00
[2025-10-13T14:23:24.447+0000] {processor.py:183} INFO - Processing /opt/airflow/dags/extract_open_meteo_dag.py took 0.346 seconds
[2025-10-13T14:23:54.551+0000] {processor.py:161} INFO - Started process (PID=14484) to work on /opt/airflow/dags/extract_open_meteo_dag.py
[2025-10-13T14:23:54.553+0000] {processor.py:830} INFO - Processing file /opt/airflow/dags/extract_open_meteo_dag.py for tasks to queue
[2025-10-13T14:23:54.554+0000] {logging_mixin.py:188} INFO - [2025-10-13T14:23:54.553+0000] {dagbag.py:540} INFO - Filling up the DagBag from /opt/airflow/dags/extract_open_meteo_dag.py
[2025-10-13T14:23:54.581+0000] {processor.py:840} INFO - DAG(s) 'extract_open_meteo_v2' retrieved from /opt/airflow/dags/extract_open_meteo_dag.py
[2025-10-13T14:23:54.702+0000] {logging_mixin.py:188} INFO - [2025-10-13T14:23:54.702+0000] {dag.py:3047} INFO - Sync 1 DAGs
[2025-10-13T14:23:54.752+0000] {logging_mixin.py:188} INFO - [2025-10-13T14:23:54.751+0000] {dag.py:3834} INFO - Setting next_dagrun for extract_open_meteo_v2 to 2025-10-12 22:00:00+00:00, run_after=2025-10-13 22:00:00+00:00
[2025-10-13T14:23:54.810+0000] {processor.py:183} INFO - Processing /opt/airflow/dags/extract_open_meteo_dag.py took 0.263 seconds
[2025-10-13T14:24:25.456+0000] {processor.py:161} INFO - Started process (PID=14499) to work on /opt/airflow/dags/extract_open_meteo_dag.py
[2025-10-13T14:24:25.459+0000] {processor.py:830} INFO - Processing file /opt/airflow/dags/extract_open_meteo_dag.py for tasks to queue
[2025-10-13T14:24:25.461+0000] {logging_mixin.py:188} INFO - [2025-10-13T14:24:25.460+0000] {dagbag.py:540} INFO - Filling up the DagBag from /opt/airflow/dags/extract_open_meteo_dag.py
[2025-10-13T14:24:25.495+0000] {processor.py:840} INFO - DAG(s) 'extract_open_meteo_v2' retrieved from /opt/airflow/dags/extract_open_meteo_dag.py
[2025-10-13T14:24:25.572+0000] {logging_mixin.py:188} INFO - [2025-10-13T14:24:25.572+0000] {dag.py:3047} INFO - Sync 1 DAGs
[2025-10-13T14:24:25.633+0000] {logging_mixin.py:188} INFO - [2025-10-13T14:24:25.633+0000] {dag.py:3834} INFO - Setting next_dagrun for extract_open_meteo_v2 to 2025-10-12 22:00:00+00:00, run_after=2025-10-13 22:00:00+00:00
[2025-10-13T14:24:25.697+0000] {processor.py:183} INFO - Processing /opt/airflow/dags/extract_open_meteo_dag.py took 0.245 seconds
[2025-10-13T14:24:56.351+0000] {processor.py:161} INFO - Started process (PID=14514) to work on /opt/airflow/dags/extract_open_meteo_dag.py
[2025-10-13T14:24:56.353+0000] {processor.py:830} INFO - Processing file /opt/airflow/dags/extract_open_meteo_dag.py for tasks to queue
[2025-10-13T14:24:56.355+0000] {logging_mixin.py:188} INFO - [2025-10-13T14:24:56.354+0000] {dagbag.py:540} INFO - Filling up the DagBag from /opt/airflow/dags/extract_open_meteo_dag.py
[2025-10-13T14:24:56.392+0000] {processor.py:840} INFO - DAG(s) 'extract_open_meteo_v2' retrieved from /opt/airflow/dags/extract_open_meteo_dag.py
[2025-10-13T14:24:56.478+0000] {logging_mixin.py:188} INFO - [2025-10-13T14:24:56.478+0000] {dag.py:3047} INFO - Sync 1 DAGs
[2025-10-13T14:24:56.530+0000] {logging_mixin.py:188} INFO - [2025-10-13T14:24:56.530+0000] {dag.py:3834} INFO - Setting next_dagrun for extract_open_meteo_v2 to 2025-10-12 22:00:00+00:00, run_after=2025-10-13 22:00:00+00:00
[2025-10-13T14:24:56.597+0000] {processor.py:183} INFO - Processing /opt/airflow/dags/extract_open_meteo_dag.py took 0.252 seconds
[2025-10-13T14:25:27.068+0000] {processor.py:161} INFO - Started process (PID=14529) to work on /opt/airflow/dags/extract_open_meteo_dag.py
[2025-10-13T14:25:27.070+0000] {processor.py:830} INFO - Processing file /opt/airflow/dags/extract_open_meteo_dag.py for tasks to queue
[2025-10-13T14:25:27.072+0000] {logging_mixin.py:188} INFO - [2025-10-13T14:25:27.072+0000] {dagbag.py:540} INFO - Filling up the DagBag from /opt/airflow/dags/extract_open_meteo_dag.py
[2025-10-13T14:25:27.103+0000] {processor.py:840} INFO - DAG(s) 'extract_open_meteo_v2' retrieved from /opt/airflow/dags/extract_open_meteo_dag.py
[2025-10-13T14:25:27.172+0000] {logging_mixin.py:188} INFO - [2025-10-13T14:25:27.172+0000] {dag.py:3047} INFO - Sync 1 DAGs
[2025-10-13T14:25:27.215+0000] {logging_mixin.py:188} INFO - [2025-10-13T14:25:27.214+0000] {dag.py:3834} INFO - Setting next_dagrun for extract_open_meteo_v2 to 2025-10-12 22:00:00+00:00, run_after=2025-10-13 22:00:00+00:00
[2025-10-13T14:25:27.288+0000] {processor.py:183} INFO - Processing /opt/airflow/dags/extract_open_meteo_dag.py took 0.224 seconds
[2025-10-13T14:25:57.457+0000] {processor.py:161} INFO - Started process (PID=14544) to work on /opt/airflow/dags/extract_open_meteo_dag.py
[2025-10-13T14:25:57.459+0000] {processor.py:830} INFO - Processing file /opt/airflow/dags/extract_open_meteo_dag.py for tasks to queue
[2025-10-13T14:25:57.464+0000] {logging_mixin.py:188} INFO - [2025-10-13T14:25:57.463+0000] {dagbag.py:540} INFO - Filling up the DagBag from /opt/airflow/dags/extract_open_meteo_dag.py
[2025-10-13T14:25:57.507+0000] {processor.py:840} INFO - DAG(s) 'extract_open_meteo_v2' retrieved from /opt/airflow/dags/extract_open_meteo_dag.py
[2025-10-13T14:25:57.598+0000] {logging_mixin.py:188} INFO - [2025-10-13T14:25:57.598+0000] {dag.py:3047} INFO - Sync 1 DAGs
[2025-10-13T14:25:57.654+0000] {logging_mixin.py:188} INFO - [2025-10-13T14:25:57.653+0000] {dag.py:3834} INFO - Setting next_dagrun for extract_open_meteo_v2 to 2025-10-12 22:00:00+00:00, run_after=2025-10-13 22:00:00+00:00
[2025-10-13T14:25:57.724+0000] {processor.py:183} INFO - Processing /opt/airflow/dags/extract_open_meteo_dag.py took 0.272 seconds
[2025-10-13T14:26:28.233+0000] {processor.py:161} INFO - Started process (PID=14559) to work on /opt/airflow/dags/extract_open_meteo_dag.py
[2025-10-13T14:26:28.235+0000] {processor.py:830} INFO - Processing file /opt/airflow/dags/extract_open_meteo_dag.py for tasks to queue
[2025-10-13T14:26:28.238+0000] {logging_mixin.py:188} INFO - [2025-10-13T14:26:28.237+0000] {dagbag.py:540} INFO - Filling up the DagBag from /opt/airflow/dags/extract_open_meteo_dag.py
[2025-10-13T14:26:28.284+0000] {processor.py:840} INFO - DAG(s) 'extract_open_meteo_v2' retrieved from /opt/airflow/dags/extract_open_meteo_dag.py
[2025-10-13T14:26:28.381+0000] {logging_mixin.py:188} INFO - [2025-10-13T14:26:28.381+0000] {dag.py:3047} INFO - Sync 1 DAGs
[2025-10-13T14:26:28.457+0000] {logging_mixin.py:188} INFO - [2025-10-13T14:26:28.457+0000] {dag.py:3834} INFO - Setting next_dagrun for extract_open_meteo_v2 to 2025-10-12 22:00:00+00:00, run_after=2025-10-13 22:00:00+00:00
[2025-10-13T14:26:28.705+0000] {processor.py:183} INFO - Processing /opt/airflow/dags/extract_open_meteo_dag.py took 0.485 seconds
[2025-10-13T14:27:01.559+0000] {processor.py:161} INFO - Started process (PID=14574) to work on /opt/airflow/dags/extract_open_meteo_dag.py
[2025-10-13T14:27:01.562+0000] {processor.py:830} INFO - Processing file /opt/airflow/dags/extract_open_meteo_dag.py for tasks to queue
[2025-10-13T14:27:01.565+0000] {logging_mixin.py:188} INFO - [2025-10-13T14:27:01.564+0000] {dagbag.py:540} INFO - Filling up the DagBag from /opt/airflow/dags/extract_open_meteo_dag.py
[2025-10-13T14:27:01.620+0000] {processor.py:840} INFO - DAG(s) 'extract_open_meteo_v2' retrieved from /opt/airflow/dags/extract_open_meteo_dag.py
[2025-10-13T14:27:02.081+0000] {logging_mixin.py:188} INFO - [2025-10-13T14:27:02.080+0000] {dag.py:3047} INFO - Sync 1 DAGs
[2025-10-13T14:27:02.296+0000] {logging_mixin.py:188} INFO - [2025-10-13T14:27:02.296+0000] {dag.py:3834} INFO - Setting next_dagrun for extract_open_meteo_v2 to 2025-10-12 22:00:00+00:00, run_after=2025-10-13 22:00:00+00:00
[2025-10-13T14:27:02.365+0000] {processor.py:183} INFO - Processing /opt/airflow/dags/extract_open_meteo_dag.py took 1.833 seconds
[2025-10-13T14:27:35.145+0000] {processor.py:161} INFO - Started process (PID=14592) to work on /opt/airflow/dags/extract_open_meteo_dag.py
[2025-10-13T14:27:35.148+0000] {processor.py:830} INFO - Processing file /opt/airflow/dags/extract_open_meteo_dag.py for tasks to queue
[2025-10-13T14:27:35.151+0000] {logging_mixin.py:188} INFO - [2025-10-13T14:27:35.150+0000] {dagbag.py:540} INFO - Filling up the DagBag from /opt/airflow/dags/extract_open_meteo_dag.py
[2025-10-13T14:27:35.208+0000] {processor.py:840} INFO - DAG(s) 'extract_open_meteo_v2' retrieved from /opt/airflow/dags/extract_open_meteo_dag.py
[2025-10-13T14:27:35.311+0000] {logging_mixin.py:188} INFO - [2025-10-13T14:27:35.311+0000] {dag.py:3047} INFO - Sync 1 DAGs
[2025-10-13T14:27:35.397+0000] {logging_mixin.py:188} INFO - [2025-10-13T14:27:35.397+0000] {dag.py:3834} INFO - Setting next_dagrun for extract_open_meteo_v2 to 2025-10-12 22:00:00+00:00, run_after=2025-10-13 22:00:00+00:00
[2025-10-13T14:27:35.483+0000] {processor.py:183} INFO - Processing /opt/airflow/dags/extract_open_meteo_dag.py took 0.348 seconds
[2025-10-13T14:28:05.755+0000] {processor.py:161} INFO - Started process (PID=14606) to work on /opt/airflow/dags/extract_open_meteo_dag.py
[2025-10-13T14:28:05.757+0000] {processor.py:830} INFO - Processing file /opt/airflow/dags/extract_open_meteo_dag.py for tasks to queue
[2025-10-13T14:28:05.760+0000] {logging_mixin.py:188} INFO - [2025-10-13T14:28:05.759+0000] {dagbag.py:540} INFO - Filling up the DagBag from /opt/airflow/dags/extract_open_meteo_dag.py
[2025-10-13T14:28:05.807+0000] {processor.py:840} INFO - DAG(s) 'extract_open_meteo_v2' retrieved from /opt/airflow/dags/extract_open_meteo_dag.py
[2025-10-13T14:28:05.906+0000] {logging_mixin.py:188} INFO - [2025-10-13T14:28:05.906+0000] {dag.py:3047} INFO - Sync 1 DAGs
[2025-10-13T14:28:05.984+0000] {logging_mixin.py:188} INFO - [2025-10-13T14:28:05.983+0000] {dag.py:3834} INFO - Setting next_dagrun for extract_open_meteo_v2 to 2025-10-12 22:00:00+00:00, run_after=2025-10-13 22:00:00+00:00
[2025-10-13T14:28:06.087+0000] {processor.py:183} INFO - Processing /opt/airflow/dags/extract_open_meteo_dag.py took 0.338 seconds
[2025-10-13T14:28:36.611+0000] {processor.py:161} INFO - Started process (PID=14621) to work on /opt/airflow/dags/extract_open_meteo_dag.py
[2025-10-13T14:28:36.614+0000] {processor.py:830} INFO - Processing file /opt/airflow/dags/extract_open_meteo_dag.py for tasks to queue
[2025-10-13T14:28:36.617+0000] {logging_mixin.py:188} INFO - [2025-10-13T14:28:36.616+0000] {dagbag.py:540} INFO - Filling up the DagBag from /opt/airflow/dags/extract_open_meteo_dag.py
[2025-10-13T14:28:36.703+0000] {processor.py:840} INFO - DAG(s) 'extract_open_meteo_v2' retrieved from /opt/airflow/dags/extract_open_meteo_dag.py
[2025-10-13T14:28:37.048+0000] {logging_mixin.py:188} INFO - [2025-10-13T14:28:37.041+0000] {dag.py:3047} INFO - Sync 1 DAGs
[2025-10-13T14:28:37.149+0000] {logging_mixin.py:188} INFO - [2025-10-13T14:28:37.148+0000] {dag.py:3834} INFO - Setting next_dagrun for extract_open_meteo_v2 to 2025-10-12 22:00:00+00:00, run_after=2025-10-13 22:00:00+00:00
[2025-10-13T14:28:37.304+0000] {processor.py:183} INFO - Processing /opt/airflow/dags/extract_open_meteo_dag.py took 0.697 seconds
[2025-10-13T14:29:07.793+0000] {processor.py:161} INFO - Started process (PID=14637) to work on /opt/airflow/dags/extract_open_meteo_dag.py
[2025-10-13T14:29:07.794+0000] {processor.py:830} INFO - Processing file /opt/airflow/dags/extract_open_meteo_dag.py for tasks to queue
[2025-10-13T14:29:07.797+0000] {logging_mixin.py:188} INFO - [2025-10-13T14:29:07.796+0000] {dagbag.py:540} INFO - Filling up the DagBag from /opt/airflow/dags/extract_open_meteo_dag.py
[2025-10-13T14:29:07.838+0000] {processor.py:840} INFO - DAG(s) 'extract_open_meteo_v2' retrieved from /opt/airflow/dags/extract_open_meteo_dag.py
[2025-10-13T14:29:07.938+0000] {logging_mixin.py:188} INFO - [2025-10-13T14:29:07.937+0000] {dag.py:3047} INFO - Sync 1 DAGs
[2025-10-13T14:29:08.009+0000] {logging_mixin.py:188} INFO - [2025-10-13T14:29:08.008+0000] {dag.py:3834} INFO - Setting next_dagrun for extract_open_meteo_v2 to 2025-10-12 22:00:00+00:00, run_after=2025-10-13 22:00:00+00:00
[2025-10-13T14:29:08.084+0000] {processor.py:183} INFO - Processing /opt/airflow/dags/extract_open_meteo_dag.py took 0.297 seconds
[2025-10-13T14:29:38.618+0000] {processor.py:161} INFO - Started process (PID=14652) to work on /opt/airflow/dags/extract_open_meteo_dag.py
[2025-10-13T14:29:38.620+0000] {processor.py:830} INFO - Processing file /opt/airflow/dags/extract_open_meteo_dag.py for tasks to queue
[2025-10-13T14:29:38.622+0000] {logging_mixin.py:188} INFO - [2025-10-13T14:29:38.621+0000] {dagbag.py:540} INFO - Filling up the DagBag from /opt/airflow/dags/extract_open_meteo_dag.py
[2025-10-13T14:29:38.660+0000] {processor.py:840} INFO - DAG(s) 'extract_open_meteo_v2' retrieved from /opt/airflow/dags/extract_open_meteo_dag.py
[2025-10-13T14:29:38.790+0000] {logging_mixin.py:188} INFO - [2025-10-13T14:29:38.790+0000] {dag.py:3047} INFO - Sync 1 DAGs
[2025-10-13T14:29:38.887+0000] {logging_mixin.py:188} INFO - [2025-10-13T14:29:38.886+0000] {dag.py:3834} INFO - Setting next_dagrun for extract_open_meteo_v2 to 2025-10-12 22:00:00+00:00, run_after=2025-10-13 22:00:00+00:00
[2025-10-13T14:29:39.014+0000] {processor.py:183} INFO - Processing /opt/airflow/dags/extract_open_meteo_dag.py took 0.400 seconds
[2025-10-13T14:30:09.687+0000] {processor.py:161} INFO - Started process (PID=14667) to work on /opt/airflow/dags/extract_open_meteo_dag.py
[2025-10-13T14:30:09.690+0000] {processor.py:830} INFO - Processing file /opt/airflow/dags/extract_open_meteo_dag.py for tasks to queue
[2025-10-13T14:30:09.694+0000] {logging_mixin.py:188} INFO - [2025-10-13T14:30:09.693+0000] {dagbag.py:540} INFO - Filling up the DagBag from /opt/airflow/dags/extract_open_meteo_dag.py
[2025-10-13T14:30:09.774+0000] {processor.py:840} INFO - DAG(s) 'extract_open_meteo_v2' retrieved from /opt/airflow/dags/extract_open_meteo_dag.py
[2025-10-13T14:30:09.878+0000] {logging_mixin.py:188} INFO - [2025-10-13T14:30:09.878+0000] {dag.py:3047} INFO - Sync 1 DAGs
[2025-10-13T14:30:09.950+0000] {logging_mixin.py:188} INFO - [2025-10-13T14:30:09.949+0000] {dag.py:3834} INFO - Setting next_dagrun for extract_open_meteo_v2 to 2025-10-12 22:00:00+00:00, run_after=2025-10-13 22:00:00+00:00
[2025-10-13T14:30:10.034+0000] {processor.py:183} INFO - Processing /opt/airflow/dags/extract_open_meteo_dag.py took 0.353 seconds
[2025-10-13T14:30:40.617+0000] {processor.py:161} INFO - Started process (PID=14682) to work on /opt/airflow/dags/extract_open_meteo_dag.py
[2025-10-13T14:30:40.619+0000] {processor.py:830} INFO - Processing file /opt/airflow/dags/extract_open_meteo_dag.py for tasks to queue
[2025-10-13T14:30:40.622+0000] {logging_mixin.py:188} INFO - [2025-10-13T14:30:40.621+0000] {dagbag.py:540} INFO - Filling up the DagBag from /opt/airflow/dags/extract_open_meteo_dag.py
[2025-10-13T14:30:40.662+0000] {processor.py:840} INFO - DAG(s) 'extract_open_meteo_v2' retrieved from /opt/airflow/dags/extract_open_meteo_dag.py
[2025-10-13T14:30:40.746+0000] {logging_mixin.py:188} INFO - [2025-10-13T14:30:40.745+0000] {dag.py:3047} INFO - Sync 1 DAGs
[2025-10-13T14:30:40.804+0000] {logging_mixin.py:188} INFO - [2025-10-13T14:30:40.804+0000] {dag.py:3834} INFO - Setting next_dagrun for extract_open_meteo_v2 to 2025-10-12 22:00:00+00:00, run_after=2025-10-13 22:00:00+00:00
[2025-10-13T14:30:40.889+0000] {processor.py:183} INFO - Processing /opt/airflow/dags/extract_open_meteo_dag.py took 0.278 seconds
[2025-10-13T14:31:11.498+0000] {processor.py:161} INFO - Started process (PID=14697) to work on /opt/airflow/dags/extract_open_meteo_dag.py
[2025-10-13T14:31:11.502+0000] {processor.py:830} INFO - Processing file /opt/airflow/dags/extract_open_meteo_dag.py for tasks to queue
[2025-10-13T14:31:11.505+0000] {logging_mixin.py:188} INFO - [2025-10-13T14:31:11.505+0000] {dagbag.py:540} INFO - Filling up the DagBag from /opt/airflow/dags/extract_open_meteo_dag.py
[2025-10-13T14:31:11.558+0000] {processor.py:840} INFO - DAG(s) 'extract_open_meteo_v2' retrieved from /opt/airflow/dags/extract_open_meteo_dag.py
[2025-10-13T14:31:11.646+0000] {logging_mixin.py:188} INFO - [2025-10-13T14:31:11.645+0000] {dag.py:3047} INFO - Sync 1 DAGs
[2025-10-13T14:31:11.708+0000] {logging_mixin.py:188} INFO - [2025-10-13T14:31:11.707+0000] {dag.py:3834} INFO - Setting next_dagrun for extract_open_meteo_v2 to 2025-10-12 22:00:00+00:00, run_after=2025-10-13 22:00:00+00:00
[2025-10-13T14:31:11.799+0000] {processor.py:183} INFO - Processing /opt/airflow/dags/extract_open_meteo_dag.py took 0.309 seconds
[2025-10-13T14:31:42.543+0000] {processor.py:161} INFO - Started process (PID=14712) to work on /opt/airflow/dags/extract_open_meteo_dag.py
[2025-10-13T14:31:42.545+0000] {processor.py:830} INFO - Processing file /opt/airflow/dags/extract_open_meteo_dag.py for tasks to queue
[2025-10-13T14:31:42.548+0000] {logging_mixin.py:188} INFO - [2025-10-13T14:31:42.547+0000] {dagbag.py:540} INFO - Filling up the DagBag from /opt/airflow/dags/extract_open_meteo_dag.py
[2025-10-13T14:31:42.591+0000] {processor.py:840} INFO - DAG(s) 'extract_open_meteo_v2' retrieved from /opt/airflow/dags/extract_open_meteo_dag.py
[2025-10-13T14:31:42.663+0000] {logging_mixin.py:188} INFO - [2025-10-13T14:31:42.663+0000] {dag.py:3047} INFO - Sync 1 DAGs
[2025-10-13T14:31:42.713+0000] {logging_mixin.py:188} INFO - [2025-10-13T14:31:42.712+0000] {dag.py:3834} INFO - Setting next_dagrun for extract_open_meteo_v2 to 2025-10-12 22:00:00+00:00, run_after=2025-10-13 22:00:00+00:00
[2025-10-13T14:31:42.775+0000] {processor.py:183} INFO - Processing /opt/airflow/dags/extract_open_meteo_dag.py took 0.252 seconds
[2025-10-13T14:32:13.411+0000] {processor.py:161} INFO - Started process (PID=14727) to work on /opt/airflow/dags/extract_open_meteo_dag.py
[2025-10-13T14:32:13.413+0000] {processor.py:830} INFO - Processing file /opt/airflow/dags/extract_open_meteo_dag.py for tasks to queue
[2025-10-13T14:32:13.416+0000] {logging_mixin.py:188} INFO - [2025-10-13T14:32:13.415+0000] {dagbag.py:540} INFO - Filling up the DagBag from /opt/airflow/dags/extract_open_meteo_dag.py
[2025-10-13T14:32:13.475+0000] {processor.py:840} INFO - DAG(s) 'extract_open_meteo_v2' retrieved from /opt/airflow/dags/extract_open_meteo_dag.py
[2025-10-13T14:32:13.580+0000] {logging_mixin.py:188} INFO - [2025-10-13T14:32:13.579+0000] {dag.py:3047} INFO - Sync 1 DAGs
[2025-10-13T14:32:13.652+0000] {logging_mixin.py:188} INFO - [2025-10-13T14:32:13.651+0000] {dag.py:3834} INFO - Setting next_dagrun for extract_open_meteo_v2 to 2025-10-12 22:00:00+00:00, run_after=2025-10-13 22:00:00+00:00
[2025-10-13T14:32:13.754+0000] {processor.py:183} INFO - Processing /opt/airflow/dags/extract_open_meteo_dag.py took 0.350 seconds
[2025-10-13T14:32:44.405+0000] {processor.py:161} INFO - Started process (PID=14742) to work on /opt/airflow/dags/extract_open_meteo_dag.py
[2025-10-13T14:32:44.409+0000] {processor.py:830} INFO - Processing file /opt/airflow/dags/extract_open_meteo_dag.py for tasks to queue
[2025-10-13T14:32:44.413+0000] {logging_mixin.py:188} INFO - [2025-10-13T14:32:44.412+0000] {dagbag.py:540} INFO - Filling up the DagBag from /opt/airflow/dags/extract_open_meteo_dag.py
[2025-10-13T14:32:44.473+0000] {processor.py:840} INFO - DAG(s) 'extract_open_meteo_v2' retrieved from /opt/airflow/dags/extract_open_meteo_dag.py
[2025-10-13T14:32:44.600+0000] {logging_mixin.py:188} INFO - [2025-10-13T14:32:44.599+0000] {dag.py:3047} INFO - Sync 1 DAGs
[2025-10-13T14:32:44.691+0000] {logging_mixin.py:188} INFO - [2025-10-13T14:32:44.690+0000] {dag.py:3834} INFO - Setting next_dagrun for extract_open_meteo_v2 to 2025-10-12 22:00:00+00:00, run_after=2025-10-13 22:00:00+00:00
[2025-10-13T14:32:44.849+0000] {processor.py:183} INFO - Processing /opt/airflow/dags/extract_open_meteo_dag.py took 0.458 seconds
[2025-10-13T14:33:15.532+0000] {processor.py:161} INFO - Started process (PID=14757) to work on /opt/airflow/dags/extract_open_meteo_dag.py
[2025-10-13T14:33:15.534+0000] {processor.py:830} INFO - Processing file /opt/airflow/dags/extract_open_meteo_dag.py for tasks to queue
[2025-10-13T14:33:15.536+0000] {logging_mixin.py:188} INFO - [2025-10-13T14:33:15.536+0000] {dagbag.py:540} INFO - Filling up the DagBag from /opt/airflow/dags/extract_open_meteo_dag.py
[2025-10-13T14:33:15.579+0000] {processor.py:840} INFO - DAG(s) 'extract_open_meteo_v2' retrieved from /opt/airflow/dags/extract_open_meteo_dag.py
[2025-10-13T14:33:15.652+0000] {logging_mixin.py:188} INFO - [2025-10-13T14:33:15.652+0000] {dag.py:3047} INFO - Sync 1 DAGs
[2025-10-13T14:33:15.715+0000] {logging_mixin.py:188} INFO - [2025-10-13T14:33:15.714+0000] {dag.py:3834} INFO - Setting next_dagrun for extract_open_meteo_v2 to 2025-10-12 22:00:00+00:00, run_after=2025-10-13 22:00:00+00:00
[2025-10-13T14:33:15.806+0000] {processor.py:183} INFO - Processing /opt/airflow/dags/extract_open_meteo_dag.py took 0.280 seconds
[2025-10-13T14:33:46.317+0000] {processor.py:161} INFO - Started process (PID=14772) to work on /opt/airflow/dags/extract_open_meteo_dag.py
[2025-10-13T14:33:46.320+0000] {processor.py:830} INFO - Processing file /opt/airflow/dags/extract_open_meteo_dag.py for tasks to queue
[2025-10-13T14:33:46.323+0000] {logging_mixin.py:188} INFO - [2025-10-13T14:33:46.322+0000] {dagbag.py:540} INFO - Filling up the DagBag from /opt/airflow/dags/extract_open_meteo_dag.py
[2025-10-13T14:33:46.393+0000] {processor.py:840} INFO - DAG(s) 'extract_open_meteo_v2' retrieved from /opt/airflow/dags/extract_open_meteo_dag.py
[2025-10-13T14:33:46.529+0000] {logging_mixin.py:188} INFO - [2025-10-13T14:33:46.529+0000] {dag.py:3047} INFO - Sync 1 DAGs
[2025-10-13T14:33:46.610+0000] {logging_mixin.py:188} INFO - [2025-10-13T14:33:46.609+0000] {dag.py:3834} INFO - Setting next_dagrun for extract_open_meteo_v2 to 2025-10-12 22:00:00+00:00, run_after=2025-10-13 22:00:00+00:00
[2025-10-13T14:33:46.735+0000] {processor.py:183} INFO - Processing /opt/airflow/dags/extract_open_meteo_dag.py took 0.425 seconds
[2025-10-13T14:34:17.154+0000] {processor.py:161} INFO - Started process (PID=14787) to work on /opt/airflow/dags/extract_open_meteo_dag.py
[2025-10-13T14:34:17.167+0000] {processor.py:830} INFO - Processing file /opt/airflow/dags/extract_open_meteo_dag.py for tasks to queue
[2025-10-13T14:34:17.171+0000] {logging_mixin.py:188} INFO - [2025-10-13T14:34:17.170+0000] {dagbag.py:540} INFO - Filling up the DagBag from /opt/airflow/dags/extract_open_meteo_dag.py
[2025-10-13T14:34:17.288+0000] {processor.py:840} INFO - DAG(s) 'extract_open_meteo_v2' retrieved from /opt/airflow/dags/extract_open_meteo_dag.py
[2025-10-13T14:34:17.476+0000] {logging_mixin.py:188} INFO - [2025-10-13T14:34:17.475+0000] {dag.py:3047} INFO - Sync 1 DAGs
[2025-10-13T14:34:17.557+0000] {logging_mixin.py:188} INFO - [2025-10-13T14:34:17.556+0000] {dag.py:3834} INFO - Setting next_dagrun for extract_open_meteo_v2 to 2025-10-12 22:00:00+00:00, run_after=2025-10-13 22:00:00+00:00
[2025-10-13T14:34:17.678+0000] {processor.py:183} INFO - Processing /opt/airflow/dags/extract_open_meteo_dag.py took 0.537 seconds
[2025-10-13T14:34:48.412+0000] {processor.py:161} INFO - Started process (PID=14802) to work on /opt/airflow/dags/extract_open_meteo_dag.py
[2025-10-13T14:34:48.414+0000] {processor.py:830} INFO - Processing file /opt/airflow/dags/extract_open_meteo_dag.py for tasks to queue
[2025-10-13T14:34:48.416+0000] {logging_mixin.py:188} INFO - [2025-10-13T14:34:48.416+0000] {dagbag.py:540} INFO - Filling up the DagBag from /opt/airflow/dags/extract_open_meteo_dag.py
[2025-10-13T14:34:48.463+0000] {processor.py:840} INFO - DAG(s) 'extract_open_meteo_v2' retrieved from /opt/airflow/dags/extract_open_meteo_dag.py
[2025-10-13T14:34:48.580+0000] {logging_mixin.py:188} INFO - [2025-10-13T14:34:48.580+0000] {dag.py:3047} INFO - Sync 1 DAGs
[2025-10-13T14:34:48.655+0000] {logging_mixin.py:188} INFO - [2025-10-13T14:34:48.655+0000] {dag.py:3834} INFO - Setting next_dagrun for extract_open_meteo_v2 to 2025-10-12 22:00:00+00:00, run_after=2025-10-13 22:00:00+00:00
[2025-10-13T14:34:48.722+0000] {processor.py:183} INFO - Processing /opt/airflow/dags/extract_open_meteo_dag.py took 0.316 seconds
[2025-10-13T14:35:19.623+0000] {processor.py:161} INFO - Started process (PID=14817) to work on /opt/airflow/dags/extract_open_meteo_dag.py
[2025-10-13T14:35:19.646+0000] {processor.py:830} INFO - Processing file /opt/airflow/dags/extract_open_meteo_dag.py for tasks to queue
[2025-10-13T14:35:19.653+0000] {logging_mixin.py:188} INFO - [2025-10-13T14:35:19.651+0000] {dagbag.py:540} INFO - Filling up the DagBag from /opt/airflow/dags/extract_open_meteo_dag.py
[2025-10-13T14:35:19.869+0000] {processor.py:840} INFO - DAG(s) 'extract_open_meteo_v2' retrieved from /opt/airflow/dags/extract_open_meteo_dag.py
[2025-10-13T14:35:20.107+0000] {logging_mixin.py:188} INFO - [2025-10-13T14:35:20.106+0000] {dag.py:3047} INFO - Sync 1 DAGs
[2025-10-13T14:35:20.176+0000] {logging_mixin.py:188} INFO - [2025-10-13T14:35:20.176+0000] {dag.py:3834} INFO - Setting next_dagrun for extract_open_meteo_v2 to 2025-10-12 22:00:00+00:00, run_after=2025-10-13 22:00:00+00:00
[2025-10-13T14:35:20.283+0000] {processor.py:183} INFO - Processing /opt/airflow/dags/extract_open_meteo_dag.py took 0.675 seconds
[2025-10-13T14:35:50.402+0000] {processor.py:161} INFO - Started process (PID=14832) to work on /opt/airflow/dags/extract_open_meteo_dag.py
[2025-10-13T14:35:50.404+0000] {processor.py:830} INFO - Processing file /opt/airflow/dags/extract_open_meteo_dag.py for tasks to queue
[2025-10-13T14:35:50.406+0000] {logging_mixin.py:188} INFO - [2025-10-13T14:35:50.405+0000] {dagbag.py:540} INFO - Filling up the DagBag from /opt/airflow/dags/extract_open_meteo_dag.py
[2025-10-13T14:35:50.436+0000] {processor.py:840} INFO - DAG(s) 'extract_open_meteo_v2' retrieved from /opt/airflow/dags/extract_open_meteo_dag.py
[2025-10-13T14:35:50.516+0000] {logging_mixin.py:188} INFO - [2025-10-13T14:35:50.515+0000] {dag.py:3047} INFO - Sync 1 DAGs
[2025-10-13T14:35:50.565+0000] {logging_mixin.py:188} INFO - [2025-10-13T14:35:50.564+0000] {dag.py:3834} INFO - Setting next_dagrun for extract_open_meteo_v2 to 2025-10-12 22:00:00+00:00, run_after=2025-10-13 22:00:00+00:00
[2025-10-13T14:35:50.622+0000] {processor.py:183} INFO - Processing /opt/airflow/dags/extract_open_meteo_dag.py took 0.223 seconds
[2025-10-13T14:49:19.545+0000] {processor.py:161} INFO - Started process (PID=14842) to work on /opt/airflow/dags/extract_open_meteo_dag.py
[2025-10-13T14:49:19.562+0000] {processor.py:830} INFO - Processing file /opt/airflow/dags/extract_open_meteo_dag.py for tasks to queue
[2025-10-13T14:49:19.604+0000] {logging_mixin.py:188} INFO - [2025-10-13T14:49:19.603+0000] {dagbag.py:540} INFO - Filling up the DagBag from /opt/airflow/dags/extract_open_meteo_dag.py
[2025-10-13T14:49:20.238+0000] {processor.py:840} INFO - DAG(s) 'extract_open_meteo_v2' retrieved from /opt/airflow/dags/extract_open_meteo_dag.py
[2025-10-13T14:49:20.937+0000] {logging_mixin.py:188} INFO - [2025-10-13T14:49:20.936+0000] {dag.py:3047} INFO - Sync 1 DAGs
[2025-10-13T14:49:21.172+0000] {logging_mixin.py:188} INFO - [2025-10-13T14:49:21.172+0000] {dag.py:3834} INFO - Setting next_dagrun for extract_open_meteo_v2 to 2025-10-12 22:00:00+00:00, run_after=2025-10-13 22:00:00+00:00
[2025-10-13T14:49:21.390+0000] {processor.py:183} INFO - Processing /opt/airflow/dags/extract_open_meteo_dag.py took 1.870 seconds
[2025-10-13T14:49:51.913+0000] {processor.py:161} INFO - Started process (PID=14858) to work on /opt/airflow/dags/extract_open_meteo_dag.py
[2025-10-13T14:49:51.923+0000] {processor.py:830} INFO - Processing file /opt/airflow/dags/extract_open_meteo_dag.py for tasks to queue
[2025-10-13T14:49:51.930+0000] {logging_mixin.py:188} INFO - [2025-10-13T14:49:51.928+0000] {dagbag.py:540} INFO - Filling up the DagBag from /opt/airflow/dags/extract_open_meteo_dag.py
[2025-10-13T14:49:52.065+0000] {processor.py:840} INFO - DAG(s) 'extract_open_meteo_v2' retrieved from /opt/airflow/dags/extract_open_meteo_dag.py
[2025-10-13T14:49:52.255+0000] {logging_mixin.py:188} INFO - [2025-10-13T14:49:52.254+0000] {dag.py:3047} INFO - Sync 1 DAGs
[2025-10-13T14:49:52.311+0000] {logging_mixin.py:188} INFO - [2025-10-13T14:49:52.310+0000] {dag.py:3834} INFO - Setting next_dagrun for extract_open_meteo_v2 to 2025-10-12 22:00:00+00:00, run_after=2025-10-13 22:00:00+00:00
[2025-10-13T14:49:52.376+0000] {processor.py:183} INFO - Processing /opt/airflow/dags/extract_open_meteo_dag.py took 0.504 seconds
[2025-10-13T14:50:23.722+0000] {processor.py:161} INFO - Started process (PID=14873) to work on /opt/airflow/dags/extract_open_meteo_dag.py
[2025-10-13T14:50:23.745+0000] {processor.py:830} INFO - Processing file /opt/airflow/dags/extract_open_meteo_dag.py for tasks to queue
[2025-10-13T14:50:23.750+0000] {logging_mixin.py:188} INFO - [2025-10-13T14:50:23.749+0000] {dagbag.py:540} INFO - Filling up the DagBag from /opt/airflow/dags/extract_open_meteo_dag.py
[2025-10-13T14:50:23.937+0000] {processor.py:840} INFO - DAG(s) 'extract_open_meteo_v2' retrieved from /opt/airflow/dags/extract_open_meteo_dag.py
[2025-10-13T14:50:24.184+0000] {logging_mixin.py:188} INFO - [2025-10-13T14:50:24.183+0000] {dag.py:3047} INFO - Sync 1 DAGs
[2025-10-13T14:50:24.503+0000] {logging_mixin.py:188} INFO - [2025-10-13T14:50:24.502+0000] {dag.py:3834} INFO - Setting next_dagrun for extract_open_meteo_v2 to 2025-10-12 22:00:00+00:00, run_after=2025-10-13 22:00:00+00:00
[2025-10-13T14:50:24.554+0000] {processor.py:183} INFO - Processing /opt/airflow/dags/extract_open_meteo_dag.py took 0.863 seconds
[2025-10-13T14:50:55.060+0000] {processor.py:161} INFO - Started process (PID=14888) to work on /opt/airflow/dags/extract_open_meteo_dag.py
[2025-10-13T14:50:55.061+0000] {processor.py:830} INFO - Processing file /opt/airflow/dags/extract_open_meteo_dag.py for tasks to queue
[2025-10-13T14:50:55.063+0000] {logging_mixin.py:188} INFO - [2025-10-13T14:50:55.063+0000] {dagbag.py:540} INFO - Filling up the DagBag from /opt/airflow/dags/extract_open_meteo_dag.py
[2025-10-13T14:50:55.102+0000] {processor.py:840} INFO - DAG(s) 'extract_open_meteo_v2' retrieved from /opt/airflow/dags/extract_open_meteo_dag.py
[2025-10-13T14:50:55.181+0000] {logging_mixin.py:188} INFO - [2025-10-13T14:50:55.181+0000] {dag.py:3047} INFO - Sync 1 DAGs
[2025-10-13T14:50:55.260+0000] {logging_mixin.py:188} INFO - [2025-10-13T14:50:55.259+0000] {dag.py:3834} INFO - Setting next_dagrun for extract_open_meteo_v2 to 2025-10-12 22:00:00+00:00, run_after=2025-10-13 22:00:00+00:00
[2025-10-13T14:50:55.332+0000] {processor.py:183} INFO - Processing /opt/airflow/dags/extract_open_meteo_dag.py took 0.287 seconds
[2025-10-13T14:51:26.757+0000] {processor.py:161} INFO - Started process (PID=14903) to work on /opt/airflow/dags/extract_open_meteo_dag.py
[2025-10-13T14:51:26.877+0000] {processor.py:830} INFO - Processing file /opt/airflow/dags/extract_open_meteo_dag.py for tasks to queue
[2025-10-13T14:51:26.880+0000] {logging_mixin.py:188} INFO - [2025-10-13T14:51:26.880+0000] {dagbag.py:540} INFO - Filling up the DagBag from /opt/airflow/dags/extract_open_meteo_dag.py
[2025-10-13T14:51:27.198+0000] {processor.py:840} INFO - DAG(s) 'extract_open_meteo_v2' retrieved from /opt/airflow/dags/extract_open_meteo_dag.py
[2025-10-13T14:51:30.423+0000] {logging_mixin.py:188} INFO - [2025-10-13T14:51:30.422+0000] {dag.py:3047} INFO - Sync 1 DAGs
[2025-10-13T14:51:30.606+0000] {logging_mixin.py:188} INFO - [2025-10-13T14:51:30.606+0000] {dag.py:3834} INFO - Setting next_dagrun for extract_open_meteo_v2 to 2025-10-12 22:00:00+00:00, run_after=2025-10-13 22:00:00+00:00
[2025-10-13T14:51:30.792+0000] {processor.py:183} INFO - Processing /opt/airflow/dags/extract_open_meteo_dag.py took 4.043 seconds
[2025-10-13T14:52:01.425+0000] {processor.py:161} INFO - Started process (PID=14918) to work on /opt/airflow/dags/extract_open_meteo_dag.py
[2025-10-13T14:52:01.429+0000] {processor.py:830} INFO - Processing file /opt/airflow/dags/extract_open_meteo_dag.py for tasks to queue
[2025-10-13T14:52:01.432+0000] {logging_mixin.py:188} INFO - [2025-10-13T14:52:01.431+0000] {dagbag.py:540} INFO - Filling up the DagBag from /opt/airflow/dags/extract_open_meteo_dag.py
[2025-10-13T14:52:01.514+0000] {processor.py:840} INFO - DAG(s) 'extract_open_meteo_v2' retrieved from /opt/airflow/dags/extract_open_meteo_dag.py
[2025-10-13T14:52:01.611+0000] {logging_mixin.py:188} INFO - [2025-10-13T14:52:01.611+0000] {dag.py:3047} INFO - Sync 1 DAGs
[2025-10-13T14:52:01.688+0000] {logging_mixin.py:188} INFO - [2025-10-13T14:52:01.688+0000] {dag.py:3834} INFO - Setting next_dagrun for extract_open_meteo_v2 to 2025-10-12 22:00:00+00:00, run_after=2025-10-13 22:00:00+00:00
[2025-10-13T14:52:01.756+0000] {processor.py:183} INFO - Processing /opt/airflow/dags/extract_open_meteo_dag.py took 0.351 seconds
[2025-10-13T14:52:32.736+0000] {processor.py:161} INFO - Started process (PID=14933) to work on /opt/airflow/dags/extract_open_meteo_dag.py
[2025-10-13T14:52:32.749+0000] {processor.py:830} INFO - Processing file /opt/airflow/dags/extract_open_meteo_dag.py for tasks to queue
[2025-10-13T14:52:32.754+0000] {logging_mixin.py:188} INFO - [2025-10-13T14:52:32.753+0000] {dagbag.py:540} INFO - Filling up the DagBag from /opt/airflow/dags/extract_open_meteo_dag.py
[2025-10-13T14:52:32.956+0000] {processor.py:840} INFO - DAG(s) 'extract_open_meteo_v2' retrieved from /opt/airflow/dags/extract_open_meteo_dag.py
[2025-10-13T14:52:33.211+0000] {logging_mixin.py:188} INFO - [2025-10-13T14:52:33.211+0000] {dag.py:3047} INFO - Sync 1 DAGs
[2025-10-13T14:52:33.339+0000] {logging_mixin.py:188} INFO - [2025-10-13T14:52:33.338+0000] {dag.py:3834} INFO - Setting next_dagrun for extract_open_meteo_v2 to 2025-10-12 22:00:00+00:00, run_after=2025-10-13 22:00:00+00:00
[2025-10-13T14:52:33.434+0000] {processor.py:183} INFO - Processing /opt/airflow/dags/extract_open_meteo_dag.py took 0.708 seconds
[2025-10-13T14:53:04.519+0000] {processor.py:161} INFO - Started process (PID=14948) to work on /opt/airflow/dags/extract_open_meteo_dag.py
[2025-10-13T14:53:04.522+0000] {processor.py:830} INFO - Processing file /opt/airflow/dags/extract_open_meteo_dag.py for tasks to queue
[2025-10-13T14:53:04.525+0000] {logging_mixin.py:188} INFO - [2025-10-13T14:53:04.524+0000] {dagbag.py:540} INFO - Filling up the DagBag from /opt/airflow/dags/extract_open_meteo_dag.py
[2025-10-13T14:53:04.590+0000] {processor.py:840} INFO - DAG(s) 'extract_open_meteo_v2' retrieved from /opt/airflow/dags/extract_open_meteo_dag.py
[2025-10-13T14:53:04.696+0000] {logging_mixin.py:188} INFO - [2025-10-13T14:53:04.695+0000] {dag.py:3047} INFO - Sync 1 DAGs
[2025-10-13T14:53:04.756+0000] {logging_mixin.py:188} INFO - [2025-10-13T14:53:04.755+0000] {dag.py:3834} INFO - Setting next_dagrun for extract_open_meteo_v2 to 2025-10-12 22:00:00+00:00, run_after=2025-10-13 22:00:00+00:00
[2025-10-13T14:53:04.850+0000] {processor.py:183} INFO - Processing /opt/airflow/dags/extract_open_meteo_dag.py took 0.338 seconds
[2025-10-13T14:53:35.433+0000] {processor.py:161} INFO - Started process (PID=14963) to work on /opt/airflow/dags/extract_open_meteo_dag.py
[2025-10-13T14:53:35.435+0000] {processor.py:830} INFO - Processing file /opt/airflow/dags/extract_open_meteo_dag.py for tasks to queue
[2025-10-13T14:53:35.439+0000] {logging_mixin.py:188} INFO - [2025-10-13T14:53:35.438+0000] {dagbag.py:540} INFO - Filling up the DagBag from /opt/airflow/dags/extract_open_meteo_dag.py
[2025-10-13T14:53:35.489+0000] {processor.py:840} INFO - DAG(s) 'extract_open_meteo_v2' retrieved from /opt/airflow/dags/extract_open_meteo_dag.py
[2025-10-13T14:53:35.578+0000] {logging_mixin.py:188} INFO - [2025-10-13T14:53:35.578+0000] {dag.py:3047} INFO - Sync 1 DAGs
[2025-10-13T14:53:35.653+0000] {logging_mixin.py:188} INFO - [2025-10-13T14:53:35.652+0000] {dag.py:3834} INFO - Setting next_dagrun for extract_open_meteo_v2 to 2025-10-12 22:00:00+00:00, run_after=2025-10-13 22:00:00+00:00
[2025-10-13T14:53:35.741+0000] {processor.py:183} INFO - Processing /opt/airflow/dags/extract_open_meteo_dag.py took 0.319 seconds
[2025-10-13T14:54:07.070+0000] {processor.py:161} INFO - Started process (PID=14978) to work on /opt/airflow/dags/extract_open_meteo_dag.py
[2025-10-13T14:54:07.248+0000] {processor.py:830} INFO - Processing file /opt/airflow/dags/extract_open_meteo_dag.py for tasks to queue
[2025-10-13T14:54:07.251+0000] {logging_mixin.py:188} INFO - [2025-10-13T14:54:07.250+0000] {dagbag.py:540} INFO - Filling up the DagBag from /opt/airflow/dags/extract_open_meteo_dag.py
[2025-10-13T14:54:07.478+0000] {processor.py:840} INFO - DAG(s) 'extract_open_meteo_v2' retrieved from /opt/airflow/dags/extract_open_meteo_dag.py
[2025-10-13T14:54:08.287+0000] {logging_mixin.py:188} INFO - [2025-10-13T14:54:08.287+0000] {dag.py:3047} INFO - Sync 1 DAGs
[2025-10-13T14:54:08.406+0000] {logging_mixin.py:188} INFO - [2025-10-13T14:54:08.406+0000] {dag.py:3834} INFO - Setting next_dagrun for extract_open_meteo_v2 to 2025-10-12 22:00:00+00:00, run_after=2025-10-13 22:00:00+00:00
[2025-10-13T14:54:08.576+0000] {processor.py:183} INFO - Processing /opt/airflow/dags/extract_open_meteo_dag.py took 1.688 seconds
[2025-10-13T14:54:39.661+0000] {processor.py:161} INFO - Started process (PID=14993) to work on /opt/airflow/dags/extract_open_meteo_dag.py
[2025-10-13T14:54:39.673+0000] {processor.py:830} INFO - Processing file /opt/airflow/dags/extract_open_meteo_dag.py for tasks to queue
[2025-10-13T14:54:39.682+0000] {logging_mixin.py:188} INFO - [2025-10-13T14:54:39.679+0000] {dagbag.py:540} INFO - Filling up the DagBag from /opt/airflow/dags/extract_open_meteo_dag.py
[2025-10-13T14:54:39.812+0000] {processor.py:840} INFO - DAG(s) 'extract_open_meteo_v2' retrieved from /opt/airflow/dags/extract_open_meteo_dag.py
[2025-10-13T14:54:40.032+0000] {logging_mixin.py:188} INFO - [2025-10-13T14:54:40.032+0000] {dag.py:3047} INFO - Sync 1 DAGs
[2025-10-13T14:54:40.150+0000] {logging_mixin.py:188} INFO - [2025-10-13T14:54:40.150+0000] {dag.py:3834} INFO - Setting next_dagrun for extract_open_meteo_v2 to 2025-10-12 22:00:00+00:00, run_after=2025-10-13 22:00:00+00:00
[2025-10-13T14:54:40.276+0000] {processor.py:183} INFO - Processing /opt/airflow/dags/extract_open_meteo_dag.py took 0.674 seconds
[2025-10-13T14:55:11.327+0000] {processor.py:161} INFO - Started process (PID=15008) to work on /opt/airflow/dags/extract_open_meteo_dag.py
[2025-10-13T14:55:11.330+0000] {processor.py:830} INFO - Processing file /opt/airflow/dags/extract_open_meteo_dag.py for tasks to queue
[2025-10-13T14:55:11.332+0000] {logging_mixin.py:188} INFO - [2025-10-13T14:55:11.331+0000] {dagbag.py:540} INFO - Filling up the DagBag from /opt/airflow/dags/extract_open_meteo_dag.py
[2025-10-13T14:55:11.379+0000] {processor.py:840} INFO - DAG(s) 'extract_open_meteo_v2' retrieved from /opt/airflow/dags/extract_open_meteo_dag.py
[2025-10-13T14:55:11.488+0000] {logging_mixin.py:188} INFO - [2025-10-13T14:55:11.487+0000] {dag.py:3047} INFO - Sync 1 DAGs
[2025-10-13T14:55:11.563+0000] {logging_mixin.py:188} INFO - [2025-10-13T14:55:11.563+0000] {dag.py:3834} INFO - Setting next_dagrun for extract_open_meteo_v2 to 2025-10-12 22:00:00+00:00, run_after=2025-10-13 22:00:00+00:00
[2025-10-13T14:55:11.638+0000] {processor.py:183} INFO - Processing /opt/airflow/dags/extract_open_meteo_dag.py took 0.321 seconds
[2025-10-13T14:55:42.270+0000] {processor.py:161} INFO - Started process (PID=15023) to work on /opt/airflow/dags/extract_open_meteo_dag.py
[2025-10-13T14:55:42.272+0000] {processor.py:830} INFO - Processing file /opt/airflow/dags/extract_open_meteo_dag.py for tasks to queue
[2025-10-13T14:55:42.275+0000] {logging_mixin.py:188} INFO - [2025-10-13T14:55:42.273+0000] {dagbag.py:540} INFO - Filling up the DagBag from /opt/airflow/dags/extract_open_meteo_dag.py
[2025-10-13T14:55:42.317+0000] {processor.py:840} INFO - DAG(s) 'extract_open_meteo_v2' retrieved from /opt/airflow/dags/extract_open_meteo_dag.py
[2025-10-13T14:55:42.413+0000] {logging_mixin.py:188} INFO - [2025-10-13T14:55:42.412+0000] {dag.py:3047} INFO - Sync 1 DAGs
[2025-10-13T14:55:42.474+0000] {logging_mixin.py:188} INFO - [2025-10-13T14:55:42.474+0000] {dag.py:3834} INFO - Setting next_dagrun for extract_open_meteo_v2 to 2025-10-12 22:00:00+00:00, run_after=2025-10-13 22:00:00+00:00
[2025-10-13T14:55:42.553+0000] {processor.py:183} INFO - Processing /opt/airflow/dags/extract_open_meteo_dag.py took 0.329 seconds
[2025-10-13T14:56:13.308+0000] {processor.py:161} INFO - Started process (PID=15038) to work on /opt/airflow/dags/extract_open_meteo_dag.py
[2025-10-13T14:56:13.318+0000] {processor.py:830} INFO - Processing file /opt/airflow/dags/extract_open_meteo_dag.py for tasks to queue
[2025-10-13T14:56:13.325+0000] {logging_mixin.py:188} INFO - [2025-10-13T14:56:13.323+0000] {dagbag.py:540} INFO - Filling up the DagBag from /opt/airflow/dags/extract_open_meteo_dag.py
[2025-10-13T14:56:13.377+0000] {processor.py:840} INFO - DAG(s) 'extract_open_meteo_v2' retrieved from /opt/airflow/dags/extract_open_meteo_dag.py
[2025-10-13T14:56:13.466+0000] {logging_mixin.py:188} INFO - [2025-10-13T14:56:13.465+0000] {dag.py:3047} INFO - Sync 1 DAGs
[2025-10-13T14:56:13.531+0000] {logging_mixin.py:188} INFO - [2025-10-13T14:56:13.531+0000] {dag.py:3834} INFO - Setting next_dagrun for extract_open_meteo_v2 to 2025-10-12 22:00:00+00:00, run_after=2025-10-13 22:00:00+00:00
[2025-10-13T14:56:13.583+0000] {processor.py:183} INFO - Processing /opt/airflow/dags/extract_open_meteo_dag.py took 0.313 seconds
[2025-10-13T14:56:44.216+0000] {processor.py:161} INFO - Started process (PID=15053) to work on /opt/airflow/dags/extract_open_meteo_dag.py
[2025-10-13T14:56:44.222+0000] {processor.py:830} INFO - Processing file /opt/airflow/dags/extract_open_meteo_dag.py for tasks to queue
[2025-10-13T14:56:44.226+0000] {logging_mixin.py:188} INFO - [2025-10-13T14:56:44.225+0000] {dagbag.py:540} INFO - Filling up the DagBag from /opt/airflow/dags/extract_open_meteo_dag.py
[2025-10-13T14:56:44.315+0000] {processor.py:840} INFO - DAG(s) 'extract_open_meteo_v2' retrieved from /opt/airflow/dags/extract_open_meteo_dag.py
[2025-10-13T14:56:45.063+0000] {logging_mixin.py:188} INFO - [2025-10-13T14:56:45.062+0000] {dag.py:3047} INFO - Sync 1 DAGs
[2025-10-13T14:56:45.665+0000] {logging_mixin.py:188} INFO - [2025-10-13T14:56:45.664+0000] {dag.py:3834} INFO - Setting next_dagrun for extract_open_meteo_v2 to 2025-10-12 22:00:00+00:00, run_after=2025-10-13 22:00:00+00:00
[2025-10-13T14:56:45.908+0000] {processor.py:183} INFO - Processing /opt/airflow/dags/extract_open_meteo_dag.py took 1.716 seconds
[2025-10-13T14:57:16.821+0000] {processor.py:161} INFO - Started process (PID=15068) to work on /opt/airflow/dags/extract_open_meteo_dag.py
[2025-10-13T14:57:16.823+0000] {processor.py:830} INFO - Processing file /opt/airflow/dags/extract_open_meteo_dag.py for tasks to queue
[2025-10-13T14:57:16.825+0000] {logging_mixin.py:188} INFO - [2025-10-13T14:57:16.824+0000] {dagbag.py:540} INFO - Filling up the DagBag from /opt/airflow/dags/extract_open_meteo_dag.py
[2025-10-13T14:57:16.891+0000] {processor.py:840} INFO - DAG(s) 'extract_open_meteo_v2' retrieved from /opt/airflow/dags/extract_open_meteo_dag.py
[2025-10-13T14:57:16.988+0000] {logging_mixin.py:188} INFO - [2025-10-13T14:57:16.988+0000] {dag.py:3047} INFO - Sync 1 DAGs
[2025-10-13T14:57:17.068+0000] {logging_mixin.py:188} INFO - [2025-10-13T14:57:17.068+0000] {dag.py:3834} INFO - Setting next_dagrun for extract_open_meteo_v2 to 2025-10-12 22:00:00+00:00, run_after=2025-10-13 22:00:00+00:00
[2025-10-13T14:57:17.151+0000] {processor.py:183} INFO - Processing /opt/airflow/dags/extract_open_meteo_dag.py took 0.341 seconds
[2025-10-13T14:57:47.960+0000] {processor.py:161} INFO - Started process (PID=15083) to work on /opt/airflow/dags/extract_open_meteo_dag.py
[2025-10-13T14:57:47.963+0000] {processor.py:830} INFO - Processing file /opt/airflow/dags/extract_open_meteo_dag.py for tasks to queue
[2025-10-13T14:57:47.966+0000] {logging_mixin.py:188} INFO - [2025-10-13T14:57:47.965+0000] {dagbag.py:540} INFO - Filling up the DagBag from /opt/airflow/dags/extract_open_meteo_dag.py
[2025-10-13T14:57:48.016+0000] {processor.py:840} INFO - DAG(s) 'extract_open_meteo_v2' retrieved from /opt/airflow/dags/extract_open_meteo_dag.py
[2025-10-13T14:57:48.132+0000] {logging_mixin.py:188} INFO - [2025-10-13T14:57:48.131+0000] {dag.py:3047} INFO - Sync 1 DAGs
[2025-10-13T14:57:48.204+0000] {logging_mixin.py:188} INFO - [2025-10-13T14:57:48.203+0000] {dag.py:3834} INFO - Setting next_dagrun for extract_open_meteo_v2 to 2025-10-12 22:00:00+00:00, run_after=2025-10-13 22:00:00+00:00
[2025-10-13T14:57:48.283+0000] {processor.py:183} INFO - Processing /opt/airflow/dags/extract_open_meteo_dag.py took 0.331 seconds
[2025-10-13T14:58:18.789+0000] {processor.py:161} INFO - Started process (PID=15098) to work on /opt/airflow/dags/extract_open_meteo_dag.py
[2025-10-13T14:58:18.792+0000] {processor.py:830} INFO - Processing file /opt/airflow/dags/extract_open_meteo_dag.py for tasks to queue
[2025-10-13T14:58:18.795+0000] {logging_mixin.py:188} INFO - [2025-10-13T14:58:18.794+0000] {dagbag.py:540} INFO - Filling up the DagBag from /opt/airflow/dags/extract_open_meteo_dag.py
[2025-10-13T14:58:18.849+0000] {processor.py:840} INFO - DAG(s) 'extract_open_meteo_v2' retrieved from /opt/airflow/dags/extract_open_meteo_dag.py
[2025-10-13T14:58:18.937+0000] {logging_mixin.py:188} INFO - [2025-10-13T14:58:18.936+0000] {dag.py:3047} INFO - Sync 1 DAGs
[2025-10-13T14:58:19.002+0000] {logging_mixin.py:188} INFO - [2025-10-13T14:58:19.002+0000] {dag.py:3834} INFO - Setting next_dagrun for extract_open_meteo_v2 to 2025-10-12 22:00:00+00:00, run_after=2025-10-13 22:00:00+00:00
[2025-10-13T14:58:19.079+0000] {processor.py:183} INFO - Processing /opt/airflow/dags/extract_open_meteo_dag.py took 0.299 seconds
[2025-10-13T14:58:49.648+0000] {processor.py:161} INFO - Started process (PID=15113) to work on /opt/airflow/dags/extract_open_meteo_dag.py
[2025-10-13T14:58:49.651+0000] {processor.py:830} INFO - Processing file /opt/airflow/dags/extract_open_meteo_dag.py for tasks to queue
[2025-10-13T14:58:49.653+0000] {logging_mixin.py:188} INFO - [2025-10-13T14:58:49.652+0000] {dagbag.py:540} INFO - Filling up the DagBag from /opt/airflow/dags/extract_open_meteo_dag.py
[2025-10-13T14:58:49.697+0000] {processor.py:840} INFO - DAG(s) 'extract_open_meteo_v2' retrieved from /opt/airflow/dags/extract_open_meteo_dag.py
[2025-10-13T14:58:49.789+0000] {logging_mixin.py:188} INFO - [2025-10-13T14:58:49.788+0000] {dag.py:3047} INFO - Sync 1 DAGs
[2025-10-13T14:58:49.864+0000] {logging_mixin.py:188} INFO - [2025-10-13T14:58:49.863+0000] {dag.py:3834} INFO - Setting next_dagrun for extract_open_meteo_v2 to 2025-10-12 22:00:00+00:00, run_after=2025-10-13 22:00:00+00:00
[2025-10-13T14:58:49.952+0000] {processor.py:183} INFO - Processing /opt/airflow/dags/extract_open_meteo_dag.py took 0.309 seconds
[2025-10-13T14:59:21.914+0000] {processor.py:161} INFO - Started process (PID=15128) to work on /opt/airflow/dags/extract_open_meteo_dag.py
[2025-10-13T14:59:22.043+0000] {processor.py:830} INFO - Processing file /opt/airflow/dags/extract_open_meteo_dag.py for tasks to queue
[2025-10-13T14:59:22.045+0000] {logging_mixin.py:188} INFO - [2025-10-13T14:59:22.045+0000] {dagbag.py:540} INFO - Filling up the DagBag from /opt/airflow/dags/extract_open_meteo_dag.py
[2025-10-13T14:59:22.477+0000] {processor.py:840} INFO - DAG(s) 'extract_open_meteo_v2' retrieved from /opt/airflow/dags/extract_open_meteo_dag.py
[2025-10-13T14:59:25.794+0000] {logging_mixin.py:188} INFO - [2025-10-13T14:59:25.794+0000] {dag.py:3047} INFO - Sync 1 DAGs
[2025-10-13T14:59:25.876+0000] {logging_mixin.py:188} INFO - [2025-10-13T14:59:25.876+0000] {dag.py:3834} INFO - Setting next_dagrun for extract_open_meteo_v2 to 2025-10-12 22:00:00+00:00, run_after=2025-10-13 22:00:00+00:00
[2025-10-13T14:59:26.020+0000] {processor.py:183} INFO - Processing /opt/airflow/dags/extract_open_meteo_dag.py took 4.131 seconds
[2025-10-13T14:59:56.524+0000] {processor.py:161} INFO - Started process (PID=15143) to work on /opt/airflow/dags/extract_open_meteo_dag.py
[2025-10-13T14:59:56.526+0000] {processor.py:830} INFO - Processing file /opt/airflow/dags/extract_open_meteo_dag.py for tasks to queue
[2025-10-13T14:59:56.528+0000] {logging_mixin.py:188} INFO - [2025-10-13T14:59:56.527+0000] {dagbag.py:540} INFO - Filling up the DagBag from /opt/airflow/dags/extract_open_meteo_dag.py
[2025-10-13T14:59:56.573+0000] {processor.py:840} INFO - DAG(s) 'extract_open_meteo_v2' retrieved from /opt/airflow/dags/extract_open_meteo_dag.py
[2025-10-13T14:59:56.663+0000] {logging_mixin.py:188} INFO - [2025-10-13T14:59:56.663+0000] {dag.py:3047} INFO - Sync 1 DAGs
[2025-10-13T14:59:56.709+0000] {logging_mixin.py:188} INFO - [2025-10-13T14:59:56.709+0000] {dag.py:3834} INFO - Setting next_dagrun for extract_open_meteo_v2 to 2025-10-12 22:00:00+00:00, run_after=2025-10-13 22:00:00+00:00
[2025-10-13T14:59:56.782+0000] {processor.py:183} INFO - Processing /opt/airflow/dags/extract_open_meteo_dag.py took 0.264 seconds
[2025-10-13T15:00:27.388+0000] {processor.py:161} INFO - Started process (PID=15158) to work on /opt/airflow/dags/extract_open_meteo_dag.py
[2025-10-13T15:00:27.390+0000] {processor.py:830} INFO - Processing file /opt/airflow/dags/extract_open_meteo_dag.py for tasks to queue
[2025-10-13T15:00:27.392+0000] {logging_mixin.py:188} INFO - [2025-10-13T15:00:27.391+0000] {dagbag.py:540} INFO - Filling up the DagBag from /opt/airflow/dags/extract_open_meteo_dag.py
[2025-10-13T15:00:27.435+0000] {processor.py:840} INFO - DAG(s) 'extract_open_meteo_v2' retrieved from /opt/airflow/dags/extract_open_meteo_dag.py
[2025-10-13T15:00:27.519+0000] {logging_mixin.py:188} INFO - [2025-10-13T15:00:27.518+0000] {dag.py:3047} INFO - Sync 1 DAGs
[2025-10-13T15:00:27.580+0000] {logging_mixin.py:188} INFO - [2025-10-13T15:00:27.580+0000] {dag.py:3834} INFO - Setting next_dagrun for extract_open_meteo_v2 to 2025-10-12 22:00:00+00:00, run_after=2025-10-13 22:00:00+00:00
[2025-10-13T15:00:27.661+0000] {processor.py:183} INFO - Processing /opt/airflow/dags/extract_open_meteo_dag.py took 0.280 seconds
[2025-10-13T15:00:58.254+0000] {processor.py:161} INFO - Started process (PID=15173) to work on /opt/airflow/dags/extract_open_meteo_dag.py
[2025-10-13T15:00:58.256+0000] {processor.py:830} INFO - Processing file /opt/airflow/dags/extract_open_meteo_dag.py for tasks to queue
[2025-10-13T15:00:58.258+0000] {logging_mixin.py:188} INFO - [2025-10-13T15:00:58.258+0000] {dagbag.py:540} INFO - Filling up the DagBag from /opt/airflow/dags/extract_open_meteo_dag.py
[2025-10-13T15:00:58.304+0000] {processor.py:840} INFO - DAG(s) 'extract_open_meteo_v2' retrieved from /opt/airflow/dags/extract_open_meteo_dag.py
[2025-10-13T15:00:58.386+0000] {logging_mixin.py:188} INFO - [2025-10-13T15:00:58.386+0000] {dag.py:3047} INFO - Sync 1 DAGs
[2025-10-13T15:00:58.450+0000] {logging_mixin.py:188} INFO - [2025-10-13T15:00:58.450+0000] {dag.py:3834} INFO - Setting next_dagrun for extract_open_meteo_v2 to 2025-10-12 22:00:00+00:00, run_after=2025-10-13 22:00:00+00:00
[2025-10-13T15:00:58.540+0000] {processor.py:183} INFO - Processing /opt/airflow/dags/extract_open_meteo_dag.py took 0.293 seconds
[2025-10-13T15:01:29.132+0000] {processor.py:161} INFO - Started process (PID=15188) to work on /opt/airflow/dags/extract_open_meteo_dag.py
[2025-10-13T15:01:29.136+0000] {processor.py:830} INFO - Processing file /opt/airflow/dags/extract_open_meteo_dag.py for tasks to queue
[2025-10-13T15:01:29.140+0000] {logging_mixin.py:188} INFO - [2025-10-13T15:01:29.139+0000] {dagbag.py:540} INFO - Filling up the DagBag from /opt/airflow/dags/extract_open_meteo_dag.py
[2025-10-13T15:01:29.198+0000] {processor.py:840} INFO - DAG(s) 'extract_open_meteo_v2' retrieved from /opt/airflow/dags/extract_open_meteo_dag.py
[2025-10-13T15:01:29.307+0000] {logging_mixin.py:188} INFO - [2025-10-13T15:01:29.306+0000] {dag.py:3047} INFO - Sync 1 DAGs
[2025-10-13T15:01:29.378+0000] {logging_mixin.py:188} INFO - [2025-10-13T15:01:29.378+0000] {dag.py:3834} INFO - Setting next_dagrun for extract_open_meteo_v2 to 2025-10-12 22:00:00+00:00, run_after=2025-10-13 22:00:00+00:00
[2025-10-13T15:01:29.468+0000] {processor.py:183} INFO - Processing /opt/airflow/dags/extract_open_meteo_dag.py took 0.348 seconds
[2025-10-13T15:02:00.531+0000] {processor.py:161} INFO - Started process (PID=15203) to work on /opt/airflow/dags/extract_open_meteo_dag.py
[2025-10-13T15:02:00.543+0000] {processor.py:830} INFO - Processing file /opt/airflow/dags/extract_open_meteo_dag.py for tasks to queue
[2025-10-13T15:02:00.550+0000] {logging_mixin.py:188} INFO - [2025-10-13T15:02:00.550+0000] {dagbag.py:540} INFO - Filling up the DagBag from /opt/airflow/dags/extract_open_meteo_dag.py
[2025-10-13T15:02:00.716+0000] {processor.py:840} INFO - DAG(s) 'extract_open_meteo_v2' retrieved from /opt/airflow/dags/extract_open_meteo_dag.py
[2025-10-13T15:02:00.874+0000] {logging_mixin.py:188} INFO - [2025-10-13T15:02:00.873+0000] {dag.py:3047} INFO - Sync 1 DAGs
[2025-10-13T15:02:00.955+0000] {logging_mixin.py:188} INFO - [2025-10-13T15:02:00.955+0000] {dag.py:3834} INFO - Setting next_dagrun for extract_open_meteo_v2 to 2025-10-12 22:00:00+00:00, run_after=2025-10-13 22:00:00+00:00
[2025-10-13T15:02:01.046+0000] {processor.py:183} INFO - Processing /opt/airflow/dags/extract_open_meteo_dag.py took 0.522 seconds
[2025-10-13T15:02:31.727+0000] {processor.py:161} INFO - Started process (PID=15218) to work on /opt/airflow/dags/extract_open_meteo_dag.py
[2025-10-13T15:02:31.733+0000] {processor.py:830} INFO - Processing file /opt/airflow/dags/extract_open_meteo_dag.py for tasks to queue
[2025-10-13T15:02:31.735+0000] {logging_mixin.py:188} INFO - [2025-10-13T15:02:31.734+0000] {dagbag.py:540} INFO - Filling up the DagBag from /opt/airflow/dags/extract_open_meteo_dag.py
[2025-10-13T15:02:31.784+0000] {processor.py:840} INFO - DAG(s) 'extract_open_meteo_v2' retrieved from /opt/airflow/dags/extract_open_meteo_dag.py
[2025-10-13T15:02:31.888+0000] {logging_mixin.py:188} INFO - [2025-10-13T15:02:31.888+0000] {dag.py:3047} INFO - Sync 1 DAGs
[2025-10-13T15:02:31.959+0000] {logging_mixin.py:188} INFO - [2025-10-13T15:02:31.959+0000] {dag.py:3834} INFO - Setting next_dagrun for extract_open_meteo_v2 to 2025-10-12 22:00:00+00:00, run_after=2025-10-13 22:00:00+00:00
[2025-10-13T15:02:32.029+0000] {processor.py:183} INFO - Processing /opt/airflow/dags/extract_open_meteo_dag.py took 0.308 seconds
[2025-10-13T15:03:02.606+0000] {processor.py:161} INFO - Started process (PID=15235) to work on /opt/airflow/dags/extract_open_meteo_dag.py
[2025-10-13T15:03:02.608+0000] {processor.py:830} INFO - Processing file /opt/airflow/dags/extract_open_meteo_dag.py for tasks to queue
[2025-10-13T15:03:02.611+0000] {logging_mixin.py:188} INFO - [2025-10-13T15:03:02.610+0000] {dagbag.py:540} INFO - Filling up the DagBag from /opt/airflow/dags/extract_open_meteo_dag.py
[2025-10-13T15:03:02.656+0000] {processor.py:840} INFO - DAG(s) 'extract_open_meteo_v2' retrieved from /opt/airflow/dags/extract_open_meteo_dag.py
[2025-10-13T15:03:02.879+0000] {logging_mixin.py:188} INFO - [2025-10-13T15:03:02.879+0000] {dag.py:3047} INFO - Sync 1 DAGs
[2025-10-13T15:03:02.996+0000] {logging_mixin.py:188} INFO - [2025-10-13T15:03:02.995+0000] {dag.py:3834} INFO - Setting next_dagrun for extract_open_meteo_v2 to 2025-10-12 22:00:00+00:00, run_after=2025-10-13 22:00:00+00:00
[2025-10-13T15:03:03.133+0000] {processor.py:183} INFO - Processing /opt/airflow/dags/extract_open_meteo_dag.py took 0.532 seconds
[2025-10-13T15:03:33.793+0000] {processor.py:161} INFO - Started process (PID=15250) to work on /opt/airflow/dags/extract_open_meteo_dag.py
[2025-10-13T15:03:33.795+0000] {processor.py:830} INFO - Processing file /opt/airflow/dags/extract_open_meteo_dag.py for tasks to queue
[2025-10-13T15:03:33.798+0000] {logging_mixin.py:188} INFO - [2025-10-13T15:03:33.797+0000] {dagbag.py:540} INFO - Filling up the DagBag from /opt/airflow/dags/extract_open_meteo_dag.py
[2025-10-13T15:03:33.838+0000] {processor.py:840} INFO - DAG(s) 'extract_open_meteo_v2' retrieved from /opt/airflow/dags/extract_open_meteo_dag.py
[2025-10-13T15:03:33.923+0000] {logging_mixin.py:188} INFO - [2025-10-13T15:03:33.923+0000] {dag.py:3047} INFO - Sync 1 DAGs
[2025-10-13T15:03:34.005+0000] {logging_mixin.py:188} INFO - [2025-10-13T15:03:34.005+0000] {dag.py:3834} INFO - Setting next_dagrun for extract_open_meteo_v2 to 2025-10-12 22:00:00+00:00, run_after=2025-10-13 22:00:00+00:00
[2025-10-13T15:03:34.134+0000] {processor.py:183} INFO - Processing /opt/airflow/dags/extract_open_meteo_dag.py took 0.347 seconds
[2025-10-13T15:04:04.737+0000] {processor.py:161} INFO - Started process (PID=15265) to work on /opt/airflow/dags/extract_open_meteo_dag.py
[2025-10-13T15:04:04.740+0000] {processor.py:830} INFO - Processing file /opt/airflow/dags/extract_open_meteo_dag.py for tasks to queue
[2025-10-13T15:04:04.744+0000] {logging_mixin.py:188} INFO - [2025-10-13T15:04:04.743+0000] {dagbag.py:540} INFO - Filling up the DagBag from /opt/airflow/dags/extract_open_meteo_dag.py
[2025-10-13T15:04:04.792+0000] {processor.py:840} INFO - DAG(s) 'extract_open_meteo_v2' retrieved from /opt/airflow/dags/extract_open_meteo_dag.py
[2025-10-13T15:04:04.893+0000] {logging_mixin.py:188} INFO - [2025-10-13T15:04:04.892+0000] {dag.py:3047} INFO - Sync 1 DAGs
[2025-10-13T15:04:04.981+0000] {logging_mixin.py:188} INFO - [2025-10-13T15:04:04.980+0000] {dag.py:3834} INFO - Setting next_dagrun for extract_open_meteo_v2 to 2025-10-12 22:00:00+00:00, run_after=2025-10-13 22:00:00+00:00
[2025-10-13T15:04:05.101+0000] {processor.py:183} INFO - Processing /opt/airflow/dags/extract_open_meteo_dag.py took 0.374 seconds
[2025-10-13T15:04:35.284+0000] {processor.py:161} INFO - Started process (PID=15280) to work on /opt/airflow/dags/extract_open_meteo_dag.py
[2025-10-13T15:04:35.286+0000] {processor.py:830} INFO - Processing file /opt/airflow/dags/extract_open_meteo_dag.py for tasks to queue
[2025-10-13T15:04:35.288+0000] {logging_mixin.py:188} INFO - [2025-10-13T15:04:35.288+0000] {dagbag.py:540} INFO - Filling up the DagBag from /opt/airflow/dags/extract_open_meteo_dag.py
[2025-10-13T15:04:35.329+0000] {processor.py:840} INFO - DAG(s) 'extract_open_meteo_v2' retrieved from /opt/airflow/dags/extract_open_meteo_dag.py
[2025-10-13T15:04:35.423+0000] {logging_mixin.py:188} INFO - [2025-10-13T15:04:35.423+0000] {dag.py:3047} INFO - Sync 1 DAGs
[2025-10-13T15:04:35.487+0000] {logging_mixin.py:188} INFO - [2025-10-13T15:04:35.486+0000] {dag.py:3834} INFO - Setting next_dagrun for extract_open_meteo_v2 to 2025-10-12 22:00:00+00:00, run_after=2025-10-13 22:00:00+00:00
[2025-10-13T15:04:35.553+0000] {processor.py:183} INFO - Processing /opt/airflow/dags/extract_open_meteo_dag.py took 0.273 seconds
[2025-10-13T15:05:06.345+0000] {processor.py:161} INFO - Started process (PID=15291) to work on /opt/airflow/dags/extract_open_meteo_dag.py
[2025-10-13T15:05:06.350+0000] {processor.py:830} INFO - Processing file /opt/airflow/dags/extract_open_meteo_dag.py for tasks to queue
[2025-10-13T15:05:06.352+0000] {logging_mixin.py:188} INFO - [2025-10-13T15:05:06.352+0000] {dagbag.py:540} INFO - Filling up the DagBag from /opt/airflow/dags/extract_open_meteo_dag.py
[2025-10-13T15:05:06.397+0000] {processor.py:840} INFO - DAG(s) 'extract_open_meteo_v2' retrieved from /opt/airflow/dags/extract_open_meteo_dag.py
[2025-10-13T15:05:06.514+0000] {logging_mixin.py:188} INFO - [2025-10-13T15:05:06.513+0000] {dag.py:3047} INFO - Sync 1 DAGs
[2025-10-13T15:05:06.568+0000] {logging_mixin.py:188} INFO - [2025-10-13T15:05:06.567+0000] {dag.py:3834} INFO - Setting next_dagrun for extract_open_meteo_v2 to 2025-10-12 22:00:00+00:00, run_after=2025-10-13 22:00:00+00:00
[2025-10-13T15:05:06.646+0000] {processor.py:183} INFO - Processing /opt/airflow/dags/extract_open_meteo_dag.py took 0.423 seconds
[2025-10-13T15:05:37.464+0000] {processor.py:161} INFO - Started process (PID=15308) to work on /opt/airflow/dags/extract_open_meteo_dag.py
[2025-10-13T15:05:37.484+0000] {processor.py:830} INFO - Processing file /opt/airflow/dags/extract_open_meteo_dag.py for tasks to queue
[2025-10-13T15:05:37.490+0000] {logging_mixin.py:188} INFO - [2025-10-13T15:05:37.489+0000] {dagbag.py:540} INFO - Filling up the DagBag from /opt/airflow/dags/extract_open_meteo_dag.py
[2025-10-13T15:05:37.570+0000] {processor.py:840} INFO - DAG(s) 'extract_open_meteo_v2' retrieved from /opt/airflow/dags/extract_open_meteo_dag.py
[2025-10-13T15:05:37.665+0000] {logging_mixin.py:188} INFO - [2025-10-13T15:05:37.664+0000] {dag.py:3047} INFO - Sync 1 DAGs
[2025-10-13T15:05:37.737+0000] {logging_mixin.py:188} INFO - [2025-10-13T15:05:37.737+0000] {dag.py:3834} INFO - Setting next_dagrun for extract_open_meteo_v2 to 2025-10-12 22:00:00+00:00, run_after=2025-10-13 22:00:00+00:00
[2025-10-13T15:05:37.838+0000] {processor.py:183} INFO - Processing /opt/airflow/dags/extract_open_meteo_dag.py took 0.381 seconds
[2025-10-13T15:06:08.387+0000] {processor.py:161} INFO - Started process (PID=15323) to work on /opt/airflow/dags/extract_open_meteo_dag.py
[2025-10-13T15:06:08.390+0000] {processor.py:830} INFO - Processing file /opt/airflow/dags/extract_open_meteo_dag.py for tasks to queue
[2025-10-13T15:06:08.392+0000] {logging_mixin.py:188} INFO - [2025-10-13T15:06:08.391+0000] {dagbag.py:540} INFO - Filling up the DagBag from /opt/airflow/dags/extract_open_meteo_dag.py
[2025-10-13T15:06:08.437+0000] {processor.py:840} INFO - DAG(s) 'extract_open_meteo_v2' retrieved from /opt/airflow/dags/extract_open_meteo_dag.py
[2025-10-13T15:06:08.543+0000] {logging_mixin.py:188} INFO - [2025-10-13T15:06:08.543+0000] {dag.py:3047} INFO - Sync 1 DAGs
[2025-10-13T15:06:08.624+0000] {logging_mixin.py:188} INFO - [2025-10-13T15:06:08.624+0000] {dag.py:3834} INFO - Setting next_dagrun for extract_open_meteo_v2 to 2025-10-12 22:00:00+00:00, run_after=2025-10-13 22:00:00+00:00
[2025-10-13T15:06:08.705+0000] {processor.py:183} INFO - Processing /opt/airflow/dags/extract_open_meteo_dag.py took 0.325 seconds
[2025-10-13T15:06:39.502+0000] {processor.py:161} INFO - Started process (PID=15338) to work on /opt/airflow/dags/extract_open_meteo_dag.py
[2025-10-13T15:06:39.504+0000] {processor.py:830} INFO - Processing file /opt/airflow/dags/extract_open_meteo_dag.py for tasks to queue
[2025-10-13T15:06:39.506+0000] {logging_mixin.py:188} INFO - [2025-10-13T15:06:39.506+0000] {dagbag.py:540} INFO - Filling up the DagBag from /opt/airflow/dags/extract_open_meteo_dag.py
[2025-10-13T15:06:39.552+0000] {processor.py:840} INFO - DAG(s) 'extract_open_meteo_v2' retrieved from /opt/airflow/dags/extract_open_meteo_dag.py
[2025-10-13T15:06:39.643+0000] {logging_mixin.py:188} INFO - [2025-10-13T15:06:39.642+0000] {dag.py:3047} INFO - Sync 1 DAGs
[2025-10-13T15:06:39.705+0000] {logging_mixin.py:188} INFO - [2025-10-13T15:06:39.704+0000] {dag.py:3834} INFO - Setting next_dagrun for extract_open_meteo_v2 to 2025-10-12 22:00:00+00:00, run_after=2025-10-13 22:00:00+00:00
[2025-10-13T15:06:39.876+0000] {processor.py:183} INFO - Processing /opt/airflow/dags/extract_open_meteo_dag.py took 0.380 seconds
[2025-10-13T15:07:10.653+0000] {processor.py:161} INFO - Started process (PID=15353) to work on /opt/airflow/dags/extract_open_meteo_dag.py
[2025-10-13T15:07:10.662+0000] {processor.py:830} INFO - Processing file /opt/airflow/dags/extract_open_meteo_dag.py for tasks to queue
[2025-10-13T15:07:10.668+0000] {logging_mixin.py:188} INFO - [2025-10-13T15:07:10.667+0000] {dagbag.py:540} INFO - Filling up the DagBag from /opt/airflow/dags/extract_open_meteo_dag.py
[2025-10-13T15:07:10.746+0000] {processor.py:840} INFO - DAG(s) 'extract_open_meteo_v2' retrieved from /opt/airflow/dags/extract_open_meteo_dag.py
[2025-10-13T15:07:10.893+0000] {logging_mixin.py:188} INFO - [2025-10-13T15:07:10.893+0000] {dag.py:3047} INFO - Sync 1 DAGs
[2025-10-13T15:07:11.091+0000] {logging_mixin.py:188} INFO - [2025-10-13T15:07:11.090+0000] {dag.py:3834} INFO - Setting next_dagrun for extract_open_meteo_v2 to 2025-10-12 22:00:00+00:00, run_after=2025-10-13 22:00:00+00:00
[2025-10-13T15:07:11.222+0000] {processor.py:183} INFO - Processing /opt/airflow/dags/extract_open_meteo_dag.py took 0.585 seconds
[2025-10-13T15:07:42.038+0000] {processor.py:161} INFO - Started process (PID=15368) to work on /opt/airflow/dags/extract_open_meteo_dag.py
[2025-10-13T15:07:42.040+0000] {processor.py:830} INFO - Processing file /opt/airflow/dags/extract_open_meteo_dag.py for tasks to queue
[2025-10-13T15:07:42.042+0000] {logging_mixin.py:188} INFO - [2025-10-13T15:07:42.041+0000] {dagbag.py:540} INFO - Filling up the DagBag from /opt/airflow/dags/extract_open_meteo_dag.py
[2025-10-13T15:07:42.077+0000] {processor.py:840} INFO - DAG(s) 'extract_open_meteo_v2' retrieved from /opt/airflow/dags/extract_open_meteo_dag.py
[2025-10-13T15:07:42.161+0000] {logging_mixin.py:188} INFO - [2025-10-13T15:07:42.160+0000] {dag.py:3047} INFO - Sync 1 DAGs
[2025-10-13T15:07:42.221+0000] {logging_mixin.py:188} INFO - [2025-10-13T15:07:42.221+0000] {dag.py:3834} INFO - Setting next_dagrun for extract_open_meteo_v2 to 2025-10-12 22:00:00+00:00, run_after=2025-10-13 22:00:00+00:00
[2025-10-13T15:07:42.308+0000] {processor.py:183} INFO - Processing /opt/airflow/dags/extract_open_meteo_dag.py took 0.275 seconds
[2025-10-13T15:08:12.849+0000] {processor.py:161} INFO - Started process (PID=15383) to work on /opt/airflow/dags/extract_open_meteo_dag.py
[2025-10-13T15:08:12.852+0000] {processor.py:830} INFO - Processing file /opt/airflow/dags/extract_open_meteo_dag.py for tasks to queue
[2025-10-13T15:08:12.854+0000] {logging_mixin.py:188} INFO - [2025-10-13T15:08:12.853+0000] {dagbag.py:540} INFO - Filling up the DagBag from /opt/airflow/dags/extract_open_meteo_dag.py
[2025-10-13T15:08:12.903+0000] {processor.py:840} INFO - DAG(s) 'extract_open_meteo_v2' retrieved from /opt/airflow/dags/extract_open_meteo_dag.py
[2025-10-13T15:08:13.027+0000] {logging_mixin.py:188} INFO - [2025-10-13T15:08:13.026+0000] {dag.py:3047} INFO - Sync 1 DAGs
[2025-10-13T15:08:13.096+0000] {logging_mixin.py:188} INFO - [2025-10-13T15:08:13.095+0000] {dag.py:3834} INFO - Setting next_dagrun for extract_open_meteo_v2 to 2025-10-12 22:00:00+00:00, run_after=2025-10-13 22:00:00+00:00
[2025-10-13T15:08:13.167+0000] {processor.py:183} INFO - Processing /opt/airflow/dags/extract_open_meteo_dag.py took 0.328 seconds
[2025-10-13T15:08:43.745+0000] {processor.py:161} INFO - Started process (PID=15398) to work on /opt/airflow/dags/extract_open_meteo_dag.py
[2025-10-13T15:08:43.749+0000] {processor.py:830} INFO - Processing file /opt/airflow/dags/extract_open_meteo_dag.py for tasks to queue
[2025-10-13T15:08:43.752+0000] {logging_mixin.py:188} INFO - [2025-10-13T15:08:43.751+0000] {dagbag.py:540} INFO - Filling up the DagBag from /opt/airflow/dags/extract_open_meteo_dag.py
[2025-10-13T15:08:43.815+0000] {processor.py:840} INFO - DAG(s) 'extract_open_meteo_v2' retrieved from /opt/airflow/dags/extract_open_meteo_dag.py
[2025-10-13T15:08:43.909+0000] {logging_mixin.py:188} INFO - [2025-10-13T15:08:43.908+0000] {dag.py:3047} INFO - Sync 1 DAGs
[2025-10-13T15:08:43.983+0000] {logging_mixin.py:188} INFO - [2025-10-13T15:08:43.982+0000] {dag.py:3834} INFO - Setting next_dagrun for extract_open_meteo_v2 to 2025-10-12 22:00:00+00:00, run_after=2025-10-13 22:00:00+00:00
[2025-10-13T15:08:44.076+0000] {processor.py:183} INFO - Processing /opt/airflow/dags/extract_open_meteo_dag.py took 0.336 seconds
[2025-10-13T15:09:43.224+0000] {processor.py:161} INFO - Started process (PID=15411) to work on /opt/airflow/dags/extract_open_meteo_dag.py
[2025-10-13T15:09:43.300+0000] {processor.py:830} INFO - Processing file /opt/airflow/dags/extract_open_meteo_dag.py for tasks to queue
[2025-10-13T15:09:43.482+0000] {logging_mixin.py:188} INFO - [2025-10-13T15:09:43.351+0000] {dagbag.py:540} INFO - Filling up the DagBag from /opt/airflow/dags/extract_open_meteo_dag.py
[2025-10-13T15:09:48.824+0000] {processor.py:840} INFO - DAG(s) 'extract_open_meteo_v2' retrieved from /opt/airflow/dags/extract_open_meteo_dag.py
[2025-10-13T15:09:53.187+0000] {logging_mixin.py:188} INFO - [2025-10-13T15:09:53.186+0000] {dag.py:3047} INFO - Sync 1 DAGs
[2025-10-13T15:09:55.154+0000] {logging_mixin.py:188} INFO - [2025-10-13T15:09:55.152+0000] {dag.py:3834} INFO - Setting next_dagrun for extract_open_meteo_v2 to 2025-10-12 22:00:00+00:00, run_after=2025-10-13 22:00:00+00:00
[2025-10-13T15:09:55.634+0000] {processor.py:183} INFO - Processing /opt/airflow/dags/extract_open_meteo_dag.py took 12.455 seconds
[2025-10-13T15:10:26.934+0000] {processor.py:161} INFO - Started process (PID=15428) to work on /opt/airflow/dags/extract_open_meteo_dag.py
[2025-10-13T15:10:26.946+0000] {processor.py:830} INFO - Processing file /opt/airflow/dags/extract_open_meteo_dag.py for tasks to queue
[2025-10-13T15:10:26.959+0000] {logging_mixin.py:188} INFO - [2025-10-13T15:10:26.953+0000] {dagbag.py:540} INFO - Filling up the DagBag from /opt/airflow/dags/extract_open_meteo_dag.py
[2025-10-13T15:10:27.162+0000] {processor.py:840} INFO - DAG(s) 'extract_open_meteo_v2' retrieved from /opt/airflow/dags/extract_open_meteo_dag.py
[2025-10-13T15:10:37.127+0000] {logging_mixin.py:188} INFO - [2025-10-13T15:10:37.115+0000] {dag.py:3047} INFO - Sync 1 DAGs
[2025-10-13T15:10:37.674+0000] {logging_mixin.py:188} INFO - [2025-10-13T15:10:37.673+0000] {dag.py:3834} INFO - Setting next_dagrun for extract_open_meteo_v2 to 2025-10-12 22:00:00+00:00, run_after=2025-10-13 22:00:00+00:00
[2025-10-13T15:10:37.959+0000] {processor.py:183} INFO - Processing /opt/airflow/dags/extract_open_meteo_dag.py took 11.060 seconds
[2025-10-13T15:11:41.987+0000] {processor.py:161} INFO - Started process (PID=15443) to work on /opt/airflow/dags/extract_open_meteo_dag.py
[2025-10-13T15:11:42.016+0000] {processor.py:830} INFO - Processing file /opt/airflow/dags/extract_open_meteo_dag.py for tasks to queue
[2025-10-13T15:11:42.361+0000] {logging_mixin.py:188} INFO - [2025-10-13T15:11:42.350+0000] {dagbag.py:540} INFO - Filling up the DagBag from /opt/airflow/dags/extract_open_meteo_dag.py
[2025-10-13T15:11:49.343+0000] {processor.py:840} INFO - DAG(s) 'extract_open_meteo_v2' retrieved from /opt/airflow/dags/extract_open_meteo_dag.py
[2025-10-13T15:12:04.761+0000] {logging_mixin.py:188} INFO - [2025-10-13T15:12:03.518+0000] {dag.py:3047} INFO - Sync 1 DAGs
[2025-10-13T15:12:08.177+0000] {logging_mixin.py:188} INFO - [2025-10-13T15:12:08.159+0000] {dag.py:3834} INFO - Setting next_dagrun for extract_open_meteo_v2 to 2025-10-12 22:00:00+00:00, run_after=2025-10-13 22:00:00+00:00
[2025-10-13T15:12:08.582+0000] {processor.py:183} INFO - Processing /opt/airflow/dags/extract_open_meteo_dag.py took 22.795 seconds
[2025-10-13T15:12:55.986+0000] {processor.py:161} INFO - Started process (PID=15456) to work on /opt/airflow/dags/extract_open_meteo_dag.py
[2025-10-13T15:12:56.001+0000] {processor.py:830} INFO - Processing file /opt/airflow/dags/extract_open_meteo_dag.py for tasks to queue
[2025-10-13T15:12:56.027+0000] {logging_mixin.py:188} INFO - [2025-10-13T15:12:56.018+0000] {dagbag.py:540} INFO - Filling up the DagBag from /opt/airflow/dags/extract_open_meteo_dag.py
[2025-10-13T15:12:56.564+0000] {processor.py:840} INFO - DAG(s) 'extract_open_meteo_v2' retrieved from /opt/airflow/dags/extract_open_meteo_dag.py
[2025-10-13T15:12:57.332+0000] {logging_mixin.py:188} INFO - [2025-10-13T15:12:57.331+0000] {dag.py:3047} INFO - Sync 1 DAGs
[2025-10-13T15:12:57.883+0000] {logging_mixin.py:188} INFO - [2025-10-13T15:12:57.882+0000] {dag.py:3834} INFO - Setting next_dagrun for extract_open_meteo_v2 to 2025-10-12 22:00:00+00:00, run_after=2025-10-13 22:00:00+00:00
[2025-10-13T15:12:58.117+0000] {processor.py:183} INFO - Processing /opt/airflow/dags/extract_open_meteo_dag.py took 2.283 seconds
[2025-10-13T15:13:32.545+0000] {processor.py:161} INFO - Started process (PID=15468) to work on /opt/airflow/dags/extract_open_meteo_dag.py
[2025-10-13T15:13:32.560+0000] {processor.py:830} INFO - Processing file /opt/airflow/dags/extract_open_meteo_dag.py for tasks to queue
[2025-10-13T15:13:32.568+0000] {logging_mixin.py:188} INFO - [2025-10-13T15:13:32.565+0000] {dagbag.py:540} INFO - Filling up the DagBag from /opt/airflow/dags/extract_open_meteo_dag.py
[2025-10-13T15:13:32.914+0000] {processor.py:840} INFO - DAG(s) 'extract_open_meteo_v2' retrieved from /opt/airflow/dags/extract_open_meteo_dag.py
[2025-10-13T15:13:33.557+0000] {logging_mixin.py:188} INFO - [2025-10-13T15:13:33.556+0000] {dag.py:3047} INFO - Sync 1 DAGs
[2025-10-13T15:13:33.919+0000] {logging_mixin.py:188} INFO - [2025-10-13T15:13:33.918+0000] {dag.py:3834} INFO - Setting next_dagrun for extract_open_meteo_v2 to 2025-10-12 22:00:00+00:00, run_after=2025-10-13 22:00:00+00:00
[2025-10-13T15:13:34.145+0000] {processor.py:183} INFO - Processing /opt/airflow/dags/extract_open_meteo_dag.py took 1.815 seconds
[2025-10-13T15:14:09.093+0000] {processor.py:161} INFO - Started process (PID=15483) to work on /opt/airflow/dags/extract_open_meteo_dag.py
[2025-10-13T15:14:09.406+0000] {processor.py:830} INFO - Processing file /opt/airflow/dags/extract_open_meteo_dag.py for tasks to queue
[2025-10-13T15:14:09.823+0000] {logging_mixin.py:188} INFO - [2025-10-13T15:14:09.416+0000] {dagbag.py:540} INFO - Filling up the DagBag from /opt/airflow/dags/extract_open_meteo_dag.py
[2025-10-13T15:14:11.671+0000] {processor.py:840} INFO - DAG(s) 'extract_open_meteo_v2' retrieved from /opt/airflow/dags/extract_open_meteo_dag.py
[2025-10-13T15:14:14.062+0000] {logging_mixin.py:188} INFO - [2025-10-13T15:14:14.061+0000] {dag.py:3047} INFO - Sync 1 DAGs
[2025-10-13T15:14:14.350+0000] {logging_mixin.py:188} INFO - [2025-10-13T15:14:14.349+0000] {dag.py:3834} INFO - Setting next_dagrun for extract_open_meteo_v2 to 2025-10-12 22:00:00+00:00, run_after=2025-10-13 22:00:00+00:00
[2025-10-13T15:14:14.772+0000] {processor.py:183} INFO - Processing /opt/airflow/dags/extract_open_meteo_dag.py took 5.752 seconds
[2025-10-13T15:14:46.650+0000] {processor.py:161} INFO - Started process (PID=15501) to work on /opt/airflow/dags/extract_open_meteo_dag.py
[2025-10-13T15:14:46.667+0000] {processor.py:830} INFO - Processing file /opt/airflow/dags/extract_open_meteo_dag.py for tasks to queue
[2025-10-13T15:14:46.675+0000] {logging_mixin.py:188} INFO - [2025-10-13T15:14:46.673+0000] {dagbag.py:540} INFO - Filling up the DagBag from /opt/airflow/dags/extract_open_meteo_dag.py
[2025-10-13T15:14:46.956+0000] {processor.py:840} INFO - DAG(s) 'extract_open_meteo_v2' retrieved from /opt/airflow/dags/extract_open_meteo_dag.py
[2025-10-13T15:14:47.601+0000] {logging_mixin.py:188} INFO - [2025-10-13T15:14:47.600+0000] {dag.py:3047} INFO - Sync 1 DAGs
[2025-10-13T15:14:48.214+0000] {logging_mixin.py:188} INFO - [2025-10-13T15:14:48.212+0000] {dag.py:3834} INFO - Setting next_dagrun for extract_open_meteo_v2 to 2025-10-12 22:00:00+00:00, run_after=2025-10-13 22:00:00+00:00
[2025-10-13T15:14:54.557+0000] {processor.py:183} INFO - Processing /opt/airflow/dags/extract_open_meteo_dag.py took 7.964 seconds
[2025-10-13T15:15:26.818+0000] {processor.py:161} INFO - Started process (PID=15513) to work on /opt/airflow/dags/extract_open_meteo_dag.py
[2025-10-13T15:15:26.837+0000] {processor.py:830} INFO - Processing file /opt/airflow/dags/extract_open_meteo_dag.py for tasks to queue
[2025-10-13T15:15:27.075+0000] {logging_mixin.py:188} INFO - [2025-10-13T15:15:26.844+0000] {dagbag.py:540} INFO - Filling up the DagBag from /opt/airflow/dags/extract_open_meteo_dag.py
[2025-10-13T15:15:27.792+0000] {processor.py:840} INFO - DAG(s) 'extract_open_meteo_v2' retrieved from /opt/airflow/dags/extract_open_meteo_dag.py
[2025-10-13T15:15:33.973+0000] {logging_mixin.py:188} INFO - [2025-10-13T15:15:33.972+0000] {dag.py:3047} INFO - Sync 1 DAGs
[2025-10-13T15:15:42.393+0000] {logging_mixin.py:188} INFO - [2025-10-13T15:15:42.255+0000] {dag.py:3834} INFO - Setting next_dagrun for extract_open_meteo_v2 to 2025-10-12 22:00:00+00:00, run_after=2025-10-13 22:00:00+00:00
[2025-10-13T15:15:43.653+0000] {processor.py:183} INFO - Processing /opt/airflow/dags/extract_open_meteo_dag.py took 16.919 seconds
[2025-10-13T15:16:15.741+0000] {processor.py:161} INFO - Started process (PID=15531) to work on /opt/airflow/dags/extract_open_meteo_dag.py
[2025-10-13T15:16:15.748+0000] {processor.py:830} INFO - Processing file /opt/airflow/dags/extract_open_meteo_dag.py for tasks to queue
[2025-10-13T15:16:15.756+0000] {logging_mixin.py:188} INFO - [2025-10-13T15:16:15.754+0000] {dagbag.py:540} INFO - Filling up the DagBag from /opt/airflow/dags/extract_open_meteo_dag.py
[2025-10-13T15:16:15.927+0000] {processor.py:840} INFO - DAG(s) 'extract_open_meteo_v2' retrieved from /opt/airflow/dags/extract_open_meteo_dag.py
[2025-10-13T15:16:16.176+0000] {logging_mixin.py:188} INFO - [2025-10-13T15:16:16.175+0000] {dag.py:3047} INFO - Sync 1 DAGs
[2025-10-13T15:16:17.498+0000] {logging_mixin.py:188} INFO - [2025-10-13T15:16:17.497+0000] {dag.py:3834} INFO - Setting next_dagrun for extract_open_meteo_v2 to 2025-10-12 22:00:00+00:00, run_after=2025-10-13 22:00:00+00:00
[2025-10-13T15:16:19.586+0000] {processor.py:183} INFO - Processing /opt/airflow/dags/extract_open_meteo_dag.py took 4.055 seconds
[2025-10-13T15:16:50.277+0000] {processor.py:161} INFO - Started process (PID=15546) to work on /opt/airflow/dags/extract_open_meteo_dag.py
[2025-10-13T15:16:50.281+0000] {processor.py:830} INFO - Processing file /opt/airflow/dags/extract_open_meteo_dag.py for tasks to queue
[2025-10-13T15:16:50.284+0000] {logging_mixin.py:188} INFO - [2025-10-13T15:16:50.283+0000] {dagbag.py:540} INFO - Filling up the DagBag from /opt/airflow/dags/extract_open_meteo_dag.py
[2025-10-13T15:16:50.368+0000] {processor.py:840} INFO - DAG(s) 'extract_open_meteo_v2' retrieved from /opt/airflow/dags/extract_open_meteo_dag.py
[2025-10-13T15:16:50.621+0000] {logging_mixin.py:188} INFO - [2025-10-13T15:16:50.620+0000] {dag.py:3047} INFO - Sync 1 DAGs
[2025-10-13T15:16:51.000+0000] {logging_mixin.py:188} INFO - [2025-10-13T15:16:50.999+0000] {dag.py:3834} INFO - Setting next_dagrun for extract_open_meteo_v2 to 2025-10-12 22:00:00+00:00, run_after=2025-10-13 22:00:00+00:00
[2025-10-13T15:16:51.290+0000] {processor.py:183} INFO - Processing /opt/airflow/dags/extract_open_meteo_dag.py took 1.023 seconds
[2025-10-13T15:17:22.183+0000] {processor.py:161} INFO - Started process (PID=15561) to work on /opt/airflow/dags/extract_open_meteo_dag.py
[2025-10-13T15:17:22.201+0000] {processor.py:830} INFO - Processing file /opt/airflow/dags/extract_open_meteo_dag.py for tasks to queue
[2025-10-13T15:17:22.211+0000] {logging_mixin.py:188} INFO - [2025-10-13T15:17:22.209+0000] {dagbag.py:540} INFO - Filling up the DagBag from /opt/airflow/dags/extract_open_meteo_dag.py
[2025-10-13T15:17:22.424+0000] {processor.py:840} INFO - DAG(s) 'extract_open_meteo_v2' retrieved from /opt/airflow/dags/extract_open_meteo_dag.py
[2025-10-13T15:17:22.710+0000] {logging_mixin.py:188} INFO - [2025-10-13T15:17:22.709+0000] {dag.py:3047} INFO - Sync 1 DAGs
[2025-10-13T15:17:24.660+0000] {logging_mixin.py:188} INFO - [2025-10-13T15:17:24.659+0000] {dag.py:3834} INFO - Setting next_dagrun for extract_open_meteo_v2 to 2025-10-12 22:00:00+00:00, run_after=2025-10-13 22:00:00+00:00
[2025-10-13T15:17:24.848+0000] {processor.py:183} INFO - Processing /opt/airflow/dags/extract_open_meteo_dag.py took 2.726 seconds
[2025-10-13T15:17:56.237+0000] {processor.py:161} INFO - Started process (PID=15576) to work on /opt/airflow/dags/extract_open_meteo_dag.py
[2025-10-13T15:17:56.244+0000] {processor.py:830} INFO - Processing file /opt/airflow/dags/extract_open_meteo_dag.py for tasks to queue
[2025-10-13T15:17:56.247+0000] {logging_mixin.py:188} INFO - [2025-10-13T15:17:56.246+0000] {dagbag.py:540} INFO - Filling up the DagBag from /opt/airflow/dags/extract_open_meteo_dag.py
[2025-10-13T15:17:56.313+0000] {processor.py:840} INFO - DAG(s) 'extract_open_meteo_v2' retrieved from /opt/airflow/dags/extract_open_meteo_dag.py
[2025-10-13T15:17:56.501+0000] {logging_mixin.py:188} INFO - [2025-10-13T15:17:56.501+0000] {dag.py:3047} INFO - Sync 1 DAGs
[2025-10-13T15:17:56.747+0000] {logging_mixin.py:188} INFO - [2025-10-13T15:17:56.746+0000] {dag.py:3834} INFO - Setting next_dagrun for extract_open_meteo_v2 to 2025-10-12 22:00:00+00:00, run_after=2025-10-13 22:00:00+00:00
[2025-10-13T15:17:56.828+0000] {processor.py:183} INFO - Processing /opt/airflow/dags/extract_open_meteo_dag.py took 0.598 seconds
[2025-10-13T15:18:27.058+0000] {processor.py:161} INFO - Started process (PID=15591) to work on /opt/airflow/dags/extract_open_meteo_dag.py
[2025-10-13T15:18:27.062+0000] {processor.py:830} INFO - Processing file /opt/airflow/dags/extract_open_meteo_dag.py for tasks to queue
[2025-10-13T15:18:27.066+0000] {logging_mixin.py:188} INFO - [2025-10-13T15:18:27.064+0000] {dagbag.py:540} INFO - Filling up the DagBag from /opt/airflow/dags/extract_open_meteo_dag.py
[2025-10-13T15:18:27.118+0000] {processor.py:840} INFO - DAG(s) 'extract_open_meteo_v2' retrieved from /opt/airflow/dags/extract_open_meteo_dag.py
[2025-10-13T15:18:27.236+0000] {logging_mixin.py:188} INFO - [2025-10-13T15:18:27.236+0000] {dag.py:3047} INFO - Sync 1 DAGs
[2025-10-13T15:18:27.370+0000] {logging_mixin.py:188} INFO - [2025-10-13T15:18:27.370+0000] {dag.py:3834} INFO - Setting next_dagrun for extract_open_meteo_v2 to 2025-10-12 22:00:00+00:00, run_after=2025-10-13 22:00:00+00:00
[2025-10-13T15:18:27.509+0000] {processor.py:183} INFO - Processing /opt/airflow/dags/extract_open_meteo_dag.py took 0.468 seconds
[2025-10-13T15:18:57.832+0000] {processor.py:161} INFO - Started process (PID=15606) to work on /opt/airflow/dags/extract_open_meteo_dag.py
[2025-10-13T15:18:57.834+0000] {processor.py:830} INFO - Processing file /opt/airflow/dags/extract_open_meteo_dag.py for tasks to queue
[2025-10-13T15:18:57.837+0000] {logging_mixin.py:188} INFO - [2025-10-13T15:18:57.836+0000] {dagbag.py:540} INFO - Filling up the DagBag from /opt/airflow/dags/extract_open_meteo_dag.py
[2025-10-13T15:18:57.878+0000] {processor.py:840} INFO - DAG(s) 'extract_open_meteo_v2' retrieved from /opt/airflow/dags/extract_open_meteo_dag.py
[2025-10-13T15:18:57.957+0000] {logging_mixin.py:188} INFO - [2025-10-13T15:18:57.957+0000] {dag.py:3047} INFO - Sync 1 DAGs
[2025-10-13T15:18:58.062+0000] {logging_mixin.py:188} INFO - [2025-10-13T15:18:58.061+0000] {dag.py:3834} INFO - Setting next_dagrun for extract_open_meteo_v2 to 2025-10-12 22:00:00+00:00, run_after=2025-10-13 22:00:00+00:00
[2025-10-13T15:18:58.133+0000] {processor.py:183} INFO - Processing /opt/airflow/dags/extract_open_meteo_dag.py took 0.308 seconds
[2025-10-13T15:19:28.826+0000] {processor.py:161} INFO - Started process (PID=15621) to work on /opt/airflow/dags/extract_open_meteo_dag.py
[2025-10-13T15:19:28.829+0000] {processor.py:830} INFO - Processing file /opt/airflow/dags/extract_open_meteo_dag.py for tasks to queue
[2025-10-13T15:19:28.837+0000] {logging_mixin.py:188} INFO - [2025-10-13T15:19:28.834+0000] {dagbag.py:540} INFO - Filling up the DagBag from /opt/airflow/dags/extract_open_meteo_dag.py
[2025-10-13T15:19:28.926+0000] {processor.py:840} INFO - DAG(s) 'extract_open_meteo_v2' retrieved from /opt/airflow/dags/extract_open_meteo_dag.py
[2025-10-13T15:19:29.061+0000] {logging_mixin.py:188} INFO - [2025-10-13T15:19:29.061+0000] {dag.py:3047} INFO - Sync 1 DAGs
[2025-10-13T15:19:29.133+0000] {logging_mixin.py:188} INFO - [2025-10-13T15:19:29.133+0000] {dag.py:3834} INFO - Setting next_dagrun for extract_open_meteo_v2 to 2025-10-12 22:00:00+00:00, run_after=2025-10-13 22:00:00+00:00
[2025-10-13T15:19:29.221+0000] {processor.py:183} INFO - Processing /opt/airflow/dags/extract_open_meteo_dag.py took 0.413 seconds
[2025-10-13T15:19:59.795+0000] {processor.py:161} INFO - Started process (PID=15636) to work on /opt/airflow/dags/extract_open_meteo_dag.py
[2025-10-13T15:19:59.797+0000] {processor.py:830} INFO - Processing file /opt/airflow/dags/extract_open_meteo_dag.py for tasks to queue
[2025-10-13T15:19:59.800+0000] {logging_mixin.py:188} INFO - [2025-10-13T15:19:59.799+0000] {dagbag.py:540} INFO - Filling up the DagBag from /opt/airflow/dags/extract_open_meteo_dag.py
[2025-10-13T15:19:59.853+0000] {processor.py:840} INFO - DAG(s) 'extract_open_meteo_v2' retrieved from /opt/airflow/dags/extract_open_meteo_dag.py
[2025-10-13T15:19:59.971+0000] {logging_mixin.py:188} INFO - [2025-10-13T15:19:59.970+0000] {dag.py:3047} INFO - Sync 1 DAGs
[2025-10-13T15:20:00.040+0000] {logging_mixin.py:188} INFO - [2025-10-13T15:20:00.040+0000] {dag.py:3834} INFO - Setting next_dagrun for extract_open_meteo_v2 to 2025-10-12 22:00:00+00:00, run_after=2025-10-13 22:00:00+00:00
[2025-10-13T15:20:00.119+0000] {processor.py:183} INFO - Processing /opt/airflow/dags/extract_open_meteo_dag.py took 0.331 seconds
[2025-10-13T15:20:30.814+0000] {processor.py:161} INFO - Started process (PID=15651) to work on /opt/airflow/dags/extract_open_meteo_dag.py
[2025-10-13T15:20:30.817+0000] {processor.py:830} INFO - Processing file /opt/airflow/dags/extract_open_meteo_dag.py for tasks to queue
[2025-10-13T15:20:30.819+0000] {logging_mixin.py:188} INFO - [2025-10-13T15:20:30.818+0000] {dagbag.py:540} INFO - Filling up the DagBag from /opt/airflow/dags/extract_open_meteo_dag.py
[2025-10-13T15:20:30.862+0000] {processor.py:840} INFO - DAG(s) 'extract_open_meteo_v2' retrieved from /opt/airflow/dags/extract_open_meteo_dag.py
[2025-10-13T15:20:30.952+0000] {logging_mixin.py:188} INFO - [2025-10-13T15:20:30.952+0000] {dag.py:3047} INFO - Sync 1 DAGs
[2025-10-13T15:20:31.111+0000] {logging_mixin.py:188} INFO - [2025-10-13T15:20:31.110+0000] {dag.py:3834} INFO - Setting next_dagrun for extract_open_meteo_v2 to 2025-10-12 22:00:00+00:00, run_after=2025-10-13 22:00:00+00:00
[2025-10-13T15:20:31.160+0000] {processor.py:183} INFO - Processing /opt/airflow/dags/extract_open_meteo_dag.py took 0.353 seconds
[2025-10-13T15:21:01.744+0000] {processor.py:161} INFO - Started process (PID=15666) to work on /opt/airflow/dags/extract_open_meteo_dag.py
[2025-10-13T15:21:01.747+0000] {processor.py:830} INFO - Processing file /opt/airflow/dags/extract_open_meteo_dag.py for tasks to queue
[2025-10-13T15:21:01.750+0000] {logging_mixin.py:188} INFO - [2025-10-13T15:21:01.749+0000] {dagbag.py:540} INFO - Filling up the DagBag from /opt/airflow/dags/extract_open_meteo_dag.py
[2025-10-13T15:21:01.805+0000] {processor.py:840} INFO - DAG(s) 'extract_open_meteo_v2' retrieved from /opt/airflow/dags/extract_open_meteo_dag.py
[2025-10-13T15:21:01.928+0000] {logging_mixin.py:188} INFO - [2025-10-13T15:21:01.928+0000] {dag.py:3047} INFO - Sync 1 DAGs
[2025-10-13T15:21:01.994+0000] {logging_mixin.py:188} INFO - [2025-10-13T15:21:01.993+0000] {dag.py:3834} INFO - Setting next_dagrun for extract_open_meteo_v2 to 2025-10-12 22:00:00+00:00, run_after=2025-10-13 22:00:00+00:00
[2025-10-13T15:21:02.080+0000] {processor.py:183} INFO - Processing /opt/airflow/dags/extract_open_meteo_dag.py took 0.347 seconds
[2025-10-13T15:21:32.603+0000] {processor.py:161} INFO - Started process (PID=15683) to work on /opt/airflow/dags/extract_open_meteo_dag.py
[2025-10-13T15:21:32.605+0000] {processor.py:830} INFO - Processing file /opt/airflow/dags/extract_open_meteo_dag.py for tasks to queue
[2025-10-13T15:21:32.608+0000] {logging_mixin.py:188} INFO - [2025-10-13T15:21:32.607+0000] {dagbag.py:540} INFO - Filling up the DagBag from /opt/airflow/dags/extract_open_meteo_dag.py
[2025-10-13T15:21:32.648+0000] {processor.py:840} INFO - DAG(s) 'extract_open_meteo_v2' retrieved from /opt/airflow/dags/extract_open_meteo_dag.py
[2025-10-13T15:21:32.736+0000] {logging_mixin.py:188} INFO - [2025-10-13T15:21:32.736+0000] {dag.py:3047} INFO - Sync 1 DAGs
[2025-10-13T15:21:32.803+0000] {logging_mixin.py:188} INFO - [2025-10-13T15:21:32.803+0000] {dag.py:3834} INFO - Setting next_dagrun for extract_open_meteo_v2 to 2025-10-12 22:00:00+00:00, run_after=2025-10-13 22:00:00+00:00
[2025-10-13T15:21:32.878+0000] {processor.py:183} INFO - Processing /opt/airflow/dags/extract_open_meteo_dag.py took 0.280 seconds
[2025-10-13T15:22:03.466+0000] {processor.py:161} INFO - Started process (PID=15696) to work on /opt/airflow/dags/extract_open_meteo_dag.py
[2025-10-13T15:22:03.469+0000] {processor.py:830} INFO - Processing file /opt/airflow/dags/extract_open_meteo_dag.py for tasks to queue
[2025-10-13T15:22:03.471+0000] {logging_mixin.py:188} INFO - [2025-10-13T15:22:03.470+0000] {dagbag.py:540} INFO - Filling up the DagBag from /opt/airflow/dags/extract_open_meteo_dag.py
[2025-10-13T15:22:03.525+0000] {processor.py:840} INFO - DAG(s) 'extract_open_meteo_v2' retrieved from /opt/airflow/dags/extract_open_meteo_dag.py
[2025-10-13T15:22:03.627+0000] {logging_mixin.py:188} INFO - [2025-10-13T15:22:03.626+0000] {dag.py:3047} INFO - Sync 1 DAGs
[2025-10-13T15:22:03.786+0000] {logging_mixin.py:188} INFO - [2025-10-13T15:22:03.785+0000] {dag.py:3834} INFO - Setting next_dagrun for extract_open_meteo_v2 to 2025-10-12 22:00:00+00:00, run_after=2025-10-13 22:00:00+00:00
[2025-10-13T15:22:03.925+0000] {processor.py:183} INFO - Processing /opt/airflow/dags/extract_open_meteo_dag.py took 0.464 seconds
[2025-10-13T15:22:34.644+0000] {processor.py:161} INFO - Started process (PID=15711) to work on /opt/airflow/dags/extract_open_meteo_dag.py
[2025-10-13T15:22:34.646+0000] {processor.py:830} INFO - Processing file /opt/airflow/dags/extract_open_meteo_dag.py for tasks to queue
[2025-10-13T15:22:34.648+0000] {logging_mixin.py:188} INFO - [2025-10-13T15:22:34.647+0000] {dagbag.py:540} INFO - Filling up the DagBag from /opt/airflow/dags/extract_open_meteo_dag.py
[2025-10-13T15:22:34.690+0000] {processor.py:840} INFO - DAG(s) 'extract_open_meteo_v2' retrieved from /opt/airflow/dags/extract_open_meteo_dag.py
[2025-10-13T15:22:34.866+0000] {logging_mixin.py:188} INFO - [2025-10-13T15:22:34.865+0000] {dag.py:3047} INFO - Sync 1 DAGs
[2025-10-13T15:22:35.073+0000] {logging_mixin.py:188} INFO - [2025-10-13T15:22:35.073+0000] {dag.py:3834} INFO - Setting next_dagrun for extract_open_meteo_v2 to 2025-10-12 22:00:00+00:00, run_after=2025-10-13 22:00:00+00:00
[2025-10-13T15:22:35.228+0000] {processor.py:183} INFO - Processing /opt/airflow/dags/extract_open_meteo_dag.py took 0.600 seconds
[2025-10-13T18:22:40.671+0000] {processor.py:161} INFO - Started process (PID=15728) to work on /opt/airflow/dags/extract_open_meteo_dag.py
[2025-10-13T18:22:40.678+0000] {processor.py:830} INFO - Processing file /opt/airflow/dags/extract_open_meteo_dag.py for tasks to queue
[2025-10-13T18:22:40.681+0000] {logging_mixin.py:188} INFO - [2025-10-13T18:22:40.680+0000] {dagbag.py:540} INFO - Filling up the DagBag from /opt/airflow/dags/extract_open_meteo_dag.py
[2025-10-13T18:22:40.859+0000] {processor.py:840} INFO - DAG(s) 'extract_open_meteo_v2' retrieved from /opt/airflow/dags/extract_open_meteo_dag.py
[2025-10-13T18:22:41.400+0000] {logging_mixin.py:188} INFO - [2025-10-13T18:22:41.399+0000] {dag.py:3047} INFO - Sync 1 DAGs
[2025-10-13T18:22:41.556+0000] {logging_mixin.py:188} INFO - [2025-10-13T18:22:41.555+0000] {dag.py:3834} INFO - Setting next_dagrun for extract_open_meteo_v2 to 2025-10-12 22:00:00+00:00, run_after=2025-10-13 22:00:00+00:00
[2025-10-13T18:22:41.814+0000] {processor.py:183} INFO - Processing /opt/airflow/dags/extract_open_meteo_dag.py took 1.248 seconds
[2025-10-13T18:23:12.604+0000] {processor.py:161} INFO - Started process (PID=15741) to work on /opt/airflow/dags/extract_open_meteo_dag.py
[2025-10-13T18:23:12.613+0000] {processor.py:830} INFO - Processing file /opt/airflow/dags/extract_open_meteo_dag.py for tasks to queue
[2025-10-13T18:23:12.625+0000] {logging_mixin.py:188} INFO - [2025-10-13T18:23:12.618+0000] {dagbag.py:540} INFO - Filling up the DagBag from /opt/airflow/dags/extract_open_meteo_dag.py
[2025-10-13T18:23:12.804+0000] {processor.py:840} INFO - DAG(s) 'extract_open_meteo_v2' retrieved from /opt/airflow/dags/extract_open_meteo_dag.py
[2025-10-13T18:23:13.188+0000] {logging_mixin.py:188} INFO - [2025-10-13T18:23:13.188+0000] {dag.py:3047} INFO - Sync 1 DAGs
[2025-10-13T18:23:13.372+0000] {logging_mixin.py:188} INFO - [2025-10-13T18:23:13.371+0000] {dag.py:3834} INFO - Setting next_dagrun for extract_open_meteo_v2 to 2025-10-12 22:00:00+00:00, run_after=2025-10-13 22:00:00+00:00
[2025-10-13T18:23:13.481+0000] {processor.py:183} INFO - Processing /opt/airflow/dags/extract_open_meteo_dag.py took 0.939 seconds
[2025-10-13T18:23:44.196+0000] {processor.py:161} INFO - Started process (PID=15758) to work on /opt/airflow/dags/extract_open_meteo_dag.py
[2025-10-13T18:23:44.199+0000] {processor.py:830} INFO - Processing file /opt/airflow/dags/extract_open_meteo_dag.py for tasks to queue
[2025-10-13T18:23:44.206+0000] {logging_mixin.py:188} INFO - [2025-10-13T18:23:44.204+0000] {dagbag.py:540} INFO - Filling up the DagBag from /opt/airflow/dags/extract_open_meteo_dag.py
[2025-10-13T18:23:44.247+0000] {processor.py:840} INFO - DAG(s) 'extract_open_meteo_v2' retrieved from /opt/airflow/dags/extract_open_meteo_dag.py
[2025-10-13T18:23:44.416+0000] {logging_mixin.py:188} INFO - [2025-10-13T18:23:44.416+0000] {dag.py:3047} INFO - Sync 1 DAGs
[2025-10-13T18:23:44.543+0000] {logging_mixin.py:188} INFO - [2025-10-13T18:23:44.543+0000] {dag.py:3834} INFO - Setting next_dagrun for extract_open_meteo_v2 to 2025-10-12 22:00:00+00:00, run_after=2025-10-13 22:00:00+00:00
[2025-10-13T18:23:44.699+0000] {processor.py:183} INFO - Processing /opt/airflow/dags/extract_open_meteo_dag.py took 0.555 seconds
[2025-10-13T18:24:18.817+0000] {processor.py:161} INFO - Started process (PID=15773) to work on /opt/airflow/dags/extract_open_meteo_dag.py
[2025-10-13T18:24:18.875+0000] {processor.py:830} INFO - Processing file /opt/airflow/dags/extract_open_meteo_dag.py for tasks to queue
[2025-10-13T18:24:18.878+0000] {logging_mixin.py:188} INFO - [2025-10-13T18:24:18.877+0000] {dagbag.py:540} INFO - Filling up the DagBag from /opt/airflow/dags/extract_open_meteo_dag.py
[2025-10-13T18:24:18.983+0000] {processor.py:840} INFO - DAG(s) 'extract_open_meteo_v2' retrieved from /opt/airflow/dags/extract_open_meteo_dag.py
[2025-10-13T18:24:19.335+0000] {logging_mixin.py:188} INFO - [2025-10-13T18:24:19.335+0000] {dag.py:3047} INFO - Sync 1 DAGs
[2025-10-13T18:24:19.488+0000] {logging_mixin.py:188} INFO - [2025-10-13T18:24:19.488+0000] {dag.py:3834} INFO - Setting next_dagrun for extract_open_meteo_v2 to 2025-10-12 22:00:00+00:00, run_after=2025-10-13 22:00:00+00:00
[2025-10-13T18:24:19.648+0000] {processor.py:183} INFO - Processing /opt/airflow/dags/extract_open_meteo_dag.py took 0.837 seconds
[2025-10-13T18:24:50.404+0000] {processor.py:161} INFO - Started process (PID=15788) to work on /opt/airflow/dags/extract_open_meteo_dag.py
[2025-10-13T18:24:50.411+0000] {processor.py:830} INFO - Processing file /opt/airflow/dags/extract_open_meteo_dag.py for tasks to queue
[2025-10-13T18:24:50.416+0000] {logging_mixin.py:188} INFO - [2025-10-13T18:24:50.414+0000] {dagbag.py:540} INFO - Filling up the DagBag from /opt/airflow/dags/extract_open_meteo_dag.py
[2025-10-13T18:24:50.517+0000] {processor.py:840} INFO - DAG(s) 'extract_open_meteo_v2' retrieved from /opt/airflow/dags/extract_open_meteo_dag.py
[2025-10-13T18:24:50.656+0000] {logging_mixin.py:188} INFO - [2025-10-13T18:24:50.656+0000] {dag.py:3047} INFO - Sync 1 DAGs
[2025-10-13T18:24:50.747+0000] {logging_mixin.py:188} INFO - [2025-10-13T18:24:50.747+0000] {dag.py:3834} INFO - Setting next_dagrun for extract_open_meteo_v2 to 2025-10-12 22:00:00+00:00, run_after=2025-10-13 22:00:00+00:00
[2025-10-13T18:24:50.853+0000] {processor.py:183} INFO - Processing /opt/airflow/dags/extract_open_meteo_dag.py took 0.477 seconds
[2025-10-13T18:25:21.588+0000] {processor.py:161} INFO - Started process (PID=15803) to work on /opt/airflow/dags/extract_open_meteo_dag.py
[2025-10-13T18:25:21.591+0000] {processor.py:830} INFO - Processing file /opt/airflow/dags/extract_open_meteo_dag.py for tasks to queue
[2025-10-13T18:25:21.594+0000] {logging_mixin.py:188} INFO - [2025-10-13T18:25:21.593+0000] {dagbag.py:540} INFO - Filling up the DagBag from /opt/airflow/dags/extract_open_meteo_dag.py
[2025-10-13T18:25:21.652+0000] {processor.py:840} INFO - DAG(s) 'extract_open_meteo_v2' retrieved from /opt/airflow/dags/extract_open_meteo_dag.py
[2025-10-13T18:25:21.772+0000] {logging_mixin.py:188} INFO - [2025-10-13T18:25:21.772+0000] {dag.py:3047} INFO - Sync 1 DAGs
[2025-10-13T18:25:21.842+0000] {logging_mixin.py:188} INFO - [2025-10-13T18:25:21.841+0000] {dag.py:3834} INFO - Setting next_dagrun for extract_open_meteo_v2 to 2025-10-12 22:00:00+00:00, run_after=2025-10-13 22:00:00+00:00
[2025-10-13T18:25:21.926+0000] {processor.py:183} INFO - Processing /opt/airflow/dags/extract_open_meteo_dag.py took 0.346 seconds
[2025-10-13T18:25:52.559+0000] {processor.py:161} INFO - Started process (PID=15818) to work on /opt/airflow/dags/extract_open_meteo_dag.py
[2025-10-13T18:25:52.563+0000] {processor.py:830} INFO - Processing file /opt/airflow/dags/extract_open_meteo_dag.py for tasks to queue
[2025-10-13T18:25:52.566+0000] {logging_mixin.py:188} INFO - [2025-10-13T18:25:52.565+0000] {dagbag.py:540} INFO - Filling up the DagBag from /opt/airflow/dags/extract_open_meteo_dag.py
[2025-10-13T18:25:52.610+0000] {processor.py:840} INFO - DAG(s) 'extract_open_meteo_v2' retrieved from /opt/airflow/dags/extract_open_meteo_dag.py
[2025-10-13T18:25:52.707+0000] {logging_mixin.py:188} INFO - [2025-10-13T18:25:52.706+0000] {dag.py:3047} INFO - Sync 1 DAGs
[2025-10-13T18:25:52.768+0000] {logging_mixin.py:188} INFO - [2025-10-13T18:25:52.767+0000] {dag.py:3834} INFO - Setting next_dagrun for extract_open_meteo_v2 to 2025-10-12 22:00:00+00:00, run_after=2025-10-13 22:00:00+00:00
[2025-10-13T18:25:52.839+0000] {processor.py:183} INFO - Processing /opt/airflow/dags/extract_open_meteo_dag.py took 0.288 seconds
[2025-10-13T18:26:23.438+0000] {processor.py:161} INFO - Started process (PID=15833) to work on /opt/airflow/dags/extract_open_meteo_dag.py
[2025-10-13T18:26:23.443+0000] {processor.py:830} INFO - Processing file /opt/airflow/dags/extract_open_meteo_dag.py for tasks to queue
[2025-10-13T18:26:23.446+0000] {logging_mixin.py:188} INFO - [2025-10-13T18:26:23.445+0000] {dagbag.py:540} INFO - Filling up the DagBag from /opt/airflow/dags/extract_open_meteo_dag.py
[2025-10-13T18:26:23.499+0000] {processor.py:840} INFO - DAG(s) 'extract_open_meteo_v2' retrieved from /opt/airflow/dags/extract_open_meteo_dag.py
[2025-10-13T18:26:23.613+0000] {logging_mixin.py:188} INFO - [2025-10-13T18:26:23.612+0000] {dag.py:3047} INFO - Sync 1 DAGs
[2025-10-13T18:26:23.894+0000] {logging_mixin.py:188} INFO - [2025-10-13T18:26:23.893+0000] {dag.py:3834} INFO - Setting next_dagrun for extract_open_meteo_v2 to 2025-10-12 22:00:00+00:00, run_after=2025-10-13 22:00:00+00:00
[2025-10-13T18:26:24.062+0000] {processor.py:183} INFO - Processing /opt/airflow/dags/extract_open_meteo_dag.py took 0.638 seconds
[2025-10-13T18:26:55.206+0000] {processor.py:161} INFO - Started process (PID=15848) to work on /opt/airflow/dags/extract_open_meteo_dag.py
[2025-10-13T18:26:55.208+0000] {processor.py:830} INFO - Processing file /opt/airflow/dags/extract_open_meteo_dag.py for tasks to queue
[2025-10-13T18:26:55.210+0000] {logging_mixin.py:188} INFO - [2025-10-13T18:26:55.209+0000] {dagbag.py:540} INFO - Filling up the DagBag from /opt/airflow/dags/extract_open_meteo_dag.py
[2025-10-13T18:26:55.267+0000] {processor.py:840} INFO - DAG(s) 'extract_open_meteo_v2' retrieved from /opt/airflow/dags/extract_open_meteo_dag.py
[2025-10-13T18:26:55.381+0000] {logging_mixin.py:188} INFO - [2025-10-13T18:26:55.381+0000] {dag.py:3047} INFO - Sync 1 DAGs
[2025-10-13T18:26:55.438+0000] {logging_mixin.py:188} INFO - [2025-10-13T18:26:55.437+0000] {dag.py:3834} INFO - Setting next_dagrun for extract_open_meteo_v2 to 2025-10-12 22:00:00+00:00, run_after=2025-10-13 22:00:00+00:00
[2025-10-13T18:26:55.552+0000] {processor.py:183} INFO - Processing /opt/airflow/dags/extract_open_meteo_dag.py took 0.353 seconds
[2025-10-13T18:27:26.852+0000] {processor.py:161} INFO - Started process (PID=15863) to work on /opt/airflow/dags/extract_open_meteo_dag.py
[2025-10-13T18:27:26.854+0000] {processor.py:830} INFO - Processing file /opt/airflow/dags/extract_open_meteo_dag.py for tasks to queue
[2025-10-13T18:27:26.856+0000] {logging_mixin.py:188} INFO - [2025-10-13T18:27:26.856+0000] {dagbag.py:540} INFO - Filling up the DagBag from /opt/airflow/dags/extract_open_meteo_dag.py
[2025-10-13T18:27:27.407+0000] {processor.py:840} INFO - DAG(s) 'extract_open_meteo_v2' retrieved from /opt/airflow/dags/extract_open_meteo_dag.py
[2025-10-13T18:27:27.509+0000] {logging_mixin.py:188} INFO - [2025-10-13T18:27:27.508+0000] {dag.py:3047} INFO - Sync 1 DAGs
[2025-10-13T18:27:27.568+0000] {logging_mixin.py:188} INFO - [2025-10-13T18:27:27.568+0000] {dag.py:3834} INFO - Setting next_dagrun for extract_open_meteo_v2 to 2025-10-12 22:00:00+00:00, run_after=2025-10-13 22:00:00+00:00
[2025-10-13T18:27:27.768+0000] {processor.py:183} INFO - Processing /opt/airflow/dags/extract_open_meteo_dag.py took 0.921 seconds
[2025-10-13T18:27:58.631+0000] {processor.py:161} INFO - Started process (PID=15878) to work on /opt/airflow/dags/extract_open_meteo_dag.py
[2025-10-13T18:27:58.645+0000] {processor.py:830} INFO - Processing file /opt/airflow/dags/extract_open_meteo_dag.py for tasks to queue
[2025-10-13T18:27:58.648+0000] {logging_mixin.py:188} INFO - [2025-10-13T18:27:58.647+0000] {dagbag.py:540} INFO - Filling up the DagBag from /opt/airflow/dags/extract_open_meteo_dag.py
[2025-10-13T18:27:58.820+0000] {processor.py:840} INFO - DAG(s) 'extract_open_meteo_v2' retrieved from /opt/airflow/dags/extract_open_meteo_dag.py
[2025-10-13T18:27:59.145+0000] {logging_mixin.py:188} INFO - [2025-10-13T18:27:59.144+0000] {dag.py:3047} INFO - Sync 1 DAGs
[2025-10-13T18:27:59.357+0000] {logging_mixin.py:188} INFO - [2025-10-13T18:27:59.356+0000] {dag.py:3834} INFO - Setting next_dagrun for extract_open_meteo_v2 to 2025-10-12 22:00:00+00:00, run_after=2025-10-13 22:00:00+00:00
[2025-10-13T18:27:59.549+0000] {processor.py:183} INFO - Processing /opt/airflow/dags/extract_open_meteo_dag.py took 0.925 seconds
[2025-10-13T18:28:30.170+0000] {processor.py:161} INFO - Started process (PID=15893) to work on /opt/airflow/dags/extract_open_meteo_dag.py
[2025-10-13T18:28:30.173+0000] {processor.py:830} INFO - Processing file /opt/airflow/dags/extract_open_meteo_dag.py for tasks to queue
[2025-10-13T18:28:30.177+0000] {logging_mixin.py:188} INFO - [2025-10-13T18:28:30.176+0000] {dagbag.py:540} INFO - Filling up the DagBag from /opt/airflow/dags/extract_open_meteo_dag.py
[2025-10-13T18:28:30.471+0000] {processor.py:840} INFO - DAG(s) 'extract_open_meteo_v2' retrieved from /opt/airflow/dags/extract_open_meteo_dag.py
[2025-10-13T18:28:30.848+0000] {logging_mixin.py:188} INFO - [2025-10-13T18:28:30.847+0000] {dag.py:3047} INFO - Sync 1 DAGs
[2025-10-13T18:28:30.981+0000] {logging_mixin.py:188} INFO - [2025-10-13T18:28:30.980+0000] {dag.py:3834} INFO - Setting next_dagrun for extract_open_meteo_v2 to 2025-10-12 22:00:00+00:00, run_after=2025-10-13 22:00:00+00:00
[2025-10-13T18:28:31.137+0000] {processor.py:183} INFO - Processing /opt/airflow/dags/extract_open_meteo_dag.py took 0.980 seconds
[2025-10-13T18:29:01.793+0000] {processor.py:161} INFO - Started process (PID=15908) to work on /opt/airflow/dags/extract_open_meteo_dag.py
[2025-10-13T18:29:01.794+0000] {processor.py:830} INFO - Processing file /opt/airflow/dags/extract_open_meteo_dag.py for tasks to queue
[2025-10-13T18:29:01.797+0000] {logging_mixin.py:188} INFO - [2025-10-13T18:29:01.796+0000] {dagbag.py:540} INFO - Filling up the DagBag from /opt/airflow/dags/extract_open_meteo_dag.py
[2025-10-13T18:29:01.840+0000] {processor.py:840} INFO - DAG(s) 'extract_open_meteo_v2' retrieved from /opt/airflow/dags/extract_open_meteo_dag.py
[2025-10-13T18:29:01.927+0000] {logging_mixin.py:188} INFO - [2025-10-13T18:29:01.926+0000] {dag.py:3047} INFO - Sync 1 DAGs
[2025-10-13T18:29:02.039+0000] {logging_mixin.py:188} INFO - [2025-10-13T18:29:02.039+0000] {dag.py:3834} INFO - Setting next_dagrun for extract_open_meteo_v2 to 2025-10-12 22:00:00+00:00, run_after=2025-10-13 22:00:00+00:00
[2025-10-13T18:29:02.147+0000] {processor.py:183} INFO - Processing /opt/airflow/dags/extract_open_meteo_dag.py took 0.360 seconds
[2025-10-13T18:29:32.715+0000] {processor.py:161} INFO - Started process (PID=15923) to work on /opt/airflow/dags/extract_open_meteo_dag.py
[2025-10-13T18:29:32.717+0000] {processor.py:830} INFO - Processing file /opt/airflow/dags/extract_open_meteo_dag.py for tasks to queue
[2025-10-13T18:29:32.719+0000] {logging_mixin.py:188} INFO - [2025-10-13T18:29:32.718+0000] {dagbag.py:540} INFO - Filling up the DagBag from /opt/airflow/dags/extract_open_meteo_dag.py
[2025-10-13T18:29:32.761+0000] {processor.py:840} INFO - DAG(s) 'extract_open_meteo_v2' retrieved from /opt/airflow/dags/extract_open_meteo_dag.py
[2025-10-13T18:29:32.878+0000] {logging_mixin.py:188} INFO - [2025-10-13T18:29:32.877+0000] {dag.py:3047} INFO - Sync 1 DAGs
[2025-10-13T18:29:32.976+0000] {logging_mixin.py:188} INFO - [2025-10-13T18:29:32.976+0000] {dag.py:3834} INFO - Setting next_dagrun for extract_open_meteo_v2 to 2025-10-12 22:00:00+00:00, run_after=2025-10-13 22:00:00+00:00
[2025-10-13T18:29:33.051+0000] {processor.py:183} INFO - Processing /opt/airflow/dags/extract_open_meteo_dag.py took 0.340 seconds
[2025-10-13T18:30:03.630+0000] {processor.py:161} INFO - Started process (PID=15938) to work on /opt/airflow/dags/extract_open_meteo_dag.py
[2025-10-13T18:30:03.636+0000] {processor.py:830} INFO - Processing file /opt/airflow/dags/extract_open_meteo_dag.py for tasks to queue
[2025-10-13T18:30:03.639+0000] {logging_mixin.py:188} INFO - [2025-10-13T18:30:03.638+0000] {dagbag.py:540} INFO - Filling up the DagBag from /opt/airflow/dags/extract_open_meteo_dag.py
[2025-10-13T18:30:03.689+0000] {processor.py:840} INFO - DAG(s) 'extract_open_meteo_v2' retrieved from /opt/airflow/dags/extract_open_meteo_dag.py
[2025-10-13T18:30:03.781+0000] {logging_mixin.py:188} INFO - [2025-10-13T18:30:03.780+0000] {dag.py:3047} INFO - Sync 1 DAGs
[2025-10-13T18:30:03.852+0000] {logging_mixin.py:188} INFO - [2025-10-13T18:30:03.851+0000] {dag.py:3834} INFO - Setting next_dagrun for extract_open_meteo_v2 to 2025-10-12 22:00:00+00:00, run_after=2025-10-13 22:00:00+00:00
[2025-10-13T18:30:03.922+0000] {processor.py:183} INFO - Processing /opt/airflow/dags/extract_open_meteo_dag.py took 0.302 seconds
[2025-10-13T18:30:34.373+0000] {processor.py:161} INFO - Started process (PID=15953) to work on /opt/airflow/dags/extract_open_meteo_dag.py
[2025-10-13T18:30:34.375+0000] {processor.py:830} INFO - Processing file /opt/airflow/dags/extract_open_meteo_dag.py for tasks to queue
[2025-10-13T18:30:34.377+0000] {logging_mixin.py:188} INFO - [2025-10-13T18:30:34.376+0000] {dagbag.py:540} INFO - Filling up the DagBag from /opt/airflow/dags/extract_open_meteo_dag.py
[2025-10-13T18:30:34.422+0000] {processor.py:840} INFO - DAG(s) 'extract_open_meteo_v2' retrieved from /opt/airflow/dags/extract_open_meteo_dag.py
[2025-10-13T18:30:34.505+0000] {logging_mixin.py:188} INFO - [2025-10-13T18:30:34.505+0000] {dag.py:3047} INFO - Sync 1 DAGs
[2025-10-13T18:30:34.569+0000] {logging_mixin.py:188} INFO - [2025-10-13T18:30:34.569+0000] {dag.py:3834} INFO - Setting next_dagrun for extract_open_meteo_v2 to 2025-10-12 22:00:00+00:00, run_after=2025-10-13 22:00:00+00:00
[2025-10-13T18:30:34.642+0000] {processor.py:183} INFO - Processing /opt/airflow/dags/extract_open_meteo_dag.py took 0.274 seconds
[2025-10-13T18:31:05.115+0000] {processor.py:161} INFO - Started process (PID=15968) to work on /opt/airflow/dags/extract_open_meteo_dag.py
[2025-10-13T18:31:05.117+0000] {processor.py:830} INFO - Processing file /opt/airflow/dags/extract_open_meteo_dag.py for tasks to queue
[2025-10-13T18:31:05.119+0000] {logging_mixin.py:188} INFO - [2025-10-13T18:31:05.118+0000] {dagbag.py:540} INFO - Filling up the DagBag from /opt/airflow/dags/extract_open_meteo_dag.py
[2025-10-13T18:31:05.162+0000] {processor.py:840} INFO - DAG(s) 'extract_open_meteo_v2' retrieved from /opt/airflow/dags/extract_open_meteo_dag.py
[2025-10-13T18:31:05.252+0000] {logging_mixin.py:188} INFO - [2025-10-13T18:31:05.251+0000] {dag.py:3047} INFO - Sync 1 DAGs
[2025-10-13T18:31:05.318+0000] {logging_mixin.py:188} INFO - [2025-10-13T18:31:05.317+0000] {dag.py:3834} INFO - Setting next_dagrun for extract_open_meteo_v2 to 2025-10-12 22:00:00+00:00, run_after=2025-10-13 22:00:00+00:00
[2025-10-13T18:31:05.390+0000] {processor.py:183} INFO - Processing /opt/airflow/dags/extract_open_meteo_dag.py took 0.280 seconds
[2025-10-13T18:31:36.110+0000] {processor.py:161} INFO - Started process (PID=15983) to work on /opt/airflow/dags/extract_open_meteo_dag.py
[2025-10-13T18:31:36.113+0000] {processor.py:830} INFO - Processing file /opt/airflow/dags/extract_open_meteo_dag.py for tasks to queue
[2025-10-13T18:31:36.115+0000] {logging_mixin.py:188} INFO - [2025-10-13T18:31:36.115+0000] {dagbag.py:540} INFO - Filling up the DagBag from /opt/airflow/dags/extract_open_meteo_dag.py
[2025-10-13T18:31:36.158+0000] {processor.py:840} INFO - DAG(s) 'extract_open_meteo_v2' retrieved from /opt/airflow/dags/extract_open_meteo_dag.py
[2025-10-13T18:31:36.237+0000] {logging_mixin.py:188} INFO - [2025-10-13T18:31:36.236+0000] {dag.py:3047} INFO - Sync 1 DAGs
[2025-10-13T18:31:36.298+0000] {logging_mixin.py:188} INFO - [2025-10-13T18:31:36.297+0000] {dag.py:3834} INFO - Setting next_dagrun for extract_open_meteo_v2 to 2025-10-12 22:00:00+00:00, run_after=2025-10-13 22:00:00+00:00
[2025-10-13T18:31:36.400+0000] {processor.py:183} INFO - Processing /opt/airflow/dags/extract_open_meteo_dag.py took 0.299 seconds
[2025-10-13T18:32:06.926+0000] {processor.py:161} INFO - Started process (PID=15998) to work on /opt/airflow/dags/extract_open_meteo_dag.py
[2025-10-13T18:32:06.929+0000] {processor.py:830} INFO - Processing file /opt/airflow/dags/extract_open_meteo_dag.py for tasks to queue
[2025-10-13T18:32:06.932+0000] {logging_mixin.py:188} INFO - [2025-10-13T18:32:06.931+0000] {dagbag.py:540} INFO - Filling up the DagBag from /opt/airflow/dags/extract_open_meteo_dag.py
[2025-10-13T18:32:06.987+0000] {processor.py:840} INFO - DAG(s) 'extract_open_meteo_v2' retrieved from /opt/airflow/dags/extract_open_meteo_dag.py
[2025-10-13T18:32:07.099+0000] {logging_mixin.py:188} INFO - [2025-10-13T18:32:07.098+0000] {dag.py:3047} INFO - Sync 1 DAGs
[2025-10-13T18:32:07.209+0000] {logging_mixin.py:188} INFO - [2025-10-13T18:32:07.209+0000] {dag.py:3834} INFO - Setting next_dagrun for extract_open_meteo_v2 to 2025-10-12 22:00:00+00:00, run_after=2025-10-13 22:00:00+00:00
[2025-10-13T18:32:07.383+0000] {processor.py:183} INFO - Processing /opt/airflow/dags/extract_open_meteo_dag.py took 0.466 seconds
[2025-10-13T18:32:38.079+0000] {processor.py:161} INFO - Started process (PID=16013) to work on /opt/airflow/dags/extract_open_meteo_dag.py
[2025-10-13T18:32:38.081+0000] {processor.py:830} INFO - Processing file /opt/airflow/dags/extract_open_meteo_dag.py for tasks to queue
[2025-10-13T18:32:38.083+0000] {logging_mixin.py:188} INFO - [2025-10-13T18:32:38.082+0000] {dagbag.py:540} INFO - Filling up the DagBag from /opt/airflow/dags/extract_open_meteo_dag.py
[2025-10-13T18:32:38.124+0000] {processor.py:840} INFO - DAG(s) 'extract_open_meteo_v2' retrieved from /opt/airflow/dags/extract_open_meteo_dag.py
[2025-10-13T18:32:38.220+0000] {logging_mixin.py:188} INFO - [2025-10-13T18:32:38.220+0000] {dag.py:3047} INFO - Sync 1 DAGs
[2025-10-13T18:32:38.289+0000] {logging_mixin.py:188} INFO - [2025-10-13T18:32:38.289+0000] {dag.py:3834} INFO - Setting next_dagrun for extract_open_meteo_v2 to 2025-10-12 22:00:00+00:00, run_after=2025-10-13 22:00:00+00:00
[2025-10-13T18:32:38.358+0000] {processor.py:183} INFO - Processing /opt/airflow/dags/extract_open_meteo_dag.py took 0.302 seconds
[2025-10-13T18:33:09.051+0000] {processor.py:161} INFO - Started process (PID=16028) to work on /opt/airflow/dags/extract_open_meteo_dag.py
[2025-10-13T18:33:09.053+0000] {processor.py:830} INFO - Processing file /opt/airflow/dags/extract_open_meteo_dag.py for tasks to queue
[2025-10-13T18:33:09.055+0000] {logging_mixin.py:188} INFO - [2025-10-13T18:33:09.055+0000] {dagbag.py:540} INFO - Filling up the DagBag from /opt/airflow/dags/extract_open_meteo_dag.py
[2025-10-13T18:33:09.104+0000] {processor.py:840} INFO - DAG(s) 'extract_open_meteo_v2' retrieved from /opt/airflow/dags/extract_open_meteo_dag.py
[2025-10-13T18:33:09.220+0000] {logging_mixin.py:188} INFO - [2025-10-13T18:33:09.220+0000] {dag.py:3047} INFO - Sync 1 DAGs
[2025-10-13T18:33:09.284+0000] {logging_mixin.py:188} INFO - [2025-10-13T18:33:09.284+0000] {dag.py:3834} INFO - Setting next_dagrun for extract_open_meteo_v2 to 2025-10-12 22:00:00+00:00, run_after=2025-10-13 22:00:00+00:00
[2025-10-13T18:33:09.422+0000] {processor.py:183} INFO - Processing /opt/airflow/dags/extract_open_meteo_dag.py took 0.375 seconds
[2025-10-13T18:33:40.093+0000] {processor.py:161} INFO - Started process (PID=16043) to work on /opt/airflow/dags/extract_open_meteo_dag.py
[2025-10-13T18:33:40.095+0000] {processor.py:830} INFO - Processing file /opt/airflow/dags/extract_open_meteo_dag.py for tasks to queue
[2025-10-13T18:33:40.097+0000] {logging_mixin.py:188} INFO - [2025-10-13T18:33:40.096+0000] {dagbag.py:540} INFO - Filling up the DagBag from /opt/airflow/dags/extract_open_meteo_dag.py
[2025-10-13T18:33:40.153+0000] {processor.py:840} INFO - DAG(s) 'extract_open_meteo_v2' retrieved from /opt/airflow/dags/extract_open_meteo_dag.py
[2025-10-13T18:33:40.240+0000] {logging_mixin.py:188} INFO - [2025-10-13T18:33:40.239+0000] {dag.py:3047} INFO - Sync 1 DAGs
[2025-10-13T18:33:40.484+0000] {logging_mixin.py:188} INFO - [2025-10-13T18:33:40.483+0000] {dag.py:3834} INFO - Setting next_dagrun for extract_open_meteo_v2 to 2025-10-12 22:00:00+00:00, run_after=2025-10-13 22:00:00+00:00
[2025-10-13T18:33:40.727+0000] {processor.py:183} INFO - Processing /opt/airflow/dags/extract_open_meteo_dag.py took 0.639 seconds
[2025-10-13T19:22:43.484+0000] {processor.py:161} INFO - Started process (PID=16058) to work on /opt/airflow/dags/extract_open_meteo_dag.py
[2025-10-13T19:22:43.498+0000] {processor.py:830} INFO - Processing file /opt/airflow/dags/extract_open_meteo_dag.py for tasks to queue
[2025-10-13T19:22:43.533+0000] {logging_mixin.py:188} INFO - [2025-10-13T19:22:43.519+0000] {dagbag.py:540} INFO - Filling up the DagBag from /opt/airflow/dags/extract_open_meteo_dag.py
[2025-10-13T19:22:44.948+0000] {processor.py:840} INFO - DAG(s) 'extract_open_meteo_v2' retrieved from /opt/airflow/dags/extract_open_meteo_dag.py
[2025-10-13T19:22:45.796+0000] {logging_mixin.py:188} INFO - [2025-10-13T19:22:45.795+0000] {dag.py:3047} INFO - Sync 1 DAGs
[2025-10-13T19:22:46.821+0000] {logging_mixin.py:188} INFO - [2025-10-13T19:22:46.820+0000] {dag.py:3834} INFO - Setting next_dagrun for extract_open_meteo_v2 to 2025-10-12 22:00:00+00:00, run_after=2025-10-13 22:00:00+00:00
[2025-10-13T19:22:47.381+0000] {processor.py:183} INFO - Processing /opt/airflow/dags/extract_open_meteo_dag.py took 3.966 seconds
[2025-10-13T19:23:18.313+0000] {processor.py:161} INFO - Started process (PID=16075) to work on /opt/airflow/dags/extract_open_meteo_dag.py
[2025-10-13T19:23:18.315+0000] {processor.py:830} INFO - Processing file /opt/airflow/dags/extract_open_meteo_dag.py for tasks to queue
[2025-10-13T19:23:18.317+0000] {logging_mixin.py:188} INFO - [2025-10-13T19:23:18.317+0000] {dagbag.py:540} INFO - Filling up the DagBag from /opt/airflow/dags/extract_open_meteo_dag.py
[2025-10-13T19:23:18.353+0000] {processor.py:840} INFO - DAG(s) 'extract_open_meteo_v2' retrieved from /opt/airflow/dags/extract_open_meteo_dag.py
[2025-10-13T19:23:18.417+0000] {logging_mixin.py:188} INFO - [2025-10-13T19:23:18.416+0000] {dag.py:3047} INFO - Sync 1 DAGs
[2025-10-13T19:23:18.468+0000] {logging_mixin.py:188} INFO - [2025-10-13T19:23:18.467+0000] {dag.py:3834} INFO - Setting next_dagrun for extract_open_meteo_v2 to 2025-10-12 22:00:00+00:00, run_after=2025-10-13 22:00:00+00:00
[2025-10-13T19:23:18.532+0000] {processor.py:183} INFO - Processing /opt/airflow/dags/extract_open_meteo_dag.py took 0.224 seconds
[2025-10-13T19:23:49.135+0000] {processor.py:161} INFO - Started process (PID=16090) to work on /opt/airflow/dags/extract_open_meteo_dag.py
[2025-10-13T19:23:49.138+0000] {processor.py:830} INFO - Processing file /opt/airflow/dags/extract_open_meteo_dag.py for tasks to queue
[2025-10-13T19:23:49.140+0000] {logging_mixin.py:188} INFO - [2025-10-13T19:23:49.139+0000] {dagbag.py:540} INFO - Filling up the DagBag from /opt/airflow/dags/extract_open_meteo_dag.py
[2025-10-13T19:23:49.175+0000] {processor.py:840} INFO - DAG(s) 'extract_open_meteo_v2' retrieved from /opt/airflow/dags/extract_open_meteo_dag.py
[2025-10-13T19:23:49.262+0000] {logging_mixin.py:188} INFO - [2025-10-13T19:23:49.262+0000] {dag.py:3047} INFO - Sync 1 DAGs
[2025-10-13T19:23:49.344+0000] {logging_mixin.py:188} INFO - [2025-10-13T19:23:49.343+0000] {dag.py:3834} INFO - Setting next_dagrun for extract_open_meteo_v2 to 2025-10-12 22:00:00+00:00, run_after=2025-10-13 22:00:00+00:00
[2025-10-13T19:23:49.524+0000] {processor.py:183} INFO - Processing /opt/airflow/dags/extract_open_meteo_dag.py took 0.394 seconds
[2025-10-13T19:24:20.301+0000] {processor.py:161} INFO - Started process (PID=16105) to work on /opt/airflow/dags/extract_open_meteo_dag.py
[2025-10-13T19:24:20.304+0000] {processor.py:830} INFO - Processing file /opt/airflow/dags/extract_open_meteo_dag.py for tasks to queue
[2025-10-13T19:24:20.309+0000] {logging_mixin.py:188} INFO - [2025-10-13T19:24:20.307+0000] {dagbag.py:540} INFO - Filling up the DagBag from /opt/airflow/dags/extract_open_meteo_dag.py
[2025-10-13T19:24:20.366+0000] {processor.py:840} INFO - DAG(s) 'extract_open_meteo_v2' retrieved from /opt/airflow/dags/extract_open_meteo_dag.py
[2025-10-13T19:24:20.491+0000] {logging_mixin.py:188} INFO - [2025-10-13T19:24:20.490+0000] {dag.py:3047} INFO - Sync 1 DAGs
[2025-10-13T19:24:20.613+0000] {logging_mixin.py:188} INFO - [2025-10-13T19:24:20.612+0000] {dag.py:3834} INFO - Setting next_dagrun for extract_open_meteo_v2 to 2025-10-12 22:00:00+00:00, run_after=2025-10-13 22:00:00+00:00
[2025-10-13T19:24:20.711+0000] {processor.py:183} INFO - Processing /opt/airflow/dags/extract_open_meteo_dag.py took 0.417 seconds
[2025-10-13T19:24:51.344+0000] {processor.py:161} INFO - Started process (PID=16120) to work on /opt/airflow/dags/extract_open_meteo_dag.py
[2025-10-13T19:24:51.346+0000] {processor.py:830} INFO - Processing file /opt/airflow/dags/extract_open_meteo_dag.py for tasks to queue
[2025-10-13T19:24:51.348+0000] {logging_mixin.py:188} INFO - [2025-10-13T19:24:51.348+0000] {dagbag.py:540} INFO - Filling up the DagBag from /opt/airflow/dags/extract_open_meteo_dag.py
[2025-10-13T19:24:51.396+0000] {processor.py:840} INFO - DAG(s) 'extract_open_meteo_v2' retrieved from /opt/airflow/dags/extract_open_meteo_dag.py
[2025-10-13T19:24:51.486+0000] {logging_mixin.py:188} INFO - [2025-10-13T19:24:51.486+0000] {dag.py:3047} INFO - Sync 1 DAGs
[2025-10-13T19:24:51.551+0000] {logging_mixin.py:188} INFO - [2025-10-13T19:24:51.551+0000] {dag.py:3834} INFO - Setting next_dagrun for extract_open_meteo_v2 to 2025-10-12 22:00:00+00:00, run_after=2025-10-13 22:00:00+00:00
[2025-10-13T19:24:51.635+0000] {processor.py:183} INFO - Processing /opt/airflow/dags/extract_open_meteo_dag.py took 0.299 seconds
[2025-10-13T19:25:22.233+0000] {processor.py:161} INFO - Started process (PID=16135) to work on /opt/airflow/dags/extract_open_meteo_dag.py
[2025-10-13T19:25:22.235+0000] {processor.py:830} INFO - Processing file /opt/airflow/dags/extract_open_meteo_dag.py for tasks to queue
[2025-10-13T19:25:22.237+0000] {logging_mixin.py:188} INFO - [2025-10-13T19:25:22.236+0000] {dagbag.py:540} INFO - Filling up the DagBag from /opt/airflow/dags/extract_open_meteo_dag.py
[2025-10-13T19:25:22.272+0000] {processor.py:840} INFO - DAG(s) 'extract_open_meteo_v2' retrieved from /opt/airflow/dags/extract_open_meteo_dag.py
[2025-10-13T19:25:22.353+0000] {logging_mixin.py:188} INFO - [2025-10-13T19:25:22.352+0000] {dag.py:3047} INFO - Sync 1 DAGs
[2025-10-13T19:25:22.458+0000] {logging_mixin.py:188} INFO - [2025-10-13T19:25:22.458+0000] {dag.py:3834} INFO - Setting next_dagrun for extract_open_meteo_v2 to 2025-10-12 22:00:00+00:00, run_after=2025-10-13 22:00:00+00:00
[2025-10-13T19:25:22.547+0000] {processor.py:183} INFO - Processing /opt/airflow/dags/extract_open_meteo_dag.py took 0.319 seconds
[2025-10-13T19:25:53.152+0000] {processor.py:161} INFO - Started process (PID=16150) to work on /opt/airflow/dags/extract_open_meteo_dag.py
[2025-10-13T19:25:53.155+0000] {processor.py:830} INFO - Processing file /opt/airflow/dags/extract_open_meteo_dag.py for tasks to queue
[2025-10-13T19:25:53.159+0000] {logging_mixin.py:188} INFO - [2025-10-13T19:25:53.158+0000] {dagbag.py:540} INFO - Filling up the DagBag from /opt/airflow/dags/extract_open_meteo_dag.py
[2025-10-13T19:25:53.219+0000] {processor.py:840} INFO - DAG(s) 'extract_open_meteo_v2' retrieved from /opt/airflow/dags/extract_open_meteo_dag.py
[2025-10-13T19:25:53.316+0000] {logging_mixin.py:188} INFO - [2025-10-13T19:25:53.315+0000] {dag.py:3047} INFO - Sync 1 DAGs
[2025-10-13T19:25:53.404+0000] {logging_mixin.py:188} INFO - [2025-10-13T19:25:53.403+0000] {dag.py:3834} INFO - Setting next_dagrun for extract_open_meteo_v2 to 2025-10-12 22:00:00+00:00, run_after=2025-10-13 22:00:00+00:00
[2025-10-13T19:25:53.563+0000] {processor.py:183} INFO - Processing /opt/airflow/dags/extract_open_meteo_dag.py took 0.419 seconds
[2025-10-13T19:26:24.528+0000] {processor.py:161} INFO - Started process (PID=16165) to work on /opt/airflow/dags/extract_open_meteo_dag.py
[2025-10-13T19:26:24.542+0000] {processor.py:830} INFO - Processing file /opt/airflow/dags/extract_open_meteo_dag.py for tasks to queue
[2025-10-13T19:26:24.559+0000] {logging_mixin.py:188} INFO - [2025-10-13T19:26:24.558+0000] {dagbag.py:540} INFO - Filling up the DagBag from /opt/airflow/dags/extract_open_meteo_dag.py
[2025-10-13T19:26:24.708+0000] {processor.py:840} INFO - DAG(s) 'extract_open_meteo_v2' retrieved from /opt/airflow/dags/extract_open_meteo_dag.py
[2025-10-13T19:26:24.830+0000] {logging_mixin.py:188} INFO - [2025-10-13T19:26:24.829+0000] {dag.py:3047} INFO - Sync 1 DAGs
[2025-10-13T19:26:24.932+0000] {logging_mixin.py:188} INFO - [2025-10-13T19:26:24.932+0000] {dag.py:3834} INFO - Setting next_dagrun for extract_open_meteo_v2 to 2025-10-12 22:00:00+00:00, run_after=2025-10-13 22:00:00+00:00
[2025-10-13T19:26:25.017+0000] {processor.py:183} INFO - Processing /opt/airflow/dags/extract_open_meteo_dag.py took 0.509 seconds
[2025-10-13T19:26:55.645+0000] {processor.py:161} INFO - Started process (PID=16180) to work on /opt/airflow/dags/extract_open_meteo_dag.py
[2025-10-13T19:26:55.649+0000] {processor.py:830} INFO - Processing file /opt/airflow/dags/extract_open_meteo_dag.py for tasks to queue
[2025-10-13T19:26:55.655+0000] {logging_mixin.py:188} INFO - [2025-10-13T19:26:55.654+0000] {dagbag.py:540} INFO - Filling up the DagBag from /opt/airflow/dags/extract_open_meteo_dag.py
[2025-10-13T19:26:55.709+0000] {processor.py:840} INFO - DAG(s) 'extract_open_meteo_v2' retrieved from /opt/airflow/dags/extract_open_meteo_dag.py
[2025-10-13T19:26:55.805+0000] {logging_mixin.py:188} INFO - [2025-10-13T19:26:55.805+0000] {dag.py:3047} INFO - Sync 1 DAGs
[2025-10-13T19:26:55.863+0000] {logging_mixin.py:188} INFO - [2025-10-13T19:26:55.863+0000] {dag.py:3834} INFO - Setting next_dagrun for extract_open_meteo_v2 to 2025-10-12 22:00:00+00:00, run_after=2025-10-13 22:00:00+00:00
[2025-10-13T19:26:55.942+0000] {processor.py:183} INFO - Processing /opt/airflow/dags/extract_open_meteo_dag.py took 0.305 seconds
[2025-10-13T19:27:26.573+0000] {processor.py:161} INFO - Started process (PID=16195) to work on /opt/airflow/dags/extract_open_meteo_dag.py
[2025-10-13T19:27:26.576+0000] {processor.py:830} INFO - Processing file /opt/airflow/dags/extract_open_meteo_dag.py for tasks to queue
[2025-10-13T19:27:26.579+0000] {logging_mixin.py:188} INFO - [2025-10-13T19:27:26.578+0000] {dagbag.py:540} INFO - Filling up the DagBag from /opt/airflow/dags/extract_open_meteo_dag.py
[2025-10-13T19:27:26.637+0000] {processor.py:840} INFO - DAG(s) 'extract_open_meteo_v2' retrieved from /opt/airflow/dags/extract_open_meteo_dag.py
[2025-10-13T19:27:26.758+0000] {logging_mixin.py:188} INFO - [2025-10-13T19:27:26.757+0000] {dag.py:3047} INFO - Sync 1 DAGs
[2025-10-13T19:27:26.835+0000] {logging_mixin.py:188} INFO - [2025-10-13T19:27:26.834+0000] {dag.py:3834} INFO - Setting next_dagrun for extract_open_meteo_v2 to 2025-10-12 22:00:00+00:00, run_after=2025-10-13 22:00:00+00:00
[2025-10-13T19:27:26.944+0000] {processor.py:183} INFO - Processing /opt/airflow/dags/extract_open_meteo_dag.py took 0.379 seconds
[2025-10-13T19:27:57.508+0000] {processor.py:161} INFO - Started process (PID=16210) to work on /opt/airflow/dags/extract_open_meteo_dag.py
[2025-10-13T19:27:57.510+0000] {processor.py:830} INFO - Processing file /opt/airflow/dags/extract_open_meteo_dag.py for tasks to queue
[2025-10-13T19:27:57.512+0000] {logging_mixin.py:188} INFO - [2025-10-13T19:27:57.511+0000] {dagbag.py:540} INFO - Filling up the DagBag from /opt/airflow/dags/extract_open_meteo_dag.py
[2025-10-13T19:27:57.559+0000] {processor.py:840} INFO - DAG(s) 'extract_open_meteo_v2' retrieved from /opt/airflow/dags/extract_open_meteo_dag.py
[2025-10-13T19:27:57.647+0000] {logging_mixin.py:188} INFO - [2025-10-13T19:27:57.646+0000] {dag.py:3047} INFO - Sync 1 DAGs
[2025-10-13T19:27:57.704+0000] {logging_mixin.py:188} INFO - [2025-10-13T19:27:57.704+0000] {dag.py:3834} INFO - Setting next_dagrun for extract_open_meteo_v2 to 2025-10-12 22:00:00+00:00, run_after=2025-10-13 22:00:00+00:00
[2025-10-13T19:27:57.787+0000] {processor.py:183} INFO - Processing /opt/airflow/dags/extract_open_meteo_dag.py took 0.285 seconds
[2025-10-13T19:28:28.458+0000] {processor.py:161} INFO - Started process (PID=16225) to work on /opt/airflow/dags/extract_open_meteo_dag.py
[2025-10-13T19:28:28.461+0000] {processor.py:830} INFO - Processing file /opt/airflow/dags/extract_open_meteo_dag.py for tasks to queue
[2025-10-13T19:28:28.465+0000] {logging_mixin.py:188} INFO - [2025-10-13T19:28:28.463+0000] {dagbag.py:540} INFO - Filling up the DagBag from /opt/airflow/dags/extract_open_meteo_dag.py
[2025-10-13T19:28:28.517+0000] {processor.py:840} INFO - DAG(s) 'extract_open_meteo_v2' retrieved from /opt/airflow/dags/extract_open_meteo_dag.py
[2025-10-13T19:28:28.804+0000] {logging_mixin.py:188} INFO - [2025-10-13T19:28:28.803+0000] {dag.py:3047} INFO - Sync 1 DAGs
[2025-10-13T19:28:28.959+0000] {logging_mixin.py:188} INFO - [2025-10-13T19:28:28.956+0000] {dag.py:3834} INFO - Setting next_dagrun for extract_open_meteo_v2 to 2025-10-12 22:00:00+00:00, run_after=2025-10-13 22:00:00+00:00
[2025-10-13T19:28:29.065+0000] {processor.py:183} INFO - Processing /opt/airflow/dags/extract_open_meteo_dag.py took 0.615 seconds
[2025-10-13T19:28:59.649+0000] {processor.py:161} INFO - Started process (PID=16240) to work on /opt/airflow/dags/extract_open_meteo_dag.py
[2025-10-13T19:28:59.652+0000] {processor.py:830} INFO - Processing file /opt/airflow/dags/extract_open_meteo_dag.py for tasks to queue
[2025-10-13T19:28:59.655+0000] {logging_mixin.py:188} INFO - [2025-10-13T19:28:59.654+0000] {dagbag.py:540} INFO - Filling up the DagBag from /opt/airflow/dags/extract_open_meteo_dag.py
[2025-10-13T19:28:59.715+0000] {processor.py:840} INFO - DAG(s) 'extract_open_meteo_v2' retrieved from /opt/airflow/dags/extract_open_meteo_dag.py
[2025-10-13T19:28:59.829+0000] {logging_mixin.py:188} INFO - [2025-10-13T19:28:59.829+0000] {dag.py:3047} INFO - Sync 1 DAGs
[2025-10-13T19:28:59.893+0000] {logging_mixin.py:188} INFO - [2025-10-13T19:28:59.892+0000] {dag.py:3834} INFO - Setting next_dagrun for extract_open_meteo_v2 to 2025-10-12 22:00:00+00:00, run_after=2025-10-13 22:00:00+00:00
[2025-10-13T19:28:59.989+0000] {processor.py:183} INFO - Processing /opt/airflow/dags/extract_open_meteo_dag.py took 0.347 seconds
[2025-10-13T19:29:30.652+0000] {processor.py:161} INFO - Started process (PID=16255) to work on /opt/airflow/dags/extract_open_meteo_dag.py
[2025-10-13T19:29:30.661+0000] {processor.py:830} INFO - Processing file /opt/airflow/dags/extract_open_meteo_dag.py for tasks to queue
[2025-10-13T19:29:30.670+0000] {logging_mixin.py:188} INFO - [2025-10-13T19:29:30.667+0000] {dagbag.py:540} INFO - Filling up the DagBag from /opt/airflow/dags/extract_open_meteo_dag.py
[2025-10-13T19:29:30.802+0000] {processor.py:840} INFO - DAG(s) 'extract_open_meteo_v2' retrieved from /opt/airflow/dags/extract_open_meteo_dag.py
[2025-10-13T19:29:31.029+0000] {logging_mixin.py:188} INFO - [2025-10-13T19:29:31.028+0000] {dag.py:3047} INFO - Sync 1 DAGs
[2025-10-13T19:29:31.159+0000] {logging_mixin.py:188} INFO - [2025-10-13T19:29:31.158+0000] {dag.py:3834} INFO - Setting next_dagrun for extract_open_meteo_v2 to 2025-10-12 22:00:00+00:00, run_after=2025-10-13 22:00:00+00:00
[2025-10-13T19:29:31.261+0000] {processor.py:183} INFO - Processing /opt/airflow/dags/extract_open_meteo_dag.py took 0.652 seconds
[2025-10-13T19:30:01.901+0000] {processor.py:161} INFO - Started process (PID=16270) to work on /opt/airflow/dags/extract_open_meteo_dag.py
[2025-10-13T19:30:01.905+0000] {processor.py:830} INFO - Processing file /opt/airflow/dags/extract_open_meteo_dag.py for tasks to queue
[2025-10-13T19:30:01.908+0000] {logging_mixin.py:188} INFO - [2025-10-13T19:30:01.907+0000] {dagbag.py:540} INFO - Filling up the DagBag from /opt/airflow/dags/extract_open_meteo_dag.py
[2025-10-13T19:30:01.967+0000] {processor.py:840} INFO - DAG(s) 'extract_open_meteo_v2' retrieved from /opt/airflow/dags/extract_open_meteo_dag.py
[2025-10-13T19:30:02.073+0000] {logging_mixin.py:188} INFO - [2025-10-13T19:30:02.072+0000] {dag.py:3047} INFO - Sync 1 DAGs
[2025-10-13T19:30:02.147+0000] {logging_mixin.py:188} INFO - [2025-10-13T19:30:02.147+0000] {dag.py:3834} INFO - Setting next_dagrun for extract_open_meteo_v2 to 2025-10-12 22:00:00+00:00, run_after=2025-10-13 22:00:00+00:00
[2025-10-13T19:30:02.217+0000] {processor.py:183} INFO - Processing /opt/airflow/dags/extract_open_meteo_dag.py took 0.329 seconds
[2025-10-13T19:30:32.822+0000] {processor.py:161} INFO - Started process (PID=16285) to work on /opt/airflow/dags/extract_open_meteo_dag.py
[2025-10-13T19:30:32.824+0000] {processor.py:830} INFO - Processing file /opt/airflow/dags/extract_open_meteo_dag.py for tasks to queue
[2025-10-13T19:30:32.827+0000] {logging_mixin.py:188} INFO - [2025-10-13T19:30:32.826+0000] {dagbag.py:540} INFO - Filling up the DagBag from /opt/airflow/dags/extract_open_meteo_dag.py
[2025-10-13T19:30:32.876+0000] {processor.py:840} INFO - DAG(s) 'extract_open_meteo_v2' retrieved from /opt/airflow/dags/extract_open_meteo_dag.py
[2025-10-13T19:30:32.980+0000] {logging_mixin.py:188} INFO - [2025-10-13T19:30:32.979+0000] {dag.py:3047} INFO - Sync 1 DAGs
[2025-10-13T19:30:33.058+0000] {logging_mixin.py:188} INFO - [2025-10-13T19:30:33.058+0000] {dag.py:3834} INFO - Setting next_dagrun for extract_open_meteo_v2 to 2025-10-12 22:00:00+00:00, run_after=2025-10-13 22:00:00+00:00
[2025-10-13T19:30:33.133+0000] {processor.py:183} INFO - Processing /opt/airflow/dags/extract_open_meteo_dag.py took 0.316 seconds
[2025-10-13T19:31:03.907+0000] {processor.py:161} INFO - Started process (PID=16300) to work on /opt/airflow/dags/extract_open_meteo_dag.py
[2025-10-13T19:31:03.910+0000] {processor.py:830} INFO - Processing file /opt/airflow/dags/extract_open_meteo_dag.py for tasks to queue
[2025-10-13T19:31:03.913+0000] {logging_mixin.py:188} INFO - [2025-10-13T19:31:03.912+0000] {dagbag.py:540} INFO - Filling up the DagBag from /opt/airflow/dags/extract_open_meteo_dag.py
[2025-10-13T19:31:03.961+0000] {processor.py:840} INFO - DAG(s) 'extract_open_meteo_v2' retrieved from /opt/airflow/dags/extract_open_meteo_dag.py
[2025-10-13T19:31:04.122+0000] {logging_mixin.py:188} INFO - [2025-10-13T19:31:04.121+0000] {dag.py:3047} INFO - Sync 1 DAGs
[2025-10-13T19:31:04.347+0000] {logging_mixin.py:188} INFO - [2025-10-13T19:31:04.339+0000] {dag.py:3834} INFO - Setting next_dagrun for extract_open_meteo_v2 to 2025-10-12 22:00:00+00:00, run_after=2025-10-13 22:00:00+00:00
[2025-10-13T19:31:04.639+0000] {processor.py:183} INFO - Processing /opt/airflow/dags/extract_open_meteo_dag.py took 0.741 seconds
[2025-10-13T19:31:35.335+0000] {processor.py:161} INFO - Started process (PID=16315) to work on /opt/airflow/dags/extract_open_meteo_dag.py
[2025-10-13T19:31:35.343+0000] {processor.py:830} INFO - Processing file /opt/airflow/dags/extract_open_meteo_dag.py for tasks to queue
[2025-10-13T19:31:35.346+0000] {logging_mixin.py:188} INFO - [2025-10-13T19:31:35.345+0000] {dagbag.py:540} INFO - Filling up the DagBag from /opt/airflow/dags/extract_open_meteo_dag.py
[2025-10-13T19:31:35.418+0000] {processor.py:840} INFO - DAG(s) 'extract_open_meteo_v2' retrieved from /opt/airflow/dags/extract_open_meteo_dag.py
[2025-10-13T19:31:35.561+0000] {logging_mixin.py:188} INFO - [2025-10-13T19:31:35.560+0000] {dag.py:3047} INFO - Sync 1 DAGs
[2025-10-13T19:31:35.672+0000] {logging_mixin.py:188} INFO - [2025-10-13T19:31:35.672+0000] {dag.py:3834} INFO - Setting next_dagrun for extract_open_meteo_v2 to 2025-10-12 22:00:00+00:00, run_after=2025-10-13 22:00:00+00:00
[2025-10-13T19:31:35.771+0000] {processor.py:183} INFO - Processing /opt/airflow/dags/extract_open_meteo_dag.py took 0.469 seconds
[2025-10-13T19:32:06.757+0000] {processor.py:161} INFO - Started process (PID=16330) to work on /opt/airflow/dags/extract_open_meteo_dag.py
[2025-10-13T19:32:06.761+0000] {processor.py:830} INFO - Processing file /opt/airflow/dags/extract_open_meteo_dag.py for tasks to queue
[2025-10-13T19:32:06.764+0000] {logging_mixin.py:188} INFO - [2025-10-13T19:32:06.763+0000] {dagbag.py:540} INFO - Filling up the DagBag from /opt/airflow/dags/extract_open_meteo_dag.py
[2025-10-13T19:32:06.832+0000] {processor.py:840} INFO - DAG(s) 'extract_open_meteo_v2' retrieved from /opt/airflow/dags/extract_open_meteo_dag.py
[2025-10-13T19:32:06.959+0000] {logging_mixin.py:188} INFO - [2025-10-13T19:32:06.958+0000] {dag.py:3047} INFO - Sync 1 DAGs
[2025-10-13T19:32:07.065+0000] {logging_mixin.py:188} INFO - [2025-10-13T19:32:07.064+0000] {dag.py:3834} INFO - Setting next_dagrun for extract_open_meteo_v2 to 2025-10-12 22:00:00+00:00, run_after=2025-10-13 22:00:00+00:00
[2025-10-13T19:32:07.168+0000] {processor.py:183} INFO - Processing /opt/airflow/dags/extract_open_meteo_dag.py took 0.420 seconds
[2025-10-13T19:32:37.768+0000] {processor.py:161} INFO - Started process (PID=16345) to work on /opt/airflow/dags/extract_open_meteo_dag.py
[2025-10-13T19:32:37.772+0000] {processor.py:830} INFO - Processing file /opt/airflow/dags/extract_open_meteo_dag.py for tasks to queue
[2025-10-13T19:32:37.779+0000] {logging_mixin.py:188} INFO - [2025-10-13T19:32:37.775+0000] {dagbag.py:540} INFO - Filling up the DagBag from /opt/airflow/dags/extract_open_meteo_dag.py
[2025-10-13T19:32:37.849+0000] {processor.py:840} INFO - DAG(s) 'extract_open_meteo_v2' retrieved from /opt/airflow/dags/extract_open_meteo_dag.py
[2025-10-13T19:32:37.966+0000] {logging_mixin.py:188} INFO - [2025-10-13T19:32:37.965+0000] {dag.py:3047} INFO - Sync 1 DAGs
[2025-10-13T19:32:38.060+0000] {logging_mixin.py:188} INFO - [2025-10-13T19:32:38.060+0000] {dag.py:3834} INFO - Setting next_dagrun for extract_open_meteo_v2 to 2025-10-12 22:00:00+00:00, run_after=2025-10-13 22:00:00+00:00
[2025-10-13T19:32:38.232+0000] {processor.py:183} INFO - Processing /opt/airflow/dags/extract_open_meteo_dag.py took 0.482 seconds
[2025-10-13T19:33:08.968+0000] {processor.py:161} INFO - Started process (PID=16360) to work on /opt/airflow/dags/extract_open_meteo_dag.py
[2025-10-13T19:33:08.985+0000] {processor.py:830} INFO - Processing file /opt/airflow/dags/extract_open_meteo_dag.py for tasks to queue
[2025-10-13T19:33:08.993+0000] {logging_mixin.py:188} INFO - [2025-10-13T19:33:08.992+0000] {dagbag.py:540} INFO - Filling up the DagBag from /opt/airflow/dags/extract_open_meteo_dag.py
[2025-10-13T19:33:09.123+0000] {processor.py:840} INFO - DAG(s) 'extract_open_meteo_v2' retrieved from /opt/airflow/dags/extract_open_meteo_dag.py
[2025-10-13T19:33:09.306+0000] {logging_mixin.py:188} INFO - [2025-10-13T19:33:09.301+0000] {dag.py:3047} INFO - Sync 1 DAGs
[2025-10-13T19:33:09.432+0000] {logging_mixin.py:188} INFO - [2025-10-13T19:33:09.431+0000] {dag.py:3834} INFO - Setting next_dagrun for extract_open_meteo_v2 to 2025-10-12 22:00:00+00:00, run_after=2025-10-13 22:00:00+00:00
[2025-10-13T19:33:09.547+0000] {processor.py:183} INFO - Processing /opt/airflow/dags/extract_open_meteo_dag.py took 0.596 seconds
[2025-10-13T19:33:40.119+0000] {processor.py:161} INFO - Started process (PID=16375) to work on /opt/airflow/dags/extract_open_meteo_dag.py
[2025-10-13T19:33:40.122+0000] {processor.py:830} INFO - Processing file /opt/airflow/dags/extract_open_meteo_dag.py for tasks to queue
[2025-10-13T19:33:40.124+0000] {logging_mixin.py:188} INFO - [2025-10-13T19:33:40.123+0000] {dagbag.py:540} INFO - Filling up the DagBag from /opt/airflow/dags/extract_open_meteo_dag.py
[2025-10-13T19:33:40.166+0000] {processor.py:840} INFO - DAG(s) 'extract_open_meteo_v2' retrieved from /opt/airflow/dags/extract_open_meteo_dag.py
[2025-10-13T19:33:40.265+0000] {logging_mixin.py:188} INFO - [2025-10-13T19:33:40.265+0000] {dag.py:3047} INFO - Sync 1 DAGs
[2025-10-13T19:33:40.335+0000] {logging_mixin.py:188} INFO - [2025-10-13T19:33:40.335+0000] {dag.py:3834} INFO - Setting next_dagrun for extract_open_meteo_v2 to 2025-10-12 22:00:00+00:00, run_after=2025-10-13 22:00:00+00:00
[2025-10-13T19:33:40.418+0000] {processor.py:183} INFO - Processing /opt/airflow/dags/extract_open_meteo_dag.py took 0.318 seconds
[2025-10-13T19:34:10.540+0000] {processor.py:161} INFO - Started process (PID=16387) to work on /opt/airflow/dags/extract_open_meteo_dag.py
[2025-10-13T19:34:10.543+0000] {processor.py:830} INFO - Processing file /opt/airflow/dags/extract_open_meteo_dag.py for tasks to queue
[2025-10-13T19:34:10.546+0000] {logging_mixin.py:188} INFO - [2025-10-13T19:34:10.545+0000] {dagbag.py:540} INFO - Filling up the DagBag from /opt/airflow/dags/extract_open_meteo_dag.py
[2025-10-13T19:34:10.595+0000] {processor.py:840} INFO - DAG(s) 'extract_open_meteo_v2' retrieved from /opt/airflow/dags/extract_open_meteo_dag.py
[2025-10-13T19:34:10.701+0000] {logging_mixin.py:188} INFO - [2025-10-13T19:34:10.701+0000] {dag.py:3047} INFO - Sync 1 DAGs
[2025-10-13T19:34:10.778+0000] {logging_mixin.py:188} INFO - [2025-10-13T19:34:10.777+0000] {dag.py:3834} INFO - Setting next_dagrun for extract_open_meteo_v2 to 2025-10-12 22:00:00+00:00, run_after=2025-10-13 22:00:00+00:00
[2025-10-13T19:34:10.853+0000] {processor.py:183} INFO - Processing /opt/airflow/dags/extract_open_meteo_dag.py took 0.319 seconds
[2025-10-13T19:34:41.775+0000] {processor.py:161} INFO - Started process (PID=16405) to work on /opt/airflow/dags/extract_open_meteo_dag.py
[2025-10-13T19:34:41.777+0000] {processor.py:830} INFO - Processing file /opt/airflow/dags/extract_open_meteo_dag.py for tasks to queue
[2025-10-13T19:34:41.780+0000] {logging_mixin.py:188} INFO - [2025-10-13T19:34:41.779+0000] {dagbag.py:540} INFO - Filling up the DagBag from /opt/airflow/dags/extract_open_meteo_dag.py
[2025-10-13T19:34:41.822+0000] {processor.py:840} INFO - DAG(s) 'extract_open_meteo_v2' retrieved from /opt/airflow/dags/extract_open_meteo_dag.py
[2025-10-13T19:34:41.925+0000] {logging_mixin.py:188} INFO - [2025-10-13T19:34:41.925+0000] {dag.py:3047} INFO - Sync 1 DAGs
[2025-10-13T19:34:41.995+0000] {logging_mixin.py:188} INFO - [2025-10-13T19:34:41.995+0000] {dag.py:3834} INFO - Setting next_dagrun for extract_open_meteo_v2 to 2025-10-12 22:00:00+00:00, run_after=2025-10-13 22:00:00+00:00
[2025-10-13T19:34:42.063+0000] {processor.py:183} INFO - Processing /opt/airflow/dags/extract_open_meteo_dag.py took 0.292 seconds
[2025-10-13T19:35:12.724+0000] {processor.py:161} INFO - Started process (PID=16420) to work on /opt/airflow/dags/extract_open_meteo_dag.py
[2025-10-13T19:35:12.726+0000] {processor.py:830} INFO - Processing file /opt/airflow/dags/extract_open_meteo_dag.py for tasks to queue
[2025-10-13T19:35:12.728+0000] {logging_mixin.py:188} INFO - [2025-10-13T19:35:12.727+0000] {dagbag.py:540} INFO - Filling up the DagBag from /opt/airflow/dags/extract_open_meteo_dag.py
[2025-10-13T19:35:12.760+0000] {processor.py:840} INFO - DAG(s) 'extract_open_meteo_v2' retrieved from /opt/airflow/dags/extract_open_meteo_dag.py
[2025-10-13T19:35:12.839+0000] {logging_mixin.py:188} INFO - [2025-10-13T19:35:12.839+0000] {dag.py:3047} INFO - Sync 1 DAGs
[2025-10-13T19:35:12.902+0000] {logging_mixin.py:188} INFO - [2025-10-13T19:35:12.902+0000] {dag.py:3834} INFO - Setting next_dagrun for extract_open_meteo_v2 to 2025-10-12 22:00:00+00:00, run_after=2025-10-13 22:00:00+00:00
[2025-10-13T19:35:13.006+0000] {processor.py:183} INFO - Processing /opt/airflow/dags/extract_open_meteo_dag.py took 0.287 seconds
[2025-10-13T19:35:43.635+0000] {processor.py:161} INFO - Started process (PID=16435) to work on /opt/airflow/dags/extract_open_meteo_dag.py
[2025-10-13T19:35:43.639+0000] {processor.py:830} INFO - Processing file /opt/airflow/dags/extract_open_meteo_dag.py for tasks to queue
[2025-10-13T19:35:43.644+0000] {logging_mixin.py:188} INFO - [2025-10-13T19:35:43.642+0000] {dagbag.py:540} INFO - Filling up the DagBag from /opt/airflow/dags/extract_open_meteo_dag.py
[2025-10-13T19:35:43.701+0000] {processor.py:840} INFO - DAG(s) 'extract_open_meteo_v2' retrieved from /opt/airflow/dags/extract_open_meteo_dag.py
[2025-10-13T19:35:43.811+0000] {logging_mixin.py:188} INFO - [2025-10-13T19:35:43.811+0000] {dag.py:3047} INFO - Sync 1 DAGs
[2025-10-13T19:35:43.910+0000] {logging_mixin.py:188} INFO - [2025-10-13T19:35:43.910+0000] {dag.py:3834} INFO - Setting next_dagrun for extract_open_meteo_v2 to 2025-10-12 22:00:00+00:00, run_after=2025-10-13 22:00:00+00:00
[2025-10-13T19:35:44.085+0000] {processor.py:183} INFO - Processing /opt/airflow/dags/extract_open_meteo_dag.py took 0.459 seconds
[2025-10-13T19:36:14.770+0000] {processor.py:161} INFO - Started process (PID=16450) to work on /opt/airflow/dags/extract_open_meteo_dag.py
[2025-10-13T19:36:14.771+0000] {processor.py:830} INFO - Processing file /opt/airflow/dags/extract_open_meteo_dag.py for tasks to queue
[2025-10-13T19:36:14.774+0000] {logging_mixin.py:188} INFO - [2025-10-13T19:36:14.773+0000] {dagbag.py:540} INFO - Filling up the DagBag from /opt/airflow/dags/extract_open_meteo_dag.py
[2025-10-13T19:36:14.818+0000] {processor.py:840} INFO - DAG(s) 'extract_open_meteo_v2' retrieved from /opt/airflow/dags/extract_open_meteo_dag.py
[2025-10-13T19:36:14.910+0000] {logging_mixin.py:188} INFO - [2025-10-13T19:36:14.909+0000] {dag.py:3047} INFO - Sync 1 DAGs
[2025-10-13T19:36:14.988+0000] {logging_mixin.py:188} INFO - [2025-10-13T19:36:14.987+0000] {dag.py:3834} INFO - Setting next_dagrun for extract_open_meteo_v2 to 2025-10-12 22:00:00+00:00, run_after=2025-10-13 22:00:00+00:00
[2025-10-13T19:36:15.079+0000] {processor.py:183} INFO - Processing /opt/airflow/dags/extract_open_meteo_dag.py took 0.314 seconds
[2025-10-13T19:36:45.679+0000] {processor.py:161} INFO - Started process (PID=16465) to work on /opt/airflow/dags/extract_open_meteo_dag.py
[2025-10-13T19:36:45.683+0000] {processor.py:830} INFO - Processing file /opt/airflow/dags/extract_open_meteo_dag.py for tasks to queue
[2025-10-13T19:36:45.687+0000] {logging_mixin.py:188} INFO - [2025-10-13T19:36:45.685+0000] {dagbag.py:540} INFO - Filling up the DagBag from /opt/airflow/dags/extract_open_meteo_dag.py
[2025-10-13T19:36:45.749+0000] {processor.py:840} INFO - DAG(s) 'extract_open_meteo_v2' retrieved from /opt/airflow/dags/extract_open_meteo_dag.py
[2025-10-13T19:36:45.869+0000] {logging_mixin.py:188} INFO - [2025-10-13T19:36:45.868+0000] {dag.py:3047} INFO - Sync 1 DAGs
[2025-10-13T19:36:45.954+0000] {logging_mixin.py:188} INFO - [2025-10-13T19:36:45.953+0000] {dag.py:3834} INFO - Setting next_dagrun for extract_open_meteo_v2 to 2025-10-12 22:00:00+00:00, run_after=2025-10-13 22:00:00+00:00
[2025-10-13T19:36:46.040+0000] {processor.py:183} INFO - Processing /opt/airflow/dags/extract_open_meteo_dag.py took 0.369 seconds
[2025-10-13T19:37:16.560+0000] {processor.py:161} INFO - Started process (PID=16480) to work on /opt/airflow/dags/extract_open_meteo_dag.py
[2025-10-13T19:37:16.563+0000] {processor.py:830} INFO - Processing file /opt/airflow/dags/extract_open_meteo_dag.py for tasks to queue
[2025-10-13T19:37:16.566+0000] {logging_mixin.py:188} INFO - [2025-10-13T19:37:16.565+0000] {dagbag.py:540} INFO - Filling up the DagBag from /opt/airflow/dags/extract_open_meteo_dag.py
[2025-10-13T19:37:16.622+0000] {processor.py:840} INFO - DAG(s) 'extract_open_meteo_v2' retrieved from /opt/airflow/dags/extract_open_meteo_dag.py
[2025-10-13T19:37:16.721+0000] {logging_mixin.py:188} INFO - [2025-10-13T19:37:16.721+0000] {dag.py:3047} INFO - Sync 1 DAGs
[2025-10-13T19:37:16.806+0000] {logging_mixin.py:188} INFO - [2025-10-13T19:37:16.806+0000] {dag.py:3834} INFO - Setting next_dagrun for extract_open_meteo_v2 to 2025-10-12 22:00:00+00:00, run_after=2025-10-13 22:00:00+00:00
[2025-10-13T19:37:16.902+0000] {processor.py:183} INFO - Processing /opt/airflow/dags/extract_open_meteo_dag.py took 0.349 seconds
[2025-10-13T19:37:47.450+0000] {processor.py:161} INFO - Started process (PID=16495) to work on /opt/airflow/dags/extract_open_meteo_dag.py
[2025-10-13T19:37:47.452+0000] {processor.py:830} INFO - Processing file /opt/airflow/dags/extract_open_meteo_dag.py for tasks to queue
[2025-10-13T19:37:47.454+0000] {logging_mixin.py:188} INFO - [2025-10-13T19:37:47.454+0000] {dagbag.py:540} INFO - Filling up the DagBag from /opt/airflow/dags/extract_open_meteo_dag.py
[2025-10-13T19:37:47.494+0000] {processor.py:840} INFO - DAG(s) 'extract_open_meteo_v2' retrieved from /opt/airflow/dags/extract_open_meteo_dag.py
[2025-10-13T19:37:47.582+0000] {logging_mixin.py:188} INFO - [2025-10-13T19:37:47.582+0000] {dag.py:3047} INFO - Sync 1 DAGs
[2025-10-13T19:37:47.643+0000] {logging_mixin.py:188} INFO - [2025-10-13T19:37:47.642+0000] {dag.py:3834} INFO - Setting next_dagrun for extract_open_meteo_v2 to 2025-10-12 22:00:00+00:00, run_after=2025-10-13 22:00:00+00:00
[2025-10-13T19:37:47.732+0000] {processor.py:183} INFO - Processing /opt/airflow/dags/extract_open_meteo_dag.py took 0.287 seconds
[2025-10-13T19:38:18.377+0000] {processor.py:161} INFO - Started process (PID=16510) to work on /opt/airflow/dags/extract_open_meteo_dag.py
[2025-10-13T19:38:18.387+0000] {processor.py:830} INFO - Processing file /opt/airflow/dags/extract_open_meteo_dag.py for tasks to queue
[2025-10-13T19:38:18.440+0000] {logging_mixin.py:188} INFO - [2025-10-13T19:38:18.439+0000] {dagbag.py:540} INFO - Filling up the DagBag from /opt/airflow/dags/extract_open_meteo_dag.py
[2025-10-13T19:38:18.748+0000] {processor.py:840} INFO - DAG(s) 'extract_open_meteo_v2' retrieved from /opt/airflow/dags/extract_open_meteo_dag.py
[2025-10-13T19:38:19.079+0000] {logging_mixin.py:188} INFO - [2025-10-13T19:38:19.078+0000] {dag.py:3047} INFO - Sync 1 DAGs
[2025-10-13T19:38:19.197+0000] {logging_mixin.py:188} INFO - [2025-10-13T19:38:19.197+0000] {dag.py:3834} INFO - Setting next_dagrun for extract_open_meteo_v2 to 2025-10-12 22:00:00+00:00, run_after=2025-10-13 22:00:00+00:00
[2025-10-13T19:38:19.325+0000] {processor.py:183} INFO - Processing /opt/airflow/dags/extract_open_meteo_dag.py took 0.981 seconds
[2025-10-13T19:38:49.565+0000] {processor.py:161} INFO - Started process (PID=16522) to work on /opt/airflow/dags/extract_open_meteo_dag.py
[2025-10-13T19:38:49.581+0000] {processor.py:830} INFO - Processing file /opt/airflow/dags/extract_open_meteo_dag.py for tasks to queue
[2025-10-13T19:38:49.593+0000] {logging_mixin.py:188} INFO - [2025-10-13T19:38:49.592+0000] {dagbag.py:540} INFO - Filling up the DagBag from /opt/airflow/dags/extract_open_meteo_dag.py
[2025-10-13T19:38:49.692+0000] {processor.py:840} INFO - DAG(s) 'extract_open_meteo_v2' retrieved from /opt/airflow/dags/extract_open_meteo_dag.py
[2025-10-13T19:38:49.786+0000] {logging_mixin.py:188} INFO - [2025-10-13T19:38:49.786+0000] {dag.py:3047} INFO - Sync 1 DAGs
[2025-10-13T19:38:49.838+0000] {logging_mixin.py:188} INFO - [2025-10-13T19:38:49.837+0000] {dag.py:3834} INFO - Setting next_dagrun for extract_open_meteo_v2 to 2025-10-12 22:00:00+00:00, run_after=2025-10-13 22:00:00+00:00
[2025-10-13T19:38:49.904+0000] {processor.py:183} INFO - Processing /opt/airflow/dags/extract_open_meteo_dag.py took 0.357 seconds
[2025-10-13T19:39:20.040+0000] {processor.py:161} INFO - Started process (PID=16537) to work on /opt/airflow/dags/extract_open_meteo_dag.py
[2025-10-13T19:39:20.042+0000] {processor.py:830} INFO - Processing file /opt/airflow/dags/extract_open_meteo_dag.py for tasks to queue
[2025-10-13T19:39:20.045+0000] {logging_mixin.py:188} INFO - [2025-10-13T19:39:20.044+0000] {dagbag.py:540} INFO - Filling up the DagBag from /opt/airflow/dags/extract_open_meteo_dag.py
[2025-10-13T19:39:20.093+0000] {processor.py:840} INFO - DAG(s) 'extract_open_meteo_v2' retrieved from /opt/airflow/dags/extract_open_meteo_dag.py
[2025-10-13T19:39:20.218+0000] {logging_mixin.py:188} INFO - [2025-10-13T19:39:20.217+0000] {dag.py:3047} INFO - Sync 1 DAGs
[2025-10-13T19:39:20.289+0000] {logging_mixin.py:188} INFO - [2025-10-13T19:39:20.289+0000] {dag.py:3834} INFO - Setting next_dagrun for extract_open_meteo_v2 to 2025-10-12 22:00:00+00:00, run_after=2025-10-13 22:00:00+00:00
[2025-10-13T19:39:20.357+0000] {processor.py:183} INFO - Processing /opt/airflow/dags/extract_open_meteo_dag.py took 0.326 seconds
[2025-10-13T19:39:50.471+0000] {processor.py:161} INFO - Started process (PID=16552) to work on /opt/airflow/dags/extract_open_meteo_dag.py
[2025-10-13T19:39:50.474+0000] {processor.py:830} INFO - Processing file /opt/airflow/dags/extract_open_meteo_dag.py for tasks to queue
[2025-10-13T19:39:50.476+0000] {logging_mixin.py:188} INFO - [2025-10-13T19:39:50.476+0000] {dagbag.py:540} INFO - Filling up the DagBag from /opt/airflow/dags/extract_open_meteo_dag.py
[2025-10-13T19:39:50.518+0000] {processor.py:840} INFO - DAG(s) 'extract_open_meteo_v2' retrieved from /opt/airflow/dags/extract_open_meteo_dag.py
[2025-10-13T19:39:50.612+0000] {logging_mixin.py:188} INFO - [2025-10-13T19:39:50.612+0000] {dag.py:3047} INFO - Sync 1 DAGs
[2025-10-13T19:39:50.681+0000] {logging_mixin.py:188} INFO - [2025-10-13T19:39:50.681+0000] {dag.py:3834} INFO - Setting next_dagrun for extract_open_meteo_v2 to 2025-10-12 22:00:00+00:00, run_after=2025-10-13 22:00:00+00:00
[2025-10-13T19:39:50.753+0000] {processor.py:183} INFO - Processing /opt/airflow/dags/extract_open_meteo_dag.py took 0.289 seconds
[2025-10-13T19:40:20.901+0000] {processor.py:161} INFO - Started process (PID=16567) to work on /opt/airflow/dags/extract_open_meteo_dag.py
[2025-10-13T19:40:20.903+0000] {processor.py:830} INFO - Processing file /opt/airflow/dags/extract_open_meteo_dag.py for tasks to queue
[2025-10-13T19:40:20.905+0000] {logging_mixin.py:188} INFO - [2025-10-13T19:40:20.904+0000] {dagbag.py:540} INFO - Filling up the DagBag from /opt/airflow/dags/extract_open_meteo_dag.py
[2025-10-13T19:40:20.976+0000] {processor.py:840} INFO - DAG(s) 'extract_open_meteo_v2' retrieved from /opt/airflow/dags/extract_open_meteo_dag.py
[2025-10-13T19:40:21.085+0000] {logging_mixin.py:188} INFO - [2025-10-13T19:40:21.084+0000] {dag.py:3047} INFO - Sync 1 DAGs
[2025-10-13T19:40:21.153+0000] {logging_mixin.py:188} INFO - [2025-10-13T19:40:21.153+0000] {dag.py:3834} INFO - Setting next_dagrun for extract_open_meteo_v2 to 2025-10-12 22:00:00+00:00, run_after=2025-10-13 22:00:00+00:00
[2025-10-13T19:40:21.239+0000] {processor.py:183} INFO - Processing /opt/airflow/dags/extract_open_meteo_dag.py took 0.343 seconds
[2025-10-13T19:40:51.543+0000] {processor.py:161} INFO - Started process (PID=16582) to work on /opt/airflow/dags/extract_open_meteo_dag.py
[2025-10-13T19:40:51.556+0000] {processor.py:830} INFO - Processing file /opt/airflow/dags/extract_open_meteo_dag.py for tasks to queue
[2025-10-13T19:40:51.563+0000] {logging_mixin.py:188} INFO - [2025-10-13T19:40:51.561+0000] {dagbag.py:540} INFO - Filling up the DagBag from /opt/airflow/dags/extract_open_meteo_dag.py
[2025-10-13T19:40:51.617+0000] {processor.py:840} INFO - DAG(s) 'extract_open_meteo_v2' retrieved from /opt/airflow/dags/extract_open_meteo_dag.py
[2025-10-13T19:40:51.706+0000] {logging_mixin.py:188} INFO - [2025-10-13T19:40:51.706+0000] {dag.py:3047} INFO - Sync 1 DAGs
[2025-10-13T19:40:51.764+0000] {logging_mixin.py:188} INFO - [2025-10-13T19:40:51.764+0000] {dag.py:3834} INFO - Setting next_dagrun for extract_open_meteo_v2 to 2025-10-12 22:00:00+00:00, run_after=2025-10-13 22:00:00+00:00
[2025-10-13T19:40:51.842+0000] {processor.py:183} INFO - Processing /opt/airflow/dags/extract_open_meteo_dag.py took 0.349 seconds
[2025-10-13T19:41:22.191+0000] {processor.py:161} INFO - Started process (PID=16597) to work on /opt/airflow/dags/extract_open_meteo_dag.py
[2025-10-13T19:41:22.193+0000] {processor.py:830} INFO - Processing file /opt/airflow/dags/extract_open_meteo_dag.py for tasks to queue
[2025-10-13T19:41:22.195+0000] {logging_mixin.py:188} INFO - [2025-10-13T19:41:22.195+0000] {dagbag.py:540} INFO - Filling up the DagBag from /opt/airflow/dags/extract_open_meteo_dag.py
[2025-10-13T19:41:22.252+0000] {processor.py:840} INFO - DAG(s) 'extract_open_meteo_v2' retrieved from /opt/airflow/dags/extract_open_meteo_dag.py
[2025-10-13T19:41:22.363+0000] {logging_mixin.py:188} INFO - [2025-10-13T19:41:22.363+0000] {dag.py:3047} INFO - Sync 1 DAGs
[2025-10-13T19:41:22.434+0000] {logging_mixin.py:188} INFO - [2025-10-13T19:41:22.433+0000] {dag.py:3834} INFO - Setting next_dagrun for extract_open_meteo_v2 to 2025-10-12 22:00:00+00:00, run_after=2025-10-13 22:00:00+00:00
[2025-10-13T19:41:22.527+0000] {processor.py:183} INFO - Processing /opt/airflow/dags/extract_open_meteo_dag.py took 0.342 seconds
[2025-10-13T19:41:52.911+0000] {processor.py:161} INFO - Started process (PID=16612) to work on /opt/airflow/dags/extract_open_meteo_dag.py
[2025-10-13T19:41:52.914+0000] {processor.py:830} INFO - Processing file /opt/airflow/dags/extract_open_meteo_dag.py for tasks to queue
[2025-10-13T19:41:52.916+0000] {logging_mixin.py:188} INFO - [2025-10-13T19:41:52.915+0000] {dagbag.py:540} INFO - Filling up the DagBag from /opt/airflow/dags/extract_open_meteo_dag.py
[2025-10-13T19:41:52.970+0000] {processor.py:840} INFO - DAG(s) 'extract_open_meteo_v2' retrieved from /opt/airflow/dags/extract_open_meteo_dag.py
[2025-10-13T19:41:53.084+0000] {logging_mixin.py:188} INFO - [2025-10-13T19:41:53.083+0000] {dag.py:3047} INFO - Sync 1 DAGs
[2025-10-13T19:41:53.156+0000] {logging_mixin.py:188} INFO - [2025-10-13T19:41:53.156+0000] {dag.py:3834} INFO - Setting next_dagrun for extract_open_meteo_v2 to 2025-10-12 22:00:00+00:00, run_after=2025-10-13 22:00:00+00:00
[2025-10-13T19:41:53.260+0000] {processor.py:183} INFO - Processing /opt/airflow/dags/extract_open_meteo_dag.py took 0.356 seconds
[2025-10-13T19:42:23.560+0000] {processor.py:161} INFO - Started process (PID=16627) to work on /opt/airflow/dags/extract_open_meteo_dag.py
[2025-10-13T19:42:23.562+0000] {processor.py:830} INFO - Processing file /opt/airflow/dags/extract_open_meteo_dag.py for tasks to queue
[2025-10-13T19:42:23.564+0000] {logging_mixin.py:188} INFO - [2025-10-13T19:42:23.564+0000] {dagbag.py:540} INFO - Filling up the DagBag from /opt/airflow/dags/extract_open_meteo_dag.py
[2025-10-13T19:42:23.598+0000] {processor.py:840} INFO - DAG(s) 'extract_open_meteo_v2' retrieved from /opt/airflow/dags/extract_open_meteo_dag.py
[2025-10-13T19:42:23.675+0000] {logging_mixin.py:188} INFO - [2025-10-13T19:42:23.675+0000] {dag.py:3047} INFO - Sync 1 DAGs
[2025-10-13T19:42:23.723+0000] {logging_mixin.py:188} INFO - [2025-10-13T19:42:23.723+0000] {dag.py:3834} INFO - Setting next_dagrun for extract_open_meteo_v2 to 2025-10-12 22:00:00+00:00, run_after=2025-10-13 22:00:00+00:00
[2025-10-13T19:42:23.786+0000] {processor.py:183} INFO - Processing /opt/airflow/dags/extract_open_meteo_dag.py took 0.231 seconds
[2025-10-13T19:42:53.985+0000] {processor.py:161} INFO - Started process (PID=16642) to work on /opt/airflow/dags/extract_open_meteo_dag.py
[2025-10-13T19:42:53.987+0000] {processor.py:830} INFO - Processing file /opt/airflow/dags/extract_open_meteo_dag.py for tasks to queue
[2025-10-13T19:42:53.989+0000] {logging_mixin.py:188} INFO - [2025-10-13T19:42:53.989+0000] {dagbag.py:540} INFO - Filling up the DagBag from /opt/airflow/dags/extract_open_meteo_dag.py
[2025-10-13T19:42:54.037+0000] {processor.py:840} INFO - DAG(s) 'extract_open_meteo_v2' retrieved from /opt/airflow/dags/extract_open_meteo_dag.py
[2025-10-13T19:42:54.145+0000] {logging_mixin.py:188} INFO - [2025-10-13T19:42:54.144+0000] {dag.py:3047} INFO - Sync 1 DAGs
[2025-10-13T19:42:54.217+0000] {logging_mixin.py:188} INFO - [2025-10-13T19:42:54.216+0000] {dag.py:3834} INFO - Setting next_dagrun for extract_open_meteo_v2 to 2025-10-12 22:00:00+00:00, run_after=2025-10-13 22:00:00+00:00
[2025-10-13T19:42:54.304+0000] {processor.py:183} INFO - Processing /opt/airflow/dags/extract_open_meteo_dag.py took 0.326 seconds
[2025-10-13T19:43:24.506+0000] {processor.py:161} INFO - Started process (PID=16657) to work on /opt/airflow/dags/extract_open_meteo_dag.py
[2025-10-13T19:43:24.508+0000] {processor.py:830} INFO - Processing file /opt/airflow/dags/extract_open_meteo_dag.py for tasks to queue
[2025-10-13T19:43:24.513+0000] {logging_mixin.py:188} INFO - [2025-10-13T19:43:24.512+0000] {dagbag.py:540} INFO - Filling up the DagBag from /opt/airflow/dags/extract_open_meteo_dag.py
[2025-10-13T19:43:24.587+0000] {processor.py:840} INFO - DAG(s) 'extract_open_meteo_v2' retrieved from /opt/airflow/dags/extract_open_meteo_dag.py
[2025-10-13T19:43:24.689+0000] {logging_mixin.py:188} INFO - [2025-10-13T19:43:24.689+0000] {dag.py:3047} INFO - Sync 1 DAGs
[2025-10-13T19:43:24.751+0000] {logging_mixin.py:188} INFO - [2025-10-13T19:43:24.751+0000] {dag.py:3834} INFO - Setting next_dagrun for extract_open_meteo_v2 to 2025-10-12 22:00:00+00:00, run_after=2025-10-13 22:00:00+00:00
[2025-10-13T19:43:24.835+0000] {processor.py:183} INFO - Processing /opt/airflow/dags/extract_open_meteo_dag.py took 0.335 seconds
[2025-10-13T19:43:55.193+0000] {processor.py:161} INFO - Started process (PID=16672) to work on /opt/airflow/dags/extract_open_meteo_dag.py
[2025-10-13T19:43:55.196+0000] {processor.py:830} INFO - Processing file /opt/airflow/dags/extract_open_meteo_dag.py for tasks to queue
[2025-10-13T19:43:55.198+0000] {logging_mixin.py:188} INFO - [2025-10-13T19:43:55.198+0000] {dagbag.py:540} INFO - Filling up the DagBag from /opt/airflow/dags/extract_open_meteo_dag.py
[2025-10-13T19:43:55.260+0000] {processor.py:840} INFO - DAG(s) 'extract_open_meteo_v2' retrieved from /opt/airflow/dags/extract_open_meteo_dag.py
[2025-10-13T19:43:55.362+0000] {logging_mixin.py:188} INFO - [2025-10-13T19:43:55.361+0000] {dag.py:3047} INFO - Sync 1 DAGs
[2025-10-13T19:43:55.438+0000] {logging_mixin.py:188} INFO - [2025-10-13T19:43:55.438+0000] {dag.py:3834} INFO - Setting next_dagrun for extract_open_meteo_v2 to 2025-10-12 22:00:00+00:00, run_after=2025-10-13 22:00:00+00:00
[2025-10-13T19:43:55.533+0000] {processor.py:183} INFO - Processing /opt/airflow/dags/extract_open_meteo_dag.py took 0.346 seconds
[2025-10-13T19:44:25.804+0000] {processor.py:161} INFO - Started process (PID=16687) to work on /opt/airflow/dags/extract_open_meteo_dag.py
[2025-10-13T19:44:25.807+0000] {processor.py:830} INFO - Processing file /opt/airflow/dags/extract_open_meteo_dag.py for tasks to queue
[2025-10-13T19:44:25.810+0000] {logging_mixin.py:188} INFO - [2025-10-13T19:44:25.809+0000] {dagbag.py:540} INFO - Filling up the DagBag from /opt/airflow/dags/extract_open_meteo_dag.py
[2025-10-13T19:44:25.860+0000] {processor.py:840} INFO - DAG(s) 'extract_open_meteo_v2' retrieved from /opt/airflow/dags/extract_open_meteo_dag.py
[2025-10-13T19:44:25.972+0000] {logging_mixin.py:188} INFO - [2025-10-13T19:44:25.972+0000] {dag.py:3047} INFO - Sync 1 DAGs
[2025-10-13T19:44:26.041+0000] {logging_mixin.py:188} INFO - [2025-10-13T19:44:26.041+0000] {dag.py:3834} INFO - Setting next_dagrun for extract_open_meteo_v2 to 2025-10-12 22:00:00+00:00, run_after=2025-10-13 22:00:00+00:00
[2025-10-13T19:44:26.133+0000] {processor.py:183} INFO - Processing /opt/airflow/dags/extract_open_meteo_dag.py took 0.337 seconds
[2025-10-13T19:45:54.523+0000] {processor.py:161} INFO - Started process (PID=16705) to work on /opt/airflow/dags/extract_open_meteo_dag.py
[2025-10-13T19:45:54.569+0000] {processor.py:830} INFO - Processing file /opt/airflow/dags/extract_open_meteo_dag.py for tasks to queue
[2025-10-13T19:45:54.575+0000] {logging_mixin.py:188} INFO - [2025-10-13T19:45:54.574+0000] {dagbag.py:540} INFO - Filling up the DagBag from /opt/airflow/dags/extract_open_meteo_dag.py
[2025-10-13T19:45:55.417+0000] {processor.py:840} INFO - DAG(s) 'extract_open_meteo_v2' retrieved from /opt/airflow/dags/extract_open_meteo_dag.py
[2025-10-13T19:45:59.008+0000] {logging_mixin.py:188} INFO - [2025-10-13T19:45:59.007+0000] {dag.py:3047} INFO - Sync 1 DAGs
[2025-10-13T19:45:59.629+0000] {logging_mixin.py:188} INFO - [2025-10-13T19:45:59.628+0000] {dag.py:3834} INFO - Setting next_dagrun for extract_open_meteo_v2 to 2025-10-12 22:00:00+00:00, run_after=2025-10-13 22:00:00+00:00
[2025-10-13T19:46:00.094+0000] {processor.py:183} INFO - Processing /opt/airflow/dags/extract_open_meteo_dag.py took 5.636 seconds
[2025-10-13T19:46:31.067+0000] {processor.py:161} INFO - Started process (PID=16722) to work on /opt/airflow/dags/extract_open_meteo_dag.py
[2025-10-13T19:46:31.070+0000] {processor.py:830} INFO - Processing file /opt/airflow/dags/extract_open_meteo_dag.py for tasks to queue
[2025-10-13T19:46:31.072+0000] {logging_mixin.py:188} INFO - [2025-10-13T19:46:31.071+0000] {dagbag.py:540} INFO - Filling up the DagBag from /opt/airflow/dags/extract_open_meteo_dag.py
[2025-10-13T19:46:31.112+0000] {processor.py:840} INFO - DAG(s) 'extract_open_meteo_v2' retrieved from /opt/airflow/dags/extract_open_meteo_dag.py
[2025-10-13T19:46:31.191+0000] {logging_mixin.py:188} INFO - [2025-10-13T19:46:31.190+0000] {dag.py:3047} INFO - Sync 1 DAGs
[2025-10-13T19:46:31.253+0000] {logging_mixin.py:188} INFO - [2025-10-13T19:46:31.252+0000] {dag.py:3834} INFO - Setting next_dagrun for extract_open_meteo_v2 to 2025-10-12 22:00:00+00:00, run_after=2025-10-13 22:00:00+00:00
[2025-10-13T19:46:31.325+0000] {processor.py:183} INFO - Processing /opt/airflow/dags/extract_open_meteo_dag.py took 0.263 seconds
[2025-10-13T19:47:01.849+0000] {processor.py:161} INFO - Started process (PID=16737) to work on /opt/airflow/dags/extract_open_meteo_dag.py
[2025-10-13T19:47:01.851+0000] {processor.py:830} INFO - Processing file /opt/airflow/dags/extract_open_meteo_dag.py for tasks to queue
[2025-10-13T19:47:01.853+0000] {logging_mixin.py:188} INFO - [2025-10-13T19:47:01.852+0000] {dagbag.py:540} INFO - Filling up the DagBag from /opt/airflow/dags/extract_open_meteo_dag.py
[2025-10-13T19:47:01.889+0000] {processor.py:840} INFO - DAG(s) 'extract_open_meteo_v2' retrieved from /opt/airflow/dags/extract_open_meteo_dag.py
[2025-10-13T19:47:01.969+0000] {logging_mixin.py:188} INFO - [2025-10-13T19:47:01.968+0000] {dag.py:3047} INFO - Sync 1 DAGs
[2025-10-13T19:47:02.022+0000] {logging_mixin.py:188} INFO - [2025-10-13T19:47:02.021+0000] {dag.py:3834} INFO - Setting next_dagrun for extract_open_meteo_v2 to 2025-10-12 22:00:00+00:00, run_after=2025-10-13 22:00:00+00:00
[2025-10-13T19:47:02.116+0000] {processor.py:183} INFO - Processing /opt/airflow/dags/extract_open_meteo_dag.py took 0.272 seconds
[2025-10-13T19:47:32.702+0000] {processor.py:161} INFO - Started process (PID=16752) to work on /opt/airflow/dags/extract_open_meteo_dag.py
[2025-10-13T19:47:32.704+0000] {processor.py:830} INFO - Processing file /opt/airflow/dags/extract_open_meteo_dag.py for tasks to queue
[2025-10-13T19:47:32.708+0000] {logging_mixin.py:188} INFO - [2025-10-13T19:47:32.707+0000] {dagbag.py:540} INFO - Filling up the DagBag from /opt/airflow/dags/extract_open_meteo_dag.py
[2025-10-13T19:47:32.795+0000] {processor.py:840} INFO - DAG(s) 'extract_open_meteo_v2' retrieved from /opt/airflow/dags/extract_open_meteo_dag.py
[2025-10-13T19:47:32.953+0000] {logging_mixin.py:188} INFO - [2025-10-13T19:47:32.952+0000] {dag.py:3047} INFO - Sync 1 DAGs
[2025-10-13T19:47:33.057+0000] {logging_mixin.py:188} INFO - [2025-10-13T19:47:33.056+0000] {dag.py:3834} INFO - Setting next_dagrun for extract_open_meteo_v2 to 2025-10-12 22:00:00+00:00, run_after=2025-10-13 22:00:00+00:00
[2025-10-13T19:47:33.146+0000] {processor.py:183} INFO - Processing /opt/airflow/dags/extract_open_meteo_dag.py took 0.456 seconds
[2025-10-13T19:48:03.751+0000] {processor.py:161} INFO - Started process (PID=16767) to work on /opt/airflow/dags/extract_open_meteo_dag.py
[2025-10-13T19:48:03.754+0000] {processor.py:830} INFO - Processing file /opt/airflow/dags/extract_open_meteo_dag.py for tasks to queue
[2025-10-13T19:48:03.758+0000] {logging_mixin.py:188} INFO - [2025-10-13T19:48:03.756+0000] {dagbag.py:540} INFO - Filling up the DagBag from /opt/airflow/dags/extract_open_meteo_dag.py
[2025-10-13T19:48:03.822+0000] {processor.py:840} INFO - DAG(s) 'extract_open_meteo_v2' retrieved from /opt/airflow/dags/extract_open_meteo_dag.py
[2025-10-13T19:48:03.934+0000] {logging_mixin.py:188} INFO - [2025-10-13T19:48:03.933+0000] {dag.py:3047} INFO - Sync 1 DAGs
[2025-10-13T19:48:04.025+0000] {logging_mixin.py:188} INFO - [2025-10-13T19:48:04.024+0000] {dag.py:3834} INFO - Setting next_dagrun for extract_open_meteo_v2 to 2025-10-12 22:00:00+00:00, run_after=2025-10-13 22:00:00+00:00
[2025-10-13T19:48:04.226+0000] {processor.py:183} INFO - Processing /opt/airflow/dags/extract_open_meteo_dag.py took 0.484 seconds
[2025-10-13T19:48:35.142+0000] {processor.py:161} INFO - Started process (PID=16782) to work on /opt/airflow/dags/extract_open_meteo_dag.py
[2025-10-13T19:48:35.147+0000] {processor.py:830} INFO - Processing file /opt/airflow/dags/extract_open_meteo_dag.py for tasks to queue
[2025-10-13T19:48:35.152+0000] {logging_mixin.py:188} INFO - [2025-10-13T19:48:35.151+0000] {dagbag.py:540} INFO - Filling up the DagBag from /opt/airflow/dags/extract_open_meteo_dag.py
[2025-10-13T19:48:35.316+0000] {processor.py:840} INFO - DAG(s) 'extract_open_meteo_v2' retrieved from /opt/airflow/dags/extract_open_meteo_dag.py
[2025-10-13T19:48:35.768+0000] {logging_mixin.py:188} INFO - [2025-10-13T19:48:35.767+0000] {dag.py:3047} INFO - Sync 1 DAGs
[2025-10-13T19:48:35.886+0000] {logging_mixin.py:188} INFO - [2025-10-13T19:48:35.885+0000] {dag.py:3834} INFO - Setting next_dagrun for extract_open_meteo_v2 to 2025-10-12 22:00:00+00:00, run_after=2025-10-13 22:00:00+00:00
[2025-10-13T19:48:35.993+0000] {processor.py:183} INFO - Processing /opt/airflow/dags/extract_open_meteo_dag.py took 0.870 seconds
[2025-10-13T19:49:06.770+0000] {processor.py:161} INFO - Started process (PID=16797) to work on /opt/airflow/dags/extract_open_meteo_dag.py
[2025-10-13T19:49:06.772+0000] {processor.py:830} INFO - Processing file /opt/airflow/dags/extract_open_meteo_dag.py for tasks to queue
[2025-10-13T19:49:06.775+0000] {logging_mixin.py:188} INFO - [2025-10-13T19:49:06.774+0000] {dagbag.py:540} INFO - Filling up the DagBag from /opt/airflow/dags/extract_open_meteo_dag.py
[2025-10-13T19:49:06.826+0000] {processor.py:840} INFO - DAG(s) 'extract_open_meteo_v2' retrieved from /opt/airflow/dags/extract_open_meteo_dag.py
[2025-10-13T19:49:06.939+0000] {logging_mixin.py:188} INFO - [2025-10-13T19:49:06.939+0000] {dag.py:3047} INFO - Sync 1 DAGs
[2025-10-13T19:49:07.025+0000] {logging_mixin.py:188} INFO - [2025-10-13T19:49:07.024+0000] {dag.py:3834} INFO - Setting next_dagrun for extract_open_meteo_v2 to 2025-10-12 22:00:00+00:00, run_after=2025-10-13 22:00:00+00:00
[2025-10-13T19:49:07.111+0000] {processor.py:183} INFO - Processing /opt/airflow/dags/extract_open_meteo_dag.py took 0.349 seconds
[2025-10-13T19:49:37.675+0000] {processor.py:161} INFO - Started process (PID=16812) to work on /opt/airflow/dags/extract_open_meteo_dag.py
[2025-10-13T19:49:37.677+0000] {processor.py:830} INFO - Processing file /opt/airflow/dags/extract_open_meteo_dag.py for tasks to queue
[2025-10-13T19:49:37.682+0000] {logging_mixin.py:188} INFO - [2025-10-13T19:49:37.680+0000] {dagbag.py:540} INFO - Filling up the DagBag from /opt/airflow/dags/extract_open_meteo_dag.py
[2025-10-13T19:49:37.727+0000] {processor.py:840} INFO - DAG(s) 'extract_open_meteo_v2' retrieved from /opt/airflow/dags/extract_open_meteo_dag.py
[2025-10-13T19:49:37.806+0000] {logging_mixin.py:188} INFO - [2025-10-13T19:49:37.805+0000] {dag.py:3047} INFO - Sync 1 DAGs
[2025-10-13T19:49:37.864+0000] {logging_mixin.py:188} INFO - [2025-10-13T19:49:37.864+0000] {dag.py:3834} INFO - Setting next_dagrun for extract_open_meteo_v2 to 2025-10-12 22:00:00+00:00, run_after=2025-10-13 22:00:00+00:00
[2025-10-13T19:49:37.944+0000] {processor.py:183} INFO - Processing /opt/airflow/dags/extract_open_meteo_dag.py took 0.277 seconds
[2025-10-13T19:50:08.453+0000] {processor.py:161} INFO - Started process (PID=16827) to work on /opt/airflow/dags/extract_open_meteo_dag.py
[2025-10-13T19:50:08.456+0000] {processor.py:830} INFO - Processing file /opt/airflow/dags/extract_open_meteo_dag.py for tasks to queue
[2025-10-13T19:50:08.458+0000] {logging_mixin.py:188} INFO - [2025-10-13T19:50:08.457+0000] {dagbag.py:540} INFO - Filling up the DagBag from /opt/airflow/dags/extract_open_meteo_dag.py
[2025-10-13T19:50:08.505+0000] {processor.py:840} INFO - DAG(s) 'extract_open_meteo_v2' retrieved from /opt/airflow/dags/extract_open_meteo_dag.py
[2025-10-13T19:50:08.848+0000] {logging_mixin.py:188} INFO - [2025-10-13T19:50:08.847+0000] {dag.py:3047} INFO - Sync 1 DAGs
[2025-10-13T19:50:09.040+0000] {logging_mixin.py:188} INFO - [2025-10-13T19:50:09.039+0000] {dag.py:3834} INFO - Setting next_dagrun for extract_open_meteo_v2 to 2025-10-12 22:00:00+00:00, run_after=2025-10-13 22:00:00+00:00
[2025-10-13T19:50:09.207+0000] {processor.py:183} INFO - Processing /opt/airflow/dags/extract_open_meteo_dag.py took 0.763 seconds
[2025-10-13T19:50:40.020+0000] {processor.py:161} INFO - Started process (PID=16842) to work on /opt/airflow/dags/extract_open_meteo_dag.py
[2025-10-13T19:50:40.023+0000] {processor.py:830} INFO - Processing file /opt/airflow/dags/extract_open_meteo_dag.py for tasks to queue
[2025-10-13T19:50:40.026+0000] {logging_mixin.py:188} INFO - [2025-10-13T19:50:40.025+0000] {dagbag.py:540} INFO - Filling up the DagBag from /opt/airflow/dags/extract_open_meteo_dag.py
[2025-10-13T19:50:40.071+0000] {processor.py:840} INFO - DAG(s) 'extract_open_meteo_v2' retrieved from /opt/airflow/dags/extract_open_meteo_dag.py
[2025-10-13T19:50:40.166+0000] {logging_mixin.py:188} INFO - [2025-10-13T19:50:40.165+0000] {dag.py:3047} INFO - Sync 1 DAGs
[2025-10-13T19:50:40.257+0000] {logging_mixin.py:188} INFO - [2025-10-13T19:50:40.257+0000] {dag.py:3834} INFO - Setting next_dagrun for extract_open_meteo_v2 to 2025-10-12 22:00:00+00:00, run_after=2025-10-13 22:00:00+00:00
[2025-10-13T19:50:40.342+0000] {processor.py:183} INFO - Processing /opt/airflow/dags/extract_open_meteo_dag.py took 0.330 seconds
[2025-10-13T19:51:11.224+0000] {processor.py:161} INFO - Started process (PID=16857) to work on /opt/airflow/dags/extract_open_meteo_dag.py
[2025-10-13T19:51:11.246+0000] {processor.py:830} INFO - Processing file /opt/airflow/dags/extract_open_meteo_dag.py for tasks to queue
[2025-10-13T19:51:11.253+0000] {logging_mixin.py:188} INFO - [2025-10-13T19:51:11.252+0000] {dagbag.py:540} INFO - Filling up the DagBag from /opt/airflow/dags/extract_open_meteo_dag.py
[2025-10-13T19:51:11.390+0000] {processor.py:840} INFO - DAG(s) 'extract_open_meteo_v2' retrieved from /opt/airflow/dags/extract_open_meteo_dag.py
[2025-10-13T19:51:11.680+0000] {logging_mixin.py:188} INFO - [2025-10-13T19:51:11.679+0000] {dag.py:3047} INFO - Sync 1 DAGs
[2025-10-13T19:51:11.838+0000] {logging_mixin.py:188} INFO - [2025-10-13T19:51:11.837+0000] {dag.py:3834} INFO - Setting next_dagrun for extract_open_meteo_v2 to 2025-10-12 22:00:00+00:00, run_after=2025-10-13 22:00:00+00:00
[2025-10-13T19:51:11.954+0000] {processor.py:183} INFO - Processing /opt/airflow/dags/extract_open_meteo_dag.py took 0.746 seconds
[2025-10-13T19:51:42.566+0000] {processor.py:161} INFO - Started process (PID=16872) to work on /opt/airflow/dags/extract_open_meteo_dag.py
[2025-10-13T19:51:42.569+0000] {processor.py:830} INFO - Processing file /opt/airflow/dags/extract_open_meteo_dag.py for tasks to queue
[2025-10-13T19:51:42.572+0000] {logging_mixin.py:188} INFO - [2025-10-13T19:51:42.571+0000] {dagbag.py:540} INFO - Filling up the DagBag from /opt/airflow/dags/extract_open_meteo_dag.py
[2025-10-13T19:51:42.620+0000] {processor.py:840} INFO - DAG(s) 'extract_open_meteo_v2' retrieved from /opt/airflow/dags/extract_open_meteo_dag.py
[2025-10-13T19:51:42.717+0000] {logging_mixin.py:188} INFO - [2025-10-13T19:51:42.716+0000] {dag.py:3047} INFO - Sync 1 DAGs
[2025-10-13T19:51:42.791+0000] {logging_mixin.py:188} INFO - [2025-10-13T19:51:42.790+0000] {dag.py:3834} INFO - Setting next_dagrun for extract_open_meteo_v2 to 2025-10-12 22:00:00+00:00, run_after=2025-10-13 22:00:00+00:00
[2025-10-13T19:51:42.875+0000] {processor.py:183} INFO - Processing /opt/airflow/dags/extract_open_meteo_dag.py took 0.315 seconds
[2025-10-13T19:52:13.474+0000] {processor.py:161} INFO - Started process (PID=16887) to work on /opt/airflow/dags/extract_open_meteo_dag.py
[2025-10-13T19:52:13.476+0000] {processor.py:830} INFO - Processing file /opt/airflow/dags/extract_open_meteo_dag.py for tasks to queue
[2025-10-13T19:52:13.479+0000] {logging_mixin.py:188} INFO - [2025-10-13T19:52:13.478+0000] {dagbag.py:540} INFO - Filling up the DagBag from /opt/airflow/dags/extract_open_meteo_dag.py
[2025-10-13T19:52:13.520+0000] {processor.py:840} INFO - DAG(s) 'extract_open_meteo_v2' retrieved from /opt/airflow/dags/extract_open_meteo_dag.py
[2025-10-13T19:52:13.619+0000] {logging_mixin.py:188} INFO - [2025-10-13T19:52:13.619+0000] {dag.py:3047} INFO - Sync 1 DAGs
[2025-10-13T19:52:13.681+0000] {logging_mixin.py:188} INFO - [2025-10-13T19:52:13.680+0000] {dag.py:3834} INFO - Setting next_dagrun for extract_open_meteo_v2 to 2025-10-12 22:00:00+00:00, run_after=2025-10-13 22:00:00+00:00
[2025-10-13T19:52:13.761+0000] {processor.py:183} INFO - Processing /opt/airflow/dags/extract_open_meteo_dag.py took 0.292 seconds
[2025-10-13T19:52:47.880+0000] {processor.py:161} INFO - Started process (PID=16902) to work on /opt/airflow/dags/extract_open_meteo_dag.py
[2025-10-13T19:52:47.887+0000] {processor.py:830} INFO - Processing file /opt/airflow/dags/extract_open_meteo_dag.py for tasks to queue
[2025-10-13T19:52:47.897+0000] {logging_mixin.py:188} INFO - [2025-10-13T19:52:47.896+0000] {dagbag.py:540} INFO - Filling up the DagBag from /opt/airflow/dags/extract_open_meteo_dag.py
[2025-10-13T19:52:48.123+0000] {processor.py:840} INFO - DAG(s) 'extract_open_meteo_v2' retrieved from /opt/airflow/dags/extract_open_meteo_dag.py
[2025-10-13T19:52:48.414+0000] {logging_mixin.py:188} INFO - [2025-10-13T19:52:48.408+0000] {dag.py:3047} INFO - Sync 1 DAGs
[2025-10-13T19:52:48.711+0000] {logging_mixin.py:188} INFO - [2025-10-13T19:52:48.710+0000] {dag.py:3834} INFO - Setting next_dagrun for extract_open_meteo_v2 to 2025-10-12 22:00:00+00:00, run_after=2025-10-13 22:00:00+00:00
[2025-10-13T19:52:48.862+0000] {processor.py:183} INFO - Processing /opt/airflow/dags/extract_open_meteo_dag.py took 0.998 seconds
[2025-10-13T19:53:19.220+0000] {processor.py:161} INFO - Started process (PID=16917) to work on /opt/airflow/dags/extract_open_meteo_dag.py
[2025-10-13T19:53:19.226+0000] {processor.py:830} INFO - Processing file /opt/airflow/dags/extract_open_meteo_dag.py for tasks to queue
[2025-10-13T19:53:19.230+0000] {logging_mixin.py:188} INFO - [2025-10-13T19:53:19.229+0000] {dagbag.py:540} INFO - Filling up the DagBag from /opt/airflow/dags/extract_open_meteo_dag.py
[2025-10-13T19:53:19.316+0000] {processor.py:840} INFO - DAG(s) 'extract_open_meteo_v2' retrieved from /opt/airflow/dags/extract_open_meteo_dag.py
[2025-10-13T19:53:19.520+0000] {logging_mixin.py:188} INFO - [2025-10-13T19:53:19.520+0000] {dag.py:3047} INFO - Sync 1 DAGs
[2025-10-13T19:53:19.641+0000] {logging_mixin.py:188} INFO - [2025-10-13T19:53:19.641+0000] {dag.py:3834} INFO - Setting next_dagrun for extract_open_meteo_v2 to 2025-10-12 22:00:00+00:00, run_after=2025-10-13 22:00:00+00:00
[2025-10-13T19:53:19.742+0000] {processor.py:183} INFO - Processing /opt/airflow/dags/extract_open_meteo_dag.py took 0.541 seconds
[2025-10-13T19:53:50.109+0000] {processor.py:161} INFO - Started process (PID=16932) to work on /opt/airflow/dags/extract_open_meteo_dag.py
[2025-10-13T19:53:50.111+0000] {processor.py:830} INFO - Processing file /opt/airflow/dags/extract_open_meteo_dag.py for tasks to queue
[2025-10-13T19:53:50.114+0000] {logging_mixin.py:188} INFO - [2025-10-13T19:53:50.113+0000] {dagbag.py:540} INFO - Filling up the DagBag from /opt/airflow/dags/extract_open_meteo_dag.py
[2025-10-13T19:53:50.158+0000] {processor.py:840} INFO - DAG(s) 'extract_open_meteo_v2' retrieved from /opt/airflow/dags/extract_open_meteo_dag.py
[2025-10-13T19:53:50.261+0000] {logging_mixin.py:188} INFO - [2025-10-13T19:53:50.261+0000] {dag.py:3047} INFO - Sync 1 DAGs
[2025-10-13T19:53:50.335+0000] {logging_mixin.py:188} INFO - [2025-10-13T19:53:50.335+0000] {dag.py:3834} INFO - Setting next_dagrun for extract_open_meteo_v2 to 2025-10-12 22:00:00+00:00, run_after=2025-10-13 22:00:00+00:00
[2025-10-13T19:53:50.420+0000] {processor.py:183} INFO - Processing /opt/airflow/dags/extract_open_meteo_dag.py took 0.322 seconds
[2025-10-13T19:54:21.174+0000] {processor.py:161} INFO - Started process (PID=16947) to work on /opt/airflow/dags/extract_open_meteo_dag.py
[2025-10-13T19:54:21.182+0000] {processor.py:830} INFO - Processing file /opt/airflow/dags/extract_open_meteo_dag.py for tasks to queue
[2025-10-13T19:54:21.194+0000] {logging_mixin.py:188} INFO - [2025-10-13T19:54:21.187+0000] {dagbag.py:540} INFO - Filling up the DagBag from /opt/airflow/dags/extract_open_meteo_dag.py
[2025-10-13T19:54:21.375+0000] {processor.py:840} INFO - DAG(s) 'extract_open_meteo_v2' retrieved from /opt/airflow/dags/extract_open_meteo_dag.py
[2025-10-13T19:54:21.673+0000] {logging_mixin.py:188} INFO - [2025-10-13T19:54:21.673+0000] {dag.py:3047} INFO - Sync 1 DAGs
[2025-10-13T19:54:21.817+0000] {logging_mixin.py:188} INFO - [2025-10-13T19:54:21.817+0000] {dag.py:3834} INFO - Setting next_dagrun for extract_open_meteo_v2 to 2025-10-12 22:00:00+00:00, run_after=2025-10-13 22:00:00+00:00
[2025-10-13T19:54:21.939+0000] {processor.py:183} INFO - Processing /opt/airflow/dags/extract_open_meteo_dag.py took 0.803 seconds
[2025-10-13T19:54:52.550+0000] {processor.py:161} INFO - Started process (PID=16962) to work on /opt/airflow/dags/extract_open_meteo_dag.py
[2025-10-13T19:54:52.553+0000] {processor.py:830} INFO - Processing file /opt/airflow/dags/extract_open_meteo_dag.py for tasks to queue
[2025-10-13T19:54:52.556+0000] {logging_mixin.py:188} INFO - [2025-10-13T19:54:52.555+0000] {dagbag.py:540} INFO - Filling up the DagBag from /opt/airflow/dags/extract_open_meteo_dag.py
[2025-10-13T19:54:52.644+0000] {processor.py:840} INFO - DAG(s) 'extract_open_meteo_v2' retrieved from /opt/airflow/dags/extract_open_meteo_dag.py
[2025-10-13T19:54:52.746+0000] {logging_mixin.py:188} INFO - [2025-10-13T19:54:52.745+0000] {dag.py:3047} INFO - Sync 1 DAGs
[2025-10-13T19:54:52.829+0000] {logging_mixin.py:188} INFO - [2025-10-13T19:54:52.828+0000] {dag.py:3834} INFO - Setting next_dagrun for extract_open_meteo_v2 to 2025-10-12 22:00:00+00:00, run_after=2025-10-13 22:00:00+00:00
[2025-10-13T19:54:52.906+0000] {processor.py:183} INFO - Processing /opt/airflow/dags/extract_open_meteo_dag.py took 0.363 seconds
[2025-10-13T19:55:23.506+0000] {processor.py:161} INFO - Started process (PID=16977) to work on /opt/airflow/dags/extract_open_meteo_dag.py
[2025-10-13T19:55:23.509+0000] {processor.py:830} INFO - Processing file /opt/airflow/dags/extract_open_meteo_dag.py for tasks to queue
[2025-10-13T19:55:23.511+0000] {logging_mixin.py:188} INFO - [2025-10-13T19:55:23.510+0000] {dagbag.py:540} INFO - Filling up the DagBag from /opt/airflow/dags/extract_open_meteo_dag.py
[2025-10-13T19:55:23.561+0000] {processor.py:840} INFO - DAG(s) 'extract_open_meteo_v2' retrieved from /opt/airflow/dags/extract_open_meteo_dag.py
[2025-10-13T19:55:23.709+0000] {logging_mixin.py:188} INFO - [2025-10-13T19:55:23.709+0000] {dag.py:3047} INFO - Sync 1 DAGs
[2025-10-13T19:55:23.827+0000] {logging_mixin.py:188} INFO - [2025-10-13T19:55:23.826+0000] {dag.py:3834} INFO - Setting next_dagrun for extract_open_meteo_v2 to 2025-10-12 22:00:00+00:00, run_after=2025-10-13 22:00:00+00:00
[2025-10-13T19:55:23.941+0000] {processor.py:183} INFO - Processing /opt/airflow/dags/extract_open_meteo_dag.py took 0.442 seconds
