[2025-10-13T00:46:50.442+0000] {processor.py:161} INFO - Started process (PID=5597) to work on /opt/airflow/dags/weather_gold_v1.py
[2025-10-13T00:46:50.495+0000] {processor.py:830} INFO - Processing file /opt/airflow/dags/weather_gold_v1.py for tasks to queue
[2025-10-13T00:46:50.737+0000] {logging_mixin.py:188} INFO - [2025-10-13T00:46:50.533+0000] {dagbag.py:540} INFO - Filling up the DagBag from /opt/airflow/dags/weather_gold_v1.py
[2025-10-13T00:46:51.357+0000] {processor.py:840} INFO - DAG(s) 'weather_gold_v1' retrieved from /opt/airflow/dags/weather_gold_v1.py
[2025-10-13T00:46:52.870+0000] {logging_mixin.py:188} INFO - [2025-10-13T00:46:52.869+0000] {dag.py:3047} INFO - Sync 1 DAGs
[2025-10-13T00:46:53.059+0000] {logging_mixin.py:188} INFO - [2025-10-13T00:46:53.059+0000] {dag.py:3834} INFO - Setting next_dagrun for weather_gold_v1 to 2025-10-12 00:00:00+00:00, run_after=2025-10-19 00:00:00+00:00
[2025-10-13T00:46:53.517+0000] {processor.py:183} INFO - Processing /opt/airflow/dags/weather_gold_v1.py took 3.734 seconds
[2025-10-13T08:22:04.151+0000] {processor.py:161} INFO - Started process (PID=5620) to work on /opt/airflow/dags/weather_gold_v1.py
[2025-10-13T08:22:04.248+0000] {processor.py:830} INFO - Processing file /opt/airflow/dags/weather_gold_v1.py for tasks to queue
[2025-10-13T08:22:04.848+0000] {logging_mixin.py:188} INFO - [2025-10-13T08:22:04.846+0000] {dagbag.py:540} INFO - Filling up the DagBag from /opt/airflow/dags/weather_gold_v1.py
[2025-10-13T08:22:17.577+0000] {processor.py:840} INFO - DAG(s) 'weather_gold_v1' retrieved from /opt/airflow/dags/weather_gold_v1.py
[2025-10-13T08:22:23.514+0000] {logging_mixin.py:188} INFO - [2025-10-13T08:22:23.473+0000] {dag.py:3047} INFO - Sync 1 DAGs
[2025-10-13T08:22:27.958+0000] {logging_mixin.py:188} INFO - [2025-10-13T08:22:27.954+0000] {dag.py:3834} INFO - Setting next_dagrun for weather_gold_v1 to 2025-10-12 00:00:00+00:00, run_after=2025-10-19 00:00:00+00:00
[2025-10-13T08:22:30.265+0000] {processor.py:183} INFO - Processing /opt/airflow/dags/weather_gold_v1.py took 29.876 seconds
[2025-10-13T08:23:03.933+0000] {processor.py:161} INFO - Started process (PID=5643) to work on /opt/airflow/dags/weather_gold_v1.py
[2025-10-13T08:23:03.946+0000] {processor.py:830} INFO - Processing file /opt/airflow/dags/weather_gold_v1.py for tasks to queue
[2025-10-13T08:23:03.949+0000] {logging_mixin.py:188} INFO - [2025-10-13T08:23:03.948+0000] {dagbag.py:540} INFO - Filling up the DagBag from /opt/airflow/dags/weather_gold_v1.py
[2025-10-13T08:23:04.029+0000] {processor.py:840} INFO - DAG(s) 'weather_gold_v1' retrieved from /opt/airflow/dags/weather_gold_v1.py
[2025-10-13T08:23:04.420+0000] {logging_mixin.py:188} INFO - [2025-10-13T08:23:04.420+0000] {dag.py:3047} INFO - Sync 1 DAGs
[2025-10-13T08:23:04.764+0000] {logging_mixin.py:188} INFO - [2025-10-13T08:23:04.764+0000] {dag.py:3834} INFO - Setting next_dagrun for weather_gold_v1 to 2025-10-12 00:00:00+00:00, run_after=2025-10-19 00:00:00+00:00
[2025-10-13T08:23:04.895+0000] {processor.py:183} INFO - Processing /opt/airflow/dags/weather_gold_v1.py took 0.970 seconds
[2025-10-13T08:23:35.393+0000] {processor.py:161} INFO - Started process (PID=5671) to work on /opt/airflow/dags/weather_gold_v1.py
[2025-10-13T08:23:35.395+0000] {processor.py:830} INFO - Processing file /opt/airflow/dags/weather_gold_v1.py for tasks to queue
[2025-10-13T08:23:35.398+0000] {logging_mixin.py:188} INFO - [2025-10-13T08:23:35.397+0000] {dagbag.py:540} INFO - Filling up the DagBag from /opt/airflow/dags/weather_gold_v1.py
[2025-10-13T08:23:35.424+0000] {processor.py:840} INFO - DAG(s) 'weather_gold_v1' retrieved from /opt/airflow/dags/weather_gold_v1.py
[2025-10-13T08:23:35.489+0000] {logging_mixin.py:188} INFO - [2025-10-13T08:23:35.489+0000] {dag.py:3047} INFO - Sync 1 DAGs
[2025-10-13T08:23:35.538+0000] {logging_mixin.py:188} INFO - [2025-10-13T08:23:35.537+0000] {dag.py:3834} INFO - Setting next_dagrun for weather_gold_v1 to 2025-10-12 00:00:00+00:00, run_after=2025-10-19 00:00:00+00:00
[2025-10-13T08:23:35.633+0000] {processor.py:183} INFO - Processing /opt/airflow/dags/weather_gold_v1.py took 0.267 seconds
[2025-10-13T08:24:06.020+0000] {processor.py:161} INFO - Started process (PID=5686) to work on /opt/airflow/dags/weather_gold_v1.py
[2025-10-13T08:24:06.022+0000] {processor.py:830} INFO - Processing file /opt/airflow/dags/weather_gold_v1.py for tasks to queue
[2025-10-13T08:24:06.024+0000] {logging_mixin.py:188} INFO - [2025-10-13T08:24:06.023+0000] {dagbag.py:540} INFO - Filling up the DagBag from /opt/airflow/dags/weather_gold_v1.py
[2025-10-13T08:24:06.054+0000] {processor.py:840} INFO - DAG(s) 'weather_gold_v1' retrieved from /opt/airflow/dags/weather_gold_v1.py
[2025-10-13T08:24:06.123+0000] {logging_mixin.py:188} INFO - [2025-10-13T08:24:06.123+0000] {dag.py:3047} INFO - Sync 1 DAGs
[2025-10-13T08:24:06.164+0000] {logging_mixin.py:188} INFO - [2025-10-13T08:24:06.163+0000] {dag.py:3834} INFO - Setting next_dagrun for weather_gold_v1 to 2025-10-12 00:00:00+00:00, run_after=2025-10-19 00:00:00+00:00
[2025-10-13T08:24:06.216+0000] {processor.py:183} INFO - Processing /opt/airflow/dags/weather_gold_v1.py took 0.199 seconds
[2025-10-13T08:24:37.001+0000] {processor.py:161} INFO - Started process (PID=5701) to work on /opt/airflow/dags/weather_gold_v1.py
[2025-10-13T08:24:37.002+0000] {processor.py:830} INFO - Processing file /opt/airflow/dags/weather_gold_v1.py for tasks to queue
[2025-10-13T08:24:37.003+0000] {logging_mixin.py:188} INFO - [2025-10-13T08:24:37.003+0000] {dagbag.py:540} INFO - Filling up the DagBag from /opt/airflow/dags/weather_gold_v1.py
[2025-10-13T08:24:37.027+0000] {processor.py:840} INFO - DAG(s) 'weather_gold_v1' retrieved from /opt/airflow/dags/weather_gold_v1.py
[2025-10-13T08:24:37.084+0000] {logging_mixin.py:188} INFO - [2025-10-13T08:24:37.084+0000] {dag.py:3047} INFO - Sync 1 DAGs
[2025-10-13T08:24:37.124+0000] {logging_mixin.py:188} INFO - [2025-10-13T08:24:37.124+0000] {dag.py:3834} INFO - Setting next_dagrun for weather_gold_v1 to 2025-10-12 00:00:00+00:00, run_after=2025-10-19 00:00:00+00:00
[2025-10-13T08:24:37.175+0000] {processor.py:183} INFO - Processing /opt/airflow/dags/weather_gold_v1.py took 0.216 seconds
[2025-10-13T08:25:11.003+0000] {processor.py:161} INFO - Started process (PID=5714) to work on /opt/airflow/dags/weather_gold_v1.py
[2025-10-13T08:25:11.193+0000] {processor.py:830} INFO - Processing file /opt/airflow/dags/weather_gold_v1.py for tasks to queue
[2025-10-13T08:25:11.370+0000] {logging_mixin.py:188} INFO - [2025-10-13T08:25:11.370+0000] {dagbag.py:540} INFO - Filling up the DagBag from /opt/airflow/dags/weather_gold_v1.py
[2025-10-13T08:25:18.357+0000] {processor.py:840} INFO - DAG(s) 'weather_gold_v1' retrieved from /opt/airflow/dags/weather_gold_v1.py
[2025-10-13T08:25:24.825+0000] {logging_mixin.py:188} INFO - [2025-10-13T08:25:24.824+0000] {dag.py:3047} INFO - Sync 1 DAGs
[2025-10-13T08:25:25.134+0000] {logging_mixin.py:188} INFO - [2025-10-13T08:25:25.133+0000] {dag.py:3834} INFO - Setting next_dagrun for weather_gold_v1 to 2025-10-12 00:00:00+00:00, run_after=2025-10-19 00:00:00+00:00
[2025-10-13T08:25:25.569+0000] {processor.py:183} INFO - Processing /opt/airflow/dags/weather_gold_v1.py took 14.572 seconds
[2025-10-13T08:25:56.252+0000] {processor.py:161} INFO - Started process (PID=5736) to work on /opt/airflow/dags/weather_gold_v1.py
[2025-10-13T08:25:56.255+0000] {processor.py:830} INFO - Processing file /opt/airflow/dags/weather_gold_v1.py for tasks to queue
[2025-10-13T08:25:56.258+0000] {logging_mixin.py:188} INFO - [2025-10-13T08:25:56.257+0000] {dagbag.py:540} INFO - Filling up the DagBag from /opt/airflow/dags/weather_gold_v1.py
[2025-10-13T08:25:56.305+0000] {processor.py:840} INFO - DAG(s) 'weather_gold_v1' retrieved from /opt/airflow/dags/weather_gold_v1.py
[2025-10-13T08:25:56.460+0000] {logging_mixin.py:188} INFO - [2025-10-13T08:25:56.460+0000] {dag.py:3047} INFO - Sync 1 DAGs
[2025-10-13T08:25:56.626+0000] {logging_mixin.py:188} INFO - [2025-10-13T08:25:56.625+0000] {dag.py:3834} INFO - Setting next_dagrun for weather_gold_v1 to 2025-10-12 00:00:00+00:00, run_after=2025-10-19 00:00:00+00:00
[2025-10-13T08:25:56.693+0000] {processor.py:183} INFO - Processing /opt/airflow/dags/weather_gold_v1.py took 0.448 seconds
[2025-10-13T08:26:27.454+0000] {processor.py:161} INFO - Started process (PID=5751) to work on /opt/airflow/dags/weather_gold_v1.py
[2025-10-13T08:26:27.456+0000] {processor.py:830} INFO - Processing file /opt/airflow/dags/weather_gold_v1.py for tasks to queue
[2025-10-13T08:26:27.458+0000] {logging_mixin.py:188} INFO - [2025-10-13T08:26:27.458+0000] {dagbag.py:540} INFO - Filling up the DagBag from /opt/airflow/dags/weather_gold_v1.py
[2025-10-13T08:26:27.487+0000] {processor.py:840} INFO - DAG(s) 'weather_gold_v1' retrieved from /opt/airflow/dags/weather_gold_v1.py
[2025-10-13T08:26:27.550+0000] {logging_mixin.py:188} INFO - [2025-10-13T08:26:27.550+0000] {dag.py:3047} INFO - Sync 1 DAGs
[2025-10-13T08:26:27.591+0000] {logging_mixin.py:188} INFO - [2025-10-13T08:26:27.591+0000] {dag.py:3834} INFO - Setting next_dagrun for weather_gold_v1 to 2025-10-12 00:00:00+00:00, run_after=2025-10-19 00:00:00+00:00
[2025-10-13T08:26:27.649+0000] {processor.py:183} INFO - Processing /opt/airflow/dags/weather_gold_v1.py took 0.198 seconds
[2025-10-13T08:26:58.013+0000] {processor.py:161} INFO - Started process (PID=5766) to work on /opt/airflow/dags/weather_gold_v1.py
[2025-10-13T08:26:58.015+0000] {processor.py:830} INFO - Processing file /opt/airflow/dags/weather_gold_v1.py for tasks to queue
[2025-10-13T08:26:58.017+0000] {logging_mixin.py:188} INFO - [2025-10-13T08:26:58.017+0000] {dagbag.py:540} INFO - Filling up the DagBag from /opt/airflow/dags/weather_gold_v1.py
[2025-10-13T08:26:58.071+0000] {processor.py:840} INFO - DAG(s) 'weather_gold_v1' retrieved from /opt/airflow/dags/weather_gold_v1.py
[2025-10-13T08:26:58.204+0000] {logging_mixin.py:188} INFO - [2025-10-13T08:26:58.203+0000] {dag.py:3047} INFO - Sync 1 DAGs
[2025-10-13T08:26:58.266+0000] {logging_mixin.py:188} INFO - [2025-10-13T08:26:58.265+0000] {dag.py:3834} INFO - Setting next_dagrun for weather_gold_v1 to 2025-10-12 00:00:00+00:00, run_after=2025-10-19 00:00:00+00:00
[2025-10-13T08:26:58.351+0000] {processor.py:183} INFO - Processing /opt/airflow/dags/weather_gold_v1.py took 0.345 seconds
[2025-10-13T08:27:28.924+0000] {processor.py:161} INFO - Started process (PID=5781) to work on /opt/airflow/dags/weather_gold_v1.py
[2025-10-13T08:27:28.926+0000] {processor.py:830} INFO - Processing file /opt/airflow/dags/weather_gold_v1.py for tasks to queue
[2025-10-13T08:27:28.929+0000] {logging_mixin.py:188} INFO - [2025-10-13T08:27:28.928+0000] {dagbag.py:540} INFO - Filling up the DagBag from /opt/airflow/dags/weather_gold_v1.py
[2025-10-13T08:27:28.967+0000] {processor.py:840} INFO - DAG(s) 'weather_gold_v1' retrieved from /opt/airflow/dags/weather_gold_v1.py
[2025-10-13T08:27:29.053+0000] {logging_mixin.py:188} INFO - [2025-10-13T08:27:29.053+0000] {dag.py:3047} INFO - Sync 1 DAGs
[2025-10-13T08:27:29.108+0000] {logging_mixin.py:188} INFO - [2025-10-13T08:27:29.107+0000] {dag.py:3834} INFO - Setting next_dagrun for weather_gold_v1 to 2025-10-12 00:00:00+00:00, run_after=2025-10-19 00:00:00+00:00
[2025-10-13T08:27:29.183+0000] {processor.py:183} INFO - Processing /opt/airflow/dags/weather_gold_v1.py took 0.263 seconds
[2025-10-13T08:27:59.267+0000] {processor.py:161} INFO - Started process (PID=5796) to work on /opt/airflow/dags/weather_gold_v1.py
[2025-10-13T08:27:59.270+0000] {processor.py:830} INFO - Processing file /opt/airflow/dags/weather_gold_v1.py for tasks to queue
[2025-10-13T08:27:59.273+0000] {logging_mixin.py:188} INFO - [2025-10-13T08:27:59.271+0000] {dagbag.py:540} INFO - Filling up the DagBag from /opt/airflow/dags/weather_gold_v1.py
[2025-10-13T08:27:59.325+0000] {processor.py:840} INFO - DAG(s) 'weather_gold_v1' retrieved from /opt/airflow/dags/weather_gold_v1.py
[2025-10-13T08:27:59.429+0000] {logging_mixin.py:188} INFO - [2025-10-13T08:27:59.428+0000] {dag.py:3047} INFO - Sync 1 DAGs
[2025-10-13T08:27:59.505+0000] {logging_mixin.py:188} INFO - [2025-10-13T08:27:59.505+0000] {dag.py:3834} INFO - Setting next_dagrun for weather_gold_v1 to 2025-10-12 00:00:00+00:00, run_after=2025-10-19 00:00:00+00:00
[2025-10-13T08:27:59.581+0000] {processor.py:183} INFO - Processing /opt/airflow/dags/weather_gold_v1.py took 0.319 seconds
[2025-10-13T08:28:30.341+0000] {processor.py:161} INFO - Started process (PID=5811) to work on /opt/airflow/dags/weather_gold_v1.py
[2025-10-13T08:28:30.343+0000] {processor.py:830} INFO - Processing file /opt/airflow/dags/weather_gold_v1.py for tasks to queue
[2025-10-13T08:28:30.345+0000] {logging_mixin.py:188} INFO - [2025-10-13T08:28:30.345+0000] {dagbag.py:540} INFO - Filling up the DagBag from /opt/airflow/dags/weather_gold_v1.py
[2025-10-13T08:28:30.390+0000] {processor.py:840} INFO - DAG(s) 'weather_gold_v1' retrieved from /opt/airflow/dags/weather_gold_v1.py
[2025-10-13T08:28:30.496+0000] {logging_mixin.py:188} INFO - [2025-10-13T08:28:30.495+0000] {dag.py:3047} INFO - Sync 1 DAGs
[2025-10-13T08:28:30.564+0000] {logging_mixin.py:188} INFO - [2025-10-13T08:28:30.564+0000] {dag.py:3834} INFO - Setting next_dagrun for weather_gold_v1 to 2025-10-12 00:00:00+00:00, run_after=2025-10-19 00:00:00+00:00
[2025-10-13T08:28:30.621+0000] {processor.py:183} INFO - Processing /opt/airflow/dags/weather_gold_v1.py took 0.348 seconds
[2025-10-13T08:29:01.151+0000] {processor.py:161} INFO - Started process (PID=5826) to work on /opt/airflow/dags/weather_gold_v1.py
[2025-10-13T08:29:01.153+0000] {processor.py:830} INFO - Processing file /opt/airflow/dags/weather_gold_v1.py for tasks to queue
[2025-10-13T08:29:01.155+0000] {logging_mixin.py:188} INFO - [2025-10-13T08:29:01.155+0000] {dagbag.py:540} INFO - Filling up the DagBag from /opt/airflow/dags/weather_gold_v1.py
[2025-10-13T08:29:01.181+0000] {processor.py:840} INFO - DAG(s) 'weather_gold_v1' retrieved from /opt/airflow/dags/weather_gold_v1.py
[2025-10-13T08:29:01.235+0000] {logging_mixin.py:188} INFO - [2025-10-13T08:29:01.235+0000] {dag.py:3047} INFO - Sync 1 DAGs
[2025-10-13T08:29:01.276+0000] {logging_mixin.py:188} INFO - [2025-10-13T08:29:01.276+0000] {dag.py:3834} INFO - Setting next_dagrun for weather_gold_v1 to 2025-10-12 00:00:00+00:00, run_after=2025-10-19 00:00:00+00:00
[2025-10-13T08:29:01.329+0000] {processor.py:183} INFO - Processing /opt/airflow/dags/weather_gold_v1.py took 0.180 seconds
[2025-10-13T08:29:31.780+0000] {processor.py:161} INFO - Started process (PID=5841) to work on /opt/airflow/dags/weather_gold_v1.py
[2025-10-13T08:29:31.781+0000] {processor.py:830} INFO - Processing file /opt/airflow/dags/weather_gold_v1.py for tasks to queue
[2025-10-13T08:29:31.783+0000] {logging_mixin.py:188} INFO - [2025-10-13T08:29:31.782+0000] {dagbag.py:540} INFO - Filling up the DagBag from /opt/airflow/dags/weather_gold_v1.py
[2025-10-13T08:29:31.810+0000] {processor.py:840} INFO - DAG(s) 'weather_gold_v1' retrieved from /opt/airflow/dags/weather_gold_v1.py
[2025-10-13T08:29:31.867+0000] {logging_mixin.py:188} INFO - [2025-10-13T08:29:31.867+0000] {dag.py:3047} INFO - Sync 1 DAGs
[2025-10-13T08:29:31.921+0000] {logging_mixin.py:188} INFO - [2025-10-13T08:29:31.921+0000] {dag.py:3834} INFO - Setting next_dagrun for weather_gold_v1 to 2025-10-12 00:00:00+00:00, run_after=2025-10-19 00:00:00+00:00
[2025-10-13T08:29:31.999+0000] {processor.py:183} INFO - Processing /opt/airflow/dags/weather_gold_v1.py took 0.223 seconds
[2025-10-13T08:30:02.550+0000] {processor.py:161} INFO - Started process (PID=5856) to work on /opt/airflow/dags/weather_gold_v1.py
[2025-10-13T08:30:02.551+0000] {processor.py:830} INFO - Processing file /opt/airflow/dags/weather_gold_v1.py for tasks to queue
[2025-10-13T08:30:02.553+0000] {logging_mixin.py:188} INFO - [2025-10-13T08:30:02.552+0000] {dagbag.py:540} INFO - Filling up the DagBag from /opt/airflow/dags/weather_gold_v1.py
[2025-10-13T08:30:02.577+0000] {processor.py:840} INFO - DAG(s) 'weather_gold_v1' retrieved from /opt/airflow/dags/weather_gold_v1.py
[2025-10-13T08:30:02.635+0000] {logging_mixin.py:188} INFO - [2025-10-13T08:30:02.634+0000] {dag.py:3047} INFO - Sync 1 DAGs
[2025-10-13T08:30:02.676+0000] {logging_mixin.py:188} INFO - [2025-10-13T08:30:02.676+0000] {dag.py:3834} INFO - Setting next_dagrun for weather_gold_v1 to 2025-10-12 00:00:00+00:00, run_after=2025-10-19 00:00:00+00:00
[2025-10-13T08:30:02.730+0000] {processor.py:183} INFO - Processing /opt/airflow/dags/weather_gold_v1.py took 0.184 seconds
[2025-10-13T08:30:33.380+0000] {processor.py:161} INFO - Started process (PID=5871) to work on /opt/airflow/dags/weather_gold_v1.py
[2025-10-13T08:30:33.382+0000] {processor.py:830} INFO - Processing file /opt/airflow/dags/weather_gold_v1.py for tasks to queue
[2025-10-13T08:30:33.384+0000] {logging_mixin.py:188} INFO - [2025-10-13T08:30:33.383+0000] {dagbag.py:540} INFO - Filling up the DagBag from /opt/airflow/dags/weather_gold_v1.py
[2025-10-13T08:30:33.411+0000] {processor.py:840} INFO - DAG(s) 'weather_gold_v1' retrieved from /opt/airflow/dags/weather_gold_v1.py
[2025-10-13T08:30:33.469+0000] {logging_mixin.py:188} INFO - [2025-10-13T08:30:33.468+0000] {dag.py:3047} INFO - Sync 1 DAGs
[2025-10-13T08:30:33.510+0000] {logging_mixin.py:188} INFO - [2025-10-13T08:30:33.509+0000] {dag.py:3834} INFO - Setting next_dagrun for weather_gold_v1 to 2025-10-12 00:00:00+00:00, run_after=2025-10-19 00:00:00+00:00
[2025-10-13T08:30:33.563+0000] {processor.py:183} INFO - Processing /opt/airflow/dags/weather_gold_v1.py took 0.185 seconds
[2025-10-13T08:31:03.968+0000] {processor.py:161} INFO - Started process (PID=5886) to work on /opt/airflow/dags/weather_gold_v1.py
[2025-10-13T08:31:03.969+0000] {processor.py:830} INFO - Processing file /opt/airflow/dags/weather_gold_v1.py for tasks to queue
[2025-10-13T08:31:03.970+0000] {logging_mixin.py:188} INFO - [2025-10-13T08:31:03.970+0000] {dagbag.py:540} INFO - Filling up the DagBag from /opt/airflow/dags/weather_gold_v1.py
[2025-10-13T08:31:03.996+0000] {processor.py:840} INFO - DAG(s) 'weather_gold_v1' retrieved from /opt/airflow/dags/weather_gold_v1.py
[2025-10-13T08:31:04.052+0000] {logging_mixin.py:188} INFO - [2025-10-13T08:31:04.051+0000] {dag.py:3047} INFO - Sync 1 DAGs
[2025-10-13T08:31:04.096+0000] {logging_mixin.py:188} INFO - [2025-10-13T08:31:04.095+0000] {dag.py:3834} INFO - Setting next_dagrun for weather_gold_v1 to 2025-10-12 00:00:00+00:00, run_after=2025-10-19 00:00:00+00:00
[2025-10-13T08:31:04.147+0000] {processor.py:183} INFO - Processing /opt/airflow/dags/weather_gold_v1.py took 0.182 seconds
[2025-10-13T08:31:34.695+0000] {processor.py:161} INFO - Started process (PID=5901) to work on /opt/airflow/dags/weather_gold_v1.py
[2025-10-13T08:31:34.697+0000] {processor.py:830} INFO - Processing file /opt/airflow/dags/weather_gold_v1.py for tasks to queue
[2025-10-13T08:31:34.698+0000] {logging_mixin.py:188} INFO - [2025-10-13T08:31:34.698+0000] {dagbag.py:540} INFO - Filling up the DagBag from /opt/airflow/dags/weather_gold_v1.py
[2025-10-13T08:31:34.726+0000] {processor.py:840} INFO - DAG(s) 'weather_gold_v1' retrieved from /opt/airflow/dags/weather_gold_v1.py
[2025-10-13T08:31:34.781+0000] {logging_mixin.py:188} INFO - [2025-10-13T08:31:34.781+0000] {dag.py:3047} INFO - Sync 1 DAGs
[2025-10-13T08:31:34.821+0000] {logging_mixin.py:188} INFO - [2025-10-13T08:31:34.821+0000] {dag.py:3834} INFO - Setting next_dagrun for weather_gold_v1 to 2025-10-12 00:00:00+00:00, run_after=2025-10-19 00:00:00+00:00
[2025-10-13T08:31:34.872+0000] {processor.py:183} INFO - Processing /opt/airflow/dags/weather_gold_v1.py took 0.180 seconds
[2025-10-13T08:32:05.287+0000] {processor.py:161} INFO - Started process (PID=5916) to work on /opt/airflow/dags/weather_gold_v1.py
[2025-10-13T08:32:05.289+0000] {processor.py:830} INFO - Processing file /opt/airflow/dags/weather_gold_v1.py for tasks to queue
[2025-10-13T08:32:05.290+0000] {logging_mixin.py:188} INFO - [2025-10-13T08:32:05.290+0000] {dagbag.py:540} INFO - Filling up the DagBag from /opt/airflow/dags/weather_gold_v1.py
[2025-10-13T08:32:05.316+0000] {processor.py:840} INFO - DAG(s) 'weather_gold_v1' retrieved from /opt/airflow/dags/weather_gold_v1.py
[2025-10-13T08:32:05.384+0000] {logging_mixin.py:188} INFO - [2025-10-13T08:32:05.384+0000] {dag.py:3047} INFO - Sync 1 DAGs
[2025-10-13T08:32:05.435+0000] {logging_mixin.py:188} INFO - [2025-10-13T08:32:05.435+0000] {dag.py:3834} INFO - Setting next_dagrun for weather_gold_v1 to 2025-10-12 00:00:00+00:00, run_after=2025-10-19 00:00:00+00:00
[2025-10-13T08:32:05.505+0000] {processor.py:183} INFO - Processing /opt/airflow/dags/weather_gold_v1.py took 0.222 seconds
[2025-10-13T08:32:35.996+0000] {processor.py:161} INFO - Started process (PID=5931) to work on /opt/airflow/dags/weather_gold_v1.py
[2025-10-13T08:32:35.998+0000] {processor.py:830} INFO - Processing file /opt/airflow/dags/weather_gold_v1.py for tasks to queue
[2025-10-13T08:32:36.002+0000] {logging_mixin.py:188} INFO - [2025-10-13T08:32:36.002+0000] {dagbag.py:540} INFO - Filling up the DagBag from /opt/airflow/dags/weather_gold_v1.py
[2025-10-13T08:32:36.064+0000] {processor.py:840} INFO - DAG(s) 'weather_gold_v1' retrieved from /opt/airflow/dags/weather_gold_v1.py
[2025-10-13T08:32:36.127+0000] {logging_mixin.py:188} INFO - [2025-10-13T08:32:36.126+0000] {dag.py:3047} INFO - Sync 1 DAGs
[2025-10-13T08:32:36.171+0000] {logging_mixin.py:188} INFO - [2025-10-13T08:32:36.171+0000] {dag.py:3834} INFO - Setting next_dagrun for weather_gold_v1 to 2025-10-12 00:00:00+00:00, run_after=2025-10-19 00:00:00+00:00
[2025-10-13T08:32:36.225+0000] {processor.py:183} INFO - Processing /opt/airflow/dags/weather_gold_v1.py took 0.235 seconds
[2025-10-13T08:33:06.699+0000] {processor.py:161} INFO - Started process (PID=5946) to work on /opt/airflow/dags/weather_gold_v1.py
[2025-10-13T08:33:06.701+0000] {processor.py:830} INFO - Processing file /opt/airflow/dags/weather_gold_v1.py for tasks to queue
[2025-10-13T08:33:06.702+0000] {logging_mixin.py:188} INFO - [2025-10-13T08:33:06.702+0000] {dagbag.py:540} INFO - Filling up the DagBag from /opt/airflow/dags/weather_gold_v1.py
[2025-10-13T08:33:06.735+0000] {processor.py:840} INFO - DAG(s) 'weather_gold_v1' retrieved from /opt/airflow/dags/weather_gold_v1.py
[2025-10-13T08:33:06.787+0000] {logging_mixin.py:188} INFO - [2025-10-13T08:33:06.786+0000] {dag.py:3047} INFO - Sync 1 DAGs
[2025-10-13T08:33:06.826+0000] {logging_mixin.py:188} INFO - [2025-10-13T08:33:06.826+0000] {dag.py:3834} INFO - Setting next_dagrun for weather_gold_v1 to 2025-10-12 00:00:00+00:00, run_after=2025-10-19 00:00:00+00:00
[2025-10-13T08:33:06.878+0000] {processor.py:183} INFO - Processing /opt/airflow/dags/weather_gold_v1.py took 0.182 seconds
[2025-10-13T08:33:37.530+0000] {processor.py:161} INFO - Started process (PID=5961) to work on /opt/airflow/dags/weather_gold_v1.py
[2025-10-13T08:33:37.531+0000] {processor.py:830} INFO - Processing file /opt/airflow/dags/weather_gold_v1.py for tasks to queue
[2025-10-13T08:33:37.533+0000] {logging_mixin.py:188} INFO - [2025-10-13T08:33:37.532+0000] {dagbag.py:540} INFO - Filling up the DagBag from /opt/airflow/dags/weather_gold_v1.py
[2025-10-13T08:33:37.555+0000] {processor.py:840} INFO - DAG(s) 'weather_gold_v1' retrieved from /opt/airflow/dags/weather_gold_v1.py
[2025-10-13T08:33:37.607+0000] {logging_mixin.py:188} INFO - [2025-10-13T08:33:37.607+0000] {dag.py:3047} INFO - Sync 1 DAGs
[2025-10-13T08:33:37.649+0000] {logging_mixin.py:188} INFO - [2025-10-13T08:33:37.649+0000] {dag.py:3834} INFO - Setting next_dagrun for weather_gold_v1 to 2025-10-12 00:00:00+00:00, run_after=2025-10-19 00:00:00+00:00
[2025-10-13T08:33:37.702+0000] {processor.py:183} INFO - Processing /opt/airflow/dags/weather_gold_v1.py took 0.174 seconds
[2025-10-13T08:34:08.203+0000] {processor.py:161} INFO - Started process (PID=5976) to work on /opt/airflow/dags/weather_gold_v1.py
[2025-10-13T08:34:08.213+0000] {processor.py:830} INFO - Processing file /opt/airflow/dags/weather_gold_v1.py for tasks to queue
[2025-10-13T08:34:08.216+0000] {logging_mixin.py:188} INFO - [2025-10-13T08:34:08.215+0000] {dagbag.py:540} INFO - Filling up the DagBag from /opt/airflow/dags/weather_gold_v1.py
[2025-10-13T08:34:08.312+0000] {processor.py:840} INFO - DAG(s) 'weather_gold_v1' retrieved from /opt/airflow/dags/weather_gold_v1.py
[2025-10-13T08:34:08.387+0000] {logging_mixin.py:188} INFO - [2025-10-13T08:34:08.387+0000] {dag.py:3047} INFO - Sync 1 DAGs
[2025-10-13T08:34:08.432+0000] {logging_mixin.py:188} INFO - [2025-10-13T08:34:08.431+0000] {dag.py:3834} INFO - Setting next_dagrun for weather_gold_v1 to 2025-10-12 00:00:00+00:00, run_after=2025-10-19 00:00:00+00:00
[2025-10-13T08:34:08.486+0000] {processor.py:183} INFO - Processing /opt/airflow/dags/weather_gold_v1.py took 0.288 seconds
[2025-10-13T08:34:38.973+0000] {processor.py:161} INFO - Started process (PID=5991) to work on /opt/airflow/dags/weather_gold_v1.py
[2025-10-13T08:34:38.974+0000] {processor.py:830} INFO - Processing file /opt/airflow/dags/weather_gold_v1.py for tasks to queue
[2025-10-13T08:34:38.976+0000] {logging_mixin.py:188} INFO - [2025-10-13T08:34:38.975+0000] {dagbag.py:540} INFO - Filling up the DagBag from /opt/airflow/dags/weather_gold_v1.py
[2025-10-13T08:34:39.002+0000] {processor.py:840} INFO - DAG(s) 'weather_gold_v1' retrieved from /opt/airflow/dags/weather_gold_v1.py
[2025-10-13T08:34:39.059+0000] {logging_mixin.py:188} INFO - [2025-10-13T08:34:39.059+0000] {dag.py:3047} INFO - Sync 1 DAGs
[2025-10-13T08:34:39.101+0000] {logging_mixin.py:188} INFO - [2025-10-13T08:34:39.101+0000] {dag.py:3834} INFO - Setting next_dagrun for weather_gold_v1 to 2025-10-12 00:00:00+00:00, run_after=2025-10-19 00:00:00+00:00
[2025-10-13T08:34:39.156+0000] {processor.py:183} INFO - Processing /opt/airflow/dags/weather_gold_v1.py took 0.186 seconds
[2025-10-13T08:35:09.622+0000] {processor.py:161} INFO - Started process (PID=6006) to work on /opt/airflow/dags/weather_gold_v1.py
[2025-10-13T08:35:09.623+0000] {processor.py:830} INFO - Processing file /opt/airflow/dags/weather_gold_v1.py for tasks to queue
[2025-10-13T08:35:09.625+0000] {logging_mixin.py:188} INFO - [2025-10-13T08:35:09.624+0000] {dagbag.py:540} INFO - Filling up the DagBag from /opt/airflow/dags/weather_gold_v1.py
[2025-10-13T08:35:09.646+0000] {processor.py:840} INFO - DAG(s) 'weather_gold_v1' retrieved from /opt/airflow/dags/weather_gold_v1.py
[2025-10-13T08:35:09.705+0000] {logging_mixin.py:188} INFO - [2025-10-13T08:35:09.704+0000] {dag.py:3047} INFO - Sync 1 DAGs
[2025-10-13T08:35:09.745+0000] {logging_mixin.py:188} INFO - [2025-10-13T08:35:09.744+0000] {dag.py:3834} INFO - Setting next_dagrun for weather_gold_v1 to 2025-10-12 00:00:00+00:00, run_after=2025-10-19 00:00:00+00:00
[2025-10-13T08:35:09.795+0000] {processor.py:183} INFO - Processing /opt/airflow/dags/weather_gold_v1.py took 0.177 seconds
[2025-10-13T08:35:39.958+0000] {processor.py:161} INFO - Started process (PID=6021) to work on /opt/airflow/dags/weather_gold_v1.py
[2025-10-13T08:35:39.962+0000] {processor.py:830} INFO - Processing file /opt/airflow/dags/weather_gold_v1.py for tasks to queue
[2025-10-13T08:35:39.967+0000] {logging_mixin.py:188} INFO - [2025-10-13T08:35:39.964+0000] {dagbag.py:540} INFO - Filling up the DagBag from /opt/airflow/dags/weather_gold_v1.py
[2025-10-13T08:35:40.005+0000] {processor.py:840} INFO - DAG(s) 'weather_gold_v1' retrieved from /opt/airflow/dags/weather_gold_v1.py
[2025-10-13T08:35:40.101+0000] {logging_mixin.py:188} INFO - [2025-10-13T08:35:40.100+0000] {dag.py:3047} INFO - Sync 1 DAGs
[2025-10-13T08:35:40.167+0000] {logging_mixin.py:188} INFO - [2025-10-13T08:35:40.166+0000] {dag.py:3834} INFO - Setting next_dagrun for weather_gold_v1 to 2025-10-12 00:00:00+00:00, run_after=2025-10-19 00:00:00+00:00
[2025-10-13T08:35:40.278+0000] {processor.py:183} INFO - Processing /opt/airflow/dags/weather_gold_v1.py took 0.329 seconds
[2025-10-13T08:36:11.023+0000] {processor.py:161} INFO - Started process (PID=6036) to work on /opt/airflow/dags/weather_gold_v1.py
[2025-10-13T08:36:11.026+0000] {processor.py:830} INFO - Processing file /opt/airflow/dags/weather_gold_v1.py for tasks to queue
[2025-10-13T08:36:11.028+0000] {logging_mixin.py:188} INFO - [2025-10-13T08:36:11.027+0000] {dagbag.py:540} INFO - Filling up the DagBag from /opt/airflow/dags/weather_gold_v1.py
[2025-10-13T08:36:11.054+0000] {processor.py:840} INFO - DAG(s) 'weather_gold_v1' retrieved from /opt/airflow/dags/weather_gold_v1.py
[2025-10-13T08:36:11.120+0000] {logging_mixin.py:188} INFO - [2025-10-13T08:36:11.119+0000] {dag.py:3047} INFO - Sync 1 DAGs
[2025-10-13T08:36:11.168+0000] {logging_mixin.py:188} INFO - [2025-10-13T08:36:11.167+0000] {dag.py:3834} INFO - Setting next_dagrun for weather_gold_v1 to 2025-10-12 00:00:00+00:00, run_after=2025-10-19 00:00:00+00:00
[2025-10-13T08:36:11.230+0000] {processor.py:183} INFO - Processing /opt/airflow/dags/weather_gold_v1.py took 0.209 seconds
[2025-10-13T08:36:41.396+0000] {processor.py:161} INFO - Started process (PID=6051) to work on /opt/airflow/dags/weather_gold_v1.py
[2025-10-13T08:36:41.397+0000] {processor.py:830} INFO - Processing file /opt/airflow/dags/weather_gold_v1.py for tasks to queue
[2025-10-13T08:36:41.399+0000] {logging_mixin.py:188} INFO - [2025-10-13T08:36:41.398+0000] {dagbag.py:540} INFO - Filling up the DagBag from /opt/airflow/dags/weather_gold_v1.py
[2025-10-13T08:36:41.432+0000] {processor.py:840} INFO - DAG(s) 'weather_gold_v1' retrieved from /opt/airflow/dags/weather_gold_v1.py
[2025-10-13T08:36:41.488+0000] {logging_mixin.py:188} INFO - [2025-10-13T08:36:41.488+0000] {dag.py:3047} INFO - Sync 1 DAGs
[2025-10-13T08:36:41.526+0000] {logging_mixin.py:188} INFO - [2025-10-13T08:36:41.526+0000] {dag.py:3834} INFO - Setting next_dagrun for weather_gold_v1 to 2025-10-12 00:00:00+00:00, run_after=2025-10-19 00:00:00+00:00
[2025-10-13T08:36:41.577+0000] {processor.py:183} INFO - Processing /opt/airflow/dags/weather_gold_v1.py took 0.183 seconds
[2025-10-13T08:37:12.200+0000] {processor.py:161} INFO - Started process (PID=6066) to work on /opt/airflow/dags/weather_gold_v1.py
[2025-10-13T08:37:12.201+0000] {processor.py:830} INFO - Processing file /opt/airflow/dags/weather_gold_v1.py for tasks to queue
[2025-10-13T08:37:12.203+0000] {logging_mixin.py:188} INFO - [2025-10-13T08:37:12.202+0000] {dagbag.py:540} INFO - Filling up the DagBag from /opt/airflow/dags/weather_gold_v1.py
[2025-10-13T08:37:12.225+0000] {processor.py:840} INFO - DAG(s) 'weather_gold_v1' retrieved from /opt/airflow/dags/weather_gold_v1.py
[2025-10-13T08:37:12.291+0000] {logging_mixin.py:188} INFO - [2025-10-13T08:37:12.290+0000] {dag.py:3047} INFO - Sync 1 DAGs
[2025-10-13T08:37:12.338+0000] {logging_mixin.py:188} INFO - [2025-10-13T08:37:12.338+0000] {dag.py:3834} INFO - Setting next_dagrun for weather_gold_v1 to 2025-10-12 00:00:00+00:00, run_after=2025-10-19 00:00:00+00:00
[2025-10-13T08:37:12.394+0000] {processor.py:183} INFO - Processing /opt/airflow/dags/weather_gold_v1.py took 0.197 seconds
[2025-10-13T08:37:42.932+0000] {processor.py:161} INFO - Started process (PID=6081) to work on /opt/airflow/dags/weather_gold_v1.py
[2025-10-13T08:37:42.933+0000] {processor.py:830} INFO - Processing file /opt/airflow/dags/weather_gold_v1.py for tasks to queue
[2025-10-13T08:37:42.935+0000] {logging_mixin.py:188} INFO - [2025-10-13T08:37:42.934+0000] {dagbag.py:540} INFO - Filling up the DagBag from /opt/airflow/dags/weather_gold_v1.py
[2025-10-13T08:37:42.958+0000] {processor.py:840} INFO - DAG(s) 'weather_gold_v1' retrieved from /opt/airflow/dags/weather_gold_v1.py
[2025-10-13T08:37:43.014+0000] {logging_mixin.py:188} INFO - [2025-10-13T08:37:43.014+0000] {dag.py:3047} INFO - Sync 1 DAGs
[2025-10-13T08:37:43.056+0000] {logging_mixin.py:188} INFO - [2025-10-13T08:37:43.056+0000] {dag.py:3834} INFO - Setting next_dagrun for weather_gold_v1 to 2025-10-12 00:00:00+00:00, run_after=2025-10-19 00:00:00+00:00
[2025-10-13T08:37:43.108+0000] {processor.py:183} INFO - Processing /opt/airflow/dags/weather_gold_v1.py took 0.179 seconds
[2025-10-13T08:38:13.623+0000] {processor.py:161} INFO - Started process (PID=6096) to work on /opt/airflow/dags/weather_gold_v1.py
[2025-10-13T08:38:13.625+0000] {processor.py:830} INFO - Processing file /opt/airflow/dags/weather_gold_v1.py for tasks to queue
[2025-10-13T08:38:13.626+0000] {logging_mixin.py:188} INFO - [2025-10-13T08:38:13.626+0000] {dagbag.py:540} INFO - Filling up the DagBag from /opt/airflow/dags/weather_gold_v1.py
[2025-10-13T08:38:13.650+0000] {processor.py:840} INFO - DAG(s) 'weather_gold_v1' retrieved from /opt/airflow/dags/weather_gold_v1.py
[2025-10-13T08:38:13.707+0000] {logging_mixin.py:188} INFO - [2025-10-13T08:38:13.706+0000] {dag.py:3047} INFO - Sync 1 DAGs
[2025-10-13T08:38:13.747+0000] {logging_mixin.py:188} INFO - [2025-10-13T08:38:13.747+0000] {dag.py:3834} INFO - Setting next_dagrun for weather_gold_v1 to 2025-10-12 00:00:00+00:00, run_after=2025-10-19 00:00:00+00:00
[2025-10-13T08:38:13.813+0000] {processor.py:183} INFO - Processing /opt/airflow/dags/weather_gold_v1.py took 0.193 seconds
[2025-10-13T08:38:44.611+0000] {processor.py:161} INFO - Started process (PID=6111) to work on /opt/airflow/dags/weather_gold_v1.py
[2025-10-13T08:38:44.613+0000] {processor.py:830} INFO - Processing file /opt/airflow/dags/weather_gold_v1.py for tasks to queue
[2025-10-13T08:38:44.615+0000] {logging_mixin.py:188} INFO - [2025-10-13T08:38:44.615+0000] {dagbag.py:540} INFO - Filling up the DagBag from /opt/airflow/dags/weather_gold_v1.py
[2025-10-13T08:38:44.660+0000] {processor.py:840} INFO - DAG(s) 'weather_gold_v1' retrieved from /opt/airflow/dags/weather_gold_v1.py
[2025-10-13T08:38:44.726+0000] {logging_mixin.py:188} INFO - [2025-10-13T08:38:44.725+0000] {dag.py:3047} INFO - Sync 1 DAGs
[2025-10-13T08:38:44.770+0000] {logging_mixin.py:188} INFO - [2025-10-13T08:38:44.770+0000] {dag.py:3834} INFO - Setting next_dagrun for weather_gold_v1 to 2025-10-12 00:00:00+00:00, run_after=2025-10-19 00:00:00+00:00
[2025-10-13T08:38:44.838+0000] {processor.py:183} INFO - Processing /opt/airflow/dags/weather_gold_v1.py took 0.230 seconds
[2025-10-13T08:39:15.279+0000] {processor.py:161} INFO - Started process (PID=6126) to work on /opt/airflow/dags/weather_gold_v1.py
[2025-10-13T08:39:15.280+0000] {processor.py:830} INFO - Processing file /opt/airflow/dags/weather_gold_v1.py for tasks to queue
[2025-10-13T08:39:15.281+0000] {logging_mixin.py:188} INFO - [2025-10-13T08:39:15.281+0000] {dagbag.py:540} INFO - Filling up the DagBag from /opt/airflow/dags/weather_gold_v1.py
[2025-10-13T08:39:15.305+0000] {processor.py:840} INFO - DAG(s) 'weather_gold_v1' retrieved from /opt/airflow/dags/weather_gold_v1.py
[2025-10-13T08:39:15.360+0000] {logging_mixin.py:188} INFO - [2025-10-13T08:39:15.359+0000] {dag.py:3047} INFO - Sync 1 DAGs
[2025-10-13T08:39:15.404+0000] {logging_mixin.py:188} INFO - [2025-10-13T08:39:15.404+0000] {dag.py:3834} INFO - Setting next_dagrun for weather_gold_v1 to 2025-10-12 00:00:00+00:00, run_after=2025-10-19 00:00:00+00:00
[2025-10-13T08:39:15.458+0000] {processor.py:183} INFO - Processing /opt/airflow/dags/weather_gold_v1.py took 0.183 seconds
[2025-10-13T08:39:45.826+0000] {processor.py:161} INFO - Started process (PID=6141) to work on /opt/airflow/dags/weather_gold_v1.py
[2025-10-13T08:39:45.827+0000] {processor.py:830} INFO - Processing file /opt/airflow/dags/weather_gold_v1.py for tasks to queue
[2025-10-13T08:39:45.829+0000] {logging_mixin.py:188} INFO - [2025-10-13T08:39:45.829+0000] {dagbag.py:540} INFO - Filling up the DagBag from /opt/airflow/dags/weather_gold_v1.py
[2025-10-13T08:39:45.856+0000] {processor.py:840} INFO - DAG(s) 'weather_gold_v1' retrieved from /opt/airflow/dags/weather_gold_v1.py
[2025-10-13T08:39:45.914+0000] {logging_mixin.py:188} INFO - [2025-10-13T08:39:45.913+0000] {dag.py:3047} INFO - Sync 1 DAGs
[2025-10-13T08:39:45.956+0000] {logging_mixin.py:188} INFO - [2025-10-13T08:39:45.956+0000] {dag.py:3834} INFO - Setting next_dagrun for weather_gold_v1 to 2025-10-12 00:00:00+00:00, run_after=2025-10-19 00:00:00+00:00
[2025-10-13T08:39:46.015+0000] {processor.py:183} INFO - Processing /opt/airflow/dags/weather_gold_v1.py took 0.193 seconds
[2025-10-13T08:40:16.395+0000] {processor.py:161} INFO - Started process (PID=6156) to work on /opt/airflow/dags/weather_gold_v1.py
[2025-10-13T08:40:16.397+0000] {processor.py:830} INFO - Processing file /opt/airflow/dags/weather_gold_v1.py for tasks to queue
[2025-10-13T08:40:16.399+0000] {logging_mixin.py:188} INFO - [2025-10-13T08:40:16.398+0000] {dagbag.py:540} INFO - Filling up the DagBag from /opt/airflow/dags/weather_gold_v1.py
[2025-10-13T08:40:16.426+0000] {processor.py:840} INFO - DAG(s) 'weather_gold_v1' retrieved from /opt/airflow/dags/weather_gold_v1.py
[2025-10-13T08:40:16.481+0000] {logging_mixin.py:188} INFO - [2025-10-13T08:40:16.481+0000] {dag.py:3047} INFO - Sync 1 DAGs
[2025-10-13T08:40:16.526+0000] {logging_mixin.py:188} INFO - [2025-10-13T08:40:16.526+0000] {dag.py:3834} INFO - Setting next_dagrun for weather_gold_v1 to 2025-10-12 00:00:00+00:00, run_after=2025-10-19 00:00:00+00:00
[2025-10-13T08:40:16.600+0000] {processor.py:183} INFO - Processing /opt/airflow/dags/weather_gold_v1.py took 0.209 seconds
[2025-10-13T08:40:47.123+0000] {processor.py:161} INFO - Started process (PID=6171) to work on /opt/airflow/dags/weather_gold_v1.py
[2025-10-13T08:40:47.125+0000] {processor.py:830} INFO - Processing file /opt/airflow/dags/weather_gold_v1.py for tasks to queue
[2025-10-13T08:40:47.126+0000] {logging_mixin.py:188} INFO - [2025-10-13T08:40:47.126+0000] {dagbag.py:540} INFO - Filling up the DagBag from /opt/airflow/dags/weather_gold_v1.py
[2025-10-13T08:40:47.155+0000] {processor.py:840} INFO - DAG(s) 'weather_gold_v1' retrieved from /opt/airflow/dags/weather_gold_v1.py
[2025-10-13T08:40:47.218+0000] {logging_mixin.py:188} INFO - [2025-10-13T08:40:47.218+0000] {dag.py:3047} INFO - Sync 1 DAGs
[2025-10-13T08:40:47.261+0000] {logging_mixin.py:188} INFO - [2025-10-13T08:40:47.260+0000] {dag.py:3834} INFO - Setting next_dagrun for weather_gold_v1 to 2025-10-12 00:00:00+00:00, run_after=2025-10-19 00:00:00+00:00
[2025-10-13T08:40:47.313+0000] {processor.py:183} INFO - Processing /opt/airflow/dags/weather_gold_v1.py took 0.192 seconds
[2025-10-13T08:41:17.657+0000] {processor.py:161} INFO - Started process (PID=6186) to work on /opt/airflow/dags/weather_gold_v1.py
[2025-10-13T08:41:17.659+0000] {processor.py:830} INFO - Processing file /opt/airflow/dags/weather_gold_v1.py for tasks to queue
[2025-10-13T08:41:17.660+0000] {logging_mixin.py:188} INFO - [2025-10-13T08:41:17.660+0000] {dagbag.py:540} INFO - Filling up the DagBag from /opt/airflow/dags/weather_gold_v1.py
[2025-10-13T08:41:17.687+0000] {processor.py:840} INFO - DAG(s) 'weather_gold_v1' retrieved from /opt/airflow/dags/weather_gold_v1.py
[2025-10-13T08:41:17.743+0000] {logging_mixin.py:188} INFO - [2025-10-13T08:41:17.743+0000] {dag.py:3047} INFO - Sync 1 DAGs
[2025-10-13T08:41:17.784+0000] {logging_mixin.py:188} INFO - [2025-10-13T08:41:17.784+0000] {dag.py:3834} INFO - Setting next_dagrun for weather_gold_v1 to 2025-10-12 00:00:00+00:00, run_after=2025-10-19 00:00:00+00:00
[2025-10-13T08:41:17.835+0000] {processor.py:183} INFO - Processing /opt/airflow/dags/weather_gold_v1.py took 0.180 seconds
[2025-10-13T08:41:48.214+0000] {processor.py:161} INFO - Started process (PID=6201) to work on /opt/airflow/dags/weather_gold_v1.py
[2025-10-13T08:41:48.215+0000] {processor.py:830} INFO - Processing file /opt/airflow/dags/weather_gold_v1.py for tasks to queue
[2025-10-13T08:41:48.216+0000] {logging_mixin.py:188} INFO - [2025-10-13T08:41:48.216+0000] {dagbag.py:540} INFO - Filling up the DagBag from /opt/airflow/dags/weather_gold_v1.py
[2025-10-13T08:41:48.241+0000] {processor.py:840} INFO - DAG(s) 'weather_gold_v1' retrieved from /opt/airflow/dags/weather_gold_v1.py
[2025-10-13T08:41:48.296+0000] {logging_mixin.py:188} INFO - [2025-10-13T08:41:48.296+0000] {dag.py:3047} INFO - Sync 1 DAGs
[2025-10-13T08:41:48.339+0000] {logging_mixin.py:188} INFO - [2025-10-13T08:41:48.338+0000] {dag.py:3834} INFO - Setting next_dagrun for weather_gold_v1 to 2025-10-12 00:00:00+00:00, run_after=2025-10-19 00:00:00+00:00
[2025-10-13T08:41:48.407+0000] {processor.py:183} INFO - Processing /opt/airflow/dags/weather_gold_v1.py took 0.196 seconds
[2025-10-13T08:42:19.235+0000] {processor.py:161} INFO - Started process (PID=6216) to work on /opt/airflow/dags/weather_gold_v1.py
[2025-10-13T08:42:19.239+0000] {processor.py:830} INFO - Processing file /opt/airflow/dags/weather_gold_v1.py for tasks to queue
[2025-10-13T08:42:19.249+0000] {logging_mixin.py:188} INFO - [2025-10-13T08:42:19.248+0000] {dagbag.py:540} INFO - Filling up the DagBag from /opt/airflow/dags/weather_gold_v1.py
[2025-10-13T08:42:19.293+0000] {processor.py:840} INFO - DAG(s) 'weather_gold_v1' retrieved from /opt/airflow/dags/weather_gold_v1.py
[2025-10-13T08:42:19.409+0000] {logging_mixin.py:188} INFO - [2025-10-13T08:42:19.408+0000] {dag.py:3047} INFO - Sync 1 DAGs
[2025-10-13T08:42:19.480+0000] {logging_mixin.py:188} INFO - [2025-10-13T08:42:19.480+0000] {dag.py:3834} INFO - Setting next_dagrun for weather_gold_v1 to 2025-10-12 00:00:00+00:00, run_after=2025-10-19 00:00:00+00:00
[2025-10-13T08:42:19.547+0000] {processor.py:183} INFO - Processing /opt/airflow/dags/weather_gold_v1.py took 0.317 seconds
[2025-10-13T08:42:49.764+0000] {processor.py:161} INFO - Started process (PID=6231) to work on /opt/airflow/dags/weather_gold_v1.py
[2025-10-13T08:42:49.765+0000] {processor.py:830} INFO - Processing file /opt/airflow/dags/weather_gold_v1.py for tasks to queue
[2025-10-13T08:42:49.767+0000] {logging_mixin.py:188} INFO - [2025-10-13T08:42:49.767+0000] {dagbag.py:540} INFO - Filling up the DagBag from /opt/airflow/dags/weather_gold_v1.py
[2025-10-13T08:42:49.793+0000] {processor.py:840} INFO - DAG(s) 'weather_gold_v1' retrieved from /opt/airflow/dags/weather_gold_v1.py
[2025-10-13T08:42:49.851+0000] {logging_mixin.py:188} INFO - [2025-10-13T08:42:49.851+0000] {dag.py:3047} INFO - Sync 1 DAGs
[2025-10-13T08:42:49.893+0000] {logging_mixin.py:188} INFO - [2025-10-13T08:42:49.893+0000] {dag.py:3834} INFO - Setting next_dagrun for weather_gold_v1 to 2025-10-12 00:00:00+00:00, run_after=2025-10-19 00:00:00+00:00
[2025-10-13T08:42:49.943+0000] {processor.py:183} INFO - Processing /opt/airflow/dags/weather_gold_v1.py took 0.181 seconds
[2025-10-13T08:43:20.293+0000] {processor.py:161} INFO - Started process (PID=6246) to work on /opt/airflow/dags/weather_gold_v1.py
[2025-10-13T08:43:20.294+0000] {processor.py:830} INFO - Processing file /opt/airflow/dags/weather_gold_v1.py for tasks to queue
[2025-10-13T08:43:20.296+0000] {logging_mixin.py:188} INFO - [2025-10-13T08:43:20.296+0000] {dagbag.py:540} INFO - Filling up the DagBag from /opt/airflow/dags/weather_gold_v1.py
[2025-10-13T08:43:20.326+0000] {processor.py:840} INFO - DAG(s) 'weather_gold_v1' retrieved from /opt/airflow/dags/weather_gold_v1.py
[2025-10-13T08:43:20.384+0000] {logging_mixin.py:188} INFO - [2025-10-13T08:43:20.384+0000] {dag.py:3047} INFO - Sync 1 DAGs
[2025-10-13T08:43:20.425+0000] {logging_mixin.py:188} INFO - [2025-10-13T08:43:20.425+0000] {dag.py:3834} INFO - Setting next_dagrun for weather_gold_v1 to 2025-10-12 00:00:00+00:00, run_after=2025-10-19 00:00:00+00:00
[2025-10-13T08:43:20.483+0000] {processor.py:183} INFO - Processing /opt/airflow/dags/weather_gold_v1.py took 0.194 seconds
[2025-10-13T08:43:51.084+0000] {processor.py:161} INFO - Started process (PID=6261) to work on /opt/airflow/dags/weather_gold_v1.py
[2025-10-13T08:43:51.085+0000] {processor.py:830} INFO - Processing file /opt/airflow/dags/weather_gold_v1.py for tasks to queue
[2025-10-13T08:43:51.087+0000] {logging_mixin.py:188} INFO - [2025-10-13T08:43:51.087+0000] {dagbag.py:540} INFO - Filling up the DagBag from /opt/airflow/dags/weather_gold_v1.py
[2025-10-13T08:43:51.112+0000] {processor.py:840} INFO - DAG(s) 'weather_gold_v1' retrieved from /opt/airflow/dags/weather_gold_v1.py
[2025-10-13T08:43:51.165+0000] {logging_mixin.py:188} INFO - [2025-10-13T08:43:51.164+0000] {dag.py:3047} INFO - Sync 1 DAGs
[2025-10-13T08:43:51.206+0000] {logging_mixin.py:188} INFO - [2025-10-13T08:43:51.206+0000] {dag.py:3834} INFO - Setting next_dagrun for weather_gold_v1 to 2025-10-12 00:00:00+00:00, run_after=2025-10-19 00:00:00+00:00
[2025-10-13T08:43:51.261+0000] {processor.py:183} INFO - Processing /opt/airflow/dags/weather_gold_v1.py took 0.180 seconds
[2025-10-13T08:44:21.755+0000] {processor.py:161} INFO - Started process (PID=6276) to work on /opt/airflow/dags/weather_gold_v1.py
[2025-10-13T08:44:21.756+0000] {processor.py:830} INFO - Processing file /opt/airflow/dags/weather_gold_v1.py for tasks to queue
[2025-10-13T08:44:21.758+0000] {logging_mixin.py:188} INFO - [2025-10-13T08:44:21.757+0000] {dagbag.py:540} INFO - Filling up the DagBag from /opt/airflow/dags/weather_gold_v1.py
[2025-10-13T08:44:21.784+0000] {processor.py:840} INFO - DAG(s) 'weather_gold_v1' retrieved from /opt/airflow/dags/weather_gold_v1.py
[2025-10-13T08:44:21.843+0000] {logging_mixin.py:188} INFO - [2025-10-13T08:44:21.843+0000] {dag.py:3047} INFO - Sync 1 DAGs
[2025-10-13T08:44:21.883+0000] {logging_mixin.py:188} INFO - [2025-10-13T08:44:21.883+0000] {dag.py:3834} INFO - Setting next_dagrun for weather_gold_v1 to 2025-10-12 00:00:00+00:00, run_after=2025-10-19 00:00:00+00:00
[2025-10-13T08:44:21.935+0000] {processor.py:183} INFO - Processing /opt/airflow/dags/weather_gold_v1.py took 0.183 seconds
[2025-10-13T08:44:52.347+0000] {processor.py:161} INFO - Started process (PID=6291) to work on /opt/airflow/dags/weather_gold_v1.py
[2025-10-13T08:44:52.349+0000] {processor.py:830} INFO - Processing file /opt/airflow/dags/weather_gold_v1.py for tasks to queue
[2025-10-13T08:44:52.350+0000] {logging_mixin.py:188} INFO - [2025-10-13T08:44:52.350+0000] {dagbag.py:540} INFO - Filling up the DagBag from /opt/airflow/dags/weather_gold_v1.py
[2025-10-13T08:44:52.375+0000] {processor.py:840} INFO - DAG(s) 'weather_gold_v1' retrieved from /opt/airflow/dags/weather_gold_v1.py
[2025-10-13T08:44:52.426+0000] {logging_mixin.py:188} INFO - [2025-10-13T08:44:52.426+0000] {dag.py:3047} INFO - Sync 1 DAGs
[2025-10-13T08:44:52.463+0000] {logging_mixin.py:188} INFO - [2025-10-13T08:44:52.462+0000] {dag.py:3834} INFO - Setting next_dagrun for weather_gold_v1 to 2025-10-12 00:00:00+00:00, run_after=2025-10-19 00:00:00+00:00
[2025-10-13T08:44:52.510+0000] {processor.py:183} INFO - Processing /opt/airflow/dags/weather_gold_v1.py took 0.165 seconds
[2025-10-13T08:45:23.054+0000] {processor.py:161} INFO - Started process (PID=6306) to work on /opt/airflow/dags/weather_gold_v1.py
[2025-10-13T08:45:23.056+0000] {processor.py:830} INFO - Processing file /opt/airflow/dags/weather_gold_v1.py for tasks to queue
[2025-10-13T08:45:23.057+0000] {logging_mixin.py:188} INFO - [2025-10-13T08:45:23.057+0000] {dagbag.py:540} INFO - Filling up the DagBag from /opt/airflow/dags/weather_gold_v1.py
[2025-10-13T08:45:23.081+0000] {processor.py:840} INFO - DAG(s) 'weather_gold_v1' retrieved from /opt/airflow/dags/weather_gold_v1.py
[2025-10-13T08:45:23.141+0000] {logging_mixin.py:188} INFO - [2025-10-13T08:45:23.140+0000] {dag.py:3047} INFO - Sync 1 DAGs
[2025-10-13T08:45:23.184+0000] {logging_mixin.py:188} INFO - [2025-10-13T08:45:23.184+0000] {dag.py:3834} INFO - Setting next_dagrun for weather_gold_v1 to 2025-10-12 00:00:00+00:00, run_after=2025-10-19 00:00:00+00:00
[2025-10-13T08:45:23.238+0000] {processor.py:183} INFO - Processing /opt/airflow/dags/weather_gold_v1.py took 0.187 seconds
[2025-10-13T09:16:18.106+0000] {processor.py:161} INFO - Started process (PID=6312) to work on /opt/airflow/dags/weather_gold_v1.py
[2025-10-13T09:16:18.121+0000] {processor.py:830} INFO - Processing file /opt/airflow/dags/weather_gold_v1.py for tasks to queue
[2025-10-13T09:16:18.135+0000] {logging_mixin.py:188} INFO - [2025-10-13T09:16:18.131+0000] {dagbag.py:540} INFO - Filling up the DagBag from /opt/airflow/dags/weather_gold_v1.py
[2025-10-13T09:16:18.328+0000] {processor.py:840} INFO - DAG(s) 'weather_gold_v1' retrieved from /opt/airflow/dags/weather_gold_v1.py
[2025-10-13T09:16:18.649+0000] {logging_mixin.py:188} INFO - [2025-10-13T09:16:18.648+0000] {dag.py:3047} INFO - Sync 1 DAGs
[2025-10-13T09:16:18.831+0000] {logging_mixin.py:188} INFO - [2025-10-13T09:16:18.831+0000] {dag.py:3834} INFO - Setting next_dagrun for weather_gold_v1 to 2025-10-12 00:00:00+00:00, run_after=2025-10-19 00:00:00+00:00
[2025-10-13T09:16:19.093+0000] {processor.py:183} INFO - Processing /opt/airflow/dags/weather_gold_v1.py took 1.011 seconds
[2025-10-13T09:16:49.294+0000] {processor.py:161} INFO - Started process (PID=6327) to work on /opt/airflow/dags/weather_gold_v1.py
[2025-10-13T09:16:49.296+0000] {processor.py:830} INFO - Processing file /opt/airflow/dags/weather_gold_v1.py for tasks to queue
[2025-10-13T09:16:49.298+0000] {logging_mixin.py:188} INFO - [2025-10-13T09:16:49.298+0000] {dagbag.py:540} INFO - Filling up the DagBag from /opt/airflow/dags/weather_gold_v1.py
[2025-10-13T09:16:49.350+0000] {processor.py:840} INFO - DAG(s) 'weather_gold_v1' retrieved from /opt/airflow/dags/weather_gold_v1.py
[2025-10-13T09:16:49.465+0000] {logging_mixin.py:188} INFO - [2025-10-13T09:16:49.464+0000] {dag.py:3047} INFO - Sync 1 DAGs
[2025-10-13T09:16:49.580+0000] {logging_mixin.py:188} INFO - [2025-10-13T09:16:49.579+0000] {dag.py:3834} INFO - Setting next_dagrun for weather_gold_v1 to 2025-10-12 00:00:00+00:00, run_after=2025-10-19 00:00:00+00:00
[2025-10-13T09:16:49.678+0000] {processor.py:183} INFO - Processing /opt/airflow/dags/weather_gold_v1.py took 0.391 seconds
[2025-10-13T09:17:20.297+0000] {processor.py:161} INFO - Started process (PID=6342) to work on /opt/airflow/dags/weather_gold_v1.py
[2025-10-13T09:17:20.299+0000] {processor.py:830} INFO - Processing file /opt/airflow/dags/weather_gold_v1.py for tasks to queue
[2025-10-13T09:17:20.301+0000] {logging_mixin.py:188} INFO - [2025-10-13T09:17:20.300+0000] {dagbag.py:540} INFO - Filling up the DagBag from /opt/airflow/dags/weather_gold_v1.py
[2025-10-13T09:17:20.339+0000] {processor.py:840} INFO - DAG(s) 'weather_gold_v1' retrieved from /opt/airflow/dags/weather_gold_v1.py
[2025-10-13T09:17:20.433+0000] {logging_mixin.py:188} INFO - [2025-10-13T09:17:20.432+0000] {dag.py:3047} INFO - Sync 1 DAGs
[2025-10-13T09:17:20.501+0000] {logging_mixin.py:188} INFO - [2025-10-13T09:17:20.501+0000] {dag.py:3834} INFO - Setting next_dagrun for weather_gold_v1 to 2025-10-12 00:00:00+00:00, run_after=2025-10-19 00:00:00+00:00
[2025-10-13T09:17:20.607+0000] {processor.py:183} INFO - Processing /opt/airflow/dags/weather_gold_v1.py took 0.317 seconds
[2025-10-13T09:17:51.146+0000] {processor.py:161} INFO - Started process (PID=6357) to work on /opt/airflow/dags/weather_gold_v1.py
[2025-10-13T09:17:51.149+0000] {processor.py:830} INFO - Processing file /opt/airflow/dags/weather_gold_v1.py for tasks to queue
[2025-10-13T09:17:51.153+0000] {logging_mixin.py:188} INFO - [2025-10-13T09:17:51.152+0000] {dagbag.py:540} INFO - Filling up the DagBag from /opt/airflow/dags/weather_gold_v1.py
[2025-10-13T09:17:51.201+0000] {processor.py:840} INFO - DAG(s) 'weather_gold_v1' retrieved from /opt/airflow/dags/weather_gold_v1.py
[2025-10-13T09:17:51.309+0000] {logging_mixin.py:188} INFO - [2025-10-13T09:17:51.309+0000] {dag.py:3047} INFO - Sync 1 DAGs
[2025-10-13T09:17:51.459+0000] {logging_mixin.py:188} INFO - [2025-10-13T09:17:51.458+0000] {dag.py:3834} INFO - Setting next_dagrun for weather_gold_v1 to 2025-10-12 00:00:00+00:00, run_after=2025-10-19 00:00:00+00:00
[2025-10-13T09:17:51.689+0000] {processor.py:183} INFO - Processing /opt/airflow/dags/weather_gold_v1.py took 0.552 seconds
[2025-10-13T09:18:22.619+0000] {processor.py:161} INFO - Started process (PID=6372) to work on /opt/airflow/dags/weather_gold_v1.py
[2025-10-13T09:18:22.623+0000] {processor.py:830} INFO - Processing file /opt/airflow/dags/weather_gold_v1.py for tasks to queue
[2025-10-13T09:18:22.627+0000] {logging_mixin.py:188} INFO - [2025-10-13T09:18:22.626+0000] {dagbag.py:540} INFO - Filling up the DagBag from /opt/airflow/dags/weather_gold_v1.py
[2025-10-13T09:18:22.705+0000] {processor.py:840} INFO - DAG(s) 'weather_gold_v1' retrieved from /opt/airflow/dags/weather_gold_v1.py
[2025-10-13T09:18:22.874+0000] {logging_mixin.py:188} INFO - [2025-10-13T09:18:22.873+0000] {dag.py:3047} INFO - Sync 1 DAGs
[2025-10-13T09:18:22.996+0000] {logging_mixin.py:188} INFO - [2025-10-13T09:18:22.995+0000] {dag.py:3834} INFO - Setting next_dagrun for weather_gold_v1 to 2025-10-12 00:00:00+00:00, run_after=2025-10-19 00:00:00+00:00
[2025-10-13T09:18:23.133+0000] {processor.py:183} INFO - Processing /opt/airflow/dags/weather_gold_v1.py took 0.526 seconds
[2025-10-13T09:18:53.667+0000] {processor.py:161} INFO - Started process (PID=6387) to work on /opt/airflow/dags/weather_gold_v1.py
[2025-10-13T09:18:53.669+0000] {processor.py:830} INFO - Processing file /opt/airflow/dags/weather_gold_v1.py for tasks to queue
[2025-10-13T09:18:53.671+0000] {logging_mixin.py:188} INFO - [2025-10-13T09:18:53.670+0000] {dagbag.py:540} INFO - Filling up the DagBag from /opt/airflow/dags/weather_gold_v1.py
[2025-10-13T09:18:53.706+0000] {processor.py:840} INFO - DAG(s) 'weather_gold_v1' retrieved from /opt/airflow/dags/weather_gold_v1.py
[2025-10-13T09:18:53.793+0000] {logging_mixin.py:188} INFO - [2025-10-13T09:18:53.793+0000] {dag.py:3047} INFO - Sync 1 DAGs
[2025-10-13T09:18:53.884+0000] {logging_mixin.py:188} INFO - [2025-10-13T09:18:53.884+0000] {dag.py:3834} INFO - Setting next_dagrun for weather_gold_v1 to 2025-10-12 00:00:00+00:00, run_after=2025-10-19 00:00:00+00:00
[2025-10-13T09:18:53.967+0000] {processor.py:183} INFO - Processing /opt/airflow/dags/weather_gold_v1.py took 0.305 seconds
[2025-10-13T09:19:24.716+0000] {processor.py:161} INFO - Started process (PID=6402) to work on /opt/airflow/dags/weather_gold_v1.py
[2025-10-13T09:19:24.720+0000] {processor.py:830} INFO - Processing file /opt/airflow/dags/weather_gold_v1.py for tasks to queue
[2025-10-13T09:19:24.722+0000] {logging_mixin.py:188} INFO - [2025-10-13T09:19:24.722+0000] {dagbag.py:540} INFO - Filling up the DagBag from /opt/airflow/dags/weather_gold_v1.py
[2025-10-13T09:19:24.782+0000] {processor.py:840} INFO - DAG(s) 'weather_gold_v1' retrieved from /opt/airflow/dags/weather_gold_v1.py
[2025-10-13T09:19:24.900+0000] {logging_mixin.py:188} INFO - [2025-10-13T09:19:24.900+0000] {dag.py:3047} INFO - Sync 1 DAGs
[2025-10-13T09:19:24.960+0000] {logging_mixin.py:188} INFO - [2025-10-13T09:19:24.960+0000] {dag.py:3834} INFO - Setting next_dagrun for weather_gold_v1 to 2025-10-12 00:00:00+00:00, run_after=2025-10-19 00:00:00+00:00
[2025-10-13T09:19:25.025+0000] {processor.py:183} INFO - Processing /opt/airflow/dags/weather_gold_v1.py took 0.327 seconds
[2025-10-13T09:19:55.666+0000] {processor.py:161} INFO - Started process (PID=6417) to work on /opt/airflow/dags/weather_gold_v1.py
[2025-10-13T09:19:55.669+0000] {processor.py:830} INFO - Processing file /opt/airflow/dags/weather_gold_v1.py for tasks to queue
[2025-10-13T09:19:55.672+0000] {logging_mixin.py:188} INFO - [2025-10-13T09:19:55.671+0000] {dagbag.py:540} INFO - Filling up the DagBag from /opt/airflow/dags/weather_gold_v1.py
[2025-10-13T09:19:55.749+0000] {processor.py:840} INFO - DAG(s) 'weather_gold_v1' retrieved from /opt/airflow/dags/weather_gold_v1.py
[2025-10-13T09:19:55.901+0000] {logging_mixin.py:188} INFO - [2025-10-13T09:19:55.900+0000] {dag.py:3047} INFO - Sync 1 DAGs
[2025-10-13T09:19:55.982+0000] {logging_mixin.py:188} INFO - [2025-10-13T09:19:55.981+0000] {dag.py:3834} INFO - Setting next_dagrun for weather_gold_v1 to 2025-10-12 00:00:00+00:00, run_after=2025-10-19 00:00:00+00:00
[2025-10-13T09:19:56.074+0000] {processor.py:183} INFO - Processing /opt/airflow/dags/weather_gold_v1.py took 0.418 seconds
[2025-10-13T09:20:26.590+0000] {processor.py:161} INFO - Started process (PID=6432) to work on /opt/airflow/dags/weather_gold_v1.py
[2025-10-13T09:20:26.593+0000] {processor.py:830} INFO - Processing file /opt/airflow/dags/weather_gold_v1.py for tasks to queue
[2025-10-13T09:20:26.596+0000] {logging_mixin.py:188} INFO - [2025-10-13T09:20:26.595+0000] {dagbag.py:540} INFO - Filling up the DagBag from /opt/airflow/dags/weather_gold_v1.py
[2025-10-13T09:20:26.650+0000] {processor.py:840} INFO - DAG(s) 'weather_gold_v1' retrieved from /opt/airflow/dags/weather_gold_v1.py
[2025-10-13T09:20:26.754+0000] {logging_mixin.py:188} INFO - [2025-10-13T09:20:26.753+0000] {dag.py:3047} INFO - Sync 1 DAGs
[2025-10-13T09:20:26.844+0000] {logging_mixin.py:188} INFO - [2025-10-13T09:20:26.843+0000] {dag.py:3834} INFO - Setting next_dagrun for weather_gold_v1 to 2025-10-12 00:00:00+00:00, run_after=2025-10-19 00:00:00+00:00
[2025-10-13T09:20:26.974+0000] {processor.py:183} INFO - Processing /opt/airflow/dags/weather_gold_v1.py took 0.393 seconds
[2025-10-13T09:20:57.779+0000] {processor.py:161} INFO - Started process (PID=6447) to work on /opt/airflow/dags/weather_gold_v1.py
[2025-10-13T09:20:57.781+0000] {processor.py:830} INFO - Processing file /opt/airflow/dags/weather_gold_v1.py for tasks to queue
[2025-10-13T09:20:57.785+0000] {logging_mixin.py:188} INFO - [2025-10-13T09:20:57.783+0000] {dagbag.py:540} INFO - Filling up the DagBag from /opt/airflow/dags/weather_gold_v1.py
[2025-10-13T09:20:57.835+0000] {processor.py:840} INFO - DAG(s) 'weather_gold_v1' retrieved from /opt/airflow/dags/weather_gold_v1.py
[2025-10-13T09:20:57.929+0000] {logging_mixin.py:188} INFO - [2025-10-13T09:20:57.928+0000] {dag.py:3047} INFO - Sync 1 DAGs
[2025-10-13T09:20:57.989+0000] {logging_mixin.py:188} INFO - [2025-10-13T09:20:57.988+0000] {dag.py:3834} INFO - Setting next_dagrun for weather_gold_v1 to 2025-10-12 00:00:00+00:00, run_after=2025-10-19 00:00:00+00:00
[2025-10-13T09:20:58.066+0000] {processor.py:183} INFO - Processing /opt/airflow/dags/weather_gold_v1.py took 0.294 seconds
[2025-10-13T09:21:28.796+0000] {processor.py:161} INFO - Started process (PID=6462) to work on /opt/airflow/dags/weather_gold_v1.py
[2025-10-13T09:21:28.800+0000] {processor.py:830} INFO - Processing file /opt/airflow/dags/weather_gold_v1.py for tasks to queue
[2025-10-13T09:21:28.805+0000] {logging_mixin.py:188} INFO - [2025-10-13T09:21:28.802+0000] {dagbag.py:540} INFO - Filling up the DagBag from /opt/airflow/dags/weather_gold_v1.py
[2025-10-13T09:21:28.866+0000] {processor.py:840} INFO - DAG(s) 'weather_gold_v1' retrieved from /opt/airflow/dags/weather_gold_v1.py
[2025-10-13T09:21:28.979+0000] {logging_mixin.py:188} INFO - [2025-10-13T09:21:28.978+0000] {dag.py:3047} INFO - Sync 1 DAGs
[2025-10-13T09:21:29.056+0000] {logging_mixin.py:188} INFO - [2025-10-13T09:21:29.055+0000] {dag.py:3834} INFO - Setting next_dagrun for weather_gold_v1 to 2025-10-12 00:00:00+00:00, run_after=2025-10-19 00:00:00+00:00
[2025-10-13T09:21:29.177+0000] {processor.py:183} INFO - Processing /opt/airflow/dags/weather_gold_v1.py took 0.390 seconds
[2025-10-13T09:21:59.497+0000] {processor.py:161} INFO - Started process (PID=6477) to work on /opt/airflow/dags/weather_gold_v1.py
[2025-10-13T09:21:59.500+0000] {processor.py:830} INFO - Processing file /opt/airflow/dags/weather_gold_v1.py for tasks to queue
[2025-10-13T09:21:59.503+0000] {logging_mixin.py:188} INFO - [2025-10-13T09:21:59.502+0000] {dagbag.py:540} INFO - Filling up the DagBag from /opt/airflow/dags/weather_gold_v1.py
[2025-10-13T09:21:59.557+0000] {processor.py:840} INFO - DAG(s) 'weather_gold_v1' retrieved from /opt/airflow/dags/weather_gold_v1.py
[2025-10-13T09:21:59.648+0000] {logging_mixin.py:188} INFO - [2025-10-13T09:21:59.647+0000] {dag.py:3047} INFO - Sync 1 DAGs
[2025-10-13T09:21:59.736+0000] {logging_mixin.py:188} INFO - [2025-10-13T09:21:59.735+0000] {dag.py:3834} INFO - Setting next_dagrun for weather_gold_v1 to 2025-10-12 00:00:00+00:00, run_after=2025-10-19 00:00:00+00:00
[2025-10-13T09:21:59.841+0000] {processor.py:183} INFO - Processing /opt/airflow/dags/weather_gold_v1.py took 0.350 seconds
[2025-10-13T09:22:30.445+0000] {processor.py:161} INFO - Started process (PID=6492) to work on /opt/airflow/dags/weather_gold_v1.py
[2025-10-13T09:22:30.448+0000] {processor.py:830} INFO - Processing file /opt/airflow/dags/weather_gold_v1.py for tasks to queue
[2025-10-13T09:22:30.451+0000] {logging_mixin.py:188} INFO - [2025-10-13T09:22:30.450+0000] {dagbag.py:540} INFO - Filling up the DagBag from /opt/airflow/dags/weather_gold_v1.py
[2025-10-13T09:22:30.499+0000] {processor.py:840} INFO - DAG(s) 'weather_gold_v1' retrieved from /opt/airflow/dags/weather_gold_v1.py
[2025-10-13T09:22:30.602+0000] {logging_mixin.py:188} INFO - [2025-10-13T09:22:30.602+0000] {dag.py:3047} INFO - Sync 1 DAGs
[2025-10-13T09:22:30.652+0000] {logging_mixin.py:188} INFO - [2025-10-13T09:22:30.652+0000] {dag.py:3834} INFO - Setting next_dagrun for weather_gold_v1 to 2025-10-12 00:00:00+00:00, run_after=2025-10-19 00:00:00+00:00
[2025-10-13T09:22:30.718+0000] {processor.py:183} INFO - Processing /opt/airflow/dags/weather_gold_v1.py took 0.280 seconds
[2025-10-13T09:23:00.849+0000] {processor.py:161} INFO - Started process (PID=6507) to work on /opt/airflow/dags/weather_gold_v1.py
[2025-10-13T09:23:00.852+0000] {processor.py:830} INFO - Processing file /opt/airflow/dags/weather_gold_v1.py for tasks to queue
[2025-10-13T09:23:00.855+0000] {logging_mixin.py:188} INFO - [2025-10-13T09:23:00.854+0000] {dagbag.py:540} INFO - Filling up the DagBag from /opt/airflow/dags/weather_gold_v1.py
[2025-10-13T09:23:00.897+0000] {processor.py:840} INFO - DAG(s) 'weather_gold_v1' retrieved from /opt/airflow/dags/weather_gold_v1.py
[2025-10-13T09:23:00.999+0000] {logging_mixin.py:188} INFO - [2025-10-13T09:23:00.998+0000] {dag.py:3047} INFO - Sync 1 DAGs
[2025-10-13T09:23:01.103+0000] {logging_mixin.py:188} INFO - [2025-10-13T09:23:01.103+0000] {dag.py:3834} INFO - Setting next_dagrun for weather_gold_v1 to 2025-10-12 00:00:00+00:00, run_after=2025-10-19 00:00:00+00:00
[2025-10-13T09:23:01.207+0000] {processor.py:183} INFO - Processing /opt/airflow/dags/weather_gold_v1.py took 0.365 seconds
[2025-10-13T09:23:32.117+0000] {processor.py:161} INFO - Started process (PID=6522) to work on /opt/airflow/dags/weather_gold_v1.py
[2025-10-13T09:23:32.125+0000] {processor.py:830} INFO - Processing file /opt/airflow/dags/weather_gold_v1.py for tasks to queue
[2025-10-13T09:23:32.132+0000] {logging_mixin.py:188} INFO - [2025-10-13T09:23:32.131+0000] {dagbag.py:540} INFO - Filling up the DagBag from /opt/airflow/dags/weather_gold_v1.py
[2025-10-13T09:23:32.286+0000] {processor.py:840} INFO - DAG(s) 'weather_gold_v1' retrieved from /opt/airflow/dags/weather_gold_v1.py
[2025-10-13T09:23:32.770+0000] {logging_mixin.py:188} INFO - [2025-10-13T09:23:32.769+0000] {dag.py:3047} INFO - Sync 1 DAGs
[2025-10-13T09:23:33.008+0000] {logging_mixin.py:188} INFO - [2025-10-13T09:23:33.008+0000] {dag.py:3834} INFO - Setting next_dagrun for weather_gold_v1 to 2025-10-12 00:00:00+00:00, run_after=2025-10-19 00:00:00+00:00
[2025-10-13T09:23:33.134+0000] {processor.py:183} INFO - Processing /opt/airflow/dags/weather_gold_v1.py took 1.044 seconds
[2025-10-13T09:24:03.797+0000] {processor.py:161} INFO - Started process (PID=6537) to work on /opt/airflow/dags/weather_gold_v1.py
[2025-10-13T09:24:03.800+0000] {processor.py:830} INFO - Processing file /opt/airflow/dags/weather_gold_v1.py for tasks to queue
[2025-10-13T09:24:03.802+0000] {logging_mixin.py:188} INFO - [2025-10-13T09:24:03.801+0000] {dagbag.py:540} INFO - Filling up the DagBag from /opt/airflow/dags/weather_gold_v1.py
[2025-10-13T09:24:03.852+0000] {processor.py:840} INFO - DAG(s) 'weather_gold_v1' retrieved from /opt/airflow/dags/weather_gold_v1.py
[2025-10-13T09:24:03.954+0000] {logging_mixin.py:188} INFO - [2025-10-13T09:24:03.954+0000] {dag.py:3047} INFO - Sync 1 DAGs
[2025-10-13T09:24:04.024+0000] {logging_mixin.py:188} INFO - [2025-10-13T09:24:04.023+0000] {dag.py:3834} INFO - Setting next_dagrun for weather_gold_v1 to 2025-10-12 00:00:00+00:00, run_after=2025-10-19 00:00:00+00:00
[2025-10-13T09:24:04.112+0000] {processor.py:183} INFO - Processing /opt/airflow/dags/weather_gold_v1.py took 0.320 seconds
[2025-10-13T09:24:34.751+0000] {processor.py:161} INFO - Started process (PID=6552) to work on /opt/airflow/dags/weather_gold_v1.py
[2025-10-13T09:24:34.753+0000] {processor.py:830} INFO - Processing file /opt/airflow/dags/weather_gold_v1.py for tasks to queue
[2025-10-13T09:24:34.755+0000] {logging_mixin.py:188} INFO - [2025-10-13T09:24:34.755+0000] {dagbag.py:540} INFO - Filling up the DagBag from /opt/airflow/dags/weather_gold_v1.py
[2025-10-13T09:24:34.802+0000] {processor.py:840} INFO - DAG(s) 'weather_gold_v1' retrieved from /opt/airflow/dags/weather_gold_v1.py
[2025-10-13T09:24:34.903+0000] {logging_mixin.py:188} INFO - [2025-10-13T09:24:34.902+0000] {dag.py:3047} INFO - Sync 1 DAGs
[2025-10-13T09:24:35.031+0000] {logging_mixin.py:188} INFO - [2025-10-13T09:24:35.030+0000] {dag.py:3834} INFO - Setting next_dagrun for weather_gold_v1 to 2025-10-12 00:00:00+00:00, run_after=2025-10-19 00:00:00+00:00
[2025-10-13T09:24:35.175+0000] {processor.py:183} INFO - Processing /opt/airflow/dags/weather_gold_v1.py took 0.431 seconds
[2025-10-13T09:25:05.755+0000] {processor.py:161} INFO - Started process (PID=6567) to work on /opt/airflow/dags/weather_gold_v1.py
[2025-10-13T09:25:05.757+0000] {processor.py:830} INFO - Processing file /opt/airflow/dags/weather_gold_v1.py for tasks to queue
[2025-10-13T09:25:05.759+0000] {logging_mixin.py:188} INFO - [2025-10-13T09:25:05.758+0000] {dagbag.py:540} INFO - Filling up the DagBag from /opt/airflow/dags/weather_gold_v1.py
[2025-10-13T09:25:05.809+0000] {processor.py:840} INFO - DAG(s) 'weather_gold_v1' retrieved from /opt/airflow/dags/weather_gold_v1.py
[2025-10-13T09:25:05.931+0000] {logging_mixin.py:188} INFO - [2025-10-13T09:25:05.931+0000] {dag.py:3047} INFO - Sync 1 DAGs
[2025-10-13T09:25:06.014+0000] {logging_mixin.py:188} INFO - [2025-10-13T09:25:06.014+0000] {dag.py:3834} INFO - Setting next_dagrun for weather_gold_v1 to 2025-10-12 00:00:00+00:00, run_after=2025-10-19 00:00:00+00:00
[2025-10-13T09:25:06.094+0000] {processor.py:183} INFO - Processing /opt/airflow/dags/weather_gold_v1.py took 0.345 seconds
[2025-10-13T09:25:36.671+0000] {processor.py:161} INFO - Started process (PID=6582) to work on /opt/airflow/dags/weather_gold_v1.py
[2025-10-13T09:25:36.673+0000] {processor.py:830} INFO - Processing file /opt/airflow/dags/weather_gold_v1.py for tasks to queue
[2025-10-13T09:25:36.676+0000] {logging_mixin.py:188} INFO - [2025-10-13T09:25:36.675+0000] {dagbag.py:540} INFO - Filling up the DagBag from /opt/airflow/dags/weather_gold_v1.py
[2025-10-13T09:25:36.733+0000] {processor.py:840} INFO - DAG(s) 'weather_gold_v1' retrieved from /opt/airflow/dags/weather_gold_v1.py
[2025-10-13T09:25:36.842+0000] {logging_mixin.py:188} INFO - [2025-10-13T09:25:36.842+0000] {dag.py:3047} INFO - Sync 1 DAGs
[2025-10-13T09:25:36.934+0000] {logging_mixin.py:188} INFO - [2025-10-13T09:25:36.933+0000] {dag.py:3834} INFO - Setting next_dagrun for weather_gold_v1 to 2025-10-12 00:00:00+00:00, run_after=2025-10-19 00:00:00+00:00
[2025-10-13T09:25:37.041+0000] {processor.py:183} INFO - Processing /opt/airflow/dags/weather_gold_v1.py took 0.376 seconds
[2025-10-13T09:26:07.555+0000] {processor.py:161} INFO - Started process (PID=6597) to work on /opt/airflow/dags/weather_gold_v1.py
[2025-10-13T09:26:07.557+0000] {processor.py:830} INFO - Processing file /opt/airflow/dags/weather_gold_v1.py for tasks to queue
[2025-10-13T09:26:07.559+0000] {logging_mixin.py:188} INFO - [2025-10-13T09:26:07.559+0000] {dagbag.py:540} INFO - Filling up the DagBag from /opt/airflow/dags/weather_gold_v1.py
[2025-10-13T09:26:07.591+0000] {processor.py:840} INFO - DAG(s) 'weather_gold_v1' retrieved from /opt/airflow/dags/weather_gold_v1.py
[2025-10-13T09:26:07.660+0000] {logging_mixin.py:188} INFO - [2025-10-13T09:26:07.659+0000] {dag.py:3047} INFO - Sync 1 DAGs
[2025-10-13T09:26:07.730+0000] {logging_mixin.py:188} INFO - [2025-10-13T09:26:07.729+0000] {dag.py:3834} INFO - Setting next_dagrun for weather_gold_v1 to 2025-10-12 00:00:00+00:00, run_after=2025-10-19 00:00:00+00:00
[2025-10-13T09:26:07.820+0000] {processor.py:183} INFO - Processing /opt/airflow/dags/weather_gold_v1.py took 0.271 seconds
[2025-10-13T09:53:40.647+0000] {processor.py:161} INFO - Started process (PID=6614) to work on /opt/airflow/dags/weather_gold_v1.py
[2025-10-13T09:53:40.658+0000] {processor.py:830} INFO - Processing file /opt/airflow/dags/weather_gold_v1.py for tasks to queue
[2025-10-13T09:53:40.668+0000] {logging_mixin.py:188} INFO - [2025-10-13T09:53:40.664+0000] {dagbag.py:540} INFO - Filling up the DagBag from /opt/airflow/dags/weather_gold_v1.py
[2025-10-13T09:53:40.838+0000] {processor.py:840} INFO - DAG(s) 'weather_gold_v1' retrieved from /opt/airflow/dags/weather_gold_v1.py
[2025-10-13T09:53:41.142+0000] {logging_mixin.py:188} INFO - [2025-10-13T09:53:41.142+0000] {dag.py:3047} INFO - Sync 1 DAGs
[2025-10-13T09:53:41.329+0000] {logging_mixin.py:188} INFO - [2025-10-13T09:53:41.328+0000] {dag.py:3834} INFO - Setting next_dagrun for weather_gold_v1 to 2025-10-12 00:00:00+00:00, run_after=2025-10-19 00:00:00+00:00
[2025-10-13T09:53:41.449+0000] {processor.py:183} INFO - Processing /opt/airflow/dags/weather_gold_v1.py took 0.852 seconds
[2025-10-13T09:54:12.407+0000] {processor.py:161} INFO - Started process (PID=6629) to work on /opt/airflow/dags/weather_gold_v1.py
[2025-10-13T09:54:12.409+0000] {processor.py:830} INFO - Processing file /opt/airflow/dags/weather_gold_v1.py for tasks to queue
[2025-10-13T09:54:12.411+0000] {logging_mixin.py:188} INFO - [2025-10-13T09:54:12.410+0000] {dagbag.py:540} INFO - Filling up the DagBag from /opt/airflow/dags/weather_gold_v1.py
[2025-10-13T09:54:12.446+0000] {processor.py:840} INFO - DAG(s) 'weather_gold_v1' retrieved from /opt/airflow/dags/weather_gold_v1.py
[2025-10-13T09:54:12.556+0000] {logging_mixin.py:188} INFO - [2025-10-13T09:54:12.556+0000] {dag.py:3047} INFO - Sync 1 DAGs
[2025-10-13T09:54:12.640+0000] {logging_mixin.py:188} INFO - [2025-10-13T09:54:12.639+0000] {dag.py:3834} INFO - Setting next_dagrun for weather_gold_v1 to 2025-10-12 00:00:00+00:00, run_after=2025-10-19 00:00:00+00:00
[2025-10-13T09:54:12.724+0000] {processor.py:183} INFO - Processing /opt/airflow/dags/weather_gold_v1.py took 0.323 seconds
[2025-10-13T09:54:43.532+0000] {processor.py:161} INFO - Started process (PID=6644) to work on /opt/airflow/dags/weather_gold_v1.py
[2025-10-13T09:54:43.583+0000] {processor.py:830} INFO - Processing file /opt/airflow/dags/weather_gold_v1.py for tasks to queue
[2025-10-13T09:54:43.586+0000] {logging_mixin.py:188} INFO - [2025-10-13T09:54:43.585+0000] {dagbag.py:540} INFO - Filling up the DagBag from /opt/airflow/dags/weather_gold_v1.py
[2025-10-13T09:54:43.627+0000] {processor.py:840} INFO - DAG(s) 'weather_gold_v1' retrieved from /opt/airflow/dags/weather_gold_v1.py
[2025-10-13T09:54:43.738+0000] {logging_mixin.py:188} INFO - [2025-10-13T09:54:43.737+0000] {dag.py:3047} INFO - Sync 1 DAGs
[2025-10-13T09:54:43.936+0000] {logging_mixin.py:188} INFO - [2025-10-13T09:54:43.935+0000] {dag.py:3834} INFO - Setting next_dagrun for weather_gold_v1 to 2025-10-12 00:00:00+00:00, run_after=2025-10-19 00:00:00+00:00
[2025-10-13T09:54:44.099+0000] {processor.py:183} INFO - Processing /opt/airflow/dags/weather_gold_v1.py took 0.574 seconds
[2025-10-13T09:55:14.669+0000] {processor.py:161} INFO - Started process (PID=6659) to work on /opt/airflow/dags/weather_gold_v1.py
[2025-10-13T09:55:14.671+0000] {processor.py:830} INFO - Processing file /opt/airflow/dags/weather_gold_v1.py for tasks to queue
[2025-10-13T09:55:14.674+0000] {logging_mixin.py:188} INFO - [2025-10-13T09:55:14.674+0000] {dagbag.py:540} INFO - Filling up the DagBag from /opt/airflow/dags/weather_gold_v1.py
[2025-10-13T09:55:14.728+0000] {processor.py:840} INFO - DAG(s) 'weather_gold_v1' retrieved from /opt/airflow/dags/weather_gold_v1.py
[2025-10-13T09:55:14.822+0000] {logging_mixin.py:188} INFO - [2025-10-13T09:55:14.822+0000] {dag.py:3047} INFO - Sync 1 DAGs
[2025-10-13T09:55:14.889+0000] {logging_mixin.py:188} INFO - [2025-10-13T09:55:14.888+0000] {dag.py:3834} INFO - Setting next_dagrun for weather_gold_v1 to 2025-10-12 00:00:00+00:00, run_after=2025-10-19 00:00:00+00:00
[2025-10-13T09:55:15.006+0000] {processor.py:183} INFO - Processing /opt/airflow/dags/weather_gold_v1.py took 0.356 seconds
[2025-10-13T09:55:45.659+0000] {processor.py:161} INFO - Started process (PID=6674) to work on /opt/airflow/dags/weather_gold_v1.py
[2025-10-13T09:55:45.675+0000] {processor.py:830} INFO - Processing file /opt/airflow/dags/weather_gold_v1.py for tasks to queue
[2025-10-13T09:55:45.677+0000] {logging_mixin.py:188} INFO - [2025-10-13T09:55:45.677+0000] {dagbag.py:540} INFO - Filling up the DagBag from /opt/airflow/dags/weather_gold_v1.py
[2025-10-13T09:55:45.768+0000] {processor.py:840} INFO - DAG(s) 'weather_gold_v1' retrieved from /opt/airflow/dags/weather_gold_v1.py
[2025-10-13T09:55:45.925+0000] {logging_mixin.py:188} INFO - [2025-10-13T09:55:45.924+0000] {dag.py:3047} INFO - Sync 1 DAGs
[2025-10-13T09:55:46.064+0000] {logging_mixin.py:188} INFO - [2025-10-13T09:55:46.063+0000] {dag.py:3834} INFO - Setting next_dagrun for weather_gold_v1 to 2025-10-12 00:00:00+00:00, run_after=2025-10-19 00:00:00+00:00
[2025-10-13T09:55:46.175+0000] {processor.py:183} INFO - Processing /opt/airflow/dags/weather_gold_v1.py took 0.547 seconds
[2025-10-13T09:56:16.431+0000] {processor.py:161} INFO - Started process (PID=6689) to work on /opt/airflow/dags/weather_gold_v1.py
[2025-10-13T09:56:16.434+0000] {processor.py:830} INFO - Processing file /opt/airflow/dags/weather_gold_v1.py for tasks to queue
[2025-10-13T09:56:16.441+0000] {logging_mixin.py:188} INFO - [2025-10-13T09:56:16.440+0000] {dagbag.py:540} INFO - Filling up the DagBag from /opt/airflow/dags/weather_gold_v1.py
[2025-10-13T09:56:16.493+0000] {processor.py:840} INFO - DAG(s) 'weather_gold_v1' retrieved from /opt/airflow/dags/weather_gold_v1.py
[2025-10-13T09:56:16.616+0000] {logging_mixin.py:188} INFO - [2025-10-13T09:56:16.616+0000] {dag.py:3047} INFO - Sync 1 DAGs
[2025-10-13T09:56:16.677+0000] {logging_mixin.py:188} INFO - [2025-10-13T09:56:16.676+0000] {dag.py:3834} INFO - Setting next_dagrun for weather_gold_v1 to 2025-10-12 00:00:00+00:00, run_after=2025-10-19 00:00:00+00:00
[2025-10-13T09:56:16.845+0000] {processor.py:183} INFO - Processing /opt/airflow/dags/weather_gold_v1.py took 0.450 seconds
[2025-10-13T09:56:47.263+0000] {processor.py:161} INFO - Started process (PID=6704) to work on /opt/airflow/dags/weather_gold_v1.py
[2025-10-13T09:56:47.269+0000] {processor.py:830} INFO - Processing file /opt/airflow/dags/weather_gold_v1.py for tasks to queue
[2025-10-13T09:56:47.274+0000] {logging_mixin.py:188} INFO - [2025-10-13T09:56:47.272+0000] {dagbag.py:540} INFO - Filling up the DagBag from /opt/airflow/dags/weather_gold_v1.py
[2025-10-13T09:56:47.377+0000] {processor.py:840} INFO - DAG(s) 'weather_gold_v1' retrieved from /opt/airflow/dags/weather_gold_v1.py
[2025-10-13T09:56:47.561+0000] {logging_mixin.py:188} INFO - [2025-10-13T09:56:47.560+0000] {dag.py:3047} INFO - Sync 1 DAGs
[2025-10-13T09:56:47.678+0000] {logging_mixin.py:188} INFO - [2025-10-13T09:56:47.677+0000] {dag.py:3834} INFO - Setting next_dagrun for weather_gold_v1 to 2025-10-12 00:00:00+00:00, run_after=2025-10-19 00:00:00+00:00
[2025-10-13T09:56:47.785+0000] {processor.py:183} INFO - Processing /opt/airflow/dags/weather_gold_v1.py took 0.572 seconds
[2025-10-13T09:57:18.335+0000] {processor.py:161} INFO - Started process (PID=6719) to work on /opt/airflow/dags/weather_gold_v1.py
[2025-10-13T09:57:18.337+0000] {processor.py:830} INFO - Processing file /opt/airflow/dags/weather_gold_v1.py for tasks to queue
[2025-10-13T09:57:18.339+0000] {logging_mixin.py:188} INFO - [2025-10-13T09:57:18.338+0000] {dagbag.py:540} INFO - Filling up the DagBag from /opt/airflow/dags/weather_gold_v1.py
[2025-10-13T09:57:18.386+0000] {processor.py:840} INFO - DAG(s) 'weather_gold_v1' retrieved from /opt/airflow/dags/weather_gold_v1.py
[2025-10-13T09:57:18.488+0000] {logging_mixin.py:188} INFO - [2025-10-13T09:57:18.487+0000] {dag.py:3047} INFO - Sync 1 DAGs
[2025-10-13T09:57:18.553+0000] {logging_mixin.py:188} INFO - [2025-10-13T09:57:18.552+0000] {dag.py:3834} INFO - Setting next_dagrun for weather_gold_v1 to 2025-10-12 00:00:00+00:00, run_after=2025-10-19 00:00:00+00:00
[2025-10-13T09:57:18.633+0000] {processor.py:183} INFO - Processing /opt/airflow/dags/weather_gold_v1.py took 0.304 seconds
[2025-10-13T09:57:48.785+0000] {processor.py:161} INFO - Started process (PID=6734) to work on /opt/airflow/dags/weather_gold_v1.py
[2025-10-13T09:57:48.788+0000] {processor.py:830} INFO - Processing file /opt/airflow/dags/weather_gold_v1.py for tasks to queue
[2025-10-13T09:57:48.791+0000] {logging_mixin.py:188} INFO - [2025-10-13T09:57:48.790+0000] {dagbag.py:540} INFO - Filling up the DagBag from /opt/airflow/dags/weather_gold_v1.py
[2025-10-13T09:57:48.842+0000] {processor.py:840} INFO - DAG(s) 'weather_gold_v1' retrieved from /opt/airflow/dags/weather_gold_v1.py
[2025-10-13T09:57:48.967+0000] {logging_mixin.py:188} INFO - [2025-10-13T09:57:48.966+0000] {dag.py:3047} INFO - Sync 1 DAGs
[2025-10-13T09:57:49.049+0000] {logging_mixin.py:188} INFO - [2025-10-13T09:57:49.048+0000] {dag.py:3834} INFO - Setting next_dagrun for weather_gold_v1 to 2025-10-12 00:00:00+00:00, run_after=2025-10-19 00:00:00+00:00
[2025-10-13T09:57:49.130+0000] {processor.py:183} INFO - Processing /opt/airflow/dags/weather_gold_v1.py took 0.354 seconds
[2025-10-13T09:58:19.541+0000] {processor.py:161} INFO - Started process (PID=6749) to work on /opt/airflow/dags/weather_gold_v1.py
[2025-10-13T09:58:19.546+0000] {processor.py:830} INFO - Processing file /opt/airflow/dags/weather_gold_v1.py for tasks to queue
[2025-10-13T09:58:19.552+0000] {logging_mixin.py:188} INFO - [2025-10-13T09:58:19.551+0000] {dagbag.py:540} INFO - Filling up the DagBag from /opt/airflow/dags/weather_gold_v1.py
[2025-10-13T09:58:19.671+0000] {processor.py:840} INFO - DAG(s) 'weather_gold_v1' retrieved from /opt/airflow/dags/weather_gold_v1.py
[2025-10-13T09:58:19.865+0000] {logging_mixin.py:188} INFO - [2025-10-13T09:58:19.864+0000] {dag.py:3047} INFO - Sync 1 DAGs
[2025-10-13T09:58:19.985+0000] {logging_mixin.py:188} INFO - [2025-10-13T09:58:19.984+0000] {dag.py:3834} INFO - Setting next_dagrun for weather_gold_v1 to 2025-10-12 00:00:00+00:00, run_after=2025-10-19 00:00:00+00:00
[2025-10-13T09:58:20.103+0000] {processor.py:183} INFO - Processing /opt/airflow/dags/weather_gold_v1.py took 0.582 seconds
[2025-10-13T09:58:50.740+0000] {processor.py:161} INFO - Started process (PID=6764) to work on /opt/airflow/dags/weather_gold_v1.py
[2025-10-13T09:58:50.743+0000] {processor.py:830} INFO - Processing file /opt/airflow/dags/weather_gold_v1.py for tasks to queue
[2025-10-13T09:58:50.747+0000] {logging_mixin.py:188} INFO - [2025-10-13T09:58:50.746+0000] {dagbag.py:540} INFO - Filling up the DagBag from /opt/airflow/dags/weather_gold_v1.py
[2025-10-13T09:58:51.021+0000] {processor.py:840} INFO - DAG(s) 'weather_gold_v1' retrieved from /opt/airflow/dags/weather_gold_v1.py
[2025-10-13T09:58:51.222+0000] {logging_mixin.py:188} INFO - [2025-10-13T09:58:51.221+0000] {dag.py:3047} INFO - Sync 1 DAGs
[2025-10-13T09:58:51.273+0000] {logging_mixin.py:188} INFO - [2025-10-13T09:58:51.273+0000] {dag.py:3834} INFO - Setting next_dagrun for weather_gold_v1 to 2025-10-12 00:00:00+00:00, run_after=2025-10-19 00:00:00+00:00
[2025-10-13T09:58:51.411+0000] {processor.py:183} INFO - Processing /opt/airflow/dags/weather_gold_v1.py took 0.678 seconds
[2025-10-13T09:59:21.722+0000] {processor.py:161} INFO - Started process (PID=6779) to work on /opt/airflow/dags/weather_gold_v1.py
[2025-10-13T09:59:21.724+0000] {processor.py:830} INFO - Processing file /opt/airflow/dags/weather_gold_v1.py for tasks to queue
[2025-10-13T09:59:21.725+0000] {logging_mixin.py:188} INFO - [2025-10-13T09:59:21.725+0000] {dagbag.py:540} INFO - Filling up the DagBag from /opt/airflow/dags/weather_gold_v1.py
[2025-10-13T09:59:21.788+0000] {processor.py:840} INFO - DAG(s) 'weather_gold_v1' retrieved from /opt/airflow/dags/weather_gold_v1.py
[2025-10-13T09:59:21.919+0000] {logging_mixin.py:188} INFO - [2025-10-13T09:59:21.918+0000] {dag.py:3047} INFO - Sync 1 DAGs
[2025-10-13T09:59:21.999+0000] {logging_mixin.py:188} INFO - [2025-10-13T09:59:21.998+0000] {dag.py:3834} INFO - Setting next_dagrun for weather_gold_v1 to 2025-10-12 00:00:00+00:00, run_after=2025-10-19 00:00:00+00:00
[2025-10-13T09:59:22.096+0000] {processor.py:183} INFO - Processing /opt/airflow/dags/weather_gold_v1.py took 0.379 seconds
[2025-10-13T09:59:52.684+0000] {processor.py:161} INFO - Started process (PID=6794) to work on /opt/airflow/dags/weather_gold_v1.py
[2025-10-13T09:59:52.688+0000] {processor.py:830} INFO - Processing file /opt/airflow/dags/weather_gold_v1.py for tasks to queue
[2025-10-13T09:59:52.691+0000] {logging_mixin.py:188} INFO - [2025-10-13T09:59:52.690+0000] {dagbag.py:540} INFO - Filling up the DagBag from /opt/airflow/dags/weather_gold_v1.py
[2025-10-13T09:59:52.749+0000] {processor.py:840} INFO - DAG(s) 'weather_gold_v1' retrieved from /opt/airflow/dags/weather_gold_v1.py
[2025-10-13T09:59:52.855+0000] {logging_mixin.py:188} INFO - [2025-10-13T09:59:52.855+0000] {dag.py:3047} INFO - Sync 1 DAGs
[2025-10-13T09:59:52.936+0000] {logging_mixin.py:188} INFO - [2025-10-13T09:59:52.936+0000] {dag.py:3834} INFO - Setting next_dagrun for weather_gold_v1 to 2025-10-12 00:00:00+00:00, run_after=2025-10-19 00:00:00+00:00
[2025-10-13T09:59:53.037+0000] {processor.py:183} INFO - Processing /opt/airflow/dags/weather_gold_v1.py took 0.360 seconds
[2025-10-13T10:00:23.585+0000] {processor.py:161} INFO - Started process (PID=6809) to work on /opt/airflow/dags/weather_gold_v1.py
[2025-10-13T10:00:23.587+0000] {processor.py:830} INFO - Processing file /opt/airflow/dags/weather_gold_v1.py for tasks to queue
[2025-10-13T10:00:23.589+0000] {logging_mixin.py:188} INFO - [2025-10-13T10:00:23.589+0000] {dagbag.py:540} INFO - Filling up the DagBag from /opt/airflow/dags/weather_gold_v1.py
[2025-10-13T10:00:23.640+0000] {processor.py:840} INFO - DAG(s) 'weather_gold_v1' retrieved from /opt/airflow/dags/weather_gold_v1.py
[2025-10-13T10:00:23.769+0000] {logging_mixin.py:188} INFO - [2025-10-13T10:00:23.768+0000] {dag.py:3047} INFO - Sync 1 DAGs
[2025-10-13T10:00:23.852+0000] {logging_mixin.py:188} INFO - [2025-10-13T10:00:23.851+0000] {dag.py:3834} INFO - Setting next_dagrun for weather_gold_v1 to 2025-10-12 00:00:00+00:00, run_after=2025-10-19 00:00:00+00:00
[2025-10-13T10:00:23.937+0000] {processor.py:183} INFO - Processing /opt/airflow/dags/weather_gold_v1.py took 0.360 seconds
[2025-10-13T10:00:54.545+0000] {processor.py:161} INFO - Started process (PID=6824) to work on /opt/airflow/dags/weather_gold_v1.py
[2025-10-13T10:00:54.548+0000] {processor.py:830} INFO - Processing file /opt/airflow/dags/weather_gold_v1.py for tasks to queue
[2025-10-13T10:00:54.551+0000] {logging_mixin.py:188} INFO - [2025-10-13T10:00:54.550+0000] {dagbag.py:540} INFO - Filling up the DagBag from /opt/airflow/dags/weather_gold_v1.py
[2025-10-13T10:00:54.607+0000] {processor.py:840} INFO - DAG(s) 'weather_gold_v1' retrieved from /opt/airflow/dags/weather_gold_v1.py
[2025-10-13T10:00:54.714+0000] {logging_mixin.py:188} INFO - [2025-10-13T10:00:54.714+0000] {dag.py:3047} INFO - Sync 1 DAGs
[2025-10-13T10:00:54.773+0000] {logging_mixin.py:188} INFO - [2025-10-13T10:00:54.773+0000] {dag.py:3834} INFO - Setting next_dagrun for weather_gold_v1 to 2025-10-12 00:00:00+00:00, run_after=2025-10-19 00:00:00+00:00
[2025-10-13T10:00:54.843+0000] {processor.py:183} INFO - Processing /opt/airflow/dags/weather_gold_v1.py took 0.321 seconds
[2025-10-13T10:01:25.407+0000] {processor.py:161} INFO - Started process (PID=6839) to work on /opt/airflow/dags/weather_gold_v1.py
[2025-10-13T10:01:25.411+0000] {processor.py:830} INFO - Processing file /opt/airflow/dags/weather_gold_v1.py for tasks to queue
[2025-10-13T10:01:25.420+0000] {logging_mixin.py:188} INFO - [2025-10-13T10:01:25.419+0000] {dagbag.py:540} INFO - Filling up the DagBag from /opt/airflow/dags/weather_gold_v1.py
[2025-10-13T10:01:25.501+0000] {processor.py:840} INFO - DAG(s) 'weather_gold_v1' retrieved from /opt/airflow/dags/weather_gold_v1.py
[2025-10-13T10:01:25.614+0000] {logging_mixin.py:188} INFO - [2025-10-13T10:01:25.613+0000] {dag.py:3047} INFO - Sync 1 DAGs
[2025-10-13T10:01:25.689+0000] {logging_mixin.py:188} INFO - [2025-10-13T10:01:25.688+0000] {dag.py:3834} INFO - Setting next_dagrun for weather_gold_v1 to 2025-10-12 00:00:00+00:00, run_after=2025-10-19 00:00:00+00:00
[2025-10-13T10:01:25.779+0000] {processor.py:183} INFO - Processing /opt/airflow/dags/weather_gold_v1.py took 0.392 seconds
[2025-10-13T10:01:56.150+0000] {processor.py:161} INFO - Started process (PID=6854) to work on /opt/airflow/dags/weather_gold_v1.py
[2025-10-13T10:01:56.152+0000] {processor.py:830} INFO - Processing file /opt/airflow/dags/weather_gold_v1.py for tasks to queue
[2025-10-13T10:01:56.154+0000] {logging_mixin.py:188} INFO - [2025-10-13T10:01:56.153+0000] {dagbag.py:540} INFO - Filling up the DagBag from /opt/airflow/dags/weather_gold_v1.py
[2025-10-13T10:01:56.199+0000] {processor.py:840} INFO - DAG(s) 'weather_gold_v1' retrieved from /opt/airflow/dags/weather_gold_v1.py
[2025-10-13T10:01:56.302+0000] {logging_mixin.py:188} INFO - [2025-10-13T10:01:56.302+0000] {dag.py:3047} INFO - Sync 1 DAGs
[2025-10-13T10:01:56.365+0000] {logging_mixin.py:188} INFO - [2025-10-13T10:01:56.364+0000] {dag.py:3834} INFO - Setting next_dagrun for weather_gold_v1 to 2025-10-12 00:00:00+00:00, run_after=2025-10-19 00:00:00+00:00
[2025-10-13T10:01:56.442+0000] {processor.py:183} INFO - Processing /opt/airflow/dags/weather_gold_v1.py took 0.298 seconds
[2025-10-13T10:02:27.147+0000] {processor.py:161} INFO - Started process (PID=6869) to work on /opt/airflow/dags/weather_gold_v1.py
[2025-10-13T10:02:27.152+0000] {processor.py:830} INFO - Processing file /opt/airflow/dags/weather_gold_v1.py for tasks to queue
[2025-10-13T10:02:27.155+0000] {logging_mixin.py:188} INFO - [2025-10-13T10:02:27.154+0000] {dagbag.py:540} INFO - Filling up the DagBag from /opt/airflow/dags/weather_gold_v1.py
[2025-10-13T10:02:27.323+0000] {processor.py:840} INFO - DAG(s) 'weather_gold_v1' retrieved from /opt/airflow/dags/weather_gold_v1.py
[2025-10-13T10:02:27.443+0000] {logging_mixin.py:188} INFO - [2025-10-13T10:02:27.442+0000] {dag.py:3047} INFO - Sync 1 DAGs
[2025-10-13T10:02:27.525+0000] {logging_mixin.py:188} INFO - [2025-10-13T10:02:27.525+0000] {dag.py:3834} INFO - Setting next_dagrun for weather_gold_v1 to 2025-10-12 00:00:00+00:00, run_after=2025-10-19 00:00:00+00:00
[2025-10-13T10:02:27.594+0000] {processor.py:183} INFO - Processing /opt/airflow/dags/weather_gold_v1.py took 0.465 seconds
[2025-10-13T10:02:58.150+0000] {processor.py:161} INFO - Started process (PID=6884) to work on /opt/airflow/dags/weather_gold_v1.py
[2025-10-13T10:02:58.154+0000] {processor.py:830} INFO - Processing file /opt/airflow/dags/weather_gold_v1.py for tasks to queue
[2025-10-13T10:02:58.157+0000] {logging_mixin.py:188} INFO - [2025-10-13T10:02:58.156+0000] {dagbag.py:540} INFO - Filling up the DagBag from /opt/airflow/dags/weather_gold_v1.py
[2025-10-13T10:02:58.204+0000] {processor.py:840} INFO - DAG(s) 'weather_gold_v1' retrieved from /opt/airflow/dags/weather_gold_v1.py
[2025-10-13T10:02:58.313+0000] {logging_mixin.py:188} INFO - [2025-10-13T10:02:58.313+0000] {dag.py:3047} INFO - Sync 1 DAGs
[2025-10-13T10:02:58.384+0000] {logging_mixin.py:188} INFO - [2025-10-13T10:02:58.383+0000] {dag.py:3834} INFO - Setting next_dagrun for weather_gold_v1 to 2025-10-12 00:00:00+00:00, run_after=2025-10-19 00:00:00+00:00
[2025-10-13T10:02:58.491+0000] {processor.py:183} INFO - Processing /opt/airflow/dags/weather_gold_v1.py took 0.351 seconds
[2025-10-13T10:03:29.142+0000] {processor.py:161} INFO - Started process (PID=6899) to work on /opt/airflow/dags/weather_gold_v1.py
[2025-10-13T10:03:29.144+0000] {processor.py:830} INFO - Processing file /opt/airflow/dags/weather_gold_v1.py for tasks to queue
[2025-10-13T10:03:29.146+0000] {logging_mixin.py:188} INFO - [2025-10-13T10:03:29.145+0000] {dagbag.py:540} INFO - Filling up the DagBag from /opt/airflow/dags/weather_gold_v1.py
[2025-10-13T10:03:29.190+0000] {processor.py:840} INFO - DAG(s) 'weather_gold_v1' retrieved from /opt/airflow/dags/weather_gold_v1.py
[2025-10-13T10:03:29.275+0000] {logging_mixin.py:188} INFO - [2025-10-13T10:03:29.275+0000] {dag.py:3047} INFO - Sync 1 DAGs
[2025-10-13T10:03:29.350+0000] {logging_mixin.py:188} INFO - [2025-10-13T10:03:29.350+0000] {dag.py:3834} INFO - Setting next_dagrun for weather_gold_v1 to 2025-10-12 00:00:00+00:00, run_after=2025-10-19 00:00:00+00:00
[2025-10-13T10:03:29.503+0000] {processor.py:183} INFO - Processing /opt/airflow/dags/weather_gold_v1.py took 0.366 seconds
[2025-10-13T10:04:00.388+0000] {processor.py:161} INFO - Started process (PID=6914) to work on /opt/airflow/dags/weather_gold_v1.py
[2025-10-13T10:04:00.389+0000] {processor.py:830} INFO - Processing file /opt/airflow/dags/weather_gold_v1.py for tasks to queue
[2025-10-13T10:04:00.391+0000] {logging_mixin.py:188} INFO - [2025-10-13T10:04:00.391+0000] {dagbag.py:540} INFO - Filling up the DagBag from /opt/airflow/dags/weather_gold_v1.py
[2025-10-13T10:04:00.435+0000] {processor.py:840} INFO - DAG(s) 'weather_gold_v1' retrieved from /opt/airflow/dags/weather_gold_v1.py
[2025-10-13T10:04:00.534+0000] {logging_mixin.py:188} INFO - [2025-10-13T10:04:00.534+0000] {dag.py:3047} INFO - Sync 1 DAGs
[2025-10-13T10:04:00.609+0000] {logging_mixin.py:188} INFO - [2025-10-13T10:04:00.608+0000] {dag.py:3834} INFO - Setting next_dagrun for weather_gold_v1 to 2025-10-12 00:00:00+00:00, run_after=2025-10-19 00:00:00+00:00
[2025-10-13T10:04:00.702+0000] {processor.py:183} INFO - Processing /opt/airflow/dags/weather_gold_v1.py took 0.340 seconds
[2025-10-13T10:04:31.305+0000] {processor.py:161} INFO - Started process (PID=6929) to work on /opt/airflow/dags/weather_gold_v1.py
[2025-10-13T10:04:31.307+0000] {processor.py:830} INFO - Processing file /opt/airflow/dags/weather_gold_v1.py for tasks to queue
[2025-10-13T10:04:31.309+0000] {logging_mixin.py:188} INFO - [2025-10-13T10:04:31.309+0000] {dagbag.py:540} INFO - Filling up the DagBag from /opt/airflow/dags/weather_gold_v1.py
[2025-10-13T10:04:31.347+0000] {processor.py:840} INFO - DAG(s) 'weather_gold_v1' retrieved from /opt/airflow/dags/weather_gold_v1.py
[2025-10-13T10:04:31.440+0000] {logging_mixin.py:188} INFO - [2025-10-13T10:04:31.440+0000] {dag.py:3047} INFO - Sync 1 DAGs
[2025-10-13T10:04:31.494+0000] {logging_mixin.py:188} INFO - [2025-10-13T10:04:31.493+0000] {dag.py:3834} INFO - Setting next_dagrun for weather_gold_v1 to 2025-10-12 00:00:00+00:00, run_after=2025-10-19 00:00:00+00:00
[2025-10-13T10:04:31.550+0000] {processor.py:183} INFO - Processing /opt/airflow/dags/weather_gold_v1.py took 0.250 seconds
[2025-10-13T10:05:02.209+0000] {processor.py:161} INFO - Started process (PID=6944) to work on /opt/airflow/dags/weather_gold_v1.py
[2025-10-13T10:05:02.215+0000] {processor.py:830} INFO - Processing file /opt/airflow/dags/weather_gold_v1.py for tasks to queue
[2025-10-13T10:05:02.221+0000] {logging_mixin.py:188} INFO - [2025-10-13T10:05:02.220+0000] {dagbag.py:540} INFO - Filling up the DagBag from /opt/airflow/dags/weather_gold_v1.py
[2025-10-13T10:05:02.282+0000] {processor.py:840} INFO - DAG(s) 'weather_gold_v1' retrieved from /opt/airflow/dags/weather_gold_v1.py
[2025-10-13T10:05:02.406+0000] {logging_mixin.py:188} INFO - [2025-10-13T10:05:02.405+0000] {dag.py:3047} INFO - Sync 1 DAGs
[2025-10-13T10:05:02.492+0000] {logging_mixin.py:188} INFO - [2025-10-13T10:05:02.492+0000] {dag.py:3834} INFO - Setting next_dagrun for weather_gold_v1 to 2025-10-12 00:00:00+00:00, run_after=2025-10-19 00:00:00+00:00
[2025-10-13T10:05:02.605+0000] {processor.py:183} INFO - Processing /opt/airflow/dags/weather_gold_v1.py took 0.424 seconds
[2025-10-13T10:05:33.216+0000] {processor.py:161} INFO - Started process (PID=6959) to work on /opt/airflow/dags/weather_gold_v1.py
[2025-10-13T10:05:33.220+0000] {processor.py:830} INFO - Processing file /opt/airflow/dags/weather_gold_v1.py for tasks to queue
[2025-10-13T10:05:33.224+0000] {logging_mixin.py:188} INFO - [2025-10-13T10:05:33.223+0000] {dagbag.py:540} INFO - Filling up the DagBag from /opt/airflow/dags/weather_gold_v1.py
[2025-10-13T10:05:33.296+0000] {processor.py:840} INFO - DAG(s) 'weather_gold_v1' retrieved from /opt/airflow/dags/weather_gold_v1.py
[2025-10-13T10:05:33.403+0000] {logging_mixin.py:188} INFO - [2025-10-13T10:05:33.403+0000] {dag.py:3047} INFO - Sync 1 DAGs
[2025-10-13T10:05:33.466+0000] {logging_mixin.py:188} INFO - [2025-10-13T10:05:33.466+0000] {dag.py:3834} INFO - Setting next_dagrun for weather_gold_v1 to 2025-10-12 00:00:00+00:00, run_after=2025-10-19 00:00:00+00:00
[2025-10-13T10:05:33.555+0000] {processor.py:183} INFO - Processing /opt/airflow/dags/weather_gold_v1.py took 0.347 seconds
[2025-10-13T10:06:04.212+0000] {processor.py:161} INFO - Started process (PID=6974) to work on /opt/airflow/dags/weather_gold_v1.py
[2025-10-13T10:06:04.214+0000] {processor.py:830} INFO - Processing file /opt/airflow/dags/weather_gold_v1.py for tasks to queue
[2025-10-13T10:06:04.218+0000] {logging_mixin.py:188} INFO - [2025-10-13T10:06:04.216+0000] {dagbag.py:540} INFO - Filling up the DagBag from /opt/airflow/dags/weather_gold_v1.py
[2025-10-13T10:06:04.258+0000] {processor.py:840} INFO - DAG(s) 'weather_gold_v1' retrieved from /opt/airflow/dags/weather_gold_v1.py
[2025-10-13T10:06:04.345+0000] {logging_mixin.py:188} INFO - [2025-10-13T10:06:04.345+0000] {dag.py:3047} INFO - Sync 1 DAGs
[2025-10-13T10:06:04.394+0000] {logging_mixin.py:188} INFO - [2025-10-13T10:06:04.393+0000] {dag.py:3834} INFO - Setting next_dagrun for weather_gold_v1 to 2025-10-12 00:00:00+00:00, run_after=2025-10-19 00:00:00+00:00
[2025-10-13T10:06:04.449+0000] {processor.py:183} INFO - Processing /opt/airflow/dags/weather_gold_v1.py took 0.241 seconds
[2025-10-13T10:06:34.995+0000] {processor.py:161} INFO - Started process (PID=6989) to work on /opt/airflow/dags/weather_gold_v1.py
[2025-10-13T10:06:34.998+0000] {processor.py:830} INFO - Processing file /opt/airflow/dags/weather_gold_v1.py for tasks to queue
[2025-10-13T10:06:35.000+0000] {logging_mixin.py:188} INFO - [2025-10-13T10:06:35.000+0000] {dagbag.py:540} INFO - Filling up the DagBag from /opt/airflow/dags/weather_gold_v1.py
[2025-10-13T10:06:35.048+0000] {processor.py:840} INFO - DAG(s) 'weather_gold_v1' retrieved from /opt/airflow/dags/weather_gold_v1.py
[2025-10-13T10:06:35.154+0000] {logging_mixin.py:188} INFO - [2025-10-13T10:06:35.154+0000] {dag.py:3047} INFO - Sync 1 DAGs
[2025-10-13T10:06:35.227+0000] {logging_mixin.py:188} INFO - [2025-10-13T10:06:35.227+0000] {dag.py:3834} INFO - Setting next_dagrun for weather_gold_v1 to 2025-10-12 00:00:00+00:00, run_after=2025-10-19 00:00:00+00:00
[2025-10-13T10:06:35.289+0000] {processor.py:183} INFO - Processing /opt/airflow/dags/weather_gold_v1.py took 0.304 seconds
[2025-10-13T10:07:05.791+0000] {processor.py:161} INFO - Started process (PID=7004) to work on /opt/airflow/dags/weather_gold_v1.py
[2025-10-13T10:07:05.794+0000] {processor.py:830} INFO - Processing file /opt/airflow/dags/weather_gold_v1.py for tasks to queue
[2025-10-13T10:07:05.797+0000] {logging_mixin.py:188} INFO - [2025-10-13T10:07:05.797+0000] {dagbag.py:540} INFO - Filling up the DagBag from /opt/airflow/dags/weather_gold_v1.py
[2025-10-13T10:07:05.850+0000] {processor.py:840} INFO - DAG(s) 'weather_gold_v1' retrieved from /opt/airflow/dags/weather_gold_v1.py
[2025-10-13T10:07:05.939+0000] {logging_mixin.py:188} INFO - [2025-10-13T10:07:05.939+0000] {dag.py:3047} INFO - Sync 1 DAGs
[2025-10-13T10:07:05.998+0000] {logging_mixin.py:188} INFO - [2025-10-13T10:07:05.997+0000] {dag.py:3834} INFO - Setting next_dagrun for weather_gold_v1 to 2025-10-12 00:00:00+00:00, run_after=2025-10-19 00:00:00+00:00
[2025-10-13T10:07:06.065+0000] {processor.py:183} INFO - Processing /opt/airflow/dags/weather_gold_v1.py took 0.279 seconds
[2025-10-13T10:07:36.656+0000] {processor.py:161} INFO - Started process (PID=7019) to work on /opt/airflow/dags/weather_gold_v1.py
[2025-10-13T10:07:36.658+0000] {processor.py:830} INFO - Processing file /opt/airflow/dags/weather_gold_v1.py for tasks to queue
[2025-10-13T10:07:36.660+0000] {logging_mixin.py:188} INFO - [2025-10-13T10:07:36.659+0000] {dagbag.py:540} INFO - Filling up the DagBag from /opt/airflow/dags/weather_gold_v1.py
[2025-10-13T10:07:36.696+0000] {processor.py:840} INFO - DAG(s) 'weather_gold_v1' retrieved from /opt/airflow/dags/weather_gold_v1.py
[2025-10-13T10:07:36.777+0000] {logging_mixin.py:188} INFO - [2025-10-13T10:07:36.777+0000] {dag.py:3047} INFO - Sync 1 DAGs
[2025-10-13T10:07:36.839+0000] {logging_mixin.py:188} INFO - [2025-10-13T10:07:36.839+0000] {dag.py:3834} INFO - Setting next_dagrun for weather_gold_v1 to 2025-10-12 00:00:00+00:00, run_after=2025-10-19 00:00:00+00:00
[2025-10-13T10:07:36.905+0000] {processor.py:183} INFO - Processing /opt/airflow/dags/weather_gold_v1.py took 0.253 seconds
[2025-10-13T10:08:07.612+0000] {processor.py:161} INFO - Started process (PID=7034) to work on /opt/airflow/dags/weather_gold_v1.py
[2025-10-13T10:08:07.622+0000] {processor.py:830} INFO - Processing file /opt/airflow/dags/weather_gold_v1.py for tasks to queue
[2025-10-13T10:08:07.639+0000] {logging_mixin.py:188} INFO - [2025-10-13T10:08:07.638+0000] {dagbag.py:540} INFO - Filling up the DagBag from /opt/airflow/dags/weather_gold_v1.py
[2025-10-13T10:08:07.806+0000] {processor.py:840} INFO - DAG(s) 'weather_gold_v1' retrieved from /opt/airflow/dags/weather_gold_v1.py
[2025-10-13T10:08:07.946+0000] {logging_mixin.py:188} INFO - [2025-10-13T10:08:07.945+0000] {dag.py:3047} INFO - Sync 1 DAGs
[2025-10-13T10:08:08.019+0000] {logging_mixin.py:188} INFO - [2025-10-13T10:08:08.018+0000] {dag.py:3834} INFO - Setting next_dagrun for weather_gold_v1 to 2025-10-12 00:00:00+00:00, run_after=2025-10-19 00:00:00+00:00
[2025-10-13T10:08:08.122+0000] {processor.py:183} INFO - Processing /opt/airflow/dags/weather_gold_v1.py took 0.531 seconds
[2025-10-13T10:08:38.795+0000] {processor.py:161} INFO - Started process (PID=7049) to work on /opt/airflow/dags/weather_gold_v1.py
[2025-10-13T10:08:38.797+0000] {processor.py:830} INFO - Processing file /opt/airflow/dags/weather_gold_v1.py for tasks to queue
[2025-10-13T10:08:38.800+0000] {logging_mixin.py:188} INFO - [2025-10-13T10:08:38.799+0000] {dagbag.py:540} INFO - Filling up the DagBag from /opt/airflow/dags/weather_gold_v1.py
[2025-10-13T10:08:38.847+0000] {processor.py:840} INFO - DAG(s) 'weather_gold_v1' retrieved from /opt/airflow/dags/weather_gold_v1.py
[2025-10-13T10:08:38.942+0000] {logging_mixin.py:188} INFO - [2025-10-13T10:08:38.941+0000] {dag.py:3047} INFO - Sync 1 DAGs
[2025-10-13T10:08:39.002+0000] {logging_mixin.py:188} INFO - [2025-10-13T10:08:39.001+0000] {dag.py:3834} INFO - Setting next_dagrun for weather_gold_v1 to 2025-10-12 00:00:00+00:00, run_after=2025-10-19 00:00:00+00:00
[2025-10-13T10:08:39.077+0000] {processor.py:183} INFO - Processing /opt/airflow/dags/weather_gold_v1.py took 0.290 seconds
[2025-10-13T10:09:09.269+0000] {processor.py:161} INFO - Started process (PID=7064) to work on /opt/airflow/dags/weather_gold_v1.py
[2025-10-13T10:09:09.271+0000] {processor.py:830} INFO - Processing file /opt/airflow/dags/weather_gold_v1.py for tasks to queue
[2025-10-13T10:09:09.274+0000] {logging_mixin.py:188} INFO - [2025-10-13T10:09:09.273+0000] {dagbag.py:540} INFO - Filling up the DagBag from /opt/airflow/dags/weather_gold_v1.py
[2025-10-13T10:09:09.328+0000] {processor.py:840} INFO - DAG(s) 'weather_gold_v1' retrieved from /opt/airflow/dags/weather_gold_v1.py
[2025-10-13T10:09:09.434+0000] {logging_mixin.py:188} INFO - [2025-10-13T10:09:09.433+0000] {dag.py:3047} INFO - Sync 1 DAGs
[2025-10-13T10:09:09.520+0000] {logging_mixin.py:188} INFO - [2025-10-13T10:09:09.519+0000] {dag.py:3834} INFO - Setting next_dagrun for weather_gold_v1 to 2025-10-12 00:00:00+00:00, run_after=2025-10-19 00:00:00+00:00
[2025-10-13T10:09:09.662+0000] {processor.py:183} INFO - Processing /opt/airflow/dags/weather_gold_v1.py took 0.400 seconds
[2025-10-13T10:09:40.214+0000] {processor.py:161} INFO - Started process (PID=7079) to work on /opt/airflow/dags/weather_gold_v1.py
[2025-10-13T10:09:40.222+0000] {processor.py:830} INFO - Processing file /opt/airflow/dags/weather_gold_v1.py for tasks to queue
[2025-10-13T10:09:40.225+0000] {logging_mixin.py:188} INFO - [2025-10-13T10:09:40.225+0000] {dagbag.py:540} INFO - Filling up the DagBag from /opt/airflow/dags/weather_gold_v1.py
[2025-10-13T10:09:40.267+0000] {processor.py:840} INFO - DAG(s) 'weather_gold_v1' retrieved from /opt/airflow/dags/weather_gold_v1.py
[2025-10-13T10:09:40.375+0000] {logging_mixin.py:188} INFO - [2025-10-13T10:09:40.374+0000] {dag.py:3047} INFO - Sync 1 DAGs
[2025-10-13T10:09:40.450+0000] {logging_mixin.py:188} INFO - [2025-10-13T10:09:40.448+0000] {dag.py:3834} INFO - Setting next_dagrun for weather_gold_v1 to 2025-10-12 00:00:00+00:00, run_after=2025-10-19 00:00:00+00:00
[2025-10-13T10:09:40.546+0000] {processor.py:183} INFO - Processing /opt/airflow/dags/weather_gold_v1.py took 0.338 seconds
[2025-10-13T10:10:11.129+0000] {processor.py:161} INFO - Started process (PID=7094) to work on /opt/airflow/dags/weather_gold_v1.py
[2025-10-13T10:10:11.131+0000] {processor.py:830} INFO - Processing file /opt/airflow/dags/weather_gold_v1.py for tasks to queue
[2025-10-13T10:10:11.133+0000] {logging_mixin.py:188} INFO - [2025-10-13T10:10:11.133+0000] {dagbag.py:540} INFO - Filling up the DagBag from /opt/airflow/dags/weather_gold_v1.py
[2025-10-13T10:10:11.173+0000] {processor.py:840} INFO - DAG(s) 'weather_gold_v1' retrieved from /opt/airflow/dags/weather_gold_v1.py
[2025-10-13T10:10:11.261+0000] {logging_mixin.py:188} INFO - [2025-10-13T10:10:11.260+0000] {dag.py:3047} INFO - Sync 1 DAGs
[2025-10-13T10:10:11.331+0000] {logging_mixin.py:188} INFO - [2025-10-13T10:10:11.330+0000] {dag.py:3834} INFO - Setting next_dagrun for weather_gold_v1 to 2025-10-12 00:00:00+00:00, run_after=2025-10-19 00:00:00+00:00
[2025-10-13T10:10:11.429+0000] {processor.py:183} INFO - Processing /opt/airflow/dags/weather_gold_v1.py took 0.305 seconds
[2025-10-13T10:10:42.039+0000] {processor.py:161} INFO - Started process (PID=7109) to work on /opt/airflow/dags/weather_gold_v1.py
[2025-10-13T10:10:42.041+0000] {processor.py:830} INFO - Processing file /opt/airflow/dags/weather_gold_v1.py for tasks to queue
[2025-10-13T10:10:42.043+0000] {logging_mixin.py:188} INFO - [2025-10-13T10:10:42.043+0000] {dagbag.py:540} INFO - Filling up the DagBag from /opt/airflow/dags/weather_gold_v1.py
[2025-10-13T10:10:42.101+0000] {processor.py:840} INFO - DAG(s) 'weather_gold_v1' retrieved from /opt/airflow/dags/weather_gold_v1.py
[2025-10-13T10:10:42.208+0000] {logging_mixin.py:188} INFO - [2025-10-13T10:10:42.207+0000] {dag.py:3047} INFO - Sync 1 DAGs
[2025-10-13T10:10:42.274+0000] {logging_mixin.py:188} INFO - [2025-10-13T10:10:42.274+0000] {dag.py:3834} INFO - Setting next_dagrun for weather_gold_v1 to 2025-10-12 00:00:00+00:00, run_after=2025-10-19 00:00:00+00:00
[2025-10-13T10:10:42.366+0000] {processor.py:183} INFO - Processing /opt/airflow/dags/weather_gold_v1.py took 0.333 seconds
[2025-10-13T10:11:12.945+0000] {processor.py:161} INFO - Started process (PID=7124) to work on /opt/airflow/dags/weather_gold_v1.py
[2025-10-13T10:11:12.948+0000] {processor.py:830} INFO - Processing file /opt/airflow/dags/weather_gold_v1.py for tasks to queue
[2025-10-13T10:11:12.952+0000] {logging_mixin.py:188} INFO - [2025-10-13T10:11:12.951+0000] {dagbag.py:540} INFO - Filling up the DagBag from /opt/airflow/dags/weather_gold_v1.py
[2025-10-13T10:11:13.013+0000] {processor.py:840} INFO - DAG(s) 'weather_gold_v1' retrieved from /opt/airflow/dags/weather_gold_v1.py
[2025-10-13T10:11:13.113+0000] {logging_mixin.py:188} INFO - [2025-10-13T10:11:13.112+0000] {dag.py:3047} INFO - Sync 1 DAGs
[2025-10-13T10:11:13.215+0000] {logging_mixin.py:188} INFO - [2025-10-13T10:11:13.214+0000] {dag.py:3834} INFO - Setting next_dagrun for weather_gold_v1 to 2025-10-12 00:00:00+00:00, run_after=2025-10-19 00:00:00+00:00
[2025-10-13T10:11:13.345+0000] {processor.py:183} INFO - Processing /opt/airflow/dags/weather_gold_v1.py took 0.406 seconds
[2025-10-13T10:11:43.922+0000] {processor.py:161} INFO - Started process (PID=7139) to work on /opt/airflow/dags/weather_gold_v1.py
[2025-10-13T10:11:43.929+0000] {processor.py:830} INFO - Processing file /opt/airflow/dags/weather_gold_v1.py for tasks to queue
[2025-10-13T10:11:43.935+0000] {logging_mixin.py:188} INFO - [2025-10-13T10:11:43.933+0000] {dagbag.py:540} INFO - Filling up the DagBag from /opt/airflow/dags/weather_gold_v1.py
[2025-10-13T10:11:43.987+0000] {processor.py:840} INFO - DAG(s) 'weather_gold_v1' retrieved from /opt/airflow/dags/weather_gold_v1.py
[2025-10-13T10:11:44.073+0000] {logging_mixin.py:188} INFO - [2025-10-13T10:11:44.072+0000] {dag.py:3047} INFO - Sync 1 DAGs
[2025-10-13T10:11:44.131+0000] {logging_mixin.py:188} INFO - [2025-10-13T10:11:44.131+0000] {dag.py:3834} INFO - Setting next_dagrun for weather_gold_v1 to 2025-10-12 00:00:00+00:00, run_after=2025-10-19 00:00:00+00:00
[2025-10-13T10:11:44.200+0000] {processor.py:183} INFO - Processing /opt/airflow/dags/weather_gold_v1.py took 0.309 seconds
[2025-10-13T10:12:14.693+0000] {processor.py:161} INFO - Started process (PID=7154) to work on /opt/airflow/dags/weather_gold_v1.py
[2025-10-13T10:12:14.696+0000] {processor.py:830} INFO - Processing file /opt/airflow/dags/weather_gold_v1.py for tasks to queue
[2025-10-13T10:12:14.699+0000] {logging_mixin.py:188} INFO - [2025-10-13T10:12:14.698+0000] {dagbag.py:540} INFO - Filling up the DagBag from /opt/airflow/dags/weather_gold_v1.py
[2025-10-13T10:12:14.749+0000] {processor.py:840} INFO - DAG(s) 'weather_gold_v1' retrieved from /opt/airflow/dags/weather_gold_v1.py
[2025-10-13T10:12:14.847+0000] {logging_mixin.py:188} INFO - [2025-10-13T10:12:14.847+0000] {dag.py:3047} INFO - Sync 1 DAGs
[2025-10-13T10:12:14.915+0000] {logging_mixin.py:188} INFO - [2025-10-13T10:12:14.915+0000] {dag.py:3834} INFO - Setting next_dagrun for weather_gold_v1 to 2025-10-12 00:00:00+00:00, run_after=2025-10-19 00:00:00+00:00
[2025-10-13T10:12:15.001+0000] {processor.py:183} INFO - Processing /opt/airflow/dags/weather_gold_v1.py took 0.315 seconds
[2025-10-13T10:12:45.613+0000] {processor.py:161} INFO - Started process (PID=7169) to work on /opt/airflow/dags/weather_gold_v1.py
[2025-10-13T10:12:45.617+0000] {processor.py:830} INFO - Processing file /opt/airflow/dags/weather_gold_v1.py for tasks to queue
[2025-10-13T10:12:45.622+0000] {logging_mixin.py:188} INFO - [2025-10-13T10:12:45.620+0000] {dagbag.py:540} INFO - Filling up the DagBag from /opt/airflow/dags/weather_gold_v1.py
[2025-10-13T10:12:45.689+0000] {processor.py:840} INFO - DAG(s) 'weather_gold_v1' retrieved from /opt/airflow/dags/weather_gold_v1.py
[2025-10-13T10:12:45.790+0000] {logging_mixin.py:188} INFO - [2025-10-13T10:12:45.790+0000] {dag.py:3047} INFO - Sync 1 DAGs
[2025-10-13T10:12:45.870+0000] {logging_mixin.py:188} INFO - [2025-10-13T10:12:45.870+0000] {dag.py:3834} INFO - Setting next_dagrun for weather_gold_v1 to 2025-10-12 00:00:00+00:00, run_after=2025-10-19 00:00:00+00:00
[2025-10-13T10:12:45.958+0000] {processor.py:183} INFO - Processing /opt/airflow/dags/weather_gold_v1.py took 0.355 seconds
[2025-10-13T10:13:16.063+0000] {processor.py:161} INFO - Started process (PID=7184) to work on /opt/airflow/dags/weather_gold_v1.py
[2025-10-13T10:13:16.065+0000] {processor.py:830} INFO - Processing file /opt/airflow/dags/weather_gold_v1.py for tasks to queue
[2025-10-13T10:13:16.067+0000] {logging_mixin.py:188} INFO - [2025-10-13T10:13:16.067+0000] {dagbag.py:540} INFO - Filling up the DagBag from /opt/airflow/dags/weather_gold_v1.py
[2025-10-13T10:13:16.097+0000] {processor.py:840} INFO - DAG(s) 'weather_gold_v1' retrieved from /opt/airflow/dags/weather_gold_v1.py
[2025-10-13T10:13:16.155+0000] {logging_mixin.py:188} INFO - [2025-10-13T10:13:16.155+0000] {dag.py:3047} INFO - Sync 1 DAGs
[2025-10-13T10:13:16.198+0000] {logging_mixin.py:188} INFO - [2025-10-13T10:13:16.197+0000] {dag.py:3834} INFO - Setting next_dagrun for weather_gold_v1 to 2025-10-12 00:00:00+00:00, run_after=2025-10-19 00:00:00+00:00
[2025-10-13T10:13:16.260+0000] {processor.py:183} INFO - Processing /opt/airflow/dags/weather_gold_v1.py took 0.203 seconds
[2025-10-13T10:13:47.155+0000] {processor.py:161} INFO - Started process (PID=7199) to work on /opt/airflow/dags/weather_gold_v1.py
[2025-10-13T10:13:47.157+0000] {processor.py:830} INFO - Processing file /opt/airflow/dags/weather_gold_v1.py for tasks to queue
[2025-10-13T10:13:47.160+0000] {logging_mixin.py:188} INFO - [2025-10-13T10:13:47.159+0000] {dagbag.py:540} INFO - Filling up the DagBag from /opt/airflow/dags/weather_gold_v1.py
[2025-10-13T10:13:47.195+0000] {processor.py:840} INFO - DAG(s) 'weather_gold_v1' retrieved from /opt/airflow/dags/weather_gold_v1.py
[2025-10-13T10:13:47.314+0000] {logging_mixin.py:188} INFO - [2025-10-13T10:13:47.313+0000] {dag.py:3047} INFO - Sync 1 DAGs
[2025-10-13T10:13:47.393+0000] {logging_mixin.py:188} INFO - [2025-10-13T10:13:47.392+0000] {dag.py:3834} INFO - Setting next_dagrun for weather_gold_v1 to 2025-10-12 00:00:00+00:00, run_after=2025-10-19 00:00:00+00:00
[2025-10-13T10:13:47.647+0000] {processor.py:183} INFO - Processing /opt/airflow/dags/weather_gold_v1.py took 0.497 seconds
[2025-10-13T10:14:18.249+0000] {processor.py:161} INFO - Started process (PID=7214) to work on /opt/airflow/dags/weather_gold_v1.py
[2025-10-13T10:14:18.252+0000] {processor.py:830} INFO - Processing file /opt/airflow/dags/weather_gold_v1.py for tasks to queue
[2025-10-13T10:14:18.256+0000] {logging_mixin.py:188} INFO - [2025-10-13T10:14:18.255+0000] {dagbag.py:540} INFO - Filling up the DagBag from /opt/airflow/dags/weather_gold_v1.py
[2025-10-13T10:14:18.316+0000] {processor.py:840} INFO - DAG(s) 'weather_gold_v1' retrieved from /opt/airflow/dags/weather_gold_v1.py
[2025-10-13T10:14:18.460+0000] {logging_mixin.py:188} INFO - [2025-10-13T10:14:18.459+0000] {dag.py:3047} INFO - Sync 1 DAGs
[2025-10-13T10:14:18.541+0000] {logging_mixin.py:188} INFO - [2025-10-13T10:14:18.541+0000] {dag.py:3834} INFO - Setting next_dagrun for weather_gold_v1 to 2025-10-12 00:00:00+00:00, run_after=2025-10-19 00:00:00+00:00
[2025-10-13T10:14:18.630+0000] {processor.py:183} INFO - Processing /opt/airflow/dags/weather_gold_v1.py took 0.388 seconds
[2025-10-13T10:14:49.158+0000] {processor.py:161} INFO - Started process (PID=7229) to work on /opt/airflow/dags/weather_gold_v1.py
[2025-10-13T10:14:49.160+0000] {processor.py:830} INFO - Processing file /opt/airflow/dags/weather_gold_v1.py for tasks to queue
[2025-10-13T10:14:49.162+0000] {logging_mixin.py:188} INFO - [2025-10-13T10:14:49.162+0000] {dagbag.py:540} INFO - Filling up the DagBag from /opt/airflow/dags/weather_gold_v1.py
[2025-10-13T10:14:49.201+0000] {processor.py:840} INFO - DAG(s) 'weather_gold_v1' retrieved from /opt/airflow/dags/weather_gold_v1.py
[2025-10-13T10:14:49.291+0000] {logging_mixin.py:188} INFO - [2025-10-13T10:14:49.291+0000] {dag.py:3047} INFO - Sync 1 DAGs
[2025-10-13T10:14:49.353+0000] {logging_mixin.py:188} INFO - [2025-10-13T10:14:49.352+0000] {dag.py:3834} INFO - Setting next_dagrun for weather_gold_v1 to 2025-10-12 00:00:00+00:00, run_after=2025-10-19 00:00:00+00:00
[2025-10-13T10:14:49.433+0000] {processor.py:183} INFO - Processing /opt/airflow/dags/weather_gold_v1.py took 0.280 seconds
[2025-10-13T10:15:20.239+0000] {processor.py:161} INFO - Started process (PID=7244) to work on /opt/airflow/dags/weather_gold_v1.py
[2025-10-13T10:15:20.244+0000] {processor.py:830} INFO - Processing file /opt/airflow/dags/weather_gold_v1.py for tasks to queue
[2025-10-13T10:15:20.251+0000] {logging_mixin.py:188} INFO - [2025-10-13T10:15:20.250+0000] {dagbag.py:540} INFO - Filling up the DagBag from /opt/airflow/dags/weather_gold_v1.py
[2025-10-13T10:15:20.449+0000] {processor.py:840} INFO - DAG(s) 'weather_gold_v1' retrieved from /opt/airflow/dags/weather_gold_v1.py
[2025-10-13T10:15:20.641+0000] {logging_mixin.py:188} INFO - [2025-10-13T10:15:20.641+0000] {dag.py:3047} INFO - Sync 1 DAGs
[2025-10-13T10:15:20.717+0000] {logging_mixin.py:188} INFO - [2025-10-13T10:15:20.717+0000] {dag.py:3834} INFO - Setting next_dagrun for weather_gold_v1 to 2025-10-12 00:00:00+00:00, run_after=2025-10-19 00:00:00+00:00
[2025-10-13T10:15:20.820+0000] {processor.py:183} INFO - Processing /opt/airflow/dags/weather_gold_v1.py took 0.593 seconds
[2025-10-13T10:15:51.447+0000] {processor.py:161} INFO - Started process (PID=7259) to work on /opt/airflow/dags/weather_gold_v1.py
[2025-10-13T10:15:51.450+0000] {processor.py:830} INFO - Processing file /opt/airflow/dags/weather_gold_v1.py for tasks to queue
[2025-10-13T10:15:51.453+0000] {logging_mixin.py:188} INFO - [2025-10-13T10:15:51.452+0000] {dagbag.py:540} INFO - Filling up the DagBag from /opt/airflow/dags/weather_gold_v1.py
[2025-10-13T10:15:51.496+0000] {processor.py:840} INFO - DAG(s) 'weather_gold_v1' retrieved from /opt/airflow/dags/weather_gold_v1.py
[2025-10-13T10:15:51.599+0000] {logging_mixin.py:188} INFO - [2025-10-13T10:15:51.599+0000] {dag.py:3047} INFO - Sync 1 DAGs
[2025-10-13T10:15:51.665+0000] {logging_mixin.py:188} INFO - [2025-10-13T10:15:51.664+0000] {dag.py:3834} INFO - Setting next_dagrun for weather_gold_v1 to 2025-10-12 00:00:00+00:00, run_after=2025-10-19 00:00:00+00:00
[2025-10-13T10:15:51.739+0000] {processor.py:183} INFO - Processing /opt/airflow/dags/weather_gold_v1.py took 0.297 seconds
[2025-10-13T10:16:22.527+0000] {processor.py:161} INFO - Started process (PID=7274) to work on /opt/airflow/dags/weather_gold_v1.py
[2025-10-13T10:16:22.530+0000] {processor.py:830} INFO - Processing file /opt/airflow/dags/weather_gold_v1.py for tasks to queue
[2025-10-13T10:16:22.532+0000] {logging_mixin.py:188} INFO - [2025-10-13T10:16:22.531+0000] {dagbag.py:540} INFO - Filling up the DagBag from /opt/airflow/dags/weather_gold_v1.py
[2025-10-13T10:16:22.579+0000] {processor.py:840} INFO - DAG(s) 'weather_gold_v1' retrieved from /opt/airflow/dags/weather_gold_v1.py
[2025-10-13T10:16:22.707+0000] {logging_mixin.py:188} INFO - [2025-10-13T10:16:22.706+0000] {dag.py:3047} INFO - Sync 1 DAGs
[2025-10-13T10:16:22.777+0000] {logging_mixin.py:188} INFO - [2025-10-13T10:16:22.777+0000] {dag.py:3834} INFO - Setting next_dagrun for weather_gold_v1 to 2025-10-12 00:00:00+00:00, run_after=2025-10-19 00:00:00+00:00
[2025-10-13T10:16:22.872+0000] {processor.py:183} INFO - Processing /opt/airflow/dags/weather_gold_v1.py took 0.349 seconds
[2025-10-13T10:16:53.374+0000] {processor.py:161} INFO - Started process (PID=7289) to work on /opt/airflow/dags/weather_gold_v1.py
[2025-10-13T10:16:53.376+0000] {processor.py:830} INFO - Processing file /opt/airflow/dags/weather_gold_v1.py for tasks to queue
[2025-10-13T10:16:53.378+0000] {logging_mixin.py:188} INFO - [2025-10-13T10:16:53.377+0000] {dagbag.py:540} INFO - Filling up the DagBag from /opt/airflow/dags/weather_gold_v1.py
[2025-10-13T10:16:53.422+0000] {processor.py:840} INFO - DAG(s) 'weather_gold_v1' retrieved from /opt/airflow/dags/weather_gold_v1.py
[2025-10-13T10:16:53.513+0000] {logging_mixin.py:188} INFO - [2025-10-13T10:16:53.512+0000] {dag.py:3047} INFO - Sync 1 DAGs
[2025-10-13T10:16:53.583+0000] {logging_mixin.py:188} INFO - [2025-10-13T10:16:53.583+0000] {dag.py:3834} INFO - Setting next_dagrun for weather_gold_v1 to 2025-10-12 00:00:00+00:00, run_after=2025-10-19 00:00:00+00:00
[2025-10-13T10:16:53.649+0000] {processor.py:183} INFO - Processing /opt/airflow/dags/weather_gold_v1.py took 0.279 seconds
[2025-10-13T10:17:24.222+0000] {processor.py:161} INFO - Started process (PID=7304) to work on /opt/airflow/dags/weather_gold_v1.py
[2025-10-13T10:17:24.224+0000] {processor.py:830} INFO - Processing file /opt/airflow/dags/weather_gold_v1.py for tasks to queue
[2025-10-13T10:17:24.226+0000] {logging_mixin.py:188} INFO - [2025-10-13T10:17:24.225+0000] {dagbag.py:540} INFO - Filling up the DagBag from /opt/airflow/dags/weather_gold_v1.py
[2025-10-13T10:17:24.262+0000] {processor.py:840} INFO - DAG(s) 'weather_gold_v1' retrieved from /opt/airflow/dags/weather_gold_v1.py
[2025-10-13T10:17:24.338+0000] {logging_mixin.py:188} INFO - [2025-10-13T10:17:24.337+0000] {dag.py:3047} INFO - Sync 1 DAGs
[2025-10-13T10:17:24.382+0000] {logging_mixin.py:188} INFO - [2025-10-13T10:17:24.381+0000] {dag.py:3834} INFO - Setting next_dagrun for weather_gold_v1 to 2025-10-12 00:00:00+00:00, run_after=2025-10-19 00:00:00+00:00
[2025-10-13T10:17:24.443+0000] {processor.py:183} INFO - Processing /opt/airflow/dags/weather_gold_v1.py took 0.226 seconds
[2025-10-13T10:17:55.070+0000] {processor.py:161} INFO - Started process (PID=7319) to work on /opt/airflow/dags/weather_gold_v1.py
[2025-10-13T10:17:55.072+0000] {processor.py:830} INFO - Processing file /opt/airflow/dags/weather_gold_v1.py for tasks to queue
[2025-10-13T10:17:55.074+0000] {logging_mixin.py:188} INFO - [2025-10-13T10:17:55.074+0000] {dagbag.py:540} INFO - Filling up the DagBag from /opt/airflow/dags/weather_gold_v1.py
[2025-10-13T10:17:55.124+0000] {processor.py:840} INFO - DAG(s) 'weather_gold_v1' retrieved from /opt/airflow/dags/weather_gold_v1.py
[2025-10-13T10:17:55.223+0000] {logging_mixin.py:188} INFO - [2025-10-13T10:17:55.222+0000] {dag.py:3047} INFO - Sync 1 DAGs
[2025-10-13T10:17:55.311+0000] {logging_mixin.py:188} INFO - [2025-10-13T10:17:55.310+0000] {dag.py:3834} INFO - Setting next_dagrun for weather_gold_v1 to 2025-10-12 00:00:00+00:00, run_after=2025-10-19 00:00:00+00:00
[2025-10-13T10:17:55.417+0000] {processor.py:183} INFO - Processing /opt/airflow/dags/weather_gold_v1.py took 0.353 seconds
[2025-10-13T10:18:26.048+0000] {processor.py:161} INFO - Started process (PID=7334) to work on /opt/airflow/dags/weather_gold_v1.py
[2025-10-13T10:18:26.050+0000] {processor.py:830} INFO - Processing file /opt/airflow/dags/weather_gold_v1.py for tasks to queue
[2025-10-13T10:18:26.053+0000] {logging_mixin.py:188} INFO - [2025-10-13T10:18:26.053+0000] {dagbag.py:540} INFO - Filling up the DagBag from /opt/airflow/dags/weather_gold_v1.py
[2025-10-13T10:18:26.097+0000] {processor.py:840} INFO - DAG(s) 'weather_gold_v1' retrieved from /opt/airflow/dags/weather_gold_v1.py
[2025-10-13T10:18:26.184+0000] {logging_mixin.py:188} INFO - [2025-10-13T10:18:26.184+0000] {dag.py:3047} INFO - Sync 1 DAGs
[2025-10-13T10:18:26.241+0000] {logging_mixin.py:188} INFO - [2025-10-13T10:18:26.241+0000] {dag.py:3834} INFO - Setting next_dagrun for weather_gold_v1 to 2025-10-12 00:00:00+00:00, run_after=2025-10-19 00:00:00+00:00
[2025-10-13T10:18:26.304+0000] {processor.py:183} INFO - Processing /opt/airflow/dags/weather_gold_v1.py took 0.261 seconds
[2025-10-13T10:18:56.857+0000] {processor.py:161} INFO - Started process (PID=7349) to work on /opt/airflow/dags/weather_gold_v1.py
[2025-10-13T10:18:56.859+0000] {processor.py:830} INFO - Processing file /opt/airflow/dags/weather_gold_v1.py for tasks to queue
[2025-10-13T10:18:56.861+0000] {logging_mixin.py:188} INFO - [2025-10-13T10:18:56.861+0000] {dagbag.py:540} INFO - Filling up the DagBag from /opt/airflow/dags/weather_gold_v1.py
[2025-10-13T10:18:56.905+0000] {processor.py:840} INFO - DAG(s) 'weather_gold_v1' retrieved from /opt/airflow/dags/weather_gold_v1.py
[2025-10-13T10:18:56.991+0000] {logging_mixin.py:188} INFO - [2025-10-13T10:18:56.991+0000] {dag.py:3047} INFO - Sync 1 DAGs
[2025-10-13T10:18:57.067+0000] {logging_mixin.py:188} INFO - [2025-10-13T10:18:57.066+0000] {dag.py:3834} INFO - Setting next_dagrun for weather_gold_v1 to 2025-10-12 00:00:00+00:00, run_after=2025-10-19 00:00:00+00:00
[2025-10-13T10:18:57.158+0000] {processor.py:183} INFO - Processing /opt/airflow/dags/weather_gold_v1.py took 0.307 seconds
[2025-10-13T10:19:27.934+0000] {processor.py:161} INFO - Started process (PID=7364) to work on /opt/airflow/dags/weather_gold_v1.py
[2025-10-13T10:19:27.949+0000] {processor.py:830} INFO - Processing file /opt/airflow/dags/weather_gold_v1.py for tasks to queue
[2025-10-13T10:19:27.953+0000] {logging_mixin.py:188} INFO - [2025-10-13T10:19:27.952+0000] {dagbag.py:540} INFO - Filling up the DagBag from /opt/airflow/dags/weather_gold_v1.py
[2025-10-13T10:19:28.028+0000] {processor.py:840} INFO - DAG(s) 'weather_gold_v1' retrieved from /opt/airflow/dags/weather_gold_v1.py
[2025-10-13T10:19:28.413+0000] {logging_mixin.py:188} INFO - [2025-10-13T10:19:28.413+0000] {dag.py:3047} INFO - Sync 1 DAGs
[2025-10-13T10:19:28.506+0000] {logging_mixin.py:188} INFO - [2025-10-13T10:19:28.505+0000] {dag.py:3834} INFO - Setting next_dagrun for weather_gold_v1 to 2025-10-12 00:00:00+00:00, run_after=2025-10-19 00:00:00+00:00
[2025-10-13T10:19:28.597+0000] {processor.py:183} INFO - Processing /opt/airflow/dags/weather_gold_v1.py took 0.670 seconds
[2025-10-13T10:19:59.159+0000] {processor.py:161} INFO - Started process (PID=7379) to work on /opt/airflow/dags/weather_gold_v1.py
[2025-10-13T10:19:59.161+0000] {processor.py:830} INFO - Processing file /opt/airflow/dags/weather_gold_v1.py for tasks to queue
[2025-10-13T10:19:59.163+0000] {logging_mixin.py:188} INFO - [2025-10-13T10:19:59.163+0000] {dagbag.py:540} INFO - Filling up the DagBag from /opt/airflow/dags/weather_gold_v1.py
[2025-10-13T10:19:59.201+0000] {processor.py:840} INFO - DAG(s) 'weather_gold_v1' retrieved from /opt/airflow/dags/weather_gold_v1.py
[2025-10-13T10:19:59.292+0000] {logging_mixin.py:188} INFO - [2025-10-13T10:19:59.292+0000] {dag.py:3047} INFO - Sync 1 DAGs
[2025-10-13T10:19:59.356+0000] {logging_mixin.py:188} INFO - [2025-10-13T10:19:59.356+0000] {dag.py:3834} INFO - Setting next_dagrun for weather_gold_v1 to 2025-10-12 00:00:00+00:00, run_after=2025-10-19 00:00:00+00:00
[2025-10-13T10:19:59.434+0000] {processor.py:183} INFO - Processing /opt/airflow/dags/weather_gold_v1.py took 0.281 seconds
[2025-10-13T10:20:30.024+0000] {processor.py:161} INFO - Started process (PID=7394) to work on /opt/airflow/dags/weather_gold_v1.py
[2025-10-13T10:20:30.026+0000] {processor.py:830} INFO - Processing file /opt/airflow/dags/weather_gold_v1.py for tasks to queue
[2025-10-13T10:20:30.028+0000] {logging_mixin.py:188} INFO - [2025-10-13T10:20:30.027+0000] {dagbag.py:540} INFO - Filling up the DagBag from /opt/airflow/dags/weather_gold_v1.py
[2025-10-13T10:20:30.062+0000] {processor.py:840} INFO - DAG(s) 'weather_gold_v1' retrieved from /opt/airflow/dags/weather_gold_v1.py
[2025-10-13T10:20:30.139+0000] {logging_mixin.py:188} INFO - [2025-10-13T10:20:30.139+0000] {dag.py:3047} INFO - Sync 1 DAGs
[2025-10-13T10:20:30.185+0000] {logging_mixin.py:188} INFO - [2025-10-13T10:20:30.184+0000] {dag.py:3834} INFO - Setting next_dagrun for weather_gold_v1 to 2025-10-12 00:00:00+00:00, run_after=2025-10-19 00:00:00+00:00
[2025-10-13T10:20:30.263+0000] {processor.py:183} INFO - Processing /opt/airflow/dags/weather_gold_v1.py took 0.245 seconds
[2025-10-13T10:21:00.759+0000] {processor.py:161} INFO - Started process (PID=7409) to work on /opt/airflow/dags/weather_gold_v1.py
[2025-10-13T10:21:00.764+0000] {processor.py:830} INFO - Processing file /opt/airflow/dags/weather_gold_v1.py for tasks to queue
[2025-10-13T10:21:00.768+0000] {logging_mixin.py:188} INFO - [2025-10-13T10:21:00.767+0000] {dagbag.py:540} INFO - Filling up the DagBag from /opt/airflow/dags/weather_gold_v1.py
[2025-10-13T10:21:00.812+0000] {processor.py:840} INFO - DAG(s) 'weather_gold_v1' retrieved from /opt/airflow/dags/weather_gold_v1.py
[2025-10-13T10:21:00.993+0000] {logging_mixin.py:188} INFO - [2025-10-13T10:21:00.992+0000] {dag.py:3047} INFO - Sync 1 DAGs
[2025-10-13T10:21:01.107+0000] {logging_mixin.py:188} INFO - [2025-10-13T10:21:01.107+0000] {dag.py:3834} INFO - Setting next_dagrun for weather_gold_v1 to 2025-10-12 00:00:00+00:00, run_after=2025-10-19 00:00:00+00:00
[2025-10-13T10:21:01.202+0000] {processor.py:183} INFO - Processing /opt/airflow/dags/weather_gold_v1.py took 0.451 seconds
[2025-10-13T10:21:31.784+0000] {processor.py:161} INFO - Started process (PID=7424) to work on /opt/airflow/dags/weather_gold_v1.py
[2025-10-13T10:21:31.787+0000] {processor.py:830} INFO - Processing file /opt/airflow/dags/weather_gold_v1.py for tasks to queue
[2025-10-13T10:21:31.790+0000] {logging_mixin.py:188} INFO - [2025-10-13T10:21:31.789+0000] {dagbag.py:540} INFO - Filling up the DagBag from /opt/airflow/dags/weather_gold_v1.py
[2025-10-13T10:21:31.842+0000] {processor.py:840} INFO - DAG(s) 'weather_gold_v1' retrieved from /opt/airflow/dags/weather_gold_v1.py
[2025-10-13T10:21:31.943+0000] {logging_mixin.py:188} INFO - [2025-10-13T10:21:31.943+0000] {dag.py:3047} INFO - Sync 1 DAGs
[2025-10-13T10:21:32.009+0000] {logging_mixin.py:188} INFO - [2025-10-13T10:21:32.009+0000] {dag.py:3834} INFO - Setting next_dagrun for weather_gold_v1 to 2025-10-12 00:00:00+00:00, run_after=2025-10-19 00:00:00+00:00
[2025-10-13T10:21:32.080+0000] {processor.py:183} INFO - Processing /opt/airflow/dags/weather_gold_v1.py took 0.304 seconds
[2025-10-13T10:22:02.612+0000] {processor.py:161} INFO - Started process (PID=7439) to work on /opt/airflow/dags/weather_gold_v1.py
[2025-10-13T10:22:02.615+0000] {processor.py:830} INFO - Processing file /opt/airflow/dags/weather_gold_v1.py for tasks to queue
[2025-10-13T10:22:02.618+0000] {logging_mixin.py:188} INFO - [2025-10-13T10:22:02.617+0000] {dagbag.py:540} INFO - Filling up the DagBag from /opt/airflow/dags/weather_gold_v1.py
[2025-10-13T10:22:02.686+0000] {processor.py:840} INFO - DAG(s) 'weather_gold_v1' retrieved from /opt/airflow/dags/weather_gold_v1.py
[2025-10-13T10:22:02.818+0000] {logging_mixin.py:188} INFO - [2025-10-13T10:22:02.818+0000] {dag.py:3047} INFO - Sync 1 DAGs
[2025-10-13T10:22:02.898+0000] {logging_mixin.py:188} INFO - [2025-10-13T10:22:02.898+0000] {dag.py:3834} INFO - Setting next_dagrun for weather_gold_v1 to 2025-10-12 00:00:00+00:00, run_after=2025-10-19 00:00:00+00:00
[2025-10-13T10:22:02.971+0000] {processor.py:183} INFO - Processing /opt/airflow/dags/weather_gold_v1.py took 0.368 seconds
[2025-10-13T10:22:33.541+0000] {processor.py:161} INFO - Started process (PID=7454) to work on /opt/airflow/dags/weather_gold_v1.py
[2025-10-13T10:22:33.545+0000] {processor.py:830} INFO - Processing file /opt/airflow/dags/weather_gold_v1.py for tasks to queue
[2025-10-13T10:22:33.549+0000] {logging_mixin.py:188} INFO - [2025-10-13T10:22:33.548+0000] {dagbag.py:540} INFO - Filling up the DagBag from /opt/airflow/dags/weather_gold_v1.py
[2025-10-13T10:22:33.617+0000] {processor.py:840} INFO - DAG(s) 'weather_gold_v1' retrieved from /opt/airflow/dags/weather_gold_v1.py
[2025-10-13T10:22:33.764+0000] {logging_mixin.py:188} INFO - [2025-10-13T10:22:33.763+0000] {dag.py:3047} INFO - Sync 1 DAGs
[2025-10-13T10:22:33.848+0000] {logging_mixin.py:188} INFO - [2025-10-13T10:22:33.847+0000] {dag.py:3834} INFO - Setting next_dagrun for weather_gold_v1 to 2025-10-12 00:00:00+00:00, run_after=2025-10-19 00:00:00+00:00
[2025-10-13T10:22:33.953+0000] {processor.py:183} INFO - Processing /opt/airflow/dags/weather_gold_v1.py took 0.420 seconds
[2025-10-13T10:23:04.460+0000] {processor.py:161} INFO - Started process (PID=7469) to work on /opt/airflow/dags/weather_gold_v1.py
[2025-10-13T10:23:04.463+0000] {processor.py:830} INFO - Processing file /opt/airflow/dags/weather_gold_v1.py for tasks to queue
[2025-10-13T10:23:04.466+0000] {logging_mixin.py:188} INFO - [2025-10-13T10:23:04.465+0000] {dagbag.py:540} INFO - Filling up the DagBag from /opt/airflow/dags/weather_gold_v1.py
[2025-10-13T10:23:04.515+0000] {processor.py:840} INFO - DAG(s) 'weather_gold_v1' retrieved from /opt/airflow/dags/weather_gold_v1.py
[2025-10-13T10:23:04.613+0000] {logging_mixin.py:188} INFO - [2025-10-13T10:23:04.613+0000] {dag.py:3047} INFO - Sync 1 DAGs
[2025-10-13T10:23:04.680+0000] {logging_mixin.py:188} INFO - [2025-10-13T10:23:04.680+0000] {dag.py:3834} INFO - Setting next_dagrun for weather_gold_v1 to 2025-10-12 00:00:00+00:00, run_after=2025-10-19 00:00:00+00:00
[2025-10-13T10:23:04.762+0000] {processor.py:183} INFO - Processing /opt/airflow/dags/weather_gold_v1.py took 0.311 seconds
[2025-10-13T10:23:35.210+0000] {processor.py:161} INFO - Started process (PID=7484) to work on /opt/airflow/dags/weather_gold_v1.py
[2025-10-13T10:23:35.212+0000] {processor.py:830} INFO - Processing file /opt/airflow/dags/weather_gold_v1.py for tasks to queue
[2025-10-13T10:23:35.214+0000] {logging_mixin.py:188} INFO - [2025-10-13T10:23:35.213+0000] {dagbag.py:540} INFO - Filling up the DagBag from /opt/airflow/dags/weather_gold_v1.py
[2025-10-13T10:23:35.260+0000] {processor.py:840} INFO - DAG(s) 'weather_gold_v1' retrieved from /opt/airflow/dags/weather_gold_v1.py
[2025-10-13T10:23:35.412+0000] {logging_mixin.py:188} INFO - [2025-10-13T10:23:35.412+0000] {dag.py:3047} INFO - Sync 1 DAGs
[2025-10-13T10:23:35.547+0000] {logging_mixin.py:188} INFO - [2025-10-13T10:23:35.546+0000] {dag.py:3834} INFO - Setting next_dagrun for weather_gold_v1 to 2025-10-12 00:00:00+00:00, run_after=2025-10-19 00:00:00+00:00
[2025-10-13T10:23:35.631+0000] {processor.py:183} INFO - Processing /opt/airflow/dags/weather_gold_v1.py took 0.434 seconds
[2025-10-13T10:24:06.508+0000] {processor.py:161} INFO - Started process (PID=7499) to work on /opt/airflow/dags/weather_gold_v1.py
[2025-10-13T10:24:06.514+0000] {processor.py:830} INFO - Processing file /opt/airflow/dags/weather_gold_v1.py for tasks to queue
[2025-10-13T10:24:06.522+0000] {logging_mixin.py:188} INFO - [2025-10-13T10:24:06.519+0000] {dagbag.py:540} INFO - Filling up the DagBag from /opt/airflow/dags/weather_gold_v1.py
[2025-10-13T10:24:06.595+0000] {processor.py:840} INFO - DAG(s) 'weather_gold_v1' retrieved from /opt/airflow/dags/weather_gold_v1.py
[2025-10-13T10:24:06.706+0000] {logging_mixin.py:188} INFO - [2025-10-13T10:24:06.705+0000] {dag.py:3047} INFO - Sync 1 DAGs
[2025-10-13T10:24:06.773+0000] {logging_mixin.py:188} INFO - [2025-10-13T10:24:06.772+0000] {dag.py:3834} INFO - Setting next_dagrun for weather_gold_v1 to 2025-10-12 00:00:00+00:00, run_after=2025-10-19 00:00:00+00:00
[2025-10-13T10:24:06.872+0000] {processor.py:183} INFO - Processing /opt/airflow/dags/weather_gold_v1.py took 0.369 seconds
[2025-10-13T10:24:37.442+0000] {processor.py:161} INFO - Started process (PID=7514) to work on /opt/airflow/dags/weather_gold_v1.py
[2025-10-13T10:24:37.444+0000] {processor.py:830} INFO - Processing file /opt/airflow/dags/weather_gold_v1.py for tasks to queue
[2025-10-13T10:24:37.446+0000] {logging_mixin.py:188} INFO - [2025-10-13T10:24:37.445+0000] {dagbag.py:540} INFO - Filling up the DagBag from /opt/airflow/dags/weather_gold_v1.py
[2025-10-13T10:24:37.503+0000] {processor.py:840} INFO - DAG(s) 'weather_gold_v1' retrieved from /opt/airflow/dags/weather_gold_v1.py
[2025-10-13T10:24:37.589+0000] {logging_mixin.py:188} INFO - [2025-10-13T10:24:37.589+0000] {dag.py:3047} INFO - Sync 1 DAGs
[2025-10-13T10:24:37.656+0000] {logging_mixin.py:188} INFO - [2025-10-13T10:24:37.655+0000] {dag.py:3834} INFO - Setting next_dagrun for weather_gold_v1 to 2025-10-12 00:00:00+00:00, run_after=2025-10-19 00:00:00+00:00
[2025-10-13T10:24:37.750+0000] {processor.py:183} INFO - Processing /opt/airflow/dags/weather_gold_v1.py took 0.313 seconds
[2025-10-13T10:25:08.531+0000] {processor.py:161} INFO - Started process (PID=7529) to work on /opt/airflow/dags/weather_gold_v1.py
[2025-10-13T10:25:08.550+0000] {processor.py:830} INFO - Processing file /opt/airflow/dags/weather_gold_v1.py for tasks to queue
[2025-10-13T10:25:08.566+0000] {logging_mixin.py:188} INFO - [2025-10-13T10:25:08.565+0000] {dagbag.py:540} INFO - Filling up the DagBag from /opt/airflow/dags/weather_gold_v1.py
[2025-10-13T10:25:08.725+0000] {processor.py:840} INFO - DAG(s) 'weather_gold_v1' retrieved from /opt/airflow/dags/weather_gold_v1.py
[2025-10-13T10:25:09.072+0000] {logging_mixin.py:188} INFO - [2025-10-13T10:25:09.072+0000] {dag.py:3047} INFO - Sync 1 DAGs
[2025-10-13T10:25:09.162+0000] {logging_mixin.py:188} INFO - [2025-10-13T10:25:09.162+0000] {dag.py:3834} INFO - Setting next_dagrun for weather_gold_v1 to 2025-10-12 00:00:00+00:00, run_after=2025-10-19 00:00:00+00:00
[2025-10-13T10:25:09.264+0000] {processor.py:183} INFO - Processing /opt/airflow/dags/weather_gold_v1.py took 0.752 seconds
[2025-10-13T10:25:39.778+0000] {processor.py:161} INFO - Started process (PID=7544) to work on /opt/airflow/dags/weather_gold_v1.py
[2025-10-13T10:25:39.787+0000] {processor.py:830} INFO - Processing file /opt/airflow/dags/weather_gold_v1.py for tasks to queue
[2025-10-13T10:25:39.789+0000] {logging_mixin.py:188} INFO - [2025-10-13T10:25:39.788+0000] {dagbag.py:540} INFO - Filling up the DagBag from /opt/airflow/dags/weather_gold_v1.py
[2025-10-13T10:25:39.830+0000] {processor.py:840} INFO - DAG(s) 'weather_gold_v1' retrieved from /opt/airflow/dags/weather_gold_v1.py
[2025-10-13T10:25:39.917+0000] {logging_mixin.py:188} INFO - [2025-10-13T10:25:39.916+0000] {dag.py:3047} INFO - Sync 1 DAGs
[2025-10-13T10:25:39.988+0000] {logging_mixin.py:188} INFO - [2025-10-13T10:25:39.988+0000] {dag.py:3834} INFO - Setting next_dagrun for weather_gold_v1 to 2025-10-12 00:00:00+00:00, run_after=2025-10-19 00:00:00+00:00
[2025-10-13T10:25:40.064+0000] {processor.py:183} INFO - Processing /opt/airflow/dags/weather_gold_v1.py took 0.295 seconds
[2025-10-13T10:26:10.645+0000] {processor.py:161} INFO - Started process (PID=7559) to work on /opt/airflow/dags/weather_gold_v1.py
[2025-10-13T10:26:10.647+0000] {processor.py:830} INFO - Processing file /opt/airflow/dags/weather_gold_v1.py for tasks to queue
[2025-10-13T10:26:10.650+0000] {logging_mixin.py:188} INFO - [2025-10-13T10:26:10.649+0000] {dagbag.py:540} INFO - Filling up the DagBag from /opt/airflow/dags/weather_gold_v1.py
[2025-10-13T10:26:10.692+0000] {processor.py:840} INFO - DAG(s) 'weather_gold_v1' retrieved from /opt/airflow/dags/weather_gold_v1.py
[2025-10-13T10:26:10.791+0000] {logging_mixin.py:188} INFO - [2025-10-13T10:26:10.790+0000] {dag.py:3047} INFO - Sync 1 DAGs
[2025-10-13T10:26:10.884+0000] {logging_mixin.py:188} INFO - [2025-10-13T10:26:10.884+0000] {dag.py:3834} INFO - Setting next_dagrun for weather_gold_v1 to 2025-10-12 00:00:00+00:00, run_after=2025-10-19 00:00:00+00:00
[2025-10-13T10:26:10.959+0000] {processor.py:183} INFO - Processing /opt/airflow/dags/weather_gold_v1.py took 0.320 seconds
[2025-10-13T10:26:41.565+0000] {processor.py:161} INFO - Started process (PID=7574) to work on /opt/airflow/dags/weather_gold_v1.py
[2025-10-13T10:26:41.569+0000] {processor.py:830} INFO - Processing file /opt/airflow/dags/weather_gold_v1.py for tasks to queue
[2025-10-13T10:26:41.572+0000] {logging_mixin.py:188} INFO - [2025-10-13T10:26:41.570+0000] {dagbag.py:540} INFO - Filling up the DagBag from /opt/airflow/dags/weather_gold_v1.py
[2025-10-13T10:26:41.627+0000] {processor.py:840} INFO - DAG(s) 'weather_gold_v1' retrieved from /opt/airflow/dags/weather_gold_v1.py
[2025-10-13T10:26:41.754+0000] {logging_mixin.py:188} INFO - [2025-10-13T10:26:41.754+0000] {dag.py:3047} INFO - Sync 1 DAGs
[2025-10-13T10:26:41.827+0000] {logging_mixin.py:188} INFO - [2025-10-13T10:26:41.827+0000] {dag.py:3834} INFO - Setting next_dagrun for weather_gold_v1 to 2025-10-12 00:00:00+00:00, run_after=2025-10-19 00:00:00+00:00
[2025-10-13T10:26:41.898+0000] {processor.py:183} INFO - Processing /opt/airflow/dags/weather_gold_v1.py took 0.343 seconds
[2025-10-13T10:27:12.560+0000] {processor.py:161} INFO - Started process (PID=7589) to work on /opt/airflow/dags/weather_gold_v1.py
[2025-10-13T10:27:12.562+0000] {processor.py:830} INFO - Processing file /opt/airflow/dags/weather_gold_v1.py for tasks to queue
[2025-10-13T10:27:12.565+0000] {logging_mixin.py:188} INFO - [2025-10-13T10:27:12.564+0000] {dagbag.py:540} INFO - Filling up the DagBag from /opt/airflow/dags/weather_gold_v1.py
[2025-10-13T10:27:12.618+0000] {processor.py:840} INFO - DAG(s) 'weather_gold_v1' retrieved from /opt/airflow/dags/weather_gold_v1.py
[2025-10-13T10:27:12.727+0000] {logging_mixin.py:188} INFO - [2025-10-13T10:27:12.726+0000] {dag.py:3047} INFO - Sync 1 DAGs
[2025-10-13T10:27:12.789+0000] {logging_mixin.py:188} INFO - [2025-10-13T10:27:12.789+0000] {dag.py:3834} INFO - Setting next_dagrun for weather_gold_v1 to 2025-10-12 00:00:00+00:00, run_after=2025-10-19 00:00:00+00:00
[2025-10-13T10:27:12.859+0000] {processor.py:183} INFO - Processing /opt/airflow/dags/weather_gold_v1.py took 0.306 seconds
[2025-10-13T10:27:43.476+0000] {processor.py:161} INFO - Started process (PID=7604) to work on /opt/airflow/dags/weather_gold_v1.py
[2025-10-13T10:27:43.478+0000] {processor.py:830} INFO - Processing file /opt/airflow/dags/weather_gold_v1.py for tasks to queue
[2025-10-13T10:27:43.481+0000] {logging_mixin.py:188} INFO - [2025-10-13T10:27:43.480+0000] {dagbag.py:540} INFO - Filling up the DagBag from /opt/airflow/dags/weather_gold_v1.py
[2025-10-13T10:27:43.524+0000] {processor.py:840} INFO - DAG(s) 'weather_gold_v1' retrieved from /opt/airflow/dags/weather_gold_v1.py
[2025-10-13T10:27:43.610+0000] {logging_mixin.py:188} INFO - [2025-10-13T10:27:43.610+0000] {dag.py:3047} INFO - Sync 1 DAGs
[2025-10-13T10:27:43.691+0000] {logging_mixin.py:188} INFO - [2025-10-13T10:27:43.690+0000] {dag.py:3834} INFO - Setting next_dagrun for weather_gold_v1 to 2025-10-12 00:00:00+00:00, run_after=2025-10-19 00:00:00+00:00
[2025-10-13T10:27:43.789+0000] {processor.py:183} INFO - Processing /opt/airflow/dags/weather_gold_v1.py took 0.319 seconds
[2025-10-13T10:28:14.454+0000] {processor.py:161} INFO - Started process (PID=7619) to work on /opt/airflow/dags/weather_gold_v1.py
[2025-10-13T10:28:14.456+0000] {processor.py:830} INFO - Processing file /opt/airflow/dags/weather_gold_v1.py for tasks to queue
[2025-10-13T10:28:14.460+0000] {logging_mixin.py:188} INFO - [2025-10-13T10:28:14.459+0000] {dagbag.py:540} INFO - Filling up the DagBag from /opt/airflow/dags/weather_gold_v1.py
[2025-10-13T10:28:14.510+0000] {processor.py:840} INFO - DAG(s) 'weather_gold_v1' retrieved from /opt/airflow/dags/weather_gold_v1.py
[2025-10-13T10:28:14.619+0000] {logging_mixin.py:188} INFO - [2025-10-13T10:28:14.618+0000] {dag.py:3047} INFO - Sync 1 DAGs
[2025-10-13T10:28:14.696+0000] {logging_mixin.py:188} INFO - [2025-10-13T10:28:14.696+0000] {dag.py:3834} INFO - Setting next_dagrun for weather_gold_v1 to 2025-10-12 00:00:00+00:00, run_after=2025-10-19 00:00:00+00:00
[2025-10-13T10:28:14.783+0000] {processor.py:183} INFO - Processing /opt/airflow/dags/weather_gold_v1.py took 0.339 seconds
[2025-10-13T10:28:44.945+0000] {processor.py:161} INFO - Started process (PID=7634) to work on /opt/airflow/dags/weather_gold_v1.py
[2025-10-13T10:28:44.952+0000] {processor.py:830} INFO - Processing file /opt/airflow/dags/weather_gold_v1.py for tasks to queue
[2025-10-13T10:28:44.954+0000] {logging_mixin.py:188} INFO - [2025-10-13T10:28:44.954+0000] {dagbag.py:540} INFO - Filling up the DagBag from /opt/airflow/dags/weather_gold_v1.py
[2025-10-13T10:28:44.999+0000] {processor.py:840} INFO - DAG(s) 'weather_gold_v1' retrieved from /opt/airflow/dags/weather_gold_v1.py
[2025-10-13T10:28:45.088+0000] {logging_mixin.py:188} INFO - [2025-10-13T10:28:45.088+0000] {dag.py:3047} INFO - Sync 1 DAGs
[2025-10-13T10:28:45.148+0000] {logging_mixin.py:188} INFO - [2025-10-13T10:28:45.148+0000] {dag.py:3834} INFO - Setting next_dagrun for weather_gold_v1 to 2025-10-12 00:00:00+00:00, run_after=2025-10-19 00:00:00+00:00
[2025-10-13T10:28:45.221+0000] {processor.py:183} INFO - Processing /opt/airflow/dags/weather_gold_v1.py took 0.319 seconds
[2025-10-13T10:29:15.331+0000] {processor.py:161} INFO - Started process (PID=7649) to work on /opt/airflow/dags/weather_gold_v1.py
[2025-10-13T10:29:15.332+0000] {processor.py:830} INFO - Processing file /opt/airflow/dags/weather_gold_v1.py for tasks to queue
[2025-10-13T10:29:15.335+0000] {logging_mixin.py:188} INFO - [2025-10-13T10:29:15.334+0000] {dagbag.py:540} INFO - Filling up the DagBag from /opt/airflow/dags/weather_gold_v1.py
[2025-10-13T10:29:15.375+0000] {processor.py:840} INFO - DAG(s) 'weather_gold_v1' retrieved from /opt/airflow/dags/weather_gold_v1.py
[2025-10-13T10:29:15.479+0000] {logging_mixin.py:188} INFO - [2025-10-13T10:29:15.479+0000] {dag.py:3047} INFO - Sync 1 DAGs
[2025-10-13T10:29:15.543+0000] {logging_mixin.py:188} INFO - [2025-10-13T10:29:15.542+0000] {dag.py:3834} INFO - Setting next_dagrun for weather_gold_v1 to 2025-10-12 00:00:00+00:00, run_after=2025-10-19 00:00:00+00:00
[2025-10-13T10:29:15.615+0000] {processor.py:183} INFO - Processing /opt/airflow/dags/weather_gold_v1.py took 0.290 seconds
[2025-10-13T10:29:45.941+0000] {processor.py:161} INFO - Started process (PID=7664) to work on /opt/airflow/dags/weather_gold_v1.py
[2025-10-13T10:29:45.944+0000] {processor.py:830} INFO - Processing file /opt/airflow/dags/weather_gold_v1.py for tasks to queue
[2025-10-13T10:29:45.947+0000] {logging_mixin.py:188} INFO - [2025-10-13T10:29:45.946+0000] {dagbag.py:540} INFO - Filling up the DagBag from /opt/airflow/dags/weather_gold_v1.py
[2025-10-13T10:29:45.989+0000] {processor.py:840} INFO - DAG(s) 'weather_gold_v1' retrieved from /opt/airflow/dags/weather_gold_v1.py
[2025-10-13T10:29:46.104+0000] {logging_mixin.py:188} INFO - [2025-10-13T10:29:46.104+0000] {dag.py:3047} INFO - Sync 1 DAGs
[2025-10-13T10:29:46.181+0000] {logging_mixin.py:188} INFO - [2025-10-13T10:29:46.180+0000] {dag.py:3834} INFO - Setting next_dagrun for weather_gold_v1 to 2025-10-12 00:00:00+00:00, run_after=2025-10-19 00:00:00+00:00
[2025-10-13T10:29:46.282+0000] {processor.py:183} INFO - Processing /opt/airflow/dags/weather_gold_v1.py took 0.346 seconds
[2025-10-13T10:30:16.427+0000] {processor.py:161} INFO - Started process (PID=7679) to work on /opt/airflow/dags/weather_gold_v1.py
[2025-10-13T10:30:16.430+0000] {processor.py:830} INFO - Processing file /opt/airflow/dags/weather_gold_v1.py for tasks to queue
[2025-10-13T10:30:16.434+0000] {logging_mixin.py:188} INFO - [2025-10-13T10:30:16.433+0000] {dagbag.py:540} INFO - Filling up the DagBag from /opt/airflow/dags/weather_gold_v1.py
[2025-10-13T10:30:16.476+0000] {processor.py:840} INFO - DAG(s) 'weather_gold_v1' retrieved from /opt/airflow/dags/weather_gold_v1.py
[2025-10-13T10:30:16.596+0000] {logging_mixin.py:188} INFO - [2025-10-13T10:30:16.596+0000] {dag.py:3047} INFO - Sync 1 DAGs
[2025-10-13T10:30:16.681+0000] {logging_mixin.py:188} INFO - [2025-10-13T10:30:16.680+0000] {dag.py:3834} INFO - Setting next_dagrun for weather_gold_v1 to 2025-10-12 00:00:00+00:00, run_after=2025-10-19 00:00:00+00:00
[2025-10-13T10:30:16.791+0000] {processor.py:183} INFO - Processing /opt/airflow/dags/weather_gold_v1.py took 0.370 seconds
[2025-10-13T10:30:47.134+0000] {processor.py:161} INFO - Started process (PID=7694) to work on /opt/airflow/dags/weather_gold_v1.py
[2025-10-13T10:30:47.136+0000] {processor.py:830} INFO - Processing file /opt/airflow/dags/weather_gold_v1.py for tasks to queue
[2025-10-13T10:30:47.139+0000] {logging_mixin.py:188} INFO - [2025-10-13T10:30:47.139+0000] {dagbag.py:540} INFO - Filling up the DagBag from /opt/airflow/dags/weather_gold_v1.py
[2025-10-13T10:30:47.178+0000] {processor.py:840} INFO - DAG(s) 'weather_gold_v1' retrieved from /opt/airflow/dags/weather_gold_v1.py
[2025-10-13T10:30:47.258+0000] {logging_mixin.py:188} INFO - [2025-10-13T10:30:47.258+0000] {dag.py:3047} INFO - Sync 1 DAGs
[2025-10-13T10:30:47.317+0000] {logging_mixin.py:188} INFO - [2025-10-13T10:30:47.317+0000] {dag.py:3834} INFO - Setting next_dagrun for weather_gold_v1 to 2025-10-12 00:00:00+00:00, run_after=2025-10-19 00:00:00+00:00
[2025-10-13T10:30:47.394+0000] {processor.py:183} INFO - Processing /opt/airflow/dags/weather_gold_v1.py took 0.266 seconds
[2025-10-13T10:31:17.694+0000] {processor.py:161} INFO - Started process (PID=7709) to work on /opt/airflow/dags/weather_gold_v1.py
[2025-10-13T10:31:17.696+0000] {processor.py:830} INFO - Processing file /opt/airflow/dags/weather_gold_v1.py for tasks to queue
[2025-10-13T10:31:17.698+0000] {logging_mixin.py:188} INFO - [2025-10-13T10:31:17.698+0000] {dagbag.py:540} INFO - Filling up the DagBag from /opt/airflow/dags/weather_gold_v1.py
[2025-10-13T10:31:17.742+0000] {processor.py:840} INFO - DAG(s) 'weather_gold_v1' retrieved from /opt/airflow/dags/weather_gold_v1.py
[2025-10-13T10:31:17.824+0000] {logging_mixin.py:188} INFO - [2025-10-13T10:31:17.824+0000] {dag.py:3047} INFO - Sync 1 DAGs
[2025-10-13T10:31:17.884+0000] {logging_mixin.py:188} INFO - [2025-10-13T10:31:17.884+0000] {dag.py:3834} INFO - Setting next_dagrun for weather_gold_v1 to 2025-10-12 00:00:00+00:00, run_after=2025-10-19 00:00:00+00:00
[2025-10-13T10:31:17.959+0000] {processor.py:183} INFO - Processing /opt/airflow/dags/weather_gold_v1.py took 0.270 seconds
[2025-10-13T10:31:48.435+0000] {processor.py:161} INFO - Started process (PID=7724) to work on /opt/airflow/dags/weather_gold_v1.py
[2025-10-13T10:31:48.441+0000] {processor.py:830} INFO - Processing file /opt/airflow/dags/weather_gold_v1.py for tasks to queue
[2025-10-13T10:31:48.445+0000] {logging_mixin.py:188} INFO - [2025-10-13T10:31:48.444+0000] {dagbag.py:540} INFO - Filling up the DagBag from /opt/airflow/dags/weather_gold_v1.py
[2025-10-13T10:31:48.574+0000] {processor.py:840} INFO - DAG(s) 'weather_gold_v1' retrieved from /opt/airflow/dags/weather_gold_v1.py
[2025-10-13T10:31:48.981+0000] {logging_mixin.py:188} INFO - [2025-10-13T10:31:48.981+0000] {dag.py:3047} INFO - Sync 1 DAGs
[2025-10-13T10:31:49.113+0000] {logging_mixin.py:188} INFO - [2025-10-13T10:31:49.111+0000] {dag.py:3834} INFO - Setting next_dagrun for weather_gold_v1 to 2025-10-12 00:00:00+00:00, run_after=2025-10-19 00:00:00+00:00
[2025-10-13T10:31:49.236+0000] {processor.py:183} INFO - Processing /opt/airflow/dags/weather_gold_v1.py took 0.811 seconds
[2025-10-13T10:32:20.029+0000] {processor.py:161} INFO - Started process (PID=7739) to work on /opt/airflow/dags/weather_gold_v1.py
[2025-10-13T10:32:20.031+0000] {processor.py:830} INFO - Processing file /opt/airflow/dags/weather_gold_v1.py for tasks to queue
[2025-10-13T10:32:20.034+0000] {logging_mixin.py:188} INFO - [2025-10-13T10:32:20.033+0000] {dagbag.py:540} INFO - Filling up the DagBag from /opt/airflow/dags/weather_gold_v1.py
[2025-10-13T10:32:20.082+0000] {processor.py:840} INFO - DAG(s) 'weather_gold_v1' retrieved from /opt/airflow/dags/weather_gold_v1.py
[2025-10-13T10:32:20.200+0000] {logging_mixin.py:188} INFO - [2025-10-13T10:32:20.200+0000] {dag.py:3047} INFO - Sync 1 DAGs
[2025-10-13T10:32:20.308+0000] {logging_mixin.py:188} INFO - [2025-10-13T10:32:20.307+0000] {dag.py:3834} INFO - Setting next_dagrun for weather_gold_v1 to 2025-10-12 00:00:00+00:00, run_after=2025-10-19 00:00:00+00:00
[2025-10-13T10:32:20.400+0000] {processor.py:183} INFO - Processing /opt/airflow/dags/weather_gold_v1.py took 0.376 seconds
[2025-10-13T10:32:50.930+0000] {processor.py:161} INFO - Started process (PID=7754) to work on /opt/airflow/dags/weather_gold_v1.py
[2025-10-13T10:32:50.934+0000] {processor.py:830} INFO - Processing file /opt/airflow/dags/weather_gold_v1.py for tasks to queue
[2025-10-13T10:32:50.938+0000] {logging_mixin.py:188} INFO - [2025-10-13T10:32:50.937+0000] {dagbag.py:540} INFO - Filling up the DagBag from /opt/airflow/dags/weather_gold_v1.py
[2025-10-13T10:32:50.996+0000] {processor.py:840} INFO - DAG(s) 'weather_gold_v1' retrieved from /opt/airflow/dags/weather_gold_v1.py
[2025-10-13T10:32:51.090+0000] {logging_mixin.py:188} INFO - [2025-10-13T10:32:51.090+0000] {dag.py:3047} INFO - Sync 1 DAGs
[2025-10-13T10:32:51.160+0000] {logging_mixin.py:188} INFO - [2025-10-13T10:32:51.159+0000] {dag.py:3834} INFO - Setting next_dagrun for weather_gold_v1 to 2025-10-12 00:00:00+00:00, run_after=2025-10-19 00:00:00+00:00
[2025-10-13T10:32:51.270+0000] {processor.py:183} INFO - Processing /opt/airflow/dags/weather_gold_v1.py took 0.351 seconds
[2025-10-13T10:33:21.999+0000] {processor.py:161} INFO - Started process (PID=7769) to work on /opt/airflow/dags/weather_gold_v1.py
[2025-10-13T10:33:22.002+0000] {processor.py:830} INFO - Processing file /opt/airflow/dags/weather_gold_v1.py for tasks to queue
[2025-10-13T10:33:22.004+0000] {logging_mixin.py:188} INFO - [2025-10-13T10:33:22.003+0000] {dagbag.py:540} INFO - Filling up the DagBag from /opt/airflow/dags/weather_gold_v1.py
[2025-10-13T10:33:22.042+0000] {processor.py:840} INFO - DAG(s) 'weather_gold_v1' retrieved from /opt/airflow/dags/weather_gold_v1.py
[2025-10-13T10:33:22.167+0000] {logging_mixin.py:188} INFO - [2025-10-13T10:33:22.167+0000] {dag.py:3047} INFO - Sync 1 DAGs
[2025-10-13T10:33:22.270+0000] {logging_mixin.py:188} INFO - [2025-10-13T10:33:22.269+0000] {dag.py:3834} INFO - Setting next_dagrun for weather_gold_v1 to 2025-10-12 00:00:00+00:00, run_after=2025-10-19 00:00:00+00:00
[2025-10-13T10:33:22.370+0000] {processor.py:183} INFO - Processing /opt/airflow/dags/weather_gold_v1.py took 0.377 seconds
[2025-10-13T10:33:53.090+0000] {processor.py:161} INFO - Started process (PID=7784) to work on /opt/airflow/dags/weather_gold_v1.py
[2025-10-13T10:33:53.093+0000] {processor.py:830} INFO - Processing file /opt/airflow/dags/weather_gold_v1.py for tasks to queue
[2025-10-13T10:33:53.096+0000] {logging_mixin.py:188} INFO - [2025-10-13T10:33:53.095+0000] {dagbag.py:540} INFO - Filling up the DagBag from /opt/airflow/dags/weather_gold_v1.py
[2025-10-13T10:33:53.148+0000] {processor.py:840} INFO - DAG(s) 'weather_gold_v1' retrieved from /opt/airflow/dags/weather_gold_v1.py
[2025-10-13T10:33:53.252+0000] {logging_mixin.py:188} INFO - [2025-10-13T10:33:53.252+0000] {dag.py:3047} INFO - Sync 1 DAGs
[2025-10-13T10:33:53.329+0000] {logging_mixin.py:188} INFO - [2025-10-13T10:33:53.329+0000] {dag.py:3834} INFO - Setting next_dagrun for weather_gold_v1 to 2025-10-12 00:00:00+00:00, run_after=2025-10-19 00:00:00+00:00
[2025-10-13T10:33:53.429+0000] {processor.py:183} INFO - Processing /opt/airflow/dags/weather_gold_v1.py took 0.348 seconds
[2025-10-13T10:34:24.082+0000] {processor.py:161} INFO - Started process (PID=7799) to work on /opt/airflow/dags/weather_gold_v1.py
[2025-10-13T10:34:24.086+0000] {processor.py:830} INFO - Processing file /opt/airflow/dags/weather_gold_v1.py for tasks to queue
[2025-10-13T10:34:24.090+0000] {logging_mixin.py:188} INFO - [2025-10-13T10:34:24.089+0000] {dagbag.py:540} INFO - Filling up the DagBag from /opt/airflow/dags/weather_gold_v1.py
[2025-10-13T10:34:24.141+0000] {processor.py:840} INFO - DAG(s) 'weather_gold_v1' retrieved from /opt/airflow/dags/weather_gold_v1.py
[2025-10-13T10:34:24.240+0000] {logging_mixin.py:188} INFO - [2025-10-13T10:34:24.240+0000] {dag.py:3047} INFO - Sync 1 DAGs
[2025-10-13T10:34:24.305+0000] {logging_mixin.py:188} INFO - [2025-10-13T10:34:24.305+0000] {dag.py:3834} INFO - Setting next_dagrun for weather_gold_v1 to 2025-10-12 00:00:00+00:00, run_after=2025-10-19 00:00:00+00:00
[2025-10-13T10:34:24.472+0000] {processor.py:183} INFO - Processing /opt/airflow/dags/weather_gold_v1.py took 0.402 seconds
[2025-10-13T10:34:54.819+0000] {processor.py:161} INFO - Started process (PID=7814) to work on /opt/airflow/dags/weather_gold_v1.py
[2025-10-13T10:34:54.821+0000] {processor.py:830} INFO - Processing file /opt/airflow/dags/weather_gold_v1.py for tasks to queue
[2025-10-13T10:34:54.824+0000] {logging_mixin.py:188} INFO - [2025-10-13T10:34:54.823+0000] {dagbag.py:540} INFO - Filling up the DagBag from /opt/airflow/dags/weather_gold_v1.py
[2025-10-13T10:34:54.864+0000] {processor.py:840} INFO - DAG(s) 'weather_gold_v1' retrieved from /opt/airflow/dags/weather_gold_v1.py
[2025-10-13T10:34:54.961+0000] {logging_mixin.py:188} INFO - [2025-10-13T10:34:54.960+0000] {dag.py:3047} INFO - Sync 1 DAGs
[2025-10-13T10:34:55.035+0000] {logging_mixin.py:188} INFO - [2025-10-13T10:34:55.035+0000] {dag.py:3834} INFO - Setting next_dagrun for weather_gold_v1 to 2025-10-12 00:00:00+00:00, run_after=2025-10-19 00:00:00+00:00
[2025-10-13T10:34:55.108+0000] {processor.py:183} INFO - Processing /opt/airflow/dags/weather_gold_v1.py took 0.294 seconds
[2025-10-13T10:35:25.677+0000] {processor.py:161} INFO - Started process (PID=7829) to work on /opt/airflow/dags/weather_gold_v1.py
[2025-10-13T10:35:25.681+0000] {processor.py:830} INFO - Processing file /opt/airflow/dags/weather_gold_v1.py for tasks to queue
[2025-10-13T10:35:25.685+0000] {logging_mixin.py:188} INFO - [2025-10-13T10:35:25.684+0000] {dagbag.py:540} INFO - Filling up the DagBag from /opt/airflow/dags/weather_gold_v1.py
[2025-10-13T10:35:25.745+0000] {processor.py:840} INFO - DAG(s) 'weather_gold_v1' retrieved from /opt/airflow/dags/weather_gold_v1.py
[2025-10-13T10:35:25.822+0000] {logging_mixin.py:188} INFO - [2025-10-13T10:35:25.822+0000] {dag.py:3047} INFO - Sync 1 DAGs
[2025-10-13T10:35:25.878+0000] {logging_mixin.py:188} INFO - [2025-10-13T10:35:25.878+0000] {dag.py:3834} INFO - Setting next_dagrun for weather_gold_v1 to 2025-10-12 00:00:00+00:00, run_after=2025-10-19 00:00:00+00:00
[2025-10-13T10:35:25.963+0000] {processor.py:183} INFO - Processing /opt/airflow/dags/weather_gold_v1.py took 0.324 seconds
[2025-10-13T10:35:56.491+0000] {processor.py:161} INFO - Started process (PID=7844) to work on /opt/airflow/dags/weather_gold_v1.py
[2025-10-13T10:35:56.493+0000] {processor.py:830} INFO - Processing file /opt/airflow/dags/weather_gold_v1.py for tasks to queue
[2025-10-13T10:35:56.495+0000] {logging_mixin.py:188} INFO - [2025-10-13T10:35:56.494+0000] {dagbag.py:540} INFO - Filling up the DagBag from /opt/airflow/dags/weather_gold_v1.py
[2025-10-13T10:35:56.532+0000] {processor.py:840} INFO - DAG(s) 'weather_gold_v1' retrieved from /opt/airflow/dags/weather_gold_v1.py
[2025-10-13T10:35:56.619+0000] {logging_mixin.py:188} INFO - [2025-10-13T10:35:56.619+0000] {dag.py:3047} INFO - Sync 1 DAGs
[2025-10-13T10:35:56.665+0000] {logging_mixin.py:188} INFO - [2025-10-13T10:35:56.664+0000] {dag.py:3834} INFO - Setting next_dagrun for weather_gold_v1 to 2025-10-12 00:00:00+00:00, run_after=2025-10-19 00:00:00+00:00
[2025-10-13T10:35:56.717+0000] {processor.py:183} INFO - Processing /opt/airflow/dags/weather_gold_v1.py took 0.231 seconds
[2025-10-13T10:36:27.241+0000] {processor.py:161} INFO - Started process (PID=7859) to work on /opt/airflow/dags/weather_gold_v1.py
[2025-10-13T10:36:27.243+0000] {processor.py:830} INFO - Processing file /opt/airflow/dags/weather_gold_v1.py for tasks to queue
[2025-10-13T10:36:27.245+0000] {logging_mixin.py:188} INFO - [2025-10-13T10:36:27.245+0000] {dagbag.py:540} INFO - Filling up the DagBag from /opt/airflow/dags/weather_gold_v1.py
[2025-10-13T10:36:27.283+0000] {processor.py:840} INFO - DAG(s) 'weather_gold_v1' retrieved from /opt/airflow/dags/weather_gold_v1.py
[2025-10-13T10:36:27.368+0000] {logging_mixin.py:188} INFO - [2025-10-13T10:36:27.367+0000] {dag.py:3047} INFO - Sync 1 DAGs
[2025-10-13T10:36:27.434+0000] {logging_mixin.py:188} INFO - [2025-10-13T10:36:27.433+0000] {dag.py:3834} INFO - Setting next_dagrun for weather_gold_v1 to 2025-10-12 00:00:00+00:00, run_after=2025-10-19 00:00:00+00:00
[2025-10-13T10:36:27.538+0000] {processor.py:183} INFO - Processing /opt/airflow/dags/weather_gold_v1.py took 0.301 seconds
[2025-10-13T10:36:58.166+0000] {processor.py:161} INFO - Started process (PID=7874) to work on /opt/airflow/dags/weather_gold_v1.py
[2025-10-13T10:36:58.169+0000] {processor.py:830} INFO - Processing file /opt/airflow/dags/weather_gold_v1.py for tasks to queue
[2025-10-13T10:36:58.172+0000] {logging_mixin.py:188} INFO - [2025-10-13T10:36:58.171+0000] {dagbag.py:540} INFO - Filling up the DagBag from /opt/airflow/dags/weather_gold_v1.py
[2025-10-13T10:36:58.213+0000] {processor.py:840} INFO - DAG(s) 'weather_gold_v1' retrieved from /opt/airflow/dags/weather_gold_v1.py
[2025-10-13T10:36:58.306+0000] {logging_mixin.py:188} INFO - [2025-10-13T10:36:58.305+0000] {dag.py:3047} INFO - Sync 1 DAGs
[2025-10-13T10:36:58.367+0000] {logging_mixin.py:188} INFO - [2025-10-13T10:36:58.366+0000] {dag.py:3834} INFO - Setting next_dagrun for weather_gold_v1 to 2025-10-12 00:00:00+00:00, run_after=2025-10-19 00:00:00+00:00
[2025-10-13T10:36:58.448+0000] {processor.py:183} INFO - Processing /opt/airflow/dags/weather_gold_v1.py took 0.288 seconds
[2025-10-13T10:37:29.146+0000] {processor.py:161} INFO - Started process (PID=7889) to work on /opt/airflow/dags/weather_gold_v1.py
[2025-10-13T10:37:29.162+0000] {processor.py:830} INFO - Processing file /opt/airflow/dags/weather_gold_v1.py for tasks to queue
[2025-10-13T10:37:29.171+0000] {logging_mixin.py:188} INFO - [2025-10-13T10:37:29.170+0000] {dagbag.py:540} INFO - Filling up the DagBag from /opt/airflow/dags/weather_gold_v1.py
[2025-10-13T10:37:29.265+0000] {processor.py:840} INFO - DAG(s) 'weather_gold_v1' retrieved from /opt/airflow/dags/weather_gold_v1.py
[2025-10-13T10:37:29.378+0000] {logging_mixin.py:188} INFO - [2025-10-13T10:37:29.378+0000] {dag.py:3047} INFO - Sync 1 DAGs
[2025-10-13T10:37:29.448+0000] {logging_mixin.py:188} INFO - [2025-10-13T10:37:29.448+0000] {dag.py:3834} INFO - Setting next_dagrun for weather_gold_v1 to 2025-10-12 00:00:00+00:00, run_after=2025-10-19 00:00:00+00:00
[2025-10-13T10:37:29.558+0000] {processor.py:183} INFO - Processing /opt/airflow/dags/weather_gold_v1.py took 0.421 seconds
[2025-10-13T10:38:00.230+0000] {processor.py:161} INFO - Started process (PID=7904) to work on /opt/airflow/dags/weather_gold_v1.py
[2025-10-13T10:38:00.232+0000] {processor.py:830} INFO - Processing file /opt/airflow/dags/weather_gold_v1.py for tasks to queue
[2025-10-13T10:38:00.234+0000] {logging_mixin.py:188} INFO - [2025-10-13T10:38:00.233+0000] {dagbag.py:540} INFO - Filling up the DagBag from /opt/airflow/dags/weather_gold_v1.py
[2025-10-13T10:38:00.272+0000] {processor.py:840} INFO - DAG(s) 'weather_gold_v1' retrieved from /opt/airflow/dags/weather_gold_v1.py
[2025-10-13T10:38:00.371+0000] {logging_mixin.py:188} INFO - [2025-10-13T10:38:00.371+0000] {dag.py:3047} INFO - Sync 1 DAGs
[2025-10-13T10:38:00.444+0000] {logging_mixin.py:188} INFO - [2025-10-13T10:38:00.443+0000] {dag.py:3834} INFO - Setting next_dagrun for weather_gold_v1 to 2025-10-12 00:00:00+00:00, run_after=2025-10-19 00:00:00+00:00
[2025-10-13T10:38:00.531+0000] {processor.py:183} INFO - Processing /opt/airflow/dags/weather_gold_v1.py took 0.307 seconds
[2025-10-13T10:38:31.095+0000] {processor.py:161} INFO - Started process (PID=7919) to work on /opt/airflow/dags/weather_gold_v1.py
[2025-10-13T10:38:31.098+0000] {processor.py:830} INFO - Processing file /opt/airflow/dags/weather_gold_v1.py for tasks to queue
[2025-10-13T10:38:31.101+0000] {logging_mixin.py:188} INFO - [2025-10-13T10:38:31.100+0000] {dagbag.py:540} INFO - Filling up the DagBag from /opt/airflow/dags/weather_gold_v1.py
[2025-10-13T10:38:31.159+0000] {processor.py:840} INFO - DAG(s) 'weather_gold_v1' retrieved from /opt/airflow/dags/weather_gold_v1.py
[2025-10-13T10:38:31.269+0000] {logging_mixin.py:188} INFO - [2025-10-13T10:38:31.268+0000] {dag.py:3047} INFO - Sync 1 DAGs
[2025-10-13T10:38:31.333+0000] {logging_mixin.py:188} INFO - [2025-10-13T10:38:31.332+0000] {dag.py:3834} INFO - Setting next_dagrun for weather_gold_v1 to 2025-10-12 00:00:00+00:00, run_after=2025-10-19 00:00:00+00:00
[2025-10-13T10:38:31.395+0000] {processor.py:183} INFO - Processing /opt/airflow/dags/weather_gold_v1.py took 0.309 seconds
[2025-10-13T10:39:01.957+0000] {processor.py:161} INFO - Started process (PID=7934) to work on /opt/airflow/dags/weather_gold_v1.py
[2025-10-13T10:39:01.959+0000] {processor.py:830} INFO - Processing file /opt/airflow/dags/weather_gold_v1.py for tasks to queue
[2025-10-13T10:39:01.961+0000] {logging_mixin.py:188} INFO - [2025-10-13T10:39:01.961+0000] {dagbag.py:540} INFO - Filling up the DagBag from /opt/airflow/dags/weather_gold_v1.py
[2025-10-13T10:39:02.021+0000] {processor.py:840} INFO - DAG(s) 'weather_gold_v1' retrieved from /opt/airflow/dags/weather_gold_v1.py
[2025-10-13T10:39:02.109+0000] {logging_mixin.py:188} INFO - [2025-10-13T10:39:02.109+0000] {dag.py:3047} INFO - Sync 1 DAGs
[2025-10-13T10:39:02.174+0000] {logging_mixin.py:188} INFO - [2025-10-13T10:39:02.173+0000] {dag.py:3834} INFO - Setting next_dagrun for weather_gold_v1 to 2025-10-12 00:00:00+00:00, run_after=2025-10-19 00:00:00+00:00
[2025-10-13T10:39:02.243+0000] {processor.py:183} INFO - Processing /opt/airflow/dags/weather_gold_v1.py took 0.291 seconds
[2025-10-13T10:39:32.728+0000] {processor.py:161} INFO - Started process (PID=7949) to work on /opt/airflow/dags/weather_gold_v1.py
[2025-10-13T10:39:32.736+0000] {processor.py:830} INFO - Processing file /opt/airflow/dags/weather_gold_v1.py for tasks to queue
[2025-10-13T10:39:32.738+0000] {logging_mixin.py:188} INFO - [2025-10-13T10:39:32.737+0000] {dagbag.py:540} INFO - Filling up the DagBag from /opt/airflow/dags/weather_gold_v1.py
[2025-10-13T10:39:32.786+0000] {processor.py:840} INFO - DAG(s) 'weather_gold_v1' retrieved from /opt/airflow/dags/weather_gold_v1.py
[2025-10-13T10:39:32.858+0000] {logging_mixin.py:188} INFO - [2025-10-13T10:39:32.858+0000] {dag.py:3047} INFO - Sync 1 DAGs
[2025-10-13T10:39:32.914+0000] {logging_mixin.py:188} INFO - [2025-10-13T10:39:32.913+0000] {dag.py:3834} INFO - Setting next_dagrun for weather_gold_v1 to 2025-10-12 00:00:00+00:00, run_after=2025-10-19 00:00:00+00:00
[2025-10-13T10:39:32.979+0000] {processor.py:183} INFO - Processing /opt/airflow/dags/weather_gold_v1.py took 0.256 seconds
[2025-10-13T10:40:03.515+0000] {processor.py:161} INFO - Started process (PID=7964) to work on /opt/airflow/dags/weather_gold_v1.py
[2025-10-13T10:40:03.519+0000] {processor.py:830} INFO - Processing file /opt/airflow/dags/weather_gold_v1.py for tasks to queue
[2025-10-13T10:40:03.521+0000] {logging_mixin.py:188} INFO - [2025-10-13T10:40:03.521+0000] {dagbag.py:540} INFO - Filling up the DagBag from /opt/airflow/dags/weather_gold_v1.py
[2025-10-13T10:40:03.573+0000] {processor.py:840} INFO - DAG(s) 'weather_gold_v1' retrieved from /opt/airflow/dags/weather_gold_v1.py
[2025-10-13T10:40:03.679+0000] {logging_mixin.py:188} INFO - [2025-10-13T10:40:03.679+0000] {dag.py:3047} INFO - Sync 1 DAGs
[2025-10-13T10:40:03.744+0000] {logging_mixin.py:188} INFO - [2025-10-13T10:40:03.743+0000] {dag.py:3834} INFO - Setting next_dagrun for weather_gold_v1 to 2025-10-12 00:00:00+00:00, run_after=2025-10-19 00:00:00+00:00
[2025-10-13T10:40:03.816+0000] {processor.py:183} INFO - Processing /opt/airflow/dags/weather_gold_v1.py took 0.309 seconds
[2025-10-13T10:40:34.268+0000] {processor.py:161} INFO - Started process (PID=7979) to work on /opt/airflow/dags/weather_gold_v1.py
[2025-10-13T10:40:34.272+0000] {processor.py:830} INFO - Processing file /opt/airflow/dags/weather_gold_v1.py for tasks to queue
[2025-10-13T10:40:34.277+0000] {logging_mixin.py:188} INFO - [2025-10-13T10:40:34.276+0000] {dagbag.py:540} INFO - Filling up the DagBag from /opt/airflow/dags/weather_gold_v1.py
[2025-10-13T10:40:34.337+0000] {processor.py:840} INFO - DAG(s) 'weather_gold_v1' retrieved from /opt/airflow/dags/weather_gold_v1.py
[2025-10-13T10:40:34.489+0000] {logging_mixin.py:188} INFO - [2025-10-13T10:40:34.488+0000] {dag.py:3047} INFO - Sync 1 DAGs
[2025-10-13T10:40:34.557+0000] {logging_mixin.py:188} INFO - [2025-10-13T10:40:34.556+0000] {dag.py:3834} INFO - Setting next_dagrun for weather_gold_v1 to 2025-10-12 00:00:00+00:00, run_after=2025-10-19 00:00:00+00:00
[2025-10-13T10:40:34.628+0000] {processor.py:183} INFO - Processing /opt/airflow/dags/weather_gold_v1.py took 0.376 seconds
[2025-10-13T10:41:05.177+0000] {processor.py:161} INFO - Started process (PID=7994) to work on /opt/airflow/dags/weather_gold_v1.py
[2025-10-13T10:41:05.180+0000] {processor.py:830} INFO - Processing file /opt/airflow/dags/weather_gold_v1.py for tasks to queue
[2025-10-13T10:41:05.182+0000] {logging_mixin.py:188} INFO - [2025-10-13T10:41:05.182+0000] {dagbag.py:540} INFO - Filling up the DagBag from /opt/airflow/dags/weather_gold_v1.py
[2025-10-13T10:41:05.233+0000] {processor.py:840} INFO - DAG(s) 'weather_gold_v1' retrieved from /opt/airflow/dags/weather_gold_v1.py
[2025-10-13T10:41:05.344+0000] {logging_mixin.py:188} INFO - [2025-10-13T10:41:05.343+0000] {dag.py:3047} INFO - Sync 1 DAGs
[2025-10-13T10:41:05.401+0000] {logging_mixin.py:188} INFO - [2025-10-13T10:41:05.401+0000] {dag.py:3834} INFO - Setting next_dagrun for weather_gold_v1 to 2025-10-12 00:00:00+00:00, run_after=2025-10-19 00:00:00+00:00
[2025-10-13T10:41:05.485+0000] {processor.py:183} INFO - Processing /opt/airflow/dags/weather_gold_v1.py took 0.314 seconds
[2025-10-13T10:41:36.079+0000] {processor.py:161} INFO - Started process (PID=8009) to work on /opt/airflow/dags/weather_gold_v1.py
[2025-10-13T10:41:36.081+0000] {processor.py:830} INFO - Processing file /opt/airflow/dags/weather_gold_v1.py for tasks to queue
[2025-10-13T10:41:36.084+0000] {logging_mixin.py:188} INFO - [2025-10-13T10:41:36.083+0000] {dagbag.py:540} INFO - Filling up the DagBag from /opt/airflow/dags/weather_gold_v1.py
[2025-10-13T10:41:36.143+0000] {processor.py:840} INFO - DAG(s) 'weather_gold_v1' retrieved from /opt/airflow/dags/weather_gold_v1.py
[2025-10-13T10:41:36.269+0000] {logging_mixin.py:188} INFO - [2025-10-13T10:41:36.269+0000] {dag.py:3047} INFO - Sync 1 DAGs
[2025-10-13T10:41:36.337+0000] {logging_mixin.py:188} INFO - [2025-10-13T10:41:36.337+0000] {dag.py:3834} INFO - Setting next_dagrun for weather_gold_v1 to 2025-10-12 00:00:00+00:00, run_after=2025-10-19 00:00:00+00:00
[2025-10-13T10:41:36.449+0000] {processor.py:183} INFO - Processing /opt/airflow/dags/weather_gold_v1.py took 0.375 seconds
[2025-10-13T10:42:07.028+0000] {processor.py:161} INFO - Started process (PID=8024) to work on /opt/airflow/dags/weather_gold_v1.py
[2025-10-13T10:42:07.032+0000] {processor.py:830} INFO - Processing file /opt/airflow/dags/weather_gold_v1.py for tasks to queue
[2025-10-13T10:42:07.037+0000] {logging_mixin.py:188} INFO - [2025-10-13T10:42:07.036+0000] {dagbag.py:540} INFO - Filling up the DagBag from /opt/airflow/dags/weather_gold_v1.py
[2025-10-13T10:42:07.118+0000] {processor.py:840} INFO - DAG(s) 'weather_gold_v1' retrieved from /opt/airflow/dags/weather_gold_v1.py
[2025-10-13T10:42:07.234+0000] {logging_mixin.py:188} INFO - [2025-10-13T10:42:07.233+0000] {dag.py:3047} INFO - Sync 1 DAGs
[2025-10-13T10:42:07.311+0000] {logging_mixin.py:188} INFO - [2025-10-13T10:42:07.310+0000] {dag.py:3834} INFO - Setting next_dagrun for weather_gold_v1 to 2025-10-12 00:00:00+00:00, run_after=2025-10-19 00:00:00+00:00
[2025-10-13T10:42:07.422+0000] {processor.py:183} INFO - Processing /opt/airflow/dags/weather_gold_v1.py took 0.401 seconds
[2025-10-13T10:42:38.166+0000] {processor.py:161} INFO - Started process (PID=8039) to work on /opt/airflow/dags/weather_gold_v1.py
[2025-10-13T10:42:38.170+0000] {processor.py:830} INFO - Processing file /opt/airflow/dags/weather_gold_v1.py for tasks to queue
[2025-10-13T10:42:38.173+0000] {logging_mixin.py:188} INFO - [2025-10-13T10:42:38.172+0000] {dagbag.py:540} INFO - Filling up the DagBag from /opt/airflow/dags/weather_gold_v1.py
[2025-10-13T10:42:38.218+0000] {processor.py:840} INFO - DAG(s) 'weather_gold_v1' retrieved from /opt/airflow/dags/weather_gold_v1.py
[2025-10-13T10:42:38.326+0000] {logging_mixin.py:188} INFO - [2025-10-13T10:42:38.325+0000] {dag.py:3047} INFO - Sync 1 DAGs
[2025-10-13T10:42:38.395+0000] {logging_mixin.py:188} INFO - [2025-10-13T10:42:38.395+0000] {dag.py:3834} INFO - Setting next_dagrun for weather_gold_v1 to 2025-10-12 00:00:00+00:00, run_after=2025-10-19 00:00:00+00:00
[2025-10-13T10:42:38.465+0000] {processor.py:183} INFO - Processing /opt/airflow/dags/weather_gold_v1.py took 0.306 seconds
[2025-10-13T10:43:09.051+0000] {processor.py:161} INFO - Started process (PID=8054) to work on /opt/airflow/dags/weather_gold_v1.py
[2025-10-13T10:43:09.054+0000] {processor.py:830} INFO - Processing file /opt/airflow/dags/weather_gold_v1.py for tasks to queue
[2025-10-13T10:43:09.057+0000] {logging_mixin.py:188} INFO - [2025-10-13T10:43:09.056+0000] {dagbag.py:540} INFO - Filling up the DagBag from /opt/airflow/dags/weather_gold_v1.py
[2025-10-13T10:43:09.100+0000] {processor.py:840} INFO - DAG(s) 'weather_gold_v1' retrieved from /opt/airflow/dags/weather_gold_v1.py
[2025-10-13T10:43:09.196+0000] {logging_mixin.py:188} INFO - [2025-10-13T10:43:09.195+0000] {dag.py:3047} INFO - Sync 1 DAGs
[2025-10-13T10:43:09.379+0000] {logging_mixin.py:188} INFO - [2025-10-13T10:43:09.378+0000] {dag.py:3834} INFO - Setting next_dagrun for weather_gold_v1 to 2025-10-12 00:00:00+00:00, run_after=2025-10-19 00:00:00+00:00
[2025-10-13T10:43:09.551+0000] {processor.py:183} INFO - Processing /opt/airflow/dags/weather_gold_v1.py took 0.507 seconds
[2025-10-13T10:43:40.282+0000] {processor.py:161} INFO - Started process (PID=8069) to work on /opt/airflow/dags/weather_gold_v1.py
[2025-10-13T10:43:40.284+0000] {processor.py:830} INFO - Processing file /opt/airflow/dags/weather_gold_v1.py for tasks to queue
[2025-10-13T10:43:40.286+0000] {logging_mixin.py:188} INFO - [2025-10-13T10:43:40.285+0000] {dagbag.py:540} INFO - Filling up the DagBag from /opt/airflow/dags/weather_gold_v1.py
[2025-10-13T10:43:40.324+0000] {processor.py:840} INFO - DAG(s) 'weather_gold_v1' retrieved from /opt/airflow/dags/weather_gold_v1.py
[2025-10-13T10:43:40.427+0000] {logging_mixin.py:188} INFO - [2025-10-13T10:43:40.426+0000] {dag.py:3047} INFO - Sync 1 DAGs
[2025-10-13T10:43:40.498+0000] {logging_mixin.py:188} INFO - [2025-10-13T10:43:40.498+0000] {dag.py:3834} INFO - Setting next_dagrun for weather_gold_v1 to 2025-10-12 00:00:00+00:00, run_after=2025-10-19 00:00:00+00:00
[2025-10-13T10:43:40.601+0000] {processor.py:183} INFO - Processing /opt/airflow/dags/weather_gold_v1.py took 0.324 seconds
[2025-10-13T10:44:10.796+0000] {processor.py:161} INFO - Started process (PID=8084) to work on /opt/airflow/dags/weather_gold_v1.py
[2025-10-13T10:44:10.798+0000] {processor.py:830} INFO - Processing file /opt/airflow/dags/weather_gold_v1.py for tasks to queue
[2025-10-13T10:44:10.801+0000] {logging_mixin.py:188} INFO - [2025-10-13T10:44:10.800+0000] {dagbag.py:540} INFO - Filling up the DagBag from /opt/airflow/dags/weather_gold_v1.py
[2025-10-13T10:44:10.840+0000] {processor.py:840} INFO - DAG(s) 'weather_gold_v1' retrieved from /opt/airflow/dags/weather_gold_v1.py
[2025-10-13T10:44:10.922+0000] {logging_mixin.py:188} INFO - [2025-10-13T10:44:10.921+0000] {dag.py:3047} INFO - Sync 1 DAGs
[2025-10-13T10:44:10.965+0000] {logging_mixin.py:188} INFO - [2025-10-13T10:44:10.965+0000] {dag.py:3834} INFO - Setting next_dagrun for weather_gold_v1 to 2025-10-12 00:00:00+00:00, run_after=2025-10-19 00:00:00+00:00
[2025-10-13T10:44:11.023+0000] {processor.py:183} INFO - Processing /opt/airflow/dags/weather_gold_v1.py took 0.231 seconds
[2025-10-13T10:44:41.630+0000] {processor.py:161} INFO - Started process (PID=8099) to work on /opt/airflow/dags/weather_gold_v1.py
[2025-10-13T10:44:41.633+0000] {processor.py:830} INFO - Processing file /opt/airflow/dags/weather_gold_v1.py for tasks to queue
[2025-10-13T10:44:41.636+0000] {logging_mixin.py:188} INFO - [2025-10-13T10:44:41.635+0000] {dagbag.py:540} INFO - Filling up the DagBag from /opt/airflow/dags/weather_gold_v1.py
[2025-10-13T10:44:41.691+0000] {processor.py:840} INFO - DAG(s) 'weather_gold_v1' retrieved from /opt/airflow/dags/weather_gold_v1.py
[2025-10-13T10:44:41.842+0000] {logging_mixin.py:188} INFO - [2025-10-13T10:44:41.842+0000] {dag.py:3047} INFO - Sync 1 DAGs
[2025-10-13T10:44:41.919+0000] {logging_mixin.py:188} INFO - [2025-10-13T10:44:41.919+0000] {dag.py:3834} INFO - Setting next_dagrun for weather_gold_v1 to 2025-10-12 00:00:00+00:00, run_after=2025-10-19 00:00:00+00:00
[2025-10-13T10:44:42.001+0000] {processor.py:183} INFO - Processing /opt/airflow/dags/weather_gold_v1.py took 0.376 seconds
[2025-10-13T10:45:12.136+0000] {processor.py:161} INFO - Started process (PID=8114) to work on /opt/airflow/dags/weather_gold_v1.py
[2025-10-13T10:45:12.139+0000] {processor.py:830} INFO - Processing file /opt/airflow/dags/weather_gold_v1.py for tasks to queue
[2025-10-13T10:45:12.141+0000] {logging_mixin.py:188} INFO - [2025-10-13T10:45:12.141+0000] {dagbag.py:540} INFO - Filling up the DagBag from /opt/airflow/dags/weather_gold_v1.py
[2025-10-13T10:45:12.181+0000] {processor.py:840} INFO - DAG(s) 'weather_gold_v1' retrieved from /opt/airflow/dags/weather_gold_v1.py
[2025-10-13T10:45:12.317+0000] {logging_mixin.py:188} INFO - [2025-10-13T10:45:12.317+0000] {dag.py:3047} INFO - Sync 1 DAGs
[2025-10-13T10:45:12.384+0000] {logging_mixin.py:188} INFO - [2025-10-13T10:45:12.383+0000] {dag.py:3834} INFO - Setting next_dagrun for weather_gold_v1 to 2025-10-12 00:00:00+00:00, run_after=2025-10-19 00:00:00+00:00
[2025-10-13T10:45:12.468+0000] {processor.py:183} INFO - Processing /opt/airflow/dags/weather_gold_v1.py took 0.338 seconds
[2025-10-13T10:45:43.279+0000] {processor.py:161} INFO - Started process (PID=8129) to work on /opt/airflow/dags/weather_gold_v1.py
[2025-10-13T10:45:43.282+0000] {processor.py:830} INFO - Processing file /opt/airflow/dags/weather_gold_v1.py for tasks to queue
[2025-10-13T10:45:43.285+0000] {logging_mixin.py:188} INFO - [2025-10-13T10:45:43.284+0000] {dagbag.py:540} INFO - Filling up the DagBag from /opt/airflow/dags/weather_gold_v1.py
[2025-10-13T10:45:43.343+0000] {processor.py:840} INFO - DAG(s) 'weather_gold_v1' retrieved from /opt/airflow/dags/weather_gold_v1.py
[2025-10-13T10:45:43.470+0000] {logging_mixin.py:188} INFO - [2025-10-13T10:45:43.469+0000] {dag.py:3047} INFO - Sync 1 DAGs
[2025-10-13T10:45:43.579+0000] {logging_mixin.py:188} INFO - [2025-10-13T10:45:43.578+0000] {dag.py:3834} INFO - Setting next_dagrun for weather_gold_v1 to 2025-10-12 00:00:00+00:00, run_after=2025-10-19 00:00:00+00:00
[2025-10-13T10:45:43.653+0000] {processor.py:183} INFO - Processing /opt/airflow/dags/weather_gold_v1.py took 0.383 seconds
[2025-10-13T10:46:14.139+0000] {processor.py:161} INFO - Started process (PID=8144) to work on /opt/airflow/dags/weather_gold_v1.py
[2025-10-13T10:46:14.142+0000] {processor.py:830} INFO - Processing file /opt/airflow/dags/weather_gold_v1.py for tasks to queue
[2025-10-13T10:46:14.145+0000] {logging_mixin.py:188} INFO - [2025-10-13T10:46:14.144+0000] {dagbag.py:540} INFO - Filling up the DagBag from /opt/airflow/dags/weather_gold_v1.py
[2025-10-13T10:46:14.197+0000] {processor.py:840} INFO - DAG(s) 'weather_gold_v1' retrieved from /opt/airflow/dags/weather_gold_v1.py
[2025-10-13T10:46:14.308+0000] {logging_mixin.py:188} INFO - [2025-10-13T10:46:14.307+0000] {dag.py:3047} INFO - Sync 1 DAGs
[2025-10-13T10:46:14.374+0000] {logging_mixin.py:188} INFO - [2025-10-13T10:46:14.373+0000] {dag.py:3834} INFO - Setting next_dagrun for weather_gold_v1 to 2025-10-12 00:00:00+00:00, run_after=2025-10-19 00:00:00+00:00
[2025-10-13T10:46:14.445+0000] {processor.py:183} INFO - Processing /opt/airflow/dags/weather_gold_v1.py took 0.315 seconds
[2025-10-13T10:46:45.118+0000] {processor.py:161} INFO - Started process (PID=8159) to work on /opt/airflow/dags/weather_gold_v1.py
[2025-10-13T10:46:45.126+0000] {processor.py:830} INFO - Processing file /opt/airflow/dags/weather_gold_v1.py for tasks to queue
[2025-10-13T10:46:45.131+0000] {logging_mixin.py:188} INFO - [2025-10-13T10:46:45.130+0000] {dagbag.py:540} INFO - Filling up the DagBag from /opt/airflow/dags/weather_gold_v1.py
[2025-10-13T10:46:45.268+0000] {processor.py:840} INFO - DAG(s) 'weather_gold_v1' retrieved from /opt/airflow/dags/weather_gold_v1.py
[2025-10-13T10:46:45.395+0000] {logging_mixin.py:188} INFO - [2025-10-13T10:46:45.394+0000] {dag.py:3047} INFO - Sync 1 DAGs
[2025-10-13T10:46:45.452+0000] {logging_mixin.py:188} INFO - [2025-10-13T10:46:45.452+0000] {dag.py:3834} INFO - Setting next_dagrun for weather_gold_v1 to 2025-10-12 00:00:00+00:00, run_after=2025-10-19 00:00:00+00:00
[2025-10-13T10:46:45.549+0000] {processor.py:183} INFO - Processing /opt/airflow/dags/weather_gold_v1.py took 0.438 seconds
[2025-10-13T10:47:16.177+0000] {processor.py:161} INFO - Started process (PID=8174) to work on /opt/airflow/dags/weather_gold_v1.py
[2025-10-13T10:47:16.179+0000] {processor.py:830} INFO - Processing file /opt/airflow/dags/weather_gold_v1.py for tasks to queue
[2025-10-13T10:47:16.182+0000] {logging_mixin.py:188} INFO - [2025-10-13T10:47:16.181+0000] {dagbag.py:540} INFO - Filling up the DagBag from /opt/airflow/dags/weather_gold_v1.py
[2025-10-13T10:47:16.229+0000] {processor.py:840} INFO - DAG(s) 'weather_gold_v1' retrieved from /opt/airflow/dags/weather_gold_v1.py
[2025-10-13T10:47:16.310+0000] {logging_mixin.py:188} INFO - [2025-10-13T10:47:16.310+0000] {dag.py:3047} INFO - Sync 1 DAGs
[2025-10-13T10:47:16.385+0000] {logging_mixin.py:188} INFO - [2025-10-13T10:47:16.385+0000] {dag.py:3834} INFO - Setting next_dagrun for weather_gold_v1 to 2025-10-12 00:00:00+00:00, run_after=2025-10-19 00:00:00+00:00
[2025-10-13T10:47:16.484+0000] {processor.py:183} INFO - Processing /opt/airflow/dags/weather_gold_v1.py took 0.313 seconds
[2025-10-13T10:47:47.001+0000] {processor.py:161} INFO - Started process (PID=8189) to work on /opt/airflow/dags/weather_gold_v1.py
[2025-10-13T10:47:47.004+0000] {processor.py:830} INFO - Processing file /opt/airflow/dags/weather_gold_v1.py for tasks to queue
[2025-10-13T10:47:47.007+0000] {logging_mixin.py:188} INFO - [2025-10-13T10:47:47.006+0000] {dagbag.py:540} INFO - Filling up the DagBag from /opt/airflow/dags/weather_gold_v1.py
[2025-10-13T10:47:47.097+0000] {processor.py:840} INFO - DAG(s) 'weather_gold_v1' retrieved from /opt/airflow/dags/weather_gold_v1.py
[2025-10-13T10:47:47.289+0000] {logging_mixin.py:188} INFO - [2025-10-13T10:47:47.288+0000] {dag.py:3047} INFO - Sync 1 DAGs
[2025-10-13T10:47:47.358+0000] {logging_mixin.py:188} INFO - [2025-10-13T10:47:47.358+0000] {dag.py:3834} INFO - Setting next_dagrun for weather_gold_v1 to 2025-10-12 00:00:00+00:00, run_after=2025-10-19 00:00:00+00:00
[2025-10-13T10:47:47.460+0000] {processor.py:183} INFO - Processing /opt/airflow/dags/weather_gold_v1.py took 0.467 seconds
[2025-10-13T10:48:18.007+0000] {processor.py:161} INFO - Started process (PID=8204) to work on /opt/airflow/dags/weather_gold_v1.py
[2025-10-13T10:48:18.009+0000] {processor.py:830} INFO - Processing file /opt/airflow/dags/weather_gold_v1.py for tasks to queue
[2025-10-13T10:48:18.011+0000] {logging_mixin.py:188} INFO - [2025-10-13T10:48:18.010+0000] {dagbag.py:540} INFO - Filling up the DagBag from /opt/airflow/dags/weather_gold_v1.py
[2025-10-13T10:48:18.067+0000] {processor.py:840} INFO - DAG(s) 'weather_gold_v1' retrieved from /opt/airflow/dags/weather_gold_v1.py
[2025-10-13T10:48:18.172+0000] {logging_mixin.py:188} INFO - [2025-10-13T10:48:18.172+0000] {dag.py:3047} INFO - Sync 1 DAGs
[2025-10-13T10:48:18.251+0000] {logging_mixin.py:188} INFO - [2025-10-13T10:48:18.250+0000] {dag.py:3834} INFO - Setting next_dagrun for weather_gold_v1 to 2025-10-12 00:00:00+00:00, run_after=2025-10-19 00:00:00+00:00
[2025-10-13T10:48:18.359+0000] {processor.py:183} INFO - Processing /opt/airflow/dags/weather_gold_v1.py took 0.360 seconds
[2025-10-13T10:48:48.996+0000] {processor.py:161} INFO - Started process (PID=8219) to work on /opt/airflow/dags/weather_gold_v1.py
[2025-10-13T10:48:48.999+0000] {processor.py:830} INFO - Processing file /opt/airflow/dags/weather_gold_v1.py for tasks to queue
[2025-10-13T10:48:49.002+0000] {logging_mixin.py:188} INFO - [2025-10-13T10:48:49.001+0000] {dagbag.py:540} INFO - Filling up the DagBag from /opt/airflow/dags/weather_gold_v1.py
[2025-10-13T10:48:49.042+0000] {processor.py:840} INFO - DAG(s) 'weather_gold_v1' retrieved from /opt/airflow/dags/weather_gold_v1.py
[2025-10-13T10:48:49.124+0000] {logging_mixin.py:188} INFO - [2025-10-13T10:48:49.124+0000] {dag.py:3047} INFO - Sync 1 DAGs
[2025-10-13T10:48:49.323+0000] {logging_mixin.py:188} INFO - [2025-10-13T10:48:49.323+0000] {dag.py:3834} INFO - Setting next_dagrun for weather_gold_v1 to 2025-10-12 00:00:00+00:00, run_after=2025-10-19 00:00:00+00:00
[2025-10-13T10:48:49.506+0000] {processor.py:183} INFO - Processing /opt/airflow/dags/weather_gold_v1.py took 0.516 seconds
[2025-10-13T10:49:20.104+0000] {processor.py:161} INFO - Started process (PID=8234) to work on /opt/airflow/dags/weather_gold_v1.py
[2025-10-13T10:49:20.106+0000] {processor.py:830} INFO - Processing file /opt/airflow/dags/weather_gold_v1.py for tasks to queue
[2025-10-13T10:49:20.110+0000] {logging_mixin.py:188} INFO - [2025-10-13T10:49:20.109+0000] {dagbag.py:540} INFO - Filling up the DagBag from /opt/airflow/dags/weather_gold_v1.py
[2025-10-13T10:49:20.172+0000] {processor.py:840} INFO - DAG(s) 'weather_gold_v1' retrieved from /opt/airflow/dags/weather_gold_v1.py
[2025-10-13T10:49:20.268+0000] {logging_mixin.py:188} INFO - [2025-10-13T10:49:20.267+0000] {dag.py:3047} INFO - Sync 1 DAGs
[2025-10-13T10:49:20.336+0000] {logging_mixin.py:188} INFO - [2025-10-13T10:49:20.335+0000] {dag.py:3834} INFO - Setting next_dagrun for weather_gold_v1 to 2025-10-12 00:00:00+00:00, run_after=2025-10-19 00:00:00+00:00
[2025-10-13T10:49:20.423+0000] {processor.py:183} INFO - Processing /opt/airflow/dags/weather_gold_v1.py took 0.328 seconds
[2025-10-13T10:49:51.025+0000] {processor.py:161} INFO - Started process (PID=8249) to work on /opt/airflow/dags/weather_gold_v1.py
[2025-10-13T10:49:51.027+0000] {processor.py:830} INFO - Processing file /opt/airflow/dags/weather_gold_v1.py for tasks to queue
[2025-10-13T10:49:51.030+0000] {logging_mixin.py:188} INFO - [2025-10-13T10:49:51.029+0000] {dagbag.py:540} INFO - Filling up the DagBag from /opt/airflow/dags/weather_gold_v1.py
[2025-10-13T10:49:51.070+0000] {processor.py:840} INFO - DAG(s) 'weather_gold_v1' retrieved from /opt/airflow/dags/weather_gold_v1.py
[2025-10-13T10:49:51.152+0000] {logging_mixin.py:188} INFO - [2025-10-13T10:49:51.151+0000] {dag.py:3047} INFO - Sync 1 DAGs
[2025-10-13T10:49:51.208+0000] {logging_mixin.py:188} INFO - [2025-10-13T10:49:51.208+0000] {dag.py:3834} INFO - Setting next_dagrun for weather_gold_v1 to 2025-10-12 00:00:00+00:00, run_after=2025-10-19 00:00:00+00:00
[2025-10-13T10:49:51.281+0000] {processor.py:183} INFO - Processing /opt/airflow/dags/weather_gold_v1.py took 0.262 seconds
[2025-10-13T10:50:21.811+0000] {processor.py:161} INFO - Started process (PID=8264) to work on /opt/airflow/dags/weather_gold_v1.py
[2025-10-13T10:50:21.813+0000] {processor.py:830} INFO - Processing file /opt/airflow/dags/weather_gold_v1.py for tasks to queue
[2025-10-13T10:50:21.815+0000] {logging_mixin.py:188} INFO - [2025-10-13T10:50:21.815+0000] {dagbag.py:540} INFO - Filling up the DagBag from /opt/airflow/dags/weather_gold_v1.py
[2025-10-13T10:50:21.861+0000] {processor.py:840} INFO - DAG(s) 'weather_gold_v1' retrieved from /opt/airflow/dags/weather_gold_v1.py
[2025-10-13T10:50:21.936+0000] {logging_mixin.py:188} INFO - [2025-10-13T10:50:21.935+0000] {dag.py:3047} INFO - Sync 1 DAGs
[2025-10-13T10:50:21.978+0000] {logging_mixin.py:188} INFO - [2025-10-13T10:50:21.978+0000] {dag.py:3834} INFO - Setting next_dagrun for weather_gold_v1 to 2025-10-12 00:00:00+00:00, run_after=2025-10-19 00:00:00+00:00
[2025-10-13T10:50:22.035+0000] {processor.py:183} INFO - Processing /opt/airflow/dags/weather_gold_v1.py took 0.229 seconds
[2025-10-13T10:50:53.595+0000] {processor.py:161} INFO - Started process (PID=8279) to work on /opt/airflow/dags/weather_gold_v1.py
[2025-10-13T10:50:53.658+0000] {processor.py:830} INFO - Processing file /opt/airflow/dags/weather_gold_v1.py for tasks to queue
[2025-10-13T10:50:53.661+0000] {logging_mixin.py:188} INFO - [2025-10-13T10:50:53.660+0000] {dagbag.py:540} INFO - Filling up the DagBag from /opt/airflow/dags/weather_gold_v1.py
[2025-10-13T10:50:53.719+0000] {processor.py:840} INFO - DAG(s) 'weather_gold_v1' retrieved from /opt/airflow/dags/weather_gold_v1.py
[2025-10-13T10:50:53.783+0000] {logging_mixin.py:188} INFO - [2025-10-13T10:50:53.782+0000] {dag.py:3047} INFO - Sync 1 DAGs
[2025-10-13T10:50:53.829+0000] {logging_mixin.py:188} INFO - [2025-10-13T10:50:53.828+0000] {dag.py:3834} INFO - Setting next_dagrun for weather_gold_v1 to 2025-10-12 00:00:00+00:00, run_after=2025-10-19 00:00:00+00:00
[2025-10-13T10:50:53.886+0000] {processor.py:183} INFO - Processing /opt/airflow/dags/weather_gold_v1.py took 0.295 seconds
[2025-10-13T10:51:24.367+0000] {processor.py:161} INFO - Started process (PID=8294) to work on /opt/airflow/dags/weather_gold_v1.py
[2025-10-13T10:51:24.369+0000] {processor.py:830} INFO - Processing file /opt/airflow/dags/weather_gold_v1.py for tasks to queue
[2025-10-13T10:51:24.372+0000] {logging_mixin.py:188} INFO - [2025-10-13T10:51:24.371+0000] {dagbag.py:540} INFO - Filling up the DagBag from /opt/airflow/dags/weather_gold_v1.py
[2025-10-13T10:51:24.446+0000] {processor.py:840} INFO - DAG(s) 'weather_gold_v1' retrieved from /opt/airflow/dags/weather_gold_v1.py
[2025-10-13T10:51:24.576+0000] {logging_mixin.py:188} INFO - [2025-10-13T10:51:24.575+0000] {dag.py:3047} INFO - Sync 1 DAGs
[2025-10-13T10:51:24.661+0000] {logging_mixin.py:188} INFO - [2025-10-13T10:51:24.659+0000] {dag.py:3834} INFO - Setting next_dagrun for weather_gold_v1 to 2025-10-12 00:00:00+00:00, run_after=2025-10-19 00:00:00+00:00
[2025-10-13T10:51:24.750+0000] {processor.py:183} INFO - Processing /opt/airflow/dags/weather_gold_v1.py took 0.389 seconds
[2025-10-13T10:51:55.378+0000] {processor.py:161} INFO - Started process (PID=8309) to work on /opt/airflow/dags/weather_gold_v1.py
[2025-10-13T10:51:55.383+0000] {processor.py:830} INFO - Processing file /opt/airflow/dags/weather_gold_v1.py for tasks to queue
[2025-10-13T10:51:55.393+0000] {logging_mixin.py:188} INFO - [2025-10-13T10:51:55.391+0000] {dagbag.py:540} INFO - Filling up the DagBag from /opt/airflow/dags/weather_gold_v1.py
[2025-10-13T10:51:55.593+0000] {processor.py:840} INFO - DAG(s) 'weather_gold_v1' retrieved from /opt/airflow/dags/weather_gold_v1.py
[2025-10-13T10:51:55.716+0000] {logging_mixin.py:188} INFO - [2025-10-13T10:51:55.716+0000] {dag.py:3047} INFO - Sync 1 DAGs
[2025-10-13T10:51:55.792+0000] {logging_mixin.py:188} INFO - [2025-10-13T10:51:55.792+0000] {dag.py:3834} INFO - Setting next_dagrun for weather_gold_v1 to 2025-10-12 00:00:00+00:00, run_after=2025-10-19 00:00:00+00:00
[2025-10-13T10:51:55.864+0000] {processor.py:183} INFO - Processing /opt/airflow/dags/weather_gold_v1.py took 0.493 seconds
[2025-10-13T10:52:26.368+0000] {processor.py:161} INFO - Started process (PID=8324) to work on /opt/airflow/dags/weather_gold_v1.py
[2025-10-13T10:52:26.370+0000] {processor.py:830} INFO - Processing file /opt/airflow/dags/weather_gold_v1.py for tasks to queue
[2025-10-13T10:52:26.373+0000] {logging_mixin.py:188} INFO - [2025-10-13T10:52:26.372+0000] {dagbag.py:540} INFO - Filling up the DagBag from /opt/airflow/dags/weather_gold_v1.py
[2025-10-13T10:52:26.417+0000] {processor.py:840} INFO - DAG(s) 'weather_gold_v1' retrieved from /opt/airflow/dags/weather_gold_v1.py
[2025-10-13T10:52:26.510+0000] {logging_mixin.py:188} INFO - [2025-10-13T10:52:26.510+0000] {dag.py:3047} INFO - Sync 1 DAGs
[2025-10-13T10:52:26.569+0000] {logging_mixin.py:188} INFO - [2025-10-13T10:52:26.569+0000] {dag.py:3834} INFO - Setting next_dagrun for weather_gold_v1 to 2025-10-12 00:00:00+00:00, run_after=2025-10-19 00:00:00+00:00
[2025-10-13T10:52:26.637+0000] {processor.py:183} INFO - Processing /opt/airflow/dags/weather_gold_v1.py took 0.274 seconds
[2025-10-13T10:52:56.828+0000] {processor.py:161} INFO - Started process (PID=8339) to work on /opt/airflow/dags/weather_gold_v1.py
[2025-10-13T10:52:56.830+0000] {processor.py:830} INFO - Processing file /opt/airflow/dags/weather_gold_v1.py for tasks to queue
[2025-10-13T10:52:56.832+0000] {logging_mixin.py:188} INFO - [2025-10-13T10:52:56.832+0000] {dagbag.py:540} INFO - Filling up the DagBag from /opt/airflow/dags/weather_gold_v1.py
[2025-10-13T10:52:56.881+0000] {processor.py:840} INFO - DAG(s) 'weather_gold_v1' retrieved from /opt/airflow/dags/weather_gold_v1.py
[2025-10-13T10:52:57.001+0000] {logging_mixin.py:188} INFO - [2025-10-13T10:52:57.000+0000] {dag.py:3047} INFO - Sync 1 DAGs
[2025-10-13T10:52:57.082+0000] {logging_mixin.py:188} INFO - [2025-10-13T10:52:57.082+0000] {dag.py:3834} INFO - Setting next_dagrun for weather_gold_v1 to 2025-10-12 00:00:00+00:00, run_after=2025-10-19 00:00:00+00:00
[2025-10-13T10:52:57.159+0000] {processor.py:183} INFO - Processing /opt/airflow/dags/weather_gold_v1.py took 0.337 seconds
[2025-10-13T10:53:27.741+0000] {processor.py:161} INFO - Started process (PID=8354) to work on /opt/airflow/dags/weather_gold_v1.py
[2025-10-13T10:53:27.743+0000] {processor.py:830} INFO - Processing file /opt/airflow/dags/weather_gold_v1.py for tasks to queue
[2025-10-13T10:53:27.746+0000] {logging_mixin.py:188} INFO - [2025-10-13T10:53:27.745+0000] {dagbag.py:540} INFO - Filling up the DagBag from /opt/airflow/dags/weather_gold_v1.py
[2025-10-13T10:53:27.800+0000] {processor.py:840} INFO - DAG(s) 'weather_gold_v1' retrieved from /opt/airflow/dags/weather_gold_v1.py
[2025-10-13T10:53:27.912+0000] {logging_mixin.py:188} INFO - [2025-10-13T10:53:27.912+0000] {dag.py:3047} INFO - Sync 1 DAGs
[2025-10-13T10:53:27.974+0000] {logging_mixin.py:188} INFO - [2025-10-13T10:53:27.974+0000] {dag.py:3834} INFO - Setting next_dagrun for weather_gold_v1 to 2025-10-12 00:00:00+00:00, run_after=2025-10-19 00:00:00+00:00
[2025-10-13T10:53:28.056+0000] {processor.py:183} INFO - Processing /opt/airflow/dags/weather_gold_v1.py took 0.322 seconds
[2025-10-13T10:53:58.284+0000] {processor.py:161} INFO - Started process (PID=8369) to work on /opt/airflow/dags/weather_gold_v1.py
[2025-10-13T10:53:58.285+0000] {processor.py:830} INFO - Processing file /opt/airflow/dags/weather_gold_v1.py for tasks to queue
[2025-10-13T10:53:58.288+0000] {logging_mixin.py:188} INFO - [2025-10-13T10:53:58.287+0000] {dagbag.py:540} INFO - Filling up the DagBag from /opt/airflow/dags/weather_gold_v1.py
[2025-10-13T10:53:58.327+0000] {processor.py:840} INFO - DAG(s) 'weather_gold_v1' retrieved from /opt/airflow/dags/weather_gold_v1.py
[2025-10-13T10:53:58.443+0000] {logging_mixin.py:188} INFO - [2025-10-13T10:53:58.443+0000] {dag.py:3047} INFO - Sync 1 DAGs
[2025-10-13T10:53:58.516+0000] {logging_mixin.py:188} INFO - [2025-10-13T10:53:58.516+0000] {dag.py:3834} INFO - Setting next_dagrun for weather_gold_v1 to 2025-10-12 00:00:00+00:00, run_after=2025-10-19 00:00:00+00:00
[2025-10-13T10:53:58.606+0000] {processor.py:183} INFO - Processing /opt/airflow/dags/weather_gold_v1.py took 0.326 seconds
[2025-10-13T10:54:29.149+0000] {processor.py:161} INFO - Started process (PID=8384) to work on /opt/airflow/dags/weather_gold_v1.py
[2025-10-13T10:54:29.151+0000] {processor.py:830} INFO - Processing file /opt/airflow/dags/weather_gold_v1.py for tasks to queue
[2025-10-13T10:54:29.153+0000] {logging_mixin.py:188} INFO - [2025-10-13T10:54:29.153+0000] {dagbag.py:540} INFO - Filling up the DagBag from /opt/airflow/dags/weather_gold_v1.py
[2025-10-13T10:54:29.197+0000] {processor.py:840} INFO - DAG(s) 'weather_gold_v1' retrieved from /opt/airflow/dags/weather_gold_v1.py
[2025-10-13T10:54:29.279+0000] {logging_mixin.py:188} INFO - [2025-10-13T10:54:29.279+0000] {dag.py:3047} INFO - Sync 1 DAGs
[2025-10-13T10:54:29.333+0000] {logging_mixin.py:188} INFO - [2025-10-13T10:54:29.333+0000] {dag.py:3834} INFO - Setting next_dagrun for weather_gold_v1 to 2025-10-12 00:00:00+00:00, run_after=2025-10-19 00:00:00+00:00
[2025-10-13T10:54:29.436+0000] {processor.py:183} INFO - Processing /opt/airflow/dags/weather_gold_v1.py took 0.293 seconds
[2025-10-13T10:55:00.178+0000] {processor.py:161} INFO - Started process (PID=8399) to work on /opt/airflow/dags/weather_gold_v1.py
[2025-10-13T10:55:00.180+0000] {processor.py:830} INFO - Processing file /opt/airflow/dags/weather_gold_v1.py for tasks to queue
[2025-10-13T10:55:00.183+0000] {logging_mixin.py:188} INFO - [2025-10-13T10:55:00.182+0000] {dagbag.py:540} INFO - Filling up the DagBag from /opt/airflow/dags/weather_gold_v1.py
[2025-10-13T10:55:00.244+0000] {processor.py:840} INFO - DAG(s) 'weather_gold_v1' retrieved from /opt/airflow/dags/weather_gold_v1.py
[2025-10-13T10:55:00.378+0000] {logging_mixin.py:188} INFO - [2025-10-13T10:55:00.377+0000] {dag.py:3047} INFO - Sync 1 DAGs
[2025-10-13T10:55:00.466+0000] {logging_mixin.py:188} INFO - [2025-10-13T10:55:00.465+0000] {dag.py:3834} INFO - Setting next_dagrun for weather_gold_v1 to 2025-10-12 00:00:00+00:00, run_after=2025-10-19 00:00:00+00:00
[2025-10-13T10:55:00.543+0000] {processor.py:183} INFO - Processing /opt/airflow/dags/weather_gold_v1.py took 0.373 seconds
[2025-10-13T10:55:31.172+0000] {processor.py:161} INFO - Started process (PID=8414) to work on /opt/airflow/dags/weather_gold_v1.py
[2025-10-13T10:55:31.174+0000] {processor.py:830} INFO - Processing file /opt/airflow/dags/weather_gold_v1.py for tasks to queue
[2025-10-13T10:55:31.178+0000] {logging_mixin.py:188} INFO - [2025-10-13T10:55:31.177+0000] {dagbag.py:540} INFO - Filling up the DagBag from /opt/airflow/dags/weather_gold_v1.py
[2025-10-13T10:55:31.224+0000] {processor.py:840} INFO - DAG(s) 'weather_gold_v1' retrieved from /opt/airflow/dags/weather_gold_v1.py
[2025-10-13T10:55:31.306+0000] {logging_mixin.py:188} INFO - [2025-10-13T10:55:31.305+0000] {dag.py:3047} INFO - Sync 1 DAGs
[2025-10-13T10:55:31.366+0000] {logging_mixin.py:188} INFO - [2025-10-13T10:55:31.366+0000] {dag.py:3834} INFO - Setting next_dagrun for weather_gold_v1 to 2025-10-12 00:00:00+00:00, run_after=2025-10-19 00:00:00+00:00
[2025-10-13T10:55:31.462+0000] {processor.py:183} INFO - Processing /opt/airflow/dags/weather_gold_v1.py took 0.295 seconds
[2025-10-13T10:56:02.020+0000] {processor.py:161} INFO - Started process (PID=8429) to work on /opt/airflow/dags/weather_gold_v1.py
[2025-10-13T10:56:02.022+0000] {processor.py:830} INFO - Processing file /opt/airflow/dags/weather_gold_v1.py for tasks to queue
[2025-10-13T10:56:02.024+0000] {logging_mixin.py:188} INFO - [2025-10-13T10:56:02.024+0000] {dagbag.py:540} INFO - Filling up the DagBag from /opt/airflow/dags/weather_gold_v1.py
[2025-10-13T10:56:02.066+0000] {processor.py:840} INFO - DAG(s) 'weather_gold_v1' retrieved from /opt/airflow/dags/weather_gold_v1.py
[2025-10-13T10:56:02.165+0000] {logging_mixin.py:188} INFO - [2025-10-13T10:56:02.164+0000] {dag.py:3047} INFO - Sync 1 DAGs
[2025-10-13T10:56:02.242+0000] {logging_mixin.py:188} INFO - [2025-10-13T10:56:02.242+0000] {dag.py:3834} INFO - Setting next_dagrun for weather_gold_v1 to 2025-10-12 00:00:00+00:00, run_after=2025-10-19 00:00:00+00:00
[2025-10-13T10:56:02.320+0000] {processor.py:183} INFO - Processing /opt/airflow/dags/weather_gold_v1.py took 0.307 seconds
[2025-10-13T10:56:32.711+0000] {processor.py:161} INFO - Started process (PID=8444) to work on /opt/airflow/dags/weather_gold_v1.py
[2025-10-13T10:56:32.714+0000] {processor.py:830} INFO - Processing file /opt/airflow/dags/weather_gold_v1.py for tasks to queue
[2025-10-13T10:56:32.718+0000] {logging_mixin.py:188} INFO - [2025-10-13T10:56:32.717+0000] {dagbag.py:540} INFO - Filling up the DagBag from /opt/airflow/dags/weather_gold_v1.py
[2025-10-13T10:56:32.759+0000] {processor.py:840} INFO - DAG(s) 'weather_gold_v1' retrieved from /opt/airflow/dags/weather_gold_v1.py
[2025-10-13T10:56:32.842+0000] {logging_mixin.py:188} INFO - [2025-10-13T10:56:32.842+0000] {dag.py:3047} INFO - Sync 1 DAGs
[2025-10-13T10:56:32.901+0000] {logging_mixin.py:188} INFO - [2025-10-13T10:56:32.900+0000] {dag.py:3834} INFO - Setting next_dagrun for weather_gold_v1 to 2025-10-12 00:00:00+00:00, run_after=2025-10-19 00:00:00+00:00
[2025-10-13T10:56:32.981+0000] {processor.py:183} INFO - Processing /opt/airflow/dags/weather_gold_v1.py took 0.277 seconds
[2025-10-13T10:57:03.447+0000] {processor.py:161} INFO - Started process (PID=8459) to work on /opt/airflow/dags/weather_gold_v1.py
[2025-10-13T10:57:03.451+0000] {processor.py:830} INFO - Processing file /opt/airflow/dags/weather_gold_v1.py for tasks to queue
[2025-10-13T10:57:03.455+0000] {logging_mixin.py:188} INFO - [2025-10-13T10:57:03.454+0000] {dagbag.py:540} INFO - Filling up the DagBag from /opt/airflow/dags/weather_gold_v1.py
[2025-10-13T10:57:03.502+0000] {processor.py:840} INFO - DAG(s) 'weather_gold_v1' retrieved from /opt/airflow/dags/weather_gold_v1.py
[2025-10-13T10:57:03.595+0000] {logging_mixin.py:188} INFO - [2025-10-13T10:57:03.595+0000] {dag.py:3047} INFO - Sync 1 DAGs
[2025-10-13T10:57:03.693+0000] {logging_mixin.py:188} INFO - [2025-10-13T10:57:03.692+0000] {dag.py:3834} INFO - Setting next_dagrun for weather_gold_v1 to 2025-10-12 00:00:00+00:00, run_after=2025-10-19 00:00:00+00:00
[2025-10-13T10:57:03.798+0000] {processor.py:183} INFO - Processing /opt/airflow/dags/weather_gold_v1.py took 0.358 seconds
[2025-10-13T10:57:34.334+0000] {processor.py:161} INFO - Started process (PID=8474) to work on /opt/airflow/dags/weather_gold_v1.py
[2025-10-13T10:57:34.337+0000] {processor.py:830} INFO - Processing file /opt/airflow/dags/weather_gold_v1.py for tasks to queue
[2025-10-13T10:57:34.340+0000] {logging_mixin.py:188} INFO - [2025-10-13T10:57:34.339+0000] {dagbag.py:540} INFO - Filling up the DagBag from /opt/airflow/dags/weather_gold_v1.py
[2025-10-13T10:57:34.372+0000] {processor.py:840} INFO - DAG(s) 'weather_gold_v1' retrieved from /opt/airflow/dags/weather_gold_v1.py
[2025-10-13T10:57:34.455+0000] {logging_mixin.py:188} INFO - [2025-10-13T10:57:34.454+0000] {dag.py:3047} INFO - Sync 1 DAGs
[2025-10-13T10:57:34.511+0000] {logging_mixin.py:188} INFO - [2025-10-13T10:57:34.510+0000] {dag.py:3834} INFO - Setting next_dagrun for weather_gold_v1 to 2025-10-12 00:00:00+00:00, run_after=2025-10-19 00:00:00+00:00
[2025-10-13T10:57:34.579+0000] {processor.py:183} INFO - Processing /opt/airflow/dags/weather_gold_v1.py took 0.249 seconds
[2025-10-13T10:58:05.275+0000] {processor.py:161} INFO - Started process (PID=8489) to work on /opt/airflow/dags/weather_gold_v1.py
[2025-10-13T10:58:05.277+0000] {processor.py:830} INFO - Processing file /opt/airflow/dags/weather_gold_v1.py for tasks to queue
[2025-10-13T10:58:05.280+0000] {logging_mixin.py:188} INFO - [2025-10-13T10:58:05.279+0000] {dagbag.py:540} INFO - Filling up the DagBag from /opt/airflow/dags/weather_gold_v1.py
[2025-10-13T10:58:05.330+0000] {processor.py:840} INFO - DAG(s) 'weather_gold_v1' retrieved from /opt/airflow/dags/weather_gold_v1.py
[2025-10-13T10:58:05.422+0000] {logging_mixin.py:188} INFO - [2025-10-13T10:58:05.422+0000] {dag.py:3047} INFO - Sync 1 DAGs
[2025-10-13T10:58:05.478+0000] {logging_mixin.py:188} INFO - [2025-10-13T10:58:05.478+0000] {dag.py:3834} INFO - Setting next_dagrun for weather_gold_v1 to 2025-10-12 00:00:00+00:00, run_after=2025-10-19 00:00:00+00:00
[2025-10-13T10:58:05.573+0000] {processor.py:183} INFO - Processing /opt/airflow/dags/weather_gold_v1.py took 0.304 seconds
[2025-10-13T10:58:36.256+0000] {processor.py:161} INFO - Started process (PID=8504) to work on /opt/airflow/dags/weather_gold_v1.py
[2025-10-13T10:58:36.258+0000] {processor.py:830} INFO - Processing file /opt/airflow/dags/weather_gold_v1.py for tasks to queue
[2025-10-13T10:58:36.260+0000] {logging_mixin.py:188} INFO - [2025-10-13T10:58:36.260+0000] {dagbag.py:540} INFO - Filling up the DagBag from /opt/airflow/dags/weather_gold_v1.py
[2025-10-13T10:58:36.301+0000] {processor.py:840} INFO - DAG(s) 'weather_gold_v1' retrieved from /opt/airflow/dags/weather_gold_v1.py
[2025-10-13T10:58:36.398+0000] {logging_mixin.py:188} INFO - [2025-10-13T10:58:36.397+0000] {dag.py:3047} INFO - Sync 1 DAGs
[2025-10-13T10:58:36.458+0000] {logging_mixin.py:188} INFO - [2025-10-13T10:58:36.457+0000] {dag.py:3834} INFO - Setting next_dagrun for weather_gold_v1 to 2025-10-12 00:00:00+00:00, run_after=2025-10-19 00:00:00+00:00
[2025-10-13T10:58:36.531+0000] {processor.py:183} INFO - Processing /opt/airflow/dags/weather_gold_v1.py took 0.280 seconds
[2025-10-13T10:59:07.153+0000] {processor.py:161} INFO - Started process (PID=8519) to work on /opt/airflow/dags/weather_gold_v1.py
[2025-10-13T10:59:07.155+0000] {processor.py:830} INFO - Processing file /opt/airflow/dags/weather_gold_v1.py for tasks to queue
[2025-10-13T10:59:07.157+0000] {logging_mixin.py:188} INFO - [2025-10-13T10:59:07.156+0000] {dagbag.py:540} INFO - Filling up the DagBag from /opt/airflow/dags/weather_gold_v1.py
[2025-10-13T10:59:07.203+0000] {processor.py:840} INFO - DAG(s) 'weather_gold_v1' retrieved from /opt/airflow/dags/weather_gold_v1.py
[2025-10-13T10:59:07.305+0000] {logging_mixin.py:188} INFO - [2025-10-13T10:59:07.304+0000] {dag.py:3047} INFO - Sync 1 DAGs
[2025-10-13T10:59:07.379+0000] {logging_mixin.py:188} INFO - [2025-10-13T10:59:07.378+0000] {dag.py:3834} INFO - Setting next_dagrun for weather_gold_v1 to 2025-10-12 00:00:00+00:00, run_after=2025-10-19 00:00:00+00:00
[2025-10-13T10:59:07.465+0000] {processor.py:183} INFO - Processing /opt/airflow/dags/weather_gold_v1.py took 0.322 seconds
[2025-10-13T10:59:37.640+0000] {processor.py:161} INFO - Started process (PID=8534) to work on /opt/airflow/dags/weather_gold_v1.py
[2025-10-13T10:59:37.642+0000] {processor.py:830} INFO - Processing file /opt/airflow/dags/weather_gold_v1.py for tasks to queue
[2025-10-13T10:59:37.644+0000] {logging_mixin.py:188} INFO - [2025-10-13T10:59:37.644+0000] {dagbag.py:540} INFO - Filling up the DagBag from /opt/airflow/dags/weather_gold_v1.py
[2025-10-13T10:59:37.684+0000] {processor.py:840} INFO - DAG(s) 'weather_gold_v1' retrieved from /opt/airflow/dags/weather_gold_v1.py
[2025-10-13T10:59:37.793+0000] {logging_mixin.py:188} INFO - [2025-10-13T10:59:37.792+0000] {dag.py:3047} INFO - Sync 1 DAGs
[2025-10-13T10:59:37.874+0000] {logging_mixin.py:188} INFO - [2025-10-13T10:59:37.873+0000] {dag.py:3834} INFO - Setting next_dagrun for weather_gold_v1 to 2025-10-12 00:00:00+00:00, run_after=2025-10-19 00:00:00+00:00
[2025-10-13T10:59:37.988+0000] {processor.py:183} INFO - Processing /opt/airflow/dags/weather_gold_v1.py took 0.354 seconds
[2025-10-13T11:00:08.471+0000] {processor.py:161} INFO - Started process (PID=8549) to work on /opt/airflow/dags/weather_gold_v1.py
[2025-10-13T11:00:08.474+0000] {processor.py:830} INFO - Processing file /opt/airflow/dags/weather_gold_v1.py for tasks to queue
[2025-10-13T11:00:08.476+0000] {logging_mixin.py:188} INFO - [2025-10-13T11:00:08.475+0000] {dagbag.py:540} INFO - Filling up the DagBag from /opt/airflow/dags/weather_gold_v1.py
[2025-10-13T11:00:08.524+0000] {processor.py:840} INFO - DAG(s) 'weather_gold_v1' retrieved from /opt/airflow/dags/weather_gold_v1.py
[2025-10-13T11:00:08.631+0000] {logging_mixin.py:188} INFO - [2025-10-13T11:00:08.630+0000] {dag.py:3047} INFO - Sync 1 DAGs
[2025-10-13T11:00:08.716+0000] {logging_mixin.py:188} INFO - [2025-10-13T11:00:08.715+0000] {dag.py:3834} INFO - Setting next_dagrun for weather_gold_v1 to 2025-10-12 00:00:00+00:00, run_after=2025-10-19 00:00:00+00:00
[2025-10-13T11:00:08.795+0000] {processor.py:183} INFO - Processing /opt/airflow/dags/weather_gold_v1.py took 0.331 seconds
[2025-10-13T11:00:39.411+0000] {processor.py:161} INFO - Started process (PID=8564) to work on /opt/airflow/dags/weather_gold_v1.py
[2025-10-13T11:00:39.414+0000] {processor.py:830} INFO - Processing file /opt/airflow/dags/weather_gold_v1.py for tasks to queue
[2025-10-13T11:00:39.416+0000] {logging_mixin.py:188} INFO - [2025-10-13T11:00:39.415+0000] {dagbag.py:540} INFO - Filling up the DagBag from /opt/airflow/dags/weather_gold_v1.py
[2025-10-13T11:00:39.464+0000] {processor.py:840} INFO - DAG(s) 'weather_gold_v1' retrieved from /opt/airflow/dags/weather_gold_v1.py
[2025-10-13T11:00:39.561+0000] {logging_mixin.py:188} INFO - [2025-10-13T11:00:39.560+0000] {dag.py:3047} INFO - Sync 1 DAGs
[2025-10-13T11:00:39.630+0000] {logging_mixin.py:188} INFO - [2025-10-13T11:00:39.629+0000] {dag.py:3834} INFO - Setting next_dagrun for weather_gold_v1 to 2025-10-12 00:00:00+00:00, run_after=2025-10-19 00:00:00+00:00
[2025-10-13T11:00:39.789+0000] {processor.py:183} INFO - Processing /opt/airflow/dags/weather_gold_v1.py took 0.385 seconds
[2025-10-13T11:01:10.343+0000] {processor.py:161} INFO - Started process (PID=8579) to work on /opt/airflow/dags/weather_gold_v1.py
[2025-10-13T11:01:10.348+0000] {processor.py:830} INFO - Processing file /opt/airflow/dags/weather_gold_v1.py for tasks to queue
[2025-10-13T11:01:10.352+0000] {logging_mixin.py:188} INFO - [2025-10-13T11:01:10.351+0000] {dagbag.py:540} INFO - Filling up the DagBag from /opt/airflow/dags/weather_gold_v1.py
[2025-10-13T11:01:10.428+0000] {processor.py:840} INFO - DAG(s) 'weather_gold_v1' retrieved from /opt/airflow/dags/weather_gold_v1.py
[2025-10-13T11:01:10.548+0000] {logging_mixin.py:188} INFO - [2025-10-13T11:01:10.548+0000] {dag.py:3047} INFO - Sync 1 DAGs
[2025-10-13T11:01:10.619+0000] {logging_mixin.py:188} INFO - [2025-10-13T11:01:10.618+0000] {dag.py:3834} INFO - Setting next_dagrun for weather_gold_v1 to 2025-10-12 00:00:00+00:00, run_after=2025-10-19 00:00:00+00:00
[2025-10-13T11:01:10.703+0000] {processor.py:183} INFO - Processing /opt/airflow/dags/weather_gold_v1.py took 0.369 seconds
[2025-10-13T11:01:41.142+0000] {processor.py:161} INFO - Started process (PID=8594) to work on /opt/airflow/dags/weather_gold_v1.py
[2025-10-13T11:01:41.145+0000] {processor.py:830} INFO - Processing file /opt/airflow/dags/weather_gold_v1.py for tasks to queue
[2025-10-13T11:01:41.148+0000] {logging_mixin.py:188} INFO - [2025-10-13T11:01:41.147+0000] {dagbag.py:540} INFO - Filling up the DagBag from /opt/airflow/dags/weather_gold_v1.py
[2025-10-13T11:01:41.192+0000] {processor.py:840} INFO - DAG(s) 'weather_gold_v1' retrieved from /opt/airflow/dags/weather_gold_v1.py
[2025-10-13T11:01:41.293+0000] {logging_mixin.py:188} INFO - [2025-10-13T11:01:41.292+0000] {dag.py:3047} INFO - Sync 1 DAGs
[2025-10-13T11:01:41.353+0000] {logging_mixin.py:188} INFO - [2025-10-13T11:01:41.352+0000] {dag.py:3834} INFO - Setting next_dagrun for weather_gold_v1 to 2025-10-12 00:00:00+00:00, run_after=2025-10-19 00:00:00+00:00
[2025-10-13T11:01:41.419+0000] {processor.py:183} INFO - Processing /opt/airflow/dags/weather_gold_v1.py took 0.286 seconds
[2025-10-13T11:02:12.067+0000] {processor.py:161} INFO - Started process (PID=8609) to work on /opt/airflow/dags/weather_gold_v1.py
[2025-10-13T11:02:12.069+0000] {processor.py:830} INFO - Processing file /opt/airflow/dags/weather_gold_v1.py for tasks to queue
[2025-10-13T11:02:12.071+0000] {logging_mixin.py:188} INFO - [2025-10-13T11:02:12.070+0000] {dagbag.py:540} INFO - Filling up the DagBag from /opt/airflow/dags/weather_gold_v1.py
[2025-10-13T11:02:12.114+0000] {processor.py:840} INFO - DAG(s) 'weather_gold_v1' retrieved from /opt/airflow/dags/weather_gold_v1.py
[2025-10-13T11:02:12.237+0000] {logging_mixin.py:188} INFO - [2025-10-13T11:02:12.236+0000] {dag.py:3047} INFO - Sync 1 DAGs
[2025-10-13T11:02:12.293+0000] {logging_mixin.py:188} INFO - [2025-10-13T11:02:12.292+0000] {dag.py:3834} INFO - Setting next_dagrun for weather_gold_v1 to 2025-10-12 00:00:00+00:00, run_after=2025-10-19 00:00:00+00:00
[2025-10-13T11:02:12.359+0000] {processor.py:183} INFO - Processing /opt/airflow/dags/weather_gold_v1.py took 0.298 seconds
[2025-10-13T11:02:42.826+0000] {processor.py:161} INFO - Started process (PID=8624) to work on /opt/airflow/dags/weather_gold_v1.py
[2025-10-13T11:02:42.828+0000] {processor.py:830} INFO - Processing file /opt/airflow/dags/weather_gold_v1.py for tasks to queue
[2025-10-13T11:02:42.830+0000] {logging_mixin.py:188} INFO - [2025-10-13T11:02:42.830+0000] {dagbag.py:540} INFO - Filling up the DagBag from /opt/airflow/dags/weather_gold_v1.py
[2025-10-13T11:02:42.873+0000] {processor.py:840} INFO - DAG(s) 'weather_gold_v1' retrieved from /opt/airflow/dags/weather_gold_v1.py
[2025-10-13T11:02:42.963+0000] {logging_mixin.py:188} INFO - [2025-10-13T11:02:42.962+0000] {dag.py:3047} INFO - Sync 1 DAGs
[2025-10-13T11:02:43.007+0000] {logging_mixin.py:188} INFO - [2025-10-13T11:02:43.007+0000] {dag.py:3834} INFO - Setting next_dagrun for weather_gold_v1 to 2025-10-12 00:00:00+00:00, run_after=2025-10-19 00:00:00+00:00
[2025-10-13T11:02:43.065+0000] {processor.py:183} INFO - Processing /opt/airflow/dags/weather_gold_v1.py took 0.245 seconds
[2025-10-13T11:03:13.670+0000] {processor.py:161} INFO - Started process (PID=8639) to work on /opt/airflow/dags/weather_gold_v1.py
[2025-10-13T11:03:13.673+0000] {processor.py:830} INFO - Processing file /opt/airflow/dags/weather_gold_v1.py for tasks to queue
[2025-10-13T11:03:13.675+0000] {logging_mixin.py:188} INFO - [2025-10-13T11:03:13.675+0000] {dagbag.py:540} INFO - Filling up the DagBag from /opt/airflow/dags/weather_gold_v1.py
[2025-10-13T11:03:13.719+0000] {processor.py:840} INFO - DAG(s) 'weather_gold_v1' retrieved from /opt/airflow/dags/weather_gold_v1.py
[2025-10-13T11:03:13.816+0000] {logging_mixin.py:188} INFO - [2025-10-13T11:03:13.816+0000] {dag.py:3047} INFO - Sync 1 DAGs
[2025-10-13T11:03:13.877+0000] {logging_mixin.py:188} INFO - [2025-10-13T11:03:13.877+0000] {dag.py:3834} INFO - Setting next_dagrun for weather_gold_v1 to 2025-10-12 00:00:00+00:00, run_after=2025-10-19 00:00:00+00:00
[2025-10-13T11:03:13.969+0000] {processor.py:183} INFO - Processing /opt/airflow/dags/weather_gold_v1.py took 0.322 seconds
[2025-10-13T11:03:44.543+0000] {processor.py:161} INFO - Started process (PID=8654) to work on /opt/airflow/dags/weather_gold_v1.py
[2025-10-13T11:03:44.546+0000] {processor.py:830} INFO - Processing file /opt/airflow/dags/weather_gold_v1.py for tasks to queue
[2025-10-13T11:03:44.548+0000] {logging_mixin.py:188} INFO - [2025-10-13T11:03:44.547+0000] {dagbag.py:540} INFO - Filling up the DagBag from /opt/airflow/dags/weather_gold_v1.py
[2025-10-13T11:03:44.594+0000] {processor.py:840} INFO - DAG(s) 'weather_gold_v1' retrieved from /opt/airflow/dags/weather_gold_v1.py
[2025-10-13T11:03:44.691+0000] {logging_mixin.py:188} INFO - [2025-10-13T11:03:44.690+0000] {dag.py:3047} INFO - Sync 1 DAGs
[2025-10-13T11:03:44.759+0000] {logging_mixin.py:188} INFO - [2025-10-13T11:03:44.758+0000] {dag.py:3834} INFO - Setting next_dagrun for weather_gold_v1 to 2025-10-12 00:00:00+00:00, run_after=2025-10-19 00:00:00+00:00
[2025-10-13T11:03:44.822+0000] {processor.py:183} INFO - Processing /opt/airflow/dags/weather_gold_v1.py took 0.285 seconds
[2025-10-13T11:04:15.385+0000] {processor.py:161} INFO - Started process (PID=8669) to work on /opt/airflow/dags/weather_gold_v1.py
[2025-10-13T11:04:15.395+0000] {processor.py:830} INFO - Processing file /opt/airflow/dags/weather_gold_v1.py for tasks to queue
[2025-10-13T11:04:15.399+0000] {logging_mixin.py:188} INFO - [2025-10-13T11:04:15.397+0000] {dagbag.py:540} INFO - Filling up the DagBag from /opt/airflow/dags/weather_gold_v1.py
[2025-10-13T11:04:15.455+0000] {processor.py:840} INFO - DAG(s) 'weather_gold_v1' retrieved from /opt/airflow/dags/weather_gold_v1.py
[2025-10-13T11:04:15.587+0000] {logging_mixin.py:188} INFO - [2025-10-13T11:04:15.586+0000] {dag.py:3047} INFO - Sync 1 DAGs
[2025-10-13T11:04:15.670+0000] {logging_mixin.py:188} INFO - [2025-10-13T11:04:15.669+0000] {dag.py:3834} INFO - Setting next_dagrun for weather_gold_v1 to 2025-10-12 00:00:00+00:00, run_after=2025-10-19 00:00:00+00:00
[2025-10-13T11:04:15.775+0000] {processor.py:183} INFO - Processing /opt/airflow/dags/weather_gold_v1.py took 0.399 seconds
[2025-10-13T11:04:46.130+0000] {processor.py:161} INFO - Started process (PID=8684) to work on /opt/airflow/dags/weather_gold_v1.py
[2025-10-13T11:04:46.137+0000] {processor.py:830} INFO - Processing file /opt/airflow/dags/weather_gold_v1.py for tasks to queue
[2025-10-13T11:04:46.146+0000] {logging_mixin.py:188} INFO - [2025-10-13T11:04:46.145+0000] {dagbag.py:540} INFO - Filling up the DagBag from /opt/airflow/dags/weather_gold_v1.py
[2025-10-13T11:04:46.279+0000] {processor.py:840} INFO - DAG(s) 'weather_gold_v1' retrieved from /opt/airflow/dags/weather_gold_v1.py
[2025-10-13T11:04:46.473+0000] {logging_mixin.py:188} INFO - [2025-10-13T11:04:46.472+0000] {dag.py:3047} INFO - Sync 1 DAGs
[2025-10-13T11:04:46.580+0000] {logging_mixin.py:188} INFO - [2025-10-13T11:04:46.579+0000] {dag.py:3834} INFO - Setting next_dagrun for weather_gold_v1 to 2025-10-12 00:00:00+00:00, run_after=2025-10-19 00:00:00+00:00
[2025-10-13T11:04:46.698+0000] {processor.py:183} INFO - Processing /opt/airflow/dags/weather_gold_v1.py took 0.586 seconds
[2025-10-13T11:05:17.237+0000] {processor.py:161} INFO - Started process (PID=8699) to work on /opt/airflow/dags/weather_gold_v1.py
[2025-10-13T11:05:17.240+0000] {processor.py:830} INFO - Processing file /opt/airflow/dags/weather_gold_v1.py for tasks to queue
[2025-10-13T11:05:17.244+0000] {logging_mixin.py:188} INFO - [2025-10-13T11:05:17.242+0000] {dagbag.py:540} INFO - Filling up the DagBag from /opt/airflow/dags/weather_gold_v1.py
[2025-10-13T11:05:17.293+0000] {processor.py:840} INFO - DAG(s) 'weather_gold_v1' retrieved from /opt/airflow/dags/weather_gold_v1.py
[2025-10-13T11:05:17.400+0000] {logging_mixin.py:188} INFO - [2025-10-13T11:05:17.400+0000] {dag.py:3047} INFO - Sync 1 DAGs
[2025-10-13T11:05:17.463+0000] {logging_mixin.py:188} INFO - [2025-10-13T11:05:17.462+0000] {dag.py:3834} INFO - Setting next_dagrun for weather_gold_v1 to 2025-10-12 00:00:00+00:00, run_after=2025-10-19 00:00:00+00:00
[2025-10-13T11:05:17.555+0000] {processor.py:183} INFO - Processing /opt/airflow/dags/weather_gold_v1.py took 0.325 seconds
[2025-10-13T11:05:48.300+0000] {processor.py:161} INFO - Started process (PID=8714) to work on /opt/airflow/dags/weather_gold_v1.py
[2025-10-13T11:05:48.302+0000] {processor.py:830} INFO - Processing file /opt/airflow/dags/weather_gold_v1.py for tasks to queue
[2025-10-13T11:05:48.306+0000] {logging_mixin.py:188} INFO - [2025-10-13T11:05:48.306+0000] {dagbag.py:540} INFO - Filling up the DagBag from /opt/airflow/dags/weather_gold_v1.py
[2025-10-13T11:05:48.368+0000] {processor.py:840} INFO - DAG(s) 'weather_gold_v1' retrieved from /opt/airflow/dags/weather_gold_v1.py
[2025-10-13T11:05:48.462+0000] {logging_mixin.py:188} INFO - [2025-10-13T11:05:48.461+0000] {dag.py:3047} INFO - Sync 1 DAGs
[2025-10-13T11:05:48.533+0000] {logging_mixin.py:188} INFO - [2025-10-13T11:05:48.533+0000] {dag.py:3834} INFO - Setting next_dagrun for weather_gold_v1 to 2025-10-12 00:00:00+00:00, run_after=2025-10-19 00:00:00+00:00
[2025-10-13T11:05:48.603+0000] {processor.py:183} INFO - Processing /opt/airflow/dags/weather_gold_v1.py took 0.310 seconds
[2025-10-13T11:06:19.176+0000] {processor.py:161} INFO - Started process (PID=8729) to work on /opt/airflow/dags/weather_gold_v1.py
[2025-10-13T11:06:19.179+0000] {processor.py:830} INFO - Processing file /opt/airflow/dags/weather_gold_v1.py for tasks to queue
[2025-10-13T11:06:19.183+0000] {logging_mixin.py:188} INFO - [2025-10-13T11:06:19.182+0000] {dagbag.py:540} INFO - Filling up the DagBag from /opt/airflow/dags/weather_gold_v1.py
[2025-10-13T11:06:19.242+0000] {processor.py:840} INFO - DAG(s) 'weather_gold_v1' retrieved from /opt/airflow/dags/weather_gold_v1.py
[2025-10-13T11:06:19.360+0000] {logging_mixin.py:188} INFO - [2025-10-13T11:06:19.360+0000] {dag.py:3047} INFO - Sync 1 DAGs
[2025-10-13T11:06:19.458+0000] {logging_mixin.py:188} INFO - [2025-10-13T11:06:19.457+0000] {dag.py:3834} INFO - Setting next_dagrun for weather_gold_v1 to 2025-10-12 00:00:00+00:00, run_after=2025-10-19 00:00:00+00:00
[2025-10-13T11:06:19.561+0000] {processor.py:183} INFO - Processing /opt/airflow/dags/weather_gold_v1.py took 0.400 seconds
[2025-10-13T11:06:50.313+0000] {processor.py:161} INFO - Started process (PID=8744) to work on /opt/airflow/dags/weather_gold_v1.py
[2025-10-13T11:06:50.317+0000] {processor.py:830} INFO - Processing file /opt/airflow/dags/weather_gold_v1.py for tasks to queue
[2025-10-13T11:06:50.321+0000] {logging_mixin.py:188} INFO - [2025-10-13T11:06:50.320+0000] {dagbag.py:540} INFO - Filling up the DagBag from /opt/airflow/dags/weather_gold_v1.py
[2025-10-13T11:06:50.516+0000] {processor.py:840} INFO - DAG(s) 'weather_gold_v1' retrieved from /opt/airflow/dags/weather_gold_v1.py
[2025-10-13T11:06:50.851+0000] {logging_mixin.py:188} INFO - [2025-10-13T11:06:50.850+0000] {dag.py:3047} INFO - Sync 1 DAGs
[2025-10-13T11:06:50.975+0000] {logging_mixin.py:188} INFO - [2025-10-13T11:06:50.975+0000] {dag.py:3834} INFO - Setting next_dagrun for weather_gold_v1 to 2025-10-12 00:00:00+00:00, run_after=2025-10-19 00:00:00+00:00
[2025-10-13T11:06:51.080+0000] {processor.py:183} INFO - Processing /opt/airflow/dags/weather_gold_v1.py took 0.784 seconds
[2025-10-13T11:07:21.629+0000] {processor.py:161} INFO - Started process (PID=8759) to work on /opt/airflow/dags/weather_gold_v1.py
[2025-10-13T11:07:21.632+0000] {processor.py:830} INFO - Processing file /opt/airflow/dags/weather_gold_v1.py for tasks to queue
[2025-10-13T11:07:21.635+0000] {logging_mixin.py:188} INFO - [2025-10-13T11:07:21.634+0000] {dagbag.py:540} INFO - Filling up the DagBag from /opt/airflow/dags/weather_gold_v1.py
[2025-10-13T11:07:21.683+0000] {processor.py:840} INFO - DAG(s) 'weather_gold_v1' retrieved from /opt/airflow/dags/weather_gold_v1.py
[2025-10-13T11:07:21.786+0000] {logging_mixin.py:188} INFO - [2025-10-13T11:07:21.785+0000] {dag.py:3047} INFO - Sync 1 DAGs
[2025-10-13T11:07:21.845+0000] {logging_mixin.py:188} INFO - [2025-10-13T11:07:21.844+0000] {dag.py:3834} INFO - Setting next_dagrun for weather_gold_v1 to 2025-10-12 00:00:00+00:00, run_after=2025-10-19 00:00:00+00:00
[2025-10-13T11:07:21.922+0000] {processor.py:183} INFO - Processing /opt/airflow/dags/weather_gold_v1.py took 0.297 seconds
[2025-10-13T11:07:52.498+0000] {processor.py:161} INFO - Started process (PID=8774) to work on /opt/airflow/dags/weather_gold_v1.py
[2025-10-13T11:07:52.499+0000] {processor.py:830} INFO - Processing file /opt/airflow/dags/weather_gold_v1.py for tasks to queue
[2025-10-13T11:07:52.501+0000] {logging_mixin.py:188} INFO - [2025-10-13T11:07:52.501+0000] {dagbag.py:540} INFO - Filling up the DagBag from /opt/airflow/dags/weather_gold_v1.py
[2025-10-13T11:07:52.537+0000] {processor.py:840} INFO - DAG(s) 'weather_gold_v1' retrieved from /opt/airflow/dags/weather_gold_v1.py
[2025-10-13T11:07:52.635+0000] {logging_mixin.py:188} INFO - [2025-10-13T11:07:52.635+0000] {dag.py:3047} INFO - Sync 1 DAGs
[2025-10-13T11:07:52.701+0000] {logging_mixin.py:188} INFO - [2025-10-13T11:07:52.700+0000] {dag.py:3834} INFO - Setting next_dagrun for weather_gold_v1 to 2025-10-12 00:00:00+00:00, run_after=2025-10-19 00:00:00+00:00
[2025-10-13T11:07:52.786+0000] {processor.py:183} INFO - Processing /opt/airflow/dags/weather_gold_v1.py took 0.293 seconds
[2025-10-13T11:08:23.334+0000] {processor.py:161} INFO - Started process (PID=8789) to work on /opt/airflow/dags/weather_gold_v1.py
[2025-10-13T11:08:23.335+0000] {processor.py:830} INFO - Processing file /opt/airflow/dags/weather_gold_v1.py for tasks to queue
[2025-10-13T11:08:23.337+0000] {logging_mixin.py:188} INFO - [2025-10-13T11:08:23.337+0000] {dagbag.py:540} INFO - Filling up the DagBag from /opt/airflow/dags/weather_gold_v1.py
[2025-10-13T11:08:23.367+0000] {processor.py:840} INFO - DAG(s) 'weather_gold_v1' retrieved from /opt/airflow/dags/weather_gold_v1.py
[2025-10-13T11:08:23.441+0000] {logging_mixin.py:188} INFO - [2025-10-13T11:08:23.440+0000] {dag.py:3047} INFO - Sync 1 DAGs
[2025-10-13T11:08:23.484+0000] {logging_mixin.py:188} INFO - [2025-10-13T11:08:23.484+0000] {dag.py:3834} INFO - Setting next_dagrun for weather_gold_v1 to 2025-10-12 00:00:00+00:00, run_after=2025-10-19 00:00:00+00:00
[2025-10-13T11:08:23.543+0000] {processor.py:183} INFO - Processing /opt/airflow/dags/weather_gold_v1.py took 0.215 seconds
[2025-10-13T11:08:53.659+0000] {processor.py:161} INFO - Started process (PID=8804) to work on /opt/airflow/dags/weather_gold_v1.py
[2025-10-13T11:08:53.662+0000] {processor.py:830} INFO - Processing file /opt/airflow/dags/weather_gold_v1.py for tasks to queue
[2025-10-13T11:08:53.665+0000] {logging_mixin.py:188} INFO - [2025-10-13T11:08:53.664+0000] {dagbag.py:540} INFO - Filling up the DagBag from /opt/airflow/dags/weather_gold_v1.py
[2025-10-13T11:08:53.707+0000] {processor.py:840} INFO - DAG(s) 'weather_gold_v1' retrieved from /opt/airflow/dags/weather_gold_v1.py
[2025-10-13T11:08:53.832+0000] {logging_mixin.py:188} INFO - [2025-10-13T11:08:53.831+0000] {dag.py:3047} INFO - Sync 1 DAGs
[2025-10-13T11:08:53.896+0000] {logging_mixin.py:188} INFO - [2025-10-13T11:08:53.895+0000] {dag.py:3834} INFO - Setting next_dagrun for weather_gold_v1 to 2025-10-12 00:00:00+00:00, run_after=2025-10-19 00:00:00+00:00
[2025-10-13T11:08:53.982+0000] {processor.py:183} INFO - Processing /opt/airflow/dags/weather_gold_v1.py took 0.329 seconds
[2025-10-13T11:09:24.634+0000] {processor.py:161} INFO - Started process (PID=8819) to work on /opt/airflow/dags/weather_gold_v1.py
[2025-10-13T11:09:24.637+0000] {processor.py:830} INFO - Processing file /opt/airflow/dags/weather_gold_v1.py for tasks to queue
[2025-10-13T11:09:24.640+0000] {logging_mixin.py:188} INFO - [2025-10-13T11:09:24.639+0000] {dagbag.py:540} INFO - Filling up the DagBag from /opt/airflow/dags/weather_gold_v1.py
[2025-10-13T11:09:24.693+0000] {processor.py:840} INFO - DAG(s) 'weather_gold_v1' retrieved from /opt/airflow/dags/weather_gold_v1.py
[2025-10-13T11:09:24.797+0000] {logging_mixin.py:188} INFO - [2025-10-13T11:09:24.796+0000] {dag.py:3047} INFO - Sync 1 DAGs
[2025-10-13T11:09:24.857+0000] {logging_mixin.py:188} INFO - [2025-10-13T11:09:24.857+0000] {dag.py:3834} INFO - Setting next_dagrun for weather_gold_v1 to 2025-10-12 00:00:00+00:00, run_after=2025-10-19 00:00:00+00:00
[2025-10-13T11:09:24.936+0000] {processor.py:183} INFO - Processing /opt/airflow/dags/weather_gold_v1.py took 0.314 seconds
[2025-10-13T11:09:55.729+0000] {processor.py:161} INFO - Started process (PID=8834) to work on /opt/airflow/dags/weather_gold_v1.py
[2025-10-13T11:09:55.732+0000] {processor.py:830} INFO - Processing file /opt/airflow/dags/weather_gold_v1.py for tasks to queue
[2025-10-13T11:09:55.734+0000] {logging_mixin.py:188} INFO - [2025-10-13T11:09:55.733+0000] {dagbag.py:540} INFO - Filling up the DagBag from /opt/airflow/dags/weather_gold_v1.py
[2025-10-13T11:09:55.812+0000] {processor.py:840} INFO - DAG(s) 'weather_gold_v1' retrieved from /opt/airflow/dags/weather_gold_v1.py
[2025-10-13T11:09:55.946+0000] {logging_mixin.py:188} INFO - [2025-10-13T11:09:55.946+0000] {dag.py:3047} INFO - Sync 1 DAGs
[2025-10-13T11:09:56.021+0000] {logging_mixin.py:188} INFO - [2025-10-13T11:09:56.020+0000] {dag.py:3834} INFO - Setting next_dagrun for weather_gold_v1 to 2025-10-12 00:00:00+00:00, run_after=2025-10-19 00:00:00+00:00
[2025-10-13T11:09:56.222+0000] {processor.py:183} INFO - Processing /opt/airflow/dags/weather_gold_v1.py took 0.514 seconds
[2025-10-13T11:10:26.884+0000] {processor.py:161} INFO - Started process (PID=8849) to work on /opt/airflow/dags/weather_gold_v1.py
[2025-10-13T11:10:26.886+0000] {processor.py:830} INFO - Processing file /opt/airflow/dags/weather_gold_v1.py for tasks to queue
[2025-10-13T11:10:26.888+0000] {logging_mixin.py:188} INFO - [2025-10-13T11:10:26.887+0000] {dagbag.py:540} INFO - Filling up the DagBag from /opt/airflow/dags/weather_gold_v1.py
[2025-10-13T11:10:26.928+0000] {processor.py:840} INFO - DAG(s) 'weather_gold_v1' retrieved from /opt/airflow/dags/weather_gold_v1.py
[2025-10-13T11:10:27.019+0000] {logging_mixin.py:188} INFO - [2025-10-13T11:10:27.018+0000] {dag.py:3047} INFO - Sync 1 DAGs
[2025-10-13T11:10:27.075+0000] {logging_mixin.py:188} INFO - [2025-10-13T11:10:27.075+0000] {dag.py:3834} INFO - Setting next_dagrun for weather_gold_v1 to 2025-10-12 00:00:00+00:00, run_after=2025-10-19 00:00:00+00:00
[2025-10-13T11:10:27.144+0000] {processor.py:183} INFO - Processing /opt/airflow/dags/weather_gold_v1.py took 0.266 seconds
[2025-10-13T11:10:57.684+0000] {processor.py:161} INFO - Started process (PID=8864) to work on /opt/airflow/dags/weather_gold_v1.py
[2025-10-13T11:10:57.689+0000] {processor.py:830} INFO - Processing file /opt/airflow/dags/weather_gold_v1.py for tasks to queue
[2025-10-13T11:10:57.693+0000] {logging_mixin.py:188} INFO - [2025-10-13T11:10:57.692+0000] {dagbag.py:540} INFO - Filling up the DagBag from /opt/airflow/dags/weather_gold_v1.py
[2025-10-13T11:10:57.747+0000] {processor.py:840} INFO - DAG(s) 'weather_gold_v1' retrieved from /opt/airflow/dags/weather_gold_v1.py
[2025-10-13T11:10:57.860+0000] {logging_mixin.py:188} INFO - [2025-10-13T11:10:57.859+0000] {dag.py:3047} INFO - Sync 1 DAGs
[2025-10-13T11:10:57.932+0000] {logging_mixin.py:188} INFO - [2025-10-13T11:10:57.931+0000] {dag.py:3834} INFO - Setting next_dagrun for weather_gold_v1 to 2025-10-12 00:00:00+00:00, run_after=2025-10-19 00:00:00+00:00
[2025-10-13T11:10:58.024+0000] {processor.py:183} INFO - Processing /opt/airflow/dags/weather_gold_v1.py took 0.347 seconds
[2025-10-13T11:11:28.646+0000] {processor.py:161} INFO - Started process (PID=8879) to work on /opt/airflow/dags/weather_gold_v1.py
[2025-10-13T11:11:28.649+0000] {processor.py:830} INFO - Processing file /opt/airflow/dags/weather_gold_v1.py for tasks to queue
[2025-10-13T11:11:28.652+0000] {logging_mixin.py:188} INFO - [2025-10-13T11:11:28.651+0000] {dagbag.py:540} INFO - Filling up the DagBag from /opt/airflow/dags/weather_gold_v1.py
[2025-10-13T11:11:28.693+0000] {processor.py:840} INFO - DAG(s) 'weather_gold_v1' retrieved from /opt/airflow/dags/weather_gold_v1.py
[2025-10-13T11:11:28.868+0000] {logging_mixin.py:188} INFO - [2025-10-13T11:11:28.868+0000] {dag.py:3047} INFO - Sync 1 DAGs
[2025-10-13T11:11:28.934+0000] {logging_mixin.py:188} INFO - [2025-10-13T11:11:28.933+0000] {dag.py:3834} INFO - Setting next_dagrun for weather_gold_v1 to 2025-10-12 00:00:00+00:00, run_after=2025-10-19 00:00:00+00:00
[2025-10-13T11:11:29.017+0000] {processor.py:183} INFO - Processing /opt/airflow/dags/weather_gold_v1.py took 0.379 seconds
[2025-10-13T11:11:59.214+0000] {processor.py:161} INFO - Started process (PID=8894) to work on /opt/airflow/dags/weather_gold_v1.py
[2025-10-13T11:11:59.217+0000] {processor.py:830} INFO - Processing file /opt/airflow/dags/weather_gold_v1.py for tasks to queue
[2025-10-13T11:11:59.220+0000] {logging_mixin.py:188} INFO - [2025-10-13T11:11:59.219+0000] {dagbag.py:540} INFO - Filling up the DagBag from /opt/airflow/dags/weather_gold_v1.py
[2025-10-13T11:11:59.270+0000] {processor.py:840} INFO - DAG(s) 'weather_gold_v1' retrieved from /opt/airflow/dags/weather_gold_v1.py
[2025-10-13T11:11:59.353+0000] {logging_mixin.py:188} INFO - [2025-10-13T11:11:59.352+0000] {dag.py:3047} INFO - Sync 1 DAGs
[2025-10-13T11:11:59.414+0000] {logging_mixin.py:188} INFO - [2025-10-13T11:11:59.413+0000] {dag.py:3834} INFO - Setting next_dagrun for weather_gold_v1 to 2025-10-12 00:00:00+00:00, run_after=2025-10-19 00:00:00+00:00
[2025-10-13T11:11:59.495+0000] {processor.py:183} INFO - Processing /opt/airflow/dags/weather_gold_v1.py took 0.289 seconds
[2025-10-13T11:12:30.062+0000] {processor.py:161} INFO - Started process (PID=8909) to work on /opt/airflow/dags/weather_gold_v1.py
[2025-10-13T11:12:30.064+0000] {processor.py:830} INFO - Processing file /opt/airflow/dags/weather_gold_v1.py for tasks to queue
[2025-10-13T11:12:30.066+0000] {logging_mixin.py:188} INFO - [2025-10-13T11:12:30.065+0000] {dagbag.py:540} INFO - Filling up the DagBag from /opt/airflow/dags/weather_gold_v1.py
[2025-10-13T11:12:30.101+0000] {processor.py:840} INFO - DAG(s) 'weather_gold_v1' retrieved from /opt/airflow/dags/weather_gold_v1.py
[2025-10-13T11:12:30.180+0000] {logging_mixin.py:188} INFO - [2025-10-13T11:12:30.180+0000] {dag.py:3047} INFO - Sync 1 DAGs
[2025-10-13T11:12:30.326+0000] {logging_mixin.py:188} INFO - [2025-10-13T11:12:30.322+0000] {dag.py:3834} INFO - Setting next_dagrun for weather_gold_v1 to 2025-10-12 00:00:00+00:00, run_after=2025-10-19 00:00:00+00:00
[2025-10-13T11:12:30.634+0000] {processor.py:183} INFO - Processing /opt/airflow/dags/weather_gold_v1.py took 0.576 seconds
[2025-10-13T11:13:01.330+0000] {processor.py:161} INFO - Started process (PID=8924) to work on /opt/airflow/dags/weather_gold_v1.py
[2025-10-13T11:13:01.333+0000] {processor.py:830} INFO - Processing file /opt/airflow/dags/weather_gold_v1.py for tasks to queue
[2025-10-13T11:13:01.336+0000] {logging_mixin.py:188} INFO - [2025-10-13T11:13:01.335+0000] {dagbag.py:540} INFO - Filling up the DagBag from /opt/airflow/dags/weather_gold_v1.py
[2025-10-13T11:13:01.390+0000] {processor.py:840} INFO - DAG(s) 'weather_gold_v1' retrieved from /opt/airflow/dags/weather_gold_v1.py
[2025-10-13T11:13:01.531+0000] {logging_mixin.py:188} INFO - [2025-10-13T11:13:01.530+0000] {dag.py:3047} INFO - Sync 1 DAGs
[2025-10-13T11:13:01.610+0000] {logging_mixin.py:188} INFO - [2025-10-13T11:13:01.610+0000] {dag.py:3834} INFO - Setting next_dagrun for weather_gold_v1 to 2025-10-12 00:00:00+00:00, run_after=2025-10-19 00:00:00+00:00
[2025-10-13T11:13:01.713+0000] {processor.py:183} INFO - Processing /opt/airflow/dags/weather_gold_v1.py took 0.390 seconds
[2025-10-13T11:13:32.480+0000] {processor.py:161} INFO - Started process (PID=8939) to work on /opt/airflow/dags/weather_gold_v1.py
[2025-10-13T11:13:32.483+0000] {processor.py:830} INFO - Processing file /opt/airflow/dags/weather_gold_v1.py for tasks to queue
[2025-10-13T11:13:32.486+0000] {logging_mixin.py:188} INFO - [2025-10-13T11:13:32.485+0000] {dagbag.py:540} INFO - Filling up the DagBag from /opt/airflow/dags/weather_gold_v1.py
[2025-10-13T11:13:32.531+0000] {processor.py:840} INFO - DAG(s) 'weather_gold_v1' retrieved from /opt/airflow/dags/weather_gold_v1.py
[2025-10-13T11:13:32.666+0000] {logging_mixin.py:188} INFO - [2025-10-13T11:13:32.665+0000] {dag.py:3047} INFO - Sync 1 DAGs
[2025-10-13T11:13:32.755+0000] {logging_mixin.py:188} INFO - [2025-10-13T11:13:32.755+0000] {dag.py:3834} INFO - Setting next_dagrun for weather_gold_v1 to 2025-10-12 00:00:00+00:00, run_after=2025-10-19 00:00:00+00:00
[2025-10-13T11:13:32.860+0000] {processor.py:183} INFO - Processing /opt/airflow/dags/weather_gold_v1.py took 0.394 seconds
[2025-10-13T11:14:03.627+0000] {processor.py:161} INFO - Started process (PID=8954) to work on /opt/airflow/dags/weather_gold_v1.py
[2025-10-13T11:14:03.630+0000] {processor.py:830} INFO - Processing file /opt/airflow/dags/weather_gold_v1.py for tasks to queue
[2025-10-13T11:14:03.631+0000] {logging_mixin.py:188} INFO - [2025-10-13T11:14:03.631+0000] {dagbag.py:540} INFO - Filling up the DagBag from /opt/airflow/dags/weather_gold_v1.py
[2025-10-13T11:14:03.686+0000] {processor.py:840} INFO - DAG(s) 'weather_gold_v1' retrieved from /opt/airflow/dags/weather_gold_v1.py
[2025-10-13T11:14:03.820+0000] {logging_mixin.py:188} INFO - [2025-10-13T11:14:03.819+0000] {dag.py:3047} INFO - Sync 1 DAGs
[2025-10-13T11:14:03.874+0000] {logging_mixin.py:188} INFO - [2025-10-13T11:14:03.874+0000] {dag.py:3834} INFO - Setting next_dagrun for weather_gold_v1 to 2025-10-12 00:00:00+00:00, run_after=2025-10-19 00:00:00+00:00
[2025-10-13T11:14:03.939+0000] {processor.py:183} INFO - Processing /opt/airflow/dags/weather_gold_v1.py took 0.318 seconds
[2025-10-13T11:14:34.498+0000] {processor.py:161} INFO - Started process (PID=8969) to work on /opt/airflow/dags/weather_gold_v1.py
[2025-10-13T11:14:34.504+0000] {processor.py:830} INFO - Processing file /opt/airflow/dags/weather_gold_v1.py for tasks to queue
[2025-10-13T11:14:34.507+0000] {logging_mixin.py:188} INFO - [2025-10-13T11:14:34.506+0000] {dagbag.py:540} INFO - Filling up the DagBag from /opt/airflow/dags/weather_gold_v1.py
[2025-10-13T11:14:34.582+0000] {processor.py:840} INFO - DAG(s) 'weather_gold_v1' retrieved from /opt/airflow/dags/weather_gold_v1.py
[2025-10-13T11:14:34.706+0000] {logging_mixin.py:188} INFO - [2025-10-13T11:14:34.706+0000] {dag.py:3047} INFO - Sync 1 DAGs
[2025-10-13T11:14:34.803+0000] {logging_mixin.py:188} INFO - [2025-10-13T11:14:34.801+0000] {dag.py:3834} INFO - Setting next_dagrun for weather_gold_v1 to 2025-10-12 00:00:00+00:00, run_after=2025-10-19 00:00:00+00:00
[2025-10-13T11:14:34.938+0000] {processor.py:183} INFO - Processing /opt/airflow/dags/weather_gold_v1.py took 0.452 seconds
[2025-10-13T11:15:05.337+0000] {processor.py:161} INFO - Started process (PID=8984) to work on /opt/airflow/dags/weather_gold_v1.py
[2025-10-13T11:15:05.340+0000] {processor.py:830} INFO - Processing file /opt/airflow/dags/weather_gold_v1.py for tasks to queue
[2025-10-13T11:15:05.341+0000] {logging_mixin.py:188} INFO - [2025-10-13T11:15:05.341+0000] {dagbag.py:540} INFO - Filling up the DagBag from /opt/airflow/dags/weather_gold_v1.py
[2025-10-13T11:15:05.386+0000] {processor.py:840} INFO - DAG(s) 'weather_gold_v1' retrieved from /opt/airflow/dags/weather_gold_v1.py
[2025-10-13T11:15:05.495+0000] {logging_mixin.py:188} INFO - [2025-10-13T11:15:05.495+0000] {dag.py:3047} INFO - Sync 1 DAGs
[2025-10-13T11:15:05.550+0000] {logging_mixin.py:188} INFO - [2025-10-13T11:15:05.550+0000] {dag.py:3834} INFO - Setting next_dagrun for weather_gold_v1 to 2025-10-12 00:00:00+00:00, run_after=2025-10-19 00:00:00+00:00
[2025-10-13T11:15:05.619+0000] {processor.py:183} INFO - Processing /opt/airflow/dags/weather_gold_v1.py took 0.286 seconds
[2025-10-13T11:15:36.055+0000] {processor.py:161} INFO - Started process (PID=8999) to work on /opt/airflow/dags/weather_gold_v1.py
[2025-10-13T11:15:36.058+0000] {processor.py:830} INFO - Processing file /opt/airflow/dags/weather_gold_v1.py for tasks to queue
[2025-10-13T11:15:36.060+0000] {logging_mixin.py:188} INFO - [2025-10-13T11:15:36.059+0000] {dagbag.py:540} INFO - Filling up the DagBag from /opt/airflow/dags/weather_gold_v1.py
[2025-10-13T11:15:36.093+0000] {processor.py:840} INFO - DAG(s) 'weather_gold_v1' retrieved from /opt/airflow/dags/weather_gold_v1.py
[2025-10-13T11:15:36.170+0000] {logging_mixin.py:188} INFO - [2025-10-13T11:15:36.170+0000] {dag.py:3047} INFO - Sync 1 DAGs
[2025-10-13T11:15:36.218+0000] {logging_mixin.py:188} INFO - [2025-10-13T11:15:36.217+0000] {dag.py:3834} INFO - Setting next_dagrun for weather_gold_v1 to 2025-10-12 00:00:00+00:00, run_after=2025-10-19 00:00:00+00:00
[2025-10-13T11:15:36.319+0000] {processor.py:183} INFO - Processing /opt/airflow/dags/weather_gold_v1.py took 0.268 seconds
[2025-10-13T11:16:06.814+0000] {processor.py:161} INFO - Started process (PID=9014) to work on /opt/airflow/dags/weather_gold_v1.py
[2025-10-13T11:16:06.816+0000] {processor.py:830} INFO - Processing file /opt/airflow/dags/weather_gold_v1.py for tasks to queue
[2025-10-13T11:16:06.817+0000] {logging_mixin.py:188} INFO - [2025-10-13T11:16:06.817+0000] {dagbag.py:540} INFO - Filling up the DagBag from /opt/airflow/dags/weather_gold_v1.py
[2025-10-13T11:16:06.845+0000] {processor.py:840} INFO - DAG(s) 'weather_gold_v1' retrieved from /opt/airflow/dags/weather_gold_v1.py
[2025-10-13T11:16:06.897+0000] {logging_mixin.py:188} INFO - [2025-10-13T11:16:06.897+0000] {dag.py:3047} INFO - Sync 1 DAGs
[2025-10-13T11:16:06.939+0000] {logging_mixin.py:188} INFO - [2025-10-13T11:16:06.938+0000] {dag.py:3834} INFO - Setting next_dagrun for weather_gold_v1 to 2025-10-12 00:00:00+00:00, run_after=2025-10-19 00:00:00+00:00
[2025-10-13T11:16:07.013+0000] {processor.py:183} INFO - Processing /opt/airflow/dags/weather_gold_v1.py took 0.203 seconds
[2025-10-13T11:16:37.376+0000] {processor.py:161} INFO - Started process (PID=9029) to work on /opt/airflow/dags/weather_gold_v1.py
[2025-10-13T11:16:37.378+0000] {processor.py:830} INFO - Processing file /opt/airflow/dags/weather_gold_v1.py for tasks to queue
[2025-10-13T11:16:37.380+0000] {logging_mixin.py:188} INFO - [2025-10-13T11:16:37.379+0000] {dagbag.py:540} INFO - Filling up the DagBag from /opt/airflow/dags/weather_gold_v1.py
[2025-10-13T11:16:37.410+0000] {processor.py:840} INFO - DAG(s) 'weather_gold_v1' retrieved from /opt/airflow/dags/weather_gold_v1.py
[2025-10-13T11:16:37.486+0000] {logging_mixin.py:188} INFO - [2025-10-13T11:16:37.485+0000] {dag.py:3047} INFO - Sync 1 DAGs
[2025-10-13T11:16:37.538+0000] {logging_mixin.py:188} INFO - [2025-10-13T11:16:37.538+0000] {dag.py:3834} INFO - Setting next_dagrun for weather_gold_v1 to 2025-10-12 00:00:00+00:00, run_after=2025-10-19 00:00:00+00:00
[2025-10-13T11:16:37.594+0000] {processor.py:183} INFO - Processing /opt/airflow/dags/weather_gold_v1.py took 0.221 seconds
[2025-10-13T11:17:07.850+0000] {processor.py:161} INFO - Started process (PID=9044) to work on /opt/airflow/dags/weather_gold_v1.py
[2025-10-13T11:17:07.870+0000] {processor.py:830} INFO - Processing file /opt/airflow/dags/weather_gold_v1.py for tasks to queue
[2025-10-13T11:17:07.879+0000] {logging_mixin.py:188} INFO - [2025-10-13T11:17:07.877+0000] {dagbag.py:540} INFO - Filling up the DagBag from /opt/airflow/dags/weather_gold_v1.py
[2025-10-13T11:17:07.929+0000] {processor.py:840} INFO - DAG(s) 'weather_gold_v1' retrieved from /opt/airflow/dags/weather_gold_v1.py
[2025-10-13T11:17:08.022+0000] {logging_mixin.py:188} INFO - [2025-10-13T11:17:08.021+0000] {dag.py:3047} INFO - Sync 1 DAGs
[2025-10-13T11:17:08.090+0000] {logging_mixin.py:188} INFO - [2025-10-13T11:17:08.090+0000] {dag.py:3834} INFO - Setting next_dagrun for weather_gold_v1 to 2025-10-12 00:00:00+00:00, run_after=2025-10-19 00:00:00+00:00
[2025-10-13T11:17:08.166+0000] {processor.py:183} INFO - Processing /opt/airflow/dags/weather_gold_v1.py took 0.422 seconds
[2025-10-13T11:17:38.587+0000] {processor.py:161} INFO - Started process (PID=9059) to work on /opt/airflow/dags/weather_gold_v1.py
[2025-10-13T11:17:38.591+0000] {processor.py:830} INFO - Processing file /opt/airflow/dags/weather_gold_v1.py for tasks to queue
[2025-10-13T11:17:38.593+0000] {logging_mixin.py:188} INFO - [2025-10-13T11:17:38.592+0000] {dagbag.py:540} INFO - Filling up the DagBag from /opt/airflow/dags/weather_gold_v1.py
[2025-10-13T11:17:38.624+0000] {processor.py:840} INFO - DAG(s) 'weather_gold_v1' retrieved from /opt/airflow/dags/weather_gold_v1.py
[2025-10-13T11:17:38.685+0000] {logging_mixin.py:188} INFO - [2025-10-13T11:17:38.685+0000] {dag.py:3047} INFO - Sync 1 DAGs
[2025-10-13T11:17:38.734+0000] {logging_mixin.py:188} INFO - [2025-10-13T11:17:38.733+0000] {dag.py:3834} INFO - Setting next_dagrun for weather_gold_v1 to 2025-10-12 00:00:00+00:00, run_after=2025-10-19 00:00:00+00:00
[2025-10-13T11:17:38.818+0000] {processor.py:183} INFO - Processing /opt/airflow/dags/weather_gold_v1.py took 0.235 seconds
[2025-10-13T11:18:09.235+0000] {processor.py:161} INFO - Started process (PID=9074) to work on /opt/airflow/dags/weather_gold_v1.py
[2025-10-13T11:18:09.237+0000] {processor.py:830} INFO - Processing file /opt/airflow/dags/weather_gold_v1.py for tasks to queue
[2025-10-13T11:18:09.239+0000] {logging_mixin.py:188} INFO - [2025-10-13T11:18:09.238+0000] {dagbag.py:540} INFO - Filling up the DagBag from /opt/airflow/dags/weather_gold_v1.py
[2025-10-13T11:18:09.296+0000] {processor.py:840} INFO - DAG(s) 'weather_gold_v1' retrieved from /opt/airflow/dags/weather_gold_v1.py
[2025-10-13T11:18:09.374+0000] {logging_mixin.py:188} INFO - [2025-10-13T11:18:09.374+0000] {dag.py:3047} INFO - Sync 1 DAGs
[2025-10-13T11:18:09.429+0000] {logging_mixin.py:188} INFO - [2025-10-13T11:18:09.428+0000] {dag.py:3834} INFO - Setting next_dagrun for weather_gold_v1 to 2025-10-12 00:00:00+00:00, run_after=2025-10-19 00:00:00+00:00
[2025-10-13T11:18:09.491+0000] {processor.py:183} INFO - Processing /opt/airflow/dags/weather_gold_v1.py took 0.262 seconds
[2025-10-13T11:18:39.921+0000] {processor.py:161} INFO - Started process (PID=9089) to work on /opt/airflow/dags/weather_gold_v1.py
[2025-10-13T11:18:39.923+0000] {processor.py:830} INFO - Processing file /opt/airflow/dags/weather_gold_v1.py for tasks to queue
[2025-10-13T11:18:39.925+0000] {logging_mixin.py:188} INFO - [2025-10-13T11:18:39.924+0000] {dagbag.py:540} INFO - Filling up the DagBag from /opt/airflow/dags/weather_gold_v1.py
[2025-10-13T11:18:39.952+0000] {processor.py:840} INFO - DAG(s) 'weather_gold_v1' retrieved from /opt/airflow/dags/weather_gold_v1.py
[2025-10-13T11:18:40.016+0000] {logging_mixin.py:188} INFO - [2025-10-13T11:18:40.016+0000] {dag.py:3047} INFO - Sync 1 DAGs
[2025-10-13T11:18:40.066+0000] {logging_mixin.py:188} INFO - [2025-10-13T11:18:40.065+0000] {dag.py:3834} INFO - Setting next_dagrun for weather_gold_v1 to 2025-10-12 00:00:00+00:00, run_after=2025-10-19 00:00:00+00:00
[2025-10-13T11:18:40.126+0000] {processor.py:183} INFO - Processing /opt/airflow/dags/weather_gold_v1.py took 0.210 seconds
[2025-10-13T11:19:10.813+0000] {processor.py:161} INFO - Started process (PID=9104) to work on /opt/airflow/dags/weather_gold_v1.py
[2025-10-13T11:19:10.817+0000] {processor.py:830} INFO - Processing file /opt/airflow/dags/weather_gold_v1.py for tasks to queue
[2025-10-13T11:19:10.821+0000] {logging_mixin.py:188} INFO - [2025-10-13T11:19:10.820+0000] {dagbag.py:540} INFO - Filling up the DagBag from /opt/airflow/dags/weather_gold_v1.py
[2025-10-13T11:19:10.914+0000] {processor.py:840} INFO - DAG(s) 'weather_gold_v1' retrieved from /opt/airflow/dags/weather_gold_v1.py
[2025-10-13T11:19:11.831+0000] {logging_mixin.py:188} INFO - [2025-10-13T11:19:11.831+0000] {dag.py:3047} INFO - Sync 1 DAGs
[2025-10-13T11:19:11.922+0000] {logging_mixin.py:188} INFO - [2025-10-13T11:19:11.921+0000] {dag.py:3834} INFO - Setting next_dagrun for weather_gold_v1 to 2025-10-12 00:00:00+00:00, run_after=2025-10-19 00:00:00+00:00
[2025-10-13T11:19:12.065+0000] {processor.py:183} INFO - Processing /opt/airflow/dags/weather_gold_v1.py took 1.273 seconds
[2025-10-13T11:19:42.476+0000] {processor.py:161} INFO - Started process (PID=9119) to work on /opt/airflow/dags/weather_gold_v1.py
[2025-10-13T11:19:42.477+0000] {processor.py:830} INFO - Processing file /opt/airflow/dags/weather_gold_v1.py for tasks to queue
[2025-10-13T11:19:42.479+0000] {logging_mixin.py:188} INFO - [2025-10-13T11:19:42.479+0000] {dagbag.py:540} INFO - Filling up the DagBag from /opt/airflow/dags/weather_gold_v1.py
[2025-10-13T11:19:42.510+0000] {processor.py:840} INFO - DAG(s) 'weather_gold_v1' retrieved from /opt/airflow/dags/weather_gold_v1.py
[2025-10-13T11:19:42.588+0000] {logging_mixin.py:188} INFO - [2025-10-13T11:19:42.588+0000] {dag.py:3047} INFO - Sync 1 DAGs
[2025-10-13T11:19:42.652+0000] {logging_mixin.py:188} INFO - [2025-10-13T11:19:42.652+0000] {dag.py:3834} INFO - Setting next_dagrun for weather_gold_v1 to 2025-10-12 00:00:00+00:00, run_after=2025-10-19 00:00:00+00:00
[2025-10-13T11:19:42.712+0000] {processor.py:183} INFO - Processing /opt/airflow/dags/weather_gold_v1.py took 0.239 seconds
[2025-10-13T11:20:13.157+0000] {processor.py:161} INFO - Started process (PID=9134) to work on /opt/airflow/dags/weather_gold_v1.py
[2025-10-13T11:20:13.158+0000] {processor.py:830} INFO - Processing file /opt/airflow/dags/weather_gold_v1.py for tasks to queue
[2025-10-13T11:20:13.160+0000] {logging_mixin.py:188} INFO - [2025-10-13T11:20:13.160+0000] {dagbag.py:540} INFO - Filling up the DagBag from /opt/airflow/dags/weather_gold_v1.py
[2025-10-13T11:20:13.190+0000] {processor.py:840} INFO - DAG(s) 'weather_gold_v1' retrieved from /opt/airflow/dags/weather_gold_v1.py
[2025-10-13T11:20:13.256+0000] {logging_mixin.py:188} INFO - [2025-10-13T11:20:13.256+0000] {dag.py:3047} INFO - Sync 1 DAGs
[2025-10-13T11:20:13.298+0000] {logging_mixin.py:188} INFO - [2025-10-13T11:20:13.298+0000] {dag.py:3834} INFO - Setting next_dagrun for weather_gold_v1 to 2025-10-12 00:00:00+00:00, run_after=2025-10-19 00:00:00+00:00
[2025-10-13T11:20:13.360+0000] {processor.py:183} INFO - Processing /opt/airflow/dags/weather_gold_v1.py took 0.215 seconds
[2025-10-13T11:20:43.819+0000] {processor.py:161} INFO - Started process (PID=9149) to work on /opt/airflow/dags/weather_gold_v1.py
[2025-10-13T11:20:43.821+0000] {processor.py:830} INFO - Processing file /opt/airflow/dags/weather_gold_v1.py for tasks to queue
[2025-10-13T11:20:43.822+0000] {logging_mixin.py:188} INFO - [2025-10-13T11:20:43.822+0000] {dagbag.py:540} INFO - Filling up the DagBag from /opt/airflow/dags/weather_gold_v1.py
[2025-10-13T11:20:43.848+0000] {processor.py:840} INFO - DAG(s) 'weather_gold_v1' retrieved from /opt/airflow/dags/weather_gold_v1.py
[2025-10-13T11:20:43.908+0000] {logging_mixin.py:188} INFO - [2025-10-13T11:20:43.908+0000] {dag.py:3047} INFO - Sync 1 DAGs
[2025-10-13T11:20:43.956+0000] {logging_mixin.py:188} INFO - [2025-10-13T11:20:43.955+0000] {dag.py:3834} INFO - Setting next_dagrun for weather_gold_v1 to 2025-10-12 00:00:00+00:00, run_after=2025-10-19 00:00:00+00:00
[2025-10-13T11:20:44.029+0000] {processor.py:183} INFO - Processing /opt/airflow/dags/weather_gold_v1.py took 0.213 seconds
[2025-10-13T11:21:14.414+0000] {processor.py:161} INFO - Started process (PID=9164) to work on /opt/airflow/dags/weather_gold_v1.py
[2025-10-13T11:21:14.416+0000] {processor.py:830} INFO - Processing file /opt/airflow/dags/weather_gold_v1.py for tasks to queue
[2025-10-13T11:21:14.418+0000] {logging_mixin.py:188} INFO - [2025-10-13T11:21:14.417+0000] {dagbag.py:540} INFO - Filling up the DagBag from /opt/airflow/dags/weather_gold_v1.py
[2025-10-13T11:21:14.446+0000] {processor.py:840} INFO - DAG(s) 'weather_gold_v1' retrieved from /opt/airflow/dags/weather_gold_v1.py
[2025-10-13T11:21:14.515+0000] {logging_mixin.py:188} INFO - [2025-10-13T11:21:14.515+0000] {dag.py:3047} INFO - Sync 1 DAGs
[2025-10-13T11:21:14.569+0000] {logging_mixin.py:188} INFO - [2025-10-13T11:21:14.569+0000] {dag.py:3834} INFO - Setting next_dagrun for weather_gold_v1 to 2025-10-12 00:00:00+00:00, run_after=2025-10-19 00:00:00+00:00
[2025-10-13T11:21:14.638+0000] {processor.py:183} INFO - Processing /opt/airflow/dags/weather_gold_v1.py took 0.227 seconds
[2025-10-13T11:21:45.062+0000] {processor.py:161} INFO - Started process (PID=9179) to work on /opt/airflow/dags/weather_gold_v1.py
[2025-10-13T11:21:45.063+0000] {processor.py:830} INFO - Processing file /opt/airflow/dags/weather_gold_v1.py for tasks to queue
[2025-10-13T11:21:45.065+0000] {logging_mixin.py:188} INFO - [2025-10-13T11:21:45.064+0000] {dagbag.py:540} INFO - Filling up the DagBag from /opt/airflow/dags/weather_gold_v1.py
[2025-10-13T11:21:45.091+0000] {processor.py:840} INFO - DAG(s) 'weather_gold_v1' retrieved from /opt/airflow/dags/weather_gold_v1.py
[2025-10-13T11:21:45.150+0000] {logging_mixin.py:188} INFO - [2025-10-13T11:21:45.150+0000] {dag.py:3047} INFO - Sync 1 DAGs
[2025-10-13T11:21:45.194+0000] {logging_mixin.py:188} INFO - [2025-10-13T11:21:45.193+0000] {dag.py:3834} INFO - Setting next_dagrun for weather_gold_v1 to 2025-10-12 00:00:00+00:00, run_after=2025-10-19 00:00:00+00:00
[2025-10-13T11:21:45.245+0000] {processor.py:183} INFO - Processing /opt/airflow/dags/weather_gold_v1.py took 0.187 seconds
[2025-10-13T11:22:15.608+0000] {processor.py:161} INFO - Started process (PID=9194) to work on /opt/airflow/dags/weather_gold_v1.py
[2025-10-13T11:22:15.610+0000] {processor.py:830} INFO - Processing file /opt/airflow/dags/weather_gold_v1.py for tasks to queue
[2025-10-13T11:22:15.611+0000] {logging_mixin.py:188} INFO - [2025-10-13T11:22:15.611+0000] {dagbag.py:540} INFO - Filling up the DagBag from /opt/airflow/dags/weather_gold_v1.py
[2025-10-13T11:22:15.640+0000] {processor.py:840} INFO - DAG(s) 'weather_gold_v1' retrieved from /opt/airflow/dags/weather_gold_v1.py
[2025-10-13T11:22:15.701+0000] {logging_mixin.py:188} INFO - [2025-10-13T11:22:15.701+0000] {dag.py:3047} INFO - Sync 1 DAGs
[2025-10-13T11:22:15.751+0000] {logging_mixin.py:188} INFO - [2025-10-13T11:22:15.751+0000] {dag.py:3834} INFO - Setting next_dagrun for weather_gold_v1 to 2025-10-12 00:00:00+00:00, run_after=2025-10-19 00:00:00+00:00
[2025-10-13T11:22:15.817+0000] {processor.py:183} INFO - Processing /opt/airflow/dags/weather_gold_v1.py took 0.213 seconds
[2025-10-13T11:22:46.200+0000] {processor.py:161} INFO - Started process (PID=9209) to work on /opt/airflow/dags/weather_gold_v1.py
[2025-10-13T11:22:46.202+0000] {processor.py:830} INFO - Processing file /opt/airflow/dags/weather_gold_v1.py for tasks to queue
[2025-10-13T11:22:46.204+0000] {logging_mixin.py:188} INFO - [2025-10-13T11:22:46.203+0000] {dagbag.py:540} INFO - Filling up the DagBag from /opt/airflow/dags/weather_gold_v1.py
[2025-10-13T11:22:46.233+0000] {processor.py:840} INFO - DAG(s) 'weather_gold_v1' retrieved from /opt/airflow/dags/weather_gold_v1.py
[2025-10-13T11:22:46.323+0000] {logging_mixin.py:188} INFO - [2025-10-13T11:22:46.322+0000] {dag.py:3047} INFO - Sync 1 DAGs
[2025-10-13T11:22:46.368+0000] {logging_mixin.py:188} INFO - [2025-10-13T11:22:46.367+0000] {dag.py:3834} INFO - Setting next_dagrun for weather_gold_v1 to 2025-10-12 00:00:00+00:00, run_after=2025-10-19 00:00:00+00:00
[2025-10-13T11:22:46.441+0000] {processor.py:183} INFO - Processing /opt/airflow/dags/weather_gold_v1.py took 0.245 seconds
[2025-10-13T11:23:16.916+0000] {processor.py:161} INFO - Started process (PID=9224) to work on /opt/airflow/dags/weather_gold_v1.py
[2025-10-13T11:23:16.918+0000] {processor.py:830} INFO - Processing file /opt/airflow/dags/weather_gold_v1.py for tasks to queue
[2025-10-13T11:23:16.921+0000] {logging_mixin.py:188} INFO - [2025-10-13T11:23:16.920+0000] {dagbag.py:540} INFO - Filling up the DagBag from /opt/airflow/dags/weather_gold_v1.py
[2025-10-13T11:23:16.956+0000] {processor.py:840} INFO - DAG(s) 'weather_gold_v1' retrieved from /opt/airflow/dags/weather_gold_v1.py
[2025-10-13T11:23:17.031+0000] {logging_mixin.py:188} INFO - [2025-10-13T11:23:17.031+0000] {dag.py:3047} INFO - Sync 1 DAGs
[2025-10-13T11:23:17.077+0000] {logging_mixin.py:188} INFO - [2025-10-13T11:23:17.077+0000] {dag.py:3834} INFO - Setting next_dagrun for weather_gold_v1 to 2025-10-12 00:00:00+00:00, run_after=2025-10-19 00:00:00+00:00
[2025-10-13T11:23:17.141+0000] {processor.py:183} INFO - Processing /opt/airflow/dags/weather_gold_v1.py took 0.230 seconds
[2025-10-13T11:23:47.775+0000] {processor.py:161} INFO - Started process (PID=9239) to work on /opt/airflow/dags/weather_gold_v1.py
[2025-10-13T11:23:47.777+0000] {processor.py:830} INFO - Processing file /opt/airflow/dags/weather_gold_v1.py for tasks to queue
[2025-10-13T11:23:47.779+0000] {logging_mixin.py:188} INFO - [2025-10-13T11:23:47.778+0000] {dagbag.py:540} INFO - Filling up the DagBag from /opt/airflow/dags/weather_gold_v1.py
[2025-10-13T11:23:47.808+0000] {processor.py:840} INFO - DAG(s) 'weather_gold_v1' retrieved from /opt/airflow/dags/weather_gold_v1.py
[2025-10-13T11:23:47.881+0000] {logging_mixin.py:188} INFO - [2025-10-13T11:23:47.881+0000] {dag.py:3047} INFO - Sync 1 DAGs
[2025-10-13T11:23:47.929+0000] {logging_mixin.py:188} INFO - [2025-10-13T11:23:47.929+0000] {dag.py:3834} INFO - Setting next_dagrun for weather_gold_v1 to 2025-10-12 00:00:00+00:00, run_after=2025-10-19 00:00:00+00:00
[2025-10-13T11:23:47.986+0000] {processor.py:183} INFO - Processing /opt/airflow/dags/weather_gold_v1.py took 0.214 seconds
[2025-10-13T11:24:18.411+0000] {processor.py:161} INFO - Started process (PID=9254) to work on /opt/airflow/dags/weather_gold_v1.py
[2025-10-13T11:24:18.413+0000] {processor.py:830} INFO - Processing file /opt/airflow/dags/weather_gold_v1.py for tasks to queue
[2025-10-13T11:24:18.414+0000] {logging_mixin.py:188} INFO - [2025-10-13T11:24:18.414+0000] {dagbag.py:540} INFO - Filling up the DagBag from /opt/airflow/dags/weather_gold_v1.py
[2025-10-13T11:24:18.443+0000] {processor.py:840} INFO - DAG(s) 'weather_gold_v1' retrieved from /opt/airflow/dags/weather_gold_v1.py
[2025-10-13T11:24:18.512+0000] {logging_mixin.py:188} INFO - [2025-10-13T11:24:18.512+0000] {dag.py:3047} INFO - Sync 1 DAGs
[2025-10-13T11:24:18.575+0000] {logging_mixin.py:188} INFO - [2025-10-13T11:24:18.574+0000] {dag.py:3834} INFO - Setting next_dagrun for weather_gold_v1 to 2025-10-12 00:00:00+00:00, run_after=2025-10-19 00:00:00+00:00
[2025-10-13T11:24:18.632+0000] {processor.py:183} INFO - Processing /opt/airflow/dags/weather_gold_v1.py took 0.224 seconds
[2025-10-13T11:24:49.053+0000] {processor.py:161} INFO - Started process (PID=9269) to work on /opt/airflow/dags/weather_gold_v1.py
[2025-10-13T11:24:49.055+0000] {processor.py:830} INFO - Processing file /opt/airflow/dags/weather_gold_v1.py for tasks to queue
[2025-10-13T11:24:49.056+0000] {logging_mixin.py:188} INFO - [2025-10-13T11:24:49.056+0000] {dagbag.py:540} INFO - Filling up the DagBag from /opt/airflow/dags/weather_gold_v1.py
[2025-10-13T11:24:49.084+0000] {processor.py:840} INFO - DAG(s) 'weather_gold_v1' retrieved from /opt/airflow/dags/weather_gold_v1.py
[2025-10-13T11:24:49.151+0000] {logging_mixin.py:188} INFO - [2025-10-13T11:24:49.150+0000] {dag.py:3047} INFO - Sync 1 DAGs
[2025-10-13T11:24:49.190+0000] {logging_mixin.py:188} INFO - [2025-10-13T11:24:49.189+0000] {dag.py:3834} INFO - Setting next_dagrun for weather_gold_v1 to 2025-10-12 00:00:00+00:00, run_after=2025-10-19 00:00:00+00:00
[2025-10-13T11:24:49.264+0000] {processor.py:183} INFO - Processing /opt/airflow/dags/weather_gold_v1.py took 0.215 seconds
[2025-10-13T11:25:19.684+0000] {processor.py:161} INFO - Started process (PID=9284) to work on /opt/airflow/dags/weather_gold_v1.py
[2025-10-13T11:25:19.685+0000] {processor.py:830} INFO - Processing file /opt/airflow/dags/weather_gold_v1.py for tasks to queue
[2025-10-13T11:25:19.693+0000] {logging_mixin.py:188} INFO - [2025-10-13T11:25:19.691+0000] {dagbag.py:540} INFO - Filling up the DagBag from /opt/airflow/dags/weather_gold_v1.py
[2025-10-13T11:25:19.740+0000] {processor.py:840} INFO - DAG(s) 'weather_gold_v1' retrieved from /opt/airflow/dags/weather_gold_v1.py
[2025-10-13T11:25:19.816+0000] {logging_mixin.py:188} INFO - [2025-10-13T11:25:19.816+0000] {dag.py:3047} INFO - Sync 1 DAGs
[2025-10-13T11:25:19.873+0000] {logging_mixin.py:188} INFO - [2025-10-13T11:25:19.873+0000] {dag.py:3834} INFO - Setting next_dagrun for weather_gold_v1 to 2025-10-12 00:00:00+00:00, run_after=2025-10-19 00:00:00+00:00
[2025-10-13T11:25:19.937+0000] {processor.py:183} INFO - Processing /opt/airflow/dags/weather_gold_v1.py took 0.256 seconds
[2025-10-13T11:25:50.379+0000] {processor.py:161} INFO - Started process (PID=9299) to work on /opt/airflow/dags/weather_gold_v1.py
[2025-10-13T11:25:50.381+0000] {processor.py:830} INFO - Processing file /opt/airflow/dags/weather_gold_v1.py for tasks to queue
[2025-10-13T11:25:50.383+0000] {logging_mixin.py:188} INFO - [2025-10-13T11:25:50.383+0000] {dagbag.py:540} INFO - Filling up the DagBag from /opt/airflow/dags/weather_gold_v1.py
[2025-10-13T11:25:50.432+0000] {processor.py:840} INFO - DAG(s) 'weather_gold_v1' retrieved from /opt/airflow/dags/weather_gold_v1.py
[2025-10-13T11:25:50.519+0000] {logging_mixin.py:188} INFO - [2025-10-13T11:25:50.518+0000] {dag.py:3047} INFO - Sync 1 DAGs
[2025-10-13T11:25:50.571+0000] {logging_mixin.py:188} INFO - [2025-10-13T11:25:50.570+0000] {dag.py:3834} INFO - Setting next_dagrun for weather_gold_v1 to 2025-10-12 00:00:00+00:00, run_after=2025-10-19 00:00:00+00:00
[2025-10-13T11:25:50.641+0000] {processor.py:183} INFO - Processing /opt/airflow/dags/weather_gold_v1.py took 0.267 seconds
[2025-10-13T11:26:21.197+0000] {processor.py:161} INFO - Started process (PID=9314) to work on /opt/airflow/dags/weather_gold_v1.py
[2025-10-13T11:26:21.202+0000] {processor.py:830} INFO - Processing file /opt/airflow/dags/weather_gold_v1.py for tasks to queue
[2025-10-13T11:26:21.204+0000] {logging_mixin.py:188} INFO - [2025-10-13T11:26:21.203+0000] {dagbag.py:540} INFO - Filling up the DagBag from /opt/airflow/dags/weather_gold_v1.py
[2025-10-13T11:26:21.251+0000] {processor.py:840} INFO - DAG(s) 'weather_gold_v1' retrieved from /opt/airflow/dags/weather_gold_v1.py
[2025-10-13T11:26:21.522+0000] {logging_mixin.py:188} INFO - [2025-10-13T11:26:21.522+0000] {dag.py:3047} INFO - Sync 1 DAGs
[2025-10-13T11:26:21.664+0000] {logging_mixin.py:188} INFO - [2025-10-13T11:26:21.663+0000] {dag.py:3834} INFO - Setting next_dagrun for weather_gold_v1 to 2025-10-12 00:00:00+00:00, run_after=2025-10-19 00:00:00+00:00
[2025-10-13T11:26:21.775+0000] {processor.py:183} INFO - Processing /opt/airflow/dags/weather_gold_v1.py took 0.583 seconds
[2025-10-13T11:26:52.215+0000] {processor.py:161} INFO - Started process (PID=9329) to work on /opt/airflow/dags/weather_gold_v1.py
[2025-10-13T11:26:52.216+0000] {processor.py:830} INFO - Processing file /opt/airflow/dags/weather_gold_v1.py for tasks to queue
[2025-10-13T11:26:52.218+0000] {logging_mixin.py:188} INFO - [2025-10-13T11:26:52.218+0000] {dagbag.py:540} INFO - Filling up the DagBag from /opt/airflow/dags/weather_gold_v1.py
[2025-10-13T11:26:52.253+0000] {processor.py:840} INFO - DAG(s) 'weather_gold_v1' retrieved from /opt/airflow/dags/weather_gold_v1.py
[2025-10-13T11:26:52.351+0000] {logging_mixin.py:188} INFO - [2025-10-13T11:26:52.351+0000] {dag.py:3047} INFO - Sync 1 DAGs
[2025-10-13T11:26:52.398+0000] {logging_mixin.py:188} INFO - [2025-10-13T11:26:52.398+0000] {dag.py:3834} INFO - Setting next_dagrun for weather_gold_v1 to 2025-10-12 00:00:00+00:00, run_after=2025-10-19 00:00:00+00:00
[2025-10-13T11:26:52.461+0000] {processor.py:183} INFO - Processing /opt/airflow/dags/weather_gold_v1.py took 0.256 seconds
[2025-10-13T11:27:22.902+0000] {processor.py:161} INFO - Started process (PID=9344) to work on /opt/airflow/dags/weather_gold_v1.py
[2025-10-13T11:27:22.904+0000] {processor.py:830} INFO - Processing file /opt/airflow/dags/weather_gold_v1.py for tasks to queue
[2025-10-13T11:27:22.907+0000] {logging_mixin.py:188} INFO - [2025-10-13T11:27:22.906+0000] {dagbag.py:540} INFO - Filling up the DagBag from /opt/airflow/dags/weather_gold_v1.py
[2025-10-13T11:27:22.934+0000] {processor.py:840} INFO - DAG(s) 'weather_gold_v1' retrieved from /opt/airflow/dags/weather_gold_v1.py
[2025-10-13T11:27:23.002+0000] {logging_mixin.py:188} INFO - [2025-10-13T11:27:23.002+0000] {dag.py:3047} INFO - Sync 1 DAGs
[2025-10-13T11:27:23.050+0000] {logging_mixin.py:188} INFO - [2025-10-13T11:27:23.050+0000] {dag.py:3834} INFO - Setting next_dagrun for weather_gold_v1 to 2025-10-12 00:00:00+00:00, run_after=2025-10-19 00:00:00+00:00
[2025-10-13T11:27:23.102+0000] {processor.py:183} INFO - Processing /opt/airflow/dags/weather_gold_v1.py took 0.206 seconds
[2025-10-13T11:27:53.500+0000] {processor.py:161} INFO - Started process (PID=9359) to work on /opt/airflow/dags/weather_gold_v1.py
[2025-10-13T11:27:53.501+0000] {processor.py:830} INFO - Processing file /opt/airflow/dags/weather_gold_v1.py for tasks to queue
[2025-10-13T11:27:53.503+0000] {logging_mixin.py:188} INFO - [2025-10-13T11:27:53.502+0000] {dagbag.py:540} INFO - Filling up the DagBag from /opt/airflow/dags/weather_gold_v1.py
[2025-10-13T11:27:53.531+0000] {processor.py:840} INFO - DAG(s) 'weather_gold_v1' retrieved from /opt/airflow/dags/weather_gold_v1.py
[2025-10-13T11:27:53.594+0000] {logging_mixin.py:188} INFO - [2025-10-13T11:27:53.594+0000] {dag.py:3047} INFO - Sync 1 DAGs
[2025-10-13T11:27:53.647+0000] {logging_mixin.py:188} INFO - [2025-10-13T11:27:53.647+0000] {dag.py:3834} INFO - Setting next_dagrun for weather_gold_v1 to 2025-10-12 00:00:00+00:00, run_after=2025-10-19 00:00:00+00:00
[2025-10-13T11:27:53.703+0000] {processor.py:183} INFO - Processing /opt/airflow/dags/weather_gold_v1.py took 0.207 seconds
[2025-10-13T11:28:24.201+0000] {processor.py:161} INFO - Started process (PID=9374) to work on /opt/airflow/dags/weather_gold_v1.py
[2025-10-13T11:28:24.204+0000] {processor.py:830} INFO - Processing file /opt/airflow/dags/weather_gold_v1.py for tasks to queue
[2025-10-13T11:28:24.206+0000] {logging_mixin.py:188} INFO - [2025-10-13T11:28:24.205+0000] {dagbag.py:540} INFO - Filling up the DagBag from /opt/airflow/dags/weather_gold_v1.py
[2025-10-13T11:28:24.236+0000] {processor.py:840} INFO - DAG(s) 'weather_gold_v1' retrieved from /opt/airflow/dags/weather_gold_v1.py
[2025-10-13T11:28:24.304+0000] {logging_mixin.py:188} INFO - [2025-10-13T11:28:24.304+0000] {dag.py:3047} INFO - Sync 1 DAGs
[2025-10-13T11:28:24.345+0000] {logging_mixin.py:188} INFO - [2025-10-13T11:28:24.345+0000] {dag.py:3834} INFO - Setting next_dagrun for weather_gold_v1 to 2025-10-12 00:00:00+00:00, run_after=2025-10-19 00:00:00+00:00
[2025-10-13T11:28:24.408+0000] {processor.py:183} INFO - Processing /opt/airflow/dags/weather_gold_v1.py took 0.214 seconds
[2025-10-13T11:28:54.919+0000] {processor.py:161} INFO - Started process (PID=9389) to work on /opt/airflow/dags/weather_gold_v1.py
[2025-10-13T11:28:54.921+0000] {processor.py:830} INFO - Processing file /opt/airflow/dags/weather_gold_v1.py for tasks to queue
[2025-10-13T11:28:54.923+0000] {logging_mixin.py:188} INFO - [2025-10-13T11:28:54.922+0000] {dagbag.py:540} INFO - Filling up the DagBag from /opt/airflow/dags/weather_gold_v1.py
[2025-10-13T11:28:54.949+0000] {processor.py:840} INFO - DAG(s) 'weather_gold_v1' retrieved from /opt/airflow/dags/weather_gold_v1.py
[2025-10-13T11:28:55.008+0000] {logging_mixin.py:188} INFO - [2025-10-13T11:28:55.007+0000] {dag.py:3047} INFO - Sync 1 DAGs
[2025-10-13T11:28:55.051+0000] {logging_mixin.py:188} INFO - [2025-10-13T11:28:55.051+0000] {dag.py:3834} INFO - Setting next_dagrun for weather_gold_v1 to 2025-10-12 00:00:00+00:00, run_after=2025-10-19 00:00:00+00:00
[2025-10-13T11:28:55.102+0000] {processor.py:183} INFO - Processing /opt/airflow/dags/weather_gold_v1.py took 0.185 seconds
[2025-10-13T11:29:25.487+0000] {processor.py:161} INFO - Started process (PID=9404) to work on /opt/airflow/dags/weather_gold_v1.py
[2025-10-13T11:29:25.489+0000] {processor.py:830} INFO - Processing file /opt/airflow/dags/weather_gold_v1.py for tasks to queue
[2025-10-13T11:29:25.490+0000] {logging_mixin.py:188} INFO - [2025-10-13T11:29:25.490+0000] {dagbag.py:540} INFO - Filling up the DagBag from /opt/airflow/dags/weather_gold_v1.py
[2025-10-13T11:29:25.516+0000] {processor.py:840} INFO - DAG(s) 'weather_gold_v1' retrieved from /opt/airflow/dags/weather_gold_v1.py
[2025-10-13T11:29:25.574+0000] {logging_mixin.py:188} INFO - [2025-10-13T11:29:25.574+0000] {dag.py:3047} INFO - Sync 1 DAGs
[2025-10-13T11:29:25.612+0000] {logging_mixin.py:188} INFO - [2025-10-13T11:29:25.612+0000] {dag.py:3834} INFO - Setting next_dagrun for weather_gold_v1 to 2025-10-12 00:00:00+00:00, run_after=2025-10-19 00:00:00+00:00
[2025-10-13T11:29:25.664+0000] {processor.py:183} INFO - Processing /opt/airflow/dags/weather_gold_v1.py took 0.182 seconds
[2025-10-13T11:29:56.047+0000] {processor.py:161} INFO - Started process (PID=9419) to work on /opt/airflow/dags/weather_gold_v1.py
[2025-10-13T11:29:56.049+0000] {processor.py:830} INFO - Processing file /opt/airflow/dags/weather_gold_v1.py for tasks to queue
[2025-10-13T11:29:56.050+0000] {logging_mixin.py:188} INFO - [2025-10-13T11:29:56.050+0000] {dagbag.py:540} INFO - Filling up the DagBag from /opt/airflow/dags/weather_gold_v1.py
[2025-10-13T11:29:56.080+0000] {processor.py:840} INFO - DAG(s) 'weather_gold_v1' retrieved from /opt/airflow/dags/weather_gold_v1.py
[2025-10-13T11:29:56.143+0000] {logging_mixin.py:188} INFO - [2025-10-13T11:29:56.142+0000] {dag.py:3047} INFO - Sync 1 DAGs
[2025-10-13T11:29:56.188+0000] {logging_mixin.py:188} INFO - [2025-10-13T11:29:56.187+0000] {dag.py:3834} INFO - Setting next_dagrun for weather_gold_v1 to 2025-10-12 00:00:00+00:00, run_after=2025-10-19 00:00:00+00:00
[2025-10-13T11:29:56.241+0000] {processor.py:183} INFO - Processing /opt/airflow/dags/weather_gold_v1.py took 0.197 seconds
[2025-10-13T11:30:26.655+0000] {processor.py:161} INFO - Started process (PID=9434) to work on /opt/airflow/dags/weather_gold_v1.py
[2025-10-13T11:30:26.657+0000] {processor.py:830} INFO - Processing file /opt/airflow/dags/weather_gold_v1.py for tasks to queue
[2025-10-13T11:30:26.659+0000] {logging_mixin.py:188} INFO - [2025-10-13T11:30:26.659+0000] {dagbag.py:540} INFO - Filling up the DagBag from /opt/airflow/dags/weather_gold_v1.py
[2025-10-13T11:30:26.685+0000] {processor.py:840} INFO - DAG(s) 'weather_gold_v1' retrieved from /opt/airflow/dags/weather_gold_v1.py
[2025-10-13T11:30:26.755+0000] {logging_mixin.py:188} INFO - [2025-10-13T11:30:26.755+0000] {dag.py:3047} INFO - Sync 1 DAGs
[2025-10-13T11:30:26.812+0000] {logging_mixin.py:188} INFO - [2025-10-13T11:30:26.811+0000] {dag.py:3834} INFO - Setting next_dagrun for weather_gold_v1 to 2025-10-12 00:00:00+00:00, run_after=2025-10-19 00:00:00+00:00
[2025-10-13T11:30:26.887+0000] {processor.py:183} INFO - Processing /opt/airflow/dags/weather_gold_v1.py took 0.235 seconds
[2025-10-13T11:30:57.311+0000] {processor.py:161} INFO - Started process (PID=9449) to work on /opt/airflow/dags/weather_gold_v1.py
[2025-10-13T11:30:57.315+0000] {processor.py:830} INFO - Processing file /opt/airflow/dags/weather_gold_v1.py for tasks to queue
[2025-10-13T11:30:57.318+0000] {logging_mixin.py:188} INFO - [2025-10-13T11:30:57.317+0000] {dagbag.py:540} INFO - Filling up the DagBag from /opt/airflow/dags/weather_gold_v1.py
[2025-10-13T11:30:57.362+0000] {processor.py:840} INFO - DAG(s) 'weather_gold_v1' retrieved from /opt/airflow/dags/weather_gold_v1.py
[2025-10-13T11:30:57.462+0000] {logging_mixin.py:188} INFO - [2025-10-13T11:30:57.462+0000] {dag.py:3047} INFO - Sync 1 DAGs
[2025-10-13T11:30:57.520+0000] {logging_mixin.py:188} INFO - [2025-10-13T11:30:57.520+0000] {dag.py:3834} INFO - Setting next_dagrun for weather_gold_v1 to 2025-10-12 00:00:00+00:00, run_after=2025-10-19 00:00:00+00:00
[2025-10-13T11:30:57.608+0000] {processor.py:183} INFO - Processing /opt/airflow/dags/weather_gold_v1.py took 0.304 seconds
[2025-10-13T11:31:28.108+0000] {processor.py:161} INFO - Started process (PID=9464) to work on /opt/airflow/dags/weather_gold_v1.py
[2025-10-13T11:31:28.110+0000] {processor.py:830} INFO - Processing file /opt/airflow/dags/weather_gold_v1.py for tasks to queue
[2025-10-13T11:31:28.111+0000] {logging_mixin.py:188} INFO - [2025-10-13T11:31:28.111+0000] {dagbag.py:540} INFO - Filling up the DagBag from /opt/airflow/dags/weather_gold_v1.py
[2025-10-13T11:31:28.139+0000] {processor.py:840} INFO - DAG(s) 'weather_gold_v1' retrieved from /opt/airflow/dags/weather_gold_v1.py
[2025-10-13T11:31:28.237+0000] {logging_mixin.py:188} INFO - [2025-10-13T11:31:28.237+0000] {dag.py:3047} INFO - Sync 1 DAGs
[2025-10-13T11:31:28.320+0000] {logging_mixin.py:188} INFO - [2025-10-13T11:31:28.320+0000] {dag.py:3834} INFO - Setting next_dagrun for weather_gold_v1 to 2025-10-12 00:00:00+00:00, run_after=2025-10-19 00:00:00+00:00
[2025-10-13T11:31:28.398+0000] {processor.py:183} INFO - Processing /opt/airflow/dags/weather_gold_v1.py took 0.293 seconds
[2025-10-13T11:31:58.787+0000] {processor.py:161} INFO - Started process (PID=9479) to work on /opt/airflow/dags/weather_gold_v1.py
[2025-10-13T11:31:58.788+0000] {processor.py:830} INFO - Processing file /opt/airflow/dags/weather_gold_v1.py for tasks to queue
[2025-10-13T11:31:58.790+0000] {logging_mixin.py:188} INFO - [2025-10-13T11:31:58.789+0000] {dagbag.py:540} INFO - Filling up the DagBag from /opt/airflow/dags/weather_gold_v1.py
[2025-10-13T11:31:58.822+0000] {processor.py:840} INFO - DAG(s) 'weather_gold_v1' retrieved from /opt/airflow/dags/weather_gold_v1.py
[2025-10-13T11:31:58.895+0000] {logging_mixin.py:188} INFO - [2025-10-13T11:31:58.894+0000] {dag.py:3047} INFO - Sync 1 DAGs
[2025-10-13T11:31:58.946+0000] {logging_mixin.py:188} INFO - [2025-10-13T11:31:58.946+0000] {dag.py:3834} INFO - Setting next_dagrun for weather_gold_v1 to 2025-10-12 00:00:00+00:00, run_after=2025-10-19 00:00:00+00:00
[2025-10-13T11:31:59.009+0000] {processor.py:183} INFO - Processing /opt/airflow/dags/weather_gold_v1.py took 0.227 seconds
[2025-10-13T11:32:29.556+0000] {processor.py:161} INFO - Started process (PID=9494) to work on /opt/airflow/dags/weather_gold_v1.py
[2025-10-13T11:32:29.558+0000] {processor.py:830} INFO - Processing file /opt/airflow/dags/weather_gold_v1.py for tasks to queue
[2025-10-13T11:32:29.560+0000] {logging_mixin.py:188} INFO - [2025-10-13T11:32:29.559+0000] {dagbag.py:540} INFO - Filling up the DagBag from /opt/airflow/dags/weather_gold_v1.py
[2025-10-13T11:32:29.594+0000] {processor.py:840} INFO - DAG(s) 'weather_gold_v1' retrieved from /opt/airflow/dags/weather_gold_v1.py
[2025-10-13T11:32:29.681+0000] {logging_mixin.py:188} INFO - [2025-10-13T11:32:29.681+0000] {dag.py:3047} INFO - Sync 1 DAGs
[2025-10-13T11:32:29.737+0000] {logging_mixin.py:188} INFO - [2025-10-13T11:32:29.737+0000] {dag.py:3834} INFO - Setting next_dagrun for weather_gold_v1 to 2025-10-12 00:00:00+00:00, run_after=2025-10-19 00:00:00+00:00
[2025-10-13T11:32:29.800+0000] {processor.py:183} INFO - Processing /opt/airflow/dags/weather_gold_v1.py took 0.249 seconds
[2025-10-13T11:33:00.340+0000] {processor.py:161} INFO - Started process (PID=9509) to work on /opt/airflow/dags/weather_gold_v1.py
[2025-10-13T11:33:00.342+0000] {processor.py:830} INFO - Processing file /opt/airflow/dags/weather_gold_v1.py for tasks to queue
[2025-10-13T11:33:00.344+0000] {logging_mixin.py:188} INFO - [2025-10-13T11:33:00.343+0000] {dagbag.py:540} INFO - Filling up the DagBag from /opt/airflow/dags/weather_gold_v1.py
[2025-10-13T11:33:00.378+0000] {processor.py:840} INFO - DAG(s) 'weather_gold_v1' retrieved from /opt/airflow/dags/weather_gold_v1.py
[2025-10-13T11:33:00.485+0000] {logging_mixin.py:188} INFO - [2025-10-13T11:33:00.485+0000] {dag.py:3047} INFO - Sync 1 DAGs
[2025-10-13T11:33:00.561+0000] {logging_mixin.py:188} INFO - [2025-10-13T11:33:00.561+0000] {dag.py:3834} INFO - Setting next_dagrun for weather_gold_v1 to 2025-10-12 00:00:00+00:00, run_after=2025-10-19 00:00:00+00:00
[2025-10-13T11:33:00.627+0000] {processor.py:183} INFO - Processing /opt/airflow/dags/weather_gold_v1.py took 0.294 seconds
[2025-10-13T11:33:31.087+0000] {processor.py:161} INFO - Started process (PID=9524) to work on /opt/airflow/dags/weather_gold_v1.py
[2025-10-13T11:33:31.089+0000] {processor.py:830} INFO - Processing file /opt/airflow/dags/weather_gold_v1.py for tasks to queue
[2025-10-13T11:33:31.091+0000] {logging_mixin.py:188} INFO - [2025-10-13T11:33:31.091+0000] {dagbag.py:540} INFO - Filling up the DagBag from /opt/airflow/dags/weather_gold_v1.py
[2025-10-13T11:33:31.118+0000] {processor.py:840} INFO - DAG(s) 'weather_gold_v1' retrieved from /opt/airflow/dags/weather_gold_v1.py
[2025-10-13T11:33:31.183+0000] {logging_mixin.py:188} INFO - [2025-10-13T11:33:31.182+0000] {dag.py:3047} INFO - Sync 1 DAGs
[2025-10-13T11:33:31.225+0000] {logging_mixin.py:188} INFO - [2025-10-13T11:33:31.224+0000] {dag.py:3834} INFO - Setting next_dagrun for weather_gold_v1 to 2025-10-12 00:00:00+00:00, run_after=2025-10-19 00:00:00+00:00
[2025-10-13T11:33:31.338+0000] {processor.py:183} INFO - Processing /opt/airflow/dags/weather_gold_v1.py took 0.255 seconds
[2025-10-13T11:34:01.917+0000] {processor.py:161} INFO - Started process (PID=9539) to work on /opt/airflow/dags/weather_gold_v1.py
[2025-10-13T11:34:01.920+0000] {processor.py:830} INFO - Processing file /opt/airflow/dags/weather_gold_v1.py for tasks to queue
[2025-10-13T11:34:01.941+0000] {logging_mixin.py:188} INFO - [2025-10-13T11:34:01.940+0000] {dagbag.py:540} INFO - Filling up the DagBag from /opt/airflow/dags/weather_gold_v1.py
[2025-10-13T11:34:02.022+0000] {processor.py:840} INFO - DAG(s) 'weather_gold_v1' retrieved from /opt/airflow/dags/weather_gold_v1.py
[2025-10-13T11:34:02.107+0000] {logging_mixin.py:188} INFO - [2025-10-13T11:34:02.106+0000] {dag.py:3047} INFO - Sync 1 DAGs
[2025-10-13T11:34:02.171+0000] {logging_mixin.py:188} INFO - [2025-10-13T11:34:02.171+0000] {dag.py:3834} INFO - Setting next_dagrun for weather_gold_v1 to 2025-10-12 00:00:00+00:00, run_after=2025-10-19 00:00:00+00:00
[2025-10-13T11:34:02.274+0000] {processor.py:183} INFO - Processing /opt/airflow/dags/weather_gold_v1.py took 0.363 seconds
[2025-10-13T11:34:32.747+0000] {processor.py:161} INFO - Started process (PID=9554) to work on /opt/airflow/dags/weather_gold_v1.py
[2025-10-13T11:34:32.750+0000] {processor.py:830} INFO - Processing file /opt/airflow/dags/weather_gold_v1.py for tasks to queue
[2025-10-13T11:34:32.752+0000] {logging_mixin.py:188} INFO - [2025-10-13T11:34:32.751+0000] {dagbag.py:540} INFO - Filling up the DagBag from /opt/airflow/dags/weather_gold_v1.py
[2025-10-13T11:34:32.802+0000] {processor.py:840} INFO - DAG(s) 'weather_gold_v1' retrieved from /opt/airflow/dags/weather_gold_v1.py
[2025-10-13T11:34:32.996+0000] {logging_mixin.py:188} INFO - [2025-10-13T11:34:32.992+0000] {dag.py:3047} INFO - Sync 1 DAGs
[2025-10-13T11:34:33.060+0000] {logging_mixin.py:188} INFO - [2025-10-13T11:34:33.060+0000] {dag.py:3834} INFO - Setting next_dagrun for weather_gold_v1 to 2025-10-12 00:00:00+00:00, run_after=2025-10-19 00:00:00+00:00
[2025-10-13T11:34:33.141+0000] {processor.py:183} INFO - Processing /opt/airflow/dags/weather_gold_v1.py took 0.400 seconds
[2025-10-13T11:35:03.608+0000] {processor.py:161} INFO - Started process (PID=9569) to work on /opt/airflow/dags/weather_gold_v1.py
[2025-10-13T11:35:03.609+0000] {processor.py:830} INFO - Processing file /opt/airflow/dags/weather_gold_v1.py for tasks to queue
[2025-10-13T11:35:03.611+0000] {logging_mixin.py:188} INFO - [2025-10-13T11:35:03.610+0000] {dagbag.py:540} INFO - Filling up the DagBag from /opt/airflow/dags/weather_gold_v1.py
[2025-10-13T11:35:03.644+0000] {processor.py:840} INFO - DAG(s) 'weather_gold_v1' retrieved from /opt/airflow/dags/weather_gold_v1.py
[2025-10-13T11:35:03.709+0000] {logging_mixin.py:188} INFO - [2025-10-13T11:35:03.708+0000] {dag.py:3047} INFO - Sync 1 DAGs
[2025-10-13T11:35:03.756+0000] {logging_mixin.py:188} INFO - [2025-10-13T11:35:03.756+0000] {dag.py:3834} INFO - Setting next_dagrun for weather_gold_v1 to 2025-10-12 00:00:00+00:00, run_after=2025-10-19 00:00:00+00:00
[2025-10-13T11:35:03.820+0000] {processor.py:183} INFO - Processing /opt/airflow/dags/weather_gold_v1.py took 0.215 seconds
[2025-10-13T11:35:34.214+0000] {processor.py:161} INFO - Started process (PID=9584) to work on /opt/airflow/dags/weather_gold_v1.py
[2025-10-13T11:35:34.215+0000] {processor.py:830} INFO - Processing file /opt/airflow/dags/weather_gold_v1.py for tasks to queue
[2025-10-13T11:35:34.217+0000] {logging_mixin.py:188} INFO - [2025-10-13T11:35:34.217+0000] {dagbag.py:540} INFO - Filling up the DagBag from /opt/airflow/dags/weather_gold_v1.py
[2025-10-13T11:35:34.245+0000] {processor.py:840} INFO - DAG(s) 'weather_gold_v1' retrieved from /opt/airflow/dags/weather_gold_v1.py
[2025-10-13T11:35:34.321+0000] {logging_mixin.py:188} INFO - [2025-10-13T11:35:34.320+0000] {dag.py:3047} INFO - Sync 1 DAGs
[2025-10-13T11:35:34.366+0000] {logging_mixin.py:188} INFO - [2025-10-13T11:35:34.365+0000] {dag.py:3834} INFO - Setting next_dagrun for weather_gold_v1 to 2025-10-12 00:00:00+00:00, run_after=2025-10-19 00:00:00+00:00
[2025-10-13T11:35:34.416+0000] {processor.py:183} INFO - Processing /opt/airflow/dags/weather_gold_v1.py took 0.205 seconds
[2025-10-13T11:36:04.832+0000] {processor.py:161} INFO - Started process (PID=9599) to work on /opt/airflow/dags/weather_gold_v1.py
[2025-10-13T11:36:04.833+0000] {processor.py:830} INFO - Processing file /opt/airflow/dags/weather_gold_v1.py for tasks to queue
[2025-10-13T11:36:04.835+0000] {logging_mixin.py:188} INFO - [2025-10-13T11:36:04.834+0000] {dagbag.py:540} INFO - Filling up the DagBag from /opt/airflow/dags/weather_gold_v1.py
[2025-10-13T11:36:04.863+0000] {processor.py:840} INFO - DAG(s) 'weather_gold_v1' retrieved from /opt/airflow/dags/weather_gold_v1.py
[2025-10-13T11:36:04.926+0000] {logging_mixin.py:188} INFO - [2025-10-13T11:36:04.926+0000] {dag.py:3047} INFO - Sync 1 DAGs
[2025-10-13T11:36:04.976+0000] {logging_mixin.py:188} INFO - [2025-10-13T11:36:04.976+0000] {dag.py:3834} INFO - Setting next_dagrun for weather_gold_v1 to 2025-10-12 00:00:00+00:00, run_after=2025-10-19 00:00:00+00:00
[2025-10-13T11:36:05.048+0000] {processor.py:183} INFO - Processing /opt/airflow/dags/weather_gold_v1.py took 0.220 seconds
[2025-10-13T11:36:35.441+0000] {processor.py:161} INFO - Started process (PID=9614) to work on /opt/airflow/dags/weather_gold_v1.py
[2025-10-13T11:36:35.443+0000] {processor.py:830} INFO - Processing file /opt/airflow/dags/weather_gold_v1.py for tasks to queue
[2025-10-13T11:36:35.445+0000] {logging_mixin.py:188} INFO - [2025-10-13T11:36:35.445+0000] {dagbag.py:540} INFO - Filling up the DagBag from /opt/airflow/dags/weather_gold_v1.py
[2025-10-13T11:36:35.479+0000] {processor.py:840} INFO - DAG(s) 'weather_gold_v1' retrieved from /opt/airflow/dags/weather_gold_v1.py
[2025-10-13T11:36:35.551+0000] {logging_mixin.py:188} INFO - [2025-10-13T11:36:35.551+0000] {dag.py:3047} INFO - Sync 1 DAGs
[2025-10-13T11:36:35.655+0000] {logging_mixin.py:188} INFO - [2025-10-13T11:36:35.654+0000] {dag.py:3834} INFO - Setting next_dagrun for weather_gold_v1 to 2025-10-12 00:00:00+00:00, run_after=2025-10-19 00:00:00+00:00
[2025-10-13T11:36:35.884+0000] {processor.py:183} INFO - Processing /opt/airflow/dags/weather_gold_v1.py took 0.447 seconds
[2025-10-13T11:37:06.261+0000] {processor.py:161} INFO - Started process (PID=9629) to work on /opt/airflow/dags/weather_gold_v1.py
[2025-10-13T11:37:06.263+0000] {processor.py:830} INFO - Processing file /opt/airflow/dags/weather_gold_v1.py for tasks to queue
[2025-10-13T11:37:06.264+0000] {logging_mixin.py:188} INFO - [2025-10-13T11:37:06.264+0000] {dagbag.py:540} INFO - Filling up the DagBag from /opt/airflow/dags/weather_gold_v1.py
[2025-10-13T11:37:06.290+0000] {processor.py:840} INFO - DAG(s) 'weather_gold_v1' retrieved from /opt/airflow/dags/weather_gold_v1.py
[2025-10-13T11:37:06.347+0000] {logging_mixin.py:188} INFO - [2025-10-13T11:37:06.347+0000] {dag.py:3047} INFO - Sync 1 DAGs
[2025-10-13T11:37:06.391+0000] {logging_mixin.py:188} INFO - [2025-10-13T11:37:06.390+0000] {dag.py:3834} INFO - Setting next_dagrun for weather_gold_v1 to 2025-10-12 00:00:00+00:00, run_after=2025-10-19 00:00:00+00:00
[2025-10-13T11:37:06.440+0000] {processor.py:183} INFO - Processing /opt/airflow/dags/weather_gold_v1.py took 0.192 seconds
[2025-10-13T11:37:36.850+0000] {processor.py:161} INFO - Started process (PID=9644) to work on /opt/airflow/dags/weather_gold_v1.py
[2025-10-13T11:37:36.852+0000] {processor.py:830} INFO - Processing file /opt/airflow/dags/weather_gold_v1.py for tasks to queue
[2025-10-13T11:37:36.854+0000] {logging_mixin.py:188} INFO - [2025-10-13T11:37:36.854+0000] {dagbag.py:540} INFO - Filling up the DagBag from /opt/airflow/dags/weather_gold_v1.py
[2025-10-13T11:37:36.882+0000] {processor.py:840} INFO - DAG(s) 'weather_gold_v1' retrieved from /opt/airflow/dags/weather_gold_v1.py
[2025-10-13T11:37:36.967+0000] {logging_mixin.py:188} INFO - [2025-10-13T11:37:36.966+0000] {dag.py:3047} INFO - Sync 1 DAGs
[2025-10-13T11:37:37.028+0000] {logging_mixin.py:188} INFO - [2025-10-13T11:37:37.027+0000] {dag.py:3834} INFO - Setting next_dagrun for weather_gold_v1 to 2025-10-12 00:00:00+00:00, run_after=2025-10-19 00:00:00+00:00
[2025-10-13T11:37:37.106+0000] {processor.py:183} INFO - Processing /opt/airflow/dags/weather_gold_v1.py took 0.260 seconds
[2025-10-13T11:38:07.584+0000] {processor.py:161} INFO - Started process (PID=9659) to work on /opt/airflow/dags/weather_gold_v1.py
[2025-10-13T11:38:07.586+0000] {processor.py:830} INFO - Processing file /opt/airflow/dags/weather_gold_v1.py for tasks to queue
[2025-10-13T11:38:07.588+0000] {logging_mixin.py:188} INFO - [2025-10-13T11:38:07.587+0000] {dagbag.py:540} INFO - Filling up the DagBag from /opt/airflow/dags/weather_gold_v1.py
[2025-10-13T11:38:07.617+0000] {processor.py:840} INFO - DAG(s) 'weather_gold_v1' retrieved from /opt/airflow/dags/weather_gold_v1.py
[2025-10-13T11:38:07.684+0000] {logging_mixin.py:188} INFO - [2025-10-13T11:38:07.684+0000] {dag.py:3047} INFO - Sync 1 DAGs
[2025-10-13T11:38:07.732+0000] {logging_mixin.py:188} INFO - [2025-10-13T11:38:07.732+0000] {dag.py:3834} INFO - Setting next_dagrun for weather_gold_v1 to 2025-10-12 00:00:00+00:00, run_after=2025-10-19 00:00:00+00:00
[2025-10-13T11:38:07.796+0000] {processor.py:183} INFO - Processing /opt/airflow/dags/weather_gold_v1.py took 0.217 seconds
[2025-10-13T11:38:38.262+0000] {processor.py:161} INFO - Started process (PID=9674) to work on /opt/airflow/dags/weather_gold_v1.py
[2025-10-13T11:38:38.264+0000] {processor.py:830} INFO - Processing file /opt/airflow/dags/weather_gold_v1.py for tasks to queue
[2025-10-13T11:38:38.266+0000] {logging_mixin.py:188} INFO - [2025-10-13T11:38:38.265+0000] {dagbag.py:540} INFO - Filling up the DagBag from /opt/airflow/dags/weather_gold_v1.py
[2025-10-13T11:38:38.314+0000] {processor.py:840} INFO - DAG(s) 'weather_gold_v1' retrieved from /opt/airflow/dags/weather_gold_v1.py
[2025-10-13T11:38:38.377+0000] {logging_mixin.py:188} INFO - [2025-10-13T11:38:38.377+0000] {dag.py:3047} INFO - Sync 1 DAGs
[2025-10-13T11:38:38.426+0000] {logging_mixin.py:188} INFO - [2025-10-13T11:38:38.426+0000] {dag.py:3834} INFO - Setting next_dagrun for weather_gold_v1 to 2025-10-12 00:00:00+00:00, run_after=2025-10-19 00:00:00+00:00
[2025-10-13T11:38:38.481+0000] {processor.py:183} INFO - Processing /opt/airflow/dags/weather_gold_v1.py took 0.223 seconds
[2025-10-13T11:39:08.964+0000] {processor.py:161} INFO - Started process (PID=9689) to work on /opt/airflow/dags/weather_gold_v1.py
[2025-10-13T11:39:08.965+0000] {processor.py:830} INFO - Processing file /opt/airflow/dags/weather_gold_v1.py for tasks to queue
[2025-10-13T11:39:08.966+0000] {logging_mixin.py:188} INFO - [2025-10-13T11:39:08.965+0000] {dagbag.py:540} INFO - Filling up the DagBag from /opt/airflow/dags/weather_gold_v1.py
[2025-10-13T11:39:08.991+0000] {processor.py:840} INFO - DAG(s) 'weather_gold_v1' retrieved from /opt/airflow/dags/weather_gold_v1.py
[2025-10-13T11:39:09.049+0000] {logging_mixin.py:188} INFO - [2025-10-13T11:39:09.049+0000] {dag.py:3047} INFO - Sync 1 DAGs
[2025-10-13T11:39:09.093+0000] {logging_mixin.py:188} INFO - [2025-10-13T11:39:09.092+0000] {dag.py:3834} INFO - Setting next_dagrun for weather_gold_v1 to 2025-10-12 00:00:00+00:00, run_after=2025-10-19 00:00:00+00:00
[2025-10-13T11:39:09.154+0000] {processor.py:183} INFO - Processing /opt/airflow/dags/weather_gold_v1.py took 0.194 seconds
[2025-10-13T11:39:39.563+0000] {processor.py:161} INFO - Started process (PID=9704) to work on /opt/airflow/dags/weather_gold_v1.py
[2025-10-13T11:39:39.565+0000] {processor.py:830} INFO - Processing file /opt/airflow/dags/weather_gold_v1.py for tasks to queue
[2025-10-13T11:39:39.567+0000] {logging_mixin.py:188} INFO - [2025-10-13T11:39:39.566+0000] {dagbag.py:540} INFO - Filling up the DagBag from /opt/airflow/dags/weather_gold_v1.py
[2025-10-13T11:39:39.593+0000] {processor.py:840} INFO - DAG(s) 'weather_gold_v1' retrieved from /opt/airflow/dags/weather_gold_v1.py
[2025-10-13T11:39:39.654+0000] {logging_mixin.py:188} INFO - [2025-10-13T11:39:39.653+0000] {dag.py:3047} INFO - Sync 1 DAGs
[2025-10-13T11:39:39.699+0000] {logging_mixin.py:188} INFO - [2025-10-13T11:39:39.698+0000] {dag.py:3834} INFO - Setting next_dagrun for weather_gold_v1 to 2025-10-12 00:00:00+00:00, run_after=2025-10-19 00:00:00+00:00
[2025-10-13T11:39:39.762+0000] {processor.py:183} INFO - Processing /opt/airflow/dags/weather_gold_v1.py took 0.201 seconds
[2025-10-13T11:40:10.129+0000] {processor.py:161} INFO - Started process (PID=9719) to work on /opt/airflow/dags/weather_gold_v1.py
[2025-10-13T11:40:10.130+0000] {processor.py:830} INFO - Processing file /opt/airflow/dags/weather_gold_v1.py for tasks to queue
[2025-10-13T11:40:10.131+0000] {logging_mixin.py:188} INFO - [2025-10-13T11:40:10.131+0000] {dagbag.py:540} INFO - Filling up the DagBag from /opt/airflow/dags/weather_gold_v1.py
[2025-10-13T11:40:10.161+0000] {processor.py:840} INFO - DAG(s) 'weather_gold_v1' retrieved from /opt/airflow/dags/weather_gold_v1.py
[2025-10-13T11:40:10.219+0000] {logging_mixin.py:188} INFO - [2025-10-13T11:40:10.218+0000] {dag.py:3047} INFO - Sync 1 DAGs
[2025-10-13T11:40:10.264+0000] {logging_mixin.py:188} INFO - [2025-10-13T11:40:10.264+0000] {dag.py:3834} INFO - Setting next_dagrun for weather_gold_v1 to 2025-10-12 00:00:00+00:00, run_after=2025-10-19 00:00:00+00:00
[2025-10-13T11:40:10.324+0000] {processor.py:183} INFO - Processing /opt/airflow/dags/weather_gold_v1.py took 0.199 seconds
[2025-10-13T11:40:40.768+0000] {processor.py:161} INFO - Started process (PID=9734) to work on /opt/airflow/dags/weather_gold_v1.py
[2025-10-13T11:40:40.770+0000] {processor.py:830} INFO - Processing file /opt/airflow/dags/weather_gold_v1.py for tasks to queue
[2025-10-13T11:40:40.772+0000] {logging_mixin.py:188} INFO - [2025-10-13T11:40:40.771+0000] {dagbag.py:540} INFO - Filling up the DagBag from /opt/airflow/dags/weather_gold_v1.py
[2025-10-13T11:40:40.807+0000] {processor.py:840} INFO - DAG(s) 'weather_gold_v1' retrieved from /opt/airflow/dags/weather_gold_v1.py
[2025-10-13T11:40:40.877+0000] {logging_mixin.py:188} INFO - [2025-10-13T11:40:40.877+0000] {dag.py:3047} INFO - Sync 1 DAGs
[2025-10-13T11:40:40.933+0000] {logging_mixin.py:188} INFO - [2025-10-13T11:40:40.933+0000] {dag.py:3834} INFO - Setting next_dagrun for weather_gold_v1 to 2025-10-12 00:00:00+00:00, run_after=2025-10-19 00:00:00+00:00
[2025-10-13T11:40:41.011+0000] {processor.py:183} INFO - Processing /opt/airflow/dags/weather_gold_v1.py took 0.245 seconds
[2025-10-13T11:41:11.397+0000] {processor.py:161} INFO - Started process (PID=9749) to work on /opt/airflow/dags/weather_gold_v1.py
[2025-10-13T11:41:11.398+0000] {processor.py:830} INFO - Processing file /opt/airflow/dags/weather_gold_v1.py for tasks to queue
[2025-10-13T11:41:11.400+0000] {logging_mixin.py:188} INFO - [2025-10-13T11:41:11.399+0000] {dagbag.py:540} INFO - Filling up the DagBag from /opt/airflow/dags/weather_gold_v1.py
[2025-10-13T11:41:11.428+0000] {processor.py:840} INFO - DAG(s) 'weather_gold_v1' retrieved from /opt/airflow/dags/weather_gold_v1.py
[2025-10-13T11:41:11.495+0000] {logging_mixin.py:188} INFO - [2025-10-13T11:41:11.495+0000] {dag.py:3047} INFO - Sync 1 DAGs
[2025-10-13T11:41:11.542+0000] {logging_mixin.py:188} INFO - [2025-10-13T11:41:11.541+0000] {dag.py:3834} INFO - Setting next_dagrun for weather_gold_v1 to 2025-10-12 00:00:00+00:00, run_after=2025-10-19 00:00:00+00:00
[2025-10-13T11:41:11.601+0000] {processor.py:183} INFO - Processing /opt/airflow/dags/weather_gold_v1.py took 0.207 seconds
[2025-10-13T11:41:42.029+0000] {processor.py:161} INFO - Started process (PID=9764) to work on /opt/airflow/dags/weather_gold_v1.py
[2025-10-13T11:41:42.030+0000] {processor.py:830} INFO - Processing file /opt/airflow/dags/weather_gold_v1.py for tasks to queue
[2025-10-13T11:41:42.032+0000] {logging_mixin.py:188} INFO - [2025-10-13T11:41:42.031+0000] {dagbag.py:540} INFO - Filling up the DagBag from /opt/airflow/dags/weather_gold_v1.py
[2025-10-13T11:41:42.088+0000] {processor.py:840} INFO - DAG(s) 'weather_gold_v1' retrieved from /opt/airflow/dags/weather_gold_v1.py
[2025-10-13T11:41:42.265+0000] {logging_mixin.py:188} INFO - [2025-10-13T11:41:42.264+0000] {dag.py:3047} INFO - Sync 1 DAGs
[2025-10-13T11:41:42.433+0000] {logging_mixin.py:188} INFO - [2025-10-13T11:41:42.433+0000] {dag.py:3834} INFO - Setting next_dagrun for weather_gold_v1 to 2025-10-12 00:00:00+00:00, run_after=2025-10-19 00:00:00+00:00
[2025-10-13T11:41:42.555+0000] {processor.py:183} INFO - Processing /opt/airflow/dags/weather_gold_v1.py took 0.530 seconds
[2025-10-13T11:42:12.966+0000] {processor.py:161} INFO - Started process (PID=9779) to work on /opt/airflow/dags/weather_gold_v1.py
[2025-10-13T11:42:12.967+0000] {processor.py:830} INFO - Processing file /opt/airflow/dags/weather_gold_v1.py for tasks to queue
[2025-10-13T11:42:12.968+0000] {logging_mixin.py:188} INFO - [2025-10-13T11:42:12.968+0000] {dagbag.py:540} INFO - Filling up the DagBag from /opt/airflow/dags/weather_gold_v1.py
[2025-10-13T11:42:12.997+0000] {processor.py:840} INFO - DAG(s) 'weather_gold_v1' retrieved from /opt/airflow/dags/weather_gold_v1.py
[2025-10-13T11:42:13.056+0000] {logging_mixin.py:188} INFO - [2025-10-13T11:42:13.056+0000] {dag.py:3047} INFO - Sync 1 DAGs
[2025-10-13T11:42:13.099+0000] {logging_mixin.py:188} INFO - [2025-10-13T11:42:13.099+0000] {dag.py:3834} INFO - Setting next_dagrun for weather_gold_v1 to 2025-10-12 00:00:00+00:00, run_after=2025-10-19 00:00:00+00:00
[2025-10-13T11:42:13.155+0000] {processor.py:183} INFO - Processing /opt/airflow/dags/weather_gold_v1.py took 0.193 seconds
[2025-10-13T11:42:43.561+0000] {processor.py:161} INFO - Started process (PID=9794) to work on /opt/airflow/dags/weather_gold_v1.py
[2025-10-13T11:42:43.562+0000] {processor.py:830} INFO - Processing file /opt/airflow/dags/weather_gold_v1.py for tasks to queue
[2025-10-13T11:42:43.564+0000] {logging_mixin.py:188} INFO - [2025-10-13T11:42:43.563+0000] {dagbag.py:540} INFO - Filling up the DagBag from /opt/airflow/dags/weather_gold_v1.py
[2025-10-13T11:42:43.595+0000] {processor.py:840} INFO - DAG(s) 'weather_gold_v1' retrieved from /opt/airflow/dags/weather_gold_v1.py
[2025-10-13T11:42:43.681+0000] {logging_mixin.py:188} INFO - [2025-10-13T11:42:43.680+0000] {dag.py:3047} INFO - Sync 1 DAGs
[2025-10-13T11:42:43.761+0000] {logging_mixin.py:188} INFO - [2025-10-13T11:42:43.760+0000] {dag.py:3834} INFO - Setting next_dagrun for weather_gold_v1 to 2025-10-12 00:00:00+00:00, run_after=2025-10-19 00:00:00+00:00
[2025-10-13T11:42:43.827+0000] {processor.py:183} INFO - Processing /opt/airflow/dags/weather_gold_v1.py took 0.270 seconds
[2025-10-13T11:43:14.276+0000] {processor.py:161} INFO - Started process (PID=9809) to work on /opt/airflow/dags/weather_gold_v1.py
[2025-10-13T11:43:14.278+0000] {processor.py:830} INFO - Processing file /opt/airflow/dags/weather_gold_v1.py for tasks to queue
[2025-10-13T11:43:14.280+0000] {logging_mixin.py:188} INFO - [2025-10-13T11:43:14.280+0000] {dagbag.py:540} INFO - Filling up the DagBag from /opt/airflow/dags/weather_gold_v1.py
[2025-10-13T11:43:14.308+0000] {processor.py:840} INFO - DAG(s) 'weather_gold_v1' retrieved from /opt/airflow/dags/weather_gold_v1.py
[2025-10-13T11:43:14.380+0000] {logging_mixin.py:188} INFO - [2025-10-13T11:43:14.380+0000] {dag.py:3047} INFO - Sync 1 DAGs
[2025-10-13T11:43:14.428+0000] {logging_mixin.py:188} INFO - [2025-10-13T11:43:14.428+0000] {dag.py:3834} INFO - Setting next_dagrun for weather_gold_v1 to 2025-10-12 00:00:00+00:00, run_after=2025-10-19 00:00:00+00:00
[2025-10-13T11:43:14.484+0000] {processor.py:183} INFO - Processing /opt/airflow/dags/weather_gold_v1.py took 0.212 seconds
[2025-10-13T11:43:44.951+0000] {processor.py:161} INFO - Started process (PID=9824) to work on /opt/airflow/dags/weather_gold_v1.py
[2025-10-13T11:43:44.952+0000] {processor.py:830} INFO - Processing file /opt/airflow/dags/weather_gold_v1.py for tasks to queue
[2025-10-13T11:43:44.955+0000] {logging_mixin.py:188} INFO - [2025-10-13T11:43:44.954+0000] {dagbag.py:540} INFO - Filling up the DagBag from /opt/airflow/dags/weather_gold_v1.py
[2025-10-13T11:43:44.986+0000] {processor.py:840} INFO - DAG(s) 'weather_gold_v1' retrieved from /opt/airflow/dags/weather_gold_v1.py
[2025-10-13T11:43:45.081+0000] {logging_mixin.py:188} INFO - [2025-10-13T11:43:45.081+0000] {dag.py:3047} INFO - Sync 1 DAGs
[2025-10-13T11:43:45.152+0000] {logging_mixin.py:188} INFO - [2025-10-13T11:43:45.152+0000] {dag.py:3834} INFO - Setting next_dagrun for weather_gold_v1 to 2025-10-12 00:00:00+00:00, run_after=2025-10-19 00:00:00+00:00
[2025-10-13T11:43:45.212+0000] {processor.py:183} INFO - Processing /opt/airflow/dags/weather_gold_v1.py took 0.265 seconds
[2025-10-13T11:44:15.713+0000] {processor.py:161} INFO - Started process (PID=9839) to work on /opt/airflow/dags/weather_gold_v1.py
[2025-10-13T11:44:15.715+0000] {processor.py:830} INFO - Processing file /opt/airflow/dags/weather_gold_v1.py for tasks to queue
[2025-10-13T11:44:15.717+0000] {logging_mixin.py:188} INFO - [2025-10-13T11:44:15.716+0000] {dagbag.py:540} INFO - Filling up the DagBag from /opt/airflow/dags/weather_gold_v1.py
[2025-10-13T11:44:15.746+0000] {processor.py:840} INFO - DAG(s) 'weather_gold_v1' retrieved from /opt/airflow/dags/weather_gold_v1.py
[2025-10-13T11:44:15.815+0000] {logging_mixin.py:188} INFO - [2025-10-13T11:44:15.814+0000] {dag.py:3047} INFO - Sync 1 DAGs
[2025-10-13T11:44:15.870+0000] {logging_mixin.py:188} INFO - [2025-10-13T11:44:15.869+0000] {dag.py:3834} INFO - Setting next_dagrun for weather_gold_v1 to 2025-10-12 00:00:00+00:00, run_after=2025-10-19 00:00:00+00:00
[2025-10-13T11:44:15.948+0000] {processor.py:183} INFO - Processing /opt/airflow/dags/weather_gold_v1.py took 0.239 seconds
[2025-10-13T11:44:46.331+0000] {processor.py:161} INFO - Started process (PID=9854) to work on /opt/airflow/dags/weather_gold_v1.py
[2025-10-13T11:44:46.333+0000] {processor.py:830} INFO - Processing file /opt/airflow/dags/weather_gold_v1.py for tasks to queue
[2025-10-13T11:44:46.334+0000] {logging_mixin.py:188} INFO - [2025-10-13T11:44:46.334+0000] {dagbag.py:540} INFO - Filling up the DagBag from /opt/airflow/dags/weather_gold_v1.py
[2025-10-13T11:44:46.365+0000] {processor.py:840} INFO - DAG(s) 'weather_gold_v1' retrieved from /opt/airflow/dags/weather_gold_v1.py
[2025-10-13T11:44:46.444+0000] {logging_mixin.py:188} INFO - [2025-10-13T11:44:46.443+0000] {dag.py:3047} INFO - Sync 1 DAGs
[2025-10-13T11:44:46.495+0000] {logging_mixin.py:188} INFO - [2025-10-13T11:44:46.495+0000] {dag.py:3834} INFO - Setting next_dagrun for weather_gold_v1 to 2025-10-12 00:00:00+00:00, run_after=2025-10-19 00:00:00+00:00
[2025-10-13T11:44:46.555+0000] {processor.py:183} INFO - Processing /opt/airflow/dags/weather_gold_v1.py took 0.228 seconds
[2025-10-13T11:45:16.973+0000] {processor.py:161} INFO - Started process (PID=9869) to work on /opt/airflow/dags/weather_gold_v1.py
[2025-10-13T11:45:16.975+0000] {processor.py:830} INFO - Processing file /opt/airflow/dags/weather_gold_v1.py for tasks to queue
[2025-10-13T11:45:16.976+0000] {logging_mixin.py:188} INFO - [2025-10-13T11:45:16.976+0000] {dagbag.py:540} INFO - Filling up the DagBag from /opt/airflow/dags/weather_gold_v1.py
[2025-10-13T11:45:17.005+0000] {processor.py:840} INFO - DAG(s) 'weather_gold_v1' retrieved from /opt/airflow/dags/weather_gold_v1.py
[2025-10-13T11:45:17.061+0000] {logging_mixin.py:188} INFO - [2025-10-13T11:45:17.060+0000] {dag.py:3047} INFO - Sync 1 DAGs
[2025-10-13T11:45:17.103+0000] {logging_mixin.py:188} INFO - [2025-10-13T11:45:17.103+0000] {dag.py:3834} INFO - Setting next_dagrun for weather_gold_v1 to 2025-10-12 00:00:00+00:00, run_after=2025-10-19 00:00:00+00:00
[2025-10-13T11:45:17.184+0000] {processor.py:183} INFO - Processing /opt/airflow/dags/weather_gold_v1.py took 0.226 seconds
[2025-10-13T11:45:47.608+0000] {processor.py:161} INFO - Started process (PID=9884) to work on /opt/airflow/dags/weather_gold_v1.py
[2025-10-13T11:45:47.614+0000] {processor.py:830} INFO - Processing file /opt/airflow/dags/weather_gold_v1.py for tasks to queue
[2025-10-13T11:45:47.617+0000] {logging_mixin.py:188} INFO - [2025-10-13T11:45:47.616+0000] {dagbag.py:540} INFO - Filling up the DagBag from /opt/airflow/dags/weather_gold_v1.py
[2025-10-13T11:45:47.746+0000] {processor.py:840} INFO - DAG(s) 'weather_gold_v1' retrieved from /opt/airflow/dags/weather_gold_v1.py
[2025-10-13T11:45:47.845+0000] {logging_mixin.py:188} INFO - [2025-10-13T11:45:47.845+0000] {dag.py:3047} INFO - Sync 1 DAGs
[2025-10-13T11:45:47.894+0000] {logging_mixin.py:188} INFO - [2025-10-13T11:45:47.894+0000] {dag.py:3834} INFO - Setting next_dagrun for weather_gold_v1 to 2025-10-12 00:00:00+00:00, run_after=2025-10-19 00:00:00+00:00
[2025-10-13T11:45:47.972+0000] {processor.py:183} INFO - Processing /opt/airflow/dags/weather_gold_v1.py took 0.375 seconds
[2025-10-13T11:46:18.092+0000] {processor.py:161} INFO - Started process (PID=9899) to work on /opt/airflow/dags/weather_gold_v1.py
[2025-10-13T11:46:18.094+0000] {processor.py:830} INFO - Processing file /opt/airflow/dags/weather_gold_v1.py for tasks to queue
[2025-10-13T11:46:18.095+0000] {logging_mixin.py:188} INFO - [2025-10-13T11:46:18.095+0000] {dagbag.py:540} INFO - Filling up the DagBag from /opt/airflow/dags/weather_gold_v1.py
[2025-10-13T11:46:18.125+0000] {processor.py:840} INFO - DAG(s) 'weather_gold_v1' retrieved from /opt/airflow/dags/weather_gold_v1.py
[2025-10-13T11:46:18.191+0000] {logging_mixin.py:188} INFO - [2025-10-13T11:46:18.191+0000] {dag.py:3047} INFO - Sync 1 DAGs
[2025-10-13T11:46:18.232+0000] {logging_mixin.py:188} INFO - [2025-10-13T11:46:18.232+0000] {dag.py:3834} INFO - Setting next_dagrun for weather_gold_v1 to 2025-10-12 00:00:00+00:00, run_after=2025-10-19 00:00:00+00:00
[2025-10-13T11:46:18.301+0000] {processor.py:183} INFO - Processing /opt/airflow/dags/weather_gold_v1.py took 0.214 seconds
[2025-10-13T11:46:48.494+0000] {processor.py:161} INFO - Started process (PID=9914) to work on /opt/airflow/dags/weather_gold_v1.py
[2025-10-13T11:46:48.496+0000] {processor.py:830} INFO - Processing file /opt/airflow/dags/weather_gold_v1.py for tasks to queue
[2025-10-13T11:46:48.498+0000] {logging_mixin.py:188} INFO - [2025-10-13T11:46:48.497+0000] {dagbag.py:540} INFO - Filling up the DagBag from /opt/airflow/dags/weather_gold_v1.py
[2025-10-13T11:46:48.538+0000] {processor.py:840} INFO - DAG(s) 'weather_gold_v1' retrieved from /opt/airflow/dags/weather_gold_v1.py
[2025-10-13T11:46:48.627+0000] {logging_mixin.py:188} INFO - [2025-10-13T11:46:48.627+0000] {dag.py:3047} INFO - Sync 1 DAGs
[2025-10-13T11:46:48.698+0000] {logging_mixin.py:188} INFO - [2025-10-13T11:46:48.698+0000] {dag.py:3834} INFO - Setting next_dagrun for weather_gold_v1 to 2025-10-12 00:00:00+00:00, run_after=2025-10-19 00:00:00+00:00
[2025-10-13T11:46:48.792+0000] {processor.py:183} INFO - Processing /opt/airflow/dags/weather_gold_v1.py took 0.303 seconds
[2025-10-13T11:47:19.353+0000] {processor.py:161} INFO - Started process (PID=9929) to work on /opt/airflow/dags/weather_gold_v1.py
[2025-10-13T11:47:19.355+0000] {processor.py:830} INFO - Processing file /opt/airflow/dags/weather_gold_v1.py for tasks to queue
[2025-10-13T11:47:19.357+0000] {logging_mixin.py:188} INFO - [2025-10-13T11:47:19.357+0000] {dagbag.py:540} INFO - Filling up the DagBag from /opt/airflow/dags/weather_gold_v1.py
[2025-10-13T11:47:19.408+0000] {processor.py:840} INFO - DAG(s) 'weather_gold_v1' retrieved from /opt/airflow/dags/weather_gold_v1.py
[2025-10-13T11:47:19.510+0000] {logging_mixin.py:188} INFO - [2025-10-13T11:47:19.510+0000] {dag.py:3047} INFO - Sync 1 DAGs
[2025-10-13T11:47:19.583+0000] {logging_mixin.py:188} INFO - [2025-10-13T11:47:19.582+0000] {dag.py:3834} INFO - Setting next_dagrun for weather_gold_v1 to 2025-10-12 00:00:00+00:00, run_after=2025-10-19 00:00:00+00:00
[2025-10-13T11:47:19.657+0000] {processor.py:183} INFO - Processing /opt/airflow/dags/weather_gold_v1.py took 0.330 seconds
[2025-10-13T11:47:50.244+0000] {processor.py:161} INFO - Started process (PID=9944) to work on /opt/airflow/dags/weather_gold_v1.py
[2025-10-13T11:47:50.247+0000] {processor.py:830} INFO - Processing file /opt/airflow/dags/weather_gold_v1.py for tasks to queue
[2025-10-13T11:47:50.251+0000] {logging_mixin.py:188} INFO - [2025-10-13T11:47:50.250+0000] {dagbag.py:540} INFO - Filling up the DagBag from /opt/airflow/dags/weather_gold_v1.py
[2025-10-13T11:47:50.295+0000] {processor.py:840} INFO - DAG(s) 'weather_gold_v1' retrieved from /opt/airflow/dags/weather_gold_v1.py
[2025-10-13T11:47:50.398+0000] {logging_mixin.py:188} INFO - [2025-10-13T11:47:50.398+0000] {dag.py:3047} INFO - Sync 1 DAGs
[2025-10-13T11:47:50.475+0000] {logging_mixin.py:188} INFO - [2025-10-13T11:47:50.475+0000] {dag.py:3834} INFO - Setting next_dagrun for weather_gold_v1 to 2025-10-12 00:00:00+00:00, run_after=2025-10-19 00:00:00+00:00
[2025-10-13T11:47:50.563+0000] {processor.py:183} INFO - Processing /opt/airflow/dags/weather_gold_v1.py took 0.327 seconds
[2025-10-13T11:48:21.189+0000] {processor.py:161} INFO - Started process (PID=9959) to work on /opt/airflow/dags/weather_gold_v1.py
[2025-10-13T11:48:21.191+0000] {processor.py:830} INFO - Processing file /opt/airflow/dags/weather_gold_v1.py for tasks to queue
[2025-10-13T11:48:21.194+0000] {logging_mixin.py:188} INFO - [2025-10-13T11:48:21.193+0000] {dagbag.py:540} INFO - Filling up the DagBag from /opt/airflow/dags/weather_gold_v1.py
[2025-10-13T11:48:21.241+0000] {processor.py:840} INFO - DAG(s) 'weather_gold_v1' retrieved from /opt/airflow/dags/weather_gold_v1.py
[2025-10-13T11:48:21.351+0000] {logging_mixin.py:188} INFO - [2025-10-13T11:48:21.351+0000] {dag.py:3047} INFO - Sync 1 DAGs
[2025-10-13T11:48:21.429+0000] {logging_mixin.py:188} INFO - [2025-10-13T11:48:21.429+0000] {dag.py:3834} INFO - Setting next_dagrun for weather_gold_v1 to 2025-10-12 00:00:00+00:00, run_after=2025-10-19 00:00:00+00:00
[2025-10-13T11:48:21.539+0000] {processor.py:183} INFO - Processing /opt/airflow/dags/weather_gold_v1.py took 0.358 seconds
[2025-10-13T11:48:52.095+0000] {processor.py:161} INFO - Started process (PID=9974) to work on /opt/airflow/dags/weather_gold_v1.py
[2025-10-13T11:48:52.097+0000] {processor.py:830} INFO - Processing file /opt/airflow/dags/weather_gold_v1.py for tasks to queue
[2025-10-13T11:48:52.102+0000] {logging_mixin.py:188} INFO - [2025-10-13T11:48:52.101+0000] {dagbag.py:540} INFO - Filling up the DagBag from /opt/airflow/dags/weather_gold_v1.py
[2025-10-13T11:48:52.166+0000] {processor.py:840} INFO - DAG(s) 'weather_gold_v1' retrieved from /opt/airflow/dags/weather_gold_v1.py
[2025-10-13T11:48:52.290+0000] {logging_mixin.py:188} INFO - [2025-10-13T11:48:52.289+0000] {dag.py:3047} INFO - Sync 1 DAGs
[2025-10-13T11:48:52.355+0000] {logging_mixin.py:188} INFO - [2025-10-13T11:48:52.354+0000] {dag.py:3834} INFO - Setting next_dagrun for weather_gold_v1 to 2025-10-12 00:00:00+00:00, run_after=2025-10-19 00:00:00+00:00
[2025-10-13T11:48:52.446+0000] {processor.py:183} INFO - Processing /opt/airflow/dags/weather_gold_v1.py took 0.358 seconds
[2025-10-13T11:49:23.071+0000] {processor.py:161} INFO - Started process (PID=9989) to work on /opt/airflow/dags/weather_gold_v1.py
[2025-10-13T11:49:23.074+0000] {processor.py:830} INFO - Processing file /opt/airflow/dags/weather_gold_v1.py for tasks to queue
[2025-10-13T11:49:23.078+0000] {logging_mixin.py:188} INFO - [2025-10-13T11:49:23.076+0000] {dagbag.py:540} INFO - Filling up the DagBag from /opt/airflow/dags/weather_gold_v1.py
[2025-10-13T11:49:23.131+0000] {processor.py:840} INFO - DAG(s) 'weather_gold_v1' retrieved from /opt/airflow/dags/weather_gold_v1.py
[2025-10-13T11:49:23.220+0000] {logging_mixin.py:188} INFO - [2025-10-13T11:49:23.219+0000] {dag.py:3047} INFO - Sync 1 DAGs
[2025-10-13T11:49:23.281+0000] {logging_mixin.py:188} INFO - [2025-10-13T11:49:23.280+0000] {dag.py:3834} INFO - Setting next_dagrun for weather_gold_v1 to 2025-10-12 00:00:00+00:00, run_after=2025-10-19 00:00:00+00:00
[2025-10-13T11:49:23.356+0000] {processor.py:183} INFO - Processing /opt/airflow/dags/weather_gold_v1.py took 0.294 seconds
[2025-10-13T11:49:53.552+0000] {processor.py:161} INFO - Started process (PID=10004) to work on /opt/airflow/dags/weather_gold_v1.py
[2025-10-13T11:49:53.554+0000] {processor.py:830} INFO - Processing file /opt/airflow/dags/weather_gold_v1.py for tasks to queue
[2025-10-13T11:49:53.556+0000] {logging_mixin.py:188} INFO - [2025-10-13T11:49:53.556+0000] {dagbag.py:540} INFO - Filling up the DagBag from /opt/airflow/dags/weather_gold_v1.py
[2025-10-13T11:49:53.598+0000] {processor.py:840} INFO - DAG(s) 'weather_gold_v1' retrieved from /opt/airflow/dags/weather_gold_v1.py
[2025-10-13T11:49:53.694+0000] {logging_mixin.py:188} INFO - [2025-10-13T11:49:53.694+0000] {dag.py:3047} INFO - Sync 1 DAGs
[2025-10-13T11:49:53.759+0000] {logging_mixin.py:188} INFO - [2025-10-13T11:49:53.759+0000] {dag.py:3834} INFO - Setting next_dagrun for weather_gold_v1 to 2025-10-12 00:00:00+00:00, run_after=2025-10-19 00:00:00+00:00
[2025-10-13T11:49:53.836+0000] {processor.py:183} INFO - Processing /opt/airflow/dags/weather_gold_v1.py took 0.289 seconds
[2025-10-13T11:50:24.521+0000] {processor.py:161} INFO - Started process (PID=10019) to work on /opt/airflow/dags/weather_gold_v1.py
[2025-10-13T11:50:24.525+0000] {processor.py:830} INFO - Processing file /opt/airflow/dags/weather_gold_v1.py for tasks to queue
[2025-10-13T11:50:24.529+0000] {logging_mixin.py:188} INFO - [2025-10-13T11:50:24.528+0000] {dagbag.py:540} INFO - Filling up the DagBag from /opt/airflow/dags/weather_gold_v1.py
[2025-10-13T11:50:24.586+0000] {processor.py:840} INFO - DAG(s) 'weather_gold_v1' retrieved from /opt/airflow/dags/weather_gold_v1.py
[2025-10-13T11:50:24.706+0000] {logging_mixin.py:188} INFO - [2025-10-13T11:50:24.705+0000] {dag.py:3047} INFO - Sync 1 DAGs
[2025-10-13T11:50:24.796+0000] {logging_mixin.py:188} INFO - [2025-10-13T11:50:24.796+0000] {dag.py:3834} INFO - Setting next_dagrun for weather_gold_v1 to 2025-10-12 00:00:00+00:00, run_after=2025-10-19 00:00:00+00:00
[2025-10-13T11:50:24.894+0000] {processor.py:183} INFO - Processing /opt/airflow/dags/weather_gold_v1.py took 0.383 seconds
[2025-10-13T11:50:55.406+0000] {processor.py:161} INFO - Started process (PID=10034) to work on /opt/airflow/dags/weather_gold_v1.py
[2025-10-13T11:50:55.409+0000] {processor.py:830} INFO - Processing file /opt/airflow/dags/weather_gold_v1.py for tasks to queue
[2025-10-13T11:50:55.412+0000] {logging_mixin.py:188} INFO - [2025-10-13T11:50:55.411+0000] {dagbag.py:540} INFO - Filling up the DagBag from /opt/airflow/dags/weather_gold_v1.py
[2025-10-13T11:50:55.465+0000] {processor.py:840} INFO - DAG(s) 'weather_gold_v1' retrieved from /opt/airflow/dags/weather_gold_v1.py
[2025-10-13T11:50:55.577+0000] {logging_mixin.py:188} INFO - [2025-10-13T11:50:55.577+0000] {dag.py:3047} INFO - Sync 1 DAGs
[2025-10-13T11:50:55.675+0000] {logging_mixin.py:188} INFO - [2025-10-13T11:50:55.674+0000] {dag.py:3834} INFO - Setting next_dagrun for weather_gold_v1 to 2025-10-12 00:00:00+00:00, run_after=2025-10-19 00:00:00+00:00
[2025-10-13T11:50:55.796+0000] {processor.py:183} INFO - Processing /opt/airflow/dags/weather_gold_v1.py took 0.395 seconds
[2025-10-13T11:51:26.329+0000] {processor.py:161} INFO - Started process (PID=10049) to work on /opt/airflow/dags/weather_gold_v1.py
[2025-10-13T11:51:26.331+0000] {processor.py:830} INFO - Processing file /opt/airflow/dags/weather_gold_v1.py for tasks to queue
[2025-10-13T11:51:26.334+0000] {logging_mixin.py:188} INFO - [2025-10-13T11:51:26.333+0000] {dagbag.py:540} INFO - Filling up the DagBag from /opt/airflow/dags/weather_gold_v1.py
[2025-10-13T11:51:26.388+0000] {processor.py:840} INFO - DAG(s) 'weather_gold_v1' retrieved from /opt/airflow/dags/weather_gold_v1.py
[2025-10-13T11:51:26.486+0000] {logging_mixin.py:188} INFO - [2025-10-13T11:51:26.486+0000] {dag.py:3047} INFO - Sync 1 DAGs
[2025-10-13T11:51:26.547+0000] {logging_mixin.py:188} INFO - [2025-10-13T11:51:26.546+0000] {dag.py:3834} INFO - Setting next_dagrun for weather_gold_v1 to 2025-10-12 00:00:00+00:00, run_after=2025-10-19 00:00:00+00:00
[2025-10-13T11:51:26.615+0000] {processor.py:183} INFO - Processing /opt/airflow/dags/weather_gold_v1.py took 0.291 seconds
[2025-10-13T11:51:57.145+0000] {processor.py:161} INFO - Started process (PID=10064) to work on /opt/airflow/dags/weather_gold_v1.py
[2025-10-13T11:51:57.148+0000] {processor.py:830} INFO - Processing file /opt/airflow/dags/weather_gold_v1.py for tasks to queue
[2025-10-13T11:51:57.152+0000] {logging_mixin.py:188} INFO - [2025-10-13T11:51:57.151+0000] {dagbag.py:540} INFO - Filling up the DagBag from /opt/airflow/dags/weather_gold_v1.py
[2025-10-13T11:51:57.206+0000] {processor.py:840} INFO - DAG(s) 'weather_gold_v1' retrieved from /opt/airflow/dags/weather_gold_v1.py
[2025-10-13T11:51:57.307+0000] {logging_mixin.py:188} INFO - [2025-10-13T11:51:57.306+0000] {dag.py:3047} INFO - Sync 1 DAGs
[2025-10-13T11:51:57.404+0000] {logging_mixin.py:188} INFO - [2025-10-13T11:51:57.403+0000] {dag.py:3834} INFO - Setting next_dagrun for weather_gold_v1 to 2025-10-12 00:00:00+00:00, run_after=2025-10-19 00:00:00+00:00
[2025-10-13T11:51:57.508+0000] {processor.py:183} INFO - Processing /opt/airflow/dags/weather_gold_v1.py took 0.368 seconds
[2025-10-13T11:52:28.138+0000] {processor.py:161} INFO - Started process (PID=10079) to work on /opt/airflow/dags/weather_gold_v1.py
[2025-10-13T11:52:28.143+0000] {processor.py:830} INFO - Processing file /opt/airflow/dags/weather_gold_v1.py for tasks to queue
[2025-10-13T11:52:28.146+0000] {logging_mixin.py:188} INFO - [2025-10-13T11:52:28.145+0000] {dagbag.py:540} INFO - Filling up the DagBag from /opt/airflow/dags/weather_gold_v1.py
[2025-10-13T11:52:28.213+0000] {processor.py:840} INFO - DAG(s) 'weather_gold_v1' retrieved from /opt/airflow/dags/weather_gold_v1.py
[2025-10-13T11:52:28.295+0000] {logging_mixin.py:188} INFO - [2025-10-13T11:52:28.295+0000] {dag.py:3047} INFO - Sync 1 DAGs
[2025-10-13T11:52:28.357+0000] {logging_mixin.py:188} INFO - [2025-10-13T11:52:28.356+0000] {dag.py:3834} INFO - Setting next_dagrun for weather_gold_v1 to 2025-10-12 00:00:00+00:00, run_after=2025-10-19 00:00:00+00:00
[2025-10-13T11:52:28.420+0000] {processor.py:183} INFO - Processing /opt/airflow/dags/weather_gold_v1.py took 0.289 seconds
[2025-10-13T11:52:59.085+0000] {processor.py:161} INFO - Started process (PID=10094) to work on /opt/airflow/dags/weather_gold_v1.py
[2025-10-13T11:52:59.091+0000] {processor.py:830} INFO - Processing file /opt/airflow/dags/weather_gold_v1.py for tasks to queue
[2025-10-13T11:52:59.096+0000] {logging_mixin.py:188} INFO - [2025-10-13T11:52:59.095+0000] {dagbag.py:540} INFO - Filling up the DagBag from /opt/airflow/dags/weather_gold_v1.py
[2025-10-13T11:52:59.150+0000] {processor.py:840} INFO - DAG(s) 'weather_gold_v1' retrieved from /opt/airflow/dags/weather_gold_v1.py
[2025-10-13T11:52:59.244+0000] {logging_mixin.py:188} INFO - [2025-10-13T11:52:59.244+0000] {dag.py:3047} INFO - Sync 1 DAGs
[2025-10-13T11:52:59.303+0000] {logging_mixin.py:188} INFO - [2025-10-13T11:52:59.303+0000] {dag.py:3834} INFO - Setting next_dagrun for weather_gold_v1 to 2025-10-12 00:00:00+00:00, run_after=2025-10-19 00:00:00+00:00
[2025-10-13T11:52:59.379+0000] {processor.py:183} INFO - Processing /opt/airflow/dags/weather_gold_v1.py took 0.302 seconds
[2025-10-13T11:53:29.975+0000] {processor.py:161} INFO - Started process (PID=10109) to work on /opt/airflow/dags/weather_gold_v1.py
[2025-10-13T11:53:29.977+0000] {processor.py:830} INFO - Processing file /opt/airflow/dags/weather_gold_v1.py for tasks to queue
[2025-10-13T11:53:29.979+0000] {logging_mixin.py:188} INFO - [2025-10-13T11:53:29.978+0000] {dagbag.py:540} INFO - Filling up the DagBag from /opt/airflow/dags/weather_gold_v1.py
[2025-10-13T11:53:30.033+0000] {processor.py:840} INFO - DAG(s) 'weather_gold_v1' retrieved from /opt/airflow/dags/weather_gold_v1.py
[2025-10-13T11:53:30.137+0000] {logging_mixin.py:188} INFO - [2025-10-13T11:53:30.136+0000] {dag.py:3047} INFO - Sync 1 DAGs
[2025-10-13T11:53:30.219+0000] {logging_mixin.py:188} INFO - [2025-10-13T11:53:30.219+0000] {dag.py:3834} INFO - Setting next_dagrun for weather_gold_v1 to 2025-10-12 00:00:00+00:00, run_after=2025-10-19 00:00:00+00:00
[2025-10-13T11:53:30.304+0000] {processor.py:183} INFO - Processing /opt/airflow/dags/weather_gold_v1.py took 0.343 seconds
[2025-10-13T11:54:01.285+0000] {processor.py:161} INFO - Started process (PID=10124) to work on /opt/airflow/dags/weather_gold_v1.py
[2025-10-13T11:54:01.289+0000] {processor.py:830} INFO - Processing file /opt/airflow/dags/weather_gold_v1.py for tasks to queue
[2025-10-13T11:54:01.293+0000] {logging_mixin.py:188} INFO - [2025-10-13T11:54:01.291+0000] {dagbag.py:540} INFO - Filling up the DagBag from /opt/airflow/dags/weather_gold_v1.py
[2025-10-13T11:54:01.347+0000] {processor.py:840} INFO - DAG(s) 'weather_gold_v1' retrieved from /opt/airflow/dags/weather_gold_v1.py
[2025-10-13T11:54:01.490+0000] {logging_mixin.py:188} INFO - [2025-10-13T11:54:01.490+0000] {dag.py:3047} INFO - Sync 1 DAGs
[2025-10-13T11:54:01.578+0000] {logging_mixin.py:188} INFO - [2025-10-13T11:54:01.577+0000] {dag.py:3834} INFO - Setting next_dagrun for weather_gold_v1 to 2025-10-12 00:00:00+00:00, run_after=2025-10-19 00:00:00+00:00
[2025-10-13T11:54:01.664+0000] {processor.py:183} INFO - Processing /opt/airflow/dags/weather_gold_v1.py took 0.385 seconds
[2025-10-13T11:54:32.233+0000] {processor.py:161} INFO - Started process (PID=10139) to work on /opt/airflow/dags/weather_gold_v1.py
[2025-10-13T11:54:32.235+0000] {processor.py:830} INFO - Processing file /opt/airflow/dags/weather_gold_v1.py for tasks to queue
[2025-10-13T11:54:32.238+0000] {logging_mixin.py:188} INFO - [2025-10-13T11:54:32.237+0000] {dagbag.py:540} INFO - Filling up the DagBag from /opt/airflow/dags/weather_gold_v1.py
[2025-10-13T11:54:32.287+0000] {processor.py:840} INFO - DAG(s) 'weather_gold_v1' retrieved from /opt/airflow/dags/weather_gold_v1.py
[2025-10-13T11:54:32.377+0000] {logging_mixin.py:188} INFO - [2025-10-13T11:54:32.376+0000] {dag.py:3047} INFO - Sync 1 DAGs
[2025-10-13T11:54:32.437+0000] {logging_mixin.py:188} INFO - [2025-10-13T11:54:32.436+0000] {dag.py:3834} INFO - Setting next_dagrun for weather_gold_v1 to 2025-10-12 00:00:00+00:00, run_after=2025-10-19 00:00:00+00:00
[2025-10-13T11:54:32.515+0000] {processor.py:183} INFO - Processing /opt/airflow/dags/weather_gold_v1.py took 0.287 seconds
[2025-10-13T11:55:02.631+0000] {processor.py:161} INFO - Started process (PID=10154) to work on /opt/airflow/dags/weather_gold_v1.py
[2025-10-13T11:55:02.634+0000] {processor.py:830} INFO - Processing file /opt/airflow/dags/weather_gold_v1.py for tasks to queue
[2025-10-13T11:55:02.637+0000] {logging_mixin.py:188} INFO - [2025-10-13T11:55:02.636+0000] {dagbag.py:540} INFO - Filling up the DagBag from /opt/airflow/dags/weather_gold_v1.py
[2025-10-13T11:55:02.679+0000] {processor.py:840} INFO - DAG(s) 'weather_gold_v1' retrieved from /opt/airflow/dags/weather_gold_v1.py
[2025-10-13T11:55:02.968+0000] {logging_mixin.py:188} INFO - [2025-10-13T11:55:02.967+0000] {dag.py:3047} INFO - Sync 1 DAGs
[2025-10-13T11:55:03.163+0000] {logging_mixin.py:188} INFO - [2025-10-13T11:55:03.162+0000] {dag.py:3834} INFO - Setting next_dagrun for weather_gold_v1 to 2025-10-12 00:00:00+00:00, run_after=2025-10-19 00:00:00+00:00
[2025-10-13T11:55:03.254+0000] {processor.py:183} INFO - Processing /opt/airflow/dags/weather_gold_v1.py took 0.632 seconds
[2025-10-13T11:55:34.065+0000] {processor.py:161} INFO - Started process (PID=10169) to work on /opt/airflow/dags/weather_gold_v1.py
[2025-10-13T11:55:34.067+0000] {processor.py:830} INFO - Processing file /opt/airflow/dags/weather_gold_v1.py for tasks to queue
[2025-10-13T11:55:34.069+0000] {logging_mixin.py:188} INFO - [2025-10-13T11:55:34.069+0000] {dagbag.py:540} INFO - Filling up the DagBag from /opt/airflow/dags/weather_gold_v1.py
[2025-10-13T11:55:34.108+0000] {processor.py:840} INFO - DAG(s) 'weather_gold_v1' retrieved from /opt/airflow/dags/weather_gold_v1.py
[2025-10-13T11:55:34.195+0000] {logging_mixin.py:188} INFO - [2025-10-13T11:55:34.195+0000] {dag.py:3047} INFO - Sync 1 DAGs
[2025-10-13T11:55:34.254+0000] {logging_mixin.py:188} INFO - [2025-10-13T11:55:34.253+0000] {dag.py:3834} INFO - Setting next_dagrun for weather_gold_v1 to 2025-10-12 00:00:00+00:00, run_after=2025-10-19 00:00:00+00:00
[2025-10-13T11:55:34.325+0000] {processor.py:183} INFO - Processing /opt/airflow/dags/weather_gold_v1.py took 0.266 seconds
[2025-10-13T11:56:04.857+0000] {processor.py:161} INFO - Started process (PID=10184) to work on /opt/airflow/dags/weather_gold_v1.py
[2025-10-13T11:56:04.859+0000] {processor.py:830} INFO - Processing file /opt/airflow/dags/weather_gold_v1.py for tasks to queue
[2025-10-13T11:56:04.861+0000] {logging_mixin.py:188} INFO - [2025-10-13T11:56:04.861+0000] {dagbag.py:540} INFO - Filling up the DagBag from /opt/airflow/dags/weather_gold_v1.py
[2025-10-13T11:56:04.897+0000] {processor.py:840} INFO - DAG(s) 'weather_gold_v1' retrieved from /opt/airflow/dags/weather_gold_v1.py
[2025-10-13T11:56:04.991+0000] {logging_mixin.py:188} INFO - [2025-10-13T11:56:04.991+0000] {dag.py:3047} INFO - Sync 1 DAGs
[2025-10-13T11:56:05.050+0000] {logging_mixin.py:188} INFO - [2025-10-13T11:56:05.050+0000] {dag.py:3834} INFO - Setting next_dagrun for weather_gold_v1 to 2025-10-12 00:00:00+00:00, run_after=2025-10-19 00:00:00+00:00
[2025-10-13T11:56:05.117+0000] {processor.py:183} INFO - Processing /opt/airflow/dags/weather_gold_v1.py took 0.266 seconds
[2025-10-13T11:56:35.718+0000] {processor.py:161} INFO - Started process (PID=10199) to work on /opt/airflow/dags/weather_gold_v1.py
[2025-10-13T11:56:35.721+0000] {processor.py:830} INFO - Processing file /opt/airflow/dags/weather_gold_v1.py for tasks to queue
[2025-10-13T11:56:35.725+0000] {logging_mixin.py:188} INFO - [2025-10-13T11:56:35.724+0000] {dagbag.py:540} INFO - Filling up the DagBag from /opt/airflow/dags/weather_gold_v1.py
[2025-10-13T11:56:35.778+0000] {processor.py:840} INFO - DAG(s) 'weather_gold_v1' retrieved from /opt/airflow/dags/weather_gold_v1.py
[2025-10-13T11:56:35.909+0000] {logging_mixin.py:188} INFO - [2025-10-13T11:56:35.908+0000] {dag.py:3047} INFO - Sync 1 DAGs
[2025-10-13T11:56:35.988+0000] {logging_mixin.py:188} INFO - [2025-10-13T11:56:35.987+0000] {dag.py:3834} INFO - Setting next_dagrun for weather_gold_v1 to 2025-10-12 00:00:00+00:00, run_after=2025-10-19 00:00:00+00:00
[2025-10-13T11:56:36.085+0000] {processor.py:183} INFO - Processing /opt/airflow/dags/weather_gold_v1.py took 0.377 seconds
[2025-10-13T11:57:06.804+0000] {processor.py:161} INFO - Started process (PID=10214) to work on /opt/airflow/dags/weather_gold_v1.py
[2025-10-13T11:57:06.806+0000] {processor.py:830} INFO - Processing file /opt/airflow/dags/weather_gold_v1.py for tasks to queue
[2025-10-13T11:57:06.808+0000] {logging_mixin.py:188} INFO - [2025-10-13T11:57:06.807+0000] {dagbag.py:540} INFO - Filling up the DagBag from /opt/airflow/dags/weather_gold_v1.py
[2025-10-13T11:57:06.847+0000] {processor.py:840} INFO - DAG(s) 'weather_gold_v1' retrieved from /opt/airflow/dags/weather_gold_v1.py
[2025-10-13T11:57:06.961+0000] {logging_mixin.py:188} INFO - [2025-10-13T11:57:06.960+0000] {dag.py:3047} INFO - Sync 1 DAGs
[2025-10-13T11:57:07.028+0000] {logging_mixin.py:188} INFO - [2025-10-13T11:57:07.028+0000] {dag.py:3834} INFO - Setting next_dagrun for weather_gold_v1 to 2025-10-12 00:00:00+00:00, run_after=2025-10-19 00:00:00+00:00
[2025-10-13T11:57:07.098+0000] {processor.py:183} INFO - Processing /opt/airflow/dags/weather_gold_v1.py took 0.299 seconds
[2025-10-13T11:57:37.677+0000] {processor.py:161} INFO - Started process (PID=10229) to work on /opt/airflow/dags/weather_gold_v1.py
[2025-10-13T11:57:37.679+0000] {processor.py:830} INFO - Processing file /opt/airflow/dags/weather_gold_v1.py for tasks to queue
[2025-10-13T11:57:37.682+0000] {logging_mixin.py:188} INFO - [2025-10-13T11:57:37.681+0000] {dagbag.py:540} INFO - Filling up the DagBag from /opt/airflow/dags/weather_gold_v1.py
[2025-10-13T11:57:37.729+0000] {processor.py:840} INFO - DAG(s) 'weather_gold_v1' retrieved from /opt/airflow/dags/weather_gold_v1.py
[2025-10-13T11:57:37.839+0000] {logging_mixin.py:188} INFO - [2025-10-13T11:57:37.838+0000] {dag.py:3047} INFO - Sync 1 DAGs
[2025-10-13T11:57:37.916+0000] {logging_mixin.py:188} INFO - [2025-10-13T11:57:37.914+0000] {dag.py:3834} INFO - Setting next_dagrun for weather_gold_v1 to 2025-10-12 00:00:00+00:00, run_after=2025-10-19 00:00:00+00:00
[2025-10-13T11:57:37.993+0000] {processor.py:183} INFO - Processing /opt/airflow/dags/weather_gold_v1.py took 0.322 seconds
[2025-10-13T11:58:08.605+0000] {processor.py:161} INFO - Started process (PID=10244) to work on /opt/airflow/dags/weather_gold_v1.py
[2025-10-13T11:58:08.607+0000] {processor.py:830} INFO - Processing file /opt/airflow/dags/weather_gold_v1.py for tasks to queue
[2025-10-13T11:58:08.611+0000] {logging_mixin.py:188} INFO - [2025-10-13T11:58:08.610+0000] {dagbag.py:540} INFO - Filling up the DagBag from /opt/airflow/dags/weather_gold_v1.py
[2025-10-13T11:58:08.665+0000] {processor.py:840} INFO - DAG(s) 'weather_gold_v1' retrieved from /opt/airflow/dags/weather_gold_v1.py
[2025-10-13T11:58:08.781+0000] {logging_mixin.py:188} INFO - [2025-10-13T11:58:08.780+0000] {dag.py:3047} INFO - Sync 1 DAGs
[2025-10-13T11:58:08.853+0000] {logging_mixin.py:188} INFO - [2025-10-13T11:58:08.852+0000] {dag.py:3834} INFO - Setting next_dagrun for weather_gold_v1 to 2025-10-12 00:00:00+00:00, run_after=2025-10-19 00:00:00+00:00
[2025-10-13T11:58:08.936+0000] {processor.py:183} INFO - Processing /opt/airflow/dags/weather_gold_v1.py took 0.340 seconds
[2025-10-13T11:58:39.490+0000] {processor.py:161} INFO - Started process (PID=10259) to work on /opt/airflow/dags/weather_gold_v1.py
[2025-10-13T11:58:39.492+0000] {processor.py:830} INFO - Processing file /opt/airflow/dags/weather_gold_v1.py for tasks to queue
[2025-10-13T11:58:39.495+0000] {logging_mixin.py:188} INFO - [2025-10-13T11:58:39.494+0000] {dagbag.py:540} INFO - Filling up the DagBag from /opt/airflow/dags/weather_gold_v1.py
[2025-10-13T11:58:39.542+0000] {processor.py:840} INFO - DAG(s) 'weather_gold_v1' retrieved from /opt/airflow/dags/weather_gold_v1.py
[2025-10-13T11:58:39.666+0000] {logging_mixin.py:188} INFO - [2025-10-13T11:58:39.665+0000] {dag.py:3047} INFO - Sync 1 DAGs
[2025-10-13T11:58:39.750+0000] {logging_mixin.py:188} INFO - [2025-10-13T11:58:39.750+0000] {dag.py:3834} INFO - Setting next_dagrun for weather_gold_v1 to 2025-10-12 00:00:00+00:00, run_after=2025-10-19 00:00:00+00:00
[2025-10-13T11:58:39.862+0000] {processor.py:183} INFO - Processing /opt/airflow/dags/weather_gold_v1.py took 0.378 seconds
[2025-10-13T11:59:10.545+0000] {processor.py:161} INFO - Started process (PID=10274) to work on /opt/airflow/dags/weather_gold_v1.py
[2025-10-13T11:59:10.547+0000] {processor.py:830} INFO - Processing file /opt/airflow/dags/weather_gold_v1.py for tasks to queue
[2025-10-13T11:59:10.550+0000] {logging_mixin.py:188} INFO - [2025-10-13T11:59:10.549+0000] {dagbag.py:540} INFO - Filling up the DagBag from /opt/airflow/dags/weather_gold_v1.py
[2025-10-13T11:59:10.594+0000] {processor.py:840} INFO - DAG(s) 'weather_gold_v1' retrieved from /opt/airflow/dags/weather_gold_v1.py
[2025-10-13T11:59:10.704+0000] {logging_mixin.py:188} INFO - [2025-10-13T11:59:10.703+0000] {dag.py:3047} INFO - Sync 1 DAGs
[2025-10-13T11:59:10.773+0000] {logging_mixin.py:188} INFO - [2025-10-13T11:59:10.772+0000] {dag.py:3834} INFO - Setting next_dagrun for weather_gold_v1 to 2025-10-12 00:00:00+00:00, run_after=2025-10-19 00:00:00+00:00
[2025-10-13T11:59:10.844+0000] {processor.py:183} INFO - Processing /opt/airflow/dags/weather_gold_v1.py took 0.307 seconds
[2025-10-13T11:59:41.519+0000] {processor.py:161} INFO - Started process (PID=10289) to work on /opt/airflow/dags/weather_gold_v1.py
[2025-10-13T11:59:41.521+0000] {processor.py:830} INFO - Processing file /opt/airflow/dags/weather_gold_v1.py for tasks to queue
[2025-10-13T11:59:41.524+0000] {logging_mixin.py:188} INFO - [2025-10-13T11:59:41.523+0000] {dagbag.py:540} INFO - Filling up the DagBag from /opt/airflow/dags/weather_gold_v1.py
[2025-10-13T11:59:41.568+0000] {processor.py:840} INFO - DAG(s) 'weather_gold_v1' retrieved from /opt/airflow/dags/weather_gold_v1.py
[2025-10-13T11:59:43.138+0000] {logging_mixin.py:188} INFO - [2025-10-13T11:59:43.138+0000] {dag.py:3047} INFO - Sync 1 DAGs
[2025-10-13T11:59:43.339+0000] {logging_mixin.py:188} INFO - [2025-10-13T11:59:43.338+0000] {dag.py:3834} INFO - Setting next_dagrun for weather_gold_v1 to 2025-10-12 00:00:00+00:00, run_after=2025-10-19 00:00:00+00:00
[2025-10-13T11:59:43.517+0000] {processor.py:183} INFO - Processing /opt/airflow/dags/weather_gold_v1.py took 2.004 seconds
[2025-10-13T12:00:13.916+0000] {processor.py:161} INFO - Started process (PID=10304) to work on /opt/airflow/dags/weather_gold_v1.py
[2025-10-13T12:00:13.940+0000] {processor.py:830} INFO - Processing file /opt/airflow/dags/weather_gold_v1.py for tasks to queue
[2025-10-13T12:00:13.943+0000] {logging_mixin.py:188} INFO - [2025-10-13T12:00:13.942+0000] {dagbag.py:540} INFO - Filling up the DagBag from /opt/airflow/dags/weather_gold_v1.py
[2025-10-13T12:00:13.980+0000] {processor.py:840} INFO - DAG(s) 'weather_gold_v1' retrieved from /opt/airflow/dags/weather_gold_v1.py
[2025-10-13T12:00:14.073+0000] {logging_mixin.py:188} INFO - [2025-10-13T12:00:14.073+0000] {dag.py:3047} INFO - Sync 1 DAGs
[2025-10-13T12:00:14.130+0000] {logging_mixin.py:188} INFO - [2025-10-13T12:00:14.130+0000] {dag.py:3834} INFO - Setting next_dagrun for weather_gold_v1 to 2025-10-12 00:00:00+00:00, run_after=2025-10-19 00:00:00+00:00
[2025-10-13T12:00:14.249+0000] {processor.py:183} INFO - Processing /opt/airflow/dags/weather_gold_v1.py took 0.338 seconds
[2025-10-13T12:00:45.027+0000] {processor.py:161} INFO - Started process (PID=10319) to work on /opt/airflow/dags/weather_gold_v1.py
[2025-10-13T12:00:45.130+0000] {processor.py:830} INFO - Processing file /opt/airflow/dags/weather_gold_v1.py for tasks to queue
[2025-10-13T12:00:45.132+0000] {logging_mixin.py:188} INFO - [2025-10-13T12:00:45.131+0000] {dagbag.py:540} INFO - Filling up the DagBag from /opt/airflow/dags/weather_gold_v1.py
[2025-10-13T12:00:45.438+0000] {processor.py:840} INFO - DAG(s) 'weather_gold_v1' retrieved from /opt/airflow/dags/weather_gold_v1.py
[2025-10-13T12:00:45.638+0000] {logging_mixin.py:188} INFO - [2025-10-13T12:00:45.636+0000] {dag.py:3047} INFO - Sync 1 DAGs
[2025-10-13T12:00:45.809+0000] {logging_mixin.py:188} INFO - [2025-10-13T12:00:45.808+0000] {dag.py:3834} INFO - Setting next_dagrun for weather_gold_v1 to 2025-10-12 00:00:00+00:00, run_after=2025-10-19 00:00:00+00:00
[2025-10-13T12:00:46.142+0000] {processor.py:183} INFO - Processing /opt/airflow/dags/weather_gold_v1.py took 1.122 seconds
[2025-10-13T12:01:16.356+0000] {processor.py:161} INFO - Started process (PID=10334) to work on /opt/airflow/dags/weather_gold_v1.py
[2025-10-13T12:01:16.359+0000] {processor.py:830} INFO - Processing file /opt/airflow/dags/weather_gold_v1.py for tasks to queue
[2025-10-13T12:01:16.361+0000] {logging_mixin.py:188} INFO - [2025-10-13T12:01:16.360+0000] {dagbag.py:540} INFO - Filling up the DagBag from /opt/airflow/dags/weather_gold_v1.py
[2025-10-13T12:01:16.399+0000] {processor.py:840} INFO - DAG(s) 'weather_gold_v1' retrieved from /opt/airflow/dags/weather_gold_v1.py
[2025-10-13T12:01:16.499+0000] {logging_mixin.py:188} INFO - [2025-10-13T12:01:16.499+0000] {dag.py:3047} INFO - Sync 1 DAGs
[2025-10-13T12:01:16.592+0000] {logging_mixin.py:188} INFO - [2025-10-13T12:01:16.592+0000] {dag.py:3834} INFO - Setting next_dagrun for weather_gold_v1 to 2025-10-12 00:00:00+00:00, run_after=2025-10-19 00:00:00+00:00
[2025-10-13T12:01:16.676+0000] {processor.py:183} INFO - Processing /opt/airflow/dags/weather_gold_v1.py took 0.327 seconds
[2025-10-13T12:01:47.389+0000] {processor.py:161} INFO - Started process (PID=10349) to work on /opt/airflow/dags/weather_gold_v1.py
[2025-10-13T12:01:47.392+0000] {processor.py:830} INFO - Processing file /opt/airflow/dags/weather_gold_v1.py for tasks to queue
[2025-10-13T12:01:47.395+0000] {logging_mixin.py:188} INFO - [2025-10-13T12:01:47.394+0000] {dagbag.py:540} INFO - Filling up the DagBag from /opt/airflow/dags/weather_gold_v1.py
[2025-10-13T12:01:47.436+0000] {processor.py:840} INFO - DAG(s) 'weather_gold_v1' retrieved from /opt/airflow/dags/weather_gold_v1.py
[2025-10-13T12:01:47.530+0000] {logging_mixin.py:188} INFO - [2025-10-13T12:01:47.530+0000] {dag.py:3047} INFO - Sync 1 DAGs
[2025-10-13T12:01:47.597+0000] {logging_mixin.py:188} INFO - [2025-10-13T12:01:47.597+0000] {dag.py:3834} INFO - Setting next_dagrun for weather_gold_v1 to 2025-10-12 00:00:00+00:00, run_after=2025-10-19 00:00:00+00:00
[2025-10-13T12:01:47.685+0000] {processor.py:183} INFO - Processing /opt/airflow/dags/weather_gold_v1.py took 0.303 seconds
[2025-10-13T12:02:18.574+0000] {processor.py:161} INFO - Started process (PID=10364) to work on /opt/airflow/dags/weather_gold_v1.py
[2025-10-13T12:02:18.576+0000] {processor.py:830} INFO - Processing file /opt/airflow/dags/weather_gold_v1.py for tasks to queue
[2025-10-13T12:02:18.580+0000] {logging_mixin.py:188} INFO - [2025-10-13T12:02:18.579+0000] {dagbag.py:540} INFO - Filling up the DagBag from /opt/airflow/dags/weather_gold_v1.py
[2025-10-13T12:02:18.630+0000] {processor.py:840} INFO - DAG(s) 'weather_gold_v1' retrieved from /opt/airflow/dags/weather_gold_v1.py
[2025-10-13T12:02:18.744+0000] {logging_mixin.py:188} INFO - [2025-10-13T12:02:18.744+0000] {dag.py:3047} INFO - Sync 1 DAGs
[2025-10-13T12:02:18.821+0000] {logging_mixin.py:188} INFO - [2025-10-13T12:02:18.821+0000] {dag.py:3834} INFO - Setting next_dagrun for weather_gold_v1 to 2025-10-12 00:00:00+00:00, run_after=2025-10-19 00:00:00+00:00
[2025-10-13T12:02:18.921+0000] {processor.py:183} INFO - Processing /opt/airflow/dags/weather_gold_v1.py took 0.357 seconds
[2025-10-13T12:02:49.499+0000] {processor.py:161} INFO - Started process (PID=10379) to work on /opt/airflow/dags/weather_gold_v1.py
[2025-10-13T12:02:49.501+0000] {processor.py:830} INFO - Processing file /opt/airflow/dags/weather_gold_v1.py for tasks to queue
[2025-10-13T12:02:49.504+0000] {logging_mixin.py:188} INFO - [2025-10-13T12:02:49.503+0000] {dagbag.py:540} INFO - Filling up the DagBag from /opt/airflow/dags/weather_gold_v1.py
[2025-10-13T12:02:49.568+0000] {processor.py:840} INFO - DAG(s) 'weather_gold_v1' retrieved from /opt/airflow/dags/weather_gold_v1.py
[2025-10-13T12:02:49.671+0000] {logging_mixin.py:188} INFO - [2025-10-13T12:02:49.671+0000] {dag.py:3047} INFO - Sync 1 DAGs
[2025-10-13T12:02:49.847+0000] {logging_mixin.py:188} INFO - [2025-10-13T12:02:49.846+0000] {dag.py:3834} INFO - Setting next_dagrun for weather_gold_v1 to 2025-10-12 00:00:00+00:00, run_after=2025-10-19 00:00:00+00:00
[2025-10-13T12:02:50.008+0000] {processor.py:183} INFO - Processing /opt/airflow/dags/weather_gold_v1.py took 0.514 seconds
[2025-10-13T12:03:20.683+0000] {processor.py:161} INFO - Started process (PID=10394) to work on /opt/airflow/dags/weather_gold_v1.py
[2025-10-13T12:03:20.685+0000] {processor.py:830} INFO - Processing file /opt/airflow/dags/weather_gold_v1.py for tasks to queue
[2025-10-13T12:03:20.696+0000] {logging_mixin.py:188} INFO - [2025-10-13T12:03:20.695+0000] {dagbag.py:540} INFO - Filling up the DagBag from /opt/airflow/dags/weather_gold_v1.py
[2025-10-13T12:03:20.752+0000] {processor.py:840} INFO - DAG(s) 'weather_gold_v1' retrieved from /opt/airflow/dags/weather_gold_v1.py
[2025-10-13T12:03:20.863+0000] {logging_mixin.py:188} INFO - [2025-10-13T12:03:20.862+0000] {dag.py:3047} INFO - Sync 1 DAGs
[2025-10-13T12:03:20.926+0000] {logging_mixin.py:188} INFO - [2025-10-13T12:03:20.926+0000] {dag.py:3834} INFO - Setting next_dagrun for weather_gold_v1 to 2025-10-12 00:00:00+00:00, run_after=2025-10-19 00:00:00+00:00
[2025-10-13T12:03:20.999+0000] {processor.py:183} INFO - Processing /opt/airflow/dags/weather_gold_v1.py took 0.324 seconds
[2025-10-13T12:03:51.452+0000] {processor.py:161} INFO - Started process (PID=10409) to work on /opt/airflow/dags/weather_gold_v1.py
[2025-10-13T12:03:51.454+0000] {processor.py:830} INFO - Processing file /opt/airflow/dags/weather_gold_v1.py for tasks to queue
[2025-10-13T12:03:51.455+0000] {logging_mixin.py:188} INFO - [2025-10-13T12:03:51.455+0000] {dagbag.py:540} INFO - Filling up the DagBag from /opt/airflow/dags/weather_gold_v1.py
[2025-10-13T12:03:51.495+0000] {processor.py:840} INFO - DAG(s) 'weather_gold_v1' retrieved from /opt/airflow/dags/weather_gold_v1.py
[2025-10-13T12:03:51.593+0000] {logging_mixin.py:188} INFO - [2025-10-13T12:03:51.592+0000] {dag.py:3047} INFO - Sync 1 DAGs
[2025-10-13T12:03:51.693+0000] {logging_mixin.py:188} INFO - [2025-10-13T12:03:51.692+0000] {dag.py:3834} INFO - Setting next_dagrun for weather_gold_v1 to 2025-10-12 00:00:00+00:00, run_after=2025-10-19 00:00:00+00:00
[2025-10-13T12:03:51.785+0000] {processor.py:183} INFO - Processing /opt/airflow/dags/weather_gold_v1.py took 0.338 seconds
[2025-10-13T12:04:22.508+0000] {processor.py:161} INFO - Started process (PID=10424) to work on /opt/airflow/dags/weather_gold_v1.py
[2025-10-13T12:04:22.511+0000] {processor.py:830} INFO - Processing file /opt/airflow/dags/weather_gold_v1.py for tasks to queue
[2025-10-13T12:04:22.513+0000] {logging_mixin.py:188} INFO - [2025-10-13T12:04:22.512+0000] {dagbag.py:540} INFO - Filling up the DagBag from /opt/airflow/dags/weather_gold_v1.py
[2025-10-13T12:04:22.566+0000] {processor.py:840} INFO - DAG(s) 'weather_gold_v1' retrieved from /opt/airflow/dags/weather_gold_v1.py
[2025-10-13T12:04:22.689+0000] {logging_mixin.py:188} INFO - [2025-10-13T12:04:22.689+0000] {dag.py:3047} INFO - Sync 1 DAGs
[2025-10-13T12:04:22.878+0000] {logging_mixin.py:188} INFO - [2025-10-13T12:04:22.877+0000] {dag.py:3834} INFO - Setting next_dagrun for weather_gold_v1 to 2025-10-12 00:00:00+00:00, run_after=2025-10-19 00:00:00+00:00
[2025-10-13T12:04:23.015+0000] {processor.py:183} INFO - Processing /opt/airflow/dags/weather_gold_v1.py took 0.516 seconds
[2025-10-13T12:04:53.822+0000] {processor.py:161} INFO - Started process (PID=10439) to work on /opt/airflow/dags/weather_gold_v1.py
[2025-10-13T12:04:53.825+0000] {processor.py:830} INFO - Processing file /opt/airflow/dags/weather_gold_v1.py for tasks to queue
[2025-10-13T12:04:53.828+0000] {logging_mixin.py:188} INFO - [2025-10-13T12:04:53.827+0000] {dagbag.py:540} INFO - Filling up the DagBag from /opt/airflow/dags/weather_gold_v1.py
[2025-10-13T12:04:53.877+0000] {processor.py:840} INFO - DAG(s) 'weather_gold_v1' retrieved from /opt/airflow/dags/weather_gold_v1.py
[2025-10-13T12:04:54.075+0000] {logging_mixin.py:188} INFO - [2025-10-13T12:04:54.074+0000] {dag.py:3047} INFO - Sync 1 DAGs
[2025-10-13T12:04:54.234+0000] {logging_mixin.py:188} INFO - [2025-10-13T12:04:54.233+0000] {dag.py:3834} INFO - Setting next_dagrun for weather_gold_v1 to 2025-10-12 00:00:00+00:00, run_after=2025-10-19 00:00:00+00:00
[2025-10-13T12:04:54.335+0000] {processor.py:183} INFO - Processing /opt/airflow/dags/weather_gold_v1.py took 0.519 seconds
[2025-10-13T12:05:24.437+0000] {processor.py:161} INFO - Started process (PID=10454) to work on /opt/airflow/dags/weather_gold_v1.py
[2025-10-13T12:05:24.439+0000] {processor.py:830} INFO - Processing file /opt/airflow/dags/weather_gold_v1.py for tasks to queue
[2025-10-13T12:05:24.441+0000] {logging_mixin.py:188} INFO - [2025-10-13T12:05:24.441+0000] {dagbag.py:540} INFO - Filling up the DagBag from /opt/airflow/dags/weather_gold_v1.py
[2025-10-13T12:05:24.489+0000] {processor.py:840} INFO - DAG(s) 'weather_gold_v1' retrieved from /opt/airflow/dags/weather_gold_v1.py
[2025-10-13T12:05:24.605+0000] {logging_mixin.py:188} INFO - [2025-10-13T12:05:24.604+0000] {dag.py:3047} INFO - Sync 1 DAGs
[2025-10-13T12:05:24.684+0000] {logging_mixin.py:188} INFO - [2025-10-13T12:05:24.684+0000] {dag.py:3834} INFO - Setting next_dagrun for weather_gold_v1 to 2025-10-12 00:00:00+00:00, run_after=2025-10-19 00:00:00+00:00
[2025-10-13T12:05:24.771+0000] {processor.py:183} INFO - Processing /opt/airflow/dags/weather_gold_v1.py took 0.339 seconds
[2025-10-13T12:05:55.353+0000] {processor.py:161} INFO - Started process (PID=10469) to work on /opt/airflow/dags/weather_gold_v1.py
[2025-10-13T12:05:55.355+0000] {processor.py:830} INFO - Processing file /opt/airflow/dags/weather_gold_v1.py for tasks to queue
[2025-10-13T12:05:55.358+0000] {logging_mixin.py:188} INFO - [2025-10-13T12:05:55.357+0000] {dagbag.py:540} INFO - Filling up the DagBag from /opt/airflow/dags/weather_gold_v1.py
[2025-10-13T12:05:55.447+0000] {processor.py:840} INFO - DAG(s) 'weather_gold_v1' retrieved from /opt/airflow/dags/weather_gold_v1.py
[2025-10-13T12:05:55.561+0000] {logging_mixin.py:188} INFO - [2025-10-13T12:05:55.560+0000] {dag.py:3047} INFO - Sync 1 DAGs
[2025-10-13T12:05:55.639+0000] {logging_mixin.py:188} INFO - [2025-10-13T12:05:55.638+0000] {dag.py:3834} INFO - Setting next_dagrun for weather_gold_v1 to 2025-10-12 00:00:00+00:00, run_after=2025-10-19 00:00:00+00:00
[2025-10-13T12:05:55.710+0000] {processor.py:183} INFO - Processing /opt/airflow/dags/weather_gold_v1.py took 0.367 seconds
[2025-10-13T12:06:26.356+0000] {processor.py:161} INFO - Started process (PID=10484) to work on /opt/airflow/dags/weather_gold_v1.py
[2025-10-13T12:06:26.358+0000] {processor.py:830} INFO - Processing file /opt/airflow/dags/weather_gold_v1.py for tasks to queue
[2025-10-13T12:06:26.360+0000] {logging_mixin.py:188} INFO - [2025-10-13T12:06:26.360+0000] {dagbag.py:540} INFO - Filling up the DagBag from /opt/airflow/dags/weather_gold_v1.py
[2025-10-13T12:06:26.405+0000] {processor.py:840} INFO - DAG(s) 'weather_gold_v1' retrieved from /opt/airflow/dags/weather_gold_v1.py
[2025-10-13T12:06:26.502+0000] {logging_mixin.py:188} INFO - [2025-10-13T12:06:26.501+0000] {dag.py:3047} INFO - Sync 1 DAGs
[2025-10-13T12:06:26.574+0000] {logging_mixin.py:188} INFO - [2025-10-13T12:06:26.573+0000] {dag.py:3834} INFO - Setting next_dagrun for weather_gold_v1 to 2025-10-12 00:00:00+00:00, run_after=2025-10-19 00:00:00+00:00
[2025-10-13T12:06:26.665+0000] {processor.py:183} INFO - Processing /opt/airflow/dags/weather_gold_v1.py took 0.316 seconds
[2025-10-13T12:06:57.137+0000] {processor.py:161} INFO - Started process (PID=10499) to work on /opt/airflow/dags/weather_gold_v1.py
[2025-10-13T12:06:57.139+0000] {processor.py:830} INFO - Processing file /opt/airflow/dags/weather_gold_v1.py for tasks to queue
[2025-10-13T12:06:57.141+0000] {logging_mixin.py:188} INFO - [2025-10-13T12:06:57.141+0000] {dagbag.py:540} INFO - Filling up the DagBag from /opt/airflow/dags/weather_gold_v1.py
[2025-10-13T12:06:57.172+0000] {processor.py:840} INFO - DAG(s) 'weather_gold_v1' retrieved from /opt/airflow/dags/weather_gold_v1.py
[2025-10-13T12:06:57.248+0000] {logging_mixin.py:188} INFO - [2025-10-13T12:06:57.248+0000] {dag.py:3047} INFO - Sync 1 DAGs
[2025-10-13T12:06:57.303+0000] {logging_mixin.py:188} INFO - [2025-10-13T12:06:57.302+0000] {dag.py:3834} INFO - Setting next_dagrun for weather_gold_v1 to 2025-10-12 00:00:00+00:00, run_after=2025-10-19 00:00:00+00:00
[2025-10-13T12:06:57.415+0000] {processor.py:183} INFO - Processing /opt/airflow/dags/weather_gold_v1.py took 0.294 seconds
[2025-10-13T12:07:28.014+0000] {processor.py:161} INFO - Started process (PID=10514) to work on /opt/airflow/dags/weather_gold_v1.py
[2025-10-13T12:07:28.018+0000] {processor.py:830} INFO - Processing file /opt/airflow/dags/weather_gold_v1.py for tasks to queue
[2025-10-13T12:07:28.022+0000] {logging_mixin.py:188} INFO - [2025-10-13T12:07:28.021+0000] {dagbag.py:540} INFO - Filling up the DagBag from /opt/airflow/dags/weather_gold_v1.py
[2025-10-13T12:07:28.083+0000] {processor.py:840} INFO - DAG(s) 'weather_gold_v1' retrieved from /opt/airflow/dags/weather_gold_v1.py
[2025-10-13T12:07:28.206+0000] {logging_mixin.py:188} INFO - [2025-10-13T12:07:28.206+0000] {dag.py:3047} INFO - Sync 1 DAGs
[2025-10-13T12:07:28.290+0000] {logging_mixin.py:188} INFO - [2025-10-13T12:07:28.289+0000] {dag.py:3834} INFO - Setting next_dagrun for weather_gold_v1 to 2025-10-12 00:00:00+00:00, run_after=2025-10-19 00:00:00+00:00
[2025-10-13T12:07:28.394+0000] {processor.py:183} INFO - Processing /opt/airflow/dags/weather_gold_v1.py took 0.391 seconds
[2025-10-13T12:07:58.970+0000] {processor.py:161} INFO - Started process (PID=10529) to work on /opt/airflow/dags/weather_gold_v1.py
[2025-10-13T12:07:58.972+0000] {processor.py:830} INFO - Processing file /opt/airflow/dags/weather_gold_v1.py for tasks to queue
[2025-10-13T12:07:58.975+0000] {logging_mixin.py:188} INFO - [2025-10-13T12:07:58.975+0000] {dagbag.py:540} INFO - Filling up the DagBag from /opt/airflow/dags/weather_gold_v1.py
[2025-10-13T12:07:59.018+0000] {processor.py:840} INFO - DAG(s) 'weather_gold_v1' retrieved from /opt/airflow/dags/weather_gold_v1.py
[2025-10-13T12:07:59.102+0000] {logging_mixin.py:188} INFO - [2025-10-13T12:07:59.102+0000] {dag.py:3047} INFO - Sync 1 DAGs
[2025-10-13T12:07:59.167+0000] {logging_mixin.py:188} INFO - [2025-10-13T12:07:59.166+0000] {dag.py:3834} INFO - Setting next_dagrun for weather_gold_v1 to 2025-10-12 00:00:00+00:00, run_after=2025-10-19 00:00:00+00:00
[2025-10-13T12:07:59.255+0000] {processor.py:183} INFO - Processing /opt/airflow/dags/weather_gold_v1.py took 0.293 seconds
[2025-10-13T12:08:29.921+0000] {processor.py:161} INFO - Started process (PID=10544) to work on /opt/airflow/dags/weather_gold_v1.py
[2025-10-13T12:08:29.925+0000] {processor.py:830} INFO - Processing file /opt/airflow/dags/weather_gold_v1.py for tasks to queue
[2025-10-13T12:08:29.929+0000] {logging_mixin.py:188} INFO - [2025-10-13T12:08:29.928+0000] {dagbag.py:540} INFO - Filling up the DagBag from /opt/airflow/dags/weather_gold_v1.py
[2025-10-13T12:08:29.986+0000] {processor.py:840} INFO - DAG(s) 'weather_gold_v1' retrieved from /opt/airflow/dags/weather_gold_v1.py
[2025-10-13T12:08:30.083+0000] {logging_mixin.py:188} INFO - [2025-10-13T12:08:30.082+0000] {dag.py:3047} INFO - Sync 1 DAGs
[2025-10-13T12:08:30.155+0000] {logging_mixin.py:188} INFO - [2025-10-13T12:08:30.154+0000] {dag.py:3834} INFO - Setting next_dagrun for weather_gold_v1 to 2025-10-12 00:00:00+00:00, run_after=2025-10-19 00:00:00+00:00
[2025-10-13T12:08:30.264+0000] {processor.py:183} INFO - Processing /opt/airflow/dags/weather_gold_v1.py took 0.349 seconds
[2025-10-13T12:09:01.041+0000] {processor.py:161} INFO - Started process (PID=10559) to work on /opt/airflow/dags/weather_gold_v1.py
[2025-10-13T12:09:01.044+0000] {processor.py:830} INFO - Processing file /opt/airflow/dags/weather_gold_v1.py for tasks to queue
[2025-10-13T12:09:01.046+0000] {logging_mixin.py:188} INFO - [2025-10-13T12:09:01.045+0000] {dagbag.py:540} INFO - Filling up the DagBag from /opt/airflow/dags/weather_gold_v1.py
[2025-10-13T12:09:01.102+0000] {processor.py:840} INFO - DAG(s) 'weather_gold_v1' retrieved from /opt/airflow/dags/weather_gold_v1.py
[2025-10-13T12:09:01.208+0000] {logging_mixin.py:188} INFO - [2025-10-13T12:09:01.208+0000] {dag.py:3047} INFO - Sync 1 DAGs
[2025-10-13T12:09:01.279+0000] {logging_mixin.py:188} INFO - [2025-10-13T12:09:01.278+0000] {dag.py:3834} INFO - Setting next_dagrun for weather_gold_v1 to 2025-10-12 00:00:00+00:00, run_after=2025-10-19 00:00:00+00:00
[2025-10-13T12:09:01.364+0000] {processor.py:183} INFO - Processing /opt/airflow/dags/weather_gold_v1.py took 0.329 seconds
[2025-10-13T12:09:32.031+0000] {processor.py:161} INFO - Started process (PID=10574) to work on /opt/airflow/dags/weather_gold_v1.py
[2025-10-13T12:09:32.034+0000] {processor.py:830} INFO - Processing file /opt/airflow/dags/weather_gold_v1.py for tasks to queue
[2025-10-13T12:09:32.042+0000] {logging_mixin.py:188} INFO - [2025-10-13T12:09:32.040+0000] {dagbag.py:540} INFO - Filling up the DagBag from /opt/airflow/dags/weather_gold_v1.py
[2025-10-13T12:09:32.093+0000] {processor.py:840} INFO - DAG(s) 'weather_gold_v1' retrieved from /opt/airflow/dags/weather_gold_v1.py
[2025-10-13T12:09:32.200+0000] {logging_mixin.py:188} INFO - [2025-10-13T12:09:32.199+0000] {dag.py:3047} INFO - Sync 1 DAGs
[2025-10-13T12:09:32.440+0000] {logging_mixin.py:188} INFO - [2025-10-13T12:09:32.439+0000] {dag.py:3834} INFO - Setting next_dagrun for weather_gold_v1 to 2025-10-12 00:00:00+00:00, run_after=2025-10-19 00:00:00+00:00
[2025-10-13T12:09:32.629+0000] {processor.py:183} INFO - Processing /opt/airflow/dags/weather_gold_v1.py took 0.606 seconds
[2025-10-13T12:10:03.013+0000] {processor.py:161} INFO - Started process (PID=10589) to work on /opt/airflow/dags/weather_gold_v1.py
[2025-10-13T12:10:03.016+0000] {processor.py:830} INFO - Processing file /opt/airflow/dags/weather_gold_v1.py for tasks to queue
[2025-10-13T12:10:03.019+0000] {logging_mixin.py:188} INFO - [2025-10-13T12:10:03.018+0000] {dagbag.py:540} INFO - Filling up the DagBag from /opt/airflow/dags/weather_gold_v1.py
[2025-10-13T12:10:03.061+0000] {processor.py:840} INFO - DAG(s) 'weather_gold_v1' retrieved from /opt/airflow/dags/weather_gold_v1.py
[2025-10-13T12:10:03.207+0000] {logging_mixin.py:188} INFO - [2025-10-13T12:10:03.206+0000] {dag.py:3047} INFO - Sync 1 DAGs
[2025-10-13T12:10:03.385+0000] {logging_mixin.py:188} INFO - [2025-10-13T12:10:03.384+0000] {dag.py:3834} INFO - Setting next_dagrun for weather_gold_v1 to 2025-10-12 00:00:00+00:00, run_after=2025-10-19 00:00:00+00:00
[2025-10-13T12:10:03.600+0000] {processor.py:183} INFO - Processing /opt/airflow/dags/weather_gold_v1.py took 0.595 seconds
[2025-10-13T12:10:33.974+0000] {processor.py:161} INFO - Started process (PID=10604) to work on /opt/airflow/dags/weather_gold_v1.py
[2025-10-13T12:10:33.984+0000] {processor.py:830} INFO - Processing file /opt/airflow/dags/weather_gold_v1.py for tasks to queue
[2025-10-13T12:10:33.988+0000] {logging_mixin.py:188} INFO - [2025-10-13T12:10:33.987+0000] {dagbag.py:540} INFO - Filling up the DagBag from /opt/airflow/dags/weather_gold_v1.py
[2025-10-13T12:10:34.149+0000] {processor.py:840} INFO - DAG(s) 'weather_gold_v1' retrieved from /opt/airflow/dags/weather_gold_v1.py
[2025-10-13T12:10:34.263+0000] {logging_mixin.py:188} INFO - [2025-10-13T12:10:34.262+0000] {dag.py:3047} INFO - Sync 1 DAGs
[2025-10-13T12:10:34.345+0000] {logging_mixin.py:188} INFO - [2025-10-13T12:10:34.345+0000] {dag.py:3834} INFO - Setting next_dagrun for weather_gold_v1 to 2025-10-12 00:00:00+00:00, run_after=2025-10-19 00:00:00+00:00
[2025-10-13T12:10:34.442+0000] {processor.py:183} INFO - Processing /opt/airflow/dags/weather_gold_v1.py took 0.481 seconds
[2025-10-13T12:11:05.291+0000] {processor.py:161} INFO - Started process (PID=10619) to work on /opt/airflow/dags/weather_gold_v1.py
[2025-10-13T12:11:05.293+0000] {processor.py:830} INFO - Processing file /opt/airflow/dags/weather_gold_v1.py for tasks to queue
[2025-10-13T12:11:05.295+0000] {logging_mixin.py:188} INFO - [2025-10-13T12:11:05.294+0000] {dagbag.py:540} INFO - Filling up the DagBag from /opt/airflow/dags/weather_gold_v1.py
[2025-10-13T12:11:05.345+0000] {processor.py:840} INFO - DAG(s) 'weather_gold_v1' retrieved from /opt/airflow/dags/weather_gold_v1.py
[2025-10-13T12:11:05.458+0000] {logging_mixin.py:188} INFO - [2025-10-13T12:11:05.458+0000] {dag.py:3047} INFO - Sync 1 DAGs
[2025-10-13T12:11:05.539+0000] {logging_mixin.py:188} INFO - [2025-10-13T12:11:05.539+0000] {dag.py:3834} INFO - Setting next_dagrun for weather_gold_v1 to 2025-10-12 00:00:00+00:00, run_after=2025-10-19 00:00:00+00:00
[2025-10-13T12:11:05.671+0000] {processor.py:183} INFO - Processing /opt/airflow/dags/weather_gold_v1.py took 0.387 seconds
[2025-10-13T12:11:36.424+0000] {processor.py:161} INFO - Started process (PID=10634) to work on /opt/airflow/dags/weather_gold_v1.py
[2025-10-13T12:11:36.427+0000] {processor.py:830} INFO - Processing file /opt/airflow/dags/weather_gold_v1.py for tasks to queue
[2025-10-13T12:11:36.429+0000] {logging_mixin.py:188} INFO - [2025-10-13T12:11:36.428+0000] {dagbag.py:540} INFO - Filling up the DagBag from /opt/airflow/dags/weather_gold_v1.py
[2025-10-13T12:11:36.479+0000] {processor.py:840} INFO - DAG(s) 'weather_gold_v1' retrieved from /opt/airflow/dags/weather_gold_v1.py
[2025-10-13T12:11:36.623+0000] {logging_mixin.py:188} INFO - [2025-10-13T12:11:36.622+0000] {dag.py:3047} INFO - Sync 1 DAGs
[2025-10-13T12:11:36.704+0000] {logging_mixin.py:188} INFO - [2025-10-13T12:11:36.704+0000] {dag.py:3834} INFO - Setting next_dagrun for weather_gold_v1 to 2025-10-12 00:00:00+00:00, run_after=2025-10-19 00:00:00+00:00
[2025-10-13T12:11:36.779+0000] {processor.py:183} INFO - Processing /opt/airflow/dags/weather_gold_v1.py took 0.364 seconds
[2025-10-13T12:12:07.317+0000] {processor.py:161} INFO - Started process (PID=10649) to work on /opt/airflow/dags/weather_gold_v1.py
[2025-10-13T12:12:07.323+0000] {processor.py:830} INFO - Processing file /opt/airflow/dags/weather_gold_v1.py for tasks to queue
[2025-10-13T12:12:07.332+0000] {logging_mixin.py:188} INFO - [2025-10-13T12:12:07.331+0000] {dagbag.py:540} INFO - Filling up the DagBag from /opt/airflow/dags/weather_gold_v1.py
[2025-10-13T12:12:07.408+0000] {processor.py:840} INFO - DAG(s) 'weather_gold_v1' retrieved from /opt/airflow/dags/weather_gold_v1.py
[2025-10-13T12:12:07.536+0000] {logging_mixin.py:188} INFO - [2025-10-13T12:12:07.535+0000] {dag.py:3047} INFO - Sync 1 DAGs
[2025-10-13T12:12:07.615+0000] {logging_mixin.py:188} INFO - [2025-10-13T12:12:07.615+0000] {dag.py:3834} INFO - Setting next_dagrun for weather_gold_v1 to 2025-10-12 00:00:00+00:00, run_after=2025-10-19 00:00:00+00:00
[2025-10-13T12:12:07.714+0000] {processor.py:183} INFO - Processing /opt/airflow/dags/weather_gold_v1.py took 0.402 seconds
[2025-10-13T12:12:38.321+0000] {processor.py:161} INFO - Started process (PID=10664) to work on /opt/airflow/dags/weather_gold_v1.py
[2025-10-13T12:12:38.323+0000] {processor.py:830} INFO - Processing file /opt/airflow/dags/weather_gold_v1.py for tasks to queue
[2025-10-13T12:12:38.327+0000] {logging_mixin.py:188} INFO - [2025-10-13T12:12:38.326+0000] {dagbag.py:540} INFO - Filling up the DagBag from /opt/airflow/dags/weather_gold_v1.py
[2025-10-13T12:12:38.373+0000] {processor.py:840} INFO - DAG(s) 'weather_gold_v1' retrieved from /opt/airflow/dags/weather_gold_v1.py
[2025-10-13T12:12:38.452+0000] {logging_mixin.py:188} INFO - [2025-10-13T12:12:38.451+0000] {dag.py:3047} INFO - Sync 1 DAGs
[2025-10-13T12:12:38.509+0000] {logging_mixin.py:188} INFO - [2025-10-13T12:12:38.509+0000] {dag.py:3834} INFO - Setting next_dagrun for weather_gold_v1 to 2025-10-12 00:00:00+00:00, run_after=2025-10-19 00:00:00+00:00
[2025-10-13T12:12:38.605+0000] {processor.py:183} INFO - Processing /opt/airflow/dags/weather_gold_v1.py took 0.305 seconds
[2025-10-13T12:13:09.215+0000] {processor.py:161} INFO - Started process (PID=10679) to work on /opt/airflow/dags/weather_gold_v1.py
[2025-10-13T12:13:09.217+0000] {processor.py:830} INFO - Processing file /opt/airflow/dags/weather_gold_v1.py for tasks to queue
[2025-10-13T12:13:09.219+0000] {logging_mixin.py:188} INFO - [2025-10-13T12:13:09.218+0000] {dagbag.py:540} INFO - Filling up the DagBag from /opt/airflow/dags/weather_gold_v1.py
[2025-10-13T12:13:09.294+0000] {processor.py:840} INFO - DAG(s) 'weather_gold_v1' retrieved from /opt/airflow/dags/weather_gold_v1.py
[2025-10-13T12:13:09.452+0000] {logging_mixin.py:188} INFO - [2025-10-13T12:13:09.451+0000] {dag.py:3047} INFO - Sync 1 DAGs
[2025-10-13T12:13:09.534+0000] {logging_mixin.py:188} INFO - [2025-10-13T12:13:09.534+0000] {dag.py:3834} INFO - Setting next_dagrun for weather_gold_v1 to 2025-10-12 00:00:00+00:00, run_after=2025-10-19 00:00:00+00:00
[2025-10-13T12:13:09.631+0000] {processor.py:183} INFO - Processing /opt/airflow/dags/weather_gold_v1.py took 0.422 seconds
[2025-10-13T12:13:39.757+0000] {processor.py:161} INFO - Started process (PID=10694) to work on /opt/airflow/dags/weather_gold_v1.py
[2025-10-13T12:13:39.760+0000] {processor.py:830} INFO - Processing file /opt/airflow/dags/weather_gold_v1.py for tasks to queue
[2025-10-13T12:13:39.762+0000] {logging_mixin.py:188} INFO - [2025-10-13T12:13:39.761+0000] {dagbag.py:540} INFO - Filling up the DagBag from /opt/airflow/dags/weather_gold_v1.py
[2025-10-13T12:13:39.808+0000] {processor.py:840} INFO - DAG(s) 'weather_gold_v1' retrieved from /opt/airflow/dags/weather_gold_v1.py
[2025-10-13T12:13:39.929+0000] {logging_mixin.py:188} INFO - [2025-10-13T12:13:39.928+0000] {dag.py:3047} INFO - Sync 1 DAGs
[2025-10-13T12:13:40.016+0000] {logging_mixin.py:188} INFO - [2025-10-13T12:13:40.013+0000] {dag.py:3834} INFO - Setting next_dagrun for weather_gold_v1 to 2025-10-12 00:00:00+00:00, run_after=2025-10-19 00:00:00+00:00
[2025-10-13T12:13:40.140+0000] {processor.py:183} INFO - Processing /opt/airflow/dags/weather_gold_v1.py took 0.387 seconds
[2025-10-13T12:14:11.084+0000] {processor.py:161} INFO - Started process (PID=10709) to work on /opt/airflow/dags/weather_gold_v1.py
[2025-10-13T12:14:11.092+0000] {processor.py:830} INFO - Processing file /opt/airflow/dags/weather_gold_v1.py for tasks to queue
[2025-10-13T12:14:11.095+0000] {logging_mixin.py:188} INFO - [2025-10-13T12:14:11.094+0000] {dagbag.py:540} INFO - Filling up the DagBag from /opt/airflow/dags/weather_gold_v1.py
[2025-10-13T12:14:11.139+0000] {processor.py:840} INFO - DAG(s) 'weather_gold_v1' retrieved from /opt/airflow/dags/weather_gold_v1.py
[2025-10-13T12:14:11.303+0000] {logging_mixin.py:188} INFO - [2025-10-13T12:14:11.302+0000] {dag.py:3047} INFO - Sync 1 DAGs
[2025-10-13T12:14:11.402+0000] {logging_mixin.py:188} INFO - [2025-10-13T12:14:11.402+0000] {dag.py:3834} INFO - Setting next_dagrun for weather_gold_v1 to 2025-10-12 00:00:00+00:00, run_after=2025-10-19 00:00:00+00:00
[2025-10-13T12:14:11.483+0000] {processor.py:183} INFO - Processing /opt/airflow/dags/weather_gold_v1.py took 0.423 seconds
[2025-10-13T12:14:41.733+0000] {processor.py:161} INFO - Started process (PID=10724) to work on /opt/airflow/dags/weather_gold_v1.py
[2025-10-13T12:14:41.738+0000] {processor.py:830} INFO - Processing file /opt/airflow/dags/weather_gold_v1.py for tasks to queue
[2025-10-13T12:14:41.742+0000] {logging_mixin.py:188} INFO - [2025-10-13T12:14:41.741+0000] {dagbag.py:540} INFO - Filling up the DagBag from /opt/airflow/dags/weather_gold_v1.py
[2025-10-13T12:14:41.782+0000] {processor.py:840} INFO - DAG(s) 'weather_gold_v1' retrieved from /opt/airflow/dags/weather_gold_v1.py
[2025-10-13T12:14:41.900+0000] {logging_mixin.py:188} INFO - [2025-10-13T12:14:41.900+0000] {dag.py:3047} INFO - Sync 1 DAGs
[2025-10-13T12:14:41.964+0000] {logging_mixin.py:188} INFO - [2025-10-13T12:14:41.963+0000] {dag.py:3834} INFO - Setting next_dagrun for weather_gold_v1 to 2025-10-12 00:00:00+00:00, run_after=2025-10-19 00:00:00+00:00
[2025-10-13T12:14:42.061+0000] {processor.py:183} INFO - Processing /opt/airflow/dags/weather_gold_v1.py took 0.337 seconds
[2025-10-13T12:15:12.238+0000] {processor.py:161} INFO - Started process (PID=10739) to work on /opt/airflow/dags/weather_gold_v1.py
[2025-10-13T12:15:12.244+0000] {processor.py:830} INFO - Processing file /opt/airflow/dags/weather_gold_v1.py for tasks to queue
[2025-10-13T12:15:12.250+0000] {logging_mixin.py:188} INFO - [2025-10-13T12:15:12.248+0000] {dagbag.py:540} INFO - Filling up the DagBag from /opt/airflow/dags/weather_gold_v1.py
[2025-10-13T12:15:12.317+0000] {processor.py:840} INFO - DAG(s) 'weather_gold_v1' retrieved from /opt/airflow/dags/weather_gold_v1.py
[2025-10-13T12:15:12.429+0000] {logging_mixin.py:188} INFO - [2025-10-13T12:15:12.429+0000] {dag.py:3047} INFO - Sync 1 DAGs
[2025-10-13T12:15:12.511+0000] {logging_mixin.py:188} INFO - [2025-10-13T12:15:12.511+0000] {dag.py:3834} INFO - Setting next_dagrun for weather_gold_v1 to 2025-10-12 00:00:00+00:00, run_after=2025-10-19 00:00:00+00:00
[2025-10-13T12:15:12.587+0000] {processor.py:183} INFO - Processing /opt/airflow/dags/weather_gold_v1.py took 0.356 seconds
[2025-10-13T12:15:43.226+0000] {processor.py:161} INFO - Started process (PID=10754) to work on /opt/airflow/dags/weather_gold_v1.py
[2025-10-13T12:15:43.230+0000] {processor.py:830} INFO - Processing file /opt/airflow/dags/weather_gold_v1.py for tasks to queue
[2025-10-13T12:15:43.233+0000] {logging_mixin.py:188} INFO - [2025-10-13T12:15:43.232+0000] {dagbag.py:540} INFO - Filling up the DagBag from /opt/airflow/dags/weather_gold_v1.py
[2025-10-13T12:15:43.280+0000] {processor.py:840} INFO - DAG(s) 'weather_gold_v1' retrieved from /opt/airflow/dags/weather_gold_v1.py
[2025-10-13T12:15:43.375+0000] {logging_mixin.py:188} INFO - [2025-10-13T12:15:43.375+0000] {dag.py:3047} INFO - Sync 1 DAGs
[2025-10-13T12:15:43.440+0000] {logging_mixin.py:188} INFO - [2025-10-13T12:15:43.440+0000] {dag.py:3834} INFO - Setting next_dagrun for weather_gold_v1 to 2025-10-12 00:00:00+00:00, run_after=2025-10-19 00:00:00+00:00
[2025-10-13T12:15:43.547+0000] {processor.py:183} INFO - Processing /opt/airflow/dags/weather_gold_v1.py took 0.327 seconds
[2025-10-13T12:16:14.373+0000] {processor.py:161} INFO - Started process (PID=10769) to work on /opt/airflow/dags/weather_gold_v1.py
[2025-10-13T12:16:14.378+0000] {processor.py:830} INFO - Processing file /opt/airflow/dags/weather_gold_v1.py for tasks to queue
[2025-10-13T12:16:14.383+0000] {logging_mixin.py:188} INFO - [2025-10-13T12:16:14.381+0000] {dagbag.py:540} INFO - Filling up the DagBag from /opt/airflow/dags/weather_gold_v1.py
[2025-10-13T12:16:14.548+0000] {processor.py:840} INFO - DAG(s) 'weather_gold_v1' retrieved from /opt/airflow/dags/weather_gold_v1.py
[2025-10-13T12:16:14.680+0000] {logging_mixin.py:188} INFO - [2025-10-13T12:16:14.679+0000] {dag.py:3047} INFO - Sync 1 DAGs
[2025-10-13T12:16:14.758+0000] {logging_mixin.py:188} INFO - [2025-10-13T12:16:14.758+0000] {dag.py:3834} INFO - Setting next_dagrun for weather_gold_v1 to 2025-10-12 00:00:00+00:00, run_after=2025-10-19 00:00:00+00:00
[2025-10-13T12:16:14.873+0000] {processor.py:183} INFO - Processing /opt/airflow/dags/weather_gold_v1.py took 0.510 seconds
[2025-10-13T12:16:45.007+0000] {processor.py:161} INFO - Started process (PID=10784) to work on /opt/airflow/dags/weather_gold_v1.py
[2025-10-13T12:16:45.009+0000] {processor.py:830} INFO - Processing file /opt/airflow/dags/weather_gold_v1.py for tasks to queue
[2025-10-13T12:16:45.011+0000] {logging_mixin.py:188} INFO - [2025-10-13T12:16:45.010+0000] {dagbag.py:540} INFO - Filling up the DagBag from /opt/airflow/dags/weather_gold_v1.py
[2025-10-13T12:16:45.048+0000] {processor.py:840} INFO - DAG(s) 'weather_gold_v1' retrieved from /opt/airflow/dags/weather_gold_v1.py
[2025-10-13T12:16:45.148+0000] {logging_mixin.py:188} INFO - [2025-10-13T12:16:45.148+0000] {dag.py:3047} INFO - Sync 1 DAGs
[2025-10-13T12:16:45.216+0000] {logging_mixin.py:188} INFO - [2025-10-13T12:16:45.215+0000] {dag.py:3834} INFO - Setting next_dagrun for weather_gold_v1 to 2025-10-12 00:00:00+00:00, run_after=2025-10-19 00:00:00+00:00
[2025-10-13T12:16:45.292+0000] {processor.py:183} INFO - Processing /opt/airflow/dags/weather_gold_v1.py took 0.289 seconds
[2025-10-13T12:17:15.818+0000] {processor.py:161} INFO - Started process (PID=10799) to work on /opt/airflow/dags/weather_gold_v1.py
[2025-10-13T12:17:15.820+0000] {processor.py:830} INFO - Processing file /opt/airflow/dags/weather_gold_v1.py for tasks to queue
[2025-10-13T12:17:15.823+0000] {logging_mixin.py:188} INFO - [2025-10-13T12:17:15.822+0000] {dagbag.py:540} INFO - Filling up the DagBag from /opt/airflow/dags/weather_gold_v1.py
[2025-10-13T12:17:15.863+0000] {processor.py:840} INFO - DAG(s) 'weather_gold_v1' retrieved from /opt/airflow/dags/weather_gold_v1.py
[2025-10-13T12:17:15.942+0000] {logging_mixin.py:188} INFO - [2025-10-13T12:17:15.941+0000] {dag.py:3047} INFO - Sync 1 DAGs
[2025-10-13T12:17:16.005+0000] {logging_mixin.py:188} INFO - [2025-10-13T12:17:16.005+0000] {dag.py:3834} INFO - Setting next_dagrun for weather_gold_v1 to 2025-10-12 00:00:00+00:00, run_after=2025-10-19 00:00:00+00:00
[2025-10-13T12:17:16.089+0000] {processor.py:183} INFO - Processing /opt/airflow/dags/weather_gold_v1.py took 0.281 seconds
[2025-10-13T12:17:46.709+0000] {processor.py:161} INFO - Started process (PID=10814) to work on /opt/airflow/dags/weather_gold_v1.py
[2025-10-13T12:17:46.712+0000] {processor.py:830} INFO - Processing file /opt/airflow/dags/weather_gold_v1.py for tasks to queue
[2025-10-13T12:17:46.714+0000] {logging_mixin.py:188} INFO - [2025-10-13T12:17:46.713+0000] {dagbag.py:540} INFO - Filling up the DagBag from /opt/airflow/dags/weather_gold_v1.py
[2025-10-13T12:17:46.749+0000] {processor.py:840} INFO - DAG(s) 'weather_gold_v1' retrieved from /opt/airflow/dags/weather_gold_v1.py
[2025-10-13T12:17:46.865+0000] {logging_mixin.py:188} INFO - [2025-10-13T12:17:46.865+0000] {dag.py:3047} INFO - Sync 1 DAGs
[2025-10-13T12:17:46.941+0000] {logging_mixin.py:188} INFO - [2025-10-13T12:17:46.940+0000] {dag.py:3834} INFO - Setting next_dagrun for weather_gold_v1 to 2025-10-12 00:00:00+00:00, run_after=2025-10-19 00:00:00+00:00
[2025-10-13T12:17:47.022+0000] {processor.py:183} INFO - Processing /opt/airflow/dags/weather_gold_v1.py took 0.318 seconds
[2025-10-13T12:18:17.772+0000] {processor.py:161} INFO - Started process (PID=10829) to work on /opt/airflow/dags/weather_gold_v1.py
[2025-10-13T12:18:17.784+0000] {processor.py:830} INFO - Processing file /opt/airflow/dags/weather_gold_v1.py for tasks to queue
[2025-10-13T12:18:17.795+0000] {logging_mixin.py:188} INFO - [2025-10-13T12:18:17.794+0000] {dagbag.py:540} INFO - Filling up the DagBag from /opt/airflow/dags/weather_gold_v1.py
[2025-10-13T12:18:18.104+0000] {processor.py:840} INFO - DAG(s) 'weather_gold_v1' retrieved from /opt/airflow/dags/weather_gold_v1.py
[2025-10-13T12:18:18.457+0000] {logging_mixin.py:188} INFO - [2025-10-13T12:18:18.456+0000] {dag.py:3047} INFO - Sync 1 DAGs
[2025-10-13T12:18:18.567+0000] {logging_mixin.py:188} INFO - [2025-10-13T12:18:18.566+0000] {dag.py:3834} INFO - Setting next_dagrun for weather_gold_v1 to 2025-10-12 00:00:00+00:00, run_after=2025-10-19 00:00:00+00:00
[2025-10-13T12:18:18.691+0000] {processor.py:183} INFO - Processing /opt/airflow/dags/weather_gold_v1.py took 0.975 seconds
[2025-10-13T12:18:49.524+0000] {processor.py:161} INFO - Started process (PID=10844) to work on /opt/airflow/dags/weather_gold_v1.py
[2025-10-13T12:18:49.527+0000] {processor.py:830} INFO - Processing file /opt/airflow/dags/weather_gold_v1.py for tasks to queue
[2025-10-13T12:18:49.529+0000] {logging_mixin.py:188} INFO - [2025-10-13T12:18:49.529+0000] {dagbag.py:540} INFO - Filling up the DagBag from /opt/airflow/dags/weather_gold_v1.py
[2025-10-13T12:18:49.585+0000] {processor.py:840} INFO - DAG(s) 'weather_gold_v1' retrieved from /opt/airflow/dags/weather_gold_v1.py
[2025-10-13T12:18:49.696+0000] {logging_mixin.py:188} INFO - [2025-10-13T12:18:49.696+0000] {dag.py:3047} INFO - Sync 1 DAGs
[2025-10-13T12:18:49.759+0000] {logging_mixin.py:188} INFO - [2025-10-13T12:18:49.759+0000] {dag.py:3834} INFO - Setting next_dagrun for weather_gold_v1 to 2025-10-12 00:00:00+00:00, run_after=2025-10-19 00:00:00+00:00
[2025-10-13T12:18:49.833+0000] {processor.py:183} INFO - Processing /opt/airflow/dags/weather_gold_v1.py took 0.315 seconds
[2025-10-13T12:19:20.392+0000] {processor.py:161} INFO - Started process (PID=10859) to work on /opt/airflow/dags/weather_gold_v1.py
[2025-10-13T12:19:20.396+0000] {processor.py:830} INFO - Processing file /opt/airflow/dags/weather_gold_v1.py for tasks to queue
[2025-10-13T12:19:20.399+0000] {logging_mixin.py:188} INFO - [2025-10-13T12:19:20.399+0000] {dagbag.py:540} INFO - Filling up the DagBag from /opt/airflow/dags/weather_gold_v1.py
[2025-10-13T12:19:20.453+0000] {processor.py:840} INFO - DAG(s) 'weather_gold_v1' retrieved from /opt/airflow/dags/weather_gold_v1.py
[2025-10-13T12:19:20.561+0000] {logging_mixin.py:188} INFO - [2025-10-13T12:19:20.561+0000] {dag.py:3047} INFO - Sync 1 DAGs
[2025-10-13T12:19:20.625+0000] {logging_mixin.py:188} INFO - [2025-10-13T12:19:20.625+0000] {dag.py:3834} INFO - Setting next_dagrun for weather_gold_v1 to 2025-10-12 00:00:00+00:00, run_after=2025-10-19 00:00:00+00:00
[2025-10-13T12:19:20.695+0000] {processor.py:183} INFO - Processing /opt/airflow/dags/weather_gold_v1.py took 0.311 seconds
[2025-10-13T12:19:50.848+0000] {processor.py:161} INFO - Started process (PID=10874) to work on /opt/airflow/dags/weather_gold_v1.py
[2025-10-13T12:19:50.850+0000] {processor.py:830} INFO - Processing file /opt/airflow/dags/weather_gold_v1.py for tasks to queue
[2025-10-13T12:19:50.853+0000] {logging_mixin.py:188} INFO - [2025-10-13T12:19:50.853+0000] {dagbag.py:540} INFO - Filling up the DagBag from /opt/airflow/dags/weather_gold_v1.py
[2025-10-13T12:19:50.897+0000] {processor.py:840} INFO - DAG(s) 'weather_gold_v1' retrieved from /opt/airflow/dags/weather_gold_v1.py
[2025-10-13T12:19:50.990+0000] {logging_mixin.py:188} INFO - [2025-10-13T12:19:50.990+0000] {dag.py:3047} INFO - Sync 1 DAGs
[2025-10-13T12:19:51.094+0000] {logging_mixin.py:188} INFO - [2025-10-13T12:19:51.093+0000] {dag.py:3834} INFO - Setting next_dagrun for weather_gold_v1 to 2025-10-12 00:00:00+00:00, run_after=2025-10-19 00:00:00+00:00
[2025-10-13T12:19:51.162+0000] {processor.py:183} INFO - Processing /opt/airflow/dags/weather_gold_v1.py took 0.320 seconds
[2025-10-13T12:20:21.797+0000] {processor.py:161} INFO - Started process (PID=10889) to work on /opt/airflow/dags/weather_gold_v1.py
[2025-10-13T12:20:21.801+0000] {processor.py:830} INFO - Processing file /opt/airflow/dags/weather_gold_v1.py for tasks to queue
[2025-10-13T12:20:21.805+0000] {logging_mixin.py:188} INFO - [2025-10-13T12:20:21.804+0000] {dagbag.py:540} INFO - Filling up the DagBag from /opt/airflow/dags/weather_gold_v1.py
[2025-10-13T12:20:21.865+0000] {processor.py:840} INFO - DAG(s) 'weather_gold_v1' retrieved from /opt/airflow/dags/weather_gold_v1.py
[2025-10-13T12:20:21.976+0000] {logging_mixin.py:188} INFO - [2025-10-13T12:20:21.976+0000] {dag.py:3047} INFO - Sync 1 DAGs
[2025-10-13T12:20:22.043+0000] {logging_mixin.py:188} INFO - [2025-10-13T12:20:22.042+0000] {dag.py:3834} INFO - Setting next_dagrun for weather_gold_v1 to 2025-10-12 00:00:00+00:00, run_after=2025-10-19 00:00:00+00:00
[2025-10-13T12:20:22.148+0000] {processor.py:183} INFO - Processing /opt/airflow/dags/weather_gold_v1.py took 0.362 seconds
[2025-10-13T12:20:52.787+0000] {processor.py:161} INFO - Started process (PID=10904) to work on /opt/airflow/dags/weather_gold_v1.py
[2025-10-13T12:20:52.789+0000] {processor.py:830} INFO - Processing file /opt/airflow/dags/weather_gold_v1.py for tasks to queue
[2025-10-13T12:20:52.791+0000] {logging_mixin.py:188} INFO - [2025-10-13T12:20:52.791+0000] {dagbag.py:540} INFO - Filling up the DagBag from /opt/airflow/dags/weather_gold_v1.py
[2025-10-13T12:20:52.830+0000] {processor.py:840} INFO - DAG(s) 'weather_gold_v1' retrieved from /opt/airflow/dags/weather_gold_v1.py
[2025-10-13T12:20:52.927+0000] {logging_mixin.py:188} INFO - [2025-10-13T12:20:52.926+0000] {dag.py:3047} INFO - Sync 1 DAGs
[2025-10-13T12:20:53.005+0000] {logging_mixin.py:188} INFO - [2025-10-13T12:20:53.004+0000] {dag.py:3834} INFO - Setting next_dagrun for weather_gold_v1 to 2025-10-12 00:00:00+00:00, run_after=2025-10-19 00:00:00+00:00
[2025-10-13T12:20:53.135+0000] {processor.py:183} INFO - Processing /opt/airflow/dags/weather_gold_v1.py took 0.383 seconds
[2025-10-13T12:21:23.521+0000] {processor.py:161} INFO - Started process (PID=10919) to work on /opt/airflow/dags/weather_gold_v1.py
[2025-10-13T12:21:23.524+0000] {processor.py:830} INFO - Processing file /opt/airflow/dags/weather_gold_v1.py for tasks to queue
[2025-10-13T12:21:23.528+0000] {logging_mixin.py:188} INFO - [2025-10-13T12:21:23.526+0000] {dagbag.py:540} INFO - Filling up the DagBag from /opt/airflow/dags/weather_gold_v1.py
[2025-10-13T12:21:23.571+0000] {processor.py:840} INFO - DAG(s) 'weather_gold_v1' retrieved from /opt/airflow/dags/weather_gold_v1.py
[2025-10-13T12:21:23.663+0000] {logging_mixin.py:188} INFO - [2025-10-13T12:21:23.663+0000] {dag.py:3047} INFO - Sync 1 DAGs
[2025-10-13T12:21:23.726+0000] {logging_mixin.py:188} INFO - [2025-10-13T12:21:23.726+0000] {dag.py:3834} INFO - Setting next_dagrun for weather_gold_v1 to 2025-10-12 00:00:00+00:00, run_after=2025-10-19 00:00:00+00:00
[2025-10-13T12:21:23.796+0000] {processor.py:183} INFO - Processing /opt/airflow/dags/weather_gold_v1.py took 0.281 seconds
[2025-10-13T12:21:54.114+0000] {processor.py:161} INFO - Started process (PID=10934) to work on /opt/airflow/dags/weather_gold_v1.py
[2025-10-13T12:21:54.116+0000] {processor.py:830} INFO - Processing file /opt/airflow/dags/weather_gold_v1.py for tasks to queue
[2025-10-13T12:21:54.119+0000] {logging_mixin.py:188} INFO - [2025-10-13T12:21:54.119+0000] {dagbag.py:540} INFO - Filling up the DagBag from /opt/airflow/dags/weather_gold_v1.py
[2025-10-13T12:21:54.171+0000] {processor.py:840} INFO - DAG(s) 'weather_gold_v1' retrieved from /opt/airflow/dags/weather_gold_v1.py
[2025-10-13T12:21:54.266+0000] {logging_mixin.py:188} INFO - [2025-10-13T12:21:54.265+0000] {dag.py:3047} INFO - Sync 1 DAGs
[2025-10-13T12:21:54.334+0000] {logging_mixin.py:188} INFO - [2025-10-13T12:21:54.333+0000] {dag.py:3834} INFO - Setting next_dagrun for weather_gold_v1 to 2025-10-12 00:00:00+00:00, run_after=2025-10-19 00:00:00+00:00
[2025-10-13T12:21:54.493+0000] {processor.py:183} INFO - Processing /opt/airflow/dags/weather_gold_v1.py took 0.384 seconds
[2025-10-13T12:22:24.992+0000] {processor.py:161} INFO - Started process (PID=10949) to work on /opt/airflow/dags/weather_gold_v1.py
[2025-10-13T12:22:24.994+0000] {processor.py:830} INFO - Processing file /opt/airflow/dags/weather_gold_v1.py for tasks to queue
[2025-10-13T12:22:24.996+0000] {logging_mixin.py:188} INFO - [2025-10-13T12:22:24.996+0000] {dagbag.py:540} INFO - Filling up the DagBag from /opt/airflow/dags/weather_gold_v1.py
[2025-10-13T12:22:25.031+0000] {processor.py:840} INFO - DAG(s) 'weather_gold_v1' retrieved from /opt/airflow/dags/weather_gold_v1.py
[2025-10-13T12:22:25.188+0000] {logging_mixin.py:188} INFO - [2025-10-13T12:22:25.188+0000] {dag.py:3047} INFO - Sync 1 DAGs
[2025-10-13T12:22:25.290+0000] {logging_mixin.py:188} INFO - [2025-10-13T12:22:25.289+0000] {dag.py:3834} INFO - Setting next_dagrun for weather_gold_v1 to 2025-10-12 00:00:00+00:00, run_after=2025-10-19 00:00:00+00:00
[2025-10-13T12:22:25.386+0000] {processor.py:183} INFO - Processing /opt/airflow/dags/weather_gold_v1.py took 0.407 seconds
[2025-10-13T12:22:55.945+0000] {processor.py:161} INFO - Started process (PID=10964) to work on /opt/airflow/dags/weather_gold_v1.py
[2025-10-13T12:22:55.949+0000] {processor.py:830} INFO - Processing file /opt/airflow/dags/weather_gold_v1.py for tasks to queue
[2025-10-13T12:22:55.951+0000] {logging_mixin.py:188} INFO - [2025-10-13T12:22:55.951+0000] {dagbag.py:540} INFO - Filling up the DagBag from /opt/airflow/dags/weather_gold_v1.py
[2025-10-13T12:22:55.997+0000] {processor.py:840} INFO - DAG(s) 'weather_gold_v1' retrieved from /opt/airflow/dags/weather_gold_v1.py
[2025-10-13T12:22:56.113+0000] {logging_mixin.py:188} INFO - [2025-10-13T12:22:56.112+0000] {dag.py:3047} INFO - Sync 1 DAGs
[2025-10-13T12:22:56.182+0000] {logging_mixin.py:188} INFO - [2025-10-13T12:22:56.182+0000] {dag.py:3834} INFO - Setting next_dagrun for weather_gold_v1 to 2025-10-12 00:00:00+00:00, run_after=2025-10-19 00:00:00+00:00
[2025-10-13T12:22:56.255+0000] {processor.py:183} INFO - Processing /opt/airflow/dags/weather_gold_v1.py took 0.319 seconds
[2025-10-13T12:23:26.869+0000] {processor.py:161} INFO - Started process (PID=10979) to work on /opt/airflow/dags/weather_gold_v1.py
[2025-10-13T12:23:26.871+0000] {processor.py:830} INFO - Processing file /opt/airflow/dags/weather_gold_v1.py for tasks to queue
[2025-10-13T12:23:26.873+0000] {logging_mixin.py:188} INFO - [2025-10-13T12:23:26.872+0000] {dagbag.py:540} INFO - Filling up the DagBag from /opt/airflow/dags/weather_gold_v1.py
[2025-10-13T12:23:26.920+0000] {processor.py:840} INFO - DAG(s) 'weather_gold_v1' retrieved from /opt/airflow/dags/weather_gold_v1.py
[2025-10-13T12:23:27.062+0000] {logging_mixin.py:188} INFO - [2025-10-13T12:23:27.061+0000] {dag.py:3047} INFO - Sync 1 DAGs
[2025-10-13T12:23:27.241+0000] {logging_mixin.py:188} INFO - [2025-10-13T12:23:27.240+0000] {dag.py:3834} INFO - Setting next_dagrun for weather_gold_v1 to 2025-10-12 00:00:00+00:00, run_after=2025-10-19 00:00:00+00:00
[2025-10-13T12:23:27.344+0000] {processor.py:183} INFO - Processing /opt/airflow/dags/weather_gold_v1.py took 0.528 seconds
[2025-10-13T12:23:57.432+0000] {processor.py:161} INFO - Started process (PID=10994) to work on /opt/airflow/dags/weather_gold_v1.py
[2025-10-13T12:23:57.435+0000] {processor.py:830} INFO - Processing file /opt/airflow/dags/weather_gold_v1.py for tasks to queue
[2025-10-13T12:23:57.437+0000] {logging_mixin.py:188} INFO - [2025-10-13T12:23:57.437+0000] {dagbag.py:540} INFO - Filling up the DagBag from /opt/airflow/dags/weather_gold_v1.py
[2025-10-13T12:23:57.473+0000] {processor.py:840} INFO - DAG(s) 'weather_gold_v1' retrieved from /opt/airflow/dags/weather_gold_v1.py
[2025-10-13T12:23:57.554+0000] {logging_mixin.py:188} INFO - [2025-10-13T12:23:57.554+0000] {dag.py:3047} INFO - Sync 1 DAGs
[2025-10-13T12:23:57.609+0000] {logging_mixin.py:188} INFO - [2025-10-13T12:23:57.609+0000] {dag.py:3834} INFO - Setting next_dagrun for weather_gold_v1 to 2025-10-12 00:00:00+00:00, run_after=2025-10-19 00:00:00+00:00
[2025-10-13T12:23:57.673+0000] {processor.py:183} INFO - Processing /opt/airflow/dags/weather_gold_v1.py took 0.244 seconds
[2025-10-13T12:24:27.757+0000] {processor.py:161} INFO - Started process (PID=11009) to work on /opt/airflow/dags/weather_gold_v1.py
[2025-10-13T12:24:27.759+0000] {processor.py:830} INFO - Processing file /opt/airflow/dags/weather_gold_v1.py for tasks to queue
[2025-10-13T12:24:27.761+0000] {logging_mixin.py:188} INFO - [2025-10-13T12:24:27.760+0000] {dagbag.py:540} INFO - Filling up the DagBag from /opt/airflow/dags/weather_gold_v1.py
[2025-10-13T12:24:27.797+0000] {processor.py:840} INFO - DAG(s) 'weather_gold_v1' retrieved from /opt/airflow/dags/weather_gold_v1.py
[2025-10-13T12:24:27.893+0000] {logging_mixin.py:188} INFO - [2025-10-13T12:24:27.892+0000] {dag.py:3047} INFO - Sync 1 DAGs
[2025-10-13T12:24:27.964+0000] {logging_mixin.py:188} INFO - [2025-10-13T12:24:27.964+0000] {dag.py:3834} INFO - Setting next_dagrun for weather_gold_v1 to 2025-10-12 00:00:00+00:00, run_after=2025-10-19 00:00:00+00:00
[2025-10-13T12:24:28.037+0000] {processor.py:183} INFO - Processing /opt/airflow/dags/weather_gold_v1.py took 0.285 seconds
[2025-10-13T12:24:58.193+0000] {processor.py:161} INFO - Started process (PID=11024) to work on /opt/airflow/dags/weather_gold_v1.py
[2025-10-13T12:24:58.195+0000] {processor.py:830} INFO - Processing file /opt/airflow/dags/weather_gold_v1.py for tasks to queue
[2025-10-13T12:24:58.196+0000] {logging_mixin.py:188} INFO - [2025-10-13T12:24:58.196+0000] {dagbag.py:540} INFO - Filling up the DagBag from /opt/airflow/dags/weather_gold_v1.py
[2025-10-13T12:24:58.223+0000] {processor.py:840} INFO - DAG(s) 'weather_gold_v1' retrieved from /opt/airflow/dags/weather_gold_v1.py
[2025-10-13T12:24:58.273+0000] {logging_mixin.py:188} INFO - [2025-10-13T12:24:58.273+0000] {dag.py:3047} INFO - Sync 1 DAGs
[2025-10-13T12:24:58.313+0000] {logging_mixin.py:188} INFO - [2025-10-13T12:24:58.313+0000] {dag.py:3834} INFO - Setting next_dagrun for weather_gold_v1 to 2025-10-12 00:00:00+00:00, run_after=2025-10-19 00:00:00+00:00
[2025-10-13T12:24:58.366+0000] {processor.py:183} INFO - Processing /opt/airflow/dags/weather_gold_v1.py took 0.176 seconds
[2025-10-13T12:25:28.799+0000] {processor.py:161} INFO - Started process (PID=11039) to work on /opt/airflow/dags/weather_gold_v1.py
[2025-10-13T12:25:28.801+0000] {processor.py:830} INFO - Processing file /opt/airflow/dags/weather_gold_v1.py for tasks to queue
[2025-10-13T12:25:28.803+0000] {logging_mixin.py:188} INFO - [2025-10-13T12:25:28.802+0000] {dagbag.py:540} INFO - Filling up the DagBag from /opt/airflow/dags/weather_gold_v1.py
[2025-10-13T12:25:28.835+0000] {processor.py:840} INFO - DAG(s) 'weather_gold_v1' retrieved from /opt/airflow/dags/weather_gold_v1.py
[2025-10-13T12:25:28.930+0000] {logging_mixin.py:188} INFO - [2025-10-13T12:25:28.930+0000] {dag.py:3047} INFO - Sync 1 DAGs
[2025-10-13T12:25:28.987+0000] {logging_mixin.py:188} INFO - [2025-10-13T12:25:28.986+0000] {dag.py:3834} INFO - Setting next_dagrun for weather_gold_v1 to 2025-10-12 00:00:00+00:00, run_after=2025-10-19 00:00:00+00:00
[2025-10-13T12:25:29.058+0000] {processor.py:183} INFO - Processing /opt/airflow/dags/weather_gold_v1.py took 0.262 seconds
[2025-10-13T12:25:59.800+0000] {processor.py:161} INFO - Started process (PID=11054) to work on /opt/airflow/dags/weather_gold_v1.py
[2025-10-13T12:25:59.803+0000] {processor.py:830} INFO - Processing file /opt/airflow/dags/weather_gold_v1.py for tasks to queue
[2025-10-13T12:25:59.807+0000] {logging_mixin.py:188} INFO - [2025-10-13T12:25:59.806+0000] {dagbag.py:540} INFO - Filling up the DagBag from /opt/airflow/dags/weather_gold_v1.py
[2025-10-13T12:25:59.858+0000] {processor.py:840} INFO - DAG(s) 'weather_gold_v1' retrieved from /opt/airflow/dags/weather_gold_v1.py
[2025-10-13T12:25:59.931+0000] {logging_mixin.py:188} INFO - [2025-10-13T12:25:59.930+0000] {dag.py:3047} INFO - Sync 1 DAGs
[2025-10-13T12:25:59.988+0000] {logging_mixin.py:188} INFO - [2025-10-13T12:25:59.988+0000] {dag.py:3834} INFO - Setting next_dagrun for weather_gold_v1 to 2025-10-12 00:00:00+00:00, run_after=2025-10-19 00:00:00+00:00
[2025-10-13T12:26:00.110+0000] {processor.py:183} INFO - Processing /opt/airflow/dags/weather_gold_v1.py took 0.313 seconds
[2025-10-13T12:26:30.966+0000] {processor.py:161} INFO - Started process (PID=11069) to work on /opt/airflow/dags/weather_gold_v1.py
[2025-10-13T12:26:30.975+0000] {processor.py:830} INFO - Processing file /opt/airflow/dags/weather_gold_v1.py for tasks to queue
[2025-10-13T12:26:30.977+0000] {logging_mixin.py:188} INFO - [2025-10-13T12:26:30.977+0000] {dagbag.py:540} INFO - Filling up the DagBag from /opt/airflow/dags/weather_gold_v1.py
[2025-10-13T12:26:31.024+0000] {processor.py:840} INFO - DAG(s) 'weather_gold_v1' retrieved from /opt/airflow/dags/weather_gold_v1.py
[2025-10-13T12:26:31.088+0000] {logging_mixin.py:188} INFO - [2025-10-13T12:26:31.087+0000] {dag.py:3047} INFO - Sync 1 DAGs
[2025-10-13T12:26:31.145+0000] {logging_mixin.py:188} INFO - [2025-10-13T12:26:31.145+0000] {dag.py:3834} INFO - Setting next_dagrun for weather_gold_v1 to 2025-10-12 00:00:00+00:00, run_after=2025-10-19 00:00:00+00:00
[2025-10-13T12:26:31.218+0000] {processor.py:183} INFO - Processing /opt/airflow/dags/weather_gold_v1.py took 0.256 seconds
[2025-10-13T12:27:01.821+0000] {processor.py:161} INFO - Started process (PID=11084) to work on /opt/airflow/dags/weather_gold_v1.py
[2025-10-13T12:27:01.823+0000] {processor.py:830} INFO - Processing file /opt/airflow/dags/weather_gold_v1.py for tasks to queue
[2025-10-13T12:27:01.826+0000] {logging_mixin.py:188} INFO - [2025-10-13T12:27:01.825+0000] {dagbag.py:540} INFO - Filling up the DagBag from /opt/airflow/dags/weather_gold_v1.py
[2025-10-13T12:27:01.853+0000] {processor.py:840} INFO - DAG(s) 'weather_gold_v1' retrieved from /opt/airflow/dags/weather_gold_v1.py
[2025-10-13T12:27:01.946+0000] {logging_mixin.py:188} INFO - [2025-10-13T12:27:01.946+0000] {dag.py:3047} INFO - Sync 1 DAGs
[2025-10-13T12:27:01.988+0000] {logging_mixin.py:188} INFO - [2025-10-13T12:27:01.987+0000] {dag.py:3834} INFO - Setting next_dagrun for weather_gold_v1 to 2025-10-12 00:00:00+00:00, run_after=2025-10-19 00:00:00+00:00
[2025-10-13T12:27:02.058+0000] {processor.py:183} INFO - Processing /opt/airflow/dags/weather_gold_v1.py took 0.242 seconds
[2025-10-13T12:27:32.455+0000] {processor.py:161} INFO - Started process (PID=11099) to work on /opt/airflow/dags/weather_gold_v1.py
[2025-10-13T12:27:32.456+0000] {processor.py:830} INFO - Processing file /opt/airflow/dags/weather_gold_v1.py for tasks to queue
[2025-10-13T12:27:32.458+0000] {logging_mixin.py:188} INFO - [2025-10-13T12:27:32.457+0000] {dagbag.py:540} INFO - Filling up the DagBag from /opt/airflow/dags/weather_gold_v1.py
[2025-10-13T12:27:32.485+0000] {processor.py:840} INFO - DAG(s) 'weather_gold_v1' retrieved from /opt/airflow/dags/weather_gold_v1.py
[2025-10-13T12:27:32.687+0000] {logging_mixin.py:188} INFO - [2025-10-13T12:27:32.686+0000] {dag.py:3047} INFO - Sync 1 DAGs
[2025-10-13T12:27:32.773+0000] {logging_mixin.py:188} INFO - [2025-10-13T12:27:32.773+0000] {dag.py:3834} INFO - Setting next_dagrun for weather_gold_v1 to 2025-10-12 00:00:00+00:00, run_after=2025-10-19 00:00:00+00:00
[2025-10-13T12:27:32.837+0000] {processor.py:183} INFO - Processing /opt/airflow/dags/weather_gold_v1.py took 0.386 seconds
[2025-10-13T12:28:03.423+0000] {processor.py:161} INFO - Started process (PID=11114) to work on /opt/airflow/dags/weather_gold_v1.py
[2025-10-13T12:28:03.425+0000] {processor.py:830} INFO - Processing file /opt/airflow/dags/weather_gold_v1.py for tasks to queue
[2025-10-13T12:28:03.429+0000] {logging_mixin.py:188} INFO - [2025-10-13T12:28:03.428+0000] {dagbag.py:540} INFO - Filling up the DagBag from /opt/airflow/dags/weather_gold_v1.py
[2025-10-13T12:28:03.468+0000] {processor.py:840} INFO - DAG(s) 'weather_gold_v1' retrieved from /opt/airflow/dags/weather_gold_v1.py
[2025-10-13T12:28:03.541+0000] {logging_mixin.py:188} INFO - [2025-10-13T12:28:03.541+0000] {dag.py:3047} INFO - Sync 1 DAGs
[2025-10-13T12:28:03.588+0000] {logging_mixin.py:188} INFO - [2025-10-13T12:28:03.588+0000] {dag.py:3834} INFO - Setting next_dagrun for weather_gold_v1 to 2025-10-12 00:00:00+00:00, run_after=2025-10-19 00:00:00+00:00
[2025-10-13T12:28:03.646+0000] {processor.py:183} INFO - Processing /opt/airflow/dags/weather_gold_v1.py took 0.229 seconds
[2025-10-13T12:28:34.090+0000] {processor.py:161} INFO - Started process (PID=11129) to work on /opt/airflow/dags/weather_gold_v1.py
[2025-10-13T12:28:34.092+0000] {processor.py:830} INFO - Processing file /opt/airflow/dags/weather_gold_v1.py for tasks to queue
[2025-10-13T12:28:34.095+0000] {logging_mixin.py:188} INFO - [2025-10-13T12:28:34.094+0000] {dagbag.py:540} INFO - Filling up the DagBag from /opt/airflow/dags/weather_gold_v1.py
[2025-10-13T12:28:34.139+0000] {processor.py:840} INFO - DAG(s) 'weather_gold_v1' retrieved from /opt/airflow/dags/weather_gold_v1.py
[2025-10-13T12:28:34.233+0000] {logging_mixin.py:188} INFO - [2025-10-13T12:28:34.233+0000] {dag.py:3047} INFO - Sync 1 DAGs
[2025-10-13T12:28:34.291+0000] {logging_mixin.py:188} INFO - [2025-10-13T12:28:34.290+0000] {dag.py:3834} INFO - Setting next_dagrun for weather_gold_v1 to 2025-10-12 00:00:00+00:00, run_after=2025-10-19 00:00:00+00:00
[2025-10-13T12:28:34.356+0000] {processor.py:183} INFO - Processing /opt/airflow/dags/weather_gold_v1.py took 0.272 seconds
[2025-10-13T12:29:05.012+0000] {processor.py:161} INFO - Started process (PID=11144) to work on /opt/airflow/dags/weather_gold_v1.py
[2025-10-13T12:29:05.013+0000] {processor.py:830} INFO - Processing file /opt/airflow/dags/weather_gold_v1.py for tasks to queue
[2025-10-13T12:29:05.015+0000] {logging_mixin.py:188} INFO - [2025-10-13T12:29:05.014+0000] {dagbag.py:540} INFO - Filling up the DagBag from /opt/airflow/dags/weather_gold_v1.py
[2025-10-13T12:29:05.042+0000] {processor.py:840} INFO - DAG(s) 'weather_gold_v1' retrieved from /opt/airflow/dags/weather_gold_v1.py
[2025-10-13T12:29:05.104+0000] {logging_mixin.py:188} INFO - [2025-10-13T12:29:05.103+0000] {dag.py:3047} INFO - Sync 1 DAGs
[2025-10-13T12:29:05.151+0000] {logging_mixin.py:188} INFO - [2025-10-13T12:29:05.150+0000] {dag.py:3834} INFO - Setting next_dagrun for weather_gold_v1 to 2025-10-12 00:00:00+00:00, run_after=2025-10-19 00:00:00+00:00
[2025-10-13T12:29:05.204+0000] {processor.py:183} INFO - Processing /opt/airflow/dags/weather_gold_v1.py took 0.196 seconds
[2025-10-13T12:29:35.643+0000] {processor.py:161} INFO - Started process (PID=11159) to work on /opt/airflow/dags/weather_gold_v1.py
[2025-10-13T12:29:35.644+0000] {processor.py:830} INFO - Processing file /opt/airflow/dags/weather_gold_v1.py for tasks to queue
[2025-10-13T12:29:35.645+0000] {logging_mixin.py:188} INFO - [2025-10-13T12:29:35.645+0000] {dagbag.py:540} INFO - Filling up the DagBag from /opt/airflow/dags/weather_gold_v1.py
[2025-10-13T12:29:35.668+0000] {processor.py:840} INFO - DAG(s) 'weather_gold_v1' retrieved from /opt/airflow/dags/weather_gold_v1.py
[2025-10-13T12:29:35.730+0000] {logging_mixin.py:188} INFO - [2025-10-13T12:29:35.729+0000] {dag.py:3047} INFO - Sync 1 DAGs
[2025-10-13T12:29:35.778+0000] {logging_mixin.py:188} INFO - [2025-10-13T12:29:35.778+0000] {dag.py:3834} INFO - Setting next_dagrun for weather_gold_v1 to 2025-10-12 00:00:00+00:00, run_after=2025-10-19 00:00:00+00:00
[2025-10-13T12:29:35.831+0000] {processor.py:183} INFO - Processing /opt/airflow/dags/weather_gold_v1.py took 0.191 seconds
[2025-10-13T12:30:06.399+0000] {processor.py:161} INFO - Started process (PID=11174) to work on /opt/airflow/dags/weather_gold_v1.py
[2025-10-13T12:30:06.401+0000] {processor.py:830} INFO - Processing file /opt/airflow/dags/weather_gold_v1.py for tasks to queue
[2025-10-13T12:30:06.402+0000] {logging_mixin.py:188} INFO - [2025-10-13T12:30:06.401+0000] {dagbag.py:540} INFO - Filling up the DagBag from /opt/airflow/dags/weather_gold_v1.py
[2025-10-13T12:30:06.428+0000] {processor.py:840} INFO - DAG(s) 'weather_gold_v1' retrieved from /opt/airflow/dags/weather_gold_v1.py
[2025-10-13T12:30:06.485+0000] {logging_mixin.py:188} INFO - [2025-10-13T12:30:06.485+0000] {dag.py:3047} INFO - Sync 1 DAGs
[2025-10-13T12:30:06.526+0000] {logging_mixin.py:188} INFO - [2025-10-13T12:30:06.526+0000] {dag.py:3834} INFO - Setting next_dagrun for weather_gold_v1 to 2025-10-12 00:00:00+00:00, run_after=2025-10-19 00:00:00+00:00
[2025-10-13T12:30:06.589+0000] {processor.py:183} INFO - Processing /opt/airflow/dags/weather_gold_v1.py took 0.192 seconds
[2025-10-13T12:30:37.074+0000] {processor.py:161} INFO - Started process (PID=11189) to work on /opt/airflow/dags/weather_gold_v1.py
[2025-10-13T12:30:37.076+0000] {processor.py:830} INFO - Processing file /opt/airflow/dags/weather_gold_v1.py for tasks to queue
[2025-10-13T12:30:37.078+0000] {logging_mixin.py:188} INFO - [2025-10-13T12:30:37.077+0000] {dagbag.py:540} INFO - Filling up the DagBag from /opt/airflow/dags/weather_gold_v1.py
[2025-10-13T12:30:37.112+0000] {processor.py:840} INFO - DAG(s) 'weather_gold_v1' retrieved from /opt/airflow/dags/weather_gold_v1.py
[2025-10-13T12:30:37.182+0000] {logging_mixin.py:188} INFO - [2025-10-13T12:30:37.182+0000] {dag.py:3047} INFO - Sync 1 DAGs
[2025-10-13T12:30:37.236+0000] {logging_mixin.py:188} INFO - [2025-10-13T12:30:37.236+0000] {dag.py:3834} INFO - Setting next_dagrun for weather_gold_v1 to 2025-10-12 00:00:00+00:00, run_after=2025-10-19 00:00:00+00:00
[2025-10-13T12:30:37.290+0000] {processor.py:183} INFO - Processing /opt/airflow/dags/weather_gold_v1.py took 0.221 seconds
[2025-10-13T12:31:07.794+0000] {processor.py:161} INFO - Started process (PID=11204) to work on /opt/airflow/dags/weather_gold_v1.py
[2025-10-13T12:31:07.796+0000] {processor.py:830} INFO - Processing file /opt/airflow/dags/weather_gold_v1.py for tasks to queue
[2025-10-13T12:31:07.797+0000] {logging_mixin.py:188} INFO - [2025-10-13T12:31:07.797+0000] {dagbag.py:540} INFO - Filling up the DagBag from /opt/airflow/dags/weather_gold_v1.py
[2025-10-13T12:31:07.820+0000] {processor.py:840} INFO - DAG(s) 'weather_gold_v1' retrieved from /opt/airflow/dags/weather_gold_v1.py
[2025-10-13T12:31:07.884+0000] {logging_mixin.py:188} INFO - [2025-10-13T12:31:07.884+0000] {dag.py:3047} INFO - Sync 1 DAGs
[2025-10-13T12:31:07.928+0000] {logging_mixin.py:188} INFO - [2025-10-13T12:31:07.927+0000] {dag.py:3834} INFO - Setting next_dagrun for weather_gold_v1 to 2025-10-12 00:00:00+00:00, run_after=2025-10-19 00:00:00+00:00
[2025-10-13T12:31:08.007+0000] {processor.py:183} INFO - Processing /opt/airflow/dags/weather_gold_v1.py took 0.216 seconds
[2025-10-13T12:31:38.489+0000] {processor.py:161} INFO - Started process (PID=11219) to work on /opt/airflow/dags/weather_gold_v1.py
[2025-10-13T12:31:38.491+0000] {processor.py:830} INFO - Processing file /opt/airflow/dags/weather_gold_v1.py for tasks to queue
[2025-10-13T12:31:38.492+0000] {logging_mixin.py:188} INFO - [2025-10-13T12:31:38.492+0000] {dagbag.py:540} INFO - Filling up the DagBag from /opt/airflow/dags/weather_gold_v1.py
[2025-10-13T12:31:38.518+0000] {processor.py:840} INFO - DAG(s) 'weather_gold_v1' retrieved from /opt/airflow/dags/weather_gold_v1.py
[2025-10-13T12:31:38.583+0000] {logging_mixin.py:188} INFO - [2025-10-13T12:31:38.583+0000] {dag.py:3047} INFO - Sync 1 DAGs
[2025-10-13T12:31:38.632+0000] {logging_mixin.py:188} INFO - [2025-10-13T12:31:38.631+0000] {dag.py:3834} INFO - Setting next_dagrun for weather_gold_v1 to 2025-10-12 00:00:00+00:00, run_after=2025-10-19 00:00:00+00:00
[2025-10-13T12:31:38.687+0000] {processor.py:183} INFO - Processing /opt/airflow/dags/weather_gold_v1.py took 0.201 seconds
[2025-10-13T12:32:09.281+0000] {processor.py:161} INFO - Started process (PID=11234) to work on /opt/airflow/dags/weather_gold_v1.py
[2025-10-13T12:32:09.283+0000] {processor.py:830} INFO - Processing file /opt/airflow/dags/weather_gold_v1.py for tasks to queue
[2025-10-13T12:32:09.284+0000] {logging_mixin.py:188} INFO - [2025-10-13T12:32:09.284+0000] {dagbag.py:540} INFO - Filling up the DagBag from /opt/airflow/dags/weather_gold_v1.py
[2025-10-13T12:32:09.325+0000] {processor.py:840} INFO - DAG(s) 'weather_gold_v1' retrieved from /opt/airflow/dags/weather_gold_v1.py
[2025-10-13T12:32:09.393+0000] {logging_mixin.py:188} INFO - [2025-10-13T12:32:09.392+0000] {dag.py:3047} INFO - Sync 1 DAGs
[2025-10-13T12:32:09.451+0000] {logging_mixin.py:188} INFO - [2025-10-13T12:32:09.451+0000] {dag.py:3834} INFO - Setting next_dagrun for weather_gold_v1 to 2025-10-12 00:00:00+00:00, run_after=2025-10-19 00:00:00+00:00
[2025-10-13T12:32:09.527+0000] {processor.py:183} INFO - Processing /opt/airflow/dags/weather_gold_v1.py took 0.260 seconds
[2025-10-13T12:32:40.164+0000] {processor.py:161} INFO - Started process (PID=11249) to work on /opt/airflow/dags/weather_gold_v1.py
[2025-10-13T12:32:40.166+0000] {processor.py:830} INFO - Processing file /opt/airflow/dags/weather_gold_v1.py for tasks to queue
[2025-10-13T12:32:40.168+0000] {logging_mixin.py:188} INFO - [2025-10-13T12:32:40.168+0000] {dagbag.py:540} INFO - Filling up the DagBag from /opt/airflow/dags/weather_gold_v1.py
[2025-10-13T12:32:40.218+0000] {processor.py:840} INFO - DAG(s) 'weather_gold_v1' retrieved from /opt/airflow/dags/weather_gold_v1.py
[2025-10-13T12:32:40.302+0000] {logging_mixin.py:188} INFO - [2025-10-13T12:32:40.301+0000] {dag.py:3047} INFO - Sync 1 DAGs
[2025-10-13T12:32:40.361+0000] {logging_mixin.py:188} INFO - [2025-10-13T12:32:40.361+0000] {dag.py:3834} INFO - Setting next_dagrun for weather_gold_v1 to 2025-10-12 00:00:00+00:00, run_after=2025-10-19 00:00:00+00:00
[2025-10-13T12:32:40.430+0000] {processor.py:183} INFO - Processing /opt/airflow/dags/weather_gold_v1.py took 0.271 seconds
[2025-10-13T12:33:10.930+0000] {processor.py:161} INFO - Started process (PID=11264) to work on /opt/airflow/dags/weather_gold_v1.py
[2025-10-13T12:33:10.931+0000] {processor.py:830} INFO - Processing file /opt/airflow/dags/weather_gold_v1.py for tasks to queue
[2025-10-13T12:33:10.934+0000] {logging_mixin.py:188} INFO - [2025-10-13T12:33:10.933+0000] {dagbag.py:540} INFO - Filling up the DagBag from /opt/airflow/dags/weather_gold_v1.py
[2025-10-13T12:33:10.962+0000] {processor.py:840} INFO - DAG(s) 'weather_gold_v1' retrieved from /opt/airflow/dags/weather_gold_v1.py
[2025-10-13T12:33:11.021+0000] {logging_mixin.py:188} INFO - [2025-10-13T12:33:11.021+0000] {dag.py:3047} INFO - Sync 1 DAGs
[2025-10-13T12:33:11.068+0000] {logging_mixin.py:188} INFO - [2025-10-13T12:33:11.068+0000] {dag.py:3834} INFO - Setting next_dagrun for weather_gold_v1 to 2025-10-12 00:00:00+00:00, run_after=2025-10-19 00:00:00+00:00
[2025-10-13T12:33:11.121+0000] {processor.py:183} INFO - Processing /opt/airflow/dags/weather_gold_v1.py took 0.194 seconds
[2025-10-13T12:33:41.758+0000] {processor.py:161} INFO - Started process (PID=11279) to work on /opt/airflow/dags/weather_gold_v1.py
[2025-10-13T12:33:41.760+0000] {processor.py:830} INFO - Processing file /opt/airflow/dags/weather_gold_v1.py for tasks to queue
[2025-10-13T12:33:41.762+0000] {logging_mixin.py:188} INFO - [2025-10-13T12:33:41.762+0000] {dagbag.py:540} INFO - Filling up the DagBag from /opt/airflow/dags/weather_gold_v1.py
[2025-10-13T12:33:41.793+0000] {processor.py:840} INFO - DAG(s) 'weather_gold_v1' retrieved from /opt/airflow/dags/weather_gold_v1.py
[2025-10-13T12:33:41.873+0000] {logging_mixin.py:188} INFO - [2025-10-13T12:33:41.872+0000] {dag.py:3047} INFO - Sync 1 DAGs
[2025-10-13T12:33:41.927+0000] {logging_mixin.py:188} INFO - [2025-10-13T12:33:41.927+0000] {dag.py:3834} INFO - Setting next_dagrun for weather_gold_v1 to 2025-10-12 00:00:00+00:00, run_after=2025-10-19 00:00:00+00:00
[2025-10-13T12:33:41.988+0000] {processor.py:183} INFO - Processing /opt/airflow/dags/weather_gold_v1.py took 0.236 seconds
[2025-10-13T12:34:12.603+0000] {processor.py:161} INFO - Started process (PID=11294) to work on /opt/airflow/dags/weather_gold_v1.py
[2025-10-13T12:34:12.605+0000] {processor.py:830} INFO - Processing file /opt/airflow/dags/weather_gold_v1.py for tasks to queue
[2025-10-13T12:34:12.607+0000] {logging_mixin.py:188} INFO - [2025-10-13T12:34:12.607+0000] {dagbag.py:540} INFO - Filling up the DagBag from /opt/airflow/dags/weather_gold_v1.py
[2025-10-13T12:34:12.649+0000] {processor.py:840} INFO - DAG(s) 'weather_gold_v1' retrieved from /opt/airflow/dags/weather_gold_v1.py
[2025-10-13T12:34:12.731+0000] {logging_mixin.py:188} INFO - [2025-10-13T12:34:12.731+0000] {dag.py:3047} INFO - Sync 1 DAGs
[2025-10-13T12:34:12.786+0000] {logging_mixin.py:188} INFO - [2025-10-13T12:34:12.785+0000] {dag.py:3834} INFO - Setting next_dagrun for weather_gold_v1 to 2025-10-12 00:00:00+00:00, run_after=2025-10-19 00:00:00+00:00
[2025-10-13T12:34:12.853+0000] {processor.py:183} INFO - Processing /opt/airflow/dags/weather_gold_v1.py took 0.258 seconds
[2025-10-13T12:34:43.375+0000] {processor.py:161} INFO - Started process (PID=11309) to work on /opt/airflow/dags/weather_gold_v1.py
[2025-10-13T12:34:43.380+0000] {processor.py:830} INFO - Processing file /opt/airflow/dags/weather_gold_v1.py for tasks to queue
[2025-10-13T12:34:43.385+0000] {logging_mixin.py:188} INFO - [2025-10-13T12:34:43.384+0000] {dagbag.py:540} INFO - Filling up the DagBag from /opt/airflow/dags/weather_gold_v1.py
[2025-10-13T12:34:43.482+0000] {processor.py:840} INFO - DAG(s) 'weather_gold_v1' retrieved from /opt/airflow/dags/weather_gold_v1.py
[2025-10-13T12:34:43.590+0000] {logging_mixin.py:188} INFO - [2025-10-13T12:34:43.589+0000] {dag.py:3047} INFO - Sync 1 DAGs
[2025-10-13T12:34:43.681+0000] {logging_mixin.py:188} INFO - [2025-10-13T12:34:43.680+0000] {dag.py:3834} INFO - Setting next_dagrun for weather_gold_v1 to 2025-10-12 00:00:00+00:00, run_after=2025-10-19 00:00:00+00:00
[2025-10-13T12:34:43.772+0000] {processor.py:183} INFO - Processing /opt/airflow/dags/weather_gold_v1.py took 0.409 seconds
[2025-10-13T12:35:14.541+0000] {processor.py:161} INFO - Started process (PID=11324) to work on /opt/airflow/dags/weather_gold_v1.py
[2025-10-13T12:35:14.557+0000] {processor.py:830} INFO - Processing file /opt/airflow/dags/weather_gold_v1.py for tasks to queue
[2025-10-13T12:35:14.559+0000] {logging_mixin.py:188} INFO - [2025-10-13T12:35:14.558+0000] {dagbag.py:540} INFO - Filling up the DagBag from /opt/airflow/dags/weather_gold_v1.py
[2025-10-13T12:35:14.614+0000] {processor.py:840} INFO - DAG(s) 'weather_gold_v1' retrieved from /opt/airflow/dags/weather_gold_v1.py
[2025-10-13T12:35:14.794+0000] {logging_mixin.py:188} INFO - [2025-10-13T12:35:14.793+0000] {dag.py:3047} INFO - Sync 1 DAGs
[2025-10-13T12:35:14.856+0000] {logging_mixin.py:188} INFO - [2025-10-13T12:35:14.856+0000] {dag.py:3834} INFO - Setting next_dagrun for weather_gold_v1 to 2025-10-12 00:00:00+00:00, run_after=2025-10-19 00:00:00+00:00
[2025-10-13T12:35:14.930+0000] {processor.py:183} INFO - Processing /opt/airflow/dags/weather_gold_v1.py took 0.392 seconds
[2025-10-13T12:35:45.253+0000] {processor.py:161} INFO - Started process (PID=11339) to work on /opt/airflow/dags/weather_gold_v1.py
[2025-10-13T12:35:45.255+0000] {processor.py:830} INFO - Processing file /opt/airflow/dags/weather_gold_v1.py for tasks to queue
[2025-10-13T12:35:45.257+0000] {logging_mixin.py:188} INFO - [2025-10-13T12:35:45.256+0000] {dagbag.py:540} INFO - Filling up the DagBag from /opt/airflow/dags/weather_gold_v1.py
[2025-10-13T12:35:45.291+0000] {processor.py:840} INFO - DAG(s) 'weather_gold_v1' retrieved from /opt/airflow/dags/weather_gold_v1.py
[2025-10-13T12:35:45.367+0000] {logging_mixin.py:188} INFO - [2025-10-13T12:35:45.366+0000] {dag.py:3047} INFO - Sync 1 DAGs
[2025-10-13T12:35:45.417+0000] {logging_mixin.py:188} INFO - [2025-10-13T12:35:45.416+0000] {dag.py:3834} INFO - Setting next_dagrun for weather_gold_v1 to 2025-10-12 00:00:00+00:00, run_after=2025-10-19 00:00:00+00:00
[2025-10-13T12:35:45.473+0000] {processor.py:183} INFO - Processing /opt/airflow/dags/weather_gold_v1.py took 0.225 seconds
[2025-10-13T12:36:15.945+0000] {processor.py:161} INFO - Started process (PID=11354) to work on /opt/airflow/dags/weather_gold_v1.py
[2025-10-13T12:36:15.947+0000] {processor.py:830} INFO - Processing file /opt/airflow/dags/weather_gold_v1.py for tasks to queue
[2025-10-13T12:36:15.949+0000] {logging_mixin.py:188} INFO - [2025-10-13T12:36:15.948+0000] {dagbag.py:540} INFO - Filling up the DagBag from /opt/airflow/dags/weather_gold_v1.py
[2025-10-13T12:36:15.974+0000] {processor.py:840} INFO - DAG(s) 'weather_gold_v1' retrieved from /opt/airflow/dags/weather_gold_v1.py
[2025-10-13T12:36:16.031+0000] {logging_mixin.py:188} INFO - [2025-10-13T12:36:16.031+0000] {dag.py:3047} INFO - Sync 1 DAGs
[2025-10-13T12:36:16.071+0000] {logging_mixin.py:188} INFO - [2025-10-13T12:36:16.071+0000] {dag.py:3834} INFO - Setting next_dagrun for weather_gold_v1 to 2025-10-12 00:00:00+00:00, run_after=2025-10-19 00:00:00+00:00
[2025-10-13T12:36:16.127+0000] {processor.py:183} INFO - Processing /opt/airflow/dags/weather_gold_v1.py took 0.184 seconds
[2025-10-13T12:36:46.633+0000] {processor.py:161} INFO - Started process (PID=11369) to work on /opt/airflow/dags/weather_gold_v1.py
[2025-10-13T12:36:46.635+0000] {processor.py:830} INFO - Processing file /opt/airflow/dags/weather_gold_v1.py for tasks to queue
[2025-10-13T12:36:46.637+0000] {logging_mixin.py:188} INFO - [2025-10-13T12:36:46.636+0000] {dagbag.py:540} INFO - Filling up the DagBag from /opt/airflow/dags/weather_gold_v1.py
[2025-10-13T12:36:46.675+0000] {processor.py:840} INFO - DAG(s) 'weather_gold_v1' retrieved from /opt/airflow/dags/weather_gold_v1.py
[2025-10-13T12:36:46.754+0000] {logging_mixin.py:188} INFO - [2025-10-13T12:36:46.754+0000] {dag.py:3047} INFO - Sync 1 DAGs
[2025-10-13T12:36:46.802+0000] {logging_mixin.py:188} INFO - [2025-10-13T12:36:46.801+0000] {dag.py:3834} INFO - Setting next_dagrun for weather_gold_v1 to 2025-10-12 00:00:00+00:00, run_after=2025-10-19 00:00:00+00:00
[2025-10-13T12:36:46.866+0000] {processor.py:183} INFO - Processing /opt/airflow/dags/weather_gold_v1.py took 0.239 seconds
[2025-10-13T12:37:17.259+0000] {processor.py:161} INFO - Started process (PID=11384) to work on /opt/airflow/dags/weather_gold_v1.py
[2025-10-13T12:37:17.260+0000] {processor.py:830} INFO - Processing file /opt/airflow/dags/weather_gold_v1.py for tasks to queue
[2025-10-13T12:37:17.262+0000] {logging_mixin.py:188} INFO - [2025-10-13T12:37:17.262+0000] {dagbag.py:540} INFO - Filling up the DagBag from /opt/airflow/dags/weather_gold_v1.py
[2025-10-13T12:37:17.288+0000] {processor.py:840} INFO - DAG(s) 'weather_gold_v1' retrieved from /opt/airflow/dags/weather_gold_v1.py
[2025-10-13T12:37:17.343+0000] {logging_mixin.py:188} INFO - [2025-10-13T12:37:17.343+0000] {dag.py:3047} INFO - Sync 1 DAGs
[2025-10-13T12:37:17.386+0000] {logging_mixin.py:188} INFO - [2025-10-13T12:37:17.386+0000] {dag.py:3834} INFO - Setting next_dagrun for weather_gold_v1 to 2025-10-12 00:00:00+00:00, run_after=2025-10-19 00:00:00+00:00
[2025-10-13T12:37:17.438+0000] {processor.py:183} INFO - Processing /opt/airflow/dags/weather_gold_v1.py took 0.183 seconds
[2025-10-13T12:37:47.838+0000] {processor.py:161} INFO - Started process (PID=11399) to work on /opt/airflow/dags/weather_gold_v1.py
[2025-10-13T12:37:47.839+0000] {processor.py:830} INFO - Processing file /opt/airflow/dags/weather_gold_v1.py for tasks to queue
[2025-10-13T12:37:47.841+0000] {logging_mixin.py:188} INFO - [2025-10-13T12:37:47.841+0000] {dagbag.py:540} INFO - Filling up the DagBag from /opt/airflow/dags/weather_gold_v1.py
[2025-10-13T12:37:47.867+0000] {processor.py:840} INFO - DAG(s) 'weather_gold_v1' retrieved from /opt/airflow/dags/weather_gold_v1.py
[2025-10-13T12:37:47.929+0000] {logging_mixin.py:188} INFO - [2025-10-13T12:37:47.929+0000] {dag.py:3047} INFO - Sync 1 DAGs
[2025-10-13T12:37:47.976+0000] {logging_mixin.py:188} INFO - [2025-10-13T12:37:47.976+0000] {dag.py:3834} INFO - Setting next_dagrun for weather_gold_v1 to 2025-10-12 00:00:00+00:00, run_after=2025-10-19 00:00:00+00:00
[2025-10-13T12:37:48.035+0000] {processor.py:183} INFO - Processing /opt/airflow/dags/weather_gold_v1.py took 0.200 seconds
[2025-10-13T12:38:18.492+0000] {processor.py:161} INFO - Started process (PID=11414) to work on /opt/airflow/dags/weather_gold_v1.py
[2025-10-13T12:38:18.493+0000] {processor.py:830} INFO - Processing file /opt/airflow/dags/weather_gold_v1.py for tasks to queue
[2025-10-13T12:38:18.495+0000] {logging_mixin.py:188} INFO - [2025-10-13T12:38:18.495+0000] {dagbag.py:540} INFO - Filling up the DagBag from /opt/airflow/dags/weather_gold_v1.py
[2025-10-13T12:38:18.523+0000] {processor.py:840} INFO - DAG(s) 'weather_gold_v1' retrieved from /opt/airflow/dags/weather_gold_v1.py
[2025-10-13T12:38:18.583+0000] {logging_mixin.py:188} INFO - [2025-10-13T12:38:18.583+0000] {dag.py:3047} INFO - Sync 1 DAGs
[2025-10-13T12:38:18.627+0000] {logging_mixin.py:188} INFO - [2025-10-13T12:38:18.627+0000] {dag.py:3834} INFO - Setting next_dagrun for weather_gold_v1 to 2025-10-12 00:00:00+00:00, run_after=2025-10-19 00:00:00+00:00
[2025-10-13T12:38:18.686+0000] {processor.py:183} INFO - Processing /opt/airflow/dags/weather_gold_v1.py took 0.196 seconds
[2025-10-13T12:38:49.140+0000] {processor.py:161} INFO - Started process (PID=11429) to work on /opt/airflow/dags/weather_gold_v1.py
[2025-10-13T12:38:49.142+0000] {processor.py:830} INFO - Processing file /opt/airflow/dags/weather_gold_v1.py for tasks to queue
[2025-10-13T12:38:49.144+0000] {logging_mixin.py:188} INFO - [2025-10-13T12:38:49.143+0000] {dagbag.py:540} INFO - Filling up the DagBag from /opt/airflow/dags/weather_gold_v1.py
[2025-10-13T12:38:49.177+0000] {processor.py:840} INFO - DAG(s) 'weather_gold_v1' retrieved from /opt/airflow/dags/weather_gold_v1.py
[2025-10-13T12:38:49.239+0000] {logging_mixin.py:188} INFO - [2025-10-13T12:38:49.239+0000] {dag.py:3047} INFO - Sync 1 DAGs
[2025-10-13T12:38:49.283+0000] {logging_mixin.py:188} INFO - [2025-10-13T12:38:49.283+0000] {dag.py:3834} INFO - Setting next_dagrun for weather_gold_v1 to 2025-10-12 00:00:00+00:00, run_after=2025-10-19 00:00:00+00:00
[2025-10-13T12:38:49.331+0000] {processor.py:183} INFO - Processing /opt/airflow/dags/weather_gold_v1.py took 0.194 seconds
[2025-10-13T12:39:19.821+0000] {processor.py:161} INFO - Started process (PID=11444) to work on /opt/airflow/dags/weather_gold_v1.py
[2025-10-13T12:39:19.823+0000] {processor.py:830} INFO - Processing file /opt/airflow/dags/weather_gold_v1.py for tasks to queue
[2025-10-13T12:39:19.825+0000] {logging_mixin.py:188} INFO - [2025-10-13T12:39:19.824+0000] {dagbag.py:540} INFO - Filling up the DagBag from /opt/airflow/dags/weather_gold_v1.py
[2025-10-13T12:39:19.849+0000] {processor.py:840} INFO - DAG(s) 'weather_gold_v1' retrieved from /opt/airflow/dags/weather_gold_v1.py
[2025-10-13T12:39:19.911+0000] {logging_mixin.py:188} INFO - [2025-10-13T12:39:19.911+0000] {dag.py:3047} INFO - Sync 1 DAGs
[2025-10-13T12:39:19.955+0000] {logging_mixin.py:188} INFO - [2025-10-13T12:39:19.955+0000] {dag.py:3834} INFO - Setting next_dagrun for weather_gold_v1 to 2025-10-12 00:00:00+00:00, run_after=2025-10-19 00:00:00+00:00
[2025-10-13T12:39:20.014+0000] {processor.py:183} INFO - Processing /opt/airflow/dags/weather_gold_v1.py took 0.195 seconds
[2025-10-13T12:39:50.885+0000] {processor.py:161} INFO - Started process (PID=11459) to work on /opt/airflow/dags/weather_gold_v1.py
[2025-10-13T12:39:50.887+0000] {processor.py:830} INFO - Processing file /opt/airflow/dags/weather_gold_v1.py for tasks to queue
[2025-10-13T12:39:50.888+0000] {logging_mixin.py:188} INFO - [2025-10-13T12:39:50.888+0000] {dagbag.py:540} INFO - Filling up the DagBag from /opt/airflow/dags/weather_gold_v1.py
[2025-10-13T12:39:50.914+0000] {processor.py:840} INFO - DAG(s) 'weather_gold_v1' retrieved from /opt/airflow/dags/weather_gold_v1.py
[2025-10-13T12:39:51.351+0000] {logging_mixin.py:188} INFO - [2025-10-13T12:39:51.351+0000] {dag.py:3047} INFO - Sync 1 DAGs
[2025-10-13T12:39:51.460+0000] {logging_mixin.py:188} INFO - [2025-10-13T12:39:51.459+0000] {dag.py:3834} INFO - Setting next_dagrun for weather_gold_v1 to 2025-10-12 00:00:00+00:00, run_after=2025-10-19 00:00:00+00:00
[2025-10-13T12:39:51.648+0000] {processor.py:183} INFO - Processing /opt/airflow/dags/weather_gold_v1.py took 0.765 seconds
[2025-10-13T12:40:22.511+0000] {processor.py:161} INFO - Started process (PID=11474) to work on /opt/airflow/dags/weather_gold_v1.py
[2025-10-13T12:40:22.513+0000] {processor.py:830} INFO - Processing file /opt/airflow/dags/weather_gold_v1.py for tasks to queue
[2025-10-13T12:40:22.515+0000] {logging_mixin.py:188} INFO - [2025-10-13T12:40:22.515+0000] {dagbag.py:540} INFO - Filling up the DagBag from /opt/airflow/dags/weather_gold_v1.py
[2025-10-13T12:40:22.542+0000] {processor.py:840} INFO - DAG(s) 'weather_gold_v1' retrieved from /opt/airflow/dags/weather_gold_v1.py
[2025-10-13T12:40:22.605+0000] {logging_mixin.py:188} INFO - [2025-10-13T12:40:22.605+0000] {dag.py:3047} INFO - Sync 1 DAGs
[2025-10-13T12:40:22.660+0000] {logging_mixin.py:188} INFO - [2025-10-13T12:40:22.660+0000] {dag.py:3834} INFO - Setting next_dagrun for weather_gold_v1 to 2025-10-12 00:00:00+00:00, run_after=2025-10-19 00:00:00+00:00
[2025-10-13T12:40:22.739+0000] {processor.py:183} INFO - Processing /opt/airflow/dags/weather_gold_v1.py took 0.230 seconds
[2025-10-13T12:40:53.284+0000] {processor.py:161} INFO - Started process (PID=11489) to work on /opt/airflow/dags/weather_gold_v1.py
[2025-10-13T12:40:53.286+0000] {processor.py:830} INFO - Processing file /opt/airflow/dags/weather_gold_v1.py for tasks to queue
[2025-10-13T12:40:53.288+0000] {logging_mixin.py:188} INFO - [2025-10-13T12:40:53.287+0000] {dagbag.py:540} INFO - Filling up the DagBag from /opt/airflow/dags/weather_gold_v1.py
[2025-10-13T12:40:53.314+0000] {processor.py:840} INFO - DAG(s) 'weather_gold_v1' retrieved from /opt/airflow/dags/weather_gold_v1.py
[2025-10-13T12:40:53.439+0000] {logging_mixin.py:188} INFO - [2025-10-13T12:40:53.439+0000] {dag.py:3047} INFO - Sync 1 DAGs
[2025-10-13T12:40:53.481+0000] {logging_mixin.py:188} INFO - [2025-10-13T12:40:53.480+0000] {dag.py:3834} INFO - Setting next_dagrun for weather_gold_v1 to 2025-10-12 00:00:00+00:00, run_after=2025-10-19 00:00:00+00:00
[2025-10-13T12:40:53.535+0000] {processor.py:183} INFO - Processing /opt/airflow/dags/weather_gold_v1.py took 0.254 seconds
[2025-10-13T12:41:23.918+0000] {processor.py:161} INFO - Started process (PID=11504) to work on /opt/airflow/dags/weather_gold_v1.py
[2025-10-13T12:41:23.919+0000] {processor.py:830} INFO - Processing file /opt/airflow/dags/weather_gold_v1.py for tasks to queue
[2025-10-13T12:41:23.920+0000] {logging_mixin.py:188} INFO - [2025-10-13T12:41:23.920+0000] {dagbag.py:540} INFO - Filling up the DagBag from /opt/airflow/dags/weather_gold_v1.py
[2025-10-13T12:41:23.948+0000] {processor.py:840} INFO - DAG(s) 'weather_gold_v1' retrieved from /opt/airflow/dags/weather_gold_v1.py
[2025-10-13T12:41:24.010+0000] {logging_mixin.py:188} INFO - [2025-10-13T12:41:24.009+0000] {dag.py:3047} INFO - Sync 1 DAGs
[2025-10-13T12:41:24.052+0000] {logging_mixin.py:188} INFO - [2025-10-13T12:41:24.051+0000] {dag.py:3834} INFO - Setting next_dagrun for weather_gold_v1 to 2025-10-12 00:00:00+00:00, run_after=2025-10-19 00:00:00+00:00
[2025-10-13T12:41:24.102+0000] {processor.py:183} INFO - Processing /opt/airflow/dags/weather_gold_v1.py took 0.188 seconds
[2025-10-13T12:41:54.184+0000] {processor.py:161} INFO - Started process (PID=11519) to work on /opt/airflow/dags/weather_gold_v1.py
[2025-10-13T12:41:54.185+0000] {processor.py:830} INFO - Processing file /opt/airflow/dags/weather_gold_v1.py for tasks to queue
[2025-10-13T12:41:54.187+0000] {logging_mixin.py:188} INFO - [2025-10-13T12:41:54.187+0000] {dagbag.py:540} INFO - Filling up the DagBag from /opt/airflow/dags/weather_gold_v1.py
[2025-10-13T12:41:54.213+0000] {processor.py:840} INFO - DAG(s) 'weather_gold_v1' retrieved from /opt/airflow/dags/weather_gold_v1.py
[2025-10-13T12:41:54.270+0000] {logging_mixin.py:188} INFO - [2025-10-13T12:41:54.269+0000] {dag.py:3047} INFO - Sync 1 DAGs
[2025-10-13T12:41:54.312+0000] {logging_mixin.py:188} INFO - [2025-10-13T12:41:54.312+0000] {dag.py:3834} INFO - Setting next_dagrun for weather_gold_v1 to 2025-10-12 00:00:00+00:00, run_after=2025-10-19 00:00:00+00:00
[2025-10-13T12:41:54.376+0000] {processor.py:183} INFO - Processing /opt/airflow/dags/weather_gold_v1.py took 0.195 seconds
[2025-10-13T12:42:24.467+0000] {processor.py:161} INFO - Started process (PID=11534) to work on /opt/airflow/dags/weather_gold_v1.py
[2025-10-13T12:42:24.469+0000] {processor.py:830} INFO - Processing file /opt/airflow/dags/weather_gold_v1.py for tasks to queue
[2025-10-13T12:42:24.470+0000] {logging_mixin.py:188} INFO - [2025-10-13T12:42:24.470+0000] {dagbag.py:540} INFO - Filling up the DagBag from /opt/airflow/dags/weather_gold_v1.py
[2025-10-13T12:42:24.495+0000] {processor.py:840} INFO - DAG(s) 'weather_gold_v1' retrieved from /opt/airflow/dags/weather_gold_v1.py
[2025-10-13T12:42:24.569+0000] {logging_mixin.py:188} INFO - [2025-10-13T12:42:24.568+0000] {dag.py:3047} INFO - Sync 1 DAGs
[2025-10-13T12:42:24.608+0000] {logging_mixin.py:188} INFO - [2025-10-13T12:42:24.608+0000] {dag.py:3834} INFO - Setting next_dagrun for weather_gold_v1 to 2025-10-12 00:00:00+00:00, run_after=2025-10-19 00:00:00+00:00
[2025-10-13T12:42:24.671+0000] {processor.py:183} INFO - Processing /opt/airflow/dags/weather_gold_v1.py took 0.206 seconds
[2025-10-13T12:42:55.070+0000] {processor.py:161} INFO - Started process (PID=11549) to work on /opt/airflow/dags/weather_gold_v1.py
[2025-10-13T12:42:55.072+0000] {processor.py:830} INFO - Processing file /opt/airflow/dags/weather_gold_v1.py for tasks to queue
[2025-10-13T12:42:55.073+0000] {logging_mixin.py:188} INFO - [2025-10-13T12:42:55.073+0000] {dagbag.py:540} INFO - Filling up the DagBag from /opt/airflow/dags/weather_gold_v1.py
[2025-10-13T12:42:55.114+0000] {processor.py:840} INFO - DAG(s) 'weather_gold_v1' retrieved from /opt/airflow/dags/weather_gold_v1.py
[2025-10-13T12:42:55.179+0000] {logging_mixin.py:188} INFO - [2025-10-13T12:42:55.179+0000] {dag.py:3047} INFO - Sync 1 DAGs
[2025-10-13T12:42:55.222+0000] {logging_mixin.py:188} INFO - [2025-10-13T12:42:55.222+0000] {dag.py:3834} INFO - Setting next_dagrun for weather_gold_v1 to 2025-10-12 00:00:00+00:00, run_after=2025-10-19 00:00:00+00:00
[2025-10-13T12:42:55.282+0000] {processor.py:183} INFO - Processing /opt/airflow/dags/weather_gold_v1.py took 0.215 seconds
[2025-10-13T12:43:25.872+0000] {processor.py:161} INFO - Started process (PID=11564) to work on /opt/airflow/dags/weather_gold_v1.py
[2025-10-13T12:43:25.874+0000] {processor.py:830} INFO - Processing file /opt/airflow/dags/weather_gold_v1.py for tasks to queue
[2025-10-13T12:43:25.876+0000] {logging_mixin.py:188} INFO - [2025-10-13T12:43:25.875+0000] {dagbag.py:540} INFO - Filling up the DagBag from /opt/airflow/dags/weather_gold_v1.py
[2025-10-13T12:43:25.905+0000] {processor.py:840} INFO - DAG(s) 'weather_gold_v1' retrieved from /opt/airflow/dags/weather_gold_v1.py
[2025-10-13T12:43:25.972+0000] {logging_mixin.py:188} INFO - [2025-10-13T12:43:25.972+0000] {dag.py:3047} INFO - Sync 1 DAGs
[2025-10-13T12:43:26.021+0000] {logging_mixin.py:188} INFO - [2025-10-13T12:43:26.021+0000] {dag.py:3834} INFO - Setting next_dagrun for weather_gold_v1 to 2025-10-12 00:00:00+00:00, run_after=2025-10-19 00:00:00+00:00
[2025-10-13T12:43:26.080+0000] {processor.py:183} INFO - Processing /opt/airflow/dags/weather_gold_v1.py took 0.210 seconds
[2025-10-13T12:43:56.711+0000] {processor.py:161} INFO - Started process (PID=11579) to work on /opt/airflow/dags/weather_gold_v1.py
[2025-10-13T12:43:56.714+0000] {processor.py:830} INFO - Processing file /opt/airflow/dags/weather_gold_v1.py for tasks to queue
[2025-10-13T12:43:56.715+0000] {logging_mixin.py:188} INFO - [2025-10-13T12:43:56.715+0000] {dagbag.py:540} INFO - Filling up the DagBag from /opt/airflow/dags/weather_gold_v1.py
[2025-10-13T12:43:56.747+0000] {processor.py:840} INFO - DAG(s) 'weather_gold_v1' retrieved from /opt/airflow/dags/weather_gold_v1.py
[2025-10-13T12:43:56.819+0000] {logging_mixin.py:188} INFO - [2025-10-13T12:43:56.819+0000] {dag.py:3047} INFO - Sync 1 DAGs
[2025-10-13T12:43:56.868+0000] {logging_mixin.py:188} INFO - [2025-10-13T12:43:56.867+0000] {dag.py:3834} INFO - Setting next_dagrun for weather_gold_v1 to 2025-10-12 00:00:00+00:00, run_after=2025-10-19 00:00:00+00:00
[2025-10-13T12:43:56.927+0000] {processor.py:183} INFO - Processing /opt/airflow/dags/weather_gold_v1.py took 0.219 seconds
[2025-10-13T12:44:27.350+0000] {processor.py:161} INFO - Started process (PID=11594) to work on /opt/airflow/dags/weather_gold_v1.py
[2025-10-13T12:44:27.352+0000] {processor.py:830} INFO - Processing file /opt/airflow/dags/weather_gold_v1.py for tasks to queue
[2025-10-13T12:44:27.355+0000] {logging_mixin.py:188} INFO - [2025-10-13T12:44:27.354+0000] {dagbag.py:540} INFO - Filling up the DagBag from /opt/airflow/dags/weather_gold_v1.py
[2025-10-13T12:44:27.391+0000] {processor.py:840} INFO - DAG(s) 'weather_gold_v1' retrieved from /opt/airflow/dags/weather_gold_v1.py
[2025-10-13T12:44:27.493+0000] {logging_mixin.py:188} INFO - [2025-10-13T12:44:27.492+0000] {dag.py:3047} INFO - Sync 1 DAGs
[2025-10-13T12:44:27.546+0000] {logging_mixin.py:188} INFO - [2025-10-13T12:44:27.545+0000] {dag.py:3834} INFO - Setting next_dagrun for weather_gold_v1 to 2025-10-12 00:00:00+00:00, run_after=2025-10-19 00:00:00+00:00
[2025-10-13T12:44:27.615+0000] {processor.py:183} INFO - Processing /opt/airflow/dags/weather_gold_v1.py took 0.270 seconds
[2025-10-13T12:44:58.261+0000] {processor.py:161} INFO - Started process (PID=11609) to work on /opt/airflow/dags/weather_gold_v1.py
[2025-10-13T12:44:58.264+0000] {processor.py:830} INFO - Processing file /opt/airflow/dags/weather_gold_v1.py for tasks to queue
[2025-10-13T12:44:58.266+0000] {logging_mixin.py:188} INFO - [2025-10-13T12:44:58.266+0000] {dagbag.py:540} INFO - Filling up the DagBag from /opt/airflow/dags/weather_gold_v1.py
[2025-10-13T12:44:58.296+0000] {processor.py:840} INFO - DAG(s) 'weather_gold_v1' retrieved from /opt/airflow/dags/weather_gold_v1.py
[2025-10-13T12:44:58.356+0000] {logging_mixin.py:188} INFO - [2025-10-13T12:44:58.356+0000] {dag.py:3047} INFO - Sync 1 DAGs
[2025-10-13T12:44:58.403+0000] {logging_mixin.py:188} INFO - [2025-10-13T12:44:58.403+0000] {dag.py:3834} INFO - Setting next_dagrun for weather_gold_v1 to 2025-10-12 00:00:00+00:00, run_after=2025-10-19 00:00:00+00:00
[2025-10-13T12:44:58.454+0000] {processor.py:183} INFO - Processing /opt/airflow/dags/weather_gold_v1.py took 0.199 seconds
[2025-10-13T12:45:28.900+0000] {processor.py:161} INFO - Started process (PID=11624) to work on /opt/airflow/dags/weather_gold_v1.py
[2025-10-13T12:45:28.902+0000] {processor.py:830} INFO - Processing file /opt/airflow/dags/weather_gold_v1.py for tasks to queue
[2025-10-13T12:45:28.903+0000] {logging_mixin.py:188} INFO - [2025-10-13T12:45:28.903+0000] {dagbag.py:540} INFO - Filling up the DagBag from /opt/airflow/dags/weather_gold_v1.py
[2025-10-13T12:45:28.928+0000] {processor.py:840} INFO - DAG(s) 'weather_gold_v1' retrieved from /opt/airflow/dags/weather_gold_v1.py
[2025-10-13T12:45:28.992+0000] {logging_mixin.py:188} INFO - [2025-10-13T12:45:28.991+0000] {dag.py:3047} INFO - Sync 1 DAGs
[2025-10-13T12:45:29.038+0000] {logging_mixin.py:188} INFO - [2025-10-13T12:45:29.038+0000] {dag.py:3834} INFO - Setting next_dagrun for weather_gold_v1 to 2025-10-12 00:00:00+00:00, run_after=2025-10-19 00:00:00+00:00
[2025-10-13T12:45:29.104+0000] {processor.py:183} INFO - Processing /opt/airflow/dags/weather_gold_v1.py took 0.207 seconds
[2025-10-13T12:45:59.635+0000] {processor.py:161} INFO - Started process (PID=11639) to work on /opt/airflow/dags/weather_gold_v1.py
[2025-10-13T12:45:59.636+0000] {processor.py:830} INFO - Processing file /opt/airflow/dags/weather_gold_v1.py for tasks to queue
[2025-10-13T12:45:59.638+0000] {logging_mixin.py:188} INFO - [2025-10-13T12:45:59.638+0000] {dagbag.py:540} INFO - Filling up the DagBag from /opt/airflow/dags/weather_gold_v1.py
[2025-10-13T12:45:59.691+0000] {processor.py:840} INFO - DAG(s) 'weather_gold_v1' retrieved from /opt/airflow/dags/weather_gold_v1.py
[2025-10-13T12:45:59.757+0000] {logging_mixin.py:188} INFO - [2025-10-13T12:45:59.757+0000] {dag.py:3047} INFO - Sync 1 DAGs
[2025-10-13T12:45:59.818+0000] {logging_mixin.py:188} INFO - [2025-10-13T12:45:59.818+0000] {dag.py:3834} INFO - Setting next_dagrun for weather_gold_v1 to 2025-10-12 00:00:00+00:00, run_after=2025-10-19 00:00:00+00:00
[2025-10-13T12:45:59.879+0000] {processor.py:183} INFO - Processing /opt/airflow/dags/weather_gold_v1.py took 0.247 seconds
[2025-10-13T12:46:30.640+0000] {processor.py:161} INFO - Started process (PID=11654) to work on /opt/airflow/dags/weather_gold_v1.py
[2025-10-13T12:46:30.643+0000] {processor.py:830} INFO - Processing file /opt/airflow/dags/weather_gold_v1.py for tasks to queue
[2025-10-13T12:46:30.646+0000] {logging_mixin.py:188} INFO - [2025-10-13T12:46:30.645+0000] {dagbag.py:540} INFO - Filling up the DagBag from /opt/airflow/dags/weather_gold_v1.py
[2025-10-13T12:46:30.696+0000] {processor.py:840} INFO - DAG(s) 'weather_gold_v1' retrieved from /opt/airflow/dags/weather_gold_v1.py
[2025-10-13T12:46:30.783+0000] {logging_mixin.py:188} INFO - [2025-10-13T12:46:30.783+0000] {dag.py:3047} INFO - Sync 1 DAGs
[2025-10-13T12:46:30.845+0000] {logging_mixin.py:188} INFO - [2025-10-13T12:46:30.844+0000] {dag.py:3834} INFO - Setting next_dagrun for weather_gold_v1 to 2025-10-12 00:00:00+00:00, run_after=2025-10-19 00:00:00+00:00
[2025-10-13T12:46:30.912+0000] {processor.py:183} INFO - Processing /opt/airflow/dags/weather_gold_v1.py took 0.278 seconds
[2025-10-13T12:47:01.292+0000] {processor.py:161} INFO - Started process (PID=11669) to work on /opt/airflow/dags/weather_gold_v1.py
[2025-10-13T12:47:01.294+0000] {processor.py:830} INFO - Processing file /opt/airflow/dags/weather_gold_v1.py for tasks to queue
[2025-10-13T12:47:01.296+0000] {logging_mixin.py:188} INFO - [2025-10-13T12:47:01.296+0000] {dagbag.py:540} INFO - Filling up the DagBag from /opt/airflow/dags/weather_gold_v1.py
[2025-10-13T12:47:01.322+0000] {processor.py:840} INFO - DAG(s) 'weather_gold_v1' retrieved from /opt/airflow/dags/weather_gold_v1.py
[2025-10-13T12:47:01.383+0000] {logging_mixin.py:188} INFO - [2025-10-13T12:47:01.383+0000] {dag.py:3047} INFO - Sync 1 DAGs
[2025-10-13T12:47:01.424+0000] {logging_mixin.py:188} INFO - [2025-10-13T12:47:01.424+0000] {dag.py:3834} INFO - Setting next_dagrun for weather_gold_v1 to 2025-10-12 00:00:00+00:00, run_after=2025-10-19 00:00:00+00:00
[2025-10-13T12:47:01.480+0000] {processor.py:183} INFO - Processing /opt/airflow/dags/weather_gold_v1.py took 0.191 seconds
[2025-10-13T12:47:31.569+0000] {processor.py:161} INFO - Started process (PID=11684) to work on /opt/airflow/dags/weather_gold_v1.py
[2025-10-13T12:47:31.571+0000] {processor.py:830} INFO - Processing file /opt/airflow/dags/weather_gold_v1.py for tasks to queue
[2025-10-13T12:47:31.573+0000] {logging_mixin.py:188} INFO - [2025-10-13T12:47:31.572+0000] {dagbag.py:540} INFO - Filling up the DagBag from /opt/airflow/dags/weather_gold_v1.py
[2025-10-13T12:47:31.603+0000] {processor.py:840} INFO - DAG(s) 'weather_gold_v1' retrieved from /opt/airflow/dags/weather_gold_v1.py
[2025-10-13T12:47:31.682+0000] {logging_mixin.py:188} INFO - [2025-10-13T12:47:31.682+0000] {dag.py:3047} INFO - Sync 1 DAGs
[2025-10-13T12:47:31.745+0000] {logging_mixin.py:188} INFO - [2025-10-13T12:47:31.745+0000] {dag.py:3834} INFO - Setting next_dagrun for weather_gold_v1 to 2025-10-12 00:00:00+00:00, run_after=2025-10-19 00:00:00+00:00
[2025-10-13T12:47:31.843+0000] {processor.py:183} INFO - Processing /opt/airflow/dags/weather_gold_v1.py took 0.277 seconds
[2025-10-13T12:48:01.918+0000] {processor.py:161} INFO - Started process (PID=11694) to work on /opt/airflow/dags/weather_gold_v1.py
[2025-10-13T12:48:01.920+0000] {processor.py:830} INFO - Processing file /opt/airflow/dags/weather_gold_v1.py for tasks to queue
[2025-10-13T12:48:01.921+0000] {logging_mixin.py:188} INFO - [2025-10-13T12:48:01.921+0000] {dagbag.py:540} INFO - Filling up the DagBag from /opt/airflow/dags/weather_gold_v1.py
[2025-10-13T12:48:01.957+0000] {processor.py:840} INFO - DAG(s) 'weather_gold_v1' retrieved from /opt/airflow/dags/weather_gold_v1.py
[2025-10-13T12:48:02.134+0000] {logging_mixin.py:188} INFO - [2025-10-13T12:48:02.133+0000] {dag.py:3047} INFO - Sync 1 DAGs
[2025-10-13T12:48:02.290+0000] {logging_mixin.py:188} INFO - [2025-10-13T12:48:02.290+0000] {dag.py:3834} INFO - Setting next_dagrun for weather_gold_v1 to 2025-10-12 00:00:00+00:00, run_after=2025-10-19 00:00:00+00:00
[2025-10-13T12:48:02.602+0000] {processor.py:183} INFO - Processing /opt/airflow/dags/weather_gold_v1.py took 0.690 seconds
[2025-10-13T12:48:32.992+0000] {processor.py:161} INFO - Started process (PID=11709) to work on /opt/airflow/dags/weather_gold_v1.py
[2025-10-13T12:48:32.996+0000] {processor.py:830} INFO - Processing file /opt/airflow/dags/weather_gold_v1.py for tasks to queue
[2025-10-13T12:48:32.999+0000] {logging_mixin.py:188} INFO - [2025-10-13T12:48:32.998+0000] {dagbag.py:540} INFO - Filling up the DagBag from /opt/airflow/dags/weather_gold_v1.py
[2025-10-13T12:48:33.066+0000] {processor.py:840} INFO - DAG(s) 'weather_gold_v1' retrieved from /opt/airflow/dags/weather_gold_v1.py
[2025-10-13T12:48:33.255+0000] {logging_mixin.py:188} INFO - [2025-10-13T12:48:33.255+0000] {dag.py:3047} INFO - Sync 1 DAGs
[2025-10-13T12:48:33.351+0000] {logging_mixin.py:188} INFO - [2025-10-13T12:48:33.351+0000] {dag.py:3834} INFO - Setting next_dagrun for weather_gold_v1 to 2025-10-12 00:00:00+00:00, run_after=2025-10-19 00:00:00+00:00
[2025-10-13T12:48:33.454+0000] {processor.py:183} INFO - Processing /opt/airflow/dags/weather_gold_v1.py took 0.471 seconds
[2025-10-13T12:49:04.032+0000] {processor.py:161} INFO - Started process (PID=11724) to work on /opt/airflow/dags/weather_gold_v1.py
[2025-10-13T12:49:04.034+0000] {processor.py:830} INFO - Processing file /opt/airflow/dags/weather_gold_v1.py for tasks to queue
[2025-10-13T12:49:04.036+0000] {logging_mixin.py:188} INFO - [2025-10-13T12:49:04.035+0000] {dagbag.py:540} INFO - Filling up the DagBag from /opt/airflow/dags/weather_gold_v1.py
[2025-10-13T12:49:04.065+0000] {processor.py:840} INFO - DAG(s) 'weather_gold_v1' retrieved from /opt/airflow/dags/weather_gold_v1.py
[2025-10-13T12:49:04.133+0000] {logging_mixin.py:188} INFO - [2025-10-13T12:49:04.133+0000] {dag.py:3047} INFO - Sync 1 DAGs
[2025-10-13T12:49:04.185+0000] {logging_mixin.py:188} INFO - [2025-10-13T12:49:04.184+0000] {dag.py:3834} INFO - Setting next_dagrun for weather_gold_v1 to 2025-10-12 00:00:00+00:00, run_after=2025-10-19 00:00:00+00:00
[2025-10-13T12:49:04.248+0000] {processor.py:183} INFO - Processing /opt/airflow/dags/weather_gold_v1.py took 0.219 seconds
[2025-10-13T12:49:34.732+0000] {processor.py:161} INFO - Started process (PID=11739) to work on /opt/airflow/dags/weather_gold_v1.py
[2025-10-13T12:49:34.734+0000] {processor.py:830} INFO - Processing file /opt/airflow/dags/weather_gold_v1.py for tasks to queue
[2025-10-13T12:49:34.736+0000] {logging_mixin.py:188} INFO - [2025-10-13T12:49:34.735+0000] {dagbag.py:540} INFO - Filling up the DagBag from /opt/airflow/dags/weather_gold_v1.py
[2025-10-13T12:49:34.764+0000] {processor.py:840} INFO - DAG(s) 'weather_gold_v1' retrieved from /opt/airflow/dags/weather_gold_v1.py
[2025-10-13T12:49:34.840+0000] {logging_mixin.py:188} INFO - [2025-10-13T12:49:34.840+0000] {dag.py:3047} INFO - Sync 1 DAGs
[2025-10-13T12:49:34.891+0000] {logging_mixin.py:188} INFO - [2025-10-13T12:49:34.891+0000] {dag.py:3834} INFO - Setting next_dagrun for weather_gold_v1 to 2025-10-12 00:00:00+00:00, run_after=2025-10-19 00:00:00+00:00
[2025-10-13T12:49:34.956+0000] {processor.py:183} INFO - Processing /opt/airflow/dags/weather_gold_v1.py took 0.228 seconds
[2025-10-13T12:50:05.334+0000] {processor.py:161} INFO - Started process (PID=11754) to work on /opt/airflow/dags/weather_gold_v1.py
[2025-10-13T12:50:05.335+0000] {processor.py:830} INFO - Processing file /opt/airflow/dags/weather_gold_v1.py for tasks to queue
[2025-10-13T12:50:05.337+0000] {logging_mixin.py:188} INFO - [2025-10-13T12:50:05.336+0000] {dagbag.py:540} INFO - Filling up the DagBag from /opt/airflow/dags/weather_gold_v1.py
[2025-10-13T12:50:05.366+0000] {processor.py:840} INFO - DAG(s) 'weather_gold_v1' retrieved from /opt/airflow/dags/weather_gold_v1.py
[2025-10-13T12:50:05.432+0000] {logging_mixin.py:188} INFO - [2025-10-13T12:50:05.432+0000] {dag.py:3047} INFO - Sync 1 DAGs
[2025-10-13T12:50:05.484+0000] {logging_mixin.py:188} INFO - [2025-10-13T12:50:05.483+0000] {dag.py:3834} INFO - Setting next_dagrun for weather_gold_v1 to 2025-10-12 00:00:00+00:00, run_after=2025-10-19 00:00:00+00:00
[2025-10-13T12:50:05.580+0000] {processor.py:183} INFO - Processing /opt/airflow/dags/weather_gold_v1.py took 0.255 seconds
[2025-10-13T12:50:36.053+0000] {processor.py:161} INFO - Started process (PID=11769) to work on /opt/airflow/dags/weather_gold_v1.py
[2025-10-13T12:50:36.055+0000] {processor.py:830} INFO - Processing file /opt/airflow/dags/weather_gold_v1.py for tasks to queue
[2025-10-13T12:50:36.056+0000] {logging_mixin.py:188} INFO - [2025-10-13T12:50:36.056+0000] {dagbag.py:540} INFO - Filling up the DagBag from /opt/airflow/dags/weather_gold_v1.py
[2025-10-13T12:50:36.097+0000] {processor.py:840} INFO - DAG(s) 'weather_gold_v1' retrieved from /opt/airflow/dags/weather_gold_v1.py
[2025-10-13T12:50:36.166+0000] {logging_mixin.py:188} INFO - [2025-10-13T12:50:36.166+0000] {dag.py:3047} INFO - Sync 1 DAGs
[2025-10-13T12:50:36.210+0000] {logging_mixin.py:188} INFO - [2025-10-13T12:50:36.210+0000] {dag.py:3834} INFO - Setting next_dagrun for weather_gold_v1 to 2025-10-12 00:00:00+00:00, run_after=2025-10-19 00:00:00+00:00
[2025-10-13T12:50:36.263+0000] {processor.py:183} INFO - Processing /opt/airflow/dags/weather_gold_v1.py took 0.237 seconds
[2025-10-13T12:51:06.737+0000] {processor.py:161} INFO - Started process (PID=11784) to work on /opt/airflow/dags/weather_gold_v1.py
[2025-10-13T12:51:06.738+0000] {processor.py:830} INFO - Processing file /opt/airflow/dags/weather_gold_v1.py for tasks to queue
[2025-10-13T12:51:06.740+0000] {logging_mixin.py:188} INFO - [2025-10-13T12:51:06.740+0000] {dagbag.py:540} INFO - Filling up the DagBag from /opt/airflow/dags/weather_gold_v1.py
[2025-10-13T12:51:06.768+0000] {processor.py:840} INFO - DAG(s) 'weather_gold_v1' retrieved from /opt/airflow/dags/weather_gold_v1.py
[2025-10-13T12:51:06.828+0000] {logging_mixin.py:188} INFO - [2025-10-13T12:51:06.828+0000] {dag.py:3047} INFO - Sync 1 DAGs
[2025-10-13T12:51:06.870+0000] {logging_mixin.py:188} INFO - [2025-10-13T12:51:06.870+0000] {dag.py:3834} INFO - Setting next_dagrun for weather_gold_v1 to 2025-10-12 00:00:00+00:00, run_after=2025-10-19 00:00:00+00:00
[2025-10-13T12:51:06.931+0000] {processor.py:183} INFO - Processing /opt/airflow/dags/weather_gold_v1.py took 0.198 seconds
[2025-10-13T12:51:37.353+0000] {processor.py:161} INFO - Started process (PID=11799) to work on /opt/airflow/dags/weather_gold_v1.py
[2025-10-13T12:51:37.355+0000] {processor.py:830} INFO - Processing file /opt/airflow/dags/weather_gold_v1.py for tasks to queue
[2025-10-13T12:51:37.358+0000] {logging_mixin.py:188} INFO - [2025-10-13T12:51:37.357+0000] {dagbag.py:540} INFO - Filling up the DagBag from /opt/airflow/dags/weather_gold_v1.py
[2025-10-13T12:51:37.390+0000] {processor.py:840} INFO - DAG(s) 'weather_gold_v1' retrieved from /opt/airflow/dags/weather_gold_v1.py
[2025-10-13T12:51:37.463+0000] {logging_mixin.py:188} INFO - [2025-10-13T12:51:37.463+0000] {dag.py:3047} INFO - Sync 1 DAGs
[2025-10-13T12:51:37.515+0000] {logging_mixin.py:188} INFO - [2025-10-13T12:51:37.515+0000] {dag.py:3834} INFO - Setting next_dagrun for weather_gold_v1 to 2025-10-12 00:00:00+00:00, run_after=2025-10-19 00:00:00+00:00
[2025-10-13T12:51:37.627+0000] {processor.py:183} INFO - Processing /opt/airflow/dags/weather_gold_v1.py took 0.278 seconds
[2025-10-13T12:52:08.813+0000] {processor.py:161} INFO - Started process (PID=11814) to work on /opt/airflow/dags/weather_gold_v1.py
[2025-10-13T12:52:08.920+0000] {processor.py:830} INFO - Processing file /opt/airflow/dags/weather_gold_v1.py for tasks to queue
[2025-10-13T12:52:08.922+0000] {logging_mixin.py:188} INFO - [2025-10-13T12:52:08.921+0000] {dagbag.py:540} INFO - Filling up the DagBag from /opt/airflow/dags/weather_gold_v1.py
[2025-10-13T12:52:09.115+0000] {processor.py:840} INFO - DAG(s) 'weather_gold_v1' retrieved from /opt/airflow/dags/weather_gold_v1.py
[2025-10-13T12:52:13.589+0000] {logging_mixin.py:188} INFO - [2025-10-13T12:52:13.589+0000] {dag.py:3047} INFO - Sync 1 DAGs
[2025-10-13T12:52:13.808+0000] {logging_mixin.py:188} INFO - [2025-10-13T12:52:13.807+0000] {dag.py:3834} INFO - Setting next_dagrun for weather_gold_v1 to 2025-10-12 00:00:00+00:00, run_after=2025-10-19 00:00:00+00:00
[2025-10-13T12:52:14.810+0000] {processor.py:183} INFO - Processing /opt/airflow/dags/weather_gold_v1.py took 6.002 seconds
[2025-10-13T12:52:44.907+0000] {processor.py:161} INFO - Started process (PID=11829) to work on /opt/airflow/dags/weather_gold_v1.py
[2025-10-13T12:52:44.909+0000] {processor.py:830} INFO - Processing file /opt/airflow/dags/weather_gold_v1.py for tasks to queue
[2025-10-13T12:52:44.911+0000] {logging_mixin.py:188} INFO - [2025-10-13T12:52:44.910+0000] {dagbag.py:540} INFO - Filling up the DagBag from /opt/airflow/dags/weather_gold_v1.py
[2025-10-13T12:52:44.939+0000] {processor.py:840} INFO - DAG(s) 'weather_gold_v1' retrieved from /opt/airflow/dags/weather_gold_v1.py
[2025-10-13T12:52:45.008+0000] {logging_mixin.py:188} INFO - [2025-10-13T12:52:45.008+0000] {dag.py:3047} INFO - Sync 1 DAGs
[2025-10-13T12:52:45.052+0000] {logging_mixin.py:188} INFO - [2025-10-13T12:52:45.051+0000] {dag.py:3834} INFO - Setting next_dagrun for weather_gold_v1 to 2025-10-12 00:00:00+00:00, run_after=2025-10-19 00:00:00+00:00
[2025-10-13T12:52:45.102+0000] {processor.py:183} INFO - Processing /opt/airflow/dags/weather_gold_v1.py took 0.199 seconds
[2025-10-13T12:53:15.868+0000] {processor.py:161} INFO - Started process (PID=11844) to work on /opt/airflow/dags/weather_gold_v1.py
[2025-10-13T12:53:15.876+0000] {processor.py:830} INFO - Processing file /opt/airflow/dags/weather_gold_v1.py for tasks to queue
[2025-10-13T12:53:15.881+0000] {logging_mixin.py:188} INFO - [2025-10-13T12:53:15.879+0000] {dagbag.py:540} INFO - Filling up the DagBag from /opt/airflow/dags/weather_gold_v1.py
[2025-10-13T12:53:15.979+0000] {processor.py:840} INFO - DAG(s) 'weather_gold_v1' retrieved from /opt/airflow/dags/weather_gold_v1.py
[2025-10-13T12:53:16.225+0000] {logging_mixin.py:188} INFO - [2025-10-13T12:53:16.224+0000] {dag.py:3047} INFO - Sync 1 DAGs
[2025-10-13T12:53:16.380+0000] {logging_mixin.py:188} INFO - [2025-10-13T12:53:16.379+0000] {dag.py:3834} INFO - Setting next_dagrun for weather_gold_v1 to 2025-10-12 00:00:00+00:00, run_after=2025-10-19 00:00:00+00:00
[2025-10-13T12:53:16.482+0000] {processor.py:183} INFO - Processing /opt/airflow/dags/weather_gold_v1.py took 0.630 seconds
[2025-10-13T12:53:47.278+0000] {processor.py:161} INFO - Started process (PID=11862) to work on /opt/airflow/dags/weather_gold_v1.py
[2025-10-13T12:53:47.282+0000] {processor.py:830} INFO - Processing file /opt/airflow/dags/weather_gold_v1.py for tasks to queue
[2025-10-13T12:53:47.285+0000] {logging_mixin.py:188} INFO - [2025-10-13T12:53:47.284+0000] {dagbag.py:540} INFO - Filling up the DagBag from /opt/airflow/dags/weather_gold_v1.py
[2025-10-13T12:53:47.339+0000] {processor.py:840} INFO - DAG(s) 'weather_gold_v1' retrieved from /opt/airflow/dags/weather_gold_v1.py
[2025-10-13T12:53:47.486+0000] {logging_mixin.py:188} INFO - [2025-10-13T12:53:47.485+0000] {dag.py:3047} INFO - Sync 1 DAGs
[2025-10-13T12:53:47.600+0000] {logging_mixin.py:188} INFO - [2025-10-13T12:53:47.600+0000] {dag.py:3834} INFO - Setting next_dagrun for weather_gold_v1 to 2025-10-12 00:00:00+00:00, run_after=2025-10-19 00:00:00+00:00
[2025-10-13T12:53:47.740+0000] {processor.py:183} INFO - Processing /opt/airflow/dags/weather_gold_v1.py took 0.486 seconds
[2025-10-13T12:54:18.579+0000] {processor.py:161} INFO - Started process (PID=11874) to work on /opt/airflow/dags/weather_gold_v1.py
[2025-10-13T12:54:18.582+0000] {processor.py:830} INFO - Processing file /opt/airflow/dags/weather_gold_v1.py for tasks to queue
[2025-10-13T12:54:18.586+0000] {logging_mixin.py:188} INFO - [2025-10-13T12:54:18.584+0000] {dagbag.py:540} INFO - Filling up the DagBag from /opt/airflow/dags/weather_gold_v1.py
[2025-10-13T12:54:18.645+0000] {processor.py:840} INFO - DAG(s) 'weather_gold_v1' retrieved from /opt/airflow/dags/weather_gold_v1.py
[2025-10-13T12:54:18.797+0000] {logging_mixin.py:188} INFO - [2025-10-13T12:54:18.797+0000] {dag.py:3047} INFO - Sync 1 DAGs
[2025-10-13T12:54:18.872+0000] {logging_mixin.py:188} INFO - [2025-10-13T12:54:18.871+0000] {dag.py:3834} INFO - Setting next_dagrun for weather_gold_v1 to 2025-10-12 00:00:00+00:00, run_after=2025-10-19 00:00:00+00:00
[2025-10-13T12:54:18.948+0000] {processor.py:183} INFO - Processing /opt/airflow/dags/weather_gold_v1.py took 0.382 seconds
[2025-10-13T12:54:49.403+0000] {processor.py:161} INFO - Started process (PID=11889) to work on /opt/airflow/dags/weather_gold_v1.py
[2025-10-13T12:54:49.408+0000] {processor.py:830} INFO - Processing file /opt/airflow/dags/weather_gold_v1.py for tasks to queue
[2025-10-13T12:54:49.412+0000] {logging_mixin.py:188} INFO - [2025-10-13T12:54:49.411+0000] {dagbag.py:540} INFO - Filling up the DagBag from /opt/airflow/dags/weather_gold_v1.py
[2025-10-13T12:54:49.493+0000] {processor.py:840} INFO - DAG(s) 'weather_gold_v1' retrieved from /opt/airflow/dags/weather_gold_v1.py
[2025-10-13T12:54:49.730+0000] {logging_mixin.py:188} INFO - [2025-10-13T12:54:49.729+0000] {dag.py:3047} INFO - Sync 1 DAGs
[2025-10-13T12:54:49.830+0000] {logging_mixin.py:188} INFO - [2025-10-13T12:54:49.830+0000] {dag.py:3834} INFO - Setting next_dagrun for weather_gold_v1 to 2025-10-12 00:00:00+00:00, run_after=2025-10-19 00:00:00+00:00
[2025-10-13T12:54:50.019+0000] {processor.py:183} INFO - Processing /opt/airflow/dags/weather_gold_v1.py took 0.627 seconds
[2025-10-13T12:55:20.940+0000] {processor.py:161} INFO - Started process (PID=11904) to work on /opt/airflow/dags/weather_gold_v1.py
[2025-10-13T12:55:20.950+0000] {processor.py:830} INFO - Processing file /opt/airflow/dags/weather_gold_v1.py for tasks to queue
[2025-10-13T12:55:20.955+0000] {logging_mixin.py:188} INFO - [2025-10-13T12:55:20.954+0000] {dagbag.py:540} INFO - Filling up the DagBag from /opt/airflow/dags/weather_gold_v1.py
[2025-10-13T12:55:21.168+0000] {processor.py:840} INFO - DAG(s) 'weather_gold_v1' retrieved from /opt/airflow/dags/weather_gold_v1.py
[2025-10-13T12:55:21.312+0000] {logging_mixin.py:188} INFO - [2025-10-13T12:55:21.312+0000] {dag.py:3047} INFO - Sync 1 DAGs
[2025-10-13T12:55:21.405+0000] {logging_mixin.py:188} INFO - [2025-10-13T12:55:21.405+0000] {dag.py:3834} INFO - Setting next_dagrun for weather_gold_v1 to 2025-10-12 00:00:00+00:00, run_after=2025-10-19 00:00:00+00:00
[2025-10-13T12:55:21.500+0000] {processor.py:183} INFO - Processing /opt/airflow/dags/weather_gold_v1.py took 0.680 seconds
[2025-10-13T12:55:52.243+0000] {processor.py:161} INFO - Started process (PID=11919) to work on /opt/airflow/dags/weather_gold_v1.py
[2025-10-13T12:55:52.245+0000] {processor.py:830} INFO - Processing file /opt/airflow/dags/weather_gold_v1.py for tasks to queue
[2025-10-13T12:55:52.247+0000] {logging_mixin.py:188} INFO - [2025-10-13T12:55:52.246+0000] {dagbag.py:540} INFO - Filling up the DagBag from /opt/airflow/dags/weather_gold_v1.py
[2025-10-13T12:55:52.278+0000] {processor.py:840} INFO - DAG(s) 'weather_gold_v1' retrieved from /opt/airflow/dags/weather_gold_v1.py
[2025-10-13T12:55:52.352+0000] {logging_mixin.py:188} INFO - [2025-10-13T12:55:52.352+0000] {dag.py:3047} INFO - Sync 1 DAGs
[2025-10-13T12:55:52.402+0000] {logging_mixin.py:188} INFO - [2025-10-13T12:55:52.402+0000] {dag.py:3834} INFO - Setting next_dagrun for weather_gold_v1 to 2025-10-12 00:00:00+00:00, run_after=2025-10-19 00:00:00+00:00
[2025-10-13T12:55:52.461+0000] {processor.py:183} INFO - Processing /opt/airflow/dags/weather_gold_v1.py took 0.221 seconds
[2025-10-13T12:56:22.953+0000] {processor.py:161} INFO - Started process (PID=11934) to work on /opt/airflow/dags/weather_gold_v1.py
[2025-10-13T12:56:22.955+0000] {processor.py:830} INFO - Processing file /opt/airflow/dags/weather_gold_v1.py for tasks to queue
[2025-10-13T12:56:22.957+0000] {logging_mixin.py:188} INFO - [2025-10-13T12:56:22.956+0000] {dagbag.py:540} INFO - Filling up the DagBag from /opt/airflow/dags/weather_gold_v1.py
[2025-10-13T12:56:23.012+0000] {processor.py:840} INFO - DAG(s) 'weather_gold_v1' retrieved from /opt/airflow/dags/weather_gold_v1.py
[2025-10-13T12:56:23.181+0000] {logging_mixin.py:188} INFO - [2025-10-13T12:56:23.180+0000] {dag.py:3047} INFO - Sync 1 DAGs
[2025-10-13T12:56:23.785+0000] {logging_mixin.py:188} INFO - [2025-10-13T12:56:23.785+0000] {dag.py:3834} INFO - Setting next_dagrun for weather_gold_v1 to 2025-10-12 00:00:00+00:00, run_after=2025-10-19 00:00:00+00:00
[2025-10-13T12:56:25.240+0000] {processor.py:183} INFO - Processing /opt/airflow/dags/weather_gold_v1.py took 2.294 seconds
[2025-10-13T12:56:57.427+0000] {processor.py:161} INFO - Started process (PID=11949) to work on /opt/airflow/dags/weather_gold_v1.py
[2025-10-13T12:56:57.521+0000] {processor.py:830} INFO - Processing file /opt/airflow/dags/weather_gold_v1.py for tasks to queue
[2025-10-13T12:56:57.523+0000] {logging_mixin.py:188} INFO - [2025-10-13T12:56:57.523+0000] {dagbag.py:540} INFO - Filling up the DagBag from /opt/airflow/dags/weather_gold_v1.py
[2025-10-13T12:56:57.742+0000] {processor.py:840} INFO - DAG(s) 'weather_gold_v1' retrieved from /opt/airflow/dags/weather_gold_v1.py
[2025-10-13T12:57:01.873+0000] {logging_mixin.py:188} INFO - [2025-10-13T12:57:01.872+0000] {dag.py:3047} INFO - Sync 1 DAGs
[2025-10-13T12:57:02.028+0000] {logging_mixin.py:188} INFO - [2025-10-13T12:57:02.027+0000] {dag.py:3834} INFO - Setting next_dagrun for weather_gold_v1 to 2025-10-12 00:00:00+00:00, run_after=2025-10-19 00:00:00+00:00
[2025-10-13T12:57:02.193+0000] {processor.py:183} INFO - Processing /opt/airflow/dags/weather_gold_v1.py took 4.770 seconds
[2025-10-13T12:57:32.308+0000] {processor.py:161} INFO - Started process (PID=11964) to work on /opt/airflow/dags/weather_gold_v1.py
[2025-10-13T12:57:32.309+0000] {processor.py:830} INFO - Processing file /opt/airflow/dags/weather_gold_v1.py for tasks to queue
[2025-10-13T12:57:32.310+0000] {logging_mixin.py:188} INFO - [2025-10-13T12:57:32.310+0000] {dagbag.py:540} INFO - Filling up the DagBag from /opt/airflow/dags/weather_gold_v1.py
[2025-10-13T12:57:32.334+0000] {processor.py:840} INFO - DAG(s) 'weather_gold_v1' retrieved from /opt/airflow/dags/weather_gold_v1.py
[2025-10-13T12:57:32.404+0000] {logging_mixin.py:188} INFO - [2025-10-13T12:57:32.404+0000] {dag.py:3047} INFO - Sync 1 DAGs
[2025-10-13T12:57:32.448+0000] {logging_mixin.py:188} INFO - [2025-10-13T12:57:32.448+0000] {dag.py:3834} INFO - Setting next_dagrun for weather_gold_v1 to 2025-10-12 00:00:00+00:00, run_after=2025-10-19 00:00:00+00:00
[2025-10-13T12:57:32.503+0000] {processor.py:183} INFO - Processing /opt/airflow/dags/weather_gold_v1.py took 0.198 seconds
[2025-10-13T12:58:03.163+0000] {processor.py:161} INFO - Started process (PID=11979) to work on /opt/airflow/dags/weather_gold_v1.py
[2025-10-13T12:58:03.165+0000] {processor.py:830} INFO - Processing file /opt/airflow/dags/weather_gold_v1.py for tasks to queue
[2025-10-13T12:58:03.167+0000] {logging_mixin.py:188} INFO - [2025-10-13T12:58:03.166+0000] {dagbag.py:540} INFO - Filling up the DagBag from /opt/airflow/dags/weather_gold_v1.py
[2025-10-13T12:58:03.203+0000] {processor.py:840} INFO - DAG(s) 'weather_gold_v1' retrieved from /opt/airflow/dags/weather_gold_v1.py
[2025-10-13T12:58:03.272+0000] {logging_mixin.py:188} INFO - [2025-10-13T12:58:03.271+0000] {dag.py:3047} INFO - Sync 1 DAGs
[2025-10-13T12:58:03.321+0000] {logging_mixin.py:188} INFO - [2025-10-13T12:58:03.320+0000] {dag.py:3834} INFO - Setting next_dagrun for weather_gold_v1 to 2025-10-12 00:00:00+00:00, run_after=2025-10-19 00:00:00+00:00
[2025-10-13T12:58:03.376+0000] {processor.py:183} INFO - Processing /opt/airflow/dags/weather_gold_v1.py took 0.217 seconds
[2025-10-13T12:58:33.951+0000] {processor.py:161} INFO - Started process (PID=11994) to work on /opt/airflow/dags/weather_gold_v1.py
[2025-10-13T12:58:33.953+0000] {processor.py:830} INFO - Processing file /opt/airflow/dags/weather_gold_v1.py for tasks to queue
[2025-10-13T12:58:33.955+0000] {logging_mixin.py:188} INFO - [2025-10-13T12:58:33.955+0000] {dagbag.py:540} INFO - Filling up the DagBag from /opt/airflow/dags/weather_gold_v1.py
[2025-10-13T12:58:33.988+0000] {processor.py:840} INFO - DAG(s) 'weather_gold_v1' retrieved from /opt/airflow/dags/weather_gold_v1.py
[2025-10-13T12:58:34.074+0000] {logging_mixin.py:188} INFO - [2025-10-13T12:58:34.073+0000] {dag.py:3047} INFO - Sync 1 DAGs
[2025-10-13T12:58:34.133+0000] {logging_mixin.py:188} INFO - [2025-10-13T12:58:34.133+0000] {dag.py:3834} INFO - Setting next_dagrun for weather_gold_v1 to 2025-10-12 00:00:00+00:00, run_after=2025-10-19 00:00:00+00:00
[2025-10-13T12:58:34.197+0000] {processor.py:183} INFO - Processing /opt/airflow/dags/weather_gold_v1.py took 0.255 seconds
[2025-10-13T12:59:04.797+0000] {processor.py:161} INFO - Started process (PID=12009) to work on /opt/airflow/dags/weather_gold_v1.py
[2025-10-13T12:59:04.798+0000] {processor.py:830} INFO - Processing file /opt/airflow/dags/weather_gold_v1.py for tasks to queue
[2025-10-13T12:59:04.800+0000] {logging_mixin.py:188} INFO - [2025-10-13T12:59:04.800+0000] {dagbag.py:540} INFO - Filling up the DagBag from /opt/airflow/dags/weather_gold_v1.py
[2025-10-13T12:59:04.834+0000] {processor.py:840} INFO - DAG(s) 'weather_gold_v1' retrieved from /opt/airflow/dags/weather_gold_v1.py
[2025-10-13T12:59:04.936+0000] {logging_mixin.py:188} INFO - [2025-10-13T12:59:04.936+0000] {dag.py:3047} INFO - Sync 1 DAGs
[2025-10-13T12:59:04.997+0000] {logging_mixin.py:188} INFO - [2025-10-13T12:59:04.997+0000] {dag.py:3834} INFO - Setting next_dagrun for weather_gold_v1 to 2025-10-12 00:00:00+00:00, run_after=2025-10-19 00:00:00+00:00
[2025-10-13T12:59:05.064+0000] {processor.py:183} INFO - Processing /opt/airflow/dags/weather_gold_v1.py took 0.272 seconds
[2025-10-13T12:59:35.664+0000] {processor.py:161} INFO - Started process (PID=12024) to work on /opt/airflow/dags/weather_gold_v1.py
[2025-10-13T12:59:35.666+0000] {processor.py:830} INFO - Processing file /opt/airflow/dags/weather_gold_v1.py for tasks to queue
[2025-10-13T12:59:35.667+0000] {logging_mixin.py:188} INFO - [2025-10-13T12:59:35.667+0000] {dagbag.py:540} INFO - Filling up the DagBag from /opt/airflow/dags/weather_gold_v1.py
[2025-10-13T12:59:35.695+0000] {processor.py:840} INFO - DAG(s) 'weather_gold_v1' retrieved from /opt/airflow/dags/weather_gold_v1.py
[2025-10-13T12:59:35.755+0000] {logging_mixin.py:188} INFO - [2025-10-13T12:59:35.755+0000] {dag.py:3047} INFO - Sync 1 DAGs
[2025-10-13T12:59:35.797+0000] {logging_mixin.py:188} INFO - [2025-10-13T12:59:35.796+0000] {dag.py:3834} INFO - Setting next_dagrun for weather_gold_v1 to 2025-10-12 00:00:00+00:00, run_after=2025-10-19 00:00:00+00:00
[2025-10-13T12:59:35.856+0000] {processor.py:183} INFO - Processing /opt/airflow/dags/weather_gold_v1.py took 0.195 seconds
[2025-10-13T13:00:06.299+0000] {processor.py:161} INFO - Started process (PID=12039) to work on /opt/airflow/dags/weather_gold_v1.py
[2025-10-13T13:00:06.301+0000] {processor.py:830} INFO - Processing file /opt/airflow/dags/weather_gold_v1.py for tasks to queue
[2025-10-13T13:00:06.303+0000] {logging_mixin.py:188} INFO - [2025-10-13T13:00:06.302+0000] {dagbag.py:540} INFO - Filling up the DagBag from /opt/airflow/dags/weather_gold_v1.py
[2025-10-13T13:00:06.330+0000] {processor.py:840} INFO - DAG(s) 'weather_gold_v1' retrieved from /opt/airflow/dags/weather_gold_v1.py
[2025-10-13T13:00:06.412+0000] {logging_mixin.py:188} INFO - [2025-10-13T13:00:06.411+0000] {dag.py:3047} INFO - Sync 1 DAGs
[2025-10-13T13:00:06.479+0000] {logging_mixin.py:188} INFO - [2025-10-13T13:00:06.479+0000] {dag.py:3834} INFO - Setting next_dagrun for weather_gold_v1 to 2025-10-12 00:00:00+00:00, run_after=2025-10-19 00:00:00+00:00
[2025-10-13T13:00:06.538+0000] {processor.py:183} INFO - Processing /opt/airflow/dags/weather_gold_v1.py took 0.242 seconds
[2025-10-13T13:00:36.989+0000] {processor.py:161} INFO - Started process (PID=12054) to work on /opt/airflow/dags/weather_gold_v1.py
[2025-10-13T13:00:36.990+0000] {processor.py:830} INFO - Processing file /opt/airflow/dags/weather_gold_v1.py for tasks to queue
[2025-10-13T13:00:36.992+0000] {logging_mixin.py:188} INFO - [2025-10-13T13:00:36.992+0000] {dagbag.py:540} INFO - Filling up the DagBag from /opt/airflow/dags/weather_gold_v1.py
[2025-10-13T13:00:37.021+0000] {processor.py:840} INFO - DAG(s) 'weather_gold_v1' retrieved from /opt/airflow/dags/weather_gold_v1.py
[2025-10-13T13:00:37.097+0000] {logging_mixin.py:188} INFO - [2025-10-13T13:00:37.096+0000] {dag.py:3047} INFO - Sync 1 DAGs
[2025-10-13T13:00:37.173+0000] {logging_mixin.py:188} INFO - [2025-10-13T13:00:37.172+0000] {dag.py:3834} INFO - Setting next_dagrun for weather_gold_v1 to 2025-10-12 00:00:00+00:00, run_after=2025-10-19 00:00:00+00:00
[2025-10-13T13:00:37.257+0000] {processor.py:183} INFO - Processing /opt/airflow/dags/weather_gold_v1.py took 0.275 seconds
[2025-10-13T13:01:07.782+0000] {processor.py:161} INFO - Started process (PID=12069) to work on /opt/airflow/dags/weather_gold_v1.py
[2025-10-13T13:01:07.784+0000] {processor.py:830} INFO - Processing file /opt/airflow/dags/weather_gold_v1.py for tasks to queue
[2025-10-13T13:01:07.786+0000] {logging_mixin.py:188} INFO - [2025-10-13T13:01:07.785+0000] {dagbag.py:540} INFO - Filling up the DagBag from /opt/airflow/dags/weather_gold_v1.py
[2025-10-13T13:01:07.814+0000] {processor.py:840} INFO - DAG(s) 'weather_gold_v1' retrieved from /opt/airflow/dags/weather_gold_v1.py
[2025-10-13T13:01:07.888+0000] {logging_mixin.py:188} INFO - [2025-10-13T13:01:07.888+0000] {dag.py:3047} INFO - Sync 1 DAGs
[2025-10-13T13:01:07.947+0000] {logging_mixin.py:188} INFO - [2025-10-13T13:01:07.946+0000] {dag.py:3834} INFO - Setting next_dagrun for weather_gold_v1 to 2025-10-12 00:00:00+00:00, run_after=2025-10-19 00:00:00+00:00
[2025-10-13T13:01:08.025+0000] {processor.py:183} INFO - Processing /opt/airflow/dags/weather_gold_v1.py took 0.249 seconds
[2025-10-13T13:01:38.718+0000] {processor.py:161} INFO - Started process (PID=12084) to work on /opt/airflow/dags/weather_gold_v1.py
[2025-10-13T13:01:38.720+0000] {processor.py:830} INFO - Processing file /opt/airflow/dags/weather_gold_v1.py for tasks to queue
[2025-10-13T13:01:38.721+0000] {logging_mixin.py:188} INFO - [2025-10-13T13:01:38.721+0000] {dagbag.py:540} INFO - Filling up the DagBag from /opt/airflow/dags/weather_gold_v1.py
[2025-10-13T13:01:38.750+0000] {processor.py:840} INFO - DAG(s) 'weather_gold_v1' retrieved from /opt/airflow/dags/weather_gold_v1.py
[2025-10-13T13:01:38.823+0000] {logging_mixin.py:188} INFO - [2025-10-13T13:01:38.823+0000] {dag.py:3047} INFO - Sync 1 DAGs
[2025-10-13T13:01:38.872+0000] {logging_mixin.py:188} INFO - [2025-10-13T13:01:38.872+0000] {dag.py:3834} INFO - Setting next_dagrun for weather_gold_v1 to 2025-10-12 00:00:00+00:00, run_after=2025-10-19 00:00:00+00:00
[2025-10-13T13:01:38.945+0000] {processor.py:183} INFO - Processing /opt/airflow/dags/weather_gold_v1.py took 0.231 seconds
[2025-10-13T13:02:09.359+0000] {processor.py:161} INFO - Started process (PID=12099) to work on /opt/airflow/dags/weather_gold_v1.py
[2025-10-13T13:02:09.360+0000] {processor.py:830} INFO - Processing file /opt/airflow/dags/weather_gold_v1.py for tasks to queue
[2025-10-13T13:02:09.363+0000] {logging_mixin.py:188} INFO - [2025-10-13T13:02:09.362+0000] {dagbag.py:540} INFO - Filling up the DagBag from /opt/airflow/dags/weather_gold_v1.py
[2025-10-13T13:02:09.400+0000] {processor.py:840} INFO - DAG(s) 'weather_gold_v1' retrieved from /opt/airflow/dags/weather_gold_v1.py
[2025-10-13T13:02:09.479+0000] {logging_mixin.py:188} INFO - [2025-10-13T13:02:09.479+0000] {dag.py:3047} INFO - Sync 1 DAGs
[2025-10-13T13:02:09.529+0000] {logging_mixin.py:188} INFO - [2025-10-13T13:02:09.528+0000] {dag.py:3834} INFO - Setting next_dagrun for weather_gold_v1 to 2025-10-12 00:00:00+00:00, run_after=2025-10-19 00:00:00+00:00
[2025-10-13T13:02:09.587+0000] {processor.py:183} INFO - Processing /opt/airflow/dags/weather_gold_v1.py took 0.234 seconds
[2025-10-13T13:02:40.105+0000] {processor.py:161} INFO - Started process (PID=12114) to work on /opt/airflow/dags/weather_gold_v1.py
[2025-10-13T13:02:40.108+0000] {processor.py:830} INFO - Processing file /opt/airflow/dags/weather_gold_v1.py for tasks to queue
[2025-10-13T13:02:40.110+0000] {logging_mixin.py:188} INFO - [2025-10-13T13:02:40.110+0000] {dagbag.py:540} INFO - Filling up the DagBag from /opt/airflow/dags/weather_gold_v1.py
[2025-10-13T13:02:40.158+0000] {processor.py:840} INFO - DAG(s) 'weather_gold_v1' retrieved from /opt/airflow/dags/weather_gold_v1.py
[2025-10-13T13:02:40.391+0000] {logging_mixin.py:188} INFO - [2025-10-13T13:02:40.391+0000] {dag.py:3047} INFO - Sync 1 DAGs
[2025-10-13T13:02:40.587+0000] {logging_mixin.py:188} INFO - [2025-10-13T13:02:40.586+0000] {dag.py:3834} INFO - Setting next_dagrun for weather_gold_v1 to 2025-10-12 00:00:00+00:00, run_after=2025-10-19 00:00:00+00:00
[2025-10-13T13:02:40.678+0000] {processor.py:183} INFO - Processing /opt/airflow/dags/weather_gold_v1.py took 0.578 seconds
[2025-10-13T13:03:11.168+0000] {processor.py:161} INFO - Started process (PID=12129) to work on /opt/airflow/dags/weather_gold_v1.py
[2025-10-13T13:03:11.169+0000] {processor.py:830} INFO - Processing file /opt/airflow/dags/weather_gold_v1.py for tasks to queue
[2025-10-13T13:03:11.171+0000] {logging_mixin.py:188} INFO - [2025-10-13T13:03:11.171+0000] {dagbag.py:540} INFO - Filling up the DagBag from /opt/airflow/dags/weather_gold_v1.py
[2025-10-13T13:03:11.281+0000] {processor.py:840} INFO - DAG(s) 'weather_gold_v1' retrieved from /opt/airflow/dags/weather_gold_v1.py
[2025-10-13T13:03:11.918+0000] {logging_mixin.py:188} INFO - [2025-10-13T13:03:11.917+0000] {dag.py:3047} INFO - Sync 1 DAGs
[2025-10-13T13:03:12.215+0000] {logging_mixin.py:188} INFO - [2025-10-13T13:03:12.214+0000] {dag.py:3834} INFO - Setting next_dagrun for weather_gold_v1 to 2025-10-12 00:00:00+00:00, run_after=2025-10-19 00:00:00+00:00
[2025-10-13T13:03:12.385+0000] {processor.py:183} INFO - Processing /opt/airflow/dags/weather_gold_v1.py took 1.224 seconds
[2025-10-13T13:03:43.099+0000] {processor.py:161} INFO - Started process (PID=12144) to work on /opt/airflow/dags/weather_gold_v1.py
[2025-10-13T13:03:43.101+0000] {processor.py:830} INFO - Processing file /opt/airflow/dags/weather_gold_v1.py for tasks to queue
[2025-10-13T13:03:43.103+0000] {logging_mixin.py:188} INFO - [2025-10-13T13:03:43.102+0000] {dagbag.py:540} INFO - Filling up the DagBag from /opt/airflow/dags/weather_gold_v1.py
[2025-10-13T13:03:43.174+0000] {processor.py:840} INFO - DAG(s) 'weather_gold_v1' retrieved from /opt/airflow/dags/weather_gold_v1.py
[2025-10-13T13:03:43.289+0000] {logging_mixin.py:188} INFO - [2025-10-13T13:03:43.289+0000] {dag.py:3047} INFO - Sync 1 DAGs
[2025-10-13T13:03:43.342+0000] {logging_mixin.py:188} INFO - [2025-10-13T13:03:43.342+0000] {dag.py:3834} INFO - Setting next_dagrun for weather_gold_v1 to 2025-10-12 00:00:00+00:00, run_after=2025-10-19 00:00:00+00:00
[2025-10-13T13:03:43.401+0000] {processor.py:183} INFO - Processing /opt/airflow/dags/weather_gold_v1.py took 0.306 seconds
[2025-10-13T13:04:14.001+0000] {processor.py:161} INFO - Started process (PID=12159) to work on /opt/airflow/dags/weather_gold_v1.py
[2025-10-13T13:04:14.003+0000] {processor.py:830} INFO - Processing file /opt/airflow/dags/weather_gold_v1.py for tasks to queue
[2025-10-13T13:04:14.005+0000] {logging_mixin.py:188} INFO - [2025-10-13T13:04:14.004+0000] {dagbag.py:540} INFO - Filling up the DagBag from /opt/airflow/dags/weather_gold_v1.py
[2025-10-13T13:04:14.036+0000] {processor.py:840} INFO - DAG(s) 'weather_gold_v1' retrieved from /opt/airflow/dags/weather_gold_v1.py
[2025-10-13T13:04:14.101+0000] {logging_mixin.py:188} INFO - [2025-10-13T13:04:14.100+0000] {dag.py:3047} INFO - Sync 1 DAGs
[2025-10-13T13:04:14.148+0000] {logging_mixin.py:188} INFO - [2025-10-13T13:04:14.148+0000] {dag.py:3834} INFO - Setting next_dagrun for weather_gold_v1 to 2025-10-12 00:00:00+00:00, run_after=2025-10-19 00:00:00+00:00
[2025-10-13T13:04:14.217+0000] {processor.py:183} INFO - Processing /opt/airflow/dags/weather_gold_v1.py took 0.221 seconds
[2025-10-13T13:04:44.854+0000] {processor.py:161} INFO - Started process (PID=12174) to work on /opt/airflow/dags/weather_gold_v1.py
[2025-10-13T13:04:44.876+0000] {processor.py:830} INFO - Processing file /opt/airflow/dags/weather_gold_v1.py for tasks to queue
[2025-10-13T13:04:44.895+0000] {logging_mixin.py:188} INFO - [2025-10-13T13:04:44.886+0000] {dagbag.py:540} INFO - Filling up the DagBag from /opt/airflow/dags/weather_gold_v1.py
[2025-10-13T13:04:45.086+0000] {processor.py:840} INFO - DAG(s) 'weather_gold_v1' retrieved from /opt/airflow/dags/weather_gold_v1.py
[2025-10-13T13:04:45.336+0000] {logging_mixin.py:188} INFO - [2025-10-13T13:04:45.335+0000] {dag.py:3047} INFO - Sync 1 DAGs
[2025-10-13T13:04:45.427+0000] {logging_mixin.py:188} INFO - [2025-10-13T13:04:45.427+0000] {dag.py:3834} INFO - Setting next_dagrun for weather_gold_v1 to 2025-10-12 00:00:00+00:00, run_after=2025-10-19 00:00:00+00:00
[2025-10-13T13:04:45.504+0000] {processor.py:183} INFO - Processing /opt/airflow/dags/weather_gold_v1.py took 0.724 seconds
[2025-10-13T13:05:15.975+0000] {processor.py:161} INFO - Started process (PID=12189) to work on /opt/airflow/dags/weather_gold_v1.py
[2025-10-13T13:05:15.977+0000] {processor.py:830} INFO - Processing file /opt/airflow/dags/weather_gold_v1.py for tasks to queue
[2025-10-13T13:05:15.980+0000] {logging_mixin.py:188} INFO - [2025-10-13T13:05:15.979+0000] {dagbag.py:540} INFO - Filling up the DagBag from /opt/airflow/dags/weather_gold_v1.py
[2025-10-13T13:05:16.013+0000] {processor.py:840} INFO - DAG(s) 'weather_gold_v1' retrieved from /opt/airflow/dags/weather_gold_v1.py
[2025-10-13T13:05:16.082+0000] {logging_mixin.py:188} INFO - [2025-10-13T13:05:16.082+0000] {dag.py:3047} INFO - Sync 1 DAGs
[2025-10-13T13:05:16.131+0000] {logging_mixin.py:188} INFO - [2025-10-13T13:05:16.131+0000] {dag.py:3834} INFO - Setting next_dagrun for weather_gold_v1 to 2025-10-12 00:00:00+00:00, run_after=2025-10-19 00:00:00+00:00
[2025-10-13T13:05:16.198+0000] {processor.py:183} INFO - Processing /opt/airflow/dags/weather_gold_v1.py took 0.229 seconds
[2025-10-13T13:05:46.584+0000] {processor.py:161} INFO - Started process (PID=12204) to work on /opt/airflow/dags/weather_gold_v1.py
[2025-10-13T13:05:46.586+0000] {processor.py:830} INFO - Processing file /opt/airflow/dags/weather_gold_v1.py for tasks to queue
[2025-10-13T13:05:46.588+0000] {logging_mixin.py:188} INFO - [2025-10-13T13:05:46.587+0000] {dagbag.py:540} INFO - Filling up the DagBag from /opt/airflow/dags/weather_gold_v1.py
[2025-10-13T13:05:46.618+0000] {processor.py:840} INFO - DAG(s) 'weather_gold_v1' retrieved from /opt/airflow/dags/weather_gold_v1.py
[2025-10-13T13:05:46.702+0000] {logging_mixin.py:188} INFO - [2025-10-13T13:05:46.702+0000] {dag.py:3047} INFO - Sync 1 DAGs
[2025-10-13T13:05:46.757+0000] {logging_mixin.py:188} INFO - [2025-10-13T13:05:46.756+0000] {dag.py:3834} INFO - Setting next_dagrun for weather_gold_v1 to 2025-10-12 00:00:00+00:00, run_after=2025-10-19 00:00:00+00:00
[2025-10-13T13:05:46.877+0000] {processor.py:183} INFO - Processing /opt/airflow/dags/weather_gold_v1.py took 0.299 seconds
[2025-10-13T13:06:17.259+0000] {processor.py:161} INFO - Started process (PID=12219) to work on /opt/airflow/dags/weather_gold_v1.py
[2025-10-13T13:06:17.262+0000] {processor.py:830} INFO - Processing file /opt/airflow/dags/weather_gold_v1.py for tasks to queue
[2025-10-13T13:06:17.264+0000] {logging_mixin.py:188} INFO - [2025-10-13T13:06:17.263+0000] {dagbag.py:540} INFO - Filling up the DagBag from /opt/airflow/dags/weather_gold_v1.py
[2025-10-13T13:06:17.289+0000] {processor.py:840} INFO - DAG(s) 'weather_gold_v1' retrieved from /opt/airflow/dags/weather_gold_v1.py
[2025-10-13T13:06:17.356+0000] {logging_mixin.py:188} INFO - [2025-10-13T13:06:17.356+0000] {dag.py:3047} INFO - Sync 1 DAGs
[2025-10-13T13:06:17.403+0000] {logging_mixin.py:188} INFO - [2025-10-13T13:06:17.402+0000] {dag.py:3834} INFO - Setting next_dagrun for weather_gold_v1 to 2025-10-12 00:00:00+00:00, run_after=2025-10-19 00:00:00+00:00
[2025-10-13T13:06:17.458+0000] {processor.py:183} INFO - Processing /opt/airflow/dags/weather_gold_v1.py took 0.203 seconds
[2025-10-13T13:06:47.951+0000] {processor.py:161} INFO - Started process (PID=12234) to work on /opt/airflow/dags/weather_gold_v1.py
[2025-10-13T13:06:47.952+0000] {processor.py:830} INFO - Processing file /opt/airflow/dags/weather_gold_v1.py for tasks to queue
[2025-10-13T13:06:47.954+0000] {logging_mixin.py:188} INFO - [2025-10-13T13:06:47.953+0000] {dagbag.py:540} INFO - Filling up the DagBag from /opt/airflow/dags/weather_gold_v1.py
[2025-10-13T13:06:47.982+0000] {processor.py:840} INFO - DAG(s) 'weather_gold_v1' retrieved from /opt/airflow/dags/weather_gold_v1.py
[2025-10-13T13:06:48.047+0000] {logging_mixin.py:188} INFO - [2025-10-13T13:06:48.047+0000] {dag.py:3047} INFO - Sync 1 DAGs
[2025-10-13T13:06:48.090+0000] {logging_mixin.py:188} INFO - [2025-10-13T13:06:48.090+0000] {dag.py:3834} INFO - Setting next_dagrun for weather_gold_v1 to 2025-10-12 00:00:00+00:00, run_after=2025-10-19 00:00:00+00:00
[2025-10-13T13:06:48.141+0000] {processor.py:183} INFO - Processing /opt/airflow/dags/weather_gold_v1.py took 0.195 seconds
[2025-10-13T13:07:18.529+0000] {processor.py:161} INFO - Started process (PID=12249) to work on /opt/airflow/dags/weather_gold_v1.py
[2025-10-13T13:07:18.531+0000] {processor.py:830} INFO - Processing file /opt/airflow/dags/weather_gold_v1.py for tasks to queue
[2025-10-13T13:07:18.534+0000] {logging_mixin.py:188} INFO - [2025-10-13T13:07:18.533+0000] {dagbag.py:540} INFO - Filling up the DagBag from /opt/airflow/dags/weather_gold_v1.py
[2025-10-13T13:07:18.576+0000] {processor.py:840} INFO - DAG(s) 'weather_gold_v1' retrieved from /opt/airflow/dags/weather_gold_v1.py
[2025-10-13T13:07:18.654+0000] {logging_mixin.py:188} INFO - [2025-10-13T13:07:18.654+0000] {dag.py:3047} INFO - Sync 1 DAGs
[2025-10-13T13:07:18.709+0000] {logging_mixin.py:188} INFO - [2025-10-13T13:07:18.709+0000] {dag.py:3834} INFO - Setting next_dagrun for weather_gold_v1 to 2025-10-12 00:00:00+00:00, run_after=2025-10-19 00:00:00+00:00
[2025-10-13T13:07:18.799+0000] {processor.py:183} INFO - Processing /opt/airflow/dags/weather_gold_v1.py took 0.277 seconds
[2025-10-13T13:07:49.194+0000] {processor.py:161} INFO - Started process (PID=12264) to work on /opt/airflow/dags/weather_gold_v1.py
[2025-10-13T13:07:49.196+0000] {processor.py:830} INFO - Processing file /opt/airflow/dags/weather_gold_v1.py for tasks to queue
[2025-10-13T13:07:49.199+0000] {logging_mixin.py:188} INFO - [2025-10-13T13:07:49.198+0000] {dagbag.py:540} INFO - Filling up the DagBag from /opt/airflow/dags/weather_gold_v1.py
[2025-10-13T13:07:49.244+0000] {processor.py:840} INFO - DAG(s) 'weather_gold_v1' retrieved from /opt/airflow/dags/weather_gold_v1.py
[2025-10-13T13:07:49.332+0000] {logging_mixin.py:188} INFO - [2025-10-13T13:07:49.331+0000] {dag.py:3047} INFO - Sync 1 DAGs
[2025-10-13T13:07:49.392+0000] {logging_mixin.py:188} INFO - [2025-10-13T13:07:49.391+0000] {dag.py:3834} INFO - Setting next_dagrun for weather_gold_v1 to 2025-10-12 00:00:00+00:00, run_after=2025-10-19 00:00:00+00:00
[2025-10-13T13:07:49.482+0000] {processor.py:183} INFO - Processing /opt/airflow/dags/weather_gold_v1.py took 0.292 seconds
[2025-10-13T13:08:20.053+0000] {processor.py:161} INFO - Started process (PID=12279) to work on /opt/airflow/dags/weather_gold_v1.py
[2025-10-13T13:08:20.055+0000] {processor.py:830} INFO - Processing file /opt/airflow/dags/weather_gold_v1.py for tasks to queue
[2025-10-13T13:08:20.058+0000] {logging_mixin.py:188} INFO - [2025-10-13T13:08:20.057+0000] {dagbag.py:540} INFO - Filling up the DagBag from /opt/airflow/dags/weather_gold_v1.py
[2025-10-13T13:08:20.095+0000] {processor.py:840} INFO - DAG(s) 'weather_gold_v1' retrieved from /opt/airflow/dags/weather_gold_v1.py
[2025-10-13T13:08:20.180+0000] {logging_mixin.py:188} INFO - [2025-10-13T13:08:20.179+0000] {dag.py:3047} INFO - Sync 1 DAGs
[2025-10-13T13:08:20.279+0000] {logging_mixin.py:188} INFO - [2025-10-13T13:08:20.279+0000] {dag.py:3834} INFO - Setting next_dagrun for weather_gold_v1 to 2025-10-12 00:00:00+00:00, run_after=2025-10-19 00:00:00+00:00
[2025-10-13T13:08:20.385+0000] {processor.py:183} INFO - Processing /opt/airflow/dags/weather_gold_v1.py took 0.338 seconds
[2025-10-13T13:08:50.843+0000] {processor.py:161} INFO - Started process (PID=12294) to work on /opt/airflow/dags/weather_gold_v1.py
[2025-10-13T13:08:50.845+0000] {processor.py:830} INFO - Processing file /opt/airflow/dags/weather_gold_v1.py for tasks to queue
[2025-10-13T13:08:50.847+0000] {logging_mixin.py:188} INFO - [2025-10-13T13:08:50.846+0000] {dagbag.py:540} INFO - Filling up the DagBag from /opt/airflow/dags/weather_gold_v1.py
[2025-10-13T13:08:50.874+0000] {processor.py:840} INFO - DAG(s) 'weather_gold_v1' retrieved from /opt/airflow/dags/weather_gold_v1.py
[2025-10-13T13:08:50.938+0000] {logging_mixin.py:188} INFO - [2025-10-13T13:08:50.938+0000] {dag.py:3047} INFO - Sync 1 DAGs
[2025-10-13T13:08:50.993+0000] {logging_mixin.py:188} INFO - [2025-10-13T13:08:50.993+0000] {dag.py:3834} INFO - Setting next_dagrun for weather_gold_v1 to 2025-10-12 00:00:00+00:00, run_after=2025-10-19 00:00:00+00:00
[2025-10-13T13:08:51.071+0000] {processor.py:183} INFO - Processing /opt/airflow/dags/weather_gold_v1.py took 0.231 seconds
[2025-10-13T13:09:21.583+0000] {processor.py:161} INFO - Started process (PID=12309) to work on /opt/airflow/dags/weather_gold_v1.py
[2025-10-13T13:09:21.586+0000] {processor.py:830} INFO - Processing file /opt/airflow/dags/weather_gold_v1.py for tasks to queue
[2025-10-13T13:09:21.588+0000] {logging_mixin.py:188} INFO - [2025-10-13T13:09:21.588+0000] {dagbag.py:540} INFO - Filling up the DagBag from /opt/airflow/dags/weather_gold_v1.py
[2025-10-13T13:09:21.625+0000] {processor.py:840} INFO - DAG(s) 'weather_gold_v1' retrieved from /opt/airflow/dags/weather_gold_v1.py
[2025-10-13T13:09:22.015+0000] {logging_mixin.py:188} INFO - [2025-10-13T13:09:22.013+0000] {dag.py:3047} INFO - Sync 1 DAGs
[2025-10-13T13:09:22.099+0000] {logging_mixin.py:188} INFO - [2025-10-13T13:09:22.099+0000] {dag.py:3834} INFO - Setting next_dagrun for weather_gold_v1 to 2025-10-12 00:00:00+00:00, run_after=2025-10-19 00:00:00+00:00
[2025-10-13T13:09:22.197+0000] {processor.py:183} INFO - Processing /opt/airflow/dags/weather_gold_v1.py took 0.618 seconds
[2025-10-13T13:09:52.601+0000] {processor.py:161} INFO - Started process (PID=12324) to work on /opt/airflow/dags/weather_gold_v1.py
[2025-10-13T13:09:52.603+0000] {processor.py:830} INFO - Processing file /opt/airflow/dags/weather_gold_v1.py for tasks to queue
[2025-10-13T13:09:52.606+0000] {logging_mixin.py:188} INFO - [2025-10-13T13:09:52.605+0000] {dagbag.py:540} INFO - Filling up the DagBag from /opt/airflow/dags/weather_gold_v1.py
[2025-10-13T13:09:52.639+0000] {processor.py:840} INFO - DAG(s) 'weather_gold_v1' retrieved from /opt/airflow/dags/weather_gold_v1.py
[2025-10-13T13:09:52.703+0000] {logging_mixin.py:188} INFO - [2025-10-13T13:09:52.703+0000] {dag.py:3047} INFO - Sync 1 DAGs
[2025-10-13T13:09:52.761+0000] {logging_mixin.py:188} INFO - [2025-10-13T13:09:52.761+0000] {dag.py:3834} INFO - Setting next_dagrun for weather_gold_v1 to 2025-10-12 00:00:00+00:00, run_after=2025-10-19 00:00:00+00:00
[2025-10-13T13:09:52.833+0000] {processor.py:183} INFO - Processing /opt/airflow/dags/weather_gold_v1.py took 0.237 seconds
[2025-10-13T13:10:23.198+0000] {processor.py:161} INFO - Started process (PID=12339) to work on /opt/airflow/dags/weather_gold_v1.py
[2025-10-13T13:10:23.200+0000] {processor.py:830} INFO - Processing file /opt/airflow/dags/weather_gold_v1.py for tasks to queue
[2025-10-13T13:10:23.203+0000] {logging_mixin.py:188} INFO - [2025-10-13T13:10:23.202+0000] {dagbag.py:540} INFO - Filling up the DagBag from /opt/airflow/dags/weather_gold_v1.py
[2025-10-13T13:10:23.230+0000] {processor.py:840} INFO - DAG(s) 'weather_gold_v1' retrieved from /opt/airflow/dags/weather_gold_v1.py
[2025-10-13T13:10:23.286+0000] {logging_mixin.py:188} INFO - [2025-10-13T13:10:23.286+0000] {dag.py:3047} INFO - Sync 1 DAGs
[2025-10-13T13:10:23.328+0000] {logging_mixin.py:188} INFO - [2025-10-13T13:10:23.328+0000] {dag.py:3834} INFO - Setting next_dagrun for weather_gold_v1 to 2025-10-12 00:00:00+00:00, run_after=2025-10-19 00:00:00+00:00
[2025-10-13T13:10:23.384+0000] {processor.py:183} INFO - Processing /opt/airflow/dags/weather_gold_v1.py took 0.193 seconds
[2025-10-13T13:10:53.785+0000] {processor.py:161} INFO - Started process (PID=12354) to work on /opt/airflow/dags/weather_gold_v1.py
[2025-10-13T13:10:53.786+0000] {processor.py:830} INFO - Processing file /opt/airflow/dags/weather_gold_v1.py for tasks to queue
[2025-10-13T13:10:53.788+0000] {logging_mixin.py:188} INFO - [2025-10-13T13:10:53.788+0000] {dagbag.py:540} INFO - Filling up the DagBag from /opt/airflow/dags/weather_gold_v1.py
[2025-10-13T13:10:53.818+0000] {processor.py:840} INFO - DAG(s) 'weather_gold_v1' retrieved from /opt/airflow/dags/weather_gold_v1.py
[2025-10-13T13:10:53.886+0000] {logging_mixin.py:188} INFO - [2025-10-13T13:10:53.886+0000] {dag.py:3047} INFO - Sync 1 DAGs
[2025-10-13T13:10:53.932+0000] {logging_mixin.py:188} INFO - [2025-10-13T13:10:53.932+0000] {dag.py:3834} INFO - Setting next_dagrun for weather_gold_v1 to 2025-10-12 00:00:00+00:00, run_after=2025-10-19 00:00:00+00:00
[2025-10-13T13:10:53.991+0000] {processor.py:183} INFO - Processing /opt/airflow/dags/weather_gold_v1.py took 0.211 seconds
[2025-10-13T13:11:24.239+0000] {processor.py:161} INFO - Started process (PID=12369) to work on /opt/airflow/dags/weather_gold_v1.py
[2025-10-13T13:11:24.241+0000] {processor.py:830} INFO - Processing file /opt/airflow/dags/weather_gold_v1.py for tasks to queue
[2025-10-13T13:11:24.243+0000] {logging_mixin.py:188} INFO - [2025-10-13T13:11:24.242+0000] {dagbag.py:540} INFO - Filling up the DagBag from /opt/airflow/dags/weather_gold_v1.py
[2025-10-13T13:11:24.284+0000] {processor.py:840} INFO - DAG(s) 'weather_gold_v1' retrieved from /opt/airflow/dags/weather_gold_v1.py
[2025-10-13T13:11:24.349+0000] {logging_mixin.py:188} INFO - [2025-10-13T13:11:24.349+0000] {dag.py:3047} INFO - Sync 1 DAGs
[2025-10-13T13:11:24.390+0000] {logging_mixin.py:188} INFO - [2025-10-13T13:11:24.390+0000] {dag.py:3834} INFO - Setting next_dagrun for weather_gold_v1 to 2025-10-12 00:00:00+00:00, run_after=2025-10-19 00:00:00+00:00
[2025-10-13T13:11:24.445+0000] {processor.py:183} INFO - Processing /opt/airflow/dags/weather_gold_v1.py took 0.210 seconds
[2025-10-13T13:11:54.871+0000] {processor.py:161} INFO - Started process (PID=12384) to work on /opt/airflow/dags/weather_gold_v1.py
[2025-10-13T13:11:54.873+0000] {processor.py:830} INFO - Processing file /opt/airflow/dags/weather_gold_v1.py for tasks to queue
[2025-10-13T13:11:54.874+0000] {logging_mixin.py:188} INFO - [2025-10-13T13:11:54.874+0000] {dagbag.py:540} INFO - Filling up the DagBag from /opt/airflow/dags/weather_gold_v1.py
[2025-10-13T13:11:54.898+0000] {processor.py:840} INFO - DAG(s) 'weather_gold_v1' retrieved from /opt/airflow/dags/weather_gold_v1.py
[2025-10-13T13:11:54.961+0000] {logging_mixin.py:188} INFO - [2025-10-13T13:11:54.961+0000] {dag.py:3047} INFO - Sync 1 DAGs
[2025-10-13T13:11:55.004+0000] {logging_mixin.py:188} INFO - [2025-10-13T13:11:55.004+0000] {dag.py:3834} INFO - Setting next_dagrun for weather_gold_v1 to 2025-10-12 00:00:00+00:00, run_after=2025-10-19 00:00:00+00:00
[2025-10-13T13:11:55.056+0000] {processor.py:183} INFO - Processing /opt/airflow/dags/weather_gold_v1.py took 0.187 seconds
[2025-10-13T13:12:25.643+0000] {processor.py:161} INFO - Started process (PID=12399) to work on /opt/airflow/dags/weather_gold_v1.py
[2025-10-13T13:12:25.644+0000] {processor.py:830} INFO - Processing file /opt/airflow/dags/weather_gold_v1.py for tasks to queue
[2025-10-13T13:12:25.646+0000] {logging_mixin.py:188} INFO - [2025-10-13T13:12:25.646+0000] {dagbag.py:540} INFO - Filling up the DagBag from /opt/airflow/dags/weather_gold_v1.py
[2025-10-13T13:12:25.673+0000] {processor.py:840} INFO - DAG(s) 'weather_gold_v1' retrieved from /opt/airflow/dags/weather_gold_v1.py
[2025-10-13T13:12:25.738+0000] {logging_mixin.py:188} INFO - [2025-10-13T13:12:25.737+0000] {dag.py:3047} INFO - Sync 1 DAGs
[2025-10-13T13:12:25.780+0000] {logging_mixin.py:188} INFO - [2025-10-13T13:12:25.780+0000] {dag.py:3834} INFO - Setting next_dagrun for weather_gold_v1 to 2025-10-12 00:00:00+00:00, run_after=2025-10-19 00:00:00+00:00
[2025-10-13T13:12:25.835+0000] {processor.py:183} INFO - Processing /opt/airflow/dags/weather_gold_v1.py took 0.196 seconds
[2025-10-13T13:12:56.516+0000] {processor.py:161} INFO - Started process (PID=12414) to work on /opt/airflow/dags/weather_gold_v1.py
[2025-10-13T13:12:56.518+0000] {processor.py:830} INFO - Processing file /opt/airflow/dags/weather_gold_v1.py for tasks to queue
[2025-10-13T13:12:56.520+0000] {logging_mixin.py:188} INFO - [2025-10-13T13:12:56.519+0000] {dagbag.py:540} INFO - Filling up the DagBag from /opt/airflow/dags/weather_gold_v1.py
[2025-10-13T13:12:56.545+0000] {processor.py:840} INFO - DAG(s) 'weather_gold_v1' retrieved from /opt/airflow/dags/weather_gold_v1.py
[2025-10-13T13:12:56.611+0000] {logging_mixin.py:188} INFO - [2025-10-13T13:12:56.611+0000] {dag.py:3047} INFO - Sync 1 DAGs
[2025-10-13T13:12:56.649+0000] {logging_mixin.py:188} INFO - [2025-10-13T13:12:56.649+0000] {dag.py:3834} INFO - Setting next_dagrun for weather_gold_v1 to 2025-10-12 00:00:00+00:00, run_after=2025-10-19 00:00:00+00:00
[2025-10-13T13:12:56.701+0000] {processor.py:183} INFO - Processing /opt/airflow/dags/weather_gold_v1.py took 0.189 seconds
[2025-10-13T13:13:27.218+0000] {processor.py:161} INFO - Started process (PID=12429) to work on /opt/airflow/dags/weather_gold_v1.py
[2025-10-13T13:13:27.220+0000] {processor.py:830} INFO - Processing file /opt/airflow/dags/weather_gold_v1.py for tasks to queue
[2025-10-13T13:13:27.222+0000] {logging_mixin.py:188} INFO - [2025-10-13T13:13:27.222+0000] {dagbag.py:540} INFO - Filling up the DagBag from /opt/airflow/dags/weather_gold_v1.py
[2025-10-13T13:13:27.251+0000] {processor.py:840} INFO - DAG(s) 'weather_gold_v1' retrieved from /opt/airflow/dags/weather_gold_v1.py
[2025-10-13T13:13:27.321+0000] {logging_mixin.py:188} INFO - [2025-10-13T13:13:27.321+0000] {dag.py:3047} INFO - Sync 1 DAGs
[2025-10-13T13:13:27.366+0000] {logging_mixin.py:188} INFO - [2025-10-13T13:13:27.366+0000] {dag.py:3834} INFO - Setting next_dagrun for weather_gold_v1 to 2025-10-12 00:00:00+00:00, run_after=2025-10-19 00:00:00+00:00
[2025-10-13T13:13:27.421+0000] {processor.py:183} INFO - Processing /opt/airflow/dags/weather_gold_v1.py took 0.207 seconds
[2025-10-13T13:13:57.955+0000] {processor.py:161} INFO - Started process (PID=12444) to work on /opt/airflow/dags/weather_gold_v1.py
[2025-10-13T13:13:57.961+0000] {processor.py:830} INFO - Processing file /opt/airflow/dags/weather_gold_v1.py for tasks to queue
[2025-10-13T13:13:57.965+0000] {logging_mixin.py:188} INFO - [2025-10-13T13:13:57.964+0000] {dagbag.py:540} INFO - Filling up the DagBag from /opt/airflow/dags/weather_gold_v1.py
[2025-10-13T13:13:58.012+0000] {processor.py:840} INFO - DAG(s) 'weather_gold_v1' retrieved from /opt/airflow/dags/weather_gold_v1.py
[2025-10-13T13:13:58.135+0000] {logging_mixin.py:188} INFO - [2025-10-13T13:13:58.135+0000] {dag.py:3047} INFO - Sync 1 DAGs
[2025-10-13T13:13:58.209+0000] {logging_mixin.py:188} INFO - [2025-10-13T13:13:58.209+0000] {dag.py:3834} INFO - Setting next_dagrun for weather_gold_v1 to 2025-10-12 00:00:00+00:00, run_after=2025-10-19 00:00:00+00:00
[2025-10-13T13:13:58.283+0000] {processor.py:183} INFO - Processing /opt/airflow/dags/weather_gold_v1.py took 0.336 seconds
[2025-10-13T13:14:28.810+0000] {processor.py:161} INFO - Started process (PID=12459) to work on /opt/airflow/dags/weather_gold_v1.py
[2025-10-13T13:14:28.812+0000] {processor.py:830} INFO - Processing file /opt/airflow/dags/weather_gold_v1.py for tasks to queue
[2025-10-13T13:14:28.813+0000] {logging_mixin.py:188} INFO - [2025-10-13T13:14:28.813+0000] {dagbag.py:540} INFO - Filling up the DagBag from /opt/airflow/dags/weather_gold_v1.py
[2025-10-13T13:14:28.848+0000] {processor.py:840} INFO - DAG(s) 'weather_gold_v1' retrieved from /opt/airflow/dags/weather_gold_v1.py
[2025-10-13T13:14:28.920+0000] {logging_mixin.py:188} INFO - [2025-10-13T13:14:28.919+0000] {dag.py:3047} INFO - Sync 1 DAGs
[2025-10-13T13:14:28.971+0000] {logging_mixin.py:188} INFO - [2025-10-13T13:14:28.971+0000] {dag.py:3834} INFO - Setting next_dagrun for weather_gold_v1 to 2025-10-12 00:00:00+00:00, run_after=2025-10-19 00:00:00+00:00
[2025-10-13T13:14:29.059+0000] {processor.py:183} INFO - Processing /opt/airflow/dags/weather_gold_v1.py took 0.255 seconds
[2025-10-13T13:14:59.288+0000] {processor.py:161} INFO - Started process (PID=12474) to work on /opt/airflow/dags/weather_gold_v1.py
[2025-10-13T13:14:59.290+0000] {processor.py:830} INFO - Processing file /opt/airflow/dags/weather_gold_v1.py for tasks to queue
[2025-10-13T13:14:59.293+0000] {logging_mixin.py:188} INFO - [2025-10-13T13:14:59.292+0000] {dagbag.py:540} INFO - Filling up the DagBag from /opt/airflow/dags/weather_gold_v1.py
[2025-10-13T13:14:59.327+0000] {processor.py:840} INFO - DAG(s) 'weather_gold_v1' retrieved from /opt/airflow/dags/weather_gold_v1.py
[2025-10-13T13:14:59.400+0000] {logging_mixin.py:188} INFO - [2025-10-13T13:14:59.399+0000] {dag.py:3047} INFO - Sync 1 DAGs
[2025-10-13T13:14:59.445+0000] {logging_mixin.py:188} INFO - [2025-10-13T13:14:59.445+0000] {dag.py:3834} INFO - Setting next_dagrun for weather_gold_v1 to 2025-10-12 00:00:00+00:00, run_after=2025-10-19 00:00:00+00:00
[2025-10-13T13:14:59.504+0000] {processor.py:183} INFO - Processing /opt/airflow/dags/weather_gold_v1.py took 0.223 seconds
[2025-10-13T13:15:29.910+0000] {processor.py:161} INFO - Started process (PID=12489) to work on /opt/airflow/dags/weather_gold_v1.py
[2025-10-13T13:15:29.912+0000] {processor.py:830} INFO - Processing file /opt/airflow/dags/weather_gold_v1.py for tasks to queue
[2025-10-13T13:15:29.914+0000] {logging_mixin.py:188} INFO - [2025-10-13T13:15:29.913+0000] {dagbag.py:540} INFO - Filling up the DagBag from /opt/airflow/dags/weather_gold_v1.py
[2025-10-13T13:15:29.941+0000] {processor.py:840} INFO - DAG(s) 'weather_gold_v1' retrieved from /opt/airflow/dags/weather_gold_v1.py
[2025-10-13T13:15:30.006+0000] {logging_mixin.py:188} INFO - [2025-10-13T13:15:30.006+0000] {dag.py:3047} INFO - Sync 1 DAGs
[2025-10-13T13:15:30.049+0000] {logging_mixin.py:188} INFO - [2025-10-13T13:15:30.049+0000] {dag.py:3834} INFO - Setting next_dagrun for weather_gold_v1 to 2025-10-12 00:00:00+00:00, run_after=2025-10-19 00:00:00+00:00
[2025-10-13T13:15:30.113+0000] {processor.py:183} INFO - Processing /opt/airflow/dags/weather_gold_v1.py took 0.206 seconds
[2025-10-13T13:16:00.697+0000] {processor.py:161} INFO - Started process (PID=12504) to work on /opt/airflow/dags/weather_gold_v1.py
[2025-10-13T13:16:00.699+0000] {processor.py:830} INFO - Processing file /opt/airflow/dags/weather_gold_v1.py for tasks to queue
[2025-10-13T13:16:00.701+0000] {logging_mixin.py:188} INFO - [2025-10-13T13:16:00.700+0000] {dagbag.py:540} INFO - Filling up the DagBag from /opt/airflow/dags/weather_gold_v1.py
[2025-10-13T13:16:00.738+0000] {processor.py:840} INFO - DAG(s) 'weather_gold_v1' retrieved from /opt/airflow/dags/weather_gold_v1.py
[2025-10-13T13:16:00.817+0000] {logging_mixin.py:188} INFO - [2025-10-13T13:16:00.817+0000] {dag.py:3047} INFO - Sync 1 DAGs
[2025-10-13T13:16:00.861+0000] {logging_mixin.py:188} INFO - [2025-10-13T13:16:00.860+0000] {dag.py:3834} INFO - Setting next_dagrun for weather_gold_v1 to 2025-10-12 00:00:00+00:00, run_after=2025-10-19 00:00:00+00:00
[2025-10-13T13:16:00.925+0000] {processor.py:183} INFO - Processing /opt/airflow/dags/weather_gold_v1.py took 0.236 seconds
[2025-10-13T13:16:31.391+0000] {processor.py:161} INFO - Started process (PID=12519) to work on /opt/airflow/dags/weather_gold_v1.py
[2025-10-13T13:16:31.393+0000] {processor.py:830} INFO - Processing file /opt/airflow/dags/weather_gold_v1.py for tasks to queue
[2025-10-13T13:16:31.395+0000] {logging_mixin.py:188} INFO - [2025-10-13T13:16:31.394+0000] {dagbag.py:540} INFO - Filling up the DagBag from /opt/airflow/dags/weather_gold_v1.py
[2025-10-13T13:16:31.428+0000] {processor.py:840} INFO - DAG(s) 'weather_gold_v1' retrieved from /opt/airflow/dags/weather_gold_v1.py
[2025-10-13T13:16:31.500+0000] {logging_mixin.py:188} INFO - [2025-10-13T13:16:31.499+0000] {dag.py:3047} INFO - Sync 1 DAGs
[2025-10-13T13:16:31.546+0000] {logging_mixin.py:188} INFO - [2025-10-13T13:16:31.545+0000] {dag.py:3834} INFO - Setting next_dagrun for weather_gold_v1 to 2025-10-12 00:00:00+00:00, run_after=2025-10-19 00:00:00+00:00
[2025-10-13T13:16:31.604+0000] {processor.py:183} INFO - Processing /opt/airflow/dags/weather_gold_v1.py took 0.217 seconds
[2025-10-13T13:17:01.985+0000] {processor.py:161} INFO - Started process (PID=12534) to work on /opt/airflow/dags/weather_gold_v1.py
[2025-10-13T13:17:01.986+0000] {processor.py:830} INFO - Processing file /opt/airflow/dags/weather_gold_v1.py for tasks to queue
[2025-10-13T13:17:01.988+0000] {logging_mixin.py:188} INFO - [2025-10-13T13:17:01.988+0000] {dagbag.py:540} INFO - Filling up the DagBag from /opt/airflow/dags/weather_gold_v1.py
[2025-10-13T13:17:02.019+0000] {processor.py:840} INFO - DAG(s) 'weather_gold_v1' retrieved from /opt/airflow/dags/weather_gold_v1.py
[2025-10-13T13:17:02.079+0000] {logging_mixin.py:188} INFO - [2025-10-13T13:17:02.079+0000] {dag.py:3047} INFO - Sync 1 DAGs
[2025-10-13T13:17:02.128+0000] {logging_mixin.py:188} INFO - [2025-10-13T13:17:02.128+0000] {dag.py:3834} INFO - Setting next_dagrun for weather_gold_v1 to 2025-10-12 00:00:00+00:00, run_after=2025-10-19 00:00:00+00:00
[2025-10-13T13:17:02.190+0000] {processor.py:183} INFO - Processing /opt/airflow/dags/weather_gold_v1.py took 0.209 seconds
[2025-10-13T13:17:32.504+0000] {processor.py:161} INFO - Started process (PID=12549) to work on /opt/airflow/dags/weather_gold_v1.py
[2025-10-13T13:17:32.505+0000] {processor.py:830} INFO - Processing file /opt/airflow/dags/weather_gold_v1.py for tasks to queue
[2025-10-13T13:17:32.507+0000] {logging_mixin.py:188} INFO - [2025-10-13T13:17:32.506+0000] {dagbag.py:540} INFO - Filling up the DagBag from /opt/airflow/dags/weather_gold_v1.py
[2025-10-13T13:17:32.539+0000] {processor.py:840} INFO - DAG(s) 'weather_gold_v1' retrieved from /opt/airflow/dags/weather_gold_v1.py
[2025-10-13T13:17:32.641+0000] {logging_mixin.py:188} INFO - [2025-10-13T13:17:32.641+0000] {dag.py:3047} INFO - Sync 1 DAGs
[2025-10-13T13:17:32.716+0000] {logging_mixin.py:188} INFO - [2025-10-13T13:17:32.715+0000] {dag.py:3834} INFO - Setting next_dagrun for weather_gold_v1 to 2025-10-12 00:00:00+00:00, run_after=2025-10-19 00:00:00+00:00
[2025-10-13T13:17:32.780+0000] {processor.py:183} INFO - Processing /opt/airflow/dags/weather_gold_v1.py took 0.281 seconds
[2025-10-13T13:18:03.218+0000] {processor.py:161} INFO - Started process (PID=12564) to work on /opt/airflow/dags/weather_gold_v1.py
[2025-10-13T13:18:03.220+0000] {processor.py:830} INFO - Processing file /opt/airflow/dags/weather_gold_v1.py for tasks to queue
[2025-10-13T13:18:03.221+0000] {logging_mixin.py:188} INFO - [2025-10-13T13:18:03.221+0000] {dagbag.py:540} INFO - Filling up the DagBag from /opt/airflow/dags/weather_gold_v1.py
[2025-10-13T13:18:03.257+0000] {processor.py:840} INFO - DAG(s) 'weather_gold_v1' retrieved from /opt/airflow/dags/weather_gold_v1.py
[2025-10-13T13:18:03.323+0000] {logging_mixin.py:188} INFO - [2025-10-13T13:18:03.322+0000] {dag.py:3047} INFO - Sync 1 DAGs
[2025-10-13T13:18:03.364+0000] {logging_mixin.py:188} INFO - [2025-10-13T13:18:03.364+0000] {dag.py:3834} INFO - Setting next_dagrun for weather_gold_v1 to 2025-10-12 00:00:00+00:00, run_after=2025-10-19 00:00:00+00:00
[2025-10-13T13:18:03.432+0000] {processor.py:183} INFO - Processing /opt/airflow/dags/weather_gold_v1.py took 0.222 seconds
[2025-10-13T13:18:33.916+0000] {processor.py:161} INFO - Started process (PID=12579) to work on /opt/airflow/dags/weather_gold_v1.py
[2025-10-13T13:18:33.917+0000] {processor.py:830} INFO - Processing file /opt/airflow/dags/weather_gold_v1.py for tasks to queue
[2025-10-13T13:18:33.919+0000] {logging_mixin.py:188} INFO - [2025-10-13T13:18:33.919+0000] {dagbag.py:540} INFO - Filling up the DagBag from /opt/airflow/dags/weather_gold_v1.py
[2025-10-13T13:18:33.951+0000] {processor.py:840} INFO - DAG(s) 'weather_gold_v1' retrieved from /opt/airflow/dags/weather_gold_v1.py
[2025-10-13T13:18:34.012+0000] {logging_mixin.py:188} INFO - [2025-10-13T13:18:34.011+0000] {dag.py:3047} INFO - Sync 1 DAGs
[2025-10-13T13:18:34.159+0000] {logging_mixin.py:188} INFO - [2025-10-13T13:18:34.158+0000] {dag.py:3834} INFO - Setting next_dagrun for weather_gold_v1 to 2025-10-12 00:00:00+00:00, run_after=2025-10-19 00:00:00+00:00
[2025-10-13T13:18:34.590+0000] {processor.py:183} INFO - Processing /opt/airflow/dags/weather_gold_v1.py took 0.679 seconds
[2025-10-13T13:19:05.189+0000] {processor.py:161} INFO - Started process (PID=12594) to work on /opt/airflow/dags/weather_gold_v1.py
[2025-10-13T13:19:05.191+0000] {processor.py:830} INFO - Processing file /opt/airflow/dags/weather_gold_v1.py for tasks to queue
[2025-10-13T13:19:05.194+0000] {logging_mixin.py:188} INFO - [2025-10-13T13:19:05.193+0000] {dagbag.py:540} INFO - Filling up the DagBag from /opt/airflow/dags/weather_gold_v1.py
[2025-10-13T13:19:05.233+0000] {processor.py:840} INFO - DAG(s) 'weather_gold_v1' retrieved from /opt/airflow/dags/weather_gold_v1.py
[2025-10-13T13:19:05.317+0000] {logging_mixin.py:188} INFO - [2025-10-13T13:19:05.316+0000] {dag.py:3047} INFO - Sync 1 DAGs
[2025-10-13T13:19:05.379+0000] {logging_mixin.py:188} INFO - [2025-10-13T13:19:05.378+0000] {dag.py:3834} INFO - Setting next_dagrun for weather_gold_v1 to 2025-10-12 00:00:00+00:00, run_after=2025-10-19 00:00:00+00:00
[2025-10-13T13:19:05.466+0000] {processor.py:183} INFO - Processing /opt/airflow/dags/weather_gold_v1.py took 0.281 seconds
[2025-10-13T13:19:35.970+0000] {processor.py:161} INFO - Started process (PID=12609) to work on /opt/airflow/dags/weather_gold_v1.py
[2025-10-13T13:19:35.974+0000] {processor.py:830} INFO - Processing file /opt/airflow/dags/weather_gold_v1.py for tasks to queue
[2025-10-13T13:19:35.975+0000] {logging_mixin.py:188} INFO - [2025-10-13T13:19:35.975+0000] {dagbag.py:540} INFO - Filling up the DagBag from /opt/airflow/dags/weather_gold_v1.py
[2025-10-13T13:19:36.008+0000] {processor.py:840} INFO - DAG(s) 'weather_gold_v1' retrieved from /opt/airflow/dags/weather_gold_v1.py
[2025-10-13T13:19:36.075+0000] {logging_mixin.py:188} INFO - [2025-10-13T13:19:36.075+0000] {dag.py:3047} INFO - Sync 1 DAGs
[2025-10-13T13:19:36.125+0000] {logging_mixin.py:188} INFO - [2025-10-13T13:19:36.125+0000] {dag.py:3834} INFO - Setting next_dagrun for weather_gold_v1 to 2025-10-12 00:00:00+00:00, run_after=2025-10-19 00:00:00+00:00
[2025-10-13T13:19:36.183+0000] {processor.py:183} INFO - Processing /opt/airflow/dags/weather_gold_v1.py took 0.230 seconds
[2025-10-13T13:20:06.657+0000] {processor.py:161} INFO - Started process (PID=12624) to work on /opt/airflow/dags/weather_gold_v1.py
[2025-10-13T13:20:06.659+0000] {processor.py:830} INFO - Processing file /opt/airflow/dags/weather_gold_v1.py for tasks to queue
[2025-10-13T13:20:06.662+0000] {logging_mixin.py:188} INFO - [2025-10-13T13:20:06.661+0000] {dagbag.py:540} INFO - Filling up the DagBag from /opt/airflow/dags/weather_gold_v1.py
[2025-10-13T13:20:06.693+0000] {processor.py:840} INFO - DAG(s) 'weather_gold_v1' retrieved from /opt/airflow/dags/weather_gold_v1.py
[2025-10-13T13:20:06.774+0000] {logging_mixin.py:188} INFO - [2025-10-13T13:20:06.773+0000] {dag.py:3047} INFO - Sync 1 DAGs
[2025-10-13T13:20:06.825+0000] {logging_mixin.py:188} INFO - [2025-10-13T13:20:06.825+0000] {dag.py:3834} INFO - Setting next_dagrun for weather_gold_v1 to 2025-10-12 00:00:00+00:00, run_after=2025-10-19 00:00:00+00:00
[2025-10-13T13:20:06.890+0000] {processor.py:183} INFO - Processing /opt/airflow/dags/weather_gold_v1.py took 0.239 seconds
[2025-10-13T13:20:37.282+0000] {processor.py:161} INFO - Started process (PID=12639) to work on /opt/airflow/dags/weather_gold_v1.py
[2025-10-13T13:20:37.284+0000] {processor.py:830} INFO - Processing file /opt/airflow/dags/weather_gold_v1.py for tasks to queue
[2025-10-13T13:20:37.285+0000] {logging_mixin.py:188} INFO - [2025-10-13T13:20:37.285+0000] {dagbag.py:540} INFO - Filling up the DagBag from /opt/airflow/dags/weather_gold_v1.py
[2025-10-13T13:20:37.313+0000] {processor.py:840} INFO - DAG(s) 'weather_gold_v1' retrieved from /opt/airflow/dags/weather_gold_v1.py
[2025-10-13T13:20:37.377+0000] {logging_mixin.py:188} INFO - [2025-10-13T13:20:37.377+0000] {dag.py:3047} INFO - Sync 1 DAGs
[2025-10-13T13:20:37.424+0000] {logging_mixin.py:188} INFO - [2025-10-13T13:20:37.424+0000] {dag.py:3834} INFO - Setting next_dagrun for weather_gold_v1 to 2025-10-12 00:00:00+00:00, run_after=2025-10-19 00:00:00+00:00
[2025-10-13T13:20:37.484+0000] {processor.py:183} INFO - Processing /opt/airflow/dags/weather_gold_v1.py took 0.205 seconds
[2025-10-13T13:21:08.000+0000] {processor.py:161} INFO - Started process (PID=12654) to work on /opt/airflow/dags/weather_gold_v1.py
[2025-10-13T13:21:08.002+0000] {processor.py:830} INFO - Processing file /opt/airflow/dags/weather_gold_v1.py for tasks to queue
[2025-10-13T13:21:08.004+0000] {logging_mixin.py:188} INFO - [2025-10-13T13:21:08.003+0000] {dagbag.py:540} INFO - Filling up the DagBag from /opt/airflow/dags/weather_gold_v1.py
[2025-10-13T13:21:08.044+0000] {processor.py:840} INFO - DAG(s) 'weather_gold_v1' retrieved from /opt/airflow/dags/weather_gold_v1.py
[2025-10-13T13:21:08.156+0000] {logging_mixin.py:188} INFO - [2025-10-13T13:21:08.156+0000] {dag.py:3047} INFO - Sync 1 DAGs
[2025-10-13T13:21:08.215+0000] {logging_mixin.py:188} INFO - [2025-10-13T13:21:08.215+0000] {dag.py:3834} INFO - Setting next_dagrun for weather_gold_v1 to 2025-10-12 00:00:00+00:00, run_after=2025-10-19 00:00:00+00:00
[2025-10-13T13:21:08.293+0000] {processor.py:183} INFO - Processing /opt/airflow/dags/weather_gold_v1.py took 0.322 seconds
[2025-10-13T13:21:38.818+0000] {processor.py:161} INFO - Started process (PID=12669) to work on /opt/airflow/dags/weather_gold_v1.py
[2025-10-13T13:21:38.821+0000] {processor.py:830} INFO - Processing file /opt/airflow/dags/weather_gold_v1.py for tasks to queue
[2025-10-13T13:21:38.822+0000] {logging_mixin.py:188} INFO - [2025-10-13T13:21:38.822+0000] {dagbag.py:540} INFO - Filling up the DagBag from /opt/airflow/dags/weather_gold_v1.py
[2025-10-13T13:21:38.851+0000] {processor.py:840} INFO - DAG(s) 'weather_gold_v1' retrieved from /opt/airflow/dags/weather_gold_v1.py
[2025-10-13T13:21:38.932+0000] {logging_mixin.py:188} INFO - [2025-10-13T13:21:38.932+0000] {dag.py:3047} INFO - Sync 1 DAGs
[2025-10-13T13:21:38.979+0000] {logging_mixin.py:188} INFO - [2025-10-13T13:21:38.979+0000] {dag.py:3834} INFO - Setting next_dagrun for weather_gold_v1 to 2025-10-12 00:00:00+00:00, run_after=2025-10-19 00:00:00+00:00
[2025-10-13T13:21:39.030+0000] {processor.py:183} INFO - Processing /opt/airflow/dags/weather_gold_v1.py took 0.214 seconds
[2025-10-13T13:22:09.531+0000] {processor.py:161} INFO - Started process (PID=12684) to work on /opt/airflow/dags/weather_gold_v1.py
[2025-10-13T13:22:09.533+0000] {processor.py:830} INFO - Processing file /opt/airflow/dags/weather_gold_v1.py for tasks to queue
[2025-10-13T13:22:09.537+0000] {logging_mixin.py:188} INFO - [2025-10-13T13:22:09.536+0000] {dagbag.py:540} INFO - Filling up the DagBag from /opt/airflow/dags/weather_gold_v1.py
[2025-10-13T13:22:09.566+0000] {processor.py:840} INFO - DAG(s) 'weather_gold_v1' retrieved from /opt/airflow/dags/weather_gold_v1.py
[2025-10-13T13:22:09.639+0000] {logging_mixin.py:188} INFO - [2025-10-13T13:22:09.639+0000] {dag.py:3047} INFO - Sync 1 DAGs
[2025-10-13T13:22:09.696+0000] {logging_mixin.py:188} INFO - [2025-10-13T13:22:09.696+0000] {dag.py:3834} INFO - Setting next_dagrun for weather_gold_v1 to 2025-10-12 00:00:00+00:00, run_after=2025-10-19 00:00:00+00:00
[2025-10-13T13:22:09.762+0000] {processor.py:183} INFO - Processing /opt/airflow/dags/weather_gold_v1.py took 0.234 seconds
[2025-10-13T13:22:40.227+0000] {processor.py:161} INFO - Started process (PID=12699) to work on /opt/airflow/dags/weather_gold_v1.py
[2025-10-13T13:22:40.230+0000] {processor.py:830} INFO - Processing file /opt/airflow/dags/weather_gold_v1.py for tasks to queue
[2025-10-13T13:22:40.234+0000] {logging_mixin.py:188} INFO - [2025-10-13T13:22:40.233+0000] {dagbag.py:540} INFO - Filling up the DagBag from /opt/airflow/dags/weather_gold_v1.py
[2025-10-13T13:22:40.279+0000] {processor.py:840} INFO - DAG(s) 'weather_gold_v1' retrieved from /opt/airflow/dags/weather_gold_v1.py
[2025-10-13T13:22:40.388+0000] {logging_mixin.py:188} INFO - [2025-10-13T13:22:40.387+0000] {dag.py:3047} INFO - Sync 1 DAGs
[2025-10-13T13:22:40.452+0000] {logging_mixin.py:188} INFO - [2025-10-13T13:22:40.451+0000] {dag.py:3834} INFO - Setting next_dagrun for weather_gold_v1 to 2025-10-12 00:00:00+00:00, run_after=2025-10-19 00:00:00+00:00
[2025-10-13T13:22:40.524+0000] {processor.py:183} INFO - Processing /opt/airflow/dags/weather_gold_v1.py took 0.304 seconds
[2025-10-13T13:23:10.981+0000] {processor.py:161} INFO - Started process (PID=12714) to work on /opt/airflow/dags/weather_gold_v1.py
[2025-10-13T13:23:10.983+0000] {processor.py:830} INFO - Processing file /opt/airflow/dags/weather_gold_v1.py for tasks to queue
[2025-10-13T13:23:10.985+0000] {logging_mixin.py:188} INFO - [2025-10-13T13:23:10.984+0000] {dagbag.py:540} INFO - Filling up the DagBag from /opt/airflow/dags/weather_gold_v1.py
[2025-10-13T13:23:11.018+0000] {processor.py:840} INFO - DAG(s) 'weather_gold_v1' retrieved from /opt/airflow/dags/weather_gold_v1.py
[2025-10-13T13:23:11.085+0000] {logging_mixin.py:188} INFO - [2025-10-13T13:23:11.084+0000] {dag.py:3047} INFO - Sync 1 DAGs
[2025-10-13T13:23:11.136+0000] {logging_mixin.py:188} INFO - [2025-10-13T13:23:11.135+0000] {dag.py:3834} INFO - Setting next_dagrun for weather_gold_v1 to 2025-10-12 00:00:00+00:00, run_after=2025-10-19 00:00:00+00:00
[2025-10-13T13:23:11.189+0000] {processor.py:183} INFO - Processing /opt/airflow/dags/weather_gold_v1.py took 0.215 seconds
[2025-10-13T13:23:42.379+0000] {processor.py:161} INFO - Started process (PID=12729) to work on /opt/airflow/dags/weather_gold_v1.py
[2025-10-13T13:23:42.381+0000] {processor.py:830} INFO - Processing file /opt/airflow/dags/weather_gold_v1.py for tasks to queue
[2025-10-13T13:23:42.384+0000] {logging_mixin.py:188} INFO - [2025-10-13T13:23:42.383+0000] {dagbag.py:540} INFO - Filling up the DagBag from /opt/airflow/dags/weather_gold_v1.py
[2025-10-13T13:23:42.425+0000] {processor.py:840} INFO - DAG(s) 'weather_gold_v1' retrieved from /opt/airflow/dags/weather_gold_v1.py
[2025-10-13T13:23:42.535+0000] {logging_mixin.py:188} INFO - [2025-10-13T13:23:42.535+0000] {dag.py:3047} INFO - Sync 1 DAGs
[2025-10-13T13:23:42.590+0000] {logging_mixin.py:188} INFO - [2025-10-13T13:23:42.589+0000] {dag.py:3834} INFO - Setting next_dagrun for weather_gold_v1 to 2025-10-12 00:00:00+00:00, run_after=2025-10-19 00:00:00+00:00
[2025-10-13T13:23:42.675+0000] {processor.py:183} INFO - Processing /opt/airflow/dags/weather_gold_v1.py took 0.301 seconds
[2025-10-13T13:24:13.185+0000] {processor.py:161} INFO - Started process (PID=12744) to work on /opt/airflow/dags/weather_gold_v1.py
[2025-10-13T13:24:13.187+0000] {processor.py:830} INFO - Processing file /opt/airflow/dags/weather_gold_v1.py for tasks to queue
[2025-10-13T13:24:13.188+0000] {logging_mixin.py:188} INFO - [2025-10-13T13:24:13.188+0000] {dagbag.py:540} INFO - Filling up the DagBag from /opt/airflow/dags/weather_gold_v1.py
[2025-10-13T13:24:13.218+0000] {processor.py:840} INFO - DAG(s) 'weather_gold_v1' retrieved from /opt/airflow/dags/weather_gold_v1.py
[2025-10-13T13:24:13.289+0000] {logging_mixin.py:188} INFO - [2025-10-13T13:24:13.289+0000] {dag.py:3047} INFO - Sync 1 DAGs
[2025-10-13T13:24:13.334+0000] {logging_mixin.py:188} INFO - [2025-10-13T13:24:13.334+0000] {dag.py:3834} INFO - Setting next_dagrun for weather_gold_v1 to 2025-10-12 00:00:00+00:00, run_after=2025-10-19 00:00:00+00:00
[2025-10-13T13:24:13.407+0000] {processor.py:183} INFO - Processing /opt/airflow/dags/weather_gold_v1.py took 0.228 seconds
[2025-10-13T13:24:43.831+0000] {processor.py:161} INFO - Started process (PID=12759) to work on /opt/airflow/dags/weather_gold_v1.py
[2025-10-13T13:24:43.832+0000] {processor.py:830} INFO - Processing file /opt/airflow/dags/weather_gold_v1.py for tasks to queue
[2025-10-13T13:24:43.834+0000] {logging_mixin.py:188} INFO - [2025-10-13T13:24:43.833+0000] {dagbag.py:540} INFO - Filling up the DagBag from /opt/airflow/dags/weather_gold_v1.py
[2025-10-13T13:24:43.859+0000] {processor.py:840} INFO - DAG(s) 'weather_gold_v1' retrieved from /opt/airflow/dags/weather_gold_v1.py
[2025-10-13T13:24:43.918+0000] {logging_mixin.py:188} INFO - [2025-10-13T13:24:43.918+0000] {dag.py:3047} INFO - Sync 1 DAGs
[2025-10-13T13:24:43.966+0000] {logging_mixin.py:188} INFO - [2025-10-13T13:24:43.966+0000] {dag.py:3834} INFO - Setting next_dagrun for weather_gold_v1 to 2025-10-12 00:00:00+00:00, run_after=2025-10-19 00:00:00+00:00
[2025-10-13T13:24:44.032+0000] {processor.py:183} INFO - Processing /opt/airflow/dags/weather_gold_v1.py took 0.206 seconds
[2025-10-13T13:25:14.800+0000] {processor.py:161} INFO - Started process (PID=12774) to work on /opt/airflow/dags/weather_gold_v1.py
[2025-10-13T13:25:14.816+0000] {processor.py:830} INFO - Processing file /opt/airflow/dags/weather_gold_v1.py for tasks to queue
[2025-10-13T13:25:14.830+0000] {logging_mixin.py:188} INFO - [2025-10-13T13:25:14.829+0000] {dagbag.py:540} INFO - Filling up the DagBag from /opt/airflow/dags/weather_gold_v1.py
[2025-10-13T13:25:15.111+0000] {processor.py:840} INFO - DAG(s) 'weather_gold_v1' retrieved from /opt/airflow/dags/weather_gold_v1.py
[2025-10-13T13:25:15.237+0000] {logging_mixin.py:188} INFO - [2025-10-13T13:25:15.236+0000] {dag.py:3047} INFO - Sync 1 DAGs
[2025-10-13T13:25:15.328+0000] {logging_mixin.py:188} INFO - [2025-10-13T13:25:15.327+0000] {dag.py:3834} INFO - Setting next_dagrun for weather_gold_v1 to 2025-10-12 00:00:00+00:00, run_after=2025-10-19 00:00:00+00:00
[2025-10-13T13:25:15.411+0000] {processor.py:183} INFO - Processing /opt/airflow/dags/weather_gold_v1.py took 0.619 seconds
[2025-10-13T13:25:46.055+0000] {processor.py:161} INFO - Started process (PID=12789) to work on /opt/airflow/dags/weather_gold_v1.py
[2025-10-13T13:25:46.059+0000] {processor.py:830} INFO - Processing file /opt/airflow/dags/weather_gold_v1.py for tasks to queue
[2025-10-13T13:25:46.063+0000] {logging_mixin.py:188} INFO - [2025-10-13T13:25:46.062+0000] {dagbag.py:540} INFO - Filling up the DagBag from /opt/airflow/dags/weather_gold_v1.py
[2025-10-13T13:25:46.111+0000] {processor.py:840} INFO - DAG(s) 'weather_gold_v1' retrieved from /opt/airflow/dags/weather_gold_v1.py
[2025-10-13T13:25:46.234+0000] {logging_mixin.py:188} INFO - [2025-10-13T13:25:46.233+0000] {dag.py:3047} INFO - Sync 1 DAGs
[2025-10-13T13:25:46.306+0000] {logging_mixin.py:188} INFO - [2025-10-13T13:25:46.306+0000] {dag.py:3834} INFO - Setting next_dagrun for weather_gold_v1 to 2025-10-12 00:00:00+00:00, run_after=2025-10-19 00:00:00+00:00
[2025-10-13T13:25:46.369+0000] {processor.py:183} INFO - Processing /opt/airflow/dags/weather_gold_v1.py took 0.323 seconds
[2025-10-13T13:26:16.813+0000] {processor.py:161} INFO - Started process (PID=12804) to work on /opt/airflow/dags/weather_gold_v1.py
[2025-10-13T13:26:16.815+0000] {processor.py:830} INFO - Processing file /opt/airflow/dags/weather_gold_v1.py for tasks to queue
[2025-10-13T13:26:16.816+0000] {logging_mixin.py:188} INFO - [2025-10-13T13:26:16.816+0000] {dagbag.py:540} INFO - Filling up the DagBag from /opt/airflow/dags/weather_gold_v1.py
[2025-10-13T13:26:16.847+0000] {processor.py:840} INFO - DAG(s) 'weather_gold_v1' retrieved from /opt/airflow/dags/weather_gold_v1.py
[2025-10-13T13:26:16.913+0000] {logging_mixin.py:188} INFO - [2025-10-13T13:26:16.913+0000] {dag.py:3047} INFO - Sync 1 DAGs
[2025-10-13T13:26:16.960+0000] {logging_mixin.py:188} INFO - [2025-10-13T13:26:16.960+0000] {dag.py:3834} INFO - Setting next_dagrun for weather_gold_v1 to 2025-10-12 00:00:00+00:00, run_after=2025-10-19 00:00:00+00:00
[2025-10-13T13:26:17.026+0000] {processor.py:183} INFO - Processing /opt/airflow/dags/weather_gold_v1.py took 0.217 seconds
[2025-10-13T13:26:47.657+0000] {processor.py:161} INFO - Started process (PID=12819) to work on /opt/airflow/dags/weather_gold_v1.py
[2025-10-13T13:26:47.659+0000] {processor.py:830} INFO - Processing file /opt/airflow/dags/weather_gold_v1.py for tasks to queue
[2025-10-13T13:26:47.661+0000] {logging_mixin.py:188} INFO - [2025-10-13T13:26:47.660+0000] {dagbag.py:540} INFO - Filling up the DagBag from /opt/airflow/dags/weather_gold_v1.py
[2025-10-13T13:26:47.694+0000] {processor.py:840} INFO - DAG(s) 'weather_gold_v1' retrieved from /opt/airflow/dags/weather_gold_v1.py
[2025-10-13T13:26:47.763+0000] {logging_mixin.py:188} INFO - [2025-10-13T13:26:47.762+0000] {dag.py:3047} INFO - Sync 1 DAGs
[2025-10-13T13:26:47.806+0000] {logging_mixin.py:188} INFO - [2025-10-13T13:26:47.805+0000] {dag.py:3834} INFO - Setting next_dagrun for weather_gold_v1 to 2025-10-12 00:00:00+00:00, run_after=2025-10-19 00:00:00+00:00
[2025-10-13T13:26:47.864+0000] {processor.py:183} INFO - Processing /opt/airflow/dags/weather_gold_v1.py took 0.213 seconds
[2025-10-13T13:27:18.365+0000] {processor.py:161} INFO - Started process (PID=12834) to work on /opt/airflow/dags/weather_gold_v1.py
[2025-10-13T13:27:18.366+0000] {processor.py:830} INFO - Processing file /opt/airflow/dags/weather_gold_v1.py for tasks to queue
[2025-10-13T13:27:18.368+0000] {logging_mixin.py:188} INFO - [2025-10-13T13:27:18.367+0000] {dagbag.py:540} INFO - Filling up the DagBag from /opt/airflow/dags/weather_gold_v1.py
[2025-10-13T13:27:18.394+0000] {processor.py:840} INFO - DAG(s) 'weather_gold_v1' retrieved from /opt/airflow/dags/weather_gold_v1.py
[2025-10-13T13:27:18.466+0000] {logging_mixin.py:188} INFO - [2025-10-13T13:27:18.466+0000] {dag.py:3047} INFO - Sync 1 DAGs
[2025-10-13T13:27:18.519+0000] {logging_mixin.py:188} INFO - [2025-10-13T13:27:18.518+0000] {dag.py:3834} INFO - Setting next_dagrun for weather_gold_v1 to 2025-10-12 00:00:00+00:00, run_after=2025-10-19 00:00:00+00:00
[2025-10-13T13:27:18.573+0000] {processor.py:183} INFO - Processing /opt/airflow/dags/weather_gold_v1.py took 0.211 seconds
[2025-10-13T13:27:49.008+0000] {processor.py:161} INFO - Started process (PID=12849) to work on /opt/airflow/dags/weather_gold_v1.py
[2025-10-13T13:27:49.010+0000] {processor.py:830} INFO - Processing file /opt/airflow/dags/weather_gold_v1.py for tasks to queue
[2025-10-13T13:27:49.013+0000] {logging_mixin.py:188} INFO - [2025-10-13T13:27:49.012+0000] {dagbag.py:540} INFO - Filling up the DagBag from /opt/airflow/dags/weather_gold_v1.py
[2025-10-13T13:27:49.038+0000] {processor.py:840} INFO - DAG(s) 'weather_gold_v1' retrieved from /opt/airflow/dags/weather_gold_v1.py
[2025-10-13T13:27:49.101+0000] {logging_mixin.py:188} INFO - [2025-10-13T13:27:49.101+0000] {dag.py:3047} INFO - Sync 1 DAGs
[2025-10-13T13:27:49.149+0000] {logging_mixin.py:188} INFO - [2025-10-13T13:27:49.149+0000] {dag.py:3834} INFO - Setting next_dagrun for weather_gold_v1 to 2025-10-12 00:00:00+00:00, run_after=2025-10-19 00:00:00+00:00
[2025-10-13T13:27:49.217+0000] {processor.py:183} INFO - Processing /opt/airflow/dags/weather_gold_v1.py took 0.212 seconds
[2025-10-13T13:28:19.623+0000] {processor.py:161} INFO - Started process (PID=12864) to work on /opt/airflow/dags/weather_gold_v1.py
[2025-10-13T13:28:19.624+0000] {processor.py:830} INFO - Processing file /opt/airflow/dags/weather_gold_v1.py for tasks to queue
[2025-10-13T13:28:19.626+0000] {logging_mixin.py:188} INFO - [2025-10-13T13:28:19.626+0000] {dagbag.py:540} INFO - Filling up the DagBag from /opt/airflow/dags/weather_gold_v1.py
[2025-10-13T13:28:19.663+0000] {processor.py:840} INFO - DAG(s) 'weather_gold_v1' retrieved from /opt/airflow/dags/weather_gold_v1.py
[2025-10-13T13:28:19.733+0000] {logging_mixin.py:188} INFO - [2025-10-13T13:28:19.732+0000] {dag.py:3047} INFO - Sync 1 DAGs
[2025-10-13T13:28:19.792+0000] {logging_mixin.py:188} INFO - [2025-10-13T13:28:19.792+0000] {dag.py:3834} INFO - Setting next_dagrun for weather_gold_v1 to 2025-10-12 00:00:00+00:00, run_after=2025-10-19 00:00:00+00:00
[2025-10-13T13:28:19.856+0000] {processor.py:183} INFO - Processing /opt/airflow/dags/weather_gold_v1.py took 0.236 seconds
[2025-10-13T13:28:50.399+0000] {processor.py:161} INFO - Started process (PID=12879) to work on /opt/airflow/dags/weather_gold_v1.py
[2025-10-13T13:28:50.401+0000] {processor.py:830} INFO - Processing file /opt/airflow/dags/weather_gold_v1.py for tasks to queue
[2025-10-13T13:28:50.403+0000] {logging_mixin.py:188} INFO - [2025-10-13T13:28:50.402+0000] {dagbag.py:540} INFO - Filling up the DagBag from /opt/airflow/dags/weather_gold_v1.py
[2025-10-13T13:28:50.443+0000] {processor.py:840} INFO - DAG(s) 'weather_gold_v1' retrieved from /opt/airflow/dags/weather_gold_v1.py
[2025-10-13T13:28:50.546+0000] {logging_mixin.py:188} INFO - [2025-10-13T13:28:50.546+0000] {dag.py:3047} INFO - Sync 1 DAGs
[2025-10-13T13:28:50.601+0000] {logging_mixin.py:188} INFO - [2025-10-13T13:28:50.600+0000] {dag.py:3834} INFO - Setting next_dagrun for weather_gold_v1 to 2025-10-12 00:00:00+00:00, run_after=2025-10-19 00:00:00+00:00
[2025-10-13T13:28:50.677+0000] {processor.py:183} INFO - Processing /opt/airflow/dags/weather_gold_v1.py took 0.283 seconds
[2025-10-13T13:29:21.511+0000] {processor.py:161} INFO - Started process (PID=12894) to work on /opt/airflow/dags/weather_gold_v1.py
[2025-10-13T13:29:21.514+0000] {processor.py:830} INFO - Processing file /opt/airflow/dags/weather_gold_v1.py for tasks to queue
[2025-10-13T13:29:21.516+0000] {logging_mixin.py:188} INFO - [2025-10-13T13:29:21.516+0000] {dagbag.py:540} INFO - Filling up the DagBag from /opt/airflow/dags/weather_gold_v1.py
[2025-10-13T13:29:21.562+0000] {processor.py:840} INFO - DAG(s) 'weather_gold_v1' retrieved from /opt/airflow/dags/weather_gold_v1.py
[2025-10-13T13:29:21.653+0000] {logging_mixin.py:188} INFO - [2025-10-13T13:29:21.653+0000] {dag.py:3047} INFO - Sync 1 DAGs
[2025-10-13T13:29:21.713+0000] {logging_mixin.py:188} INFO - [2025-10-13T13:29:21.712+0000] {dag.py:3834} INFO - Setting next_dagrun for weather_gold_v1 to 2025-10-12 00:00:00+00:00, run_after=2025-10-19 00:00:00+00:00
[2025-10-13T13:29:21.793+0000] {processor.py:183} INFO - Processing /opt/airflow/dags/weather_gold_v1.py took 0.299 seconds
[2025-10-13T13:29:52.231+0000] {processor.py:161} INFO - Started process (PID=12909) to work on /opt/airflow/dags/weather_gold_v1.py
[2025-10-13T13:29:52.233+0000] {processor.py:830} INFO - Processing file /opt/airflow/dags/weather_gold_v1.py for tasks to queue
[2025-10-13T13:29:52.234+0000] {logging_mixin.py:188} INFO - [2025-10-13T13:29:52.234+0000] {dagbag.py:540} INFO - Filling up the DagBag from /opt/airflow/dags/weather_gold_v1.py
[2025-10-13T13:29:52.264+0000] {processor.py:840} INFO - DAG(s) 'weather_gold_v1' retrieved from /opt/airflow/dags/weather_gold_v1.py
[2025-10-13T13:29:52.334+0000] {logging_mixin.py:188} INFO - [2025-10-13T13:29:52.334+0000] {dag.py:3047} INFO - Sync 1 DAGs
[2025-10-13T13:29:52.380+0000] {logging_mixin.py:188} INFO - [2025-10-13T13:29:52.380+0000] {dag.py:3834} INFO - Setting next_dagrun for weather_gold_v1 to 2025-10-12 00:00:00+00:00, run_after=2025-10-19 00:00:00+00:00
[2025-10-13T13:29:52.460+0000] {processor.py:183} INFO - Processing /opt/airflow/dags/weather_gold_v1.py took 0.232 seconds
[2025-10-13T13:30:22.823+0000] {processor.py:161} INFO - Started process (PID=12924) to work on /opt/airflow/dags/weather_gold_v1.py
[2025-10-13T13:30:22.824+0000] {processor.py:830} INFO - Processing file /opt/airflow/dags/weather_gold_v1.py for tasks to queue
[2025-10-13T13:30:22.826+0000] {logging_mixin.py:188} INFO - [2025-10-13T13:30:22.826+0000] {dagbag.py:540} INFO - Filling up the DagBag from /opt/airflow/dags/weather_gold_v1.py
[2025-10-13T13:30:22.857+0000] {processor.py:840} INFO - DAG(s) 'weather_gold_v1' retrieved from /opt/airflow/dags/weather_gold_v1.py
[2025-10-13T13:30:22.931+0000] {logging_mixin.py:188} INFO - [2025-10-13T13:30:22.930+0000] {dag.py:3047} INFO - Sync 1 DAGs
[2025-10-13T13:30:22.988+0000] {logging_mixin.py:188} INFO - [2025-10-13T13:30:22.987+0000] {dag.py:3834} INFO - Setting next_dagrun for weather_gold_v1 to 2025-10-12 00:00:00+00:00, run_after=2025-10-19 00:00:00+00:00
[2025-10-13T13:30:23.055+0000] {processor.py:183} INFO - Processing /opt/airflow/dags/weather_gold_v1.py took 0.236 seconds
[2025-10-13T13:30:53.576+0000] {processor.py:161} INFO - Started process (PID=12939) to work on /opt/airflow/dags/weather_gold_v1.py
[2025-10-13T13:30:53.577+0000] {processor.py:830} INFO - Processing file /opt/airflow/dags/weather_gold_v1.py for tasks to queue
[2025-10-13T13:30:53.579+0000] {logging_mixin.py:188} INFO - [2025-10-13T13:30:53.579+0000] {dagbag.py:540} INFO - Filling up the DagBag from /opt/airflow/dags/weather_gold_v1.py
[2025-10-13T13:30:53.607+0000] {processor.py:840} INFO - DAG(s) 'weather_gold_v1' retrieved from /opt/airflow/dags/weather_gold_v1.py
[2025-10-13T13:30:53.704+0000] {logging_mixin.py:188} INFO - [2025-10-13T13:30:53.703+0000] {dag.py:3047} INFO - Sync 1 DAGs
[2025-10-13T13:30:53.749+0000] {logging_mixin.py:188} INFO - [2025-10-13T13:30:53.749+0000] {dag.py:3834} INFO - Setting next_dagrun for weather_gold_v1 to 2025-10-12 00:00:00+00:00, run_after=2025-10-19 00:00:00+00:00
[2025-10-13T13:30:53.818+0000] {processor.py:183} INFO - Processing /opt/airflow/dags/weather_gold_v1.py took 0.246 seconds
[2025-10-13T13:31:24.283+0000] {processor.py:161} INFO - Started process (PID=12954) to work on /opt/airflow/dags/weather_gold_v1.py
[2025-10-13T13:31:24.284+0000] {processor.py:830} INFO - Processing file /opt/airflow/dags/weather_gold_v1.py for tasks to queue
[2025-10-13T13:31:24.286+0000] {logging_mixin.py:188} INFO - [2025-10-13T13:31:24.286+0000] {dagbag.py:540} INFO - Filling up the DagBag from /opt/airflow/dags/weather_gold_v1.py
[2025-10-13T13:31:24.315+0000] {processor.py:840} INFO - DAG(s) 'weather_gold_v1' retrieved from /opt/airflow/dags/weather_gold_v1.py
[2025-10-13T13:31:24.377+0000] {logging_mixin.py:188} INFO - [2025-10-13T13:31:24.376+0000] {dag.py:3047} INFO - Sync 1 DAGs
[2025-10-13T13:31:24.424+0000] {logging_mixin.py:188} INFO - [2025-10-13T13:31:24.423+0000] {dag.py:3834} INFO - Setting next_dagrun for weather_gold_v1 to 2025-10-12 00:00:00+00:00, run_after=2025-10-19 00:00:00+00:00
[2025-10-13T13:31:24.478+0000] {processor.py:183} INFO - Processing /opt/airflow/dags/weather_gold_v1.py took 0.199 seconds
[2025-10-13T13:31:55.109+0000] {processor.py:161} INFO - Started process (PID=12969) to work on /opt/airflow/dags/weather_gold_v1.py
[2025-10-13T13:31:55.112+0000] {processor.py:830} INFO - Processing file /opt/airflow/dags/weather_gold_v1.py for tasks to queue
[2025-10-13T13:31:55.121+0000] {logging_mixin.py:188} INFO - [2025-10-13T13:31:55.119+0000] {dagbag.py:540} INFO - Filling up the DagBag from /opt/airflow/dags/weather_gold_v1.py
[2025-10-13T13:31:55.258+0000] {processor.py:840} INFO - DAG(s) 'weather_gold_v1' retrieved from /opt/airflow/dags/weather_gold_v1.py
[2025-10-13T13:31:55.528+0000] {logging_mixin.py:188} INFO - [2025-10-13T13:31:55.527+0000] {dag.py:3047} INFO - Sync 1 DAGs
[2025-10-13T13:31:55.619+0000] {logging_mixin.py:188} INFO - [2025-10-13T13:31:55.618+0000] {dag.py:3834} INFO - Setting next_dagrun for weather_gold_v1 to 2025-10-12 00:00:00+00:00, run_after=2025-10-19 00:00:00+00:00
[2025-10-13T13:31:55.685+0000] {processor.py:183} INFO - Processing /opt/airflow/dags/weather_gold_v1.py took 0.584 seconds
[2025-10-13T13:32:26.148+0000] {processor.py:161} INFO - Started process (PID=12984) to work on /opt/airflow/dags/weather_gold_v1.py
[2025-10-13T13:32:26.150+0000] {processor.py:830} INFO - Processing file /opt/airflow/dags/weather_gold_v1.py for tasks to queue
[2025-10-13T13:32:26.151+0000] {logging_mixin.py:188} INFO - [2025-10-13T13:32:26.151+0000] {dagbag.py:540} INFO - Filling up the DagBag from /opt/airflow/dags/weather_gold_v1.py
[2025-10-13T13:32:26.178+0000] {processor.py:840} INFO - DAG(s) 'weather_gold_v1' retrieved from /opt/airflow/dags/weather_gold_v1.py
[2025-10-13T13:32:26.241+0000] {logging_mixin.py:188} INFO - [2025-10-13T13:32:26.241+0000] {dag.py:3047} INFO - Sync 1 DAGs
[2025-10-13T13:32:26.284+0000] {logging_mixin.py:188} INFO - [2025-10-13T13:32:26.284+0000] {dag.py:3834} INFO - Setting next_dagrun for weather_gold_v1 to 2025-10-12 00:00:00+00:00, run_after=2025-10-19 00:00:00+00:00
[2025-10-13T13:32:26.351+0000] {processor.py:183} INFO - Processing /opt/airflow/dags/weather_gold_v1.py took 0.206 seconds
[2025-10-13T13:32:56.729+0000] {processor.py:161} INFO - Started process (PID=12999) to work on /opt/airflow/dags/weather_gold_v1.py
[2025-10-13T13:32:56.731+0000] {processor.py:830} INFO - Processing file /opt/airflow/dags/weather_gold_v1.py for tasks to queue
[2025-10-13T13:32:56.734+0000] {logging_mixin.py:188} INFO - [2025-10-13T13:32:56.732+0000] {dagbag.py:540} INFO - Filling up the DagBag from /opt/airflow/dags/weather_gold_v1.py
[2025-10-13T13:32:56.761+0000] {processor.py:840} INFO - DAG(s) 'weather_gold_v1' retrieved from /opt/airflow/dags/weather_gold_v1.py
[2025-10-13T13:32:56.824+0000] {logging_mixin.py:188} INFO - [2025-10-13T13:32:56.824+0000] {dag.py:3047} INFO - Sync 1 DAGs
[2025-10-13T13:32:56.870+0000] {logging_mixin.py:188} INFO - [2025-10-13T13:32:56.869+0000] {dag.py:3834} INFO - Setting next_dagrun for weather_gold_v1 to 2025-10-12 00:00:00+00:00, run_after=2025-10-19 00:00:00+00:00
[2025-10-13T13:32:56.929+0000] {processor.py:183} INFO - Processing /opt/airflow/dags/weather_gold_v1.py took 0.204 seconds
[2025-10-13T13:33:27.161+0000] {processor.py:161} INFO - Started process (PID=13014) to work on /opt/airflow/dags/weather_gold_v1.py
[2025-10-13T13:33:27.162+0000] {processor.py:830} INFO - Processing file /opt/airflow/dags/weather_gold_v1.py for tasks to queue
[2025-10-13T13:33:27.164+0000] {logging_mixin.py:188} INFO - [2025-10-13T13:33:27.163+0000] {dagbag.py:540} INFO - Filling up the DagBag from /opt/airflow/dags/weather_gold_v1.py
[2025-10-13T13:33:27.190+0000] {processor.py:840} INFO - DAG(s) 'weather_gold_v1' retrieved from /opt/airflow/dags/weather_gold_v1.py
[2025-10-13T13:33:27.250+0000] {logging_mixin.py:188} INFO - [2025-10-13T13:33:27.249+0000] {dag.py:3047} INFO - Sync 1 DAGs
[2025-10-13T13:33:27.295+0000] {logging_mixin.py:188} INFO - [2025-10-13T13:33:27.295+0000] {dag.py:3834} INFO - Setting next_dagrun for weather_gold_v1 to 2025-10-12 00:00:00+00:00, run_after=2025-10-19 00:00:00+00:00
[2025-10-13T13:33:27.347+0000] {processor.py:183} INFO - Processing /opt/airflow/dags/weather_gold_v1.py took 0.190 seconds
[2025-10-13T13:33:57.729+0000] {processor.py:161} INFO - Started process (PID=13029) to work on /opt/airflow/dags/weather_gold_v1.py
[2025-10-13T13:33:57.730+0000] {processor.py:830} INFO - Processing file /opt/airflow/dags/weather_gold_v1.py for tasks to queue
[2025-10-13T13:33:57.732+0000] {logging_mixin.py:188} INFO - [2025-10-13T13:33:57.732+0000] {dagbag.py:540} INFO - Filling up the DagBag from /opt/airflow/dags/weather_gold_v1.py
[2025-10-13T13:33:57.760+0000] {processor.py:840} INFO - DAG(s) 'weather_gold_v1' retrieved from /opt/airflow/dags/weather_gold_v1.py
[2025-10-13T13:33:57.828+0000] {logging_mixin.py:188} INFO - [2025-10-13T13:33:57.828+0000] {dag.py:3047} INFO - Sync 1 DAGs
[2025-10-13T13:33:57.870+0000] {logging_mixin.py:188} INFO - [2025-10-13T13:33:57.869+0000] {dag.py:3834} INFO - Setting next_dagrun for weather_gold_v1 to 2025-10-12 00:00:00+00:00, run_after=2025-10-19 00:00:00+00:00
[2025-10-13T13:33:57.929+0000] {processor.py:183} INFO - Processing /opt/airflow/dags/weather_gold_v1.py took 0.203 seconds
[2025-10-13T13:34:28.390+0000] {processor.py:161} INFO - Started process (PID=13044) to work on /opt/airflow/dags/weather_gold_v1.py
[2025-10-13T13:34:28.392+0000] {processor.py:830} INFO - Processing file /opt/airflow/dags/weather_gold_v1.py for tasks to queue
[2025-10-13T13:34:28.394+0000] {logging_mixin.py:188} INFO - [2025-10-13T13:34:28.393+0000] {dagbag.py:540} INFO - Filling up the DagBag from /opt/airflow/dags/weather_gold_v1.py
[2025-10-13T13:34:28.430+0000] {processor.py:840} INFO - DAG(s) 'weather_gold_v1' retrieved from /opt/airflow/dags/weather_gold_v1.py
[2025-10-13T13:34:28.510+0000] {logging_mixin.py:188} INFO - [2025-10-13T13:34:28.510+0000] {dag.py:3047} INFO - Sync 1 DAGs
[2025-10-13T13:34:28.570+0000] {logging_mixin.py:188} INFO - [2025-10-13T13:34:28.570+0000] {dag.py:3834} INFO - Setting next_dagrun for weather_gold_v1 to 2025-10-12 00:00:00+00:00, run_after=2025-10-19 00:00:00+00:00
[2025-10-13T13:34:28.637+0000] {processor.py:183} INFO - Processing /opt/airflow/dags/weather_gold_v1.py took 0.251 seconds
[2025-10-13T13:34:59.047+0000] {processor.py:161} INFO - Started process (PID=13059) to work on /opt/airflow/dags/weather_gold_v1.py
[2025-10-13T13:34:59.049+0000] {processor.py:830} INFO - Processing file /opt/airflow/dags/weather_gold_v1.py for tasks to queue
[2025-10-13T13:34:59.051+0000] {logging_mixin.py:188} INFO - [2025-10-13T13:34:59.050+0000] {dagbag.py:540} INFO - Filling up the DagBag from /opt/airflow/dags/weather_gold_v1.py
[2025-10-13T13:34:59.083+0000] {processor.py:840} INFO - DAG(s) 'weather_gold_v1' retrieved from /opt/airflow/dags/weather_gold_v1.py
[2025-10-13T13:34:59.155+0000] {logging_mixin.py:188} INFO - [2025-10-13T13:34:59.154+0000] {dag.py:3047} INFO - Sync 1 DAGs
[2025-10-13T13:34:59.200+0000] {logging_mixin.py:188} INFO - [2025-10-13T13:34:59.200+0000] {dag.py:3834} INFO - Setting next_dagrun for weather_gold_v1 to 2025-10-12 00:00:00+00:00, run_after=2025-10-19 00:00:00+00:00
[2025-10-13T13:34:59.261+0000] {processor.py:183} INFO - Processing /opt/airflow/dags/weather_gold_v1.py took 0.218 seconds
[2025-10-13T13:35:29.687+0000] {processor.py:161} INFO - Started process (PID=13074) to work on /opt/airflow/dags/weather_gold_v1.py
[2025-10-13T13:35:29.689+0000] {processor.py:830} INFO - Processing file /opt/airflow/dags/weather_gold_v1.py for tasks to queue
[2025-10-13T13:35:29.690+0000] {logging_mixin.py:188} INFO - [2025-10-13T13:35:29.690+0000] {dagbag.py:540} INFO - Filling up the DagBag from /opt/airflow/dags/weather_gold_v1.py
[2025-10-13T13:35:29.719+0000] {processor.py:840} INFO - DAG(s) 'weather_gold_v1' retrieved from /opt/airflow/dags/weather_gold_v1.py
[2025-10-13T13:35:29.788+0000] {logging_mixin.py:188} INFO - [2025-10-13T13:35:29.788+0000] {dag.py:3047} INFO - Sync 1 DAGs
[2025-10-13T13:35:29.834+0000] {logging_mixin.py:188} INFO - [2025-10-13T13:35:29.833+0000] {dag.py:3834} INFO - Setting next_dagrun for weather_gold_v1 to 2025-10-12 00:00:00+00:00, run_after=2025-10-19 00:00:00+00:00
[2025-10-13T13:35:29.887+0000] {processor.py:183} INFO - Processing /opt/airflow/dags/weather_gold_v1.py took 0.204 seconds
[2025-10-13T13:36:00.370+0000] {processor.py:161} INFO - Started process (PID=13089) to work on /opt/airflow/dags/weather_gold_v1.py
[2025-10-13T13:36:00.372+0000] {processor.py:830} INFO - Processing file /opt/airflow/dags/weather_gold_v1.py for tasks to queue
[2025-10-13T13:36:00.374+0000] {logging_mixin.py:188} INFO - [2025-10-13T13:36:00.373+0000] {dagbag.py:540} INFO - Filling up the DagBag from /opt/airflow/dags/weather_gold_v1.py
[2025-10-13T13:36:00.403+0000] {processor.py:840} INFO - DAG(s) 'weather_gold_v1' retrieved from /opt/airflow/dags/weather_gold_v1.py
[2025-10-13T13:36:00.477+0000] {logging_mixin.py:188} INFO - [2025-10-13T13:36:00.477+0000] {dag.py:3047} INFO - Sync 1 DAGs
[2025-10-13T13:36:00.529+0000] {logging_mixin.py:188} INFO - [2025-10-13T13:36:00.529+0000] {dag.py:3834} INFO - Setting next_dagrun for weather_gold_v1 to 2025-10-12 00:00:00+00:00, run_after=2025-10-19 00:00:00+00:00
[2025-10-13T13:36:00.587+0000] {processor.py:183} INFO - Processing /opt/airflow/dags/weather_gold_v1.py took 0.223 seconds
[2025-10-13T13:36:30.972+0000] {processor.py:161} INFO - Started process (PID=13104) to work on /opt/airflow/dags/weather_gold_v1.py
[2025-10-13T13:36:30.974+0000] {processor.py:830} INFO - Processing file /opt/airflow/dags/weather_gold_v1.py for tasks to queue
[2025-10-13T13:36:30.976+0000] {logging_mixin.py:188} INFO - [2025-10-13T13:36:30.975+0000] {dagbag.py:540} INFO - Filling up the DagBag from /opt/airflow/dags/weather_gold_v1.py
[2025-10-13T13:36:31.006+0000] {processor.py:840} INFO - DAG(s) 'weather_gold_v1' retrieved from /opt/airflow/dags/weather_gold_v1.py
[2025-10-13T13:36:31.077+0000] {logging_mixin.py:188} INFO - [2025-10-13T13:36:31.076+0000] {dag.py:3047} INFO - Sync 1 DAGs
[2025-10-13T13:36:31.128+0000] {logging_mixin.py:188} INFO - [2025-10-13T13:36:31.128+0000] {dag.py:3834} INFO - Setting next_dagrun for weather_gold_v1 to 2025-10-12 00:00:00+00:00, run_after=2025-10-19 00:00:00+00:00
[2025-10-13T13:36:31.191+0000] {processor.py:183} INFO - Processing /opt/airflow/dags/weather_gold_v1.py took 0.223 seconds
[2025-10-13T13:37:01.608+0000] {processor.py:161} INFO - Started process (PID=13119) to work on /opt/airflow/dags/weather_gold_v1.py
[2025-10-13T13:37:01.611+0000] {processor.py:830} INFO - Processing file /opt/airflow/dags/weather_gold_v1.py for tasks to queue
[2025-10-13T13:37:01.613+0000] {logging_mixin.py:188} INFO - [2025-10-13T13:37:01.612+0000] {dagbag.py:540} INFO - Filling up the DagBag from /opt/airflow/dags/weather_gold_v1.py
[2025-10-13T13:37:01.644+0000] {processor.py:840} INFO - DAG(s) 'weather_gold_v1' retrieved from /opt/airflow/dags/weather_gold_v1.py
[2025-10-13T13:37:01.727+0000] {logging_mixin.py:188} INFO - [2025-10-13T13:37:01.726+0000] {dag.py:3047} INFO - Sync 1 DAGs
[2025-10-13T13:37:01.777+0000] {logging_mixin.py:188} INFO - [2025-10-13T13:37:01.777+0000] {dag.py:3834} INFO - Setting next_dagrun for weather_gold_v1 to 2025-10-12 00:00:00+00:00, run_after=2025-10-19 00:00:00+00:00
[2025-10-13T13:37:01.847+0000] {processor.py:183} INFO - Processing /opt/airflow/dags/weather_gold_v1.py took 0.246 seconds
[2025-10-13T13:37:32.062+0000] {processor.py:161} INFO - Started process (PID=13134) to work on /opt/airflow/dags/weather_gold_v1.py
[2025-10-13T13:37:32.064+0000] {processor.py:830} INFO - Processing file /opt/airflow/dags/weather_gold_v1.py for tasks to queue
[2025-10-13T13:37:32.066+0000] {logging_mixin.py:188} INFO - [2025-10-13T13:37:32.065+0000] {dagbag.py:540} INFO - Filling up the DagBag from /opt/airflow/dags/weather_gold_v1.py
[2025-10-13T13:37:32.101+0000] {processor.py:840} INFO - DAG(s) 'weather_gold_v1' retrieved from /opt/airflow/dags/weather_gold_v1.py
[2025-10-13T13:37:32.172+0000] {logging_mixin.py:188} INFO - [2025-10-13T13:37:32.171+0000] {dag.py:3047} INFO - Sync 1 DAGs
[2025-10-13T13:37:32.218+0000] {logging_mixin.py:188} INFO - [2025-10-13T13:37:32.218+0000] {dag.py:3834} INFO - Setting next_dagrun for weather_gold_v1 to 2025-10-12 00:00:00+00:00, run_after=2025-10-19 00:00:00+00:00
[2025-10-13T13:37:32.286+0000] {processor.py:183} INFO - Processing /opt/airflow/dags/weather_gold_v1.py took 0.228 seconds
[2025-10-13T13:38:02.849+0000] {processor.py:161} INFO - Started process (PID=13149) to work on /opt/airflow/dags/weather_gold_v1.py
[2025-10-13T13:38:02.850+0000] {processor.py:830} INFO - Processing file /opt/airflow/dags/weather_gold_v1.py for tasks to queue
[2025-10-13T13:38:02.852+0000] {logging_mixin.py:188} INFO - [2025-10-13T13:38:02.851+0000] {dagbag.py:540} INFO - Filling up the DagBag from /opt/airflow/dags/weather_gold_v1.py
[2025-10-13T13:38:02.886+0000] {processor.py:840} INFO - DAG(s) 'weather_gold_v1' retrieved from /opt/airflow/dags/weather_gold_v1.py
[2025-10-13T13:38:02.959+0000] {logging_mixin.py:188} INFO - [2025-10-13T13:38:02.958+0000] {dag.py:3047} INFO - Sync 1 DAGs
[2025-10-13T13:38:03.013+0000] {logging_mixin.py:188} INFO - [2025-10-13T13:38:03.013+0000] {dag.py:3834} INFO - Setting next_dagrun for weather_gold_v1 to 2025-10-12 00:00:00+00:00, run_after=2025-10-19 00:00:00+00:00
[2025-10-13T13:38:03.088+0000] {processor.py:183} INFO - Processing /opt/airflow/dags/weather_gold_v1.py took 0.244 seconds
[2025-10-13T13:38:33.560+0000] {processor.py:161} INFO - Started process (PID=13164) to work on /opt/airflow/dags/weather_gold_v1.py
[2025-10-13T13:38:33.562+0000] {processor.py:830} INFO - Processing file /opt/airflow/dags/weather_gold_v1.py for tasks to queue
[2025-10-13T13:38:33.563+0000] {logging_mixin.py:188} INFO - [2025-10-13T13:38:33.563+0000] {dagbag.py:540} INFO - Filling up the DagBag from /opt/airflow/dags/weather_gold_v1.py
[2025-10-13T13:38:33.599+0000] {processor.py:840} INFO - DAG(s) 'weather_gold_v1' retrieved from /opt/airflow/dags/weather_gold_v1.py
[2025-10-13T13:38:33.686+0000] {logging_mixin.py:188} INFO - [2025-10-13T13:38:33.686+0000] {dag.py:3047} INFO - Sync 1 DAGs
[2025-10-13T13:38:33.735+0000] {logging_mixin.py:188} INFO - [2025-10-13T13:38:33.735+0000] {dag.py:3834} INFO - Setting next_dagrun for weather_gold_v1 to 2025-10-12 00:00:00+00:00, run_after=2025-10-19 00:00:00+00:00
[2025-10-13T13:38:33.791+0000] {processor.py:183} INFO - Processing /opt/airflow/dags/weather_gold_v1.py took 0.236 seconds
[2025-10-13T13:39:05.773+0000] {processor.py:161} INFO - Started process (PID=13179) to work on /opt/airflow/dags/weather_gold_v1.py
[2025-10-13T13:39:05.776+0000] {processor.py:830} INFO - Processing file /opt/airflow/dags/weather_gold_v1.py for tasks to queue
[2025-10-13T13:39:05.781+0000] {logging_mixin.py:188} INFO - [2025-10-13T13:39:05.780+0000] {dagbag.py:540} INFO - Filling up the DagBag from /opt/airflow/dags/weather_gold_v1.py
[2025-10-13T13:39:05.858+0000] {processor.py:840} INFO - DAG(s) 'weather_gold_v1' retrieved from /opt/airflow/dags/weather_gold_v1.py
[2025-10-13T13:39:06.044+0000] {logging_mixin.py:188} INFO - [2025-10-13T13:39:06.044+0000] {dag.py:3047} INFO - Sync 1 DAGs
[2025-10-13T13:39:06.159+0000] {logging_mixin.py:188} INFO - [2025-10-13T13:39:06.158+0000] {dag.py:3834} INFO - Setting next_dagrun for weather_gold_v1 to 2025-10-12 00:00:00+00:00, run_after=2025-10-19 00:00:00+00:00
[2025-10-13T13:39:06.411+0000] {processor.py:183} INFO - Processing /opt/airflow/dags/weather_gold_v1.py took 0.725 seconds
[2025-10-13T13:39:36.679+0000] {processor.py:161} INFO - Started process (PID=13194) to work on /opt/airflow/dags/weather_gold_v1.py
[2025-10-13T13:39:36.682+0000] {processor.py:830} INFO - Processing file /opt/airflow/dags/weather_gold_v1.py for tasks to queue
[2025-10-13T13:39:36.684+0000] {logging_mixin.py:188} INFO - [2025-10-13T13:39:36.684+0000] {dagbag.py:540} INFO - Filling up the DagBag from /opt/airflow/dags/weather_gold_v1.py
[2025-10-13T13:39:36.728+0000] {processor.py:840} INFO - DAG(s) 'weather_gold_v1' retrieved from /opt/airflow/dags/weather_gold_v1.py
[2025-10-13T13:39:36.840+0000] {logging_mixin.py:188} INFO - [2025-10-13T13:39:36.839+0000] {dag.py:3047} INFO - Sync 1 DAGs
[2025-10-13T13:39:36.917+0000] {logging_mixin.py:188} INFO - [2025-10-13T13:39:36.916+0000] {dag.py:3834} INFO - Setting next_dagrun for weather_gold_v1 to 2025-10-12 00:00:00+00:00, run_after=2025-10-19 00:00:00+00:00
[2025-10-13T13:39:36.990+0000] {processor.py:183} INFO - Processing /opt/airflow/dags/weather_gold_v1.py took 0.317 seconds
[2025-10-13T13:40:07.652+0000] {processor.py:161} INFO - Started process (PID=13209) to work on /opt/airflow/dags/weather_gold_v1.py
[2025-10-13T13:40:07.654+0000] {processor.py:830} INFO - Processing file /opt/airflow/dags/weather_gold_v1.py for tasks to queue
[2025-10-13T13:40:07.655+0000] {logging_mixin.py:188} INFO - [2025-10-13T13:40:07.655+0000] {dagbag.py:540} INFO - Filling up the DagBag from /opt/airflow/dags/weather_gold_v1.py
[2025-10-13T13:40:07.691+0000] {processor.py:840} INFO - DAG(s) 'weather_gold_v1' retrieved from /opt/airflow/dags/weather_gold_v1.py
[2025-10-13T13:40:07.786+0000] {logging_mixin.py:188} INFO - [2025-10-13T13:40:07.786+0000] {dag.py:3047} INFO - Sync 1 DAGs
[2025-10-13T13:40:07.835+0000] {logging_mixin.py:188} INFO - [2025-10-13T13:40:07.834+0000] {dag.py:3834} INFO - Setting next_dagrun for weather_gold_v1 to 2025-10-12 00:00:00+00:00, run_after=2025-10-19 00:00:00+00:00
[2025-10-13T13:40:07.897+0000] {processor.py:183} INFO - Processing /opt/airflow/dags/weather_gold_v1.py took 0.250 seconds
[2025-10-13T13:40:38.046+0000] {processor.py:161} INFO - Started process (PID=13224) to work on /opt/airflow/dags/weather_gold_v1.py
[2025-10-13T13:40:38.049+0000] {processor.py:830} INFO - Processing file /opt/airflow/dags/weather_gold_v1.py for tasks to queue
[2025-10-13T13:40:38.053+0000] {logging_mixin.py:188} INFO - [2025-10-13T13:40:38.052+0000] {dagbag.py:540} INFO - Filling up the DagBag from /opt/airflow/dags/weather_gold_v1.py
[2025-10-13T13:40:38.112+0000] {processor.py:840} INFO - DAG(s) 'weather_gold_v1' retrieved from /opt/airflow/dags/weather_gold_v1.py
[2025-10-13T13:40:38.217+0000] {logging_mixin.py:188} INFO - [2025-10-13T13:40:38.216+0000] {dag.py:3047} INFO - Sync 1 DAGs
[2025-10-13T13:40:38.285+0000] {logging_mixin.py:188} INFO - [2025-10-13T13:40:38.284+0000] {dag.py:3834} INFO - Setting next_dagrun for weather_gold_v1 to 2025-10-12 00:00:00+00:00, run_after=2025-10-19 00:00:00+00:00
[2025-10-13T13:40:38.354+0000] {processor.py:183} INFO - Processing /opt/airflow/dags/weather_gold_v1.py took 0.317 seconds
[2025-10-13T13:41:08.952+0000] {processor.py:161} INFO - Started process (PID=13239) to work on /opt/airflow/dags/weather_gold_v1.py
[2025-10-13T13:41:08.954+0000] {processor.py:830} INFO - Processing file /opt/airflow/dags/weather_gold_v1.py for tasks to queue
[2025-10-13T13:41:08.956+0000] {logging_mixin.py:188} INFO - [2025-10-13T13:41:08.956+0000] {dagbag.py:540} INFO - Filling up the DagBag from /opt/airflow/dags/weather_gold_v1.py
[2025-10-13T13:41:09.006+0000] {processor.py:840} INFO - DAG(s) 'weather_gold_v1' retrieved from /opt/airflow/dags/weather_gold_v1.py
[2025-10-13T13:41:09.140+0000] {logging_mixin.py:188} INFO - [2025-10-13T13:41:09.139+0000] {dag.py:3047} INFO - Sync 1 DAGs
[2025-10-13T13:41:09.227+0000] {logging_mixin.py:188} INFO - [2025-10-13T13:41:09.227+0000] {dag.py:3834} INFO - Setting next_dagrun for weather_gold_v1 to 2025-10-12 00:00:00+00:00, run_after=2025-10-19 00:00:00+00:00
[2025-10-13T13:41:09.319+0000] {processor.py:183} INFO - Processing /opt/airflow/dags/weather_gold_v1.py took 0.374 seconds
[2025-10-13T13:41:39.916+0000] {processor.py:161} INFO - Started process (PID=13254) to work on /opt/airflow/dags/weather_gold_v1.py
[2025-10-13T13:41:39.918+0000] {processor.py:830} INFO - Processing file /opt/airflow/dags/weather_gold_v1.py for tasks to queue
[2025-10-13T13:41:39.920+0000] {logging_mixin.py:188} INFO - [2025-10-13T13:41:39.920+0000] {dagbag.py:540} INFO - Filling up the DagBag from /opt/airflow/dags/weather_gold_v1.py
[2025-10-13T13:41:39.969+0000] {processor.py:840} INFO - DAG(s) 'weather_gold_v1' retrieved from /opt/airflow/dags/weather_gold_v1.py
[2025-10-13T13:41:40.066+0000] {logging_mixin.py:188} INFO - [2025-10-13T13:41:40.065+0000] {dag.py:3047} INFO - Sync 1 DAGs
[2025-10-13T13:41:40.133+0000] {logging_mixin.py:188} INFO - [2025-10-13T13:41:40.133+0000] {dag.py:3834} INFO - Setting next_dagrun for weather_gold_v1 to 2025-10-12 00:00:00+00:00, run_after=2025-10-19 00:00:00+00:00
[2025-10-13T13:41:40.208+0000] {processor.py:183} INFO - Processing /opt/airflow/dags/weather_gold_v1.py took 0.297 seconds
[2025-10-13T13:42:10.360+0000] {processor.py:161} INFO - Started process (PID=13269) to work on /opt/airflow/dags/weather_gold_v1.py
[2025-10-13T13:42:10.362+0000] {processor.py:830} INFO - Processing file /opt/airflow/dags/weather_gold_v1.py for tasks to queue
[2025-10-13T13:42:10.365+0000] {logging_mixin.py:188} INFO - [2025-10-13T13:42:10.364+0000] {dagbag.py:540} INFO - Filling up the DagBag from /opt/airflow/dags/weather_gold_v1.py
[2025-10-13T13:42:10.415+0000] {processor.py:840} INFO - DAG(s) 'weather_gold_v1' retrieved from /opt/airflow/dags/weather_gold_v1.py
[2025-10-13T13:42:10.517+0000] {logging_mixin.py:188} INFO - [2025-10-13T13:42:10.516+0000] {dag.py:3047} INFO - Sync 1 DAGs
[2025-10-13T13:42:10.634+0000] {logging_mixin.py:188} INFO - [2025-10-13T13:42:10.634+0000] {dag.py:3834} INFO - Setting next_dagrun for weather_gold_v1 to 2025-10-12 00:00:00+00:00, run_after=2025-10-19 00:00:00+00:00
[2025-10-13T13:42:10.717+0000] {processor.py:183} INFO - Processing /opt/airflow/dags/weather_gold_v1.py took 0.363 seconds
[2025-10-13T13:42:41.429+0000] {processor.py:161} INFO - Started process (PID=13284) to work on /opt/airflow/dags/weather_gold_v1.py
[2025-10-13T13:42:41.433+0000] {processor.py:830} INFO - Processing file /opt/airflow/dags/weather_gold_v1.py for tasks to queue
[2025-10-13T13:42:41.437+0000] {logging_mixin.py:188} INFO - [2025-10-13T13:42:41.436+0000] {dagbag.py:540} INFO - Filling up the DagBag from /opt/airflow/dags/weather_gold_v1.py
[2025-10-13T13:42:41.617+0000] {processor.py:840} INFO - DAG(s) 'weather_gold_v1' retrieved from /opt/airflow/dags/weather_gold_v1.py
[2025-10-13T13:42:41.752+0000] {logging_mixin.py:188} INFO - [2025-10-13T13:42:41.752+0000] {dag.py:3047} INFO - Sync 1 DAGs
[2025-10-13T13:42:41.831+0000] {logging_mixin.py:188} INFO - [2025-10-13T13:42:41.830+0000] {dag.py:3834} INFO - Setting next_dagrun for weather_gold_v1 to 2025-10-12 00:00:00+00:00, run_after=2025-10-19 00:00:00+00:00
[2025-10-13T13:42:41.916+0000] {processor.py:183} INFO - Processing /opt/airflow/dags/weather_gold_v1.py took 0.503 seconds
[2025-10-13T13:43:12.452+0000] {processor.py:161} INFO - Started process (PID=13299) to work on /opt/airflow/dags/weather_gold_v1.py
[2025-10-13T13:43:12.453+0000] {processor.py:830} INFO - Processing file /opt/airflow/dags/weather_gold_v1.py for tasks to queue
[2025-10-13T13:43:12.457+0000] {logging_mixin.py:188} INFO - [2025-10-13T13:43:12.456+0000] {dagbag.py:540} INFO - Filling up the DagBag from /opt/airflow/dags/weather_gold_v1.py
[2025-10-13T13:43:12.502+0000] {processor.py:840} INFO - DAG(s) 'weather_gold_v1' retrieved from /opt/airflow/dags/weather_gold_v1.py
[2025-10-13T13:43:12.604+0000] {logging_mixin.py:188} INFO - [2025-10-13T13:43:12.604+0000] {dag.py:3047} INFO - Sync 1 DAGs
[2025-10-13T13:43:12.681+0000] {logging_mixin.py:188} INFO - [2025-10-13T13:43:12.680+0000] {dag.py:3834} INFO - Setting next_dagrun for weather_gold_v1 to 2025-10-12 00:00:00+00:00, run_after=2025-10-19 00:00:00+00:00
[2025-10-13T13:43:12.773+0000] {processor.py:183} INFO - Processing /opt/airflow/dags/weather_gold_v1.py took 0.326 seconds
[2025-10-13T13:43:43.689+0000] {processor.py:161} INFO - Started process (PID=13314) to work on /opt/airflow/dags/weather_gold_v1.py
[2025-10-13T13:43:43.691+0000] {processor.py:830} INFO - Processing file /opt/airflow/dags/weather_gold_v1.py for tasks to queue
[2025-10-13T13:43:43.695+0000] {logging_mixin.py:188} INFO - [2025-10-13T13:43:43.694+0000] {dagbag.py:540} INFO - Filling up the DagBag from /opt/airflow/dags/weather_gold_v1.py
[2025-10-13T13:43:43.737+0000] {processor.py:840} INFO - DAG(s) 'weather_gold_v1' retrieved from /opt/airflow/dags/weather_gold_v1.py
[2025-10-13T13:43:43.840+0000] {logging_mixin.py:188} INFO - [2025-10-13T13:43:43.840+0000] {dag.py:3047} INFO - Sync 1 DAGs
[2025-10-13T13:43:43.903+0000] {logging_mixin.py:188} INFO - [2025-10-13T13:43:43.902+0000] {dag.py:3834} INFO - Setting next_dagrun for weather_gold_v1 to 2025-10-12 00:00:00+00:00, run_after=2025-10-19 00:00:00+00:00
[2025-10-13T13:43:43.988+0000] {processor.py:183} INFO - Processing /opt/airflow/dags/weather_gold_v1.py took 0.308 seconds
[2025-10-13T13:44:14.524+0000] {processor.py:161} INFO - Started process (PID=13329) to work on /opt/airflow/dags/weather_gold_v1.py
[2025-10-13T13:44:14.526+0000] {processor.py:830} INFO - Processing file /opt/airflow/dags/weather_gold_v1.py for tasks to queue
[2025-10-13T13:44:14.529+0000] {logging_mixin.py:188} INFO - [2025-10-13T13:44:14.528+0000] {dagbag.py:540} INFO - Filling up the DagBag from /opt/airflow/dags/weather_gold_v1.py
[2025-10-13T13:44:14.576+0000] {processor.py:840} INFO - DAG(s) 'weather_gold_v1' retrieved from /opt/airflow/dags/weather_gold_v1.py
[2025-10-13T13:44:14.666+0000] {logging_mixin.py:188} INFO - [2025-10-13T13:44:14.666+0000] {dag.py:3047} INFO - Sync 1 DAGs
[2025-10-13T13:44:14.738+0000] {logging_mixin.py:188} INFO - [2025-10-13T13:44:14.737+0000] {dag.py:3834} INFO - Setting next_dagrun for weather_gold_v1 to 2025-10-12 00:00:00+00:00, run_after=2025-10-19 00:00:00+00:00
[2025-10-13T13:44:14.870+0000] {processor.py:183} INFO - Processing /opt/airflow/dags/weather_gold_v1.py took 0.352 seconds
[2025-10-13T13:44:45.369+0000] {processor.py:161} INFO - Started process (PID=13344) to work on /opt/airflow/dags/weather_gold_v1.py
[2025-10-13T13:44:45.372+0000] {processor.py:830} INFO - Processing file /opt/airflow/dags/weather_gold_v1.py for tasks to queue
[2025-10-13T13:44:45.374+0000] {logging_mixin.py:188} INFO - [2025-10-13T13:44:45.374+0000] {dagbag.py:540} INFO - Filling up the DagBag from /opt/airflow/dags/weather_gold_v1.py
[2025-10-13T13:44:45.425+0000] {processor.py:840} INFO - DAG(s) 'weather_gold_v1' retrieved from /opt/airflow/dags/weather_gold_v1.py
[2025-10-13T13:44:45.538+0000] {logging_mixin.py:188} INFO - [2025-10-13T13:44:45.537+0000] {dag.py:3047} INFO - Sync 1 DAGs
[2025-10-13T13:44:45.606+0000] {logging_mixin.py:188} INFO - [2025-10-13T13:44:45.606+0000] {dag.py:3834} INFO - Setting next_dagrun for weather_gold_v1 to 2025-10-12 00:00:00+00:00, run_after=2025-10-19 00:00:00+00:00
[2025-10-13T13:44:45.699+0000] {processor.py:183} INFO - Processing /opt/airflow/dags/weather_gold_v1.py took 0.337 seconds
[2025-10-13T13:45:16.279+0000] {processor.py:161} INFO - Started process (PID=13359) to work on /opt/airflow/dags/weather_gold_v1.py
[2025-10-13T13:45:16.281+0000] {processor.py:830} INFO - Processing file /opt/airflow/dags/weather_gold_v1.py for tasks to queue
[2025-10-13T13:45:16.286+0000] {logging_mixin.py:188} INFO - [2025-10-13T13:45:16.284+0000] {dagbag.py:540} INFO - Filling up the DagBag from /opt/airflow/dags/weather_gold_v1.py
[2025-10-13T13:45:16.352+0000] {processor.py:840} INFO - DAG(s) 'weather_gold_v1' retrieved from /opt/airflow/dags/weather_gold_v1.py
[2025-10-13T13:45:16.468+0000] {logging_mixin.py:188} INFO - [2025-10-13T13:45:16.467+0000] {dag.py:3047} INFO - Sync 1 DAGs
[2025-10-13T13:45:16.532+0000] {logging_mixin.py:188} INFO - [2025-10-13T13:45:16.532+0000] {dag.py:3834} INFO - Setting next_dagrun for weather_gold_v1 to 2025-10-12 00:00:00+00:00, run_after=2025-10-19 00:00:00+00:00
[2025-10-13T13:45:16.600+0000] {processor.py:183} INFO - Processing /opt/airflow/dags/weather_gold_v1.py took 0.330 seconds
[2025-10-13T13:45:47.308+0000] {processor.py:161} INFO - Started process (PID=13374) to work on /opt/airflow/dags/weather_gold_v1.py
[2025-10-13T13:45:47.310+0000] {processor.py:830} INFO - Processing file /opt/airflow/dags/weather_gold_v1.py for tasks to queue
[2025-10-13T13:45:47.320+0000] {logging_mixin.py:188} INFO - [2025-10-13T13:45:47.318+0000] {dagbag.py:540} INFO - Filling up the DagBag from /opt/airflow/dags/weather_gold_v1.py
[2025-10-13T13:45:47.373+0000] {processor.py:840} INFO - DAG(s) 'weather_gold_v1' retrieved from /opt/airflow/dags/weather_gold_v1.py
[2025-10-13T13:45:47.730+0000] {logging_mixin.py:188} INFO - [2025-10-13T13:45:47.729+0000] {dag.py:3047} INFO - Sync 1 DAGs
[2025-10-13T13:45:47.845+0000] {logging_mixin.py:188} INFO - [2025-10-13T13:45:47.845+0000] {dag.py:3834} INFO - Setting next_dagrun for weather_gold_v1 to 2025-10-12 00:00:00+00:00, run_after=2025-10-19 00:00:00+00:00
[2025-10-13T13:45:47.920+0000] {processor.py:183} INFO - Processing /opt/airflow/dags/weather_gold_v1.py took 0.618 seconds
[2025-10-13T13:46:18.506+0000] {processor.py:161} INFO - Started process (PID=13389) to work on /opt/airflow/dags/weather_gold_v1.py
[2025-10-13T13:46:18.509+0000] {processor.py:830} INFO - Processing file /opt/airflow/dags/weather_gold_v1.py for tasks to queue
[2025-10-13T13:46:18.512+0000] {logging_mixin.py:188} INFO - [2025-10-13T13:46:18.511+0000] {dagbag.py:540} INFO - Filling up the DagBag from /opt/airflow/dags/weather_gold_v1.py
[2025-10-13T13:46:18.559+0000] {processor.py:840} INFO - DAG(s) 'weather_gold_v1' retrieved from /opt/airflow/dags/weather_gold_v1.py
[2025-10-13T13:46:18.658+0000] {logging_mixin.py:188} INFO - [2025-10-13T13:46:18.658+0000] {dag.py:3047} INFO - Sync 1 DAGs
[2025-10-13T13:46:18.721+0000] {logging_mixin.py:188} INFO - [2025-10-13T13:46:18.721+0000] {dag.py:3834} INFO - Setting next_dagrun for weather_gold_v1 to 2025-10-12 00:00:00+00:00, run_after=2025-10-19 00:00:00+00:00
[2025-10-13T13:46:18.792+0000] {processor.py:183} INFO - Processing /opt/airflow/dags/weather_gold_v1.py took 0.292 seconds
[2025-10-13T13:46:49.370+0000] {processor.py:161} INFO - Started process (PID=13404) to work on /opt/airflow/dags/weather_gold_v1.py
[2025-10-13T13:46:49.371+0000] {processor.py:830} INFO - Processing file /opt/airflow/dags/weather_gold_v1.py for tasks to queue
[2025-10-13T13:46:49.373+0000] {logging_mixin.py:188} INFO - [2025-10-13T13:46:49.373+0000] {dagbag.py:540} INFO - Filling up the DagBag from /opt/airflow/dags/weather_gold_v1.py
[2025-10-13T13:46:49.417+0000] {processor.py:840} INFO - DAG(s) 'weather_gold_v1' retrieved from /opt/airflow/dags/weather_gold_v1.py
[2025-10-13T13:46:49.524+0000] {logging_mixin.py:188} INFO - [2025-10-13T13:46:49.524+0000] {dag.py:3047} INFO - Sync 1 DAGs
[2025-10-13T13:46:49.621+0000] {logging_mixin.py:188} INFO - [2025-10-13T13:46:49.621+0000] {dag.py:3834} INFO - Setting next_dagrun for weather_gold_v1 to 2025-10-12 00:00:00+00:00, run_after=2025-10-19 00:00:00+00:00
[2025-10-13T13:46:49.721+0000] {processor.py:183} INFO - Processing /opt/airflow/dags/weather_gold_v1.py took 0.358 seconds
[2025-10-13T13:47:20.109+0000] {processor.py:161} INFO - Started process (PID=13419) to work on /opt/airflow/dags/weather_gold_v1.py
[2025-10-13T13:47:20.111+0000] {processor.py:830} INFO - Processing file /opt/airflow/dags/weather_gold_v1.py for tasks to queue
[2025-10-13T13:47:20.114+0000] {logging_mixin.py:188} INFO - [2025-10-13T13:47:20.113+0000] {dagbag.py:540} INFO - Filling up the DagBag from /opt/airflow/dags/weather_gold_v1.py
[2025-10-13T13:47:20.168+0000] {processor.py:840} INFO - DAG(s) 'weather_gold_v1' retrieved from /opt/airflow/dags/weather_gold_v1.py
[2025-10-13T13:47:20.258+0000] {logging_mixin.py:188} INFO - [2025-10-13T13:47:20.257+0000] {dag.py:3047} INFO - Sync 1 DAGs
[2025-10-13T13:47:20.322+0000] {logging_mixin.py:188} INFO - [2025-10-13T13:47:20.322+0000] {dag.py:3834} INFO - Setting next_dagrun for weather_gold_v1 to 2025-10-12 00:00:00+00:00, run_after=2025-10-19 00:00:00+00:00
[2025-10-13T13:47:20.408+0000] {processor.py:183} INFO - Processing /opt/airflow/dags/weather_gold_v1.py took 0.307 seconds
[2025-10-13T13:47:50.986+0000] {processor.py:161} INFO - Started process (PID=13434) to work on /opt/airflow/dags/weather_gold_v1.py
[2025-10-13T13:47:50.989+0000] {processor.py:830} INFO - Processing file /opt/airflow/dags/weather_gold_v1.py for tasks to queue
[2025-10-13T13:47:50.991+0000] {logging_mixin.py:188} INFO - [2025-10-13T13:47:50.990+0000] {dagbag.py:540} INFO - Filling up the DagBag from /opt/airflow/dags/weather_gold_v1.py
[2025-10-13T13:47:51.156+0000] {processor.py:840} INFO - DAG(s) 'weather_gold_v1' retrieved from /opt/airflow/dags/weather_gold_v1.py
[2025-10-13T13:47:51.422+0000] {logging_mixin.py:188} INFO - [2025-10-13T13:47:51.421+0000] {dag.py:3047} INFO - Sync 1 DAGs
[2025-10-13T13:47:51.492+0000] {logging_mixin.py:188} INFO - [2025-10-13T13:47:51.491+0000] {dag.py:3834} INFO - Setting next_dagrun for weather_gold_v1 to 2025-10-12 00:00:00+00:00, run_after=2025-10-19 00:00:00+00:00
[2025-10-13T13:47:51.575+0000] {processor.py:183} INFO - Processing /opt/airflow/dags/weather_gold_v1.py took 0.597 seconds
[2025-10-13T13:48:21.956+0000] {processor.py:161} INFO - Started process (PID=13449) to work on /opt/airflow/dags/weather_gold_v1.py
[2025-10-13T13:48:21.959+0000] {processor.py:830} INFO - Processing file /opt/airflow/dags/weather_gold_v1.py for tasks to queue
[2025-10-13T13:48:21.962+0000] {logging_mixin.py:188} INFO - [2025-10-13T13:48:21.961+0000] {dagbag.py:540} INFO - Filling up the DagBag from /opt/airflow/dags/weather_gold_v1.py
[2025-10-13T13:48:22.018+0000] {processor.py:840} INFO - DAG(s) 'weather_gold_v1' retrieved from /opt/airflow/dags/weather_gold_v1.py
[2025-10-13T13:48:22.144+0000] {logging_mixin.py:188} INFO - [2025-10-13T13:48:22.143+0000] {dag.py:3047} INFO - Sync 1 DAGs
[2025-10-13T13:48:22.225+0000] {logging_mixin.py:188} INFO - [2025-10-13T13:48:22.225+0000] {dag.py:3834} INFO - Setting next_dagrun for weather_gold_v1 to 2025-10-12 00:00:00+00:00, run_after=2025-10-19 00:00:00+00:00
[2025-10-13T13:48:22.322+0000] {processor.py:183} INFO - Processing /opt/airflow/dags/weather_gold_v1.py took 0.378 seconds
[2025-10-13T13:48:52.792+0000] {processor.py:161} INFO - Started process (PID=13464) to work on /opt/airflow/dags/weather_gold_v1.py
[2025-10-13T13:48:52.794+0000] {processor.py:830} INFO - Processing file /opt/airflow/dags/weather_gold_v1.py for tasks to queue
[2025-10-13T13:48:52.797+0000] {logging_mixin.py:188} INFO - [2025-10-13T13:48:52.796+0000] {dagbag.py:540} INFO - Filling up the DagBag from /opt/airflow/dags/weather_gold_v1.py
[2025-10-13T13:48:52.838+0000] {processor.py:840} INFO - DAG(s) 'weather_gold_v1' retrieved from /opt/airflow/dags/weather_gold_v1.py
[2025-10-13T13:48:52.953+0000] {logging_mixin.py:188} INFO - [2025-10-13T13:48:52.952+0000] {dag.py:3047} INFO - Sync 1 DAGs
[2025-10-13T13:48:53.022+0000] {logging_mixin.py:188} INFO - [2025-10-13T13:48:53.021+0000] {dag.py:3834} INFO - Setting next_dagrun for weather_gold_v1 to 2025-10-12 00:00:00+00:00, run_after=2025-10-19 00:00:00+00:00
[2025-10-13T13:48:53.100+0000] {processor.py:183} INFO - Processing /opt/airflow/dags/weather_gold_v1.py took 0.313 seconds
[2025-10-13T13:49:23.738+0000] {processor.py:161} INFO - Started process (PID=13479) to work on /opt/airflow/dags/weather_gold_v1.py
[2025-10-13T13:49:23.742+0000] {processor.py:830} INFO - Processing file /opt/airflow/dags/weather_gold_v1.py for tasks to queue
[2025-10-13T13:49:23.744+0000] {logging_mixin.py:188} INFO - [2025-10-13T13:49:23.743+0000] {dagbag.py:540} INFO - Filling up the DagBag from /opt/airflow/dags/weather_gold_v1.py
[2025-10-13T13:49:23.794+0000] {processor.py:840} INFO - DAG(s) 'weather_gold_v1' retrieved from /opt/airflow/dags/weather_gold_v1.py
[2025-10-13T13:49:23.894+0000] {logging_mixin.py:188} INFO - [2025-10-13T13:49:23.894+0000] {dag.py:3047} INFO - Sync 1 DAGs
[2025-10-13T13:49:23.958+0000] {logging_mixin.py:188} INFO - [2025-10-13T13:49:23.958+0000] {dag.py:3834} INFO - Setting next_dagrun for weather_gold_v1 to 2025-10-12 00:00:00+00:00, run_after=2025-10-19 00:00:00+00:00
[2025-10-13T13:49:24.029+0000] {processor.py:183} INFO - Processing /opt/airflow/dags/weather_gold_v1.py took 0.298 seconds
[2025-10-13T13:49:54.667+0000] {processor.py:161} INFO - Started process (PID=13494) to work on /opt/airflow/dags/weather_gold_v1.py
[2025-10-13T13:49:54.671+0000] {processor.py:830} INFO - Processing file /opt/airflow/dags/weather_gold_v1.py for tasks to queue
[2025-10-13T13:49:54.674+0000] {logging_mixin.py:188} INFO - [2025-10-13T13:49:54.673+0000] {dagbag.py:540} INFO - Filling up the DagBag from /opt/airflow/dags/weather_gold_v1.py
[2025-10-13T13:49:54.720+0000] {processor.py:840} INFO - DAG(s) 'weather_gold_v1' retrieved from /opt/airflow/dags/weather_gold_v1.py
[2025-10-13T13:49:54.828+0000] {logging_mixin.py:188} INFO - [2025-10-13T13:49:54.828+0000] {dag.py:3047} INFO - Sync 1 DAGs
[2025-10-13T13:49:54.896+0000] {logging_mixin.py:188} INFO - [2025-10-13T13:49:54.895+0000] {dag.py:3834} INFO - Setting next_dagrun for weather_gold_v1 to 2025-10-12 00:00:00+00:00, run_after=2025-10-19 00:00:00+00:00
[2025-10-13T13:49:54.964+0000] {processor.py:183} INFO - Processing /opt/airflow/dags/weather_gold_v1.py took 0.302 seconds
[2025-10-13T13:50:25.537+0000] {processor.py:161} INFO - Started process (PID=13509) to work on /opt/airflow/dags/weather_gold_v1.py
[2025-10-13T13:50:25.539+0000] {processor.py:830} INFO - Processing file /opt/airflow/dags/weather_gold_v1.py for tasks to queue
[2025-10-13T13:50:25.541+0000] {logging_mixin.py:188} INFO - [2025-10-13T13:50:25.541+0000] {dagbag.py:540} INFO - Filling up the DagBag from /opt/airflow/dags/weather_gold_v1.py
[2025-10-13T13:50:25.582+0000] {processor.py:840} INFO - DAG(s) 'weather_gold_v1' retrieved from /opt/airflow/dags/weather_gold_v1.py
[2025-10-13T13:50:25.675+0000] {logging_mixin.py:188} INFO - [2025-10-13T13:50:25.674+0000] {dag.py:3047} INFO - Sync 1 DAGs
[2025-10-13T13:50:25.734+0000] {logging_mixin.py:188} INFO - [2025-10-13T13:50:25.734+0000] {dag.py:3834} INFO - Setting next_dagrun for weather_gold_v1 to 2025-10-12 00:00:00+00:00, run_after=2025-10-19 00:00:00+00:00
[2025-10-13T13:50:25.809+0000] {processor.py:183} INFO - Processing /opt/airflow/dags/weather_gold_v1.py took 0.278 seconds
[2025-10-13T13:50:56.388+0000] {processor.py:161} INFO - Started process (PID=13524) to work on /opt/airflow/dags/weather_gold_v1.py
[2025-10-13T13:50:56.390+0000] {processor.py:830} INFO - Processing file /opt/airflow/dags/weather_gold_v1.py for tasks to queue
[2025-10-13T13:50:56.393+0000] {logging_mixin.py:188} INFO - [2025-10-13T13:50:56.391+0000] {dagbag.py:540} INFO - Filling up the DagBag from /opt/airflow/dags/weather_gold_v1.py
[2025-10-13T13:50:56.436+0000] {processor.py:840} INFO - DAG(s) 'weather_gold_v1' retrieved from /opt/airflow/dags/weather_gold_v1.py
[2025-10-13T13:50:56.543+0000] {logging_mixin.py:188} INFO - [2025-10-13T13:50:56.542+0000] {dag.py:3047} INFO - Sync 1 DAGs
[2025-10-13T13:50:56.633+0000] {logging_mixin.py:188} INFO - [2025-10-13T13:50:56.632+0000] {dag.py:3834} INFO - Setting next_dagrun for weather_gold_v1 to 2025-10-12 00:00:00+00:00, run_after=2025-10-19 00:00:00+00:00
[2025-10-13T13:50:56.754+0000] {processor.py:183} INFO - Processing /opt/airflow/dags/weather_gold_v1.py took 0.372 seconds
[2025-10-13T13:51:27.372+0000] {processor.py:161} INFO - Started process (PID=13539) to work on /opt/airflow/dags/weather_gold_v1.py
[2025-10-13T13:51:27.374+0000] {processor.py:830} INFO - Processing file /opt/airflow/dags/weather_gold_v1.py for tasks to queue
[2025-10-13T13:51:27.377+0000] {logging_mixin.py:188} INFO - [2025-10-13T13:51:27.376+0000] {dagbag.py:540} INFO - Filling up the DagBag from /opt/airflow/dags/weather_gold_v1.py
[2025-10-13T13:51:27.420+0000] {processor.py:840} INFO - DAG(s) 'weather_gold_v1' retrieved from /opt/airflow/dags/weather_gold_v1.py
[2025-10-13T13:51:27.532+0000] {logging_mixin.py:188} INFO - [2025-10-13T13:51:27.531+0000] {dag.py:3047} INFO - Sync 1 DAGs
[2025-10-13T13:51:27.616+0000] {logging_mixin.py:188} INFO - [2025-10-13T13:51:27.616+0000] {dag.py:3834} INFO - Setting next_dagrun for weather_gold_v1 to 2025-10-12 00:00:00+00:00, run_after=2025-10-19 00:00:00+00:00
[2025-10-13T13:51:27.775+0000] {processor.py:183} INFO - Processing /opt/airflow/dags/weather_gold_v1.py took 0.409 seconds
[2025-10-13T13:51:58.476+0000] {processor.py:161} INFO - Started process (PID=13554) to work on /opt/airflow/dags/weather_gold_v1.py
[2025-10-13T13:51:58.487+0000] {processor.py:830} INFO - Processing file /opt/airflow/dags/weather_gold_v1.py for tasks to queue
[2025-10-13T13:51:58.494+0000] {logging_mixin.py:188} INFO - [2025-10-13T13:51:58.492+0000] {dagbag.py:540} INFO - Filling up the DagBag from /opt/airflow/dags/weather_gold_v1.py
[2025-10-13T13:51:58.556+0000] {processor.py:840} INFO - DAG(s) 'weather_gold_v1' retrieved from /opt/airflow/dags/weather_gold_v1.py
[2025-10-13T13:51:58.722+0000] {logging_mixin.py:188} INFO - [2025-10-13T13:51:58.722+0000] {dag.py:3047} INFO - Sync 1 DAGs
[2025-10-13T13:51:58.832+0000] {logging_mixin.py:188} INFO - [2025-10-13T13:51:58.831+0000] {dag.py:3834} INFO - Setting next_dagrun for weather_gold_v1 to 2025-10-12 00:00:00+00:00, run_after=2025-10-19 00:00:00+00:00
[2025-10-13T13:51:58.933+0000] {processor.py:183} INFO - Processing /opt/airflow/dags/weather_gold_v1.py took 0.476 seconds
[2025-10-13T13:52:29.122+0000] {processor.py:161} INFO - Started process (PID=13569) to work on /opt/airflow/dags/weather_gold_v1.py
[2025-10-13T13:52:29.124+0000] {processor.py:830} INFO - Processing file /opt/airflow/dags/weather_gold_v1.py for tasks to queue
[2025-10-13T13:52:29.126+0000] {logging_mixin.py:188} INFO - [2025-10-13T13:52:29.126+0000] {dagbag.py:540} INFO - Filling up the DagBag from /opt/airflow/dags/weather_gold_v1.py
[2025-10-13T13:52:29.168+0000] {processor.py:840} INFO - DAG(s) 'weather_gold_v1' retrieved from /opt/airflow/dags/weather_gold_v1.py
[2025-10-13T13:52:29.273+0000] {logging_mixin.py:188} INFO - [2025-10-13T13:52:29.273+0000] {dag.py:3047} INFO - Sync 1 DAGs
[2025-10-13T13:52:29.344+0000] {logging_mixin.py:188} INFO - [2025-10-13T13:52:29.343+0000] {dag.py:3834} INFO - Setting next_dagrun for weather_gold_v1 to 2025-10-12 00:00:00+00:00, run_after=2025-10-19 00:00:00+00:00
[2025-10-13T13:52:29.423+0000] {processor.py:183} INFO - Processing /opt/airflow/dags/weather_gold_v1.py took 0.306 seconds
[2025-10-13T13:53:00.091+0000] {processor.py:161} INFO - Started process (PID=13584) to work on /opt/airflow/dags/weather_gold_v1.py
[2025-10-13T13:53:00.093+0000] {processor.py:830} INFO - Processing file /opt/airflow/dags/weather_gold_v1.py for tasks to queue
[2025-10-13T13:53:00.097+0000] {logging_mixin.py:188} INFO - [2025-10-13T13:53:00.096+0000] {dagbag.py:540} INFO - Filling up the DagBag from /opt/airflow/dags/weather_gold_v1.py
[2025-10-13T13:53:00.150+0000] {processor.py:840} INFO - DAG(s) 'weather_gold_v1' retrieved from /opt/airflow/dags/weather_gold_v1.py
[2025-10-13T13:53:00.276+0000] {logging_mixin.py:188} INFO - [2025-10-13T13:53:00.275+0000] {dag.py:3047} INFO - Sync 1 DAGs
[2025-10-13T13:53:00.361+0000] {logging_mixin.py:188} INFO - [2025-10-13T13:53:00.361+0000] {dag.py:3834} INFO - Setting next_dagrun for weather_gold_v1 to 2025-10-12 00:00:00+00:00, run_after=2025-10-19 00:00:00+00:00
[2025-10-13T13:53:00.455+0000] {processor.py:183} INFO - Processing /opt/airflow/dags/weather_gold_v1.py took 0.381 seconds
[2025-10-13T13:53:30.954+0000] {processor.py:161} INFO - Started process (PID=13599) to work on /opt/airflow/dags/weather_gold_v1.py
[2025-10-13T13:53:30.956+0000] {processor.py:830} INFO - Processing file /opt/airflow/dags/weather_gold_v1.py for tasks to queue
[2025-10-13T13:53:30.958+0000] {logging_mixin.py:188} INFO - [2025-10-13T13:53:30.957+0000] {dagbag.py:540} INFO - Filling up the DagBag from /opt/airflow/dags/weather_gold_v1.py
[2025-10-13T13:53:31.000+0000] {processor.py:840} INFO - DAG(s) 'weather_gold_v1' retrieved from /opt/airflow/dags/weather_gold_v1.py
[2025-10-13T13:53:31.101+0000] {logging_mixin.py:188} INFO - [2025-10-13T13:53:31.101+0000] {dag.py:3047} INFO - Sync 1 DAGs
[2025-10-13T13:53:31.169+0000] {logging_mixin.py:188} INFO - [2025-10-13T13:53:31.168+0000] {dag.py:3834} INFO - Setting next_dagrun for weather_gold_v1 to 2025-10-12 00:00:00+00:00, run_after=2025-10-19 00:00:00+00:00
[2025-10-13T13:53:31.249+0000] {processor.py:183} INFO - Processing /opt/airflow/dags/weather_gold_v1.py took 0.301 seconds
[2025-10-13T13:54:02.224+0000] {processor.py:161} INFO - Started process (PID=13614) to work on /opt/airflow/dags/weather_gold_v1.py
[2025-10-13T13:54:02.228+0000] {processor.py:830} INFO - Processing file /opt/airflow/dags/weather_gold_v1.py for tasks to queue
[2025-10-13T13:54:02.236+0000] {logging_mixin.py:188} INFO - [2025-10-13T13:54:02.235+0000] {dagbag.py:540} INFO - Filling up the DagBag from /opt/airflow/dags/weather_gold_v1.py
[2025-10-13T13:54:02.292+0000] {processor.py:840} INFO - DAG(s) 'weather_gold_v1' retrieved from /opt/airflow/dags/weather_gold_v1.py
[2025-10-13T13:54:02.423+0000] {logging_mixin.py:188} INFO - [2025-10-13T13:54:02.422+0000] {dag.py:3047} INFO - Sync 1 DAGs
[2025-10-13T13:54:02.505+0000] {logging_mixin.py:188} INFO - [2025-10-13T13:54:02.505+0000] {dag.py:3834} INFO - Setting next_dagrun for weather_gold_v1 to 2025-10-12 00:00:00+00:00, run_after=2025-10-19 00:00:00+00:00
[2025-10-13T13:54:02.586+0000] {processor.py:183} INFO - Processing /opt/airflow/dags/weather_gold_v1.py took 0.370 seconds
[2025-10-13T13:54:33.181+0000] {processor.py:161} INFO - Started process (PID=13629) to work on /opt/airflow/dags/weather_gold_v1.py
[2025-10-13T13:54:33.184+0000] {processor.py:830} INFO - Processing file /opt/airflow/dags/weather_gold_v1.py for tasks to queue
[2025-10-13T13:54:33.187+0000] {logging_mixin.py:188} INFO - [2025-10-13T13:54:33.186+0000] {dagbag.py:540} INFO - Filling up the DagBag from /opt/airflow/dags/weather_gold_v1.py
[2025-10-13T13:54:33.226+0000] {processor.py:840} INFO - DAG(s) 'weather_gold_v1' retrieved from /opt/airflow/dags/weather_gold_v1.py
[2025-10-13T13:54:33.342+0000] {logging_mixin.py:188} INFO - [2025-10-13T13:54:33.342+0000] {dag.py:3047} INFO - Sync 1 DAGs
[2025-10-13T13:54:33.428+0000] {logging_mixin.py:188} INFO - [2025-10-13T13:54:33.427+0000] {dag.py:3834} INFO - Setting next_dagrun for weather_gold_v1 to 2025-10-12 00:00:00+00:00, run_after=2025-10-19 00:00:00+00:00
[2025-10-13T13:54:33.533+0000] {processor.py:183} INFO - Processing /opt/airflow/dags/weather_gold_v1.py took 0.358 seconds
[2025-10-13T13:55:04.241+0000] {processor.py:161} INFO - Started process (PID=13644) to work on /opt/airflow/dags/weather_gold_v1.py
[2025-10-13T13:55:04.244+0000] {processor.py:830} INFO - Processing file /opt/airflow/dags/weather_gold_v1.py for tasks to queue
[2025-10-13T13:55:04.246+0000] {logging_mixin.py:188} INFO - [2025-10-13T13:55:04.245+0000] {dagbag.py:540} INFO - Filling up the DagBag from /opt/airflow/dags/weather_gold_v1.py
[2025-10-13T13:55:04.288+0000] {processor.py:840} INFO - DAG(s) 'weather_gold_v1' retrieved from /opt/airflow/dags/weather_gold_v1.py
[2025-10-13T13:55:04.394+0000] {logging_mixin.py:188} INFO - [2025-10-13T13:55:04.393+0000] {dag.py:3047} INFO - Sync 1 DAGs
[2025-10-13T13:55:04.450+0000] {logging_mixin.py:188} INFO - [2025-10-13T13:55:04.449+0000] {dag.py:3834} INFO - Setting next_dagrun for weather_gold_v1 to 2025-10-12 00:00:00+00:00, run_after=2025-10-19 00:00:00+00:00
[2025-10-13T13:55:04.571+0000] {processor.py:183} INFO - Processing /opt/airflow/dags/weather_gold_v1.py took 0.334 seconds
[2025-10-13T13:55:34.902+0000] {processor.py:161} INFO - Started process (PID=13659) to work on /opt/airflow/dags/weather_gold_v1.py
[2025-10-13T13:55:34.905+0000] {processor.py:830} INFO - Processing file /opt/airflow/dags/weather_gold_v1.py for tasks to queue
[2025-10-13T13:55:34.908+0000] {logging_mixin.py:188} INFO - [2025-10-13T13:55:34.907+0000] {dagbag.py:540} INFO - Filling up the DagBag from /opt/airflow/dags/weather_gold_v1.py
[2025-10-13T13:55:34.954+0000] {processor.py:840} INFO - DAG(s) 'weather_gold_v1' retrieved from /opt/airflow/dags/weather_gold_v1.py
[2025-10-13T13:55:35.070+0000] {logging_mixin.py:188} INFO - [2025-10-13T13:55:35.069+0000] {dag.py:3047} INFO - Sync 1 DAGs
[2025-10-13T13:55:35.172+0000] {logging_mixin.py:188} INFO - [2025-10-13T13:55:35.172+0000] {dag.py:3834} INFO - Setting next_dagrun for weather_gold_v1 to 2025-10-12 00:00:00+00:00, run_after=2025-10-19 00:00:00+00:00
[2025-10-13T13:55:35.336+0000] {processor.py:183} INFO - Processing /opt/airflow/dags/weather_gold_v1.py took 0.447 seconds
[2025-10-13T13:56:05.906+0000] {processor.py:161} INFO - Started process (PID=13674) to work on /opt/airflow/dags/weather_gold_v1.py
[2025-10-13T13:56:05.909+0000] {processor.py:830} INFO - Processing file /opt/airflow/dags/weather_gold_v1.py for tasks to queue
[2025-10-13T13:56:05.911+0000] {logging_mixin.py:188} INFO - [2025-10-13T13:56:05.910+0000] {dagbag.py:540} INFO - Filling up the DagBag from /opt/airflow/dags/weather_gold_v1.py
[2025-10-13T13:56:05.951+0000] {processor.py:840} INFO - DAG(s) 'weather_gold_v1' retrieved from /opt/airflow/dags/weather_gold_v1.py
[2025-10-13T13:56:06.057+0000] {logging_mixin.py:188} INFO - [2025-10-13T13:56:06.057+0000] {dag.py:3047} INFO - Sync 1 DAGs
[2025-10-13T13:56:06.122+0000] {logging_mixin.py:188} INFO - [2025-10-13T13:56:06.122+0000] {dag.py:3834} INFO - Setting next_dagrun for weather_gold_v1 to 2025-10-12 00:00:00+00:00, run_after=2025-10-19 00:00:00+00:00
[2025-10-13T13:56:06.225+0000] {processor.py:183} INFO - Processing /opt/airflow/dags/weather_gold_v1.py took 0.323 seconds
[2025-10-13T13:56:36.712+0000] {processor.py:161} INFO - Started process (PID=13689) to work on /opt/airflow/dags/weather_gold_v1.py
[2025-10-13T13:56:36.715+0000] {processor.py:830} INFO - Processing file /opt/airflow/dags/weather_gold_v1.py for tasks to queue
[2025-10-13T13:56:36.717+0000] {logging_mixin.py:188} INFO - [2025-10-13T13:56:36.717+0000] {dagbag.py:540} INFO - Filling up the DagBag from /opt/airflow/dags/weather_gold_v1.py
[2025-10-13T13:56:36.771+0000] {processor.py:840} INFO - DAG(s) 'weather_gold_v1' retrieved from /opt/airflow/dags/weather_gold_v1.py
[2025-10-13T13:56:36.905+0000] {logging_mixin.py:188} INFO - [2025-10-13T13:56:36.904+0000] {dag.py:3047} INFO - Sync 1 DAGs
[2025-10-13T13:56:37.020+0000] {logging_mixin.py:188} INFO - [2025-10-13T13:56:37.019+0000] {dag.py:3834} INFO - Setting next_dagrun for weather_gold_v1 to 2025-10-12 00:00:00+00:00, run_after=2025-10-19 00:00:00+00:00
[2025-10-13T13:56:37.156+0000] {processor.py:183} INFO - Processing /opt/airflow/dags/weather_gold_v1.py took 0.452 seconds
[2025-10-13T13:57:07.647+0000] {processor.py:161} INFO - Started process (PID=13704) to work on /opt/airflow/dags/weather_gold_v1.py
[2025-10-13T13:57:07.649+0000] {processor.py:830} INFO - Processing file /opt/airflow/dags/weather_gold_v1.py for tasks to queue
[2025-10-13T13:57:07.651+0000] {logging_mixin.py:188} INFO - [2025-10-13T13:57:07.650+0000] {dagbag.py:540} INFO - Filling up the DagBag from /opt/airflow/dags/weather_gold_v1.py
[2025-10-13T13:57:07.686+0000] {processor.py:840} INFO - DAG(s) 'weather_gold_v1' retrieved from /opt/airflow/dags/weather_gold_v1.py
[2025-10-13T13:57:07.761+0000] {logging_mixin.py:188} INFO - [2025-10-13T13:57:07.760+0000] {dag.py:3047} INFO - Sync 1 DAGs
[2025-10-13T13:57:07.836+0000] {logging_mixin.py:188} INFO - [2025-10-13T13:57:07.835+0000] {dag.py:3834} INFO - Setting next_dagrun for weather_gold_v1 to 2025-10-12 00:00:00+00:00, run_after=2025-10-19 00:00:00+00:00
[2025-10-13T13:57:07.903+0000] {processor.py:183} INFO - Processing /opt/airflow/dags/weather_gold_v1.py took 0.260 seconds
[2025-10-13T13:57:38.323+0000] {processor.py:161} INFO - Started process (PID=13719) to work on /opt/airflow/dags/weather_gold_v1.py
[2025-10-13T13:57:38.326+0000] {processor.py:830} INFO - Processing file /opt/airflow/dags/weather_gold_v1.py for tasks to queue
[2025-10-13T13:57:38.329+0000] {logging_mixin.py:188} INFO - [2025-10-13T13:57:38.328+0000] {dagbag.py:540} INFO - Filling up the DagBag from /opt/airflow/dags/weather_gold_v1.py
[2025-10-13T13:57:38.381+0000] {processor.py:840} INFO - DAG(s) 'weather_gold_v1' retrieved from /opt/airflow/dags/weather_gold_v1.py
[2025-10-13T13:57:38.491+0000] {logging_mixin.py:188} INFO - [2025-10-13T13:57:38.491+0000] {dag.py:3047} INFO - Sync 1 DAGs
[2025-10-13T13:57:38.554+0000] {logging_mixin.py:188} INFO - [2025-10-13T13:57:38.554+0000] {dag.py:3834} INFO - Setting next_dagrun for weather_gold_v1 to 2025-10-12 00:00:00+00:00, run_after=2025-10-19 00:00:00+00:00
[2025-10-13T13:57:38.663+0000] {processor.py:183} INFO - Processing /opt/airflow/dags/weather_gold_v1.py took 0.350 seconds
[2025-10-13T13:58:09.150+0000] {processor.py:161} INFO - Started process (PID=13734) to work on /opt/airflow/dags/weather_gold_v1.py
[2025-10-13T13:58:09.152+0000] {processor.py:830} INFO - Processing file /opt/airflow/dags/weather_gold_v1.py for tasks to queue
[2025-10-13T13:58:09.155+0000] {logging_mixin.py:188} INFO - [2025-10-13T13:58:09.154+0000] {dagbag.py:540} INFO - Filling up the DagBag from /opt/airflow/dags/weather_gold_v1.py
[2025-10-13T13:58:09.205+0000] {processor.py:840} INFO - DAG(s) 'weather_gold_v1' retrieved from /opt/airflow/dags/weather_gold_v1.py
[2025-10-13T13:58:09.302+0000] {logging_mixin.py:188} INFO - [2025-10-13T13:58:09.301+0000] {dag.py:3047} INFO - Sync 1 DAGs
[2025-10-13T13:58:09.362+0000] {logging_mixin.py:188} INFO - [2025-10-13T13:58:09.362+0000] {dag.py:3834} INFO - Setting next_dagrun for weather_gold_v1 to 2025-10-12 00:00:00+00:00, run_after=2025-10-19 00:00:00+00:00
[2025-10-13T13:58:09.431+0000] {processor.py:183} INFO - Processing /opt/airflow/dags/weather_gold_v1.py took 0.288 seconds
[2025-10-13T13:58:39.976+0000] {processor.py:161} INFO - Started process (PID=13749) to work on /opt/airflow/dags/weather_gold_v1.py
[2025-10-13T13:58:39.979+0000] {processor.py:830} INFO - Processing file /opt/airflow/dags/weather_gold_v1.py for tasks to queue
[2025-10-13T13:58:39.982+0000] {logging_mixin.py:188} INFO - [2025-10-13T13:58:39.981+0000] {dagbag.py:540} INFO - Filling up the DagBag from /opt/airflow/dags/weather_gold_v1.py
[2025-10-13T13:58:40.035+0000] {processor.py:840} INFO - DAG(s) 'weather_gold_v1' retrieved from /opt/airflow/dags/weather_gold_v1.py
[2025-10-13T13:58:40.156+0000] {logging_mixin.py:188} INFO - [2025-10-13T13:58:40.155+0000] {dag.py:3047} INFO - Sync 1 DAGs
[2025-10-13T13:58:40.231+0000] {logging_mixin.py:188} INFO - [2025-10-13T13:58:40.230+0000] {dag.py:3834} INFO - Setting next_dagrun for weather_gold_v1 to 2025-10-12 00:00:00+00:00, run_after=2025-10-19 00:00:00+00:00
[2025-10-13T13:58:40.318+0000] {processor.py:183} INFO - Processing /opt/airflow/dags/weather_gold_v1.py took 0.355 seconds
[2025-10-13T13:59:10.428+0000] {processor.py:161} INFO - Started process (PID=13764) to work on /opt/airflow/dags/weather_gold_v1.py
[2025-10-13T13:59:10.433+0000] {processor.py:830} INFO - Processing file /opt/airflow/dags/weather_gold_v1.py for tasks to queue
[2025-10-13T13:59:10.438+0000] {logging_mixin.py:188} INFO - [2025-10-13T13:59:10.436+0000] {dagbag.py:540} INFO - Filling up the DagBag from /opt/airflow/dags/weather_gold_v1.py
[2025-10-13T13:59:10.481+0000] {processor.py:840} INFO - DAG(s) 'weather_gold_v1' retrieved from /opt/airflow/dags/weather_gold_v1.py
[2025-10-13T13:59:10.566+0000] {logging_mixin.py:188} INFO - [2025-10-13T13:59:10.566+0000] {dag.py:3047} INFO - Sync 1 DAGs
[2025-10-13T13:59:10.624+0000] {logging_mixin.py:188} INFO - [2025-10-13T13:59:10.623+0000] {dag.py:3834} INFO - Setting next_dagrun for weather_gold_v1 to 2025-10-12 00:00:00+00:00, run_after=2025-10-19 00:00:00+00:00
[2025-10-13T13:59:10.705+0000] {processor.py:183} INFO - Processing /opt/airflow/dags/weather_gold_v1.py took 0.284 seconds
[2025-10-13T13:59:41.260+0000] {processor.py:161} INFO - Started process (PID=13779) to work on /opt/airflow/dags/weather_gold_v1.py
[2025-10-13T13:59:41.263+0000] {processor.py:830} INFO - Processing file /opt/airflow/dags/weather_gold_v1.py for tasks to queue
[2025-10-13T13:59:41.267+0000] {logging_mixin.py:188} INFO - [2025-10-13T13:59:41.265+0000] {dagbag.py:540} INFO - Filling up the DagBag from /opt/airflow/dags/weather_gold_v1.py
[2025-10-13T13:59:41.331+0000] {processor.py:840} INFO - DAG(s) 'weather_gold_v1' retrieved from /opt/airflow/dags/weather_gold_v1.py
[2025-10-13T13:59:41.442+0000] {logging_mixin.py:188} INFO - [2025-10-13T13:59:41.442+0000] {dag.py:3047} INFO - Sync 1 DAGs
[2025-10-13T13:59:41.527+0000] {logging_mixin.py:188} INFO - [2025-10-13T13:59:41.526+0000] {dag.py:3834} INFO - Setting next_dagrun for weather_gold_v1 to 2025-10-12 00:00:00+00:00, run_after=2025-10-19 00:00:00+00:00
[2025-10-13T13:59:41.696+0000] {processor.py:183} INFO - Processing /opt/airflow/dags/weather_gold_v1.py took 0.443 seconds
[2025-10-13T14:00:12.554+0000] {processor.py:161} INFO - Started process (PID=13794) to work on /opt/airflow/dags/weather_gold_v1.py
[2025-10-13T14:00:12.556+0000] {processor.py:830} INFO - Processing file /opt/airflow/dags/weather_gold_v1.py for tasks to queue
[2025-10-13T14:00:12.559+0000] {logging_mixin.py:188} INFO - [2025-10-13T14:00:12.558+0000] {dagbag.py:540} INFO - Filling up the DagBag from /opt/airflow/dags/weather_gold_v1.py
[2025-10-13T14:00:12.612+0000] {processor.py:840} INFO - DAG(s) 'weather_gold_v1' retrieved from /opt/airflow/dags/weather_gold_v1.py
[2025-10-13T14:00:12.722+0000] {logging_mixin.py:188} INFO - [2025-10-13T14:00:12.721+0000] {dag.py:3047} INFO - Sync 1 DAGs
[2025-10-13T14:00:12.796+0000] {logging_mixin.py:188} INFO - [2025-10-13T14:00:12.796+0000] {dag.py:3834} INFO - Setting next_dagrun for weather_gold_v1 to 2025-10-12 00:00:00+00:00, run_after=2025-10-19 00:00:00+00:00
[2025-10-13T14:00:12.877+0000] {processor.py:183} INFO - Processing /opt/airflow/dags/weather_gold_v1.py took 0.330 seconds
[2025-10-13T14:00:43.089+0000] {processor.py:161} INFO - Started process (PID=13809) to work on /opt/airflow/dags/weather_gold_v1.py
[2025-10-13T14:00:43.090+0000] {processor.py:830} INFO - Processing file /opt/airflow/dags/weather_gold_v1.py for tasks to queue
[2025-10-13T14:00:43.093+0000] {logging_mixin.py:188} INFO - [2025-10-13T14:00:43.092+0000] {dagbag.py:540} INFO - Filling up the DagBag from /opt/airflow/dags/weather_gold_v1.py
[2025-10-13T14:00:43.126+0000] {processor.py:840} INFO - DAG(s) 'weather_gold_v1' retrieved from /opt/airflow/dags/weather_gold_v1.py
[2025-10-13T14:00:43.208+0000] {logging_mixin.py:188} INFO - [2025-10-13T14:00:43.208+0000] {dag.py:3047} INFO - Sync 1 DAGs
[2025-10-13T14:00:43.259+0000] {logging_mixin.py:188} INFO - [2025-10-13T14:00:43.258+0000] {dag.py:3834} INFO - Setting next_dagrun for weather_gold_v1 to 2025-10-12 00:00:00+00:00, run_after=2025-10-19 00:00:00+00:00
[2025-10-13T14:00:43.339+0000] {processor.py:183} INFO - Processing /opt/airflow/dags/weather_gold_v1.py took 0.254 seconds
[2025-10-13T14:01:13.926+0000] {processor.py:161} INFO - Started process (PID=13824) to work on /opt/airflow/dags/weather_gold_v1.py
[2025-10-13T14:01:13.928+0000] {processor.py:830} INFO - Processing file /opt/airflow/dags/weather_gold_v1.py for tasks to queue
[2025-10-13T14:01:13.931+0000] {logging_mixin.py:188} INFO - [2025-10-13T14:01:13.930+0000] {dagbag.py:540} INFO - Filling up the DagBag from /opt/airflow/dags/weather_gold_v1.py
[2025-10-13T14:01:13.977+0000] {processor.py:840} INFO - DAG(s) 'weather_gold_v1' retrieved from /opt/airflow/dags/weather_gold_v1.py
[2025-10-13T14:01:14.083+0000] {logging_mixin.py:188} INFO - [2025-10-13T14:01:14.083+0000] {dag.py:3047} INFO - Sync 1 DAGs
[2025-10-13T14:01:14.153+0000] {logging_mixin.py:188} INFO - [2025-10-13T14:01:14.153+0000] {dag.py:3834} INFO - Setting next_dagrun for weather_gold_v1 to 2025-10-12 00:00:00+00:00, run_after=2025-10-19 00:00:00+00:00
[2025-10-13T14:01:14.230+0000] {processor.py:183} INFO - Processing /opt/airflow/dags/weather_gold_v1.py took 0.309 seconds
[2025-10-13T14:01:44.841+0000] {processor.py:161} INFO - Started process (PID=13839) to work on /opt/airflow/dags/weather_gold_v1.py
[2025-10-13T14:01:44.845+0000] {processor.py:830} INFO - Processing file /opt/airflow/dags/weather_gold_v1.py for tasks to queue
[2025-10-13T14:01:44.848+0000] {logging_mixin.py:188} INFO - [2025-10-13T14:01:44.847+0000] {dagbag.py:540} INFO - Filling up the DagBag from /opt/airflow/dags/weather_gold_v1.py
[2025-10-13T14:01:44.917+0000] {processor.py:840} INFO - DAG(s) 'weather_gold_v1' retrieved from /opt/airflow/dags/weather_gold_v1.py
[2025-10-13T14:01:45.050+0000] {logging_mixin.py:188} INFO - [2025-10-13T14:01:45.049+0000] {dag.py:3047} INFO - Sync 1 DAGs
[2025-10-13T14:01:45.114+0000] {logging_mixin.py:188} INFO - [2025-10-13T14:01:45.113+0000] {dag.py:3834} INFO - Setting next_dagrun for weather_gold_v1 to 2025-10-12 00:00:00+00:00, run_after=2025-10-19 00:00:00+00:00
[2025-10-13T14:01:45.203+0000] {processor.py:183} INFO - Processing /opt/airflow/dags/weather_gold_v1.py took 0.370 seconds
[2025-10-13T14:02:15.418+0000] {processor.py:161} INFO - Started process (PID=13854) to work on /opt/airflow/dags/weather_gold_v1.py
[2025-10-13T14:02:15.421+0000] {processor.py:830} INFO - Processing file /opt/airflow/dags/weather_gold_v1.py for tasks to queue
[2025-10-13T14:02:15.424+0000] {logging_mixin.py:188} INFO - [2025-10-13T14:02:15.423+0000] {dagbag.py:540} INFO - Filling up the DagBag from /opt/airflow/dags/weather_gold_v1.py
[2025-10-13T14:02:15.470+0000] {processor.py:840} INFO - DAG(s) 'weather_gold_v1' retrieved from /opt/airflow/dags/weather_gold_v1.py
[2025-10-13T14:02:15.576+0000] {logging_mixin.py:188} INFO - [2025-10-13T14:02:15.575+0000] {dag.py:3047} INFO - Sync 1 DAGs
[2025-10-13T14:02:15.658+0000] {logging_mixin.py:188} INFO - [2025-10-13T14:02:15.657+0000] {dag.py:3834} INFO - Setting next_dagrun for weather_gold_v1 to 2025-10-12 00:00:00+00:00, run_after=2025-10-19 00:00:00+00:00
[2025-10-13T14:02:15.760+0000] {processor.py:183} INFO - Processing /opt/airflow/dags/weather_gold_v1.py took 0.355 seconds
[2025-10-13T14:02:46.241+0000] {processor.py:161} INFO - Started process (PID=13869) to work on /opt/airflow/dags/weather_gold_v1.py
[2025-10-13T14:02:46.243+0000] {processor.py:830} INFO - Processing file /opt/airflow/dags/weather_gold_v1.py for tasks to queue
[2025-10-13T14:02:46.245+0000] {logging_mixin.py:188} INFO - [2025-10-13T14:02:46.245+0000] {dagbag.py:540} INFO - Filling up the DagBag from /opt/airflow/dags/weather_gold_v1.py
[2025-10-13T14:02:46.285+0000] {processor.py:840} INFO - DAG(s) 'weather_gold_v1' retrieved from /opt/airflow/dags/weather_gold_v1.py
[2025-10-13T14:02:46.379+0000] {logging_mixin.py:188} INFO - [2025-10-13T14:02:46.379+0000] {dag.py:3047} INFO - Sync 1 DAGs
[2025-10-13T14:02:46.455+0000] {logging_mixin.py:188} INFO - [2025-10-13T14:02:46.455+0000] {dag.py:3834} INFO - Setting next_dagrun for weather_gold_v1 to 2025-10-12 00:00:00+00:00, run_after=2025-10-19 00:00:00+00:00
[2025-10-13T14:02:46.532+0000] {processor.py:183} INFO - Processing /opt/airflow/dags/weather_gold_v1.py took 0.300 seconds
[2025-10-13T14:03:17.100+0000] {processor.py:161} INFO - Started process (PID=13884) to work on /opt/airflow/dags/weather_gold_v1.py
[2025-10-13T14:03:17.103+0000] {processor.py:830} INFO - Processing file /opt/airflow/dags/weather_gold_v1.py for tasks to queue
[2025-10-13T14:03:17.108+0000] {logging_mixin.py:188} INFO - [2025-10-13T14:03:17.106+0000] {dagbag.py:540} INFO - Filling up the DagBag from /opt/airflow/dags/weather_gold_v1.py
[2025-10-13T14:03:17.150+0000] {processor.py:840} INFO - DAG(s) 'weather_gold_v1' retrieved from /opt/airflow/dags/weather_gold_v1.py
[2025-10-13T14:03:17.236+0000] {logging_mixin.py:188} INFO - [2025-10-13T14:03:17.236+0000] {dag.py:3047} INFO - Sync 1 DAGs
[2025-10-13T14:03:17.303+0000] {logging_mixin.py:188} INFO - [2025-10-13T14:03:17.303+0000] {dag.py:3834} INFO - Setting next_dagrun for weather_gold_v1 to 2025-10-12 00:00:00+00:00, run_after=2025-10-19 00:00:00+00:00
[2025-10-13T14:03:17.385+0000] {processor.py:183} INFO - Processing /opt/airflow/dags/weather_gold_v1.py took 0.298 seconds
[2025-10-13T14:03:47.946+0000] {processor.py:161} INFO - Started process (PID=13899) to work on /opt/airflow/dags/weather_gold_v1.py
[2025-10-13T14:03:47.948+0000] {processor.py:830} INFO - Processing file /opt/airflow/dags/weather_gold_v1.py for tasks to queue
[2025-10-13T14:03:47.950+0000] {logging_mixin.py:188} INFO - [2025-10-13T14:03:47.950+0000] {dagbag.py:540} INFO - Filling up the DagBag from /opt/airflow/dags/weather_gold_v1.py
[2025-10-13T14:03:47.998+0000] {processor.py:840} INFO - DAG(s) 'weather_gold_v1' retrieved from /opt/airflow/dags/weather_gold_v1.py
[2025-10-13T14:03:48.093+0000] {logging_mixin.py:188} INFO - [2025-10-13T14:03:48.092+0000] {dag.py:3047} INFO - Sync 1 DAGs
[2025-10-13T14:03:48.152+0000] {logging_mixin.py:188} INFO - [2025-10-13T14:03:48.151+0000] {dag.py:3834} INFO - Setting next_dagrun for weather_gold_v1 to 2025-10-12 00:00:00+00:00, run_after=2025-10-19 00:00:00+00:00
[2025-10-13T14:03:48.261+0000] {processor.py:183} INFO - Processing /opt/airflow/dags/weather_gold_v1.py took 0.322 seconds
[2025-10-13T14:04:19.089+0000] {processor.py:161} INFO - Started process (PID=13914) to work on /opt/airflow/dags/weather_gold_v1.py
[2025-10-13T14:04:19.091+0000] {processor.py:830} INFO - Processing file /opt/airflow/dags/weather_gold_v1.py for tasks to queue
[2025-10-13T14:04:19.093+0000] {logging_mixin.py:188} INFO - [2025-10-13T14:04:19.092+0000] {dagbag.py:540} INFO - Filling up the DagBag from /opt/airflow/dags/weather_gold_v1.py
[2025-10-13T14:04:19.123+0000] {processor.py:840} INFO - DAG(s) 'weather_gold_v1' retrieved from /opt/airflow/dags/weather_gold_v1.py
[2025-10-13T14:04:19.188+0000] {logging_mixin.py:188} INFO - [2025-10-13T14:04:19.188+0000] {dag.py:3047} INFO - Sync 1 DAGs
[2025-10-13T14:04:19.239+0000] {logging_mixin.py:188} INFO - [2025-10-13T14:04:19.238+0000] {dag.py:3834} INFO - Setting next_dagrun for weather_gold_v1 to 2025-10-12 00:00:00+00:00, run_after=2025-10-19 00:00:00+00:00
[2025-10-13T14:04:19.296+0000] {processor.py:183} INFO - Processing /opt/airflow/dags/weather_gold_v1.py took 0.211 seconds
[2025-10-13T14:04:49.913+0000] {processor.py:161} INFO - Started process (PID=13929) to work on /opt/airflow/dags/weather_gold_v1.py
[2025-10-13T14:04:49.915+0000] {processor.py:830} INFO - Processing file /opt/airflow/dags/weather_gold_v1.py for tasks to queue
[2025-10-13T14:04:49.918+0000] {logging_mixin.py:188} INFO - [2025-10-13T14:04:49.917+0000] {dagbag.py:540} INFO - Filling up the DagBag from /opt/airflow/dags/weather_gold_v1.py
[2025-10-13T14:04:49.967+0000] {processor.py:840} INFO - DAG(s) 'weather_gold_v1' retrieved from /opt/airflow/dags/weather_gold_v1.py
[2025-10-13T14:04:50.077+0000] {logging_mixin.py:188} INFO - [2025-10-13T14:04:50.076+0000] {dag.py:3047} INFO - Sync 1 DAGs
[2025-10-13T14:04:50.163+0000] {logging_mixin.py:188} INFO - [2025-10-13T14:04:50.163+0000] {dag.py:3834} INFO - Setting next_dagrun for weather_gold_v1 to 2025-10-12 00:00:00+00:00, run_after=2025-10-19 00:00:00+00:00
[2025-10-13T14:04:50.233+0000] {processor.py:183} INFO - Processing /opt/airflow/dags/weather_gold_v1.py took 0.329 seconds
[2025-10-13T14:05:20.751+0000] {processor.py:161} INFO - Started process (PID=13944) to work on /opt/airflow/dags/weather_gold_v1.py
[2025-10-13T14:05:20.753+0000] {processor.py:830} INFO - Processing file /opt/airflow/dags/weather_gold_v1.py for tasks to queue
[2025-10-13T14:05:20.755+0000] {logging_mixin.py:188} INFO - [2025-10-13T14:05:20.754+0000] {dagbag.py:540} INFO - Filling up the DagBag from /opt/airflow/dags/weather_gold_v1.py
[2025-10-13T14:05:20.797+0000] {processor.py:840} INFO - DAG(s) 'weather_gold_v1' retrieved from /opt/airflow/dags/weather_gold_v1.py
[2025-10-13T14:05:20.890+0000] {logging_mixin.py:188} INFO - [2025-10-13T14:05:20.889+0000] {dag.py:3047} INFO - Sync 1 DAGs
[2025-10-13T14:05:20.957+0000] {logging_mixin.py:188} INFO - [2025-10-13T14:05:20.957+0000] {dag.py:3834} INFO - Setting next_dagrun for weather_gold_v1 to 2025-10-12 00:00:00+00:00, run_after=2025-10-19 00:00:00+00:00
[2025-10-13T14:05:21.064+0000] {processor.py:183} INFO - Processing /opt/airflow/dags/weather_gold_v1.py took 0.319 seconds
[2025-10-13T14:05:51.171+0000] {processor.py:161} INFO - Started process (PID=13959) to work on /opt/airflow/dags/weather_gold_v1.py
[2025-10-13T14:05:51.173+0000] {processor.py:830} INFO - Processing file /opt/airflow/dags/weather_gold_v1.py for tasks to queue
[2025-10-13T14:05:51.175+0000] {logging_mixin.py:188} INFO - [2025-10-13T14:05:51.175+0000] {dagbag.py:540} INFO - Filling up the DagBag from /opt/airflow/dags/weather_gold_v1.py
[2025-10-13T14:05:51.213+0000] {processor.py:840} INFO - DAG(s) 'weather_gold_v1' retrieved from /opt/airflow/dags/weather_gold_v1.py
[2025-10-13T14:05:51.301+0000] {logging_mixin.py:188} INFO - [2025-10-13T14:05:51.300+0000] {dag.py:3047} INFO - Sync 1 DAGs
[2025-10-13T14:05:51.364+0000] {logging_mixin.py:188} INFO - [2025-10-13T14:05:51.363+0000] {dag.py:3834} INFO - Setting next_dagrun for weather_gold_v1 to 2025-10-12 00:00:00+00:00, run_after=2025-10-19 00:00:00+00:00
[2025-10-13T14:05:51.425+0000] {processor.py:183} INFO - Processing /opt/airflow/dags/weather_gold_v1.py took 0.258 seconds
[2025-10-13T14:06:21.727+0000] {processor.py:161} INFO - Started process (PID=13974) to work on /opt/airflow/dags/weather_gold_v1.py
[2025-10-13T14:06:21.730+0000] {processor.py:830} INFO - Processing file /opt/airflow/dags/weather_gold_v1.py for tasks to queue
[2025-10-13T14:06:21.734+0000] {logging_mixin.py:188} INFO - [2025-10-13T14:06:21.733+0000] {dagbag.py:540} INFO - Filling up the DagBag from /opt/airflow/dags/weather_gold_v1.py
[2025-10-13T14:06:21.794+0000] {processor.py:840} INFO - DAG(s) 'weather_gold_v1' retrieved from /opt/airflow/dags/weather_gold_v1.py
[2025-10-13T14:06:22.099+0000] {logging_mixin.py:188} INFO - [2025-10-13T14:06:22.093+0000] {dag.py:3047} INFO - Sync 1 DAGs
[2025-10-13T14:06:22.206+0000] {logging_mixin.py:188} INFO - [2025-10-13T14:06:22.206+0000] {dag.py:3834} INFO - Setting next_dagrun for weather_gold_v1 to 2025-10-12 00:00:00+00:00, run_after=2025-10-19 00:00:00+00:00
[2025-10-13T14:06:22.285+0000] {processor.py:183} INFO - Processing /opt/airflow/dags/weather_gold_v1.py took 0.563 seconds
[2025-10-13T14:06:52.453+0000] {processor.py:161} INFO - Started process (PID=13989) to work on /opt/airflow/dags/weather_gold_v1.py
[2025-10-13T14:06:52.456+0000] {processor.py:830} INFO - Processing file /opt/airflow/dags/weather_gold_v1.py for tasks to queue
[2025-10-13T14:06:52.459+0000] {logging_mixin.py:188} INFO - [2025-10-13T14:06:52.458+0000] {dagbag.py:540} INFO - Filling up the DagBag from /opt/airflow/dags/weather_gold_v1.py
[2025-10-13T14:06:52.523+0000] {processor.py:840} INFO - DAG(s) 'weather_gold_v1' retrieved from /opt/airflow/dags/weather_gold_v1.py
[2025-10-13T14:06:52.842+0000] {logging_mixin.py:188} INFO - [2025-10-13T14:06:52.841+0000] {dag.py:3047} INFO - Sync 1 DAGs
[2025-10-13T14:06:52.958+0000] {logging_mixin.py:188} INFO - [2025-10-13T14:06:52.957+0000] {dag.py:3834} INFO - Setting next_dagrun for weather_gold_v1 to 2025-10-12 00:00:00+00:00, run_after=2025-10-19 00:00:00+00:00
[2025-10-13T14:06:53.057+0000] {processor.py:183} INFO - Processing /opt/airflow/dags/weather_gold_v1.py took 0.611 seconds
[2025-10-13T14:07:23.337+0000] {processor.py:161} INFO - Started process (PID=14004) to work on /opt/airflow/dags/weather_gold_v1.py
[2025-10-13T14:07:23.340+0000] {processor.py:830} INFO - Processing file /opt/airflow/dags/weather_gold_v1.py for tasks to queue
[2025-10-13T14:07:23.342+0000] {logging_mixin.py:188} INFO - [2025-10-13T14:07:23.342+0000] {dagbag.py:540} INFO - Filling up the DagBag from /opt/airflow/dags/weather_gold_v1.py
[2025-10-13T14:07:23.383+0000] {processor.py:840} INFO - DAG(s) 'weather_gold_v1' retrieved from /opt/airflow/dags/weather_gold_v1.py
[2025-10-13T14:07:23.481+0000] {logging_mixin.py:188} INFO - [2025-10-13T14:07:23.480+0000] {dag.py:3047} INFO - Sync 1 DAGs
[2025-10-13T14:07:23.538+0000] {logging_mixin.py:188} INFO - [2025-10-13T14:07:23.538+0000] {dag.py:3834} INFO - Setting next_dagrun for weather_gold_v1 to 2025-10-12 00:00:00+00:00, run_after=2025-10-19 00:00:00+00:00
[2025-10-13T14:07:23.606+0000] {processor.py:183} INFO - Processing /opt/airflow/dags/weather_gold_v1.py took 0.277 seconds
[2025-10-13T14:07:53.926+0000] {processor.py:161} INFO - Started process (PID=14019) to work on /opt/airflow/dags/weather_gold_v1.py
[2025-10-13T14:07:53.928+0000] {processor.py:830} INFO - Processing file /opt/airflow/dags/weather_gold_v1.py for tasks to queue
[2025-10-13T14:07:53.932+0000] {logging_mixin.py:188} INFO - [2025-10-13T14:07:53.931+0000] {dagbag.py:540} INFO - Filling up the DagBag from /opt/airflow/dags/weather_gold_v1.py
[2025-10-13T14:07:53.960+0000] {processor.py:840} INFO - DAG(s) 'weather_gold_v1' retrieved from /opt/airflow/dags/weather_gold_v1.py
[2025-10-13T14:07:54.029+0000] {logging_mixin.py:188} INFO - [2025-10-13T14:07:54.028+0000] {dag.py:3047} INFO - Sync 1 DAGs
[2025-10-13T14:07:54.075+0000] {logging_mixin.py:188} INFO - [2025-10-13T14:07:54.074+0000] {dag.py:3834} INFO - Setting next_dagrun for weather_gold_v1 to 2025-10-12 00:00:00+00:00, run_after=2025-10-19 00:00:00+00:00
[2025-10-13T14:07:54.138+0000] {processor.py:183} INFO - Processing /opt/airflow/dags/weather_gold_v1.py took 0.216 seconds
[2025-10-13T14:08:24.657+0000] {processor.py:161} INFO - Started process (PID=14034) to work on /opt/airflow/dags/weather_gold_v1.py
[2025-10-13T14:08:24.659+0000] {processor.py:830} INFO - Processing file /opt/airflow/dags/weather_gold_v1.py for tasks to queue
[2025-10-13T14:08:24.663+0000] {logging_mixin.py:188} INFO - [2025-10-13T14:08:24.661+0000] {dagbag.py:540} INFO - Filling up the DagBag from /opt/airflow/dags/weather_gold_v1.py
[2025-10-13T14:08:24.716+0000] {processor.py:840} INFO - DAG(s) 'weather_gold_v1' retrieved from /opt/airflow/dags/weather_gold_v1.py
[2025-10-13T14:08:24.873+0000] {logging_mixin.py:188} INFO - [2025-10-13T14:08:24.872+0000] {dag.py:3047} INFO - Sync 1 DAGs
[2025-10-13T14:08:24.983+0000] {logging_mixin.py:188} INFO - [2025-10-13T14:08:24.982+0000] {dag.py:3834} INFO - Setting next_dagrun for weather_gold_v1 to 2025-10-12 00:00:00+00:00, run_after=2025-10-19 00:00:00+00:00
[2025-10-13T14:08:25.088+0000] {processor.py:183} INFO - Processing /opt/airflow/dags/weather_gold_v1.py took 0.438 seconds
[2025-10-13T14:08:55.611+0000] {processor.py:161} INFO - Started process (PID=14049) to work on /opt/airflow/dags/weather_gold_v1.py
[2025-10-13T14:08:55.613+0000] {processor.py:830} INFO - Processing file /opt/airflow/dags/weather_gold_v1.py for tasks to queue
[2025-10-13T14:08:55.617+0000] {logging_mixin.py:188} INFO - [2025-10-13T14:08:55.616+0000] {dagbag.py:540} INFO - Filling up the DagBag from /opt/airflow/dags/weather_gold_v1.py
[2025-10-13T14:08:55.666+0000] {processor.py:840} INFO - DAG(s) 'weather_gold_v1' retrieved from /opt/airflow/dags/weather_gold_v1.py
[2025-10-13T14:08:55.777+0000] {logging_mixin.py:188} INFO - [2025-10-13T14:08:55.776+0000] {dag.py:3047} INFO - Sync 1 DAGs
[2025-10-13T14:08:55.855+0000] {logging_mixin.py:188} INFO - [2025-10-13T14:08:55.854+0000] {dag.py:3834} INFO - Setting next_dagrun for weather_gold_v1 to 2025-10-12 00:00:00+00:00, run_after=2025-10-19 00:00:00+00:00
[2025-10-13T14:08:55.963+0000] {processor.py:183} INFO - Processing /opt/airflow/dags/weather_gold_v1.py took 0.360 seconds
[2025-10-13T14:09:26.665+0000] {processor.py:161} INFO - Started process (PID=14064) to work on /opt/airflow/dags/weather_gold_v1.py
[2025-10-13T14:09:26.668+0000] {processor.py:830} INFO - Processing file /opt/airflow/dags/weather_gold_v1.py for tasks to queue
[2025-10-13T14:09:26.670+0000] {logging_mixin.py:188} INFO - [2025-10-13T14:09:26.670+0000] {dagbag.py:540} INFO - Filling up the DagBag from /opt/airflow/dags/weather_gold_v1.py
[2025-10-13T14:09:26.718+0000] {processor.py:840} INFO - DAG(s) 'weather_gold_v1' retrieved from /opt/airflow/dags/weather_gold_v1.py
[2025-10-13T14:09:26.820+0000] {logging_mixin.py:188} INFO - [2025-10-13T14:09:26.820+0000] {dag.py:3047} INFO - Sync 1 DAGs
[2025-10-13T14:09:26.898+0000] {logging_mixin.py:188} INFO - [2025-10-13T14:09:26.897+0000] {dag.py:3834} INFO - Setting next_dagrun for weather_gold_v1 to 2025-10-12 00:00:00+00:00, run_after=2025-10-19 00:00:00+00:00
[2025-10-13T14:09:26.991+0000] {processor.py:183} INFO - Processing /opt/airflow/dags/weather_gold_v1.py took 0.330 seconds
[2025-10-13T14:09:57.487+0000] {processor.py:161} INFO - Started process (PID=14079) to work on /opt/airflow/dags/weather_gold_v1.py
[2025-10-13T14:09:57.491+0000] {processor.py:830} INFO - Processing file /opt/airflow/dags/weather_gold_v1.py for tasks to queue
[2025-10-13T14:09:57.495+0000] {logging_mixin.py:188} INFO - [2025-10-13T14:09:57.494+0000] {dagbag.py:540} INFO - Filling up the DagBag from /opt/airflow/dags/weather_gold_v1.py
[2025-10-13T14:09:57.541+0000] {processor.py:840} INFO - DAG(s) 'weather_gold_v1' retrieved from /opt/airflow/dags/weather_gold_v1.py
[2025-10-13T14:09:57.649+0000] {logging_mixin.py:188} INFO - [2025-10-13T14:09:57.649+0000] {dag.py:3047} INFO - Sync 1 DAGs
[2025-10-13T14:09:57.719+0000] {logging_mixin.py:188} INFO - [2025-10-13T14:09:57.719+0000] {dag.py:3834} INFO - Setting next_dagrun for weather_gold_v1 to 2025-10-12 00:00:00+00:00, run_after=2025-10-19 00:00:00+00:00
[2025-10-13T14:09:57.820+0000] {processor.py:183} INFO - Processing /opt/airflow/dags/weather_gold_v1.py took 0.342 seconds
[2025-10-13T14:10:28.445+0000] {processor.py:161} INFO - Started process (PID=14094) to work on /opt/airflow/dags/weather_gold_v1.py
[2025-10-13T14:10:28.449+0000] {processor.py:830} INFO - Processing file /opt/airflow/dags/weather_gold_v1.py for tasks to queue
[2025-10-13T14:10:28.463+0000] {logging_mixin.py:188} INFO - [2025-10-13T14:10:28.461+0000] {dagbag.py:540} INFO - Filling up the DagBag from /opt/airflow/dags/weather_gold_v1.py
[2025-10-13T14:10:28.569+0000] {processor.py:840} INFO - DAG(s) 'weather_gold_v1' retrieved from /opt/airflow/dags/weather_gold_v1.py
[2025-10-13T14:10:28.893+0000] {logging_mixin.py:188} INFO - [2025-10-13T14:10:28.892+0000] {dag.py:3047} INFO - Sync 1 DAGs
[2025-10-13T14:10:28.969+0000] {logging_mixin.py:188} INFO - [2025-10-13T14:10:28.968+0000] {dag.py:3834} INFO - Setting next_dagrun for weather_gold_v1 to 2025-10-12 00:00:00+00:00, run_after=2025-10-19 00:00:00+00:00
[2025-10-13T14:10:29.068+0000] {processor.py:183} INFO - Processing /opt/airflow/dags/weather_gold_v1.py took 0.640 seconds
[2025-10-13T14:10:59.587+0000] {processor.py:161} INFO - Started process (PID=14109) to work on /opt/airflow/dags/weather_gold_v1.py
[2025-10-13T14:10:59.590+0000] {processor.py:830} INFO - Processing file /opt/airflow/dags/weather_gold_v1.py for tasks to queue
[2025-10-13T14:10:59.594+0000] {logging_mixin.py:188} INFO - [2025-10-13T14:10:59.592+0000] {dagbag.py:540} INFO - Filling up the DagBag from /opt/airflow/dags/weather_gold_v1.py
[2025-10-13T14:10:59.680+0000] {processor.py:840} INFO - DAG(s) 'weather_gold_v1' retrieved from /opt/airflow/dags/weather_gold_v1.py
[2025-10-13T14:10:59.779+0000] {logging_mixin.py:188} INFO - [2025-10-13T14:10:59.779+0000] {dag.py:3047} INFO - Sync 1 DAGs
[2025-10-13T14:10:59.847+0000] {logging_mixin.py:188} INFO - [2025-10-13T14:10:59.846+0000] {dag.py:3834} INFO - Setting next_dagrun for weather_gold_v1 to 2025-10-12 00:00:00+00:00, run_after=2025-10-19 00:00:00+00:00
[2025-10-13T14:10:59.925+0000] {processor.py:183} INFO - Processing /opt/airflow/dags/weather_gold_v1.py took 0.347 seconds
[2025-10-13T14:11:30.361+0000] {processor.py:161} INFO - Started process (PID=14124) to work on /opt/airflow/dags/weather_gold_v1.py
[2025-10-13T14:11:30.364+0000] {processor.py:830} INFO - Processing file /opt/airflow/dags/weather_gold_v1.py for tasks to queue
[2025-10-13T14:11:30.367+0000] {logging_mixin.py:188} INFO - [2025-10-13T14:11:30.366+0000] {dagbag.py:540} INFO - Filling up the DagBag from /opt/airflow/dags/weather_gold_v1.py
[2025-10-13T14:11:30.407+0000] {processor.py:840} INFO - DAG(s) 'weather_gold_v1' retrieved from /opt/airflow/dags/weather_gold_v1.py
[2025-10-13T14:11:30.491+0000] {logging_mixin.py:188} INFO - [2025-10-13T14:11:30.491+0000] {dag.py:3047} INFO - Sync 1 DAGs
[2025-10-13T14:11:30.543+0000] {logging_mixin.py:188} INFO - [2025-10-13T14:11:30.542+0000] {dag.py:3834} INFO - Setting next_dagrun for weather_gold_v1 to 2025-10-12 00:00:00+00:00, run_after=2025-10-19 00:00:00+00:00
[2025-10-13T14:11:30.598+0000] {processor.py:183} INFO - Processing /opt/airflow/dags/weather_gold_v1.py took 0.242 seconds
[2025-10-13T14:12:01.156+0000] {processor.py:161} INFO - Started process (PID=14139) to work on /opt/airflow/dags/weather_gold_v1.py
[2025-10-13T14:12:01.162+0000] {processor.py:830} INFO - Processing file /opt/airflow/dags/weather_gold_v1.py for tasks to queue
[2025-10-13T14:12:01.166+0000] {logging_mixin.py:188} INFO - [2025-10-13T14:12:01.165+0000] {dagbag.py:540} INFO - Filling up the DagBag from /opt/airflow/dags/weather_gold_v1.py
[2025-10-13T14:12:01.232+0000] {processor.py:840} INFO - DAG(s) 'weather_gold_v1' retrieved from /opt/airflow/dags/weather_gold_v1.py
[2025-10-13T14:12:01.336+0000] {logging_mixin.py:188} INFO - [2025-10-13T14:12:01.335+0000] {dag.py:3047} INFO - Sync 1 DAGs
[2025-10-13T14:12:01.401+0000] {logging_mixin.py:188} INFO - [2025-10-13T14:12:01.400+0000] {dag.py:3834} INFO - Setting next_dagrun for weather_gold_v1 to 2025-10-12 00:00:00+00:00, run_after=2025-10-19 00:00:00+00:00
[2025-10-13T14:12:01.481+0000] {processor.py:183} INFO - Processing /opt/airflow/dags/weather_gold_v1.py took 0.334 seconds
[2025-10-13T14:12:32.347+0000] {processor.py:161} INFO - Started process (PID=14154) to work on /opt/airflow/dags/weather_gold_v1.py
[2025-10-13T14:12:32.369+0000] {processor.py:830} INFO - Processing file /opt/airflow/dags/weather_gold_v1.py for tasks to queue
[2025-10-13T14:12:32.372+0000] {logging_mixin.py:188} INFO - [2025-10-13T14:12:32.371+0000] {dagbag.py:540} INFO - Filling up the DagBag from /opt/airflow/dags/weather_gold_v1.py
[2025-10-13T14:12:32.503+0000] {processor.py:840} INFO - DAG(s) 'weather_gold_v1' retrieved from /opt/airflow/dags/weather_gold_v1.py
[2025-10-13T14:12:32.608+0000] {logging_mixin.py:188} INFO - [2025-10-13T14:12:32.608+0000] {dag.py:3047} INFO - Sync 1 DAGs
[2025-10-13T14:12:32.681+0000] {logging_mixin.py:188} INFO - [2025-10-13T14:12:32.681+0000] {dag.py:3834} INFO - Setting next_dagrun for weather_gold_v1 to 2025-10-12 00:00:00+00:00, run_after=2025-10-19 00:00:00+00:00
[2025-10-13T14:12:32.772+0000] {processor.py:183} INFO - Processing /opt/airflow/dags/weather_gold_v1.py took 0.434 seconds
[2025-10-13T14:13:03.485+0000] {processor.py:161} INFO - Started process (PID=14169) to work on /opt/airflow/dags/weather_gold_v1.py
[2025-10-13T14:13:03.488+0000] {processor.py:830} INFO - Processing file /opt/airflow/dags/weather_gold_v1.py for tasks to queue
[2025-10-13T14:13:03.490+0000] {logging_mixin.py:188} INFO - [2025-10-13T14:13:03.489+0000] {dagbag.py:540} INFO - Filling up the DagBag from /opt/airflow/dags/weather_gold_v1.py
[2025-10-13T14:13:03.532+0000] {processor.py:840} INFO - DAG(s) 'weather_gold_v1' retrieved from /opt/airflow/dags/weather_gold_v1.py
[2025-10-13T14:13:03.629+0000] {logging_mixin.py:188} INFO - [2025-10-13T14:13:03.628+0000] {dag.py:3047} INFO - Sync 1 DAGs
[2025-10-13T14:13:03.699+0000] {logging_mixin.py:188} INFO - [2025-10-13T14:13:03.699+0000] {dag.py:3834} INFO - Setting next_dagrun for weather_gold_v1 to 2025-10-12 00:00:00+00:00, run_after=2025-10-19 00:00:00+00:00
[2025-10-13T14:13:03.783+0000] {processor.py:183} INFO - Processing /opt/airflow/dags/weather_gold_v1.py took 0.305 seconds
[2025-10-13T14:13:34.492+0000] {processor.py:161} INFO - Started process (PID=14184) to work on /opt/airflow/dags/weather_gold_v1.py
[2025-10-13T14:13:34.495+0000] {processor.py:830} INFO - Processing file /opt/airflow/dags/weather_gold_v1.py for tasks to queue
[2025-10-13T14:13:34.497+0000] {logging_mixin.py:188} INFO - [2025-10-13T14:13:34.496+0000] {dagbag.py:540} INFO - Filling up the DagBag from /opt/airflow/dags/weather_gold_v1.py
[2025-10-13T14:13:34.540+0000] {processor.py:840} INFO - DAG(s) 'weather_gold_v1' retrieved from /opt/airflow/dags/weather_gold_v1.py
[2025-10-13T14:13:34.636+0000] {logging_mixin.py:188} INFO - [2025-10-13T14:13:34.635+0000] {dag.py:3047} INFO - Sync 1 DAGs
[2025-10-13T14:13:34.702+0000] {logging_mixin.py:188} INFO - [2025-10-13T14:13:34.702+0000] {dag.py:3834} INFO - Setting next_dagrun for weather_gold_v1 to 2025-10-12 00:00:00+00:00, run_after=2025-10-19 00:00:00+00:00
[2025-10-13T14:13:34.774+0000] {processor.py:183} INFO - Processing /opt/airflow/dags/weather_gold_v1.py took 0.294 seconds
[2025-10-13T14:14:05.439+0000] {processor.py:161} INFO - Started process (PID=14199) to work on /opt/airflow/dags/weather_gold_v1.py
[2025-10-13T14:14:05.441+0000] {processor.py:830} INFO - Processing file /opt/airflow/dags/weather_gold_v1.py for tasks to queue
[2025-10-13T14:14:05.443+0000] {logging_mixin.py:188} INFO - [2025-10-13T14:14:05.442+0000] {dagbag.py:540} INFO - Filling up the DagBag from /opt/airflow/dags/weather_gold_v1.py
[2025-10-13T14:14:05.483+0000] {processor.py:840} INFO - DAG(s) 'weather_gold_v1' retrieved from /opt/airflow/dags/weather_gold_v1.py
[2025-10-13T14:14:05.580+0000] {logging_mixin.py:188} INFO - [2025-10-13T14:14:05.579+0000] {dag.py:3047} INFO - Sync 1 DAGs
[2025-10-13T14:14:05.644+0000] {logging_mixin.py:188} INFO - [2025-10-13T14:14:05.643+0000] {dag.py:3834} INFO - Setting next_dagrun for weather_gold_v1 to 2025-10-12 00:00:00+00:00, run_after=2025-10-19 00:00:00+00:00
[2025-10-13T14:14:05.711+0000] {processor.py:183} INFO - Processing /opt/airflow/dags/weather_gold_v1.py took 0.277 seconds
[2025-10-13T14:14:36.487+0000] {processor.py:161} INFO - Started process (PID=14214) to work on /opt/airflow/dags/weather_gold_v1.py
[2025-10-13T14:14:36.489+0000] {processor.py:830} INFO - Processing file /opt/airflow/dags/weather_gold_v1.py for tasks to queue
[2025-10-13T14:14:36.494+0000] {logging_mixin.py:188} INFO - [2025-10-13T14:14:36.492+0000] {dagbag.py:540} INFO - Filling up the DagBag from /opt/airflow/dags/weather_gold_v1.py
[2025-10-13T14:14:36.540+0000] {processor.py:840} INFO - DAG(s) 'weather_gold_v1' retrieved from /opt/airflow/dags/weather_gold_v1.py
[2025-10-13T14:14:36.658+0000] {logging_mixin.py:188} INFO - [2025-10-13T14:14:36.658+0000] {dag.py:3047} INFO - Sync 1 DAGs
[2025-10-13T14:14:36.733+0000] {logging_mixin.py:188} INFO - [2025-10-13T14:14:36.732+0000] {dag.py:3834} INFO - Setting next_dagrun for weather_gold_v1 to 2025-10-12 00:00:00+00:00, run_after=2025-10-19 00:00:00+00:00
[2025-10-13T14:14:36.798+0000] {processor.py:183} INFO - Processing /opt/airflow/dags/weather_gold_v1.py took 0.316 seconds
[2025-10-13T14:15:07.388+0000] {processor.py:161} INFO - Started process (PID=14229) to work on /opt/airflow/dags/weather_gold_v1.py
[2025-10-13T14:15:07.389+0000] {processor.py:830} INFO - Processing file /opt/airflow/dags/weather_gold_v1.py for tasks to queue
[2025-10-13T14:15:07.392+0000] {logging_mixin.py:188} INFO - [2025-10-13T14:15:07.391+0000] {dagbag.py:540} INFO - Filling up the DagBag from /opt/airflow/dags/weather_gold_v1.py
[2025-10-13T14:15:07.425+0000] {processor.py:840} INFO - DAG(s) 'weather_gold_v1' retrieved from /opt/airflow/dags/weather_gold_v1.py
[2025-10-13T14:15:07.507+0000] {logging_mixin.py:188} INFO - [2025-10-13T14:15:07.506+0000] {dag.py:3047} INFO - Sync 1 DAGs
[2025-10-13T14:15:07.591+0000] {logging_mixin.py:188} INFO - [2025-10-13T14:15:07.590+0000] {dag.py:3834} INFO - Setting next_dagrun for weather_gold_v1 to 2025-10-12 00:00:00+00:00, run_after=2025-10-19 00:00:00+00:00
[2025-10-13T14:15:07.679+0000] {processor.py:183} INFO - Processing /opt/airflow/dags/weather_gold_v1.py took 0.297 seconds
[2025-10-13T14:15:38.272+0000] {processor.py:161} INFO - Started process (PID=14244) to work on /opt/airflow/dags/weather_gold_v1.py
[2025-10-13T14:15:38.275+0000] {processor.py:830} INFO - Processing file /opt/airflow/dags/weather_gold_v1.py for tasks to queue
[2025-10-13T14:15:38.278+0000] {logging_mixin.py:188} INFO - [2025-10-13T14:15:38.277+0000] {dagbag.py:540} INFO - Filling up the DagBag from /opt/airflow/dags/weather_gold_v1.py
[2025-10-13T14:15:38.330+0000] {processor.py:840} INFO - DAG(s) 'weather_gold_v1' retrieved from /opt/airflow/dags/weather_gold_v1.py
[2025-10-13T14:15:38.438+0000] {logging_mixin.py:188} INFO - [2025-10-13T14:15:38.437+0000] {dag.py:3047} INFO - Sync 1 DAGs
[2025-10-13T14:15:38.503+0000] {logging_mixin.py:188} INFO - [2025-10-13T14:15:38.503+0000] {dag.py:3834} INFO - Setting next_dagrun for weather_gold_v1 to 2025-10-12 00:00:00+00:00, run_after=2025-10-19 00:00:00+00:00
[2025-10-13T14:15:38.599+0000] {processor.py:183} INFO - Processing /opt/airflow/dags/weather_gold_v1.py took 0.335 seconds
[2025-10-13T14:16:09.154+0000] {processor.py:161} INFO - Started process (PID=14259) to work on /opt/airflow/dags/weather_gold_v1.py
[2025-10-13T14:16:09.160+0000] {processor.py:830} INFO - Processing file /opt/airflow/dags/weather_gold_v1.py for tasks to queue
[2025-10-13T14:16:09.162+0000] {logging_mixin.py:188} INFO - [2025-10-13T14:16:09.162+0000] {dagbag.py:540} INFO - Filling up the DagBag from /opt/airflow/dags/weather_gold_v1.py
[2025-10-13T14:16:09.206+0000] {processor.py:840} INFO - DAG(s) 'weather_gold_v1' retrieved from /opt/airflow/dags/weather_gold_v1.py
[2025-10-13T14:16:09.310+0000] {logging_mixin.py:188} INFO - [2025-10-13T14:16:09.309+0000] {dag.py:3047} INFO - Sync 1 DAGs
[2025-10-13T14:16:09.386+0000] {logging_mixin.py:188} INFO - [2025-10-13T14:16:09.385+0000] {dag.py:3834} INFO - Setting next_dagrun for weather_gold_v1 to 2025-10-12 00:00:00+00:00, run_after=2025-10-19 00:00:00+00:00
[2025-10-13T14:16:09.460+0000] {processor.py:183} INFO - Processing /opt/airflow/dags/weather_gold_v1.py took 0.311 seconds
[2025-10-13T14:16:40.036+0000] {processor.py:161} INFO - Started process (PID=14274) to work on /opt/airflow/dags/weather_gold_v1.py
[2025-10-13T14:16:40.039+0000] {processor.py:830} INFO - Processing file /opt/airflow/dags/weather_gold_v1.py for tasks to queue
[2025-10-13T14:16:40.041+0000] {logging_mixin.py:188} INFO - [2025-10-13T14:16:40.040+0000] {dagbag.py:540} INFO - Filling up the DagBag from /opt/airflow/dags/weather_gold_v1.py
[2025-10-13T14:16:40.086+0000] {processor.py:840} INFO - DAG(s) 'weather_gold_v1' retrieved from /opt/airflow/dags/weather_gold_v1.py
[2025-10-13T14:16:40.179+0000] {logging_mixin.py:188} INFO - [2025-10-13T14:16:40.178+0000] {dag.py:3047} INFO - Sync 1 DAGs
[2025-10-13T14:16:40.242+0000] {logging_mixin.py:188} INFO - [2025-10-13T14:16:40.242+0000] {dag.py:3834} INFO - Setting next_dagrun for weather_gold_v1 to 2025-10-12 00:00:00+00:00, run_after=2025-10-19 00:00:00+00:00
[2025-10-13T14:16:40.313+0000] {processor.py:183} INFO - Processing /opt/airflow/dags/weather_gold_v1.py took 0.282 seconds
[2025-10-13T14:17:10.877+0000] {processor.py:161} INFO - Started process (PID=14289) to work on /opt/airflow/dags/weather_gold_v1.py
[2025-10-13T14:17:10.880+0000] {processor.py:830} INFO - Processing file /opt/airflow/dags/weather_gold_v1.py for tasks to queue
[2025-10-13T14:17:10.883+0000] {logging_mixin.py:188} INFO - [2025-10-13T14:17:10.882+0000] {dagbag.py:540} INFO - Filling up the DagBag from /opt/airflow/dags/weather_gold_v1.py
[2025-10-13T14:17:10.932+0000] {processor.py:840} INFO - DAG(s) 'weather_gold_v1' retrieved from /opt/airflow/dags/weather_gold_v1.py
[2025-10-13T14:17:11.036+0000] {logging_mixin.py:188} INFO - [2025-10-13T14:17:11.035+0000] {dag.py:3047} INFO - Sync 1 DAGs
[2025-10-13T14:17:11.103+0000] {logging_mixin.py:188} INFO - [2025-10-13T14:17:11.103+0000] {dag.py:3834} INFO - Setting next_dagrun for weather_gold_v1 to 2025-10-12 00:00:00+00:00, run_after=2025-10-19 00:00:00+00:00
[2025-10-13T14:17:11.201+0000] {processor.py:183} INFO - Processing /opt/airflow/dags/weather_gold_v1.py took 0.332 seconds
[2025-10-13T14:17:41.781+0000] {processor.py:161} INFO - Started process (PID=14304) to work on /opt/airflow/dags/weather_gold_v1.py
[2025-10-13T14:17:41.783+0000] {processor.py:830} INFO - Processing file /opt/airflow/dags/weather_gold_v1.py for tasks to queue
[2025-10-13T14:17:41.785+0000] {logging_mixin.py:188} INFO - [2025-10-13T14:17:41.785+0000] {dagbag.py:540} INFO - Filling up the DagBag from /opt/airflow/dags/weather_gold_v1.py
[2025-10-13T14:17:41.824+0000] {processor.py:840} INFO - DAG(s) 'weather_gold_v1' retrieved from /opt/airflow/dags/weather_gold_v1.py
[2025-10-13T14:17:41.910+0000] {logging_mixin.py:188} INFO - [2025-10-13T14:17:41.909+0000] {dag.py:3047} INFO - Sync 1 DAGs
[2025-10-13T14:17:41.970+0000] {logging_mixin.py:188} INFO - [2025-10-13T14:17:41.969+0000] {dag.py:3834} INFO - Setting next_dagrun for weather_gold_v1 to 2025-10-12 00:00:00+00:00, run_after=2025-10-19 00:00:00+00:00
[2025-10-13T14:17:42.040+0000] {processor.py:183} INFO - Processing /opt/airflow/dags/weather_gold_v1.py took 0.263 seconds
[2025-10-13T14:18:12.775+0000] {processor.py:161} INFO - Started process (PID=14319) to work on /opt/airflow/dags/weather_gold_v1.py
[2025-10-13T14:18:12.777+0000] {processor.py:830} INFO - Processing file /opt/airflow/dags/weather_gold_v1.py for tasks to queue
[2025-10-13T14:18:12.780+0000] {logging_mixin.py:188} INFO - [2025-10-13T14:18:12.779+0000] {dagbag.py:540} INFO - Filling up the DagBag from /opt/airflow/dags/weather_gold_v1.py
[2025-10-13T14:18:12.832+0000] {processor.py:840} INFO - DAG(s) 'weather_gold_v1' retrieved from /opt/airflow/dags/weather_gold_v1.py
[2025-10-13T14:18:12.947+0000] {logging_mixin.py:188} INFO - [2025-10-13T14:18:12.947+0000] {dag.py:3047} INFO - Sync 1 DAGs
[2025-10-13T14:18:13.030+0000] {logging_mixin.py:188} INFO - [2025-10-13T14:18:13.029+0000] {dag.py:3834} INFO - Setting next_dagrun for weather_gold_v1 to 2025-10-12 00:00:00+00:00, run_after=2025-10-19 00:00:00+00:00
[2025-10-13T14:18:13.224+0000] {processor.py:183} INFO - Processing /opt/airflow/dags/weather_gold_v1.py took 0.457 seconds
[2025-10-13T14:18:43.781+0000] {processor.py:161} INFO - Started process (PID=14334) to work on /opt/airflow/dags/weather_gold_v1.py
[2025-10-13T14:18:43.783+0000] {processor.py:830} INFO - Processing file /opt/airflow/dags/weather_gold_v1.py for tasks to queue
[2025-10-13T14:18:43.786+0000] {logging_mixin.py:188} INFO - [2025-10-13T14:18:43.785+0000] {dagbag.py:540} INFO - Filling up the DagBag from /opt/airflow/dags/weather_gold_v1.py
[2025-10-13T14:18:43.826+0000] {processor.py:840} INFO - DAG(s) 'weather_gold_v1' retrieved from /opt/airflow/dags/weather_gold_v1.py
[2025-10-13T14:18:43.941+0000] {logging_mixin.py:188} INFO - [2025-10-13T14:18:43.941+0000] {dag.py:3047} INFO - Sync 1 DAGs
[2025-10-13T14:18:44.030+0000] {logging_mixin.py:188} INFO - [2025-10-13T14:18:44.029+0000] {dag.py:3834} INFO - Setting next_dagrun for weather_gold_v1 to 2025-10-12 00:00:00+00:00, run_after=2025-10-19 00:00:00+00:00
[2025-10-13T14:18:44.096+0000] {processor.py:183} INFO - Processing /opt/airflow/dags/weather_gold_v1.py took 0.321 seconds
[2025-10-13T14:19:14.842+0000] {processor.py:161} INFO - Started process (PID=14349) to work on /opt/airflow/dags/weather_gold_v1.py
[2025-10-13T14:19:14.844+0000] {processor.py:830} INFO - Processing file /opt/airflow/dags/weather_gold_v1.py for tasks to queue
[2025-10-13T14:19:14.846+0000] {logging_mixin.py:188} INFO - [2025-10-13T14:19:14.846+0000] {dagbag.py:540} INFO - Filling up the DagBag from /opt/airflow/dags/weather_gold_v1.py
[2025-10-13T14:19:14.890+0000] {processor.py:840} INFO - DAG(s) 'weather_gold_v1' retrieved from /opt/airflow/dags/weather_gold_v1.py
[2025-10-13T14:19:14.987+0000] {logging_mixin.py:188} INFO - [2025-10-13T14:19:14.986+0000] {dag.py:3047} INFO - Sync 1 DAGs
[2025-10-13T14:19:15.048+0000] {logging_mixin.py:188} INFO - [2025-10-13T14:19:15.047+0000] {dag.py:3834} INFO - Setting next_dagrun for weather_gold_v1 to 2025-10-12 00:00:00+00:00, run_after=2025-10-19 00:00:00+00:00
[2025-10-13T14:19:15.118+0000] {processor.py:183} INFO - Processing /opt/airflow/dags/weather_gold_v1.py took 0.281 seconds
[2025-10-13T14:19:45.476+0000] {processor.py:161} INFO - Started process (PID=14364) to work on /opt/airflow/dags/weather_gold_v1.py
[2025-10-13T14:19:45.478+0000] {processor.py:830} INFO - Processing file /opt/airflow/dags/weather_gold_v1.py for tasks to queue
[2025-10-13T14:19:45.480+0000] {logging_mixin.py:188} INFO - [2025-10-13T14:19:45.480+0000] {dagbag.py:540} INFO - Filling up the DagBag from /opt/airflow/dags/weather_gold_v1.py
[2025-10-13T14:19:45.535+0000] {processor.py:840} INFO - DAG(s) 'weather_gold_v1' retrieved from /opt/airflow/dags/weather_gold_v1.py
[2025-10-13T14:19:45.694+0000] {logging_mixin.py:188} INFO - [2025-10-13T14:19:45.694+0000] {dag.py:3047} INFO - Sync 1 DAGs
[2025-10-13T14:19:45.807+0000] {logging_mixin.py:188} INFO - [2025-10-13T14:19:45.806+0000] {dag.py:3834} INFO - Setting next_dagrun for weather_gold_v1 to 2025-10-12 00:00:00+00:00, run_after=2025-10-19 00:00:00+00:00
[2025-10-13T14:19:45.876+0000] {processor.py:183} INFO - Processing /opt/airflow/dags/weather_gold_v1.py took 0.404 seconds
[2025-10-13T14:20:16.390+0000] {processor.py:161} INFO - Started process (PID=14379) to work on /opt/airflow/dags/weather_gold_v1.py
[2025-10-13T14:20:16.393+0000] {processor.py:830} INFO - Processing file /opt/airflow/dags/weather_gold_v1.py for tasks to queue
[2025-10-13T14:20:16.396+0000] {logging_mixin.py:188} INFO - [2025-10-13T14:20:16.395+0000] {dagbag.py:540} INFO - Filling up the DagBag from /opt/airflow/dags/weather_gold_v1.py
[2025-10-13T14:20:16.433+0000] {processor.py:840} INFO - DAG(s) 'weather_gold_v1' retrieved from /opt/airflow/dags/weather_gold_v1.py
[2025-10-13T14:20:16.542+0000] {logging_mixin.py:188} INFO - [2025-10-13T14:20:16.541+0000] {dag.py:3047} INFO - Sync 1 DAGs
[2025-10-13T14:20:16.599+0000] {logging_mixin.py:188} INFO - [2025-10-13T14:20:16.599+0000] {dag.py:3834} INFO - Setting next_dagrun for weather_gold_v1 to 2025-10-12 00:00:00+00:00, run_after=2025-10-19 00:00:00+00:00
[2025-10-13T14:20:16.673+0000] {processor.py:183} INFO - Processing /opt/airflow/dags/weather_gold_v1.py took 0.290 seconds
[2025-10-13T14:20:47.282+0000] {processor.py:161} INFO - Started process (PID=14394) to work on /opt/airflow/dags/weather_gold_v1.py
[2025-10-13T14:20:47.298+0000] {processor.py:830} INFO - Processing file /opt/airflow/dags/weather_gold_v1.py for tasks to queue
[2025-10-13T14:20:47.301+0000] {logging_mixin.py:188} INFO - [2025-10-13T14:20:47.300+0000] {dagbag.py:540} INFO - Filling up the DagBag from /opt/airflow/dags/weather_gold_v1.py
[2025-10-13T14:20:47.348+0000] {processor.py:840} INFO - DAG(s) 'weather_gold_v1' retrieved from /opt/airflow/dags/weather_gold_v1.py
[2025-10-13T14:20:47.458+0000] {logging_mixin.py:188} INFO - [2025-10-13T14:20:47.457+0000] {dag.py:3047} INFO - Sync 1 DAGs
[2025-10-13T14:20:47.540+0000] {logging_mixin.py:188} INFO - [2025-10-13T14:20:47.539+0000] {dag.py:3834} INFO - Setting next_dagrun for weather_gold_v1 to 2025-10-12 00:00:00+00:00, run_after=2025-10-19 00:00:00+00:00
[2025-10-13T14:20:47.647+0000] {processor.py:183} INFO - Processing /opt/airflow/dags/weather_gold_v1.py took 0.372 seconds
[2025-10-13T14:21:17.884+0000] {processor.py:161} INFO - Started process (PID=14409) to work on /opt/airflow/dags/weather_gold_v1.py
[2025-10-13T14:21:17.889+0000] {processor.py:830} INFO - Processing file /opt/airflow/dags/weather_gold_v1.py for tasks to queue
[2025-10-13T14:21:17.895+0000] {logging_mixin.py:188} INFO - [2025-10-13T14:21:17.893+0000] {dagbag.py:540} INFO - Filling up the DagBag from /opt/airflow/dags/weather_gold_v1.py
[2025-10-13T14:21:17.967+0000] {processor.py:840} INFO - DAG(s) 'weather_gold_v1' retrieved from /opt/airflow/dags/weather_gold_v1.py
[2025-10-13T14:21:18.055+0000] {logging_mixin.py:188} INFO - [2025-10-13T14:21:18.055+0000] {dag.py:3047} INFO - Sync 1 DAGs
[2025-10-13T14:21:18.127+0000] {logging_mixin.py:188} INFO - [2025-10-13T14:21:18.127+0000] {dag.py:3834} INFO - Setting next_dagrun for weather_gold_v1 to 2025-10-12 00:00:00+00:00, run_after=2025-10-19 00:00:00+00:00
[2025-10-13T14:21:18.210+0000] {processor.py:183} INFO - Processing /opt/airflow/dags/weather_gold_v1.py took 0.341 seconds
[2025-10-13T14:21:48.586+0000] {processor.py:161} INFO - Started process (PID=14424) to work on /opt/airflow/dags/weather_gold_v1.py
[2025-10-13T14:21:48.590+0000] {processor.py:830} INFO - Processing file /opt/airflow/dags/weather_gold_v1.py for tasks to queue
[2025-10-13T14:21:48.595+0000] {logging_mixin.py:188} INFO - [2025-10-13T14:21:48.593+0000] {dagbag.py:540} INFO - Filling up the DagBag from /opt/airflow/dags/weather_gold_v1.py
[2025-10-13T14:21:48.638+0000] {processor.py:840} INFO - DAG(s) 'weather_gold_v1' retrieved from /opt/airflow/dags/weather_gold_v1.py
[2025-10-13T14:21:48.737+0000] {logging_mixin.py:188} INFO - [2025-10-13T14:21:48.737+0000] {dag.py:3047} INFO - Sync 1 DAGs
[2025-10-13T14:21:48.823+0000] {logging_mixin.py:188} INFO - [2025-10-13T14:21:48.822+0000] {dag.py:3834} INFO - Setting next_dagrun for weather_gold_v1 to 2025-10-12 00:00:00+00:00, run_after=2025-10-19 00:00:00+00:00
[2025-10-13T14:21:48.933+0000] {processor.py:183} INFO - Processing /opt/airflow/dags/weather_gold_v1.py took 0.352 seconds
[2025-10-13T14:22:19.067+0000] {processor.py:161} INFO - Started process (PID=14439) to work on /opt/airflow/dags/weather_gold_v1.py
[2025-10-13T14:22:19.069+0000] {processor.py:830} INFO - Processing file /opt/airflow/dags/weather_gold_v1.py for tasks to queue
[2025-10-13T14:22:19.072+0000] {logging_mixin.py:188} INFO - [2025-10-13T14:22:19.071+0000] {dagbag.py:540} INFO - Filling up the DagBag from /opt/airflow/dags/weather_gold_v1.py
[2025-10-13T14:22:19.132+0000] {processor.py:840} INFO - DAG(s) 'weather_gold_v1' retrieved from /opt/airflow/dags/weather_gold_v1.py
[2025-10-13T14:22:19.360+0000] {logging_mixin.py:188} INFO - [2025-10-13T14:22:19.360+0000] {dag.py:3047} INFO - Sync 1 DAGs
[2025-10-13T14:22:19.455+0000] {logging_mixin.py:188} INFO - [2025-10-13T14:22:19.455+0000] {dag.py:3834} INFO - Setting next_dagrun for weather_gold_v1 to 2025-10-12 00:00:00+00:00, run_after=2025-10-19 00:00:00+00:00
[2025-10-13T14:22:19.586+0000] {processor.py:183} INFO - Processing /opt/airflow/dags/weather_gold_v1.py took 0.523 seconds
[2025-10-13T14:22:51.357+0000] {processor.py:161} INFO - Started process (PID=14454) to work on /opt/airflow/dags/weather_gold_v1.py
[2025-10-13T14:22:51.437+0000] {processor.py:830} INFO - Processing file /opt/airflow/dags/weather_gold_v1.py for tasks to queue
[2025-10-13T14:22:51.440+0000] {logging_mixin.py:188} INFO - [2025-10-13T14:22:51.439+0000] {dagbag.py:540} INFO - Filling up the DagBag from /opt/airflow/dags/weather_gold_v1.py
[2025-10-13T14:22:52.711+0000] {processor.py:840} INFO - DAG(s) 'weather_gold_v1' retrieved from /opt/airflow/dags/weather_gold_v1.py
[2025-10-13T14:22:53.335+0000] {logging_mixin.py:188} INFO - [2025-10-13T14:22:53.334+0000] {dag.py:3047} INFO - Sync 1 DAGs
[2025-10-13T14:22:53.769+0000] {logging_mixin.py:188} INFO - [2025-10-13T14:22:53.769+0000] {dag.py:3834} INFO - Setting next_dagrun for weather_gold_v1 to 2025-10-12 00:00:00+00:00, run_after=2025-10-19 00:00:00+00:00
[2025-10-13T14:22:54.102+0000] {processor.py:183} INFO - Processing /opt/airflow/dags/weather_gold_v1.py took 2.761 seconds
[2025-10-13T14:23:24.536+0000] {processor.py:161} INFO - Started process (PID=14474) to work on /opt/airflow/dags/weather_gold_v1.py
[2025-10-13T14:23:24.538+0000] {processor.py:830} INFO - Processing file /opt/airflow/dags/weather_gold_v1.py for tasks to queue
[2025-10-13T14:23:24.541+0000] {logging_mixin.py:188} INFO - [2025-10-13T14:23:24.540+0000] {dagbag.py:540} INFO - Filling up the DagBag from /opt/airflow/dags/weather_gold_v1.py
[2025-10-13T14:23:24.587+0000] {processor.py:840} INFO - DAG(s) 'weather_gold_v1' retrieved from /opt/airflow/dags/weather_gold_v1.py
[2025-10-13T14:23:24.692+0000] {logging_mixin.py:188} INFO - [2025-10-13T14:23:24.692+0000] {dag.py:3047} INFO - Sync 1 DAGs
[2025-10-13T14:23:24.752+0000] {logging_mixin.py:188} INFO - [2025-10-13T14:23:24.752+0000] {dag.py:3834} INFO - Setting next_dagrun for weather_gold_v1 to 2025-10-12 00:00:00+00:00, run_after=2025-10-19 00:00:00+00:00
[2025-10-13T14:23:24.830+0000] {processor.py:183} INFO - Processing /opt/airflow/dags/weather_gold_v1.py took 0.299 seconds
[2025-10-13T14:23:55.800+0000] {processor.py:161} INFO - Started process (PID=14489) to work on /opt/airflow/dags/weather_gold_v1.py
[2025-10-13T14:23:55.802+0000] {processor.py:830} INFO - Processing file /opt/airflow/dags/weather_gold_v1.py for tasks to queue
[2025-10-13T14:23:55.804+0000] {logging_mixin.py:188} INFO - [2025-10-13T14:23:55.804+0000] {dagbag.py:540} INFO - Filling up the DagBag from /opt/airflow/dags/weather_gold_v1.py
[2025-10-13T14:23:55.842+0000] {processor.py:840} INFO - DAG(s) 'weather_gold_v1' retrieved from /opt/airflow/dags/weather_gold_v1.py
[2025-10-13T14:23:55.922+0000] {logging_mixin.py:188} INFO - [2025-10-13T14:23:55.922+0000] {dag.py:3047} INFO - Sync 1 DAGs
[2025-10-13T14:23:55.987+0000] {logging_mixin.py:188} INFO - [2025-10-13T14:23:55.987+0000] {dag.py:3834} INFO - Setting next_dagrun for weather_gold_v1 to 2025-10-12 00:00:00+00:00, run_after=2025-10-19 00:00:00+00:00
[2025-10-13T14:23:56.047+0000] {processor.py:183} INFO - Processing /opt/airflow/dags/weather_gold_v1.py took 0.256 seconds
[2025-10-13T14:24:26.721+0000] {processor.py:161} INFO - Started process (PID=14504) to work on /opt/airflow/dags/weather_gold_v1.py
[2025-10-13T14:24:26.723+0000] {processor.py:830} INFO - Processing file /opt/airflow/dags/weather_gold_v1.py for tasks to queue
[2025-10-13T14:24:26.725+0000] {logging_mixin.py:188} INFO - [2025-10-13T14:24:26.725+0000] {dagbag.py:540} INFO - Filling up the DagBag from /opt/airflow/dags/weather_gold_v1.py
[2025-10-13T14:24:26.752+0000] {processor.py:840} INFO - DAG(s) 'weather_gold_v1' retrieved from /opt/airflow/dags/weather_gold_v1.py
[2025-10-13T14:24:26.846+0000] {logging_mixin.py:188} INFO - [2025-10-13T14:24:26.845+0000] {dag.py:3047} INFO - Sync 1 DAGs
[2025-10-13T14:24:26.903+0000] {logging_mixin.py:188} INFO - [2025-10-13T14:24:26.903+0000] {dag.py:3834} INFO - Setting next_dagrun for weather_gold_v1 to 2025-10-12 00:00:00+00:00, run_after=2025-10-19 00:00:00+00:00
[2025-10-13T14:24:26.963+0000] {processor.py:183} INFO - Processing /opt/airflow/dags/weather_gold_v1.py took 0.245 seconds
[2025-10-13T14:24:57.670+0000] {processor.py:161} INFO - Started process (PID=14519) to work on /opt/airflow/dags/weather_gold_v1.py
[2025-10-13T14:24:57.672+0000] {processor.py:830} INFO - Processing file /opt/airflow/dags/weather_gold_v1.py for tasks to queue
[2025-10-13T14:24:57.675+0000] {logging_mixin.py:188} INFO - [2025-10-13T14:24:57.674+0000] {dagbag.py:540} INFO - Filling up the DagBag from /opt/airflow/dags/weather_gold_v1.py
[2025-10-13T14:24:57.707+0000] {processor.py:840} INFO - DAG(s) 'weather_gold_v1' retrieved from /opt/airflow/dags/weather_gold_v1.py
[2025-10-13T14:24:57.811+0000] {logging_mixin.py:188} INFO - [2025-10-13T14:24:57.810+0000] {dag.py:3047} INFO - Sync 1 DAGs
[2025-10-13T14:24:57.875+0000] {logging_mixin.py:188} INFO - [2025-10-13T14:24:57.875+0000] {dag.py:3834} INFO - Setting next_dagrun for weather_gold_v1 to 2025-10-12 00:00:00+00:00, run_after=2025-10-19 00:00:00+00:00
[2025-10-13T14:24:58.074+0000] {processor.py:183} INFO - Processing /opt/airflow/dags/weather_gold_v1.py took 0.408 seconds
[2025-10-13T14:25:28.402+0000] {processor.py:161} INFO - Started process (PID=14534) to work on /opt/airflow/dags/weather_gold_v1.py
[2025-10-13T14:25:28.405+0000] {processor.py:830} INFO - Processing file /opt/airflow/dags/weather_gold_v1.py for tasks to queue
[2025-10-13T14:25:28.407+0000] {logging_mixin.py:188} INFO - [2025-10-13T14:25:28.406+0000] {dagbag.py:540} INFO - Filling up the DagBag from /opt/airflow/dags/weather_gold_v1.py
[2025-10-13T14:25:28.447+0000] {processor.py:840} INFO - DAG(s) 'weather_gold_v1' retrieved from /opt/airflow/dags/weather_gold_v1.py
[2025-10-13T14:25:28.534+0000] {logging_mixin.py:188} INFO - [2025-10-13T14:25:28.533+0000] {dag.py:3047} INFO - Sync 1 DAGs
[2025-10-13T14:25:28.582+0000] {logging_mixin.py:188} INFO - [2025-10-13T14:25:28.582+0000] {dag.py:3834} INFO - Setting next_dagrun for weather_gold_v1 to 2025-10-12 00:00:00+00:00, run_after=2025-10-19 00:00:00+00:00
[2025-10-13T14:25:28.643+0000] {processor.py:183} INFO - Processing /opt/airflow/dags/weather_gold_v1.py took 0.245 seconds
[2025-10-13T14:25:58.851+0000] {processor.py:161} INFO - Started process (PID=14549) to work on /opt/airflow/dags/weather_gold_v1.py
[2025-10-13T14:25:58.853+0000] {processor.py:830} INFO - Processing file /opt/airflow/dags/weather_gold_v1.py for tasks to queue
[2025-10-13T14:25:58.855+0000] {logging_mixin.py:188} INFO - [2025-10-13T14:25:58.855+0000] {dagbag.py:540} INFO - Filling up the DagBag from /opt/airflow/dags/weather_gold_v1.py
[2025-10-13T14:25:58.892+0000] {processor.py:840} INFO - DAG(s) 'weather_gold_v1' retrieved from /opt/airflow/dags/weather_gold_v1.py
[2025-10-13T14:25:58.968+0000] {logging_mixin.py:188} INFO - [2025-10-13T14:25:58.967+0000] {dag.py:3047} INFO - Sync 1 DAGs
[2025-10-13T14:25:59.024+0000] {logging_mixin.py:188} INFO - [2025-10-13T14:25:59.024+0000] {dag.py:3834} INFO - Setting next_dagrun for weather_gold_v1 to 2025-10-12 00:00:00+00:00, run_after=2025-10-19 00:00:00+00:00
[2025-10-13T14:25:59.096+0000] {processor.py:183} INFO - Processing /opt/airflow/dags/weather_gold_v1.py took 0.253 seconds
[2025-10-13T14:26:29.785+0000] {processor.py:161} INFO - Started process (PID=14564) to work on /opt/airflow/dags/weather_gold_v1.py
[2025-10-13T14:26:29.788+0000] {processor.py:830} INFO - Processing file /opt/airflow/dags/weather_gold_v1.py for tasks to queue
[2025-10-13T14:26:29.789+0000] {logging_mixin.py:188} INFO - [2025-10-13T14:26:29.789+0000] {dagbag.py:540} INFO - Filling up the DagBag from /opt/airflow/dags/weather_gold_v1.py
[2025-10-13T14:26:29.828+0000] {processor.py:840} INFO - DAG(s) 'weather_gold_v1' retrieved from /opt/airflow/dags/weather_gold_v1.py
[2025-10-13T14:26:30.120+0000] {logging_mixin.py:188} INFO - [2025-10-13T14:26:30.119+0000] {dag.py:3047} INFO - Sync 1 DAGs
[2025-10-13T14:26:30.280+0000] {logging_mixin.py:188} INFO - [2025-10-13T14:26:30.280+0000] {dag.py:3834} INFO - Setting next_dagrun for weather_gold_v1 to 2025-10-12 00:00:00+00:00, run_after=2025-10-19 00:00:00+00:00
[2025-10-13T14:26:30.432+0000] {processor.py:183} INFO - Processing /opt/airflow/dags/weather_gold_v1.py took 0.650 seconds
[2025-10-13T14:27:01.577+0000] {processor.py:161} INFO - Started process (PID=14577) to work on /opt/airflow/dags/weather_gold_v1.py
[2025-10-13T14:27:01.581+0000] {processor.py:830} INFO - Processing file /opt/airflow/dags/weather_gold_v1.py for tasks to queue
[2025-10-13T14:27:01.584+0000] {logging_mixin.py:188} INFO - [2025-10-13T14:27:01.583+0000] {dagbag.py:540} INFO - Filling up the DagBag from /opt/airflow/dags/weather_gold_v1.py
[2025-10-13T14:27:01.640+0000] {processor.py:840} INFO - DAG(s) 'weather_gold_v1' retrieved from /opt/airflow/dags/weather_gold_v1.py
[2025-10-13T14:27:01.842+0000] {logging_mixin.py:188} INFO - [2025-10-13T14:27:01.842+0000] {dag.py:3047} INFO - Sync 1 DAGs
[2025-10-13T14:27:02.120+0000] {logging_mixin.py:188} INFO - [2025-10-13T14:27:02.120+0000] {dag.py:3834} INFO - Setting next_dagrun for weather_gold_v1 to 2025-10-12 00:00:00+00:00, run_after=2025-10-19 00:00:00+00:00
[2025-10-13T14:27:02.250+0000] {processor.py:183} INFO - Processing /opt/airflow/dags/weather_gold_v1.py took 0.682 seconds
[2025-10-13T14:27:33.826+0000] {processor.py:161} INFO - Started process (PID=14589) to work on /opt/airflow/dags/weather_gold_v1.py
[2025-10-13T14:27:33.959+0000] {processor.py:830} INFO - Processing file /opt/airflow/dags/weather_gold_v1.py for tasks to queue
[2025-10-13T14:27:33.962+0000] {logging_mixin.py:188} INFO - [2025-10-13T14:27:33.961+0000] {dagbag.py:540} INFO - Filling up the DagBag from /opt/airflow/dags/weather_gold_v1.py
[2025-10-13T14:27:34.503+0000] {processor.py:840} INFO - DAG(s) 'weather_gold_v1' retrieved from /opt/airflow/dags/weather_gold_v1.py
[2025-10-13T14:27:35.258+0000] {logging_mixin.py:188} INFO - [2025-10-13T14:27:35.258+0000] {dag.py:3047} INFO - Sync 1 DAGs
[2025-10-13T14:27:35.334+0000] {logging_mixin.py:188} INFO - [2025-10-13T14:27:35.333+0000] {dag.py:3834} INFO - Setting next_dagrun for weather_gold_v1 to 2025-10-12 00:00:00+00:00, run_after=2025-10-19 00:00:00+00:00
[2025-10-13T14:27:35.428+0000] {processor.py:183} INFO - Processing /opt/airflow/dags/weather_gold_v1.py took 1.667 seconds
[2025-10-13T14:28:05.754+0000] {processor.py:161} INFO - Started process (PID=14604) to work on /opt/airflow/dags/weather_gold_v1.py
[2025-10-13T14:28:05.756+0000] {processor.py:830} INFO - Processing file /opt/airflow/dags/weather_gold_v1.py for tasks to queue
[2025-10-13T14:28:05.758+0000] {logging_mixin.py:188} INFO - [2025-10-13T14:28:05.757+0000] {dagbag.py:540} INFO - Filling up the DagBag from /opt/airflow/dags/weather_gold_v1.py
[2025-10-13T14:28:05.799+0000] {processor.py:840} INFO - DAG(s) 'weather_gold_v1' retrieved from /opt/airflow/dags/weather_gold_v1.py
[2025-10-13T14:28:05.901+0000] {logging_mixin.py:188} INFO - [2025-10-13T14:28:05.901+0000] {dag.py:3047} INFO - Sync 1 DAGs
[2025-10-13T14:28:05.983+0000] {logging_mixin.py:188} INFO - [2025-10-13T14:28:05.983+0000] {dag.py:3834} INFO - Setting next_dagrun for weather_gold_v1 to 2025-10-12 00:00:00+00:00, run_after=2025-10-19 00:00:00+00:00
[2025-10-13T14:28:06.111+0000] {processor.py:183} INFO - Processing /opt/airflow/dags/weather_gold_v1.py took 0.362 seconds
[2025-10-13T14:28:36.626+0000] {processor.py:161} INFO - Started process (PID=14619) to work on /opt/airflow/dags/weather_gold_v1.py
[2025-10-13T14:28:36.628+0000] {processor.py:830} INFO - Processing file /opt/airflow/dags/weather_gold_v1.py for tasks to queue
[2025-10-13T14:28:36.631+0000] {logging_mixin.py:188} INFO - [2025-10-13T14:28:36.630+0000] {dagbag.py:540} INFO - Filling up the DagBag from /opt/airflow/dags/weather_gold_v1.py
[2025-10-13T14:28:36.738+0000] {processor.py:840} INFO - DAG(s) 'weather_gold_v1' retrieved from /opt/airflow/dags/weather_gold_v1.py
[2025-10-13T14:28:37.054+0000] {logging_mixin.py:188} INFO - [2025-10-13T14:28:37.053+0000] {dag.py:3047} INFO - Sync 1 DAGs
[2025-10-13T14:28:37.148+0000] {logging_mixin.py:188} INFO - [2025-10-13T14:28:37.147+0000] {dag.py:3834} INFO - Setting next_dagrun for weather_gold_v1 to 2025-10-12 00:00:00+00:00, run_after=2025-10-19 00:00:00+00:00
[2025-10-13T14:28:37.284+0000] {processor.py:183} INFO - Processing /opt/airflow/dags/weather_gold_v1.py took 0.663 seconds
[2025-10-13T14:29:07.766+0000] {processor.py:161} INFO - Started process (PID=14634) to work on /opt/airflow/dags/weather_gold_v1.py
[2025-10-13T14:29:07.769+0000] {processor.py:830} INFO - Processing file /opt/airflow/dags/weather_gold_v1.py for tasks to queue
[2025-10-13T14:29:07.773+0000] {logging_mixin.py:188} INFO - [2025-10-13T14:29:07.772+0000] {dagbag.py:540} INFO - Filling up the DagBag from /opt/airflow/dags/weather_gold_v1.py
[2025-10-13T14:29:07.820+0000] {processor.py:840} INFO - DAG(s) 'weather_gold_v1' retrieved from /opt/airflow/dags/weather_gold_v1.py
[2025-10-13T14:29:07.916+0000] {logging_mixin.py:188} INFO - [2025-10-13T14:29:07.916+0000] {dag.py:3047} INFO - Sync 1 DAGs
[2025-10-13T14:29:07.984+0000] {logging_mixin.py:188} INFO - [2025-10-13T14:29:07.983+0000] {dag.py:3834} INFO - Setting next_dagrun for weather_gold_v1 to 2025-10-12 00:00:00+00:00, run_after=2025-10-19 00:00:00+00:00
[2025-10-13T14:29:08.074+0000] {processor.py:183} INFO - Processing /opt/airflow/dags/weather_gold_v1.py took 0.315 seconds
[2025-10-13T14:29:38.605+0000] {processor.py:161} INFO - Started process (PID=14649) to work on /opt/airflow/dags/weather_gold_v1.py
[2025-10-13T14:29:38.607+0000] {processor.py:830} INFO - Processing file /opt/airflow/dags/weather_gold_v1.py for tasks to queue
[2025-10-13T14:29:38.609+0000] {logging_mixin.py:188} INFO - [2025-10-13T14:29:38.609+0000] {dagbag.py:540} INFO - Filling up the DagBag from /opt/airflow/dags/weather_gold_v1.py
[2025-10-13T14:29:38.646+0000] {processor.py:840} INFO - DAG(s) 'weather_gold_v1' retrieved from /opt/airflow/dags/weather_gold_v1.py
[2025-10-13T14:29:38.735+0000] {logging_mixin.py:188} INFO - [2025-10-13T14:29:38.735+0000] {dag.py:3047} INFO - Sync 1 DAGs
[2025-10-13T14:29:38.809+0000] {logging_mixin.py:188} INFO - [2025-10-13T14:29:38.808+0000] {dag.py:3834} INFO - Setting next_dagrun for weather_gold_v1 to 2025-10-12 00:00:00+00:00, run_after=2025-10-19 00:00:00+00:00
[2025-10-13T14:29:38.892+0000] {processor.py:183} INFO - Processing /opt/airflow/dags/weather_gold_v1.py took 0.293 seconds
[2025-10-13T14:30:09.682+0000] {processor.py:161} INFO - Started process (PID=14664) to work on /opt/airflow/dags/weather_gold_v1.py
[2025-10-13T14:30:09.686+0000] {processor.py:830} INFO - Processing file /opt/airflow/dags/weather_gold_v1.py for tasks to queue
[2025-10-13T14:30:09.690+0000] {logging_mixin.py:188} INFO - [2025-10-13T14:30:09.689+0000] {dagbag.py:540} INFO - Filling up the DagBag from /opt/airflow/dags/weather_gold_v1.py
[2025-10-13T14:30:09.736+0000] {processor.py:840} INFO - DAG(s) 'weather_gold_v1' retrieved from /opt/airflow/dags/weather_gold_v1.py
[2025-10-13T14:30:09.859+0000] {logging_mixin.py:188} INFO - [2025-10-13T14:30:09.858+0000] {dag.py:3047} INFO - Sync 1 DAGs
[2025-10-13T14:30:09.924+0000] {logging_mixin.py:188} INFO - [2025-10-13T14:30:09.923+0000] {dag.py:3834} INFO - Setting next_dagrun for weather_gold_v1 to 2025-10-12 00:00:00+00:00, run_after=2025-10-19 00:00:00+00:00
[2025-10-13T14:30:10.016+0000] {processor.py:183} INFO - Processing /opt/airflow/dags/weather_gold_v1.py took 0.353 seconds
[2025-10-13T14:30:40.597+0000] {processor.py:161} INFO - Started process (PID=14679) to work on /opt/airflow/dags/weather_gold_v1.py
[2025-10-13T14:30:40.599+0000] {processor.py:830} INFO - Processing file /opt/airflow/dags/weather_gold_v1.py for tasks to queue
[2025-10-13T14:30:40.603+0000] {logging_mixin.py:188} INFO - [2025-10-13T14:30:40.602+0000] {dagbag.py:540} INFO - Filling up the DagBag from /opt/airflow/dags/weather_gold_v1.py
[2025-10-13T14:30:40.646+0000] {processor.py:840} INFO - DAG(s) 'weather_gold_v1' retrieved from /opt/airflow/dags/weather_gold_v1.py
[2025-10-13T14:30:40.738+0000] {logging_mixin.py:188} INFO - [2025-10-13T14:30:40.738+0000] {dag.py:3047} INFO - Sync 1 DAGs
[2025-10-13T14:30:40.803+0000] {logging_mixin.py:188} INFO - [2025-10-13T14:30:40.803+0000] {dag.py:3834} INFO - Setting next_dagrun for weather_gold_v1 to 2025-10-12 00:00:00+00:00, run_after=2025-10-19 00:00:00+00:00
[2025-10-13T14:30:40.904+0000] {processor.py:183} INFO - Processing /opt/airflow/dags/weather_gold_v1.py took 0.313 seconds
[2025-10-13T14:31:11.479+0000] {processor.py:161} INFO - Started process (PID=14694) to work on /opt/airflow/dags/weather_gold_v1.py
[2025-10-13T14:31:11.481+0000] {processor.py:830} INFO - Processing file /opt/airflow/dags/weather_gold_v1.py for tasks to queue
[2025-10-13T14:31:11.483+0000] {logging_mixin.py:188} INFO - [2025-10-13T14:31:11.483+0000] {dagbag.py:540} INFO - Filling up the DagBag from /opt/airflow/dags/weather_gold_v1.py
[2025-10-13T14:31:11.542+0000] {processor.py:840} INFO - DAG(s) 'weather_gold_v1' retrieved from /opt/airflow/dags/weather_gold_v1.py
[2025-10-13T14:31:11.622+0000] {logging_mixin.py:188} INFO - [2025-10-13T14:31:11.621+0000] {dag.py:3047} INFO - Sync 1 DAGs
[2025-10-13T14:31:11.680+0000] {logging_mixin.py:188} INFO - [2025-10-13T14:31:11.679+0000] {dag.py:3834} INFO - Setting next_dagrun for weather_gold_v1 to 2025-10-12 00:00:00+00:00, run_after=2025-10-19 00:00:00+00:00
[2025-10-13T14:31:11.765+0000] {processor.py:183} INFO - Processing /opt/airflow/dags/weather_gold_v1.py took 0.292 seconds
[2025-10-13T14:31:42.516+0000] {processor.py:161} INFO - Started process (PID=14709) to work on /opt/airflow/dags/weather_gold_v1.py
[2025-10-13T14:31:42.517+0000] {processor.py:830} INFO - Processing file /opt/airflow/dags/weather_gold_v1.py for tasks to queue
[2025-10-13T14:31:42.518+0000] {logging_mixin.py:188} INFO - [2025-10-13T14:31:42.518+0000] {dagbag.py:540} INFO - Filling up the DagBag from /opt/airflow/dags/weather_gold_v1.py
[2025-10-13T14:31:42.549+0000] {processor.py:840} INFO - DAG(s) 'weather_gold_v1' retrieved from /opt/airflow/dags/weather_gold_v1.py
[2025-10-13T14:31:42.632+0000] {logging_mixin.py:188} INFO - [2025-10-13T14:31:42.632+0000] {dag.py:3047} INFO - Sync 1 DAGs
[2025-10-13T14:31:42.686+0000] {logging_mixin.py:188} INFO - [2025-10-13T14:31:42.686+0000] {dag.py:3834} INFO - Setting next_dagrun for weather_gold_v1 to 2025-10-12 00:00:00+00:00, run_after=2025-10-19 00:00:00+00:00
[2025-10-13T14:31:42.751+0000] {processor.py:183} INFO - Processing /opt/airflow/dags/weather_gold_v1.py took 0.263 seconds
[2025-10-13T14:32:13.365+0000] {processor.py:161} INFO - Started process (PID=14724) to work on /opt/airflow/dags/weather_gold_v1.py
[2025-10-13T14:32:13.367+0000] {processor.py:830} INFO - Processing file /opt/airflow/dags/weather_gold_v1.py for tasks to queue
[2025-10-13T14:32:13.370+0000] {logging_mixin.py:188} INFO - [2025-10-13T14:32:13.370+0000] {dagbag.py:540} INFO - Filling up the DagBag from /opt/airflow/dags/weather_gold_v1.py
[2025-10-13T14:32:13.419+0000] {processor.py:840} INFO - DAG(s) 'weather_gold_v1' retrieved from /opt/airflow/dags/weather_gold_v1.py
[2025-10-13T14:32:13.534+0000] {logging_mixin.py:188} INFO - [2025-10-13T14:32:13.533+0000] {dag.py:3047} INFO - Sync 1 DAGs
[2025-10-13T14:32:13.608+0000] {logging_mixin.py:188} INFO - [2025-10-13T14:32:13.608+0000] {dag.py:3834} INFO - Setting next_dagrun for weather_gold_v1 to 2025-10-12 00:00:00+00:00, run_after=2025-10-19 00:00:00+00:00
[2025-10-13T14:32:13.698+0000] {processor.py:183} INFO - Processing /opt/airflow/dags/weather_gold_v1.py took 0.340 seconds
[2025-10-13T14:32:44.369+0000] {processor.py:161} INFO - Started process (PID=14739) to work on /opt/airflow/dags/weather_gold_v1.py
[2025-10-13T14:32:44.371+0000] {processor.py:830} INFO - Processing file /opt/airflow/dags/weather_gold_v1.py for tasks to queue
[2025-10-13T14:32:44.375+0000] {logging_mixin.py:188} INFO - [2025-10-13T14:32:44.373+0000] {dagbag.py:540} INFO - Filling up the DagBag from /opt/airflow/dags/weather_gold_v1.py
[2025-10-13T14:32:44.439+0000] {processor.py:840} INFO - DAG(s) 'weather_gold_v1' retrieved from /opt/airflow/dags/weather_gold_v1.py
[2025-10-13T14:32:44.596+0000] {logging_mixin.py:188} INFO - [2025-10-13T14:32:44.595+0000] {dag.py:3047} INFO - Sync 1 DAGs
[2025-10-13T14:32:44.712+0000] {logging_mixin.py:188} INFO - [2025-10-13T14:32:44.711+0000] {dag.py:3834} INFO - Setting next_dagrun for weather_gold_v1 to 2025-10-12 00:00:00+00:00, run_after=2025-10-19 00:00:00+00:00
[2025-10-13T14:32:44.882+0000] {processor.py:183} INFO - Processing /opt/airflow/dags/weather_gold_v1.py took 0.519 seconds
[2025-10-13T14:33:15.510+0000] {processor.py:161} INFO - Started process (PID=14754) to work on /opt/airflow/dags/weather_gold_v1.py
[2025-10-13T14:33:15.511+0000] {processor.py:830} INFO - Processing file /opt/airflow/dags/weather_gold_v1.py for tasks to queue
[2025-10-13T14:33:15.514+0000] {logging_mixin.py:188} INFO - [2025-10-13T14:33:15.513+0000] {dagbag.py:540} INFO - Filling up the DagBag from /opt/airflow/dags/weather_gold_v1.py
[2025-10-13T14:33:15.557+0000] {processor.py:840} INFO - DAG(s) 'weather_gold_v1' retrieved from /opt/airflow/dags/weather_gold_v1.py
[2025-10-13T14:33:15.637+0000] {logging_mixin.py:188} INFO - [2025-10-13T14:33:15.637+0000] {dag.py:3047} INFO - Sync 1 DAGs
[2025-10-13T14:33:15.690+0000] {logging_mixin.py:188} INFO - [2025-10-13T14:33:15.690+0000] {dag.py:3834} INFO - Setting next_dagrun for weather_gold_v1 to 2025-10-12 00:00:00+00:00, run_after=2025-10-19 00:00:00+00:00
[2025-10-13T14:33:15.758+0000] {processor.py:183} INFO - Processing /opt/airflow/dags/weather_gold_v1.py took 0.253 seconds
[2025-10-13T14:33:46.285+0000] {processor.py:161} INFO - Started process (PID=14769) to work on /opt/airflow/dags/weather_gold_v1.py
[2025-10-13T14:33:46.288+0000] {processor.py:830} INFO - Processing file /opt/airflow/dags/weather_gold_v1.py for tasks to queue
[2025-10-13T14:33:46.291+0000] {logging_mixin.py:188} INFO - [2025-10-13T14:33:46.290+0000] {dagbag.py:540} INFO - Filling up the DagBag from /opt/airflow/dags/weather_gold_v1.py
[2025-10-13T14:33:46.351+0000] {processor.py:840} INFO - DAG(s) 'weather_gold_v1' retrieved from /opt/airflow/dags/weather_gold_v1.py
[2025-10-13T14:33:46.488+0000] {logging_mixin.py:188} INFO - [2025-10-13T14:33:46.487+0000] {dag.py:3047} INFO - Sync 1 DAGs
[2025-10-13T14:33:46.574+0000] {logging_mixin.py:188} INFO - [2025-10-13T14:33:46.574+0000] {dag.py:3834} INFO - Setting next_dagrun for weather_gold_v1 to 2025-10-12 00:00:00+00:00, run_after=2025-10-19 00:00:00+00:00
[2025-10-13T14:33:46.685+0000] {processor.py:183} INFO - Processing /opt/airflow/dags/weather_gold_v1.py took 0.406 seconds
[2025-10-13T14:34:17.117+0000] {processor.py:161} INFO - Started process (PID=14784) to work on /opt/airflow/dags/weather_gold_v1.py
[2025-10-13T14:34:17.127+0000] {processor.py:830} INFO - Processing file /opt/airflow/dags/weather_gold_v1.py for tasks to queue
[2025-10-13T14:34:17.133+0000] {logging_mixin.py:188} INFO - [2025-10-13T14:34:17.131+0000] {dagbag.py:540} INFO - Filling up the DagBag from /opt/airflow/dags/weather_gold_v1.py
[2025-10-13T14:34:17.254+0000] {processor.py:840} INFO - DAG(s) 'weather_gold_v1' retrieved from /opt/airflow/dags/weather_gold_v1.py
[2025-10-13T14:34:17.462+0000] {logging_mixin.py:188} INFO - [2025-10-13T14:34:17.461+0000] {dag.py:3047} INFO - Sync 1 DAGs
[2025-10-13T14:34:17.552+0000] {logging_mixin.py:188} INFO - [2025-10-13T14:34:17.551+0000] {dag.py:3834} INFO - Setting next_dagrun for weather_gold_v1 to 2025-10-12 00:00:00+00:00, run_after=2025-10-19 00:00:00+00:00
[2025-10-13T14:34:17.649+0000] {processor.py:183} INFO - Processing /opt/airflow/dags/weather_gold_v1.py took 0.553 seconds
[2025-10-13T14:34:48.378+0000] {processor.py:161} INFO - Started process (PID=14799) to work on /opt/airflow/dags/weather_gold_v1.py
[2025-10-13T14:34:48.381+0000] {processor.py:830} INFO - Processing file /opt/airflow/dags/weather_gold_v1.py for tasks to queue
[2025-10-13T14:34:48.383+0000] {logging_mixin.py:188} INFO - [2025-10-13T14:34:48.382+0000] {dagbag.py:540} INFO - Filling up the DagBag from /opt/airflow/dags/weather_gold_v1.py
[2025-10-13T14:34:48.420+0000] {processor.py:840} INFO - DAG(s) 'weather_gold_v1' retrieved from /opt/airflow/dags/weather_gold_v1.py
[2025-10-13T14:34:48.523+0000] {logging_mixin.py:188} INFO - [2025-10-13T14:34:48.522+0000] {dag.py:3047} INFO - Sync 1 DAGs
[2025-10-13T14:34:48.609+0000] {logging_mixin.py:188} INFO - [2025-10-13T14:34:48.608+0000] {dag.py:3834} INFO - Setting next_dagrun for weather_gold_v1 to 2025-10-12 00:00:00+00:00, run_after=2025-10-19 00:00:00+00:00
[2025-10-13T14:34:48.676+0000] {processor.py:183} INFO - Processing /opt/airflow/dags/weather_gold_v1.py took 0.305 seconds
[2025-10-13T14:35:19.553+0000] {processor.py:161} INFO - Started process (PID=14814) to work on /opt/airflow/dags/weather_gold_v1.py
[2025-10-13T14:35:19.567+0000] {processor.py:830} INFO - Processing file /opt/airflow/dags/weather_gold_v1.py for tasks to queue
[2025-10-13T14:35:19.577+0000] {logging_mixin.py:188} INFO - [2025-10-13T14:35:19.575+0000] {dagbag.py:540} INFO - Filling up the DagBag from /opt/airflow/dags/weather_gold_v1.py
[2025-10-13T14:35:19.873+0000] {processor.py:840} INFO - DAG(s) 'weather_gold_v1' retrieved from /opt/airflow/dags/weather_gold_v1.py
[2025-10-13T14:35:20.109+0000] {logging_mixin.py:188} INFO - [2025-10-13T14:35:20.108+0000] {dag.py:3047} INFO - Sync 1 DAGs
[2025-10-13T14:35:20.177+0000] {logging_mixin.py:188} INFO - [2025-10-13T14:35:20.176+0000] {dag.py:3834} INFO - Setting next_dagrun for weather_gold_v1 to 2025-10-12 00:00:00+00:00, run_after=2025-10-19 00:00:00+00:00
[2025-10-13T14:35:20.304+0000] {processor.py:183} INFO - Processing /opt/airflow/dags/weather_gold_v1.py took 0.759 seconds
[2025-10-13T14:35:50.418+0000] {processor.py:161} INFO - Started process (PID=14829) to work on /opt/airflow/dags/weather_gold_v1.py
[2025-10-13T14:35:50.420+0000] {processor.py:830} INFO - Processing file /opt/airflow/dags/weather_gold_v1.py for tasks to queue
[2025-10-13T14:35:50.422+0000] {logging_mixin.py:188} INFO - [2025-10-13T14:35:50.421+0000] {dagbag.py:540} INFO - Filling up the DagBag from /opt/airflow/dags/weather_gold_v1.py
[2025-10-13T14:35:50.455+0000] {processor.py:840} INFO - DAG(s) 'weather_gold_v1' retrieved from /opt/airflow/dags/weather_gold_v1.py
[2025-10-13T14:35:50.525+0000] {logging_mixin.py:188} INFO - [2025-10-13T14:35:50.524+0000] {dag.py:3047} INFO - Sync 1 DAGs
[2025-10-13T14:35:50.579+0000] {logging_mixin.py:188} INFO - [2025-10-13T14:35:50.578+0000] {dag.py:3834} INFO - Setting next_dagrun for weather_gold_v1 to 2025-10-12 00:00:00+00:00, run_after=2025-10-19 00:00:00+00:00
[2025-10-13T14:35:50.643+0000] {processor.py:183} INFO - Processing /opt/airflow/dags/weather_gold_v1.py took 0.251 seconds
[2025-10-13T14:49:19.531+0000] {processor.py:161} INFO - Started process (PID=14839) to work on /opt/airflow/dags/weather_gold_v1.py
[2025-10-13T14:49:19.562+0000] {processor.py:830} INFO - Processing file /opt/airflow/dags/weather_gold_v1.py for tasks to queue
[2025-10-13T14:49:19.586+0000] {logging_mixin.py:188} INFO - [2025-10-13T14:49:19.585+0000] {dagbag.py:540} INFO - Filling up the DagBag from /opt/airflow/dags/weather_gold_v1.py
[2025-10-13T14:49:19.913+0000] {processor.py:840} INFO - DAG(s) 'weather_gold_v1' retrieved from /opt/airflow/dags/weather_gold_v1.py
[2025-10-13T14:49:20.547+0000] {logging_mixin.py:188} INFO - [2025-10-13T14:49:20.546+0000] {dag.py:3047} INFO - Sync 1 DAGs
[2025-10-13T14:49:21.077+0000] {logging_mixin.py:188} INFO - [2025-10-13T14:49:21.075+0000] {dag.py:3834} INFO - Setting next_dagrun for weather_gold_v1 to 2025-10-12 00:00:00+00:00, run_after=2025-10-19 00:00:00+00:00
[2025-10-13T14:49:21.282+0000] {processor.py:183} INFO - Processing /opt/airflow/dags/weather_gold_v1.py took 1.760 seconds
[2025-10-13T14:49:51.557+0000] {processor.py:161} INFO - Started process (PID=14855) to work on /opt/airflow/dags/weather_gold_v1.py
[2025-10-13T14:49:51.567+0000] {processor.py:830} INFO - Processing file /opt/airflow/dags/weather_gold_v1.py for tasks to queue
[2025-10-13T14:49:51.576+0000] {logging_mixin.py:188} INFO - [2025-10-13T14:49:51.574+0000] {dagbag.py:540} INFO - Filling up the DagBag from /opt/airflow/dags/weather_gold_v1.py
[2025-10-13T14:49:51.733+0000] {processor.py:840} INFO - DAG(s) 'weather_gold_v1' retrieved from /opt/airflow/dags/weather_gold_v1.py
[2025-10-13T14:49:51.995+0000] {logging_mixin.py:188} INFO - [2025-10-13T14:49:51.994+0000] {dag.py:3047} INFO - Sync 1 DAGs
[2025-10-13T14:49:52.139+0000] {logging_mixin.py:188} INFO - [2025-10-13T14:49:52.138+0000] {dag.py:3834} INFO - Setting next_dagrun for weather_gold_v1 to 2025-10-12 00:00:00+00:00, run_after=2025-10-19 00:00:00+00:00
[2025-10-13T14:49:52.227+0000] {processor.py:183} INFO - Processing /opt/airflow/dags/weather_gold_v1.py took 0.708 seconds
[2025-10-13T14:50:23.154+0000] {processor.py:161} INFO - Started process (PID=14870) to work on /opt/airflow/dags/weather_gold_v1.py
[2025-10-13T14:50:23.211+0000] {processor.py:830} INFO - Processing file /opt/airflow/dags/weather_gold_v1.py for tasks to queue
[2025-10-13T14:50:23.258+0000] {logging_mixin.py:188} INFO - [2025-10-13T14:50:23.257+0000] {dagbag.py:540} INFO - Filling up the DagBag from /opt/airflow/dags/weather_gold_v1.py
[2025-10-13T14:50:23.722+0000] {processor.py:840} INFO - DAG(s) 'weather_gold_v1' retrieved from /opt/airflow/dags/weather_gold_v1.py
[2025-10-13T14:50:24.134+0000] {logging_mixin.py:188} INFO - [2025-10-13T14:50:24.134+0000] {dag.py:3047} INFO - Sync 1 DAGs
[2025-10-13T14:50:24.357+0000] {logging_mixin.py:188} INFO - [2025-10-13T14:50:24.353+0000] {dag.py:3834} INFO - Setting next_dagrun for weather_gold_v1 to 2025-10-12 00:00:00+00:00, run_after=2025-10-19 00:00:00+00:00
[2025-10-13T14:50:24.486+0000] {processor.py:183} INFO - Processing /opt/airflow/dags/weather_gold_v1.py took 1.356 seconds
[2025-10-13T14:50:55.020+0000] {processor.py:161} INFO - Started process (PID=14885) to work on /opt/airflow/dags/weather_gold_v1.py
[2025-10-13T14:50:55.021+0000] {processor.py:830} INFO - Processing file /opt/airflow/dags/weather_gold_v1.py for tasks to queue
[2025-10-13T14:50:55.023+0000] {logging_mixin.py:188} INFO - [2025-10-13T14:50:55.023+0000] {dagbag.py:540} INFO - Filling up the DagBag from /opt/airflow/dags/weather_gold_v1.py
[2025-10-13T14:50:55.064+0000] {processor.py:840} INFO - DAG(s) 'weather_gold_v1' retrieved from /opt/airflow/dags/weather_gold_v1.py
[2025-10-13T14:50:55.147+0000] {logging_mixin.py:188} INFO - [2025-10-13T14:50:55.146+0000] {dag.py:3047} INFO - Sync 1 DAGs
[2025-10-13T14:50:55.200+0000] {logging_mixin.py:188} INFO - [2025-10-13T14:50:55.200+0000] {dag.py:3834} INFO - Setting next_dagrun for weather_gold_v1 to 2025-10-12 00:00:00+00:00, run_after=2025-10-19 00:00:00+00:00
[2025-10-13T14:50:55.289+0000] {processor.py:183} INFO - Processing /opt/airflow/dags/weather_gold_v1.py took 0.273 seconds
[2025-10-13T14:51:26.753+0000] {processor.py:161} INFO - Started process (PID=14900) to work on /opt/airflow/dags/weather_gold_v1.py
[2025-10-13T14:51:26.829+0000] {processor.py:830} INFO - Processing file /opt/airflow/dags/weather_gold_v1.py for tasks to queue
[2025-10-13T14:51:26.831+0000] {logging_mixin.py:188} INFO - [2025-10-13T14:51:26.830+0000] {dagbag.py:540} INFO - Filling up the DagBag from /opt/airflow/dags/weather_gold_v1.py
[2025-10-13T14:51:26.944+0000] {processor.py:840} INFO - DAG(s) 'weather_gold_v1' retrieved from /opt/airflow/dags/weather_gold_v1.py
[2025-10-13T14:51:30.384+0000] {logging_mixin.py:188} INFO - [2025-10-13T14:51:30.379+0000] {dag.py:3047} INFO - Sync 1 DAGs
[2025-10-13T14:51:30.590+0000] {logging_mixin.py:188} INFO - [2025-10-13T14:51:30.589+0000] {dag.py:3834} INFO - Setting next_dagrun for weather_gold_v1 to 2025-10-12 00:00:00+00:00, run_after=2025-10-19 00:00:00+00:00
[2025-10-13T14:51:30.757+0000] {processor.py:183} INFO - Processing /opt/airflow/dags/weather_gold_v1.py took 4.013 seconds
[2025-10-13T14:52:01.397+0000] {processor.py:161} INFO - Started process (PID=14915) to work on /opt/airflow/dags/weather_gold_v1.py
[2025-10-13T14:52:01.404+0000] {processor.py:830} INFO - Processing file /opt/airflow/dags/weather_gold_v1.py for tasks to queue
[2025-10-13T14:52:01.407+0000] {logging_mixin.py:188} INFO - [2025-10-13T14:52:01.406+0000] {dagbag.py:540} INFO - Filling up the DagBag from /opt/airflow/dags/weather_gold_v1.py
[2025-10-13T14:52:01.467+0000] {processor.py:840} INFO - DAG(s) 'weather_gold_v1' retrieved from /opt/airflow/dags/weather_gold_v1.py
[2025-10-13T14:52:01.588+0000] {logging_mixin.py:188} INFO - [2025-10-13T14:52:01.588+0000] {dag.py:3047} INFO - Sync 1 DAGs
[2025-10-13T14:52:01.661+0000] {logging_mixin.py:188} INFO - [2025-10-13T14:52:01.660+0000] {dag.py:3834} INFO - Setting next_dagrun for weather_gold_v1 to 2025-10-12 00:00:00+00:00, run_after=2025-10-19 00:00:00+00:00
[2025-10-13T14:52:01.741+0000] {processor.py:183} INFO - Processing /opt/airflow/dags/weather_gold_v1.py took 0.351 seconds
[2025-10-13T14:52:32.704+0000] {processor.py:161} INFO - Started process (PID=14930) to work on /opt/airflow/dags/weather_gold_v1.py
[2025-10-13T14:52:32.713+0000] {processor.py:830} INFO - Processing file /opt/airflow/dags/weather_gold_v1.py for tasks to queue
[2025-10-13T14:52:32.720+0000] {logging_mixin.py:188} INFO - [2025-10-13T14:52:32.717+0000] {dagbag.py:540} INFO - Filling up the DagBag from /opt/airflow/dags/weather_gold_v1.py
[2025-10-13T14:52:32.904+0000] {processor.py:840} INFO - DAG(s) 'weather_gold_v1' retrieved from /opt/airflow/dags/weather_gold_v1.py
[2025-10-13T14:52:33.213+0000] {logging_mixin.py:188} INFO - [2025-10-13T14:52:33.212+0000] {dag.py:3047} INFO - Sync 1 DAGs
[2025-10-13T14:52:33.339+0000] {logging_mixin.py:188} INFO - [2025-10-13T14:52:33.338+0000] {dag.py:3834} INFO - Setting next_dagrun for weather_gold_v1 to 2025-10-12 00:00:00+00:00, run_after=2025-10-19 00:00:00+00:00
[2025-10-13T14:52:33.434+0000] {processor.py:183} INFO - Processing /opt/airflow/dags/weather_gold_v1.py took 0.770 seconds
[2025-10-13T14:53:04.501+0000] {processor.py:161} INFO - Started process (PID=14945) to work on /opt/airflow/dags/weather_gold_v1.py
[2025-10-13T14:53:04.503+0000] {processor.py:830} INFO - Processing file /opt/airflow/dags/weather_gold_v1.py for tasks to queue
[2025-10-13T14:53:04.505+0000] {logging_mixin.py:188} INFO - [2025-10-13T14:53:04.504+0000] {dagbag.py:540} INFO - Filling up the DagBag from /opt/airflow/dags/weather_gold_v1.py
[2025-10-13T14:53:04.561+0000] {processor.py:840} INFO - DAG(s) 'weather_gold_v1' retrieved from /opt/airflow/dags/weather_gold_v1.py
[2025-10-13T14:53:04.667+0000] {logging_mixin.py:188} INFO - [2025-10-13T14:53:04.667+0000] {dag.py:3047} INFO - Sync 1 DAGs
[2025-10-13T14:53:04.733+0000] {logging_mixin.py:188} INFO - [2025-10-13T14:53:04.733+0000] {dag.py:3834} INFO - Setting next_dagrun for weather_gold_v1 to 2025-10-12 00:00:00+00:00, run_after=2025-10-19 00:00:00+00:00
[2025-10-13T14:53:04.819+0000] {processor.py:183} INFO - Processing /opt/airflow/dags/weather_gold_v1.py took 0.352 seconds
[2025-10-13T14:53:35.380+0000] {processor.py:161} INFO - Started process (PID=14960) to work on /opt/airflow/dags/weather_gold_v1.py
[2025-10-13T14:53:35.382+0000] {processor.py:830} INFO - Processing file /opt/airflow/dags/weather_gold_v1.py for tasks to queue
[2025-10-13T14:53:35.384+0000] {logging_mixin.py:188} INFO - [2025-10-13T14:53:35.384+0000] {dagbag.py:540} INFO - Filling up the DagBag from /opt/airflow/dags/weather_gold_v1.py
[2025-10-13T14:53:35.434+0000] {processor.py:840} INFO - DAG(s) 'weather_gold_v1' retrieved from /opt/airflow/dags/weather_gold_v1.py
[2025-10-13T14:53:35.581+0000] {logging_mixin.py:188} INFO - [2025-10-13T14:53:35.580+0000] {dag.py:3047} INFO - Sync 1 DAGs
[2025-10-13T14:53:35.658+0000] {logging_mixin.py:188} INFO - [2025-10-13T14:53:35.657+0000] {dag.py:3834} INFO - Setting next_dagrun for weather_gold_v1 to 2025-10-12 00:00:00+00:00, run_after=2025-10-19 00:00:00+00:00
[2025-10-13T14:53:35.766+0000] {processor.py:183} INFO - Processing /opt/airflow/dags/weather_gold_v1.py took 0.393 seconds
[2025-10-13T14:54:06.713+0000] {processor.py:161} INFO - Started process (PID=14975) to work on /opt/airflow/dags/weather_gold_v1.py
[2025-10-13T14:54:06.851+0000] {processor.py:830} INFO - Processing file /opt/airflow/dags/weather_gold_v1.py for tasks to queue
[2025-10-13T14:54:06.855+0000] {logging_mixin.py:188} INFO - [2025-10-13T14:54:06.854+0000] {dagbag.py:540} INFO - Filling up the DagBag from /opt/airflow/dags/weather_gold_v1.py
[2025-10-13T14:54:07.021+0000] {processor.py:840} INFO - DAG(s) 'weather_gold_v1' retrieved from /opt/airflow/dags/weather_gold_v1.py
[2025-10-13T14:54:08.397+0000] {logging_mixin.py:188} INFO - [2025-10-13T14:54:08.396+0000] {dag.py:3047} INFO - Sync 1 DAGs
[2025-10-13T14:54:08.663+0000] {logging_mixin.py:188} INFO - [2025-10-13T14:54:08.662+0000] {dag.py:3834} INFO - Setting next_dagrun for weather_gold_v1 to 2025-10-12 00:00:00+00:00, run_after=2025-10-19 00:00:00+00:00
[2025-10-13T14:54:08.761+0000] {processor.py:183} INFO - Processing /opt/airflow/dags/weather_gold_v1.py took 2.055 seconds
[2025-10-13T14:54:39.544+0000] {processor.py:161} INFO - Started process (PID=14990) to work on /opt/airflow/dags/weather_gold_v1.py
[2025-10-13T14:54:39.569+0000] {processor.py:830} INFO - Processing file /opt/airflow/dags/weather_gold_v1.py for tasks to queue
[2025-10-13T14:54:39.586+0000] {logging_mixin.py:188} INFO - [2025-10-13T14:54:39.582+0000] {dagbag.py:540} INFO - Filling up the DagBag from /opt/airflow/dags/weather_gold_v1.py
[2025-10-13T14:54:39.785+0000] {processor.py:840} INFO - DAG(s) 'weather_gold_v1' retrieved from /opt/airflow/dags/weather_gold_v1.py
[2025-10-13T14:54:40.032+0000] {logging_mixin.py:188} INFO - [2025-10-13T14:54:40.031+0000] {dag.py:3047} INFO - Sync 1 DAGs
[2025-10-13T14:54:40.148+0000] {logging_mixin.py:188} INFO - [2025-10-13T14:54:40.148+0000] {dag.py:3834} INFO - Setting next_dagrun for weather_gold_v1 to 2025-10-12 00:00:00+00:00, run_after=2025-10-19 00:00:00+00:00
[2025-10-13T14:54:40.251+0000] {processor.py:183} INFO - Processing /opt/airflow/dags/weather_gold_v1.py took 0.803 seconds
[2025-10-13T14:55:11.264+0000] {processor.py:161} INFO - Started process (PID=15005) to work on /opt/airflow/dags/weather_gold_v1.py
[2025-10-13T14:55:11.267+0000] {processor.py:830} INFO - Processing file /opt/airflow/dags/weather_gold_v1.py for tasks to queue
[2025-10-13T14:55:11.269+0000] {logging_mixin.py:188} INFO - [2025-10-13T14:55:11.269+0000] {dagbag.py:540} INFO - Filling up the DagBag from /opt/airflow/dags/weather_gold_v1.py
[2025-10-13T14:55:11.329+0000] {processor.py:840} INFO - DAG(s) 'weather_gold_v1' retrieved from /opt/airflow/dags/weather_gold_v1.py
[2025-10-13T14:55:11.464+0000] {logging_mixin.py:188} INFO - [2025-10-13T14:55:11.463+0000] {dag.py:3047} INFO - Sync 1 DAGs
[2025-10-13T14:55:11.545+0000] {logging_mixin.py:188} INFO - [2025-10-13T14:55:11.545+0000] {dag.py:3834} INFO - Setting next_dagrun for weather_gold_v1 to 2025-10-12 00:00:00+00:00, run_after=2025-10-19 00:00:00+00:00
[2025-10-13T14:55:11.621+0000] {processor.py:183} INFO - Processing /opt/airflow/dags/weather_gold_v1.py took 0.364 seconds
[2025-10-13T14:55:42.190+0000] {processor.py:161} INFO - Started process (PID=15020) to work on /opt/airflow/dags/weather_gold_v1.py
[2025-10-13T14:55:42.193+0000] {processor.py:830} INFO - Processing file /opt/airflow/dags/weather_gold_v1.py for tasks to queue
[2025-10-13T14:55:42.196+0000] {logging_mixin.py:188} INFO - [2025-10-13T14:55:42.195+0000] {dagbag.py:540} INFO - Filling up the DagBag from /opt/airflow/dags/weather_gold_v1.py
[2025-10-13T14:55:42.239+0000] {processor.py:840} INFO - DAG(s) 'weather_gold_v1' retrieved from /opt/airflow/dags/weather_gold_v1.py
[2025-10-13T14:55:42.359+0000] {logging_mixin.py:188} INFO - [2025-10-13T14:55:42.358+0000] {dag.py:3047} INFO - Sync 1 DAGs
[2025-10-13T14:55:42.426+0000] {logging_mixin.py:188} INFO - [2025-10-13T14:55:42.426+0000] {dag.py:3834} INFO - Setting next_dagrun for weather_gold_v1 to 2025-10-12 00:00:00+00:00, run_after=2025-10-19 00:00:00+00:00
[2025-10-13T14:55:42.501+0000] {processor.py:183} INFO - Processing /opt/airflow/dags/weather_gold_v1.py took 0.319 seconds
[2025-10-13T14:56:13.142+0000] {processor.py:161} INFO - Started process (PID=15035) to work on /opt/airflow/dags/weather_gold_v1.py
[2025-10-13T14:56:13.145+0000] {processor.py:830} INFO - Processing file /opt/airflow/dags/weather_gold_v1.py for tasks to queue
[2025-10-13T14:56:13.147+0000] {logging_mixin.py:188} INFO - [2025-10-13T14:56:13.147+0000] {dagbag.py:540} INFO - Filling up the DagBag from /opt/airflow/dags/weather_gold_v1.py
[2025-10-13T14:56:13.205+0000] {processor.py:840} INFO - DAG(s) 'weather_gold_v1' retrieved from /opt/airflow/dags/weather_gold_v1.py
[2025-10-13T14:56:13.307+0000] {logging_mixin.py:188} INFO - [2025-10-13T14:56:13.306+0000] {dag.py:3047} INFO - Sync 1 DAGs
[2025-10-13T14:56:13.361+0000] {logging_mixin.py:188} INFO - [2025-10-13T14:56:13.360+0000] {dag.py:3834} INFO - Setting next_dagrun for weather_gold_v1 to 2025-10-12 00:00:00+00:00, run_after=2025-10-19 00:00:00+00:00
[2025-10-13T14:56:13.431+0000] {processor.py:183} INFO - Processing /opt/airflow/dags/weather_gold_v1.py took 0.293 seconds
[2025-10-13T14:56:44.175+0000] {processor.py:161} INFO - Started process (PID=15050) to work on /opt/airflow/dags/weather_gold_v1.py
[2025-10-13T14:56:44.180+0000] {processor.py:830} INFO - Processing file /opt/airflow/dags/weather_gold_v1.py for tasks to queue
[2025-10-13T14:56:44.190+0000] {logging_mixin.py:188} INFO - [2025-10-13T14:56:44.187+0000] {dagbag.py:540} INFO - Filling up the DagBag from /opt/airflow/dags/weather_gold_v1.py
[2025-10-13T14:56:44.285+0000] {processor.py:840} INFO - DAG(s) 'weather_gold_v1' retrieved from /opt/airflow/dags/weather_gold_v1.py
[2025-10-13T14:56:45.054+0000] {logging_mixin.py:188} INFO - [2025-10-13T14:56:45.053+0000] {dag.py:3047} INFO - Sync 1 DAGs
[2025-10-13T14:56:45.548+0000] {logging_mixin.py:188} INFO - [2025-10-13T14:56:45.547+0000] {dag.py:3834} INFO - Setting next_dagrun for weather_gold_v1 to 2025-10-12 00:00:00+00:00, run_after=2025-10-19 00:00:00+00:00
[2025-10-13T14:56:45.866+0000] {processor.py:183} INFO - Processing /opt/airflow/dags/weather_gold_v1.py took 1.713 seconds
[2025-10-13T14:57:16.772+0000] {processor.py:161} INFO - Started process (PID=15065) to work on /opt/airflow/dags/weather_gold_v1.py
[2025-10-13T14:57:16.774+0000] {processor.py:830} INFO - Processing file /opt/airflow/dags/weather_gold_v1.py for tasks to queue
[2025-10-13T14:57:16.776+0000] {logging_mixin.py:188} INFO - [2025-10-13T14:57:16.775+0000] {dagbag.py:540} INFO - Filling up the DagBag from /opt/airflow/dags/weather_gold_v1.py
[2025-10-13T14:57:16.831+0000] {processor.py:840} INFO - DAG(s) 'weather_gold_v1' retrieved from /opt/airflow/dags/weather_gold_v1.py
[2025-10-13T14:57:16.940+0000] {logging_mixin.py:188} INFO - [2025-10-13T14:57:16.939+0000] {dag.py:3047} INFO - Sync 1 DAGs
[2025-10-13T14:57:17.018+0000] {logging_mixin.py:188} INFO - [2025-10-13T14:57:17.017+0000] {dag.py:3834} INFO - Setting next_dagrun for weather_gold_v1 to 2025-10-12 00:00:00+00:00, run_after=2025-10-19 00:00:00+00:00
[2025-10-13T14:57:17.093+0000] {processor.py:183} INFO - Processing /opt/airflow/dags/weather_gold_v1.py took 0.332 seconds
[2025-10-13T14:57:47.926+0000] {processor.py:161} INFO - Started process (PID=15080) to work on /opt/airflow/dags/weather_gold_v1.py
[2025-10-13T14:57:47.932+0000] {processor.py:830} INFO - Processing file /opt/airflow/dags/weather_gold_v1.py for tasks to queue
[2025-10-13T14:57:47.936+0000] {logging_mixin.py:188} INFO - [2025-10-13T14:57:47.935+0000] {dagbag.py:540} INFO - Filling up the DagBag from /opt/airflow/dags/weather_gold_v1.py
[2025-10-13T14:57:47.991+0000] {processor.py:840} INFO - DAG(s) 'weather_gold_v1' retrieved from /opt/airflow/dags/weather_gold_v1.py
[2025-10-13T14:57:48.101+0000] {logging_mixin.py:188} INFO - [2025-10-13T14:57:48.100+0000] {dag.py:3047} INFO - Sync 1 DAGs
[2025-10-13T14:57:48.184+0000] {logging_mixin.py:188} INFO - [2025-10-13T14:57:48.184+0000] {dag.py:3834} INFO - Setting next_dagrun for weather_gold_v1 to 2025-10-12 00:00:00+00:00, run_after=2025-10-19 00:00:00+00:00
[2025-10-13T14:57:48.258+0000] {processor.py:183} INFO - Processing /opt/airflow/dags/weather_gold_v1.py took 0.345 seconds
[2025-10-13T14:58:18.770+0000] {processor.py:161} INFO - Started process (PID=15095) to work on /opt/airflow/dags/weather_gold_v1.py
[2025-10-13T14:58:18.773+0000] {processor.py:830} INFO - Processing file /opt/airflow/dags/weather_gold_v1.py for tasks to queue
[2025-10-13T14:58:18.775+0000] {logging_mixin.py:188} INFO - [2025-10-13T14:58:18.774+0000] {dagbag.py:540} INFO - Filling up the DagBag from /opt/airflow/dags/weather_gold_v1.py
[2025-10-13T14:58:18.826+0000] {processor.py:840} INFO - DAG(s) 'weather_gold_v1' retrieved from /opt/airflow/dags/weather_gold_v1.py
[2025-10-13T14:58:18.919+0000] {logging_mixin.py:188} INFO - [2025-10-13T14:58:18.919+0000] {dag.py:3047} INFO - Sync 1 DAGs
[2025-10-13T14:58:18.984+0000] {logging_mixin.py:188} INFO - [2025-10-13T14:58:18.984+0000] {dag.py:3834} INFO - Setting next_dagrun for weather_gold_v1 to 2025-10-12 00:00:00+00:00, run_after=2025-10-19 00:00:00+00:00
[2025-10-13T14:58:19.061+0000] {processor.py:183} INFO - Processing /opt/airflow/dags/weather_gold_v1.py took 0.296 seconds
[2025-10-13T14:58:49.641+0000] {processor.py:161} INFO - Started process (PID=15110) to work on /opt/airflow/dags/weather_gold_v1.py
[2025-10-13T14:58:49.644+0000] {processor.py:830} INFO - Processing file /opt/airflow/dags/weather_gold_v1.py for tasks to queue
[2025-10-13T14:58:49.646+0000] {logging_mixin.py:188} INFO - [2025-10-13T14:58:49.646+0000] {dagbag.py:540} INFO - Filling up the DagBag from /opt/airflow/dags/weather_gold_v1.py
[2025-10-13T14:58:49.692+0000] {processor.py:840} INFO - DAG(s) 'weather_gold_v1' retrieved from /opt/airflow/dags/weather_gold_v1.py
[2025-10-13T14:58:49.786+0000] {logging_mixin.py:188} INFO - [2025-10-13T14:58:49.786+0000] {dag.py:3047} INFO - Sync 1 DAGs
[2025-10-13T14:58:49.865+0000] {logging_mixin.py:188} INFO - [2025-10-13T14:58:49.864+0000] {dag.py:3834} INFO - Setting next_dagrun for weather_gold_v1 to 2025-10-12 00:00:00+00:00, run_after=2025-10-19 00:00:00+00:00
[2025-10-13T14:58:49.952+0000] {processor.py:183} INFO - Processing /opt/airflow/dags/weather_gold_v1.py took 0.317 seconds
[2025-10-13T14:59:21.187+0000] {processor.py:161} INFO - Started process (PID=15125) to work on /opt/airflow/dags/weather_gold_v1.py
[2025-10-13T14:59:21.273+0000] {processor.py:830} INFO - Processing file /opt/airflow/dags/weather_gold_v1.py for tasks to queue
[2025-10-13T14:59:21.275+0000] {logging_mixin.py:188} INFO - [2025-10-13T14:59:21.275+0000] {dagbag.py:540} INFO - Filling up the DagBag from /opt/airflow/dags/weather_gold_v1.py
[2025-10-13T14:59:21.623+0000] {processor.py:840} INFO - DAG(s) 'weather_gold_v1' retrieved from /opt/airflow/dags/weather_gold_v1.py
[2025-10-13T14:59:25.802+0000] {logging_mixin.py:188} INFO - [2025-10-13T14:59:25.800+0000] {dag.py:3047} INFO - Sync 1 DAGs
[2025-10-13T14:59:25.925+0000] {logging_mixin.py:188} INFO - [2025-10-13T14:59:25.924+0000] {dag.py:3834} INFO - Setting next_dagrun for weather_gold_v1 to 2025-10-12 00:00:00+00:00, run_after=2025-10-19 00:00:00+00:00
[2025-10-13T14:59:26.077+0000] {processor.py:183} INFO - Processing /opt/airflow/dags/weather_gold_v1.py took 4.896 seconds
[2025-10-13T14:59:56.502+0000] {processor.py:161} INFO - Started process (PID=15140) to work on /opt/airflow/dags/weather_gold_v1.py
[2025-10-13T14:59:56.505+0000] {processor.py:830} INFO - Processing file /opt/airflow/dags/weather_gold_v1.py for tasks to queue
[2025-10-13T14:59:56.510+0000] {logging_mixin.py:188} INFO - [2025-10-13T14:59:56.508+0000] {dagbag.py:540} INFO - Filling up the DagBag from /opt/airflow/dags/weather_gold_v1.py
[2025-10-13T14:59:56.582+0000] {processor.py:840} INFO - DAG(s) 'weather_gold_v1' retrieved from /opt/airflow/dags/weather_gold_v1.py
[2025-10-13T14:59:56.663+0000] {logging_mixin.py:188} INFO - [2025-10-13T14:59:56.662+0000] {dag.py:3047} INFO - Sync 1 DAGs
[2025-10-13T14:59:56.709+0000] {logging_mixin.py:188} INFO - [2025-10-13T14:59:56.709+0000] {dag.py:3834} INFO - Setting next_dagrun for weather_gold_v1 to 2025-10-12 00:00:00+00:00, run_after=2025-10-19 00:00:00+00:00
[2025-10-13T14:59:56.798+0000] {processor.py:183} INFO - Processing /opt/airflow/dags/weather_gold_v1.py took 0.303 seconds
[2025-10-13T15:00:27.361+0000] {processor.py:161} INFO - Started process (PID=15155) to work on /opt/airflow/dags/weather_gold_v1.py
[2025-10-13T15:00:27.364+0000] {processor.py:830} INFO - Processing file /opt/airflow/dags/weather_gold_v1.py for tasks to queue
[2025-10-13T15:00:27.367+0000] {logging_mixin.py:188} INFO - [2025-10-13T15:00:27.366+0000] {dagbag.py:540} INFO - Filling up the DagBag from /opt/airflow/dags/weather_gold_v1.py
[2025-10-13T15:00:27.409+0000] {processor.py:840} INFO - DAG(s) 'weather_gold_v1' retrieved from /opt/airflow/dags/weather_gold_v1.py
[2025-10-13T15:00:27.519+0000] {logging_mixin.py:188} INFO - [2025-10-13T15:00:27.519+0000] {dag.py:3047} INFO - Sync 1 DAGs
[2025-10-13T15:00:27.586+0000] {logging_mixin.py:188} INFO - [2025-10-13T15:00:27.586+0000] {dag.py:3834} INFO - Setting next_dagrun for weather_gold_v1 to 2025-10-12 00:00:00+00:00, run_after=2025-10-19 00:00:00+00:00
[2025-10-13T15:00:27.678+0000] {processor.py:183} INFO - Processing /opt/airflow/dags/weather_gold_v1.py took 0.324 seconds
[2025-10-13T15:00:58.213+0000] {processor.py:161} INFO - Started process (PID=15170) to work on /opt/airflow/dags/weather_gold_v1.py
[2025-10-13T15:00:58.215+0000] {processor.py:830} INFO - Processing file /opt/airflow/dags/weather_gold_v1.py for tasks to queue
[2025-10-13T15:00:58.218+0000] {logging_mixin.py:188} INFO - [2025-10-13T15:00:58.217+0000] {dagbag.py:540} INFO - Filling up the DagBag from /opt/airflow/dags/weather_gold_v1.py
[2025-10-13T15:00:58.266+0000] {processor.py:840} INFO - DAG(s) 'weather_gold_v1' retrieved from /opt/airflow/dags/weather_gold_v1.py
[2025-10-13T15:00:58.362+0000] {logging_mixin.py:188} INFO - [2025-10-13T15:00:58.362+0000] {dag.py:3047} INFO - Sync 1 DAGs
[2025-10-13T15:00:58.428+0000] {logging_mixin.py:188} INFO - [2025-10-13T15:00:58.428+0000] {dag.py:3834} INFO - Setting next_dagrun for weather_gold_v1 to 2025-10-12 00:00:00+00:00, run_after=2025-10-19 00:00:00+00:00
[2025-10-13T15:00:58.516+0000] {processor.py:183} INFO - Processing /opt/airflow/dags/weather_gold_v1.py took 0.309 seconds
[2025-10-13T15:01:29.105+0000] {processor.py:161} INFO - Started process (PID=15185) to work on /opt/airflow/dags/weather_gold_v1.py
[2025-10-13T15:01:29.109+0000] {processor.py:830} INFO - Processing file /opt/airflow/dags/weather_gold_v1.py for tasks to queue
[2025-10-13T15:01:29.114+0000] {logging_mixin.py:188} INFO - [2025-10-13T15:01:29.112+0000] {dagbag.py:540} INFO - Filling up the DagBag from /opt/airflow/dags/weather_gold_v1.py
[2025-10-13T15:01:29.174+0000] {processor.py:840} INFO - DAG(s) 'weather_gold_v1' retrieved from /opt/airflow/dags/weather_gold_v1.py
[2025-10-13T15:01:29.300+0000] {logging_mixin.py:188} INFO - [2025-10-13T15:01:29.299+0000] {dag.py:3047} INFO - Sync 1 DAGs
[2025-10-13T15:01:29.373+0000] {logging_mixin.py:188} INFO - [2025-10-13T15:01:29.373+0000] {dag.py:3834} INFO - Setting next_dagrun for weather_gold_v1 to 2025-10-12 00:00:00+00:00, run_after=2025-10-19 00:00:00+00:00
[2025-10-13T15:01:29.527+0000] {processor.py:183} INFO - Processing /opt/airflow/dags/weather_gold_v1.py took 0.445 seconds
[2025-10-13T15:02:00.507+0000] {processor.py:161} INFO - Started process (PID=15200) to work on /opt/airflow/dags/weather_gold_v1.py
[2025-10-13T15:02:00.522+0000] {processor.py:830} INFO - Processing file /opt/airflow/dags/weather_gold_v1.py for tasks to queue
[2025-10-13T15:02:00.533+0000] {logging_mixin.py:188} INFO - [2025-10-13T15:02:00.532+0000] {dagbag.py:540} INFO - Filling up the DagBag from /opt/airflow/dags/weather_gold_v1.py
[2025-10-13T15:02:00.703+0000] {processor.py:840} INFO - DAG(s) 'weather_gold_v1' retrieved from /opt/airflow/dags/weather_gold_v1.py
[2025-10-13T15:02:00.876+0000] {logging_mixin.py:188} INFO - [2025-10-13T15:02:00.875+0000] {dag.py:3047} INFO - Sync 1 DAGs
[2025-10-13T15:02:00.955+0000] {logging_mixin.py:188} INFO - [2025-10-13T15:02:00.955+0000] {dag.py:3834} INFO - Setting next_dagrun for weather_gold_v1 to 2025-10-12 00:00:00+00:00, run_after=2025-10-19 00:00:00+00:00
[2025-10-13T15:02:01.041+0000] {processor.py:183} INFO - Processing /opt/airflow/dags/weather_gold_v1.py took 0.543 seconds
[2025-10-13T15:02:31.705+0000] {processor.py:161} INFO - Started process (PID=15215) to work on /opt/airflow/dags/weather_gold_v1.py
[2025-10-13T15:02:31.707+0000] {processor.py:830} INFO - Processing file /opt/airflow/dags/weather_gold_v1.py for tasks to queue
[2025-10-13T15:02:31.709+0000] {logging_mixin.py:188} INFO - [2025-10-13T15:02:31.708+0000] {dagbag.py:540} INFO - Filling up the DagBag from /opt/airflow/dags/weather_gold_v1.py
[2025-10-13T15:02:31.753+0000] {processor.py:840} INFO - DAG(s) 'weather_gold_v1' retrieved from /opt/airflow/dags/weather_gold_v1.py
[2025-10-13T15:02:31.857+0000] {logging_mixin.py:188} INFO - [2025-10-13T15:02:31.856+0000] {dag.py:3047} INFO - Sync 1 DAGs
[2025-10-13T15:02:31.925+0000] {logging_mixin.py:188} INFO - [2025-10-13T15:02:31.924+0000] {dag.py:3834} INFO - Setting next_dagrun for weather_gold_v1 to 2025-10-12 00:00:00+00:00, run_after=2025-10-19 00:00:00+00:00
[2025-10-13T15:02:31.991+0000] {processor.py:183} INFO - Processing /opt/airflow/dags/weather_gold_v1.py took 0.293 seconds
[2025-10-13T15:03:02.164+0000] {processor.py:161} INFO - Started process (PID=15230) to work on /opt/airflow/dags/weather_gold_v1.py
[2025-10-13T15:03:02.167+0000] {processor.py:830} INFO - Processing file /opt/airflow/dags/weather_gold_v1.py for tasks to queue
[2025-10-13T15:03:02.169+0000] {logging_mixin.py:188} INFO - [2025-10-13T15:03:02.169+0000] {dagbag.py:540} INFO - Filling up the DagBag from /opt/airflow/dags/weather_gold_v1.py
[2025-10-13T15:03:02.224+0000] {processor.py:840} INFO - DAG(s) 'weather_gold_v1' retrieved from /opt/airflow/dags/weather_gold_v1.py
[2025-10-13T15:03:02.349+0000] {logging_mixin.py:188} INFO - [2025-10-13T15:03:02.348+0000] {dag.py:3047} INFO - Sync 1 DAGs
[2025-10-13T15:03:02.431+0000] {logging_mixin.py:188} INFO - [2025-10-13T15:03:02.430+0000] {dag.py:3834} INFO - Setting next_dagrun for weather_gold_v1 to 2025-10-12 00:00:00+00:00, run_after=2025-10-19 00:00:00+00:00
[2025-10-13T15:03:02.532+0000] {processor.py:183} INFO - Processing /opt/airflow/dags/weather_gold_v1.py took 0.375 seconds
[2025-10-13T15:03:32.702+0000] {processor.py:161} INFO - Started process (PID=15245) to work on /opt/airflow/dags/weather_gold_v1.py
[2025-10-13T15:03:32.706+0000] {processor.py:830} INFO - Processing file /opt/airflow/dags/weather_gold_v1.py for tasks to queue
[2025-10-13T15:03:32.709+0000] {logging_mixin.py:188} INFO - [2025-10-13T15:03:32.708+0000] {dagbag.py:540} INFO - Filling up the DagBag from /opt/airflow/dags/weather_gold_v1.py
[2025-10-13T15:03:32.776+0000] {processor.py:840} INFO - DAG(s) 'weather_gold_v1' retrieved from /opt/airflow/dags/weather_gold_v1.py
[2025-10-13T15:03:32.882+0000] {logging_mixin.py:188} INFO - [2025-10-13T15:03:32.881+0000] {dag.py:3047} INFO - Sync 1 DAGs
[2025-10-13T15:03:32.957+0000] {logging_mixin.py:188} INFO - [2025-10-13T15:03:32.957+0000] {dag.py:3834} INFO - Setting next_dagrun for weather_gold_v1 to 2025-10-12 00:00:00+00:00, run_after=2025-10-19 00:00:00+00:00
[2025-10-13T15:03:33.030+0000] {processor.py:183} INFO - Processing /opt/airflow/dags/weather_gold_v1.py took 0.331 seconds
[2025-10-13T15:04:03.647+0000] {processor.py:161} INFO - Started process (PID=15260) to work on /opt/airflow/dags/weather_gold_v1.py
[2025-10-13T15:04:03.649+0000] {processor.py:830} INFO - Processing file /opt/airflow/dags/weather_gold_v1.py for tasks to queue
[2025-10-13T15:04:03.651+0000] {logging_mixin.py:188} INFO - [2025-10-13T15:04:03.650+0000] {dagbag.py:540} INFO - Filling up the DagBag from /opt/airflow/dags/weather_gold_v1.py
[2025-10-13T15:04:03.693+0000] {processor.py:840} INFO - DAG(s) 'weather_gold_v1' retrieved from /opt/airflow/dags/weather_gold_v1.py
[2025-10-13T15:04:03.777+0000] {logging_mixin.py:188} INFO - [2025-10-13T15:04:03.776+0000] {dag.py:3047} INFO - Sync 1 DAGs
[2025-10-13T15:04:03.850+0000] {logging_mixin.py:188} INFO - [2025-10-13T15:04:03.849+0000] {dag.py:3834} INFO - Setting next_dagrun for weather_gold_v1 to 2025-10-12 00:00:00+00:00, run_after=2025-10-19 00:00:00+00:00
[2025-10-13T15:04:03.940+0000] {processor.py:183} INFO - Processing /opt/airflow/dags/weather_gold_v1.py took 0.299 seconds
[2025-10-13T15:04:34.802+0000] {processor.py:161} INFO - Started process (PID=15275) to work on /opt/airflow/dags/weather_gold_v1.py
[2025-10-13T15:04:34.805+0000] {processor.py:830} INFO - Processing file /opt/airflow/dags/weather_gold_v1.py for tasks to queue
[2025-10-13T15:04:34.808+0000] {logging_mixin.py:188} INFO - [2025-10-13T15:04:34.807+0000] {dagbag.py:540} INFO - Filling up the DagBag from /opt/airflow/dags/weather_gold_v1.py
[2025-10-13T15:04:34.861+0000] {processor.py:840} INFO - DAG(s) 'weather_gold_v1' retrieved from /opt/airflow/dags/weather_gold_v1.py
[2025-10-13T15:04:34.973+0000] {logging_mixin.py:188} INFO - [2025-10-13T15:04:34.972+0000] {dag.py:3047} INFO - Sync 1 DAGs
[2025-10-13T15:04:35.065+0000] {logging_mixin.py:188} INFO - [2025-10-13T15:04:35.064+0000] {dag.py:3834} INFO - Setting next_dagrun for weather_gold_v1 to 2025-10-12 00:00:00+00:00, run_after=2025-10-19 00:00:00+00:00
[2025-10-13T15:04:35.162+0000] {processor.py:183} INFO - Processing /opt/airflow/dags/weather_gold_v1.py took 0.365 seconds
[2025-10-13T15:05:06.338+0000] {processor.py:161} INFO - Started process (PID=15290) to work on /opt/airflow/dags/weather_gold_v1.py
[2025-10-13T15:05:06.340+0000] {processor.py:830} INFO - Processing file /opt/airflow/dags/weather_gold_v1.py for tasks to queue
[2025-10-13T15:05:06.343+0000] {logging_mixin.py:188} INFO - [2025-10-13T15:05:06.342+0000] {dagbag.py:540} INFO - Filling up the DagBag from /opt/airflow/dags/weather_gold_v1.py
[2025-10-13T15:05:06.393+0000] {processor.py:840} INFO - DAG(s) 'weather_gold_v1' retrieved from /opt/airflow/dags/weather_gold_v1.py
[2025-10-13T15:05:06.508+0000] {logging_mixin.py:188} INFO - [2025-10-13T15:05:06.507+0000] {dag.py:3047} INFO - Sync 1 DAGs
[2025-10-13T15:05:06.582+0000] {logging_mixin.py:188} INFO - [2025-10-13T15:05:06.581+0000] {dag.py:3834} INFO - Setting next_dagrun for weather_gold_v1 to 2025-10-12 00:00:00+00:00, run_after=2025-10-19 00:00:00+00:00
[2025-10-13T15:05:06.647+0000] {processor.py:183} INFO - Processing /opt/airflow/dags/weather_gold_v1.py took 0.424 seconds
[2025-10-13T15:05:37.382+0000] {processor.py:161} INFO - Started process (PID=15305) to work on /opt/airflow/dags/weather_gold_v1.py
[2025-10-13T15:05:37.391+0000] {processor.py:830} INFO - Processing file /opt/airflow/dags/weather_gold_v1.py for tasks to queue
[2025-10-13T15:05:37.396+0000] {logging_mixin.py:188} INFO - [2025-10-13T15:05:37.395+0000] {dagbag.py:540} INFO - Filling up the DagBag from /opt/airflow/dags/weather_gold_v1.py
[2025-10-13T15:05:37.554+0000] {processor.py:840} INFO - DAG(s) 'weather_gold_v1' retrieved from /opt/airflow/dags/weather_gold_v1.py
[2025-10-13T15:05:37.665+0000] {logging_mixin.py:188} INFO - [2025-10-13T15:05:37.664+0000] {dag.py:3047} INFO - Sync 1 DAGs
[2025-10-13T15:05:37.737+0000] {logging_mixin.py:188} INFO - [2025-10-13T15:05:37.736+0000] {dag.py:3834} INFO - Setting next_dagrun for weather_gold_v1 to 2025-10-12 00:00:00+00:00, run_after=2025-10-19 00:00:00+00:00
[2025-10-13T15:05:37.819+0000] {processor.py:183} INFO - Processing /opt/airflow/dags/weather_gold_v1.py took 0.443 seconds
[2025-10-13T15:06:08.391+0000] {processor.py:161} INFO - Started process (PID=15320) to work on /opt/airflow/dags/weather_gold_v1.py
[2025-10-13T15:06:08.393+0000] {processor.py:830} INFO - Processing file /opt/airflow/dags/weather_gold_v1.py for tasks to queue
[2025-10-13T15:06:08.396+0000] {logging_mixin.py:188} INFO - [2025-10-13T15:06:08.395+0000] {dagbag.py:540} INFO - Filling up the DagBag from /opt/airflow/dags/weather_gold_v1.py
[2025-10-13T15:06:08.439+0000] {processor.py:840} INFO - DAG(s) 'weather_gold_v1' retrieved from /opt/airflow/dags/weather_gold_v1.py
[2025-10-13T15:06:08.547+0000] {logging_mixin.py:188} INFO - [2025-10-13T15:06:08.546+0000] {dag.py:3047} INFO - Sync 1 DAGs
[2025-10-13T15:06:08.638+0000] {logging_mixin.py:188} INFO - [2025-10-13T15:06:08.637+0000] {dag.py:3834} INFO - Setting next_dagrun for weather_gold_v1 to 2025-10-12 00:00:00+00:00, run_after=2025-10-19 00:00:00+00:00
[2025-10-13T15:06:08.732+0000] {processor.py:183} INFO - Processing /opt/airflow/dags/weather_gold_v1.py took 0.354 seconds
[2025-10-13T15:06:39.470+0000] {processor.py:161} INFO - Started process (PID=15335) to work on /opt/airflow/dags/weather_gold_v1.py
[2025-10-13T15:06:39.473+0000] {processor.py:830} INFO - Processing file /opt/airflow/dags/weather_gold_v1.py for tasks to queue
[2025-10-13T15:06:39.475+0000] {logging_mixin.py:188} INFO - [2025-10-13T15:06:39.474+0000] {dagbag.py:540} INFO - Filling up the DagBag from /opt/airflow/dags/weather_gold_v1.py
[2025-10-13T15:06:39.515+0000] {processor.py:840} INFO - DAG(s) 'weather_gold_v1' retrieved from /opt/airflow/dags/weather_gold_v1.py
[2025-10-13T15:06:39.603+0000] {logging_mixin.py:188} INFO - [2025-10-13T15:06:39.603+0000] {dag.py:3047} INFO - Sync 1 DAGs
[2025-10-13T15:06:39.660+0000] {logging_mixin.py:188} INFO - [2025-10-13T15:06:39.660+0000] {dag.py:3834} INFO - Setting next_dagrun for weather_gold_v1 to 2025-10-12 00:00:00+00:00, run_after=2025-10-19 00:00:00+00:00
[2025-10-13T15:06:39.749+0000] {processor.py:183} INFO - Processing /opt/airflow/dags/weather_gold_v1.py took 0.283 seconds
[2025-10-13T15:07:10.558+0000] {processor.py:161} INFO - Started process (PID=15350) to work on /opt/airflow/dags/weather_gold_v1.py
[2025-10-13T15:07:10.564+0000] {processor.py:830} INFO - Processing file /opt/airflow/dags/weather_gold_v1.py for tasks to queue
[2025-10-13T15:07:10.571+0000] {logging_mixin.py:188} INFO - [2025-10-13T15:07:10.566+0000] {dagbag.py:540} INFO - Filling up the DagBag from /opt/airflow/dags/weather_gold_v1.py
[2025-10-13T15:07:10.683+0000] {processor.py:840} INFO - DAG(s) 'weather_gold_v1' retrieved from /opt/airflow/dags/weather_gold_v1.py
[2025-10-13T15:07:10.874+0000] {logging_mixin.py:188} INFO - [2025-10-13T15:07:10.872+0000] {dag.py:3047} INFO - Sync 1 DAGs
[2025-10-13T15:07:11.024+0000] {logging_mixin.py:188} INFO - [2025-10-13T15:07:11.023+0000] {dag.py:3834} INFO - Setting next_dagrun for weather_gold_v1 to 2025-10-12 00:00:00+00:00, run_after=2025-10-19 00:00:00+00:00
[2025-10-13T15:07:11.182+0000] {processor.py:183} INFO - Processing /opt/airflow/dags/weather_gold_v1.py took 0.641 seconds
[2025-10-13T15:07:42.023+0000] {processor.py:161} INFO - Started process (PID=15365) to work on /opt/airflow/dags/weather_gold_v1.py
[2025-10-13T15:07:42.025+0000] {processor.py:830} INFO - Processing file /opt/airflow/dags/weather_gold_v1.py for tasks to queue
[2025-10-13T15:07:42.027+0000] {logging_mixin.py:188} INFO - [2025-10-13T15:07:42.026+0000] {dagbag.py:540} INFO - Filling up the DagBag from /opt/airflow/dags/weather_gold_v1.py
[2025-10-13T15:07:42.061+0000] {processor.py:840} INFO - DAG(s) 'weather_gold_v1' retrieved from /opt/airflow/dags/weather_gold_v1.py
[2025-10-13T15:07:42.143+0000] {logging_mixin.py:188} INFO - [2025-10-13T15:07:42.142+0000] {dag.py:3047} INFO - Sync 1 DAGs
[2025-10-13T15:07:42.211+0000] {logging_mixin.py:188} INFO - [2025-10-13T15:07:42.211+0000] {dag.py:3834} INFO - Setting next_dagrun for weather_gold_v1 to 2025-10-12 00:00:00+00:00, run_after=2025-10-19 00:00:00+00:00
[2025-10-13T15:07:42.286+0000] {processor.py:183} INFO - Processing /opt/airflow/dags/weather_gold_v1.py took 0.269 seconds
[2025-10-13T15:08:12.808+0000] {processor.py:161} INFO - Started process (PID=15380) to work on /opt/airflow/dags/weather_gold_v1.py
[2025-10-13T15:08:12.811+0000] {processor.py:830} INFO - Processing file /opt/airflow/dags/weather_gold_v1.py for tasks to queue
[2025-10-13T15:08:12.813+0000] {logging_mixin.py:188} INFO - [2025-10-13T15:08:12.813+0000] {dagbag.py:540} INFO - Filling up the DagBag from /opt/airflow/dags/weather_gold_v1.py
[2025-10-13T15:08:12.861+0000] {processor.py:840} INFO - DAG(s) 'weather_gold_v1' retrieved from /opt/airflow/dags/weather_gold_v1.py
[2025-10-13T15:08:12.983+0000] {logging_mixin.py:188} INFO - [2025-10-13T15:08:12.982+0000] {dag.py:3047} INFO - Sync 1 DAGs
[2025-10-13T15:08:13.049+0000] {logging_mixin.py:188} INFO - [2025-10-13T15:08:13.049+0000] {dag.py:3834} INFO - Setting next_dagrun for weather_gold_v1 to 2025-10-12 00:00:00+00:00, run_after=2025-10-19 00:00:00+00:00
[2025-10-13T15:08:13.130+0000] {processor.py:183} INFO - Processing /opt/airflow/dags/weather_gold_v1.py took 0.328 seconds
[2025-10-13T15:08:43.695+0000] {processor.py:161} INFO - Started process (PID=15395) to work on /opt/airflow/dags/weather_gold_v1.py
[2025-10-13T15:08:43.698+0000] {processor.py:830} INFO - Processing file /opt/airflow/dags/weather_gold_v1.py for tasks to queue
[2025-10-13T15:08:43.702+0000] {logging_mixin.py:188} INFO - [2025-10-13T15:08:43.701+0000] {dagbag.py:540} INFO - Filling up the DagBag from /opt/airflow/dags/weather_gold_v1.py
[2025-10-13T15:08:43.762+0000] {processor.py:840} INFO - DAG(s) 'weather_gold_v1' retrieved from /opt/airflow/dags/weather_gold_v1.py
[2025-10-13T15:08:43.876+0000] {logging_mixin.py:188} INFO - [2025-10-13T15:08:43.876+0000] {dag.py:3047} INFO - Sync 1 DAGs
[2025-10-13T15:08:43.941+0000] {logging_mixin.py:188} INFO - [2025-10-13T15:08:43.941+0000] {dag.py:3834} INFO - Setting next_dagrun for weather_gold_v1 to 2025-10-12 00:00:00+00:00, run_after=2025-10-19 00:00:00+00:00
[2025-10-13T15:08:44.065+0000] {processor.py:183} INFO - Processing /opt/airflow/dags/weather_gold_v1.py took 0.376 seconds
[2025-10-13T15:09:42.205+0000] {processor.py:161} INFO - Started process (PID=15410) to work on /opt/airflow/dags/weather_gold_v1.py
[2025-10-13T15:09:42.604+0000] {processor.py:830} INFO - Processing file /opt/airflow/dags/weather_gold_v1.py for tasks to queue
[2025-10-13T15:09:43.239+0000] {logging_mixin.py:188} INFO - [2025-10-13T15:09:42.727+0000] {dagbag.py:540} INFO - Filling up the DagBag from /opt/airflow/dags/weather_gold_v1.py
[2025-10-13T15:09:45.232+0000] {processor.py:840} INFO - DAG(s) 'weather_gold_v1' retrieved from /opt/airflow/dags/weather_gold_v1.py
[2025-10-13T15:09:53.188+0000] {logging_mixin.py:188} INFO - [2025-10-13T15:09:53.186+0000] {dag.py:3047} INFO - Sync 1 DAGs
[2025-10-13T15:09:55.374+0000] {logging_mixin.py:188} INFO - [2025-10-13T15:09:55.371+0000] {dag.py:3834} INFO - Setting next_dagrun for weather_gold_v1 to 2025-10-12 00:00:00+00:00, run_after=2025-10-19 00:00:00+00:00
[2025-10-13T15:09:55.764+0000] {processor.py:183} INFO - Processing /opt/airflow/dags/weather_gold_v1.py took 13.755 seconds
[2025-10-13T15:10:26.957+0000] {processor.py:161} INFO - Started process (PID=15425) to work on /opt/airflow/dags/weather_gold_v1.py
[2025-10-13T15:10:26.967+0000] {processor.py:830} INFO - Processing file /opt/airflow/dags/weather_gold_v1.py for tasks to queue
[2025-10-13T15:10:26.973+0000] {logging_mixin.py:188} INFO - [2025-10-13T15:10:26.971+0000] {dagbag.py:540} INFO - Filling up the DagBag from /opt/airflow/dags/weather_gold_v1.py
[2025-10-13T15:10:27.161+0000] {processor.py:840} INFO - DAG(s) 'weather_gold_v1' retrieved from /opt/airflow/dags/weather_gold_v1.py
[2025-10-13T15:10:37.102+0000] {logging_mixin.py:188} INFO - [2025-10-13T15:10:37.066+0000] {dag.py:3047} INFO - Sync 1 DAGs
[2025-10-13T15:10:37.661+0000] {logging_mixin.py:188} INFO - [2025-10-13T15:10:37.660+0000] {dag.py:3834} INFO - Setting next_dagrun for weather_gold_v1 to 2025-10-12 00:00:00+00:00, run_after=2025-10-19 00:00:00+00:00
[2025-10-13T15:10:37.959+0000] {processor.py:183} INFO - Processing /opt/airflow/dags/weather_gold_v1.py took 11.157 seconds
[2025-10-13T15:11:37.282+0000] {processor.py:161} INFO - Started process (PID=15440) to work on /opt/airflow/dags/weather_gold_v1.py
[2025-10-13T15:11:40.211+0000] {processor.py:830} INFO - Processing file /opt/airflow/dags/weather_gold_v1.py for tasks to queue
[2025-10-13T15:11:40.551+0000] {logging_mixin.py:188} INFO - [2025-10-13T15:11:40.443+0000] {dagbag.py:540} INFO - Filling up the DagBag from /opt/airflow/dags/weather_gold_v1.py
[2025-10-13T15:11:46.076+0000] {processor.py:840} INFO - DAG(s) 'weather_gold_v1' retrieved from /opt/airflow/dags/weather_gold_v1.py
[2025-10-13T15:12:46.904+0000] {processor.py:161} INFO - Started process (PID=15453) to work on /opt/airflow/dags/weather_gold_v1.py
[2025-10-13T15:12:47.043+0000] {processor.py:830} INFO - Processing file /opt/airflow/dags/weather_gold_v1.py for tasks to queue
[2025-10-13T15:12:47.135+0000] {logging_mixin.py:188} INFO - [2025-10-13T15:12:47.108+0000] {dagbag.py:540} INFO - Filling up the DagBag from /opt/airflow/dags/weather_gold_v1.py
[2025-10-13T15:12:56.630+0000] {processor.py:840} INFO - DAG(s) 'weather_gold_v1' retrieved from /opt/airflow/dags/weather_gold_v1.py
[2025-10-13T15:13:00.934+0000] {logging_mixin.py:188} INFO - [2025-10-13T15:13:00.932+0000] {dag.py:3047} INFO - Sync 1 DAGs
[2025-10-13T15:13:01.161+0000] {logging_mixin.py:188} INFO - [2025-10-13T15:13:01.155+0000] {dag.py:3834} INFO - Setting next_dagrun for weather_gold_v1 to 2025-10-12 00:00:00+00:00, run_after=2025-10-19 00:00:00+00:00
[2025-10-13T15:13:01.664+0000] {processor.py:183} INFO - Processing /opt/airflow/dags/weather_gold_v1.py took 22.378 seconds
[2025-10-13T15:13:34.738+0000] {processor.py:161} INFO - Started process (PID=15478) to work on /opt/airflow/dags/weather_gold_v1.py
[2025-10-13T15:13:34.743+0000] {processor.py:830} INFO - Processing file /opt/airflow/dags/weather_gold_v1.py for tasks to queue
[2025-10-13T15:13:34.749+0000] {logging_mixin.py:188} INFO - [2025-10-13T15:13:34.748+0000] {dagbag.py:540} INFO - Filling up the DagBag from /opt/airflow/dags/weather_gold_v1.py
[2025-10-13T15:13:34.855+0000] {processor.py:840} INFO - DAG(s) 'weather_gold_v1' retrieved from /opt/airflow/dags/weather_gold_v1.py
[2025-10-13T15:13:35.073+0000] {logging_mixin.py:188} INFO - [2025-10-13T15:13:35.072+0000] {dag.py:3047} INFO - Sync 1 DAGs
[2025-10-13T15:13:35.200+0000] {logging_mixin.py:188} INFO - [2025-10-13T15:13:35.200+0000] {dag.py:3834} INFO - Setting next_dagrun for weather_gold_v1 to 2025-10-12 00:00:00+00:00, run_after=2025-10-19 00:00:00+00:00
[2025-10-13T15:13:35.456+0000] {processor.py:183} INFO - Processing /opt/airflow/dags/weather_gold_v1.py took 0.727 seconds
[2025-10-13T15:14:09.093+0000] {processor.py:161} INFO - Started process (PID=15484) to work on /opt/airflow/dags/weather_gold_v1.py
[2025-10-13T15:14:09.498+0000] {processor.py:830} INFO - Processing file /opt/airflow/dags/weather_gold_v1.py for tasks to queue
[2025-10-13T15:14:09.824+0000] {logging_mixin.py:188} INFO - [2025-10-13T15:14:09.502+0000] {dagbag.py:540} INFO - Filling up the DagBag from /opt/airflow/dags/weather_gold_v1.py
[2025-10-13T15:14:11.671+0000] {processor.py:840} INFO - DAG(s) 'weather_gold_v1' retrieved from /opt/airflow/dags/weather_gold_v1.py
[2025-10-13T15:14:14.062+0000] {logging_mixin.py:188} INFO - [2025-10-13T15:14:14.061+0000] {dag.py:3047} INFO - Sync 1 DAGs
[2025-10-13T15:14:14.349+0000] {logging_mixin.py:188} INFO - [2025-10-13T15:14:14.348+0000] {dag.py:3834} INFO - Setting next_dagrun for weather_gold_v1 to 2025-10-12 00:00:00+00:00, run_after=2025-10-19 00:00:00+00:00
[2025-10-13T15:14:14.636+0000] {processor.py:183} INFO - Processing /opt/airflow/dags/weather_gold_v1.py took 5.620 seconds
[2025-10-13T15:14:46.529+0000] {processor.py:161} INFO - Started process (PID=15498) to work on /opt/airflow/dags/weather_gold_v1.py
[2025-10-13T15:14:46.549+0000] {processor.py:830} INFO - Processing file /opt/airflow/dags/weather_gold_v1.py for tasks to queue
[2025-10-13T15:14:46.567+0000] {logging_mixin.py:188} INFO - [2025-10-13T15:14:46.557+0000] {dagbag.py:540} INFO - Filling up the DagBag from /opt/airflow/dags/weather_gold_v1.py
[2025-10-13T15:14:46.944+0000] {processor.py:840} INFO - DAG(s) 'weather_gold_v1' retrieved from /opt/airflow/dags/weather_gold_v1.py
[2025-10-13T15:14:47.601+0000] {logging_mixin.py:188} INFO - [2025-10-13T15:14:47.600+0000] {dag.py:3047} INFO - Sync 1 DAGs
[2025-10-13T15:14:48.204+0000] {logging_mixin.py:188} INFO - [2025-10-13T15:14:48.201+0000] {dag.py:3834} INFO - Setting next_dagrun for weather_gold_v1 to 2025-10-12 00:00:00+00:00, run_after=2025-10-19 00:00:00+00:00
[2025-10-13T15:14:54.156+0000] {processor.py:183} INFO - Processing /opt/airflow/dags/weather_gold_v1.py took 7.479 seconds
[2025-10-13T15:15:33.203+0000] {processor.py:161} INFO - Started process (PID=15516) to work on /opt/airflow/dags/weather_gold_v1.py
[2025-10-13T15:15:33.225+0000] {processor.py:830} INFO - Processing file /opt/airflow/dags/weather_gold_v1.py for tasks to queue
[2025-10-13T15:15:33.441+0000] {logging_mixin.py:188} INFO - [2025-10-13T15:15:33.437+0000] {dagbag.py:540} INFO - Filling up the DagBag from /opt/airflow/dags/weather_gold_v1.py
[2025-10-13T15:15:36.492+0000] {processor.py:840} INFO - DAG(s) 'weather_gold_v1' retrieved from /opt/airflow/dags/weather_gold_v1.py
[2025-10-13T15:15:42.860+0000] {logging_mixin.py:188} INFO - [2025-10-13T15:15:42.850+0000] {dag.py:3047} INFO - Sync 1 DAGs
[2025-10-13T15:15:43.526+0000] {logging_mixin.py:188} INFO - [2025-10-13T15:15:43.509+0000] {dag.py:3834} INFO - Setting next_dagrun for weather_gold_v1 to 2025-10-12 00:00:00+00:00, run_after=2025-10-19 00:00:00+00:00
[2025-10-13T15:15:44.056+0000] {processor.py:183} INFO - Processing /opt/airflow/dags/weather_gold_v1.py took 12.024 seconds
[2025-10-13T15:16:15.745+0000] {processor.py:161} INFO - Started process (PID=15528) to work on /opt/airflow/dags/weather_gold_v1.py
[2025-10-13T15:16:15.768+0000] {processor.py:830} INFO - Processing file /opt/airflow/dags/weather_gold_v1.py for tasks to queue
[2025-10-13T15:16:15.772+0000] {logging_mixin.py:188} INFO - [2025-10-13T15:16:15.771+0000] {dagbag.py:540} INFO - Filling up the DagBag from /opt/airflow/dags/weather_gold_v1.py
[2025-10-13T15:16:15.927+0000] {processor.py:840} INFO - DAG(s) 'weather_gold_v1' retrieved from /opt/airflow/dags/weather_gold_v1.py
[2025-10-13T15:16:16.176+0000] {logging_mixin.py:188} INFO - [2025-10-13T15:16:16.176+0000] {dag.py:3047} INFO - Sync 1 DAGs
[2025-10-13T15:16:16.443+0000] {logging_mixin.py:188} INFO - [2025-10-13T15:16:16.442+0000] {dag.py:3834} INFO - Setting next_dagrun for weather_gold_v1 to 2025-10-12 00:00:00+00:00, run_after=2025-10-19 00:00:00+00:00
[2025-10-13T15:16:19.400+0000] {processor.py:183} INFO - Processing /opt/airflow/dags/weather_gold_v1.py took 4.031 seconds
[2025-10-13T15:16:50.249+0000] {processor.py:161} INFO - Started process (PID=15543) to work on /opt/airflow/dags/weather_gold_v1.py
[2025-10-13T15:16:50.257+0000] {processor.py:830} INFO - Processing file /opt/airflow/dags/weather_gold_v1.py for tasks to queue
[2025-10-13T15:16:50.262+0000] {logging_mixin.py:188} INFO - [2025-10-13T15:16:50.261+0000] {dagbag.py:540} INFO - Filling up the DagBag from /opt/airflow/dags/weather_gold_v1.py
[2025-10-13T15:16:50.358+0000] {processor.py:840} INFO - DAG(s) 'weather_gold_v1' retrieved from /opt/airflow/dags/weather_gold_v1.py
[2025-10-13T15:16:50.684+0000] {logging_mixin.py:188} INFO - [2025-10-13T15:16:50.683+0000] {dag.py:3047} INFO - Sync 1 DAGs
[2025-10-13T15:16:51.039+0000] {logging_mixin.py:188} INFO - [2025-10-13T15:16:51.038+0000] {dag.py:3834} INFO - Setting next_dagrun for weather_gold_v1 to 2025-10-12 00:00:00+00:00, run_after=2025-10-19 00:00:00+00:00
[2025-10-13T15:16:51.400+0000] {processor.py:183} INFO - Processing /opt/airflow/dags/weather_gold_v1.py took 1.176 seconds
[2025-10-13T15:17:22.008+0000] {processor.py:161} INFO - Started process (PID=15558) to work on /opt/airflow/dags/weather_gold_v1.py
[2025-10-13T15:17:22.020+0000] {processor.py:830} INFO - Processing file /opt/airflow/dags/weather_gold_v1.py for tasks to queue
[2025-10-13T15:17:22.029+0000] {logging_mixin.py:188} INFO - [2025-10-13T15:17:22.028+0000] {dagbag.py:540} INFO - Filling up the DagBag from /opt/airflow/dags/weather_gold_v1.py
[2025-10-13T15:17:22.189+0000] {processor.py:840} INFO - DAG(s) 'weather_gold_v1' retrieved from /opt/airflow/dags/weather_gold_v1.py
[2025-10-13T15:17:22.635+0000] {logging_mixin.py:188} INFO - [2025-10-13T15:17:22.631+0000] {dag.py:3047} INFO - Sync 1 DAGs
[2025-10-13T15:17:24.484+0000] {logging_mixin.py:188} INFO - [2025-10-13T15:17:24.483+0000] {dag.py:3834} INFO - Setting next_dagrun for weather_gold_v1 to 2025-10-12 00:00:00+00:00, run_after=2025-10-19 00:00:00+00:00
[2025-10-13T15:17:24.717+0000] {processor.py:183} INFO - Processing /opt/airflow/dags/weather_gold_v1.py took 2.718 seconds
[2025-10-13T15:17:56.204+0000] {processor.py:161} INFO - Started process (PID=15573) to work on /opt/airflow/dags/weather_gold_v1.py
[2025-10-13T15:17:56.209+0000] {processor.py:830} INFO - Processing file /opt/airflow/dags/weather_gold_v1.py for tasks to queue
[2025-10-13T15:17:56.212+0000] {logging_mixin.py:188} INFO - [2025-10-13T15:17:56.211+0000] {dagbag.py:540} INFO - Filling up the DagBag from /opt/airflow/dags/weather_gold_v1.py
[2025-10-13T15:17:56.278+0000] {processor.py:840} INFO - DAG(s) 'weather_gold_v1' retrieved from /opt/airflow/dags/weather_gold_v1.py
[2025-10-13T15:17:56.422+0000] {logging_mixin.py:188} INFO - [2025-10-13T15:17:56.422+0000] {dag.py:3047} INFO - Sync 1 DAGs
[2025-10-13T15:17:56.552+0000] {logging_mixin.py:188} INFO - [2025-10-13T15:17:56.551+0000] {dag.py:3834} INFO - Setting next_dagrun for weather_gold_v1 to 2025-10-12 00:00:00+00:00, run_after=2025-10-19 00:00:00+00:00
[2025-10-13T15:17:56.724+0000] {processor.py:183} INFO - Processing /opt/airflow/dags/weather_gold_v1.py took 0.533 seconds
[2025-10-13T15:18:27.023+0000] {processor.py:161} INFO - Started process (PID=15588) to work on /opt/airflow/dags/weather_gold_v1.py
[2025-10-13T15:18:27.027+0000] {processor.py:830} INFO - Processing file /opt/airflow/dags/weather_gold_v1.py for tasks to queue
[2025-10-13T15:18:27.029+0000] {logging_mixin.py:188} INFO - [2025-10-13T15:18:27.029+0000] {dagbag.py:540} INFO - Filling up the DagBag from /opt/airflow/dags/weather_gold_v1.py
[2025-10-13T15:18:27.086+0000] {processor.py:840} INFO - DAG(s) 'weather_gold_v1' retrieved from /opt/airflow/dags/weather_gold_v1.py
[2025-10-13T15:18:27.214+0000] {logging_mixin.py:188} INFO - [2025-10-13T15:18:27.214+0000] {dag.py:3047} INFO - Sync 1 DAGs
[2025-10-13T15:18:27.345+0000] {logging_mixin.py:188} INFO - [2025-10-13T15:18:27.345+0000] {dag.py:3834} INFO - Setting next_dagrun for weather_gold_v1 to 2025-10-12 00:00:00+00:00, run_after=2025-10-19 00:00:00+00:00
[2025-10-13T15:18:27.464+0000] {processor.py:183} INFO - Processing /opt/airflow/dags/weather_gold_v1.py took 0.450 seconds
[2025-10-13T15:18:57.777+0000] {processor.py:161} INFO - Started process (PID=15603) to work on /opt/airflow/dags/weather_gold_v1.py
[2025-10-13T15:18:57.779+0000] {processor.py:830} INFO - Processing file /opt/airflow/dags/weather_gold_v1.py for tasks to queue
[2025-10-13T15:18:57.781+0000] {logging_mixin.py:188} INFO - [2025-10-13T15:18:57.780+0000] {dagbag.py:540} INFO - Filling up the DagBag from /opt/airflow/dags/weather_gold_v1.py
[2025-10-13T15:18:57.826+0000] {processor.py:840} INFO - DAG(s) 'weather_gold_v1' retrieved from /opt/airflow/dags/weather_gold_v1.py
[2025-10-13T15:18:57.910+0000] {logging_mixin.py:188} INFO - [2025-10-13T15:18:57.909+0000] {dag.py:3047} INFO - Sync 1 DAGs
[2025-10-13T15:18:57.966+0000] {logging_mixin.py:188} INFO - [2025-10-13T15:18:57.966+0000] {dag.py:3834} INFO - Setting next_dagrun for weather_gold_v1 to 2025-10-12 00:00:00+00:00, run_after=2025-10-19 00:00:00+00:00
[2025-10-13T15:18:58.058+0000] {processor.py:183} INFO - Processing /opt/airflow/dags/weather_gold_v1.py took 0.285 seconds
[2025-10-13T15:19:28.795+0000] {processor.py:161} INFO - Started process (PID=15618) to work on /opt/airflow/dags/weather_gold_v1.py
[2025-10-13T15:19:28.799+0000] {processor.py:830} INFO - Processing file /opt/airflow/dags/weather_gold_v1.py for tasks to queue
[2025-10-13T15:19:28.803+0000] {logging_mixin.py:188} INFO - [2025-10-13T15:19:28.801+0000] {dagbag.py:540} INFO - Filling up the DagBag from /opt/airflow/dags/weather_gold_v1.py
[2025-10-13T15:19:28.879+0000] {processor.py:840} INFO - DAG(s) 'weather_gold_v1' retrieved from /opt/airflow/dags/weather_gold_v1.py
[2025-10-13T15:19:29.022+0000] {logging_mixin.py:188} INFO - [2025-10-13T15:19:29.021+0000] {dag.py:3047} INFO - Sync 1 DAGs
[2025-10-13T15:19:29.099+0000] {logging_mixin.py:188} INFO - [2025-10-13T15:19:29.099+0000] {dag.py:3834} INFO - Setting next_dagrun for weather_gold_v1 to 2025-10-12 00:00:00+00:00, run_after=2025-10-19 00:00:00+00:00
[2025-10-13T15:19:29.182+0000] {processor.py:183} INFO - Processing /opt/airflow/dags/weather_gold_v1.py took 0.401 seconds
[2025-10-13T15:19:59.765+0000] {processor.py:161} INFO - Started process (PID=15633) to work on /opt/airflow/dags/weather_gold_v1.py
[2025-10-13T15:19:59.768+0000] {processor.py:830} INFO - Processing file /opt/airflow/dags/weather_gold_v1.py for tasks to queue
[2025-10-13T15:19:59.771+0000] {logging_mixin.py:188} INFO - [2025-10-13T15:19:59.770+0000] {dagbag.py:540} INFO - Filling up the DagBag from /opt/airflow/dags/weather_gold_v1.py
[2025-10-13T15:19:59.828+0000] {processor.py:840} INFO - DAG(s) 'weather_gold_v1' retrieved from /opt/airflow/dags/weather_gold_v1.py
[2025-10-13T15:19:59.964+0000] {logging_mixin.py:188} INFO - [2025-10-13T15:19:59.963+0000] {dag.py:3047} INFO - Sync 1 DAGs
[2025-10-13T15:20:00.049+0000] {logging_mixin.py:188} INFO - [2025-10-13T15:20:00.048+0000] {dag.py:3834} INFO - Setting next_dagrun for weather_gold_v1 to 2025-10-12 00:00:00+00:00, run_after=2025-10-19 00:00:00+00:00
[2025-10-13T15:20:00.158+0000] {processor.py:183} INFO - Processing /opt/airflow/dags/weather_gold_v1.py took 0.406 seconds
[2025-10-13T15:20:30.772+0000] {processor.py:161} INFO - Started process (PID=15648) to work on /opt/airflow/dags/weather_gold_v1.py
[2025-10-13T15:20:30.776+0000] {processor.py:830} INFO - Processing file /opt/airflow/dags/weather_gold_v1.py for tasks to queue
[2025-10-13T15:20:30.781+0000] {logging_mixin.py:188} INFO - [2025-10-13T15:20:30.779+0000] {dagbag.py:540} INFO - Filling up the DagBag from /opt/airflow/dags/weather_gold_v1.py
[2025-10-13T15:20:30.832+0000] {processor.py:840} INFO - DAG(s) 'weather_gold_v1' retrieved from /opt/airflow/dags/weather_gold_v1.py
[2025-10-13T15:20:30.908+0000] {logging_mixin.py:188} INFO - [2025-10-13T15:20:30.908+0000] {dag.py:3047} INFO - Sync 1 DAGs
[2025-10-13T15:20:30.987+0000] {logging_mixin.py:188} INFO - [2025-10-13T15:20:30.987+0000] {dag.py:3834} INFO - Setting next_dagrun for weather_gold_v1 to 2025-10-12 00:00:00+00:00, run_after=2025-10-19 00:00:00+00:00
[2025-10-13T15:20:31.083+0000] {processor.py:183} INFO - Processing /opt/airflow/dags/weather_gold_v1.py took 0.320 seconds
[2025-10-13T15:21:01.715+0000] {processor.py:161} INFO - Started process (PID=15663) to work on /opt/airflow/dags/weather_gold_v1.py
[2025-10-13T15:21:01.718+0000] {processor.py:830} INFO - Processing file /opt/airflow/dags/weather_gold_v1.py for tasks to queue
[2025-10-13T15:21:01.721+0000] {logging_mixin.py:188} INFO - [2025-10-13T15:21:01.720+0000] {dagbag.py:540} INFO - Filling up the DagBag from /opt/airflow/dags/weather_gold_v1.py
[2025-10-13T15:21:01.768+0000] {processor.py:840} INFO - DAG(s) 'weather_gold_v1' retrieved from /opt/airflow/dags/weather_gold_v1.py
[2025-10-13T15:21:01.894+0000] {logging_mixin.py:188} INFO - [2025-10-13T15:21:01.893+0000] {dag.py:3047} INFO - Sync 1 DAGs
[2025-10-13T15:21:01.967+0000] {logging_mixin.py:188} INFO - [2025-10-13T15:21:01.967+0000] {dag.py:3834} INFO - Setting next_dagrun for weather_gold_v1 to 2025-10-12 00:00:00+00:00, run_after=2025-10-19 00:00:00+00:00
[2025-10-13T15:21:02.055+0000] {processor.py:183} INFO - Processing /opt/airflow/dags/weather_gold_v1.py took 0.346 seconds
[2025-10-13T15:21:32.182+0000] {processor.py:161} INFO - Started process (PID=15678) to work on /opt/airflow/dags/weather_gold_v1.py
[2025-10-13T15:21:32.184+0000] {processor.py:830} INFO - Processing file /opt/airflow/dags/weather_gold_v1.py for tasks to queue
[2025-10-13T15:21:32.186+0000] {logging_mixin.py:188} INFO - [2025-10-13T15:21:32.186+0000] {dagbag.py:540} INFO - Filling up the DagBag from /opt/airflow/dags/weather_gold_v1.py
[2025-10-13T15:21:32.232+0000] {processor.py:840} INFO - DAG(s) 'weather_gold_v1' retrieved from /opt/airflow/dags/weather_gold_v1.py
[2025-10-13T15:21:32.344+0000] {logging_mixin.py:188} INFO - [2025-10-13T15:21:32.343+0000] {dag.py:3047} INFO - Sync 1 DAGs
[2025-10-13T15:21:32.409+0000] {logging_mixin.py:188} INFO - [2025-10-13T15:21:32.408+0000] {dag.py:3834} INFO - Setting next_dagrun for weather_gold_v1 to 2025-10-12 00:00:00+00:00, run_after=2025-10-19 00:00:00+00:00
[2025-10-13T15:21:32.492+0000] {processor.py:183} INFO - Processing /opt/airflow/dags/weather_gold_v1.py took 0.316 seconds
[2025-10-13T15:22:03.449+0000] {processor.py:161} INFO - Started process (PID=15693) to work on /opt/airflow/dags/weather_gold_v1.py
[2025-10-13T15:22:03.452+0000] {processor.py:830} INFO - Processing file /opt/airflow/dags/weather_gold_v1.py for tasks to queue
[2025-10-13T15:22:03.455+0000] {logging_mixin.py:188} INFO - [2025-10-13T15:22:03.454+0000] {dagbag.py:540} INFO - Filling up the DagBag from /opt/airflow/dags/weather_gold_v1.py
[2025-10-13T15:22:03.508+0000] {processor.py:840} INFO - DAG(s) 'weather_gold_v1' retrieved from /opt/airflow/dags/weather_gold_v1.py
[2025-10-13T15:22:03.609+0000] {logging_mixin.py:188} INFO - [2025-10-13T15:22:03.609+0000] {dag.py:3047} INFO - Sync 1 DAGs
[2025-10-13T15:22:03.721+0000] {logging_mixin.py:188} INFO - [2025-10-13T15:22:03.721+0000] {dag.py:3834} INFO - Setting next_dagrun for weather_gold_v1 to 2025-10-12 00:00:00+00:00, run_after=2025-10-19 00:00:00+00:00
[2025-10-13T15:22:03.883+0000] {processor.py:183} INFO - Processing /opt/airflow/dags/weather_gold_v1.py took 0.442 seconds
[2025-10-13T15:22:34.595+0000] {processor.py:161} INFO - Started process (PID=15708) to work on /opt/airflow/dags/weather_gold_v1.py
[2025-10-13T15:22:34.597+0000] {processor.py:830} INFO - Processing file /opt/airflow/dags/weather_gold_v1.py for tasks to queue
[2025-10-13T15:22:34.600+0000] {logging_mixin.py:188} INFO - [2025-10-13T15:22:34.599+0000] {dagbag.py:540} INFO - Filling up the DagBag from /opt/airflow/dags/weather_gold_v1.py
[2025-10-13T15:22:34.678+0000] {processor.py:840} INFO - DAG(s) 'weather_gold_v1' retrieved from /opt/airflow/dags/weather_gold_v1.py
[2025-10-13T15:22:34.880+0000] {logging_mixin.py:188} INFO - [2025-10-13T15:22:34.870+0000] {dag.py:3047} INFO - Sync 1 DAGs
[2025-10-13T15:22:35.102+0000] {logging_mixin.py:188} INFO - [2025-10-13T15:22:35.101+0000] {dag.py:3834} INFO - Setting next_dagrun for weather_gold_v1 to 2025-10-12 00:00:00+00:00, run_after=2025-10-19 00:00:00+00:00
[2025-10-13T15:22:35.314+0000] {processor.py:183} INFO - Processing /opt/airflow/dags/weather_gold_v1.py took 0.726 seconds
[2025-10-13T18:22:40.422+0000] {processor.py:161} INFO - Started process (PID=15725) to work on /opt/airflow/dags/weather_gold_v1.py
[2025-10-13T18:22:40.437+0000] {processor.py:830} INFO - Processing file /opt/airflow/dags/weather_gold_v1.py for tasks to queue
[2025-10-13T18:22:40.460+0000] {logging_mixin.py:188} INFO - [2025-10-13T18:22:40.450+0000] {dagbag.py:540} INFO - Filling up the DagBag from /opt/airflow/dags/weather_gold_v1.py
[2025-10-13T18:22:40.680+0000] {processor.py:840} INFO - DAG(s) 'weather_gold_v1' retrieved from /opt/airflow/dags/weather_gold_v1.py
[2025-10-13T18:22:41.234+0000] {logging_mixin.py:188} INFO - [2025-10-13T18:22:41.233+0000] {dag.py:3047} INFO - Sync 1 DAGs
[2025-10-13T18:22:41.439+0000] {logging_mixin.py:188} INFO - [2025-10-13T18:22:41.438+0000] {dag.py:3834} INFO - Setting next_dagrun for weather_gold_v1 to 2025-10-12 00:00:00+00:00, run_after=2025-10-19 00:00:00+00:00
[2025-10-13T18:22:41.635+0000] {processor.py:183} INFO - Processing /opt/airflow/dags/weather_gold_v1.py took 1.219 seconds
[2025-10-13T18:23:12.614+0000] {processor.py:161} INFO - Started process (PID=15740) to work on /opt/airflow/dags/weather_gold_v1.py
[2025-10-13T18:23:12.622+0000] {processor.py:830} INFO - Processing file /opt/airflow/dags/weather_gold_v1.py for tasks to queue
[2025-10-13T18:23:12.627+0000] {logging_mixin.py:188} INFO - [2025-10-13T18:23:12.625+0000] {dagbag.py:540} INFO - Filling up the DagBag from /opt/airflow/dags/weather_gold_v1.py
[2025-10-13T18:23:12.804+0000] {processor.py:840} INFO - DAG(s) 'weather_gold_v1' retrieved from /opt/airflow/dags/weather_gold_v1.py
[2025-10-13T18:23:13.188+0000] {logging_mixin.py:188} INFO - [2025-10-13T18:23:13.188+0000] {dag.py:3047} INFO - Sync 1 DAGs
[2025-10-13T18:23:13.372+0000] {logging_mixin.py:188} INFO - [2025-10-13T18:23:13.371+0000] {dag.py:3834} INFO - Setting next_dagrun for weather_gold_v1 to 2025-10-12 00:00:00+00:00, run_after=2025-10-19 00:00:00+00:00
[2025-10-13T18:23:13.481+0000] {processor.py:183} INFO - Processing /opt/airflow/dags/weather_gold_v1.py took 0.928 seconds
[2025-10-13T18:23:44.092+0000] {processor.py:161} INFO - Started process (PID=15755) to work on /opt/airflow/dags/weather_gold_v1.py
[2025-10-13T18:23:44.094+0000] {processor.py:830} INFO - Processing file /opt/airflow/dags/weather_gold_v1.py for tasks to queue
[2025-10-13T18:23:44.096+0000] {logging_mixin.py:188} INFO - [2025-10-13T18:23:44.096+0000] {dagbag.py:540} INFO - Filling up the DagBag from /opt/airflow/dags/weather_gold_v1.py
[2025-10-13T18:23:44.203+0000] {processor.py:840} INFO - DAG(s) 'weather_gold_v1' retrieved from /opt/airflow/dags/weather_gold_v1.py
[2025-10-13T18:23:44.343+0000] {logging_mixin.py:188} INFO - [2025-10-13T18:23:44.342+0000] {dag.py:3047} INFO - Sync 1 DAGs
[2025-10-13T18:23:44.419+0000] {logging_mixin.py:188} INFO - [2025-10-13T18:23:44.419+0000] {dag.py:3834} INFO - Setting next_dagrun for weather_gold_v1 to 2025-10-12 00:00:00+00:00, run_after=2025-10-19 00:00:00+00:00
[2025-10-13T18:23:44.536+0000] {processor.py:183} INFO - Processing /opt/airflow/dags/weather_gold_v1.py took 0.456 seconds
[2025-10-13T18:24:18.525+0000] {processor.py:161} INFO - Started process (PID=15770) to work on /opt/airflow/dags/weather_gold_v1.py
[2025-10-13T18:24:18.604+0000] {processor.py:830} INFO - Processing file /opt/airflow/dags/weather_gold_v1.py for tasks to queue
[2025-10-13T18:24:18.609+0000] {logging_mixin.py:188} INFO - [2025-10-13T18:24:18.607+0000] {dagbag.py:540} INFO - Filling up the DagBag from /opt/airflow/dags/weather_gold_v1.py
[2025-10-13T18:24:18.747+0000] {processor.py:840} INFO - DAG(s) 'weather_gold_v1' retrieved from /opt/airflow/dags/weather_gold_v1.py
[2025-10-13T18:24:19.174+0000] {logging_mixin.py:188} INFO - [2025-10-13T18:24:19.174+0000] {dag.py:3047} INFO - Sync 1 DAGs
[2025-10-13T18:24:19.345+0000] {logging_mixin.py:188} INFO - [2025-10-13T18:24:19.344+0000] {dag.py:3834} INFO - Setting next_dagrun for weather_gold_v1 to 2025-10-12 00:00:00+00:00, run_after=2025-10-19 00:00:00+00:00
[2025-10-13T18:24:19.512+0000] {processor.py:183} INFO - Processing /opt/airflow/dags/weather_gold_v1.py took 0.994 seconds
[2025-10-13T18:24:50.372+0000] {processor.py:161} INFO - Started process (PID=15785) to work on /opt/airflow/dags/weather_gold_v1.py
[2025-10-13T18:24:50.380+0000] {processor.py:830} INFO - Processing file /opt/airflow/dags/weather_gold_v1.py for tasks to queue
[2025-10-13T18:24:50.395+0000] {logging_mixin.py:188} INFO - [2025-10-13T18:24:50.392+0000] {dagbag.py:540} INFO - Filling up the DagBag from /opt/airflow/dags/weather_gold_v1.py
[2025-10-13T18:24:50.471+0000] {processor.py:840} INFO - DAG(s) 'weather_gold_v1' retrieved from /opt/airflow/dags/weather_gold_v1.py
[2025-10-13T18:24:50.657+0000] {logging_mixin.py:188} INFO - [2025-10-13T18:24:50.656+0000] {dag.py:3047} INFO - Sync 1 DAGs
[2025-10-13T18:24:50.743+0000] {logging_mixin.py:188} INFO - [2025-10-13T18:24:50.742+0000] {dag.py:3834} INFO - Setting next_dagrun for weather_gold_v1 to 2025-10-12 00:00:00+00:00, run_after=2025-10-19 00:00:00+00:00
[2025-10-13T18:24:50.879+0000] {processor.py:183} INFO - Processing /opt/airflow/dags/weather_gold_v1.py took 0.521 seconds
[2025-10-13T18:25:21.556+0000] {processor.py:161} INFO - Started process (PID=15800) to work on /opt/airflow/dags/weather_gold_v1.py
[2025-10-13T18:25:21.570+0000] {processor.py:830} INFO - Processing file /opt/airflow/dags/weather_gold_v1.py for tasks to queue
[2025-10-13T18:25:21.582+0000] {logging_mixin.py:188} INFO - [2025-10-13T18:25:21.577+0000] {dagbag.py:540} INFO - Filling up the DagBag from /opt/airflow/dags/weather_gold_v1.py
[2025-10-13T18:25:21.670+0000] {processor.py:840} INFO - DAG(s) 'weather_gold_v1' retrieved from /opt/airflow/dags/weather_gold_v1.py
[2025-10-13T18:25:21.791+0000] {logging_mixin.py:188} INFO - [2025-10-13T18:25:21.791+0000] {dag.py:3047} INFO - Sync 1 DAGs
[2025-10-13T18:25:21.858+0000] {logging_mixin.py:188} INFO - [2025-10-13T18:25:21.857+0000] {dag.py:3834} INFO - Setting next_dagrun for weather_gold_v1 to 2025-10-12 00:00:00+00:00, run_after=2025-10-19 00:00:00+00:00
[2025-10-13T18:25:21.946+0000] {processor.py:183} INFO - Processing /opt/airflow/dags/weather_gold_v1.py took 0.408 seconds
[2025-10-13T18:25:52.527+0000] {processor.py:161} INFO - Started process (PID=15815) to work on /opt/airflow/dags/weather_gold_v1.py
[2025-10-13T18:25:52.530+0000] {processor.py:830} INFO - Processing file /opt/airflow/dags/weather_gold_v1.py for tasks to queue
[2025-10-13T18:25:52.534+0000] {logging_mixin.py:188} INFO - [2025-10-13T18:25:52.533+0000] {dagbag.py:540} INFO - Filling up the DagBag from /opt/airflow/dags/weather_gold_v1.py
[2025-10-13T18:25:52.583+0000] {processor.py:840} INFO - DAG(s) 'weather_gold_v1' retrieved from /opt/airflow/dags/weather_gold_v1.py
[2025-10-13T18:25:52.684+0000] {logging_mixin.py:188} INFO - [2025-10-13T18:25:52.684+0000] {dag.py:3047} INFO - Sync 1 DAGs
[2025-10-13T18:25:52.748+0000] {logging_mixin.py:188} INFO - [2025-10-13T18:25:52.748+0000] {dag.py:3834} INFO - Setting next_dagrun for weather_gold_v1 to 2025-10-12 00:00:00+00:00, run_after=2025-10-19 00:00:00+00:00
[2025-10-13T18:25:52.816+0000] {processor.py:183} INFO - Processing /opt/airflow/dags/weather_gold_v1.py took 0.297 seconds
[2025-10-13T18:26:23.423+0000] {processor.py:161} INFO - Started process (PID=15830) to work on /opt/airflow/dags/weather_gold_v1.py
[2025-10-13T18:26:23.427+0000] {processor.py:830} INFO - Processing file /opt/airflow/dags/weather_gold_v1.py for tasks to queue
[2025-10-13T18:26:23.431+0000] {logging_mixin.py:188} INFO - [2025-10-13T18:26:23.430+0000] {dagbag.py:540} INFO - Filling up the DagBag from /opt/airflow/dags/weather_gold_v1.py
[2025-10-13T18:26:23.494+0000] {processor.py:840} INFO - DAG(s) 'weather_gold_v1' retrieved from /opt/airflow/dags/weather_gold_v1.py
[2025-10-13T18:26:23.610+0000] {logging_mixin.py:188} INFO - [2025-10-13T18:26:23.610+0000] {dag.py:3047} INFO - Sync 1 DAGs
[2025-10-13T18:26:23.700+0000] {logging_mixin.py:188} INFO - [2025-10-13T18:26:23.700+0000] {dag.py:3834} INFO - Setting next_dagrun for weather_gold_v1 to 2025-10-12 00:00:00+00:00, run_after=2025-10-19 00:00:00+00:00
[2025-10-13T18:26:24.061+0000] {processor.py:183} INFO - Processing /opt/airflow/dags/weather_gold_v1.py took 0.655 seconds
[2025-10-13T18:26:55.224+0000] {processor.py:161} INFO - Started process (PID=15845) to work on /opt/airflow/dags/weather_gold_v1.py
[2025-10-13T18:26:55.234+0000] {processor.py:830} INFO - Processing file /opt/airflow/dags/weather_gold_v1.py for tasks to queue
[2025-10-13T18:26:55.236+0000] {logging_mixin.py:188} INFO - [2025-10-13T18:26:55.235+0000] {dagbag.py:540} INFO - Filling up the DagBag from /opt/airflow/dags/weather_gold_v1.py
[2025-10-13T18:26:55.291+0000] {processor.py:840} INFO - DAG(s) 'weather_gold_v1' retrieved from /opt/airflow/dags/weather_gold_v1.py
[2025-10-13T18:26:55.399+0000] {logging_mixin.py:188} INFO - [2025-10-13T18:26:55.399+0000] {dag.py:3047} INFO - Sync 1 DAGs
[2025-10-13T18:26:55.451+0000] {logging_mixin.py:188} INFO - [2025-10-13T18:26:55.451+0000] {dag.py:3834} INFO - Setting next_dagrun for weather_gold_v1 to 2025-10-12 00:00:00+00:00, run_after=2025-10-19 00:00:00+00:00
[2025-10-13T18:26:55.530+0000] {processor.py:183} INFO - Processing /opt/airflow/dags/weather_gold_v1.py took 0.356 seconds
[2025-10-13T18:27:27.374+0000] {processor.py:161} INFO - Started process (PID=15860) to work on /opt/airflow/dags/weather_gold_v1.py
[2025-10-13T18:27:27.377+0000] {processor.py:830} INFO - Processing file /opt/airflow/dags/weather_gold_v1.py for tasks to queue
[2025-10-13T18:27:27.385+0000] {logging_mixin.py:188} INFO - [2025-10-13T18:27:27.384+0000] {dagbag.py:540} INFO - Filling up the DagBag from /opt/airflow/dags/weather_gold_v1.py
[2025-10-13T18:27:27.428+0000] {processor.py:840} INFO - DAG(s) 'weather_gold_v1' retrieved from /opt/airflow/dags/weather_gold_v1.py
[2025-10-13T18:27:27.586+0000] {logging_mixin.py:188} INFO - [2025-10-13T18:27:27.586+0000] {dag.py:3047} INFO - Sync 1 DAGs
[2025-10-13T18:27:27.646+0000] {logging_mixin.py:188} INFO - [2025-10-13T18:27:27.645+0000] {dag.py:3834} INFO - Setting next_dagrun for weather_gold_v1 to 2025-10-12 00:00:00+00:00, run_after=2025-10-19 00:00:00+00:00
[2025-10-13T18:27:27.821+0000] {processor.py:183} INFO - Processing /opt/airflow/dags/weather_gold_v1.py took 0.455 seconds
[2025-10-13T18:27:58.613+0000] {processor.py:161} INFO - Started process (PID=15875) to work on /opt/airflow/dags/weather_gold_v1.py
[2025-10-13T18:27:58.620+0000] {processor.py:830} INFO - Processing file /opt/airflow/dags/weather_gold_v1.py for tasks to queue
[2025-10-13T18:27:58.628+0000] {logging_mixin.py:188} INFO - [2025-10-13T18:27:58.627+0000] {dagbag.py:540} INFO - Filling up the DagBag from /opt/airflow/dags/weather_gold_v1.py
[2025-10-13T18:27:58.769+0000] {processor.py:840} INFO - DAG(s) 'weather_gold_v1' retrieved from /opt/airflow/dags/weather_gold_v1.py
[2025-10-13T18:27:59.129+0000] {logging_mixin.py:188} INFO - [2025-10-13T18:27:59.128+0000] {dag.py:3047} INFO - Sync 1 DAGs
[2025-10-13T18:27:59.333+0000] {logging_mixin.py:188} INFO - [2025-10-13T18:27:59.332+0000] {dag.py:3834} INFO - Setting next_dagrun for weather_gold_v1 to 2025-10-12 00:00:00+00:00, run_after=2025-10-19 00:00:00+00:00
[2025-10-13T18:27:59.528+0000] {processor.py:183} INFO - Processing /opt/airflow/dags/weather_gold_v1.py took 0.923 seconds
[2025-10-13T18:28:30.160+0000] {processor.py:161} INFO - Started process (PID=15890) to work on /opt/airflow/dags/weather_gold_v1.py
[2025-10-13T18:28:30.167+0000] {processor.py:830} INFO - Processing file /opt/airflow/dags/weather_gold_v1.py for tasks to queue
[2025-10-13T18:28:30.173+0000] {logging_mixin.py:188} INFO - [2025-10-13T18:28:30.172+0000] {dagbag.py:540} INFO - Filling up the DagBag from /opt/airflow/dags/weather_gold_v1.py
[2025-10-13T18:28:30.408+0000] {processor.py:840} INFO - DAG(s) 'weather_gold_v1' retrieved from /opt/airflow/dags/weather_gold_v1.py
[2025-10-13T18:28:30.820+0000] {logging_mixin.py:188} INFO - [2025-10-13T18:28:30.819+0000] {dag.py:3047} INFO - Sync 1 DAGs
[2025-10-13T18:28:30.961+0000] {logging_mixin.py:188} INFO - [2025-10-13T18:28:30.961+0000] {dag.py:3834} INFO - Setting next_dagrun for weather_gold_v1 to 2025-10-12 00:00:00+00:00, run_after=2025-10-19 00:00:00+00:00
[2025-10-13T18:28:31.110+0000] {processor.py:183} INFO - Processing /opt/airflow/dags/weather_gold_v1.py took 0.964 seconds
[2025-10-13T18:29:01.777+0000] {processor.py:161} INFO - Started process (PID=15905) to work on /opt/airflow/dags/weather_gold_v1.py
[2025-10-13T18:29:01.780+0000] {processor.py:830} INFO - Processing file /opt/airflow/dags/weather_gold_v1.py for tasks to queue
[2025-10-13T18:29:01.782+0000] {logging_mixin.py:188} INFO - [2025-10-13T18:29:01.782+0000] {dagbag.py:540} INFO - Filling up the DagBag from /opt/airflow/dags/weather_gold_v1.py
[2025-10-13T18:29:01.828+0000] {processor.py:840} INFO - DAG(s) 'weather_gold_v1' retrieved from /opt/airflow/dags/weather_gold_v1.py
[2025-10-13T18:29:01.918+0000] {logging_mixin.py:188} INFO - [2025-10-13T18:29:01.918+0000] {dag.py:3047} INFO - Sync 1 DAGs
[2025-10-13T18:29:02.027+0000] {logging_mixin.py:188} INFO - [2025-10-13T18:29:02.027+0000] {dag.py:3834} INFO - Setting next_dagrun for weather_gold_v1 to 2025-10-12 00:00:00+00:00, run_after=2025-10-19 00:00:00+00:00
[2025-10-13T18:29:02.131+0000] {processor.py:183} INFO - Processing /opt/airflow/dags/weather_gold_v1.py took 0.361 seconds
[2025-10-13T18:29:32.689+0000] {processor.py:161} INFO - Started process (PID=15920) to work on /opt/airflow/dags/weather_gold_v1.py
[2025-10-13T18:29:32.691+0000] {processor.py:830} INFO - Processing file /opt/airflow/dags/weather_gold_v1.py for tasks to queue
[2025-10-13T18:29:32.693+0000] {logging_mixin.py:188} INFO - [2025-10-13T18:29:32.693+0000] {dagbag.py:540} INFO - Filling up the DagBag from /opt/airflow/dags/weather_gold_v1.py
[2025-10-13T18:29:32.735+0000] {processor.py:840} INFO - DAG(s) 'weather_gold_v1' retrieved from /opt/airflow/dags/weather_gold_v1.py
[2025-10-13T18:29:32.857+0000] {logging_mixin.py:188} INFO - [2025-10-13T18:29:32.856+0000] {dag.py:3047} INFO - Sync 1 DAGs
[2025-10-13T18:29:32.930+0000] {logging_mixin.py:188} INFO - [2025-10-13T18:29:32.929+0000] {dag.py:3834} INFO - Setting next_dagrun for weather_gold_v1 to 2025-10-12 00:00:00+00:00, run_after=2025-10-19 00:00:00+00:00
[2025-10-13T18:29:33.000+0000] {processor.py:183} INFO - Processing /opt/airflow/dags/weather_gold_v1.py took 0.316 seconds
[2025-10-13T18:30:03.621+0000] {processor.py:161} INFO - Started process (PID=15935) to work on /opt/airflow/dags/weather_gold_v1.py
[2025-10-13T18:30:03.624+0000] {processor.py:830} INFO - Processing file /opt/airflow/dags/weather_gold_v1.py for tasks to queue
[2025-10-13T18:30:03.628+0000] {logging_mixin.py:188} INFO - [2025-10-13T18:30:03.626+0000] {dagbag.py:540} INFO - Filling up the DagBag from /opt/airflow/dags/weather_gold_v1.py
[2025-10-13T18:30:03.686+0000] {processor.py:840} INFO - DAG(s) 'weather_gold_v1' retrieved from /opt/airflow/dags/weather_gold_v1.py
[2025-10-13T18:30:03.782+0000] {logging_mixin.py:188} INFO - [2025-10-13T18:30:03.782+0000] {dag.py:3047} INFO - Sync 1 DAGs
[2025-10-13T18:30:03.850+0000] {logging_mixin.py:188} INFO - [2025-10-13T18:30:03.849+0000] {dag.py:3834} INFO - Setting next_dagrun for weather_gold_v1 to 2025-10-12 00:00:00+00:00, run_after=2025-10-19 00:00:00+00:00
[2025-10-13T18:30:03.939+0000] {processor.py:183} INFO - Processing /opt/airflow/dags/weather_gold_v1.py took 0.334 seconds
[2025-10-13T18:30:34.355+0000] {processor.py:161} INFO - Started process (PID=15950) to work on /opt/airflow/dags/weather_gold_v1.py
[2025-10-13T18:30:34.357+0000] {processor.py:830} INFO - Processing file /opt/airflow/dags/weather_gold_v1.py for tasks to queue
[2025-10-13T18:30:34.359+0000] {logging_mixin.py:188} INFO - [2025-10-13T18:30:34.359+0000] {dagbag.py:540} INFO - Filling up the DagBag from /opt/airflow/dags/weather_gold_v1.py
[2025-10-13T18:30:34.406+0000] {processor.py:840} INFO - DAG(s) 'weather_gold_v1' retrieved from /opt/airflow/dags/weather_gold_v1.py
[2025-10-13T18:30:34.491+0000] {logging_mixin.py:188} INFO - [2025-10-13T18:30:34.490+0000] {dag.py:3047} INFO - Sync 1 DAGs
[2025-10-13T18:30:34.555+0000] {logging_mixin.py:188} INFO - [2025-10-13T18:30:34.555+0000] {dag.py:3834} INFO - Setting next_dagrun for weather_gold_v1 to 2025-10-12 00:00:00+00:00, run_after=2025-10-19 00:00:00+00:00
[2025-10-13T18:30:34.626+0000] {processor.py:183} INFO - Processing /opt/airflow/dags/weather_gold_v1.py took 0.277 seconds
[2025-10-13T18:31:05.121+0000] {processor.py:161} INFO - Started process (PID=15965) to work on /opt/airflow/dags/weather_gold_v1.py
[2025-10-13T18:31:05.123+0000] {processor.py:830} INFO - Processing file /opt/airflow/dags/weather_gold_v1.py for tasks to queue
[2025-10-13T18:31:05.125+0000] {logging_mixin.py:188} INFO - [2025-10-13T18:31:05.125+0000] {dagbag.py:540} INFO - Filling up the DagBag from /opt/airflow/dags/weather_gold_v1.py
[2025-10-13T18:31:05.163+0000] {processor.py:840} INFO - DAG(s) 'weather_gold_v1' retrieved from /opt/airflow/dags/weather_gold_v1.py
[2025-10-13T18:31:05.252+0000] {logging_mixin.py:188} INFO - [2025-10-13T18:31:05.251+0000] {dag.py:3047} INFO - Sync 1 DAGs
[2025-10-13T18:31:05.317+0000] {logging_mixin.py:188} INFO - [2025-10-13T18:31:05.316+0000] {dag.py:3834} INFO - Setting next_dagrun for weather_gold_v1 to 2025-10-12 00:00:00+00:00, run_after=2025-10-19 00:00:00+00:00
[2025-10-13T18:31:05.438+0000] {processor.py:183} INFO - Processing /opt/airflow/dags/weather_gold_v1.py took 0.340 seconds
[2025-10-13T18:31:36.077+0000] {processor.py:161} INFO - Started process (PID=15980) to work on /opt/airflow/dags/weather_gold_v1.py
[2025-10-13T18:31:36.080+0000] {processor.py:830} INFO - Processing file /opt/airflow/dags/weather_gold_v1.py for tasks to queue
[2025-10-13T18:31:36.083+0000] {logging_mixin.py:188} INFO - [2025-10-13T18:31:36.082+0000] {dagbag.py:540} INFO - Filling up the DagBag from /opt/airflow/dags/weather_gold_v1.py
[2025-10-13T18:31:36.139+0000] {processor.py:840} INFO - DAG(s) 'weather_gold_v1' retrieved from /opt/airflow/dags/weather_gold_v1.py
[2025-10-13T18:31:36.223+0000] {logging_mixin.py:188} INFO - [2025-10-13T18:31:36.222+0000] {dag.py:3047} INFO - Sync 1 DAGs
[2025-10-13T18:31:36.285+0000] {logging_mixin.py:188} INFO - [2025-10-13T18:31:36.285+0000] {dag.py:3834} INFO - Setting next_dagrun for weather_gold_v1 to 2025-10-12 00:00:00+00:00, run_after=2025-10-19 00:00:00+00:00
[2025-10-13T18:31:36.367+0000] {processor.py:183} INFO - Processing /opt/airflow/dags/weather_gold_v1.py took 0.297 seconds
[2025-10-13T18:32:06.905+0000] {processor.py:161} INFO - Started process (PID=15995) to work on /opt/airflow/dags/weather_gold_v1.py
[2025-10-13T18:32:06.908+0000] {processor.py:830} INFO - Processing file /opt/airflow/dags/weather_gold_v1.py for tasks to queue
[2025-10-13T18:32:06.912+0000] {logging_mixin.py:188} INFO - [2025-10-13T18:32:06.910+0000] {dagbag.py:540} INFO - Filling up the DagBag from /opt/airflow/dags/weather_gold_v1.py
[2025-10-13T18:32:06.964+0000] {processor.py:840} INFO - DAG(s) 'weather_gold_v1' retrieved from /opt/airflow/dags/weather_gold_v1.py
[2025-10-13T18:32:07.084+0000] {logging_mixin.py:188} INFO - [2025-10-13T18:32:07.084+0000] {dag.py:3047} INFO - Sync 1 DAGs
[2025-10-13T18:32:07.200+0000] {logging_mixin.py:188} INFO - [2025-10-13T18:32:07.199+0000] {dag.py:3834} INFO - Setting next_dagrun for weather_gold_v1 to 2025-10-12 00:00:00+00:00, run_after=2025-10-19 00:00:00+00:00
[2025-10-13T18:32:07.355+0000] {processor.py:183} INFO - Processing /opt/airflow/dags/weather_gold_v1.py took 0.458 seconds
[2025-10-13T18:32:38.033+0000] {processor.py:161} INFO - Started process (PID=16010) to work on /opt/airflow/dags/weather_gold_v1.py
[2025-10-13T18:32:38.035+0000] {processor.py:830} INFO - Processing file /opt/airflow/dags/weather_gold_v1.py for tasks to queue
[2025-10-13T18:32:38.038+0000] {logging_mixin.py:188} INFO - [2025-10-13T18:32:38.037+0000] {dagbag.py:540} INFO - Filling up the DagBag from /opt/airflow/dags/weather_gold_v1.py
[2025-10-13T18:32:38.078+0000] {processor.py:840} INFO - DAG(s) 'weather_gold_v1' retrieved from /opt/airflow/dags/weather_gold_v1.py
[2025-10-13T18:32:38.173+0000] {logging_mixin.py:188} INFO - [2025-10-13T18:32:38.172+0000] {dag.py:3047} INFO - Sync 1 DAGs
[2025-10-13T18:32:38.243+0000] {logging_mixin.py:188} INFO - [2025-10-13T18:32:38.243+0000] {dag.py:3834} INFO - Setting next_dagrun for weather_gold_v1 to 2025-10-12 00:00:00+00:00, run_after=2025-10-19 00:00:00+00:00
[2025-10-13T18:32:38.314+0000] {processor.py:183} INFO - Processing /opt/airflow/dags/weather_gold_v1.py took 0.285 seconds
[2025-10-13T18:33:09.049+0000] {processor.py:161} INFO - Started process (PID=16025) to work on /opt/airflow/dags/weather_gold_v1.py
[2025-10-13T18:33:09.051+0000] {processor.py:830} INFO - Processing file /opt/airflow/dags/weather_gold_v1.py for tasks to queue
[2025-10-13T18:33:09.053+0000] {logging_mixin.py:188} INFO - [2025-10-13T18:33:09.053+0000] {dagbag.py:540} INFO - Filling up the DagBag from /opt/airflow/dags/weather_gold_v1.py
[2025-10-13T18:33:09.101+0000] {processor.py:840} INFO - DAG(s) 'weather_gold_v1' retrieved from /opt/airflow/dags/weather_gold_v1.py
[2025-10-13T18:33:09.218+0000] {logging_mixin.py:188} INFO - [2025-10-13T18:33:09.218+0000] {dag.py:3047} INFO - Sync 1 DAGs
[2025-10-13T18:33:09.290+0000] {logging_mixin.py:188} INFO - [2025-10-13T18:33:09.289+0000] {dag.py:3834} INFO - Setting next_dagrun for weather_gold_v1 to 2025-10-12 00:00:00+00:00, run_after=2025-10-19 00:00:00+00:00
[2025-10-13T18:33:09.437+0000] {processor.py:183} INFO - Processing /opt/airflow/dags/weather_gold_v1.py took 0.393 seconds
[2025-10-13T18:33:40.093+0000] {processor.py:161} INFO - Started process (PID=16040) to work on /opt/airflow/dags/weather_gold_v1.py
[2025-10-13T18:33:40.095+0000] {processor.py:830} INFO - Processing file /opt/airflow/dags/weather_gold_v1.py for tasks to queue
[2025-10-13T18:33:40.097+0000] {logging_mixin.py:188} INFO - [2025-10-13T18:33:40.096+0000] {dagbag.py:540} INFO - Filling up the DagBag from /opt/airflow/dags/weather_gold_v1.py
[2025-10-13T18:33:40.152+0000] {processor.py:840} INFO - DAG(s) 'weather_gold_v1' retrieved from /opt/airflow/dags/weather_gold_v1.py
[2025-10-13T18:33:40.239+0000] {logging_mixin.py:188} INFO - [2025-10-13T18:33:40.239+0000] {dag.py:3047} INFO - Sync 1 DAGs
[2025-10-13T18:33:40.414+0000] {logging_mixin.py:188} INFO - [2025-10-13T18:33:40.413+0000] {dag.py:3834} INFO - Setting next_dagrun for weather_gold_v1 to 2025-10-12 00:00:00+00:00, run_after=2025-10-19 00:00:00+00:00
[2025-10-13T18:33:40.625+0000] {processor.py:183} INFO - Processing /opt/airflow/dags/weather_gold_v1.py took 0.537 seconds
[2025-10-13T19:22:43.489+0000] {processor.py:161} INFO - Started process (PID=16057) to work on /opt/airflow/dags/weather_gold_v1.py
[2025-10-13T19:22:43.499+0000] {processor.py:830} INFO - Processing file /opt/airflow/dags/weather_gold_v1.py for tasks to queue
[2025-10-13T19:22:43.528+0000] {logging_mixin.py:188} INFO - [2025-10-13T19:22:43.517+0000] {dagbag.py:540} INFO - Filling up the DagBag from /opt/airflow/dags/weather_gold_v1.py
[2025-10-13T19:22:44.948+0000] {processor.py:840} INFO - DAG(s) 'weather_gold_v1' retrieved from /opt/airflow/dags/weather_gold_v1.py
[2025-10-13T19:22:46.142+0000] {logging_mixin.py:188} INFO - [2025-10-13T19:22:46.141+0000] {dag.py:3047} INFO - Sync 1 DAGs
[2025-10-13T19:22:46.821+0000] {logging_mixin.py:188} INFO - [2025-10-13T19:22:46.819+0000] {dag.py:3834} INFO - Setting next_dagrun for weather_gold_v1 to 2025-10-12 00:00:00+00:00, run_after=2025-10-19 00:00:00+00:00
[2025-10-13T19:22:47.377+0000] {processor.py:183} INFO - Processing /opt/airflow/dags/weather_gold_v1.py took 3.964 seconds
[2025-10-13T19:23:18.298+0000] {processor.py:161} INFO - Started process (PID=16072) to work on /opt/airflow/dags/weather_gold_v1.py
[2025-10-13T19:23:18.300+0000] {processor.py:830} INFO - Processing file /opt/airflow/dags/weather_gold_v1.py for tasks to queue
[2025-10-13T19:23:18.301+0000] {logging_mixin.py:188} INFO - [2025-10-13T19:23:18.301+0000] {dagbag.py:540} INFO - Filling up the DagBag from /opt/airflow/dags/weather_gold_v1.py
[2025-10-13T19:23:18.335+0000] {processor.py:840} INFO - DAG(s) 'weather_gold_v1' retrieved from /opt/airflow/dags/weather_gold_v1.py
[2025-10-13T19:23:18.409+0000] {logging_mixin.py:188} INFO - [2025-10-13T19:23:18.409+0000] {dag.py:3047} INFO - Sync 1 DAGs
[2025-10-13T19:23:18.468+0000] {logging_mixin.py:188} INFO - [2025-10-13T19:23:18.467+0000] {dag.py:3834} INFO - Setting next_dagrun for weather_gold_v1 to 2025-10-12 00:00:00+00:00, run_after=2025-10-19 00:00:00+00:00
[2025-10-13T19:23:18.532+0000] {processor.py:183} INFO - Processing /opt/airflow/dags/weather_gold_v1.py took 0.239 seconds
[2025-10-13T19:23:49.125+0000] {processor.py:161} INFO - Started process (PID=16087) to work on /opt/airflow/dags/weather_gold_v1.py
[2025-10-13T19:23:49.127+0000] {processor.py:830} INFO - Processing file /opt/airflow/dags/weather_gold_v1.py for tasks to queue
[2025-10-13T19:23:49.129+0000] {logging_mixin.py:188} INFO - [2025-10-13T19:23:49.129+0000] {dagbag.py:540} INFO - Filling up the DagBag from /opt/airflow/dags/weather_gold_v1.py
[2025-10-13T19:23:49.167+0000] {processor.py:840} INFO - DAG(s) 'weather_gold_v1' retrieved from /opt/airflow/dags/weather_gold_v1.py
[2025-10-13T19:23:49.262+0000] {logging_mixin.py:188} INFO - [2025-10-13T19:23:49.262+0000] {dag.py:3047} INFO - Sync 1 DAGs
[2025-10-13T19:23:49.343+0000] {logging_mixin.py:188} INFO - [2025-10-13T19:23:49.343+0000] {dag.py:3834} INFO - Setting next_dagrun for weather_gold_v1 to 2025-10-12 00:00:00+00:00, run_after=2025-10-19 00:00:00+00:00
[2025-10-13T19:23:49.499+0000] {processor.py:183} INFO - Processing /opt/airflow/dags/weather_gold_v1.py took 0.378 seconds
[2025-10-13T19:24:20.264+0000] {processor.py:161} INFO - Started process (PID=16102) to work on /opt/airflow/dags/weather_gold_v1.py
[2025-10-13T19:24:20.272+0000] {processor.py:830} INFO - Processing file /opt/airflow/dags/weather_gold_v1.py for tasks to queue
[2025-10-13T19:24:20.276+0000] {logging_mixin.py:188} INFO - [2025-10-13T19:24:20.275+0000] {dagbag.py:540} INFO - Filling up the DagBag from /opt/airflow/dags/weather_gold_v1.py
[2025-10-13T19:24:20.347+0000] {processor.py:840} INFO - DAG(s) 'weather_gold_v1' retrieved from /opt/airflow/dags/weather_gold_v1.py
[2025-10-13T19:24:20.483+0000] {logging_mixin.py:188} INFO - [2025-10-13T19:24:20.483+0000] {dag.py:3047} INFO - Sync 1 DAGs
[2025-10-13T19:24:20.599+0000] {logging_mixin.py:188} INFO - [2025-10-13T19:24:20.598+0000] {dag.py:3834} INFO - Setting next_dagrun for weather_gold_v1 to 2025-10-12 00:00:00+00:00, run_after=2025-10-19 00:00:00+00:00
[2025-10-13T19:24:20.694+0000] {processor.py:183} INFO - Processing /opt/airflow/dags/weather_gold_v1.py took 0.444 seconds
[2025-10-13T19:24:51.319+0000] {processor.py:161} INFO - Started process (PID=16117) to work on /opt/airflow/dags/weather_gold_v1.py
[2025-10-13T19:24:51.321+0000] {processor.py:830} INFO - Processing file /opt/airflow/dags/weather_gold_v1.py for tasks to queue
[2025-10-13T19:24:51.325+0000] {logging_mixin.py:188} INFO - [2025-10-13T19:24:51.323+0000] {dagbag.py:540} INFO - Filling up the DagBag from /opt/airflow/dags/weather_gold_v1.py
[2025-10-13T19:24:51.372+0000] {processor.py:840} INFO - DAG(s) 'weather_gold_v1' retrieved from /opt/airflow/dags/weather_gold_v1.py
[2025-10-13T19:24:51.461+0000] {logging_mixin.py:188} INFO - [2025-10-13T19:24:51.461+0000] {dag.py:3047} INFO - Sync 1 DAGs
[2025-10-13T19:24:51.533+0000] {logging_mixin.py:188} INFO - [2025-10-13T19:24:51.533+0000] {dag.py:3834} INFO - Setting next_dagrun for weather_gold_v1 to 2025-10-12 00:00:00+00:00, run_after=2025-10-19 00:00:00+00:00
[2025-10-13T19:24:51.612+0000] {processor.py:183} INFO - Processing /opt/airflow/dags/weather_gold_v1.py took 0.299 seconds
[2025-10-13T19:25:22.218+0000] {processor.py:161} INFO - Started process (PID=16132) to work on /opt/airflow/dags/weather_gold_v1.py
[2025-10-13T19:25:22.219+0000] {processor.py:830} INFO - Processing file /opt/airflow/dags/weather_gold_v1.py for tasks to queue
[2025-10-13T19:25:22.222+0000] {logging_mixin.py:188} INFO - [2025-10-13T19:25:22.221+0000] {dagbag.py:540} INFO - Filling up the DagBag from /opt/airflow/dags/weather_gold_v1.py
[2025-10-13T19:25:22.256+0000] {processor.py:840} INFO - DAG(s) 'weather_gold_v1' retrieved from /opt/airflow/dags/weather_gold_v1.py
[2025-10-13T19:25:22.331+0000] {logging_mixin.py:188} INFO - [2025-10-13T19:25:22.331+0000] {dag.py:3047} INFO - Sync 1 DAGs
[2025-10-13T19:25:22.427+0000] {logging_mixin.py:188} INFO - [2025-10-13T19:25:22.426+0000] {dag.py:3834} INFO - Setting next_dagrun for weather_gold_v1 to 2025-10-12 00:00:00+00:00, run_after=2025-10-19 00:00:00+00:00
[2025-10-13T19:25:22.509+0000] {processor.py:183} INFO - Processing /opt/airflow/dags/weather_gold_v1.py took 0.297 seconds
[2025-10-13T19:25:53.118+0000] {processor.py:161} INFO - Started process (PID=16147) to work on /opt/airflow/dags/weather_gold_v1.py
[2025-10-13T19:25:53.121+0000] {processor.py:830} INFO - Processing file /opt/airflow/dags/weather_gold_v1.py for tasks to queue
[2025-10-13T19:25:53.124+0000] {logging_mixin.py:188} INFO - [2025-10-13T19:25:53.123+0000] {dagbag.py:540} INFO - Filling up the DagBag from /opt/airflow/dags/weather_gold_v1.py
[2025-10-13T19:25:53.179+0000] {processor.py:840} INFO - DAG(s) 'weather_gold_v1' retrieved from /opt/airflow/dags/weather_gold_v1.py
[2025-10-13T19:25:53.309+0000] {logging_mixin.py:188} INFO - [2025-10-13T19:25:53.308+0000] {dag.py:3047} INFO - Sync 1 DAGs
[2025-10-13T19:25:53.398+0000] {logging_mixin.py:188} INFO - [2025-10-13T19:25:53.398+0000] {dag.py:3834} INFO - Setting next_dagrun for weather_gold_v1 to 2025-10-12 00:00:00+00:00, run_after=2025-10-19 00:00:00+00:00
[2025-10-13T19:25:53.543+0000] {processor.py:183} INFO - Processing /opt/airflow/dags/weather_gold_v1.py took 0.433 seconds
[2025-10-13T19:26:24.462+0000] {processor.py:161} INFO - Started process (PID=16162) to work on /opt/airflow/dags/weather_gold_v1.py
[2025-10-13T19:26:24.471+0000] {processor.py:830} INFO - Processing file /opt/airflow/dags/weather_gold_v1.py for tasks to queue
[2025-10-13T19:26:24.496+0000] {logging_mixin.py:188} INFO - [2025-10-13T19:26:24.495+0000] {dagbag.py:540} INFO - Filling up the DagBag from /opt/airflow/dags/weather_gold_v1.py
[2025-10-13T19:26:24.695+0000] {processor.py:840} INFO - DAG(s) 'weather_gold_v1' retrieved from /opt/airflow/dags/weather_gold_v1.py
[2025-10-13T19:26:24.822+0000] {logging_mixin.py:188} INFO - [2025-10-13T19:26:24.822+0000] {dag.py:3047} INFO - Sync 1 DAGs
[2025-10-13T19:26:24.908+0000] {logging_mixin.py:188} INFO - [2025-10-13T19:26:24.907+0000] {dag.py:3834} INFO - Setting next_dagrun for weather_gold_v1 to 2025-10-12 00:00:00+00:00, run_after=2025-10-19 00:00:00+00:00
[2025-10-13T19:26:24.991+0000] {processor.py:183} INFO - Processing /opt/airflow/dags/weather_gold_v1.py took 0.538 seconds
[2025-10-13T19:26:55.623+0000] {processor.py:161} INFO - Started process (PID=16177) to work on /opt/airflow/dags/weather_gold_v1.py
[2025-10-13T19:26:55.626+0000] {processor.py:830} INFO - Processing file /opt/airflow/dags/weather_gold_v1.py for tasks to queue
[2025-10-13T19:26:55.630+0000] {logging_mixin.py:188} INFO - [2025-10-13T19:26:55.629+0000] {dagbag.py:540} INFO - Filling up the DagBag from /opt/airflow/dags/weather_gold_v1.py
[2025-10-13T19:26:55.694+0000] {processor.py:840} INFO - DAG(s) 'weather_gold_v1' retrieved from /opt/airflow/dags/weather_gold_v1.py
[2025-10-13T19:26:55.794+0000] {logging_mixin.py:188} INFO - [2025-10-13T19:26:55.794+0000] {dag.py:3047} INFO - Sync 1 DAGs
[2025-10-13T19:26:55.856+0000] {logging_mixin.py:188} INFO - [2025-10-13T19:26:55.856+0000] {dag.py:3834} INFO - Setting next_dagrun for weather_gold_v1 to 2025-10-12 00:00:00+00:00, run_after=2025-10-19 00:00:00+00:00
[2025-10-13T19:26:55.926+0000] {processor.py:183} INFO - Processing /opt/airflow/dags/weather_gold_v1.py took 0.311 seconds
[2025-10-13T19:27:26.550+0000] {processor.py:161} INFO - Started process (PID=16192) to work on /opt/airflow/dags/weather_gold_v1.py
[2025-10-13T19:27:26.552+0000] {processor.py:830} INFO - Processing file /opt/airflow/dags/weather_gold_v1.py for tasks to queue
[2025-10-13T19:27:26.555+0000] {logging_mixin.py:188} INFO - [2025-10-13T19:27:26.554+0000] {dagbag.py:540} INFO - Filling up the DagBag from /opt/airflow/dags/weather_gold_v1.py
[2025-10-13T19:27:26.610+0000] {processor.py:840} INFO - DAG(s) 'weather_gold_v1' retrieved from /opt/airflow/dags/weather_gold_v1.py
[2025-10-13T19:27:26.736+0000] {logging_mixin.py:188} INFO - [2025-10-13T19:27:26.736+0000] {dag.py:3047} INFO - Sync 1 DAGs
[2025-10-13T19:27:26.807+0000] {logging_mixin.py:188} INFO - [2025-10-13T19:27:26.807+0000] {dag.py:3834} INFO - Setting next_dagrun for weather_gold_v1 to 2025-10-12 00:00:00+00:00, run_after=2025-10-19 00:00:00+00:00
[2025-10-13T19:27:26.908+0000] {processor.py:183} INFO - Processing /opt/airflow/dags/weather_gold_v1.py took 0.364 seconds
[2025-10-13T19:27:57.482+0000] {processor.py:161} INFO - Started process (PID=16207) to work on /opt/airflow/dags/weather_gold_v1.py
[2025-10-13T19:27:57.487+0000] {processor.py:830} INFO - Processing file /opt/airflow/dags/weather_gold_v1.py for tasks to queue
[2025-10-13T19:27:57.490+0000] {logging_mixin.py:188} INFO - [2025-10-13T19:27:57.489+0000] {dagbag.py:540} INFO - Filling up the DagBag from /opt/airflow/dags/weather_gold_v1.py
[2025-10-13T19:27:57.537+0000] {processor.py:840} INFO - DAG(s) 'weather_gold_v1' retrieved from /opt/airflow/dags/weather_gold_v1.py
[2025-10-13T19:27:57.643+0000] {logging_mixin.py:188} INFO - [2025-10-13T19:27:57.643+0000] {dag.py:3047} INFO - Sync 1 DAGs
[2025-10-13T19:27:57.704+0000] {logging_mixin.py:188} INFO - [2025-10-13T19:27:57.704+0000] {dag.py:3834} INFO - Setting next_dagrun for weather_gold_v1 to 2025-10-12 00:00:00+00:00, run_after=2025-10-19 00:00:00+00:00
[2025-10-13T19:27:57.825+0000] {processor.py:183} INFO - Processing /opt/airflow/dags/weather_gold_v1.py took 0.349 seconds
[2025-10-13T19:28:28.436+0000] {processor.py:161} INFO - Started process (PID=16222) to work on /opt/airflow/dags/weather_gold_v1.py
[2025-10-13T19:28:28.438+0000] {processor.py:830} INFO - Processing file /opt/airflow/dags/weather_gold_v1.py for tasks to queue
[2025-10-13T19:28:28.441+0000] {logging_mixin.py:188} INFO - [2025-10-13T19:28:28.440+0000] {dagbag.py:540} INFO - Filling up the DagBag from /opt/airflow/dags/weather_gold_v1.py
[2025-10-13T19:28:28.496+0000] {processor.py:840} INFO - DAG(s) 'weather_gold_v1' retrieved from /opt/airflow/dags/weather_gold_v1.py
[2025-10-13T19:28:28.743+0000] {logging_mixin.py:188} INFO - [2025-10-13T19:28:28.742+0000] {dag.py:3047} INFO - Sync 1 DAGs
[2025-10-13T19:28:28.951+0000] {logging_mixin.py:188} INFO - [2025-10-13T19:28:28.951+0000] {dag.py:3834} INFO - Setting next_dagrun for weather_gold_v1 to 2025-10-12 00:00:00+00:00, run_after=2025-10-19 00:00:00+00:00
[2025-10-13T19:28:29.050+0000] {processor.py:183} INFO - Processing /opt/airflow/dags/weather_gold_v1.py took 0.621 seconds
[2025-10-13T19:28:59.577+0000] {processor.py:161} INFO - Started process (PID=16237) to work on /opt/airflow/dags/weather_gold_v1.py
[2025-10-13T19:28:59.581+0000] {processor.py:830} INFO - Processing file /opt/airflow/dags/weather_gold_v1.py for tasks to queue
[2025-10-13T19:28:59.584+0000] {logging_mixin.py:188} INFO - [2025-10-13T19:28:59.583+0000] {dagbag.py:540} INFO - Filling up the DagBag from /opt/airflow/dags/weather_gold_v1.py
[2025-10-13T19:28:59.668+0000] {processor.py:840} INFO - DAG(s) 'weather_gold_v1' retrieved from /opt/airflow/dags/weather_gold_v1.py
[2025-10-13T19:28:59.796+0000] {logging_mixin.py:188} INFO - [2025-10-13T19:28:59.795+0000] {dag.py:3047} INFO - Sync 1 DAGs
[2025-10-13T19:28:59.871+0000] {logging_mixin.py:188} INFO - [2025-10-13T19:28:59.871+0000] {dag.py:3834} INFO - Setting next_dagrun for weather_gold_v1 to 2025-10-12 00:00:00+00:00, run_after=2025-10-19 00:00:00+00:00
[2025-10-13T19:28:59.959+0000] {processor.py:183} INFO - Processing /opt/airflow/dags/weather_gold_v1.py took 0.387 seconds
[2025-10-13T19:29:30.620+0000] {processor.py:161} INFO - Started process (PID=16252) to work on /opt/airflow/dags/weather_gold_v1.py
[2025-10-13T19:29:30.627+0000] {processor.py:830} INFO - Processing file /opt/airflow/dags/weather_gold_v1.py for tasks to queue
[2025-10-13T19:29:30.633+0000] {logging_mixin.py:188} INFO - [2025-10-13T19:29:30.631+0000] {dagbag.py:540} INFO - Filling up the DagBag from /opt/airflow/dags/weather_gold_v1.py
[2025-10-13T19:29:30.802+0000] {processor.py:840} INFO - DAG(s) 'weather_gold_v1' retrieved from /opt/airflow/dags/weather_gold_v1.py
[2025-10-13T19:29:31.029+0000] {logging_mixin.py:188} INFO - [2025-10-13T19:29:31.028+0000] {dag.py:3047} INFO - Sync 1 DAGs
[2025-10-13T19:29:31.157+0000] {logging_mixin.py:188} INFO - [2025-10-13T19:29:31.157+0000] {dag.py:3834} INFO - Setting next_dagrun for weather_gold_v1 to 2025-10-12 00:00:00+00:00, run_after=2025-10-19 00:00:00+00:00
[2025-10-13T19:29:31.261+0000] {processor.py:183} INFO - Processing /opt/airflow/dags/weather_gold_v1.py took 0.681 seconds
[2025-10-13T19:30:01.841+0000] {processor.py:161} INFO - Started process (PID=16267) to work on /opt/airflow/dags/weather_gold_v1.py
[2025-10-13T19:30:01.845+0000] {processor.py:830} INFO - Processing file /opt/airflow/dags/weather_gold_v1.py for tasks to queue
[2025-10-13T19:30:01.848+0000] {logging_mixin.py:188} INFO - [2025-10-13T19:30:01.847+0000] {dagbag.py:540} INFO - Filling up the DagBag from /opt/airflow/dags/weather_gold_v1.py
[2025-10-13T19:30:01.909+0000] {processor.py:840} INFO - DAG(s) 'weather_gold_v1' retrieved from /opt/airflow/dags/weather_gold_v1.py
[2025-10-13T19:30:02.027+0000] {logging_mixin.py:188} INFO - [2025-10-13T19:30:02.026+0000] {dag.py:3047} INFO - Sync 1 DAGs
[2025-10-13T19:30:02.100+0000] {logging_mixin.py:188} INFO - [2025-10-13T19:30:02.100+0000] {dag.py:3834} INFO - Setting next_dagrun for weather_gold_v1 to 2025-10-12 00:00:00+00:00, run_after=2025-10-19 00:00:00+00:00
[2025-10-13T19:30:02.177+0000] {processor.py:183} INFO - Processing /opt/airflow/dags/weather_gold_v1.py took 0.352 seconds
[2025-10-13T19:30:32.781+0000] {processor.py:161} INFO - Started process (PID=16282) to work on /opt/airflow/dags/weather_gold_v1.py
[2025-10-13T19:30:32.783+0000] {processor.py:830} INFO - Processing file /opt/airflow/dags/weather_gold_v1.py for tasks to queue
[2025-10-13T19:30:32.785+0000] {logging_mixin.py:188} INFO - [2025-10-13T19:30:32.785+0000] {dagbag.py:540} INFO - Filling up the DagBag from /opt/airflow/dags/weather_gold_v1.py
[2025-10-13T19:30:32.827+0000] {processor.py:840} INFO - DAG(s) 'weather_gold_v1' retrieved from /opt/airflow/dags/weather_gold_v1.py
[2025-10-13T19:30:32.928+0000] {logging_mixin.py:188} INFO - [2025-10-13T19:30:32.928+0000] {dag.py:3047} INFO - Sync 1 DAGs
[2025-10-13T19:30:32.996+0000] {logging_mixin.py:188} INFO - [2025-10-13T19:30:32.996+0000] {dag.py:3834} INFO - Setting next_dagrun for weather_gold_v1 to 2025-10-12 00:00:00+00:00, run_after=2025-10-19 00:00:00+00:00
[2025-10-13T19:30:33.078+0000] {processor.py:183} INFO - Processing /opt/airflow/dags/weather_gold_v1.py took 0.303 seconds
[2025-10-13T19:31:03.879+0000] {processor.py:161} INFO - Started process (PID=16297) to work on /opt/airflow/dags/weather_gold_v1.py
[2025-10-13T19:31:03.882+0000] {processor.py:830} INFO - Processing file /opt/airflow/dags/weather_gold_v1.py for tasks to queue
[2025-10-13T19:31:03.886+0000] {logging_mixin.py:188} INFO - [2025-10-13T19:31:03.885+0000] {dagbag.py:540} INFO - Filling up the DagBag from /opt/airflow/dags/weather_gold_v1.py
[2025-10-13T19:31:03.939+0000] {processor.py:840} INFO - DAG(s) 'weather_gold_v1' retrieved from /opt/airflow/dags/weather_gold_v1.py
[2025-10-13T19:31:04.083+0000] {logging_mixin.py:188} INFO - [2025-10-13T19:31:04.083+0000] {dag.py:3047} INFO - Sync 1 DAGs
[2025-10-13T19:31:04.285+0000] {logging_mixin.py:188} INFO - [2025-10-13T19:31:04.284+0000] {dag.py:3834} INFO - Setting next_dagrun for weather_gold_v1 to 2025-10-12 00:00:00+00:00, run_after=2025-10-19 00:00:00+00:00
[2025-10-13T19:31:04.611+0000] {processor.py:183} INFO - Processing /opt/airflow/dags/weather_gold_v1.py took 0.742 seconds
[2025-10-13T19:31:35.300+0000] {processor.py:161} INFO - Started process (PID=16312) to work on /opt/airflow/dags/weather_gold_v1.py
[2025-10-13T19:31:35.304+0000] {processor.py:830} INFO - Processing file /opt/airflow/dags/weather_gold_v1.py for tasks to queue
[2025-10-13T19:31:35.308+0000] {logging_mixin.py:188} INFO - [2025-10-13T19:31:35.307+0000] {dagbag.py:540} INFO - Filling up the DagBag from /opt/airflow/dags/weather_gold_v1.py
[2025-10-13T19:31:35.410+0000] {processor.py:840} INFO - DAG(s) 'weather_gold_v1' retrieved from /opt/airflow/dags/weather_gold_v1.py
[2025-10-13T19:31:35.564+0000] {logging_mixin.py:188} INFO - [2025-10-13T19:31:35.564+0000] {dag.py:3047} INFO - Sync 1 DAGs
[2025-10-13T19:31:35.653+0000] {logging_mixin.py:188} INFO - [2025-10-13T19:31:35.652+0000] {dag.py:3834} INFO - Setting next_dagrun for weather_gold_v1 to 2025-10-12 00:00:00+00:00, run_after=2025-10-19 00:00:00+00:00
[2025-10-13T19:31:35.746+0000] {processor.py:183} INFO - Processing /opt/airflow/dags/weather_gold_v1.py took 0.464 seconds
[2025-10-13T19:32:06.730+0000] {processor.py:161} INFO - Started process (PID=16327) to work on /opt/airflow/dags/weather_gold_v1.py
[2025-10-13T19:32:06.735+0000] {processor.py:830} INFO - Processing file /opt/airflow/dags/weather_gold_v1.py for tasks to queue
[2025-10-13T19:32:06.741+0000] {logging_mixin.py:188} INFO - [2025-10-13T19:32:06.739+0000] {dagbag.py:540} INFO - Filling up the DagBag from /opt/airflow/dags/weather_gold_v1.py
[2025-10-13T19:32:06.807+0000] {processor.py:840} INFO - DAG(s) 'weather_gold_v1' retrieved from /opt/airflow/dags/weather_gold_v1.py
[2025-10-13T19:32:06.955+0000] {logging_mixin.py:188} INFO - [2025-10-13T19:32:06.954+0000] {dag.py:3047} INFO - Sync 1 DAGs
[2025-10-13T19:32:07.065+0000] {logging_mixin.py:188} INFO - [2025-10-13T19:32:07.064+0000] {dag.py:3834} INFO - Setting next_dagrun for weather_gold_v1 to 2025-10-12 00:00:00+00:00, run_after=2025-10-19 00:00:00+00:00
[2025-10-13T19:32:07.145+0000] {processor.py:183} INFO - Processing /opt/airflow/dags/weather_gold_v1.py took 0.428 seconds
[2025-10-13T19:32:37.728+0000] {processor.py:161} INFO - Started process (PID=16342) to work on /opt/airflow/dags/weather_gold_v1.py
[2025-10-13T19:32:37.739+0000] {processor.py:830} INFO - Processing file /opt/airflow/dags/weather_gold_v1.py for tasks to queue
[2025-10-13T19:32:37.742+0000] {logging_mixin.py:188} INFO - [2025-10-13T19:32:37.741+0000] {dagbag.py:540} INFO - Filling up the DagBag from /opt/airflow/dags/weather_gold_v1.py
[2025-10-13T19:32:37.851+0000] {processor.py:840} INFO - DAG(s) 'weather_gold_v1' retrieved from /opt/airflow/dags/weather_gold_v1.py
[2025-10-13T19:32:37.963+0000] {logging_mixin.py:188} INFO - [2025-10-13T19:32:37.963+0000] {dag.py:3047} INFO - Sync 1 DAGs
[2025-10-13T19:32:38.043+0000] {logging_mixin.py:188} INFO - [2025-10-13T19:32:38.042+0000] {dag.py:3834} INFO - Setting next_dagrun for weather_gold_v1 to 2025-10-12 00:00:00+00:00, run_after=2025-10-19 00:00:00+00:00
[2025-10-13T19:32:38.242+0000] {processor.py:183} INFO - Processing /opt/airflow/dags/weather_gold_v1.py took 0.524 seconds
[2025-10-13T19:33:08.952+0000] {processor.py:161} INFO - Started process (PID=16357) to work on /opt/airflow/dags/weather_gold_v1.py
[2025-10-13T19:33:08.956+0000] {processor.py:830} INFO - Processing file /opt/airflow/dags/weather_gold_v1.py for tasks to queue
[2025-10-13T19:33:08.960+0000] {logging_mixin.py:188} INFO - [2025-10-13T19:33:08.959+0000] {dagbag.py:540} INFO - Filling up the DagBag from /opt/airflow/dags/weather_gold_v1.py
[2025-10-13T19:33:09.106+0000] {processor.py:840} INFO - DAG(s) 'weather_gold_v1' retrieved from /opt/airflow/dags/weather_gold_v1.py
[2025-10-13T19:33:09.279+0000] {logging_mixin.py:188} INFO - [2025-10-13T19:33:09.279+0000] {dag.py:3047} INFO - Sync 1 DAGs
[2025-10-13T19:33:09.398+0000] {logging_mixin.py:188} INFO - [2025-10-13T19:33:09.398+0000] {dag.py:3834} INFO - Setting next_dagrun for weather_gold_v1 to 2025-10-12 00:00:00+00:00, run_after=2025-10-19 00:00:00+00:00
[2025-10-13T19:33:09.505+0000] {processor.py:183} INFO - Processing /opt/airflow/dags/weather_gold_v1.py took 0.569 seconds
[2025-10-13T19:33:40.068+0000] {processor.py:161} INFO - Started process (PID=16372) to work on /opt/airflow/dags/weather_gold_v1.py
[2025-10-13T19:33:40.071+0000] {processor.py:830} INFO - Processing file /opt/airflow/dags/weather_gold_v1.py for tasks to queue
[2025-10-13T19:33:40.074+0000] {logging_mixin.py:188} INFO - [2025-10-13T19:33:40.073+0000] {dagbag.py:540} INFO - Filling up the DagBag from /opt/airflow/dags/weather_gold_v1.py
[2025-10-13T19:33:40.121+0000] {processor.py:840} INFO - DAG(s) 'weather_gold_v1' retrieved from /opt/airflow/dags/weather_gold_v1.py
[2025-10-13T19:33:40.250+0000] {logging_mixin.py:188} INFO - [2025-10-13T19:33:40.249+0000] {dag.py:3047} INFO - Sync 1 DAGs
[2025-10-13T19:33:40.350+0000] {logging_mixin.py:188} INFO - [2025-10-13T19:33:40.349+0000] {dag.py:3834} INFO - Setting next_dagrun for weather_gold_v1 to 2025-10-12 00:00:00+00:00, run_after=2025-10-19 00:00:00+00:00
[2025-10-13T19:33:40.449+0000] {processor.py:183} INFO - Processing /opt/airflow/dags/weather_gold_v1.py took 0.394 seconds
[2025-10-13T19:34:10.949+0000] {processor.py:161} INFO - Started process (PID=16392) to work on /opt/airflow/dags/weather_gold_v1.py
[2025-10-13T19:34:10.951+0000] {processor.py:830} INFO - Processing file /opt/airflow/dags/weather_gold_v1.py for tasks to queue
[2025-10-13T19:34:10.954+0000] {logging_mixin.py:188} INFO - [2025-10-13T19:34:10.953+0000] {dagbag.py:540} INFO - Filling up the DagBag from /opt/airflow/dags/weather_gold_v1.py
[2025-10-13T19:34:10.991+0000] {processor.py:840} INFO - DAG(s) 'weather_gold_v1' retrieved from /opt/airflow/dags/weather_gold_v1.py
[2025-10-13T19:34:11.081+0000] {logging_mixin.py:188} INFO - [2025-10-13T19:34:11.080+0000] {dag.py:3047} INFO - Sync 1 DAGs
[2025-10-13T19:34:11.146+0000] {logging_mixin.py:188} INFO - [2025-10-13T19:34:11.145+0000] {dag.py:3834} INFO - Setting next_dagrun for weather_gold_v1 to 2025-10-12 00:00:00+00:00, run_after=2025-10-19 00:00:00+00:00
[2025-10-13T19:34:11.211+0000] {processor.py:183} INFO - Processing /opt/airflow/dags/weather_gold_v1.py took 0.269 seconds
[2025-10-13T19:34:41.756+0000] {processor.py:161} INFO - Started process (PID=16402) to work on /opt/airflow/dags/weather_gold_v1.py
[2025-10-13T19:34:41.759+0000] {processor.py:830} INFO - Processing file /opt/airflow/dags/weather_gold_v1.py for tasks to queue
[2025-10-13T19:34:41.761+0000] {logging_mixin.py:188} INFO - [2025-10-13T19:34:41.760+0000] {dagbag.py:540} INFO - Filling up the DagBag from /opt/airflow/dags/weather_gold_v1.py
[2025-10-13T19:34:41.805+0000] {processor.py:840} INFO - DAG(s) 'weather_gold_v1' retrieved from /opt/airflow/dags/weather_gold_v1.py
[2025-10-13T19:34:41.919+0000] {logging_mixin.py:188} INFO - [2025-10-13T19:34:41.918+0000] {dag.py:3047} INFO - Sync 1 DAGs
[2025-10-13T19:34:41.995+0000] {logging_mixin.py:188} INFO - [2025-10-13T19:34:41.995+0000] {dag.py:3834} INFO - Setting next_dagrun for weather_gold_v1 to 2025-10-12 00:00:00+00:00, run_after=2025-10-19 00:00:00+00:00
[2025-10-13T19:34:42.079+0000] {processor.py:183} INFO - Processing /opt/airflow/dags/weather_gold_v1.py took 0.328 seconds
[2025-10-13T19:35:12.716+0000] {processor.py:161} INFO - Started process (PID=16417) to work on /opt/airflow/dags/weather_gold_v1.py
[2025-10-13T19:35:12.717+0000] {processor.py:830} INFO - Processing file /opt/airflow/dags/weather_gold_v1.py for tasks to queue
[2025-10-13T19:35:12.719+0000] {logging_mixin.py:188} INFO - [2025-10-13T19:35:12.718+0000] {dagbag.py:540} INFO - Filling up the DagBag from /opt/airflow/dags/weather_gold_v1.py
[2025-10-13T19:35:12.753+0000] {processor.py:840} INFO - DAG(s) 'weather_gold_v1' retrieved from /opt/airflow/dags/weather_gold_v1.py
[2025-10-13T19:35:12.837+0000] {logging_mixin.py:188} INFO - [2025-10-13T19:35:12.836+0000] {dag.py:3047} INFO - Sync 1 DAGs
[2025-10-13T19:35:12.899+0000] {logging_mixin.py:188} INFO - [2025-10-13T19:35:12.898+0000] {dag.py:3834} INFO - Setting next_dagrun for weather_gold_v1 to 2025-10-12 00:00:00+00:00, run_after=2025-10-19 00:00:00+00:00
[2025-10-13T19:35:12.980+0000] {processor.py:183} INFO - Processing /opt/airflow/dags/weather_gold_v1.py took 0.268 seconds
[2025-10-13T19:35:43.613+0000] {processor.py:161} INFO - Started process (PID=16432) to work on /opt/airflow/dags/weather_gold_v1.py
[2025-10-13T19:35:43.616+0000] {processor.py:830} INFO - Processing file /opt/airflow/dags/weather_gold_v1.py for tasks to queue
[2025-10-13T19:35:43.619+0000] {logging_mixin.py:188} INFO - [2025-10-13T19:35:43.618+0000] {dagbag.py:540} INFO - Filling up the DagBag from /opt/airflow/dags/weather_gold_v1.py
[2025-10-13T19:35:43.686+0000] {processor.py:840} INFO - DAG(s) 'weather_gold_v1' retrieved from /opt/airflow/dags/weather_gold_v1.py
[2025-10-13T19:35:43.807+0000] {logging_mixin.py:188} INFO - [2025-10-13T19:35:43.807+0000] {dag.py:3047} INFO - Sync 1 DAGs
[2025-10-13T19:35:43.898+0000] {logging_mixin.py:188} INFO - [2025-10-13T19:35:43.897+0000] {dag.py:3834} INFO - Setting next_dagrun for weather_gold_v1 to 2025-10-12 00:00:00+00:00, run_after=2025-10-19 00:00:00+00:00
[2025-10-13T19:35:44.043+0000] {processor.py:183} INFO - Processing /opt/airflow/dags/weather_gold_v1.py took 0.436 seconds
[2025-10-13T19:36:14.756+0000] {processor.py:161} INFO - Started process (PID=16447) to work on /opt/airflow/dags/weather_gold_v1.py
[2025-10-13T19:36:14.758+0000] {processor.py:830} INFO - Processing file /opt/airflow/dags/weather_gold_v1.py for tasks to queue
[2025-10-13T19:36:14.760+0000] {logging_mixin.py:188} INFO - [2025-10-13T19:36:14.759+0000] {dagbag.py:540} INFO - Filling up the DagBag from /opt/airflow/dags/weather_gold_v1.py
[2025-10-13T19:36:14.803+0000] {processor.py:840} INFO - DAG(s) 'weather_gold_v1' retrieved from /opt/airflow/dags/weather_gold_v1.py
[2025-10-13T19:36:14.902+0000] {logging_mixin.py:188} INFO - [2025-10-13T19:36:14.901+0000] {dag.py:3047} INFO - Sync 1 DAGs
[2025-10-13T19:36:14.981+0000] {logging_mixin.py:188} INFO - [2025-10-13T19:36:14.981+0000] {dag.py:3834} INFO - Setting next_dagrun for weather_gold_v1 to 2025-10-12 00:00:00+00:00, run_after=2025-10-19 00:00:00+00:00
[2025-10-13T19:36:15.057+0000] {processor.py:183} INFO - Processing /opt/airflow/dags/weather_gold_v1.py took 0.307 seconds
[2025-10-13T19:36:45.640+0000] {processor.py:161} INFO - Started process (PID=16462) to work on /opt/airflow/dags/weather_gold_v1.py
[2025-10-13T19:36:45.644+0000] {processor.py:830} INFO - Processing file /opt/airflow/dags/weather_gold_v1.py for tasks to queue
[2025-10-13T19:36:45.647+0000] {logging_mixin.py:188} INFO - [2025-10-13T19:36:45.646+0000] {dagbag.py:540} INFO - Filling up the DagBag from /opt/airflow/dags/weather_gold_v1.py
[2025-10-13T19:36:45.709+0000] {processor.py:840} INFO - DAG(s) 'weather_gold_v1' retrieved from /opt/airflow/dags/weather_gold_v1.py
[2025-10-13T19:36:45.847+0000] {logging_mixin.py:188} INFO - [2025-10-13T19:36:45.847+0000] {dag.py:3047} INFO - Sync 1 DAGs
[2025-10-13T19:36:45.937+0000] {logging_mixin.py:188} INFO - [2025-10-13T19:36:45.936+0000] {dag.py:3834} INFO - Setting next_dagrun for weather_gold_v1 to 2025-10-12 00:00:00+00:00, run_after=2025-10-19 00:00:00+00:00
[2025-10-13T19:36:46.022+0000] {processor.py:183} INFO - Processing /opt/airflow/dags/weather_gold_v1.py took 0.393 seconds
[2025-10-13T19:37:16.539+0000] {processor.py:161} INFO - Started process (PID=16477) to work on /opt/airflow/dags/weather_gold_v1.py
[2025-10-13T19:37:16.542+0000] {processor.py:830} INFO - Processing file /opt/airflow/dags/weather_gold_v1.py for tasks to queue
[2025-10-13T19:37:16.546+0000] {logging_mixin.py:188} INFO - [2025-10-13T19:37:16.544+0000] {dagbag.py:540} INFO - Filling up the DagBag from /opt/airflow/dags/weather_gold_v1.py
[2025-10-13T19:37:16.603+0000] {processor.py:840} INFO - DAG(s) 'weather_gold_v1' retrieved from /opt/airflow/dags/weather_gold_v1.py
[2025-10-13T19:37:16.705+0000] {logging_mixin.py:188} INFO - [2025-10-13T19:37:16.705+0000] {dag.py:3047} INFO - Sync 1 DAGs
[2025-10-13T19:37:16.782+0000] {logging_mixin.py:188} INFO - [2025-10-13T19:37:16.781+0000] {dag.py:3834} INFO - Setting next_dagrun for weather_gold_v1 to 2025-10-12 00:00:00+00:00, run_after=2025-10-19 00:00:00+00:00
[2025-10-13T19:37:16.874+0000] {processor.py:183} INFO - Processing /opt/airflow/dags/weather_gold_v1.py took 0.342 seconds
[2025-10-13T19:37:47.428+0000] {processor.py:161} INFO - Started process (PID=16492) to work on /opt/airflow/dags/weather_gold_v1.py
[2025-10-13T19:37:47.430+0000] {processor.py:830} INFO - Processing file /opt/airflow/dags/weather_gold_v1.py for tasks to queue
[2025-10-13T19:37:47.433+0000] {logging_mixin.py:188} INFO - [2025-10-13T19:37:47.432+0000] {dagbag.py:540} INFO - Filling up the DagBag from /opt/airflow/dags/weather_gold_v1.py
[2025-10-13T19:37:47.477+0000] {processor.py:840} INFO - DAG(s) 'weather_gold_v1' retrieved from /opt/airflow/dags/weather_gold_v1.py
[2025-10-13T19:37:47.570+0000] {logging_mixin.py:188} INFO - [2025-10-13T19:37:47.570+0000] {dag.py:3047} INFO - Sync 1 DAGs
[2025-10-13T19:37:47.632+0000] {logging_mixin.py:188} INFO - [2025-10-13T19:37:47.632+0000] {dag.py:3834} INFO - Setting next_dagrun for weather_gold_v1 to 2025-10-12 00:00:00+00:00, run_after=2025-10-19 00:00:00+00:00
[2025-10-13T19:37:47.712+0000] {processor.py:183} INFO - Processing /opt/airflow/dags/weather_gold_v1.py took 0.290 seconds
[2025-10-13T19:38:18.322+0000] {processor.py:161} INFO - Started process (PID=16507) to work on /opt/airflow/dags/weather_gold_v1.py
[2025-10-13T19:38:18.326+0000] {processor.py:830} INFO - Processing file /opt/airflow/dags/weather_gold_v1.py for tasks to queue
[2025-10-13T19:38:18.330+0000] {logging_mixin.py:188} INFO - [2025-10-13T19:38:18.329+0000] {dagbag.py:540} INFO - Filling up the DagBag from /opt/airflow/dags/weather_gold_v1.py
[2025-10-13T19:38:18.572+0000] {processor.py:840} INFO - DAG(s) 'weather_gold_v1' retrieved from /opt/airflow/dags/weather_gold_v1.py
[2025-10-13T19:38:19.079+0000] {logging_mixin.py:188} INFO - [2025-10-13T19:38:19.079+0000] {dag.py:3047} INFO - Sync 1 DAGs
[2025-10-13T19:38:19.201+0000] {logging_mixin.py:188} INFO - [2025-10-13T19:38:19.200+0000] {dag.py:3834} INFO - Setting next_dagrun for weather_gold_v1 to 2025-10-12 00:00:00+00:00, run_after=2025-10-19 00:00:00+00:00
[2025-10-13T19:38:19.351+0000] {processor.py:183} INFO - Processing /opt/airflow/dags/weather_gold_v1.py took 1.044 seconds
[2025-10-13T19:38:49.870+0000] {processor.py:161} INFO - Started process (PID=16525) to work on /opt/airflow/dags/weather_gold_v1.py
[2025-10-13T19:38:49.872+0000] {processor.py:830} INFO - Processing file /opt/airflow/dags/weather_gold_v1.py for tasks to queue
[2025-10-13T19:38:49.875+0000] {logging_mixin.py:188} INFO - [2025-10-13T19:38:49.875+0000] {dagbag.py:540} INFO - Filling up the DagBag from /opt/airflow/dags/weather_gold_v1.py
[2025-10-13T19:38:49.909+0000] {processor.py:840} INFO - DAG(s) 'weather_gold_v1' retrieved from /opt/airflow/dags/weather_gold_v1.py
[2025-10-13T19:38:50.009+0000] {logging_mixin.py:188} INFO - [2025-10-13T19:38:50.009+0000] {dag.py:3047} INFO - Sync 1 DAGs
[2025-10-13T19:38:50.071+0000] {logging_mixin.py:188} INFO - [2025-10-13T19:38:50.070+0000] {dag.py:3834} INFO - Setting next_dagrun for weather_gold_v1 to 2025-10-12 00:00:00+00:00, run_after=2025-10-19 00:00:00+00:00
[2025-10-13T19:38:50.136+0000] {processor.py:183} INFO - Processing /opt/airflow/dags/weather_gold_v1.py took 0.273 seconds
[2025-10-13T19:39:20.448+0000] {processor.py:161} INFO - Started process (PID=16542) to work on /opt/airflow/dags/weather_gold_v1.py
[2025-10-13T19:39:20.450+0000] {processor.py:830} INFO - Processing file /opt/airflow/dags/weather_gold_v1.py for tasks to queue
[2025-10-13T19:39:20.452+0000] {logging_mixin.py:188} INFO - [2025-10-13T19:39:20.451+0000] {dagbag.py:540} INFO - Filling up the DagBag from /opt/airflow/dags/weather_gold_v1.py
[2025-10-13T19:39:20.493+0000] {processor.py:840} INFO - DAG(s) 'weather_gold_v1' retrieved from /opt/airflow/dags/weather_gold_v1.py
[2025-10-13T19:39:20.585+0000] {logging_mixin.py:188} INFO - [2025-10-13T19:39:20.585+0000] {dag.py:3047} INFO - Sync 1 DAGs
[2025-10-13T19:39:20.643+0000] {logging_mixin.py:188} INFO - [2025-10-13T19:39:20.642+0000] {dag.py:3834} INFO - Setting next_dagrun for weather_gold_v1 to 2025-10-12 00:00:00+00:00, run_after=2025-10-19 00:00:00+00:00
[2025-10-13T19:39:20.699+0000] {processor.py:183} INFO - Processing /opt/airflow/dags/weather_gold_v1.py took 0.256 seconds
[2025-10-13T19:39:50.839+0000] {processor.py:161} INFO - Started process (PID=16557) to work on /opt/airflow/dags/weather_gold_v1.py
[2025-10-13T19:39:50.840+0000] {processor.py:830} INFO - Processing file /opt/airflow/dags/weather_gold_v1.py for tasks to queue
[2025-10-13T19:39:50.842+0000] {logging_mixin.py:188} INFO - [2025-10-13T19:39:50.842+0000] {dagbag.py:540} INFO - Filling up the DagBag from /opt/airflow/dags/weather_gold_v1.py
[2025-10-13T19:39:50.877+0000] {processor.py:840} INFO - DAG(s) 'weather_gold_v1' retrieved from /opt/airflow/dags/weather_gold_v1.py
[2025-10-13T19:39:50.955+0000] {logging_mixin.py:188} INFO - [2025-10-13T19:39:50.955+0000] {dag.py:3047} INFO - Sync 1 DAGs
[2025-10-13T19:39:51.011+0000] {logging_mixin.py:188} INFO - [2025-10-13T19:39:51.011+0000] {dag.py:3834} INFO - Setting next_dagrun for weather_gold_v1 to 2025-10-12 00:00:00+00:00, run_after=2025-10-19 00:00:00+00:00
[2025-10-13T19:39:51.067+0000] {processor.py:183} INFO - Processing /opt/airflow/dags/weather_gold_v1.py took 0.233 seconds
[2025-10-13T19:40:21.329+0000] {processor.py:161} INFO - Started process (PID=16572) to work on /opt/airflow/dags/weather_gold_v1.py
[2025-10-13T19:40:21.331+0000] {processor.py:830} INFO - Processing file /opt/airflow/dags/weather_gold_v1.py for tasks to queue
[2025-10-13T19:40:21.333+0000] {logging_mixin.py:188} INFO - [2025-10-13T19:40:21.333+0000] {dagbag.py:540} INFO - Filling up the DagBag from /opt/airflow/dags/weather_gold_v1.py
[2025-10-13T19:40:21.368+0000] {processor.py:840} INFO - DAG(s) 'weather_gold_v1' retrieved from /opt/airflow/dags/weather_gold_v1.py
[2025-10-13T19:40:21.476+0000] {logging_mixin.py:188} INFO - [2025-10-13T19:40:21.475+0000] {dag.py:3047} INFO - Sync 1 DAGs
[2025-10-13T19:40:21.540+0000] {logging_mixin.py:188} INFO - [2025-10-13T19:40:21.539+0000] {dag.py:3834} INFO - Setting next_dagrun for weather_gold_v1 to 2025-10-12 00:00:00+00:00, run_after=2025-10-19 00:00:00+00:00
[2025-10-13T19:40:21.595+0000] {processor.py:183} INFO - Processing /opt/airflow/dags/weather_gold_v1.py took 0.270 seconds
[2025-10-13T19:40:51.932+0000] {processor.py:161} INFO - Started process (PID=16587) to work on /opt/airflow/dags/weather_gold_v1.py
[2025-10-13T19:40:51.934+0000] {processor.py:830} INFO - Processing file /opt/airflow/dags/weather_gold_v1.py for tasks to queue
[2025-10-13T19:40:51.936+0000] {logging_mixin.py:188} INFO - [2025-10-13T19:40:51.935+0000] {dagbag.py:540} INFO - Filling up the DagBag from /opt/airflow/dags/weather_gold_v1.py
[2025-10-13T19:40:51.972+0000] {processor.py:840} INFO - DAG(s) 'weather_gold_v1' retrieved from /opt/airflow/dags/weather_gold_v1.py
[2025-10-13T19:40:52.095+0000] {logging_mixin.py:188} INFO - [2025-10-13T19:40:52.094+0000] {dag.py:3047} INFO - Sync 1 DAGs
[2025-10-13T19:40:52.157+0000] {logging_mixin.py:188} INFO - [2025-10-13T19:40:52.156+0000] {dag.py:3834} INFO - Setting next_dagrun for weather_gold_v1 to 2025-10-12 00:00:00+00:00, run_after=2025-10-19 00:00:00+00:00
[2025-10-13T19:40:52.211+0000] {processor.py:183} INFO - Processing /opt/airflow/dags/weather_gold_v1.py took 0.283 seconds
[2025-10-13T19:41:22.643+0000] {processor.py:161} INFO - Started process (PID=16602) to work on /opt/airflow/dags/weather_gold_v1.py
[2025-10-13T19:41:22.646+0000] {processor.py:830} INFO - Processing file /opt/airflow/dags/weather_gold_v1.py for tasks to queue
[2025-10-13T19:41:22.648+0000] {logging_mixin.py:188} INFO - [2025-10-13T19:41:22.648+0000] {dagbag.py:540} INFO - Filling up the DagBag from /opt/airflow/dags/weather_gold_v1.py
[2025-10-13T19:41:22.697+0000] {processor.py:840} INFO - DAG(s) 'weather_gold_v1' retrieved from /opt/airflow/dags/weather_gold_v1.py
[2025-10-13T19:41:22.797+0000] {logging_mixin.py:188} INFO - [2025-10-13T19:41:22.797+0000] {dag.py:3047} INFO - Sync 1 DAGs
[2025-10-13T19:41:22.861+0000] {logging_mixin.py:188} INFO - [2025-10-13T19:41:22.860+0000] {dag.py:3834} INFO - Setting next_dagrun for weather_gold_v1 to 2025-10-12 00:00:00+00:00, run_after=2025-10-19 00:00:00+00:00
[2025-10-13T19:41:22.914+0000] {processor.py:183} INFO - Processing /opt/airflow/dags/weather_gold_v1.py took 0.277 seconds
[2025-10-13T19:41:53.366+0000] {processor.py:161} INFO - Started process (PID=16617) to work on /opt/airflow/dags/weather_gold_v1.py
[2025-10-13T19:41:53.369+0000] {processor.py:830} INFO - Processing file /opt/airflow/dags/weather_gold_v1.py for tasks to queue
[2025-10-13T19:41:53.371+0000] {logging_mixin.py:188} INFO - [2025-10-13T19:41:53.371+0000] {dagbag.py:540} INFO - Filling up the DagBag from /opt/airflow/dags/weather_gold_v1.py
[2025-10-13T19:41:53.413+0000] {processor.py:840} INFO - DAG(s) 'weather_gold_v1' retrieved from /opt/airflow/dags/weather_gold_v1.py
[2025-10-13T19:41:53.503+0000] {logging_mixin.py:188} INFO - [2025-10-13T19:41:53.502+0000] {dag.py:3047} INFO - Sync 1 DAGs
[2025-10-13T19:41:53.568+0000] {logging_mixin.py:188} INFO - [2025-10-13T19:41:53.568+0000] {dag.py:3834} INFO - Setting next_dagrun for weather_gold_v1 to 2025-10-12 00:00:00+00:00, run_after=2025-10-19 00:00:00+00:00
[2025-10-13T19:41:53.657+0000] {processor.py:183} INFO - Processing /opt/airflow/dags/weather_gold_v1.py took 0.296 seconds
[2025-10-13T19:42:23.877+0000] {processor.py:161} INFO - Started process (PID=16632) to work on /opt/airflow/dags/weather_gold_v1.py
[2025-10-13T19:42:23.878+0000] {processor.py:830} INFO - Processing file /opt/airflow/dags/weather_gold_v1.py for tasks to queue
[2025-10-13T19:42:23.881+0000] {logging_mixin.py:188} INFO - [2025-10-13T19:42:23.880+0000] {dagbag.py:540} INFO - Filling up the DagBag from /opt/airflow/dags/weather_gold_v1.py
[2025-10-13T19:42:23.921+0000] {processor.py:840} INFO - DAG(s) 'weather_gold_v1' retrieved from /opt/airflow/dags/weather_gold_v1.py
[2025-10-13T19:42:24.000+0000] {logging_mixin.py:188} INFO - [2025-10-13T19:42:24.000+0000] {dag.py:3047} INFO - Sync 1 DAGs
[2025-10-13T19:42:24.048+0000] {logging_mixin.py:188} INFO - [2025-10-13T19:42:24.048+0000] {dag.py:3834} INFO - Setting next_dagrun for weather_gold_v1 to 2025-10-12 00:00:00+00:00, run_after=2025-10-19 00:00:00+00:00
[2025-10-13T19:42:24.104+0000] {processor.py:183} INFO - Processing /opt/airflow/dags/weather_gold_v1.py took 0.237 seconds
[2025-10-13T19:42:54.409+0000] {processor.py:161} INFO - Started process (PID=16647) to work on /opt/airflow/dags/weather_gold_v1.py
[2025-10-13T19:42:54.413+0000] {processor.py:830} INFO - Processing file /opt/airflow/dags/weather_gold_v1.py for tasks to queue
[2025-10-13T19:42:54.415+0000] {logging_mixin.py:188} INFO - [2025-10-13T19:42:54.414+0000] {dagbag.py:540} INFO - Filling up the DagBag from /opt/airflow/dags/weather_gold_v1.py
[2025-10-13T19:42:54.450+0000] {processor.py:840} INFO - DAG(s) 'weather_gold_v1' retrieved from /opt/airflow/dags/weather_gold_v1.py
[2025-10-13T19:42:54.540+0000] {logging_mixin.py:188} INFO - [2025-10-13T19:42:54.540+0000] {dag.py:3047} INFO - Sync 1 DAGs
[2025-10-13T19:42:54.598+0000] {logging_mixin.py:188} INFO - [2025-10-13T19:42:54.597+0000] {dag.py:3834} INFO - Setting next_dagrun for weather_gold_v1 to 2025-10-12 00:00:00+00:00, run_after=2025-10-19 00:00:00+00:00
[2025-10-13T19:42:54.655+0000] {processor.py:183} INFO - Processing /opt/airflow/dags/weather_gold_v1.py took 0.252 seconds
[2025-10-13T19:43:24.926+0000] {processor.py:161} INFO - Started process (PID=16662) to work on /opt/airflow/dags/weather_gold_v1.py
[2025-10-13T19:43:24.928+0000] {processor.py:830} INFO - Processing file /opt/airflow/dags/weather_gold_v1.py for tasks to queue
[2025-10-13T19:43:24.931+0000] {logging_mixin.py:188} INFO - [2025-10-13T19:43:24.930+0000] {dagbag.py:540} INFO - Filling up the DagBag from /opt/airflow/dags/weather_gold_v1.py
[2025-10-13T19:43:24.969+0000] {processor.py:840} INFO - DAG(s) 'weather_gold_v1' retrieved from /opt/airflow/dags/weather_gold_v1.py
[2025-10-13T19:43:25.053+0000] {logging_mixin.py:188} INFO - [2025-10-13T19:43:25.053+0000] {dag.py:3047} INFO - Sync 1 DAGs
[2025-10-13T19:43:25.114+0000] {logging_mixin.py:188} INFO - [2025-10-13T19:43:25.113+0000] {dag.py:3834} INFO - Setting next_dagrun for weather_gold_v1 to 2025-10-12 00:00:00+00:00, run_after=2025-10-19 00:00:00+00:00
[2025-10-13T19:43:25.171+0000] {processor.py:183} INFO - Processing /opt/airflow/dags/weather_gold_v1.py took 0.250 seconds
[2025-10-13T19:43:55.649+0000] {processor.py:161} INFO - Started process (PID=16677) to work on /opt/airflow/dags/weather_gold_v1.py
[2025-10-13T19:43:55.651+0000] {processor.py:830} INFO - Processing file /opt/airflow/dags/weather_gold_v1.py for tasks to queue
[2025-10-13T19:43:55.654+0000] {logging_mixin.py:188} INFO - [2025-10-13T19:43:55.654+0000] {dagbag.py:540} INFO - Filling up the DagBag from /opt/airflow/dags/weather_gold_v1.py
[2025-10-13T19:43:55.693+0000] {processor.py:840} INFO - DAG(s) 'weather_gold_v1' retrieved from /opt/airflow/dags/weather_gold_v1.py
[2025-10-13T19:43:55.794+0000] {logging_mixin.py:188} INFO - [2025-10-13T19:43:55.794+0000] {dag.py:3047} INFO - Sync 1 DAGs
[2025-10-13T19:43:55.860+0000] {logging_mixin.py:188} INFO - [2025-10-13T19:43:55.859+0000] {dag.py:3834} INFO - Setting next_dagrun for weather_gold_v1 to 2025-10-12 00:00:00+00:00, run_after=2025-10-19 00:00:00+00:00
[2025-10-13T19:43:55.943+0000] {processor.py:183} INFO - Processing /opt/airflow/dags/weather_gold_v1.py took 0.300 seconds
[2025-10-13T19:44:26.251+0000] {processor.py:161} INFO - Started process (PID=16692) to work on /opt/airflow/dags/weather_gold_v1.py
[2025-10-13T19:44:26.254+0000] {processor.py:830} INFO - Processing file /opt/airflow/dags/weather_gold_v1.py for tasks to queue
[2025-10-13T19:44:26.257+0000] {logging_mixin.py:188} INFO - [2025-10-13T19:44:26.256+0000] {dagbag.py:540} INFO - Filling up the DagBag from /opt/airflow/dags/weather_gold_v1.py
[2025-10-13T19:44:26.299+0000] {processor.py:840} INFO - DAG(s) 'weather_gold_v1' retrieved from /opt/airflow/dags/weather_gold_v1.py
[2025-10-13T19:44:26.394+0000] {logging_mixin.py:188} INFO - [2025-10-13T19:44:26.393+0000] {dag.py:3047} INFO - Sync 1 DAGs
[2025-10-13T19:44:26.456+0000] {logging_mixin.py:188} INFO - [2025-10-13T19:44:26.456+0000] {dag.py:3834} INFO - Setting next_dagrun for weather_gold_v1 to 2025-10-12 00:00:00+00:00, run_after=2025-10-19 00:00:00+00:00
[2025-10-13T19:44:26.527+0000] {processor.py:183} INFO - Processing /opt/airflow/dags/weather_gold_v1.py took 0.281 seconds
[2025-10-13T19:45:56.982+0000] {processor.py:161} INFO - Started process (PID=16702) to work on /opt/airflow/dags/weather_gold_v1.py
[2025-10-13T19:45:57.090+0000] {processor.py:830} INFO - Processing file /opt/airflow/dags/weather_gold_v1.py for tasks to queue
[2025-10-13T19:45:57.095+0000] {logging_mixin.py:188} INFO - [2025-10-13T19:45:57.094+0000] {dagbag.py:540} INFO - Filling up the DagBag from /opt/airflow/dags/weather_gold_v1.py
[2025-10-13T19:45:57.972+0000] {processor.py:840} INFO - DAG(s) 'weather_gold_v1' retrieved from /opt/airflow/dags/weather_gold_v1.py
[2025-10-13T19:45:59.180+0000] {logging_mixin.py:188} INFO - [2025-10-13T19:45:59.180+0000] {dag.py:3047} INFO - Sync 1 DAGs
[2025-10-13T19:45:59.903+0000] {logging_mixin.py:188} INFO - [2025-10-13T19:45:59.901+0000] {dag.py:3834} INFO - Setting next_dagrun for weather_gold_v1 to 2025-10-12 00:00:00+00:00, run_after=2025-10-19 00:00:00+00:00
[2025-10-13T19:46:00.113+0000] {processor.py:183} INFO - Processing /opt/airflow/dags/weather_gold_v1.py took 4.545 seconds
[2025-10-13T19:46:31.049+0000] {processor.py:161} INFO - Started process (PID=16719) to work on /opt/airflow/dags/weather_gold_v1.py
[2025-10-13T19:46:31.051+0000] {processor.py:830} INFO - Processing file /opt/airflow/dags/weather_gold_v1.py for tasks to queue
[2025-10-13T19:46:31.054+0000] {logging_mixin.py:188} INFO - [2025-10-13T19:46:31.053+0000] {dagbag.py:540} INFO - Filling up the DagBag from /opt/airflow/dags/weather_gold_v1.py
[2025-10-13T19:46:31.089+0000] {processor.py:840} INFO - DAG(s) 'weather_gold_v1' retrieved from /opt/airflow/dags/weather_gold_v1.py
[2025-10-13T19:46:31.175+0000] {logging_mixin.py:188} INFO - [2025-10-13T19:46:31.175+0000] {dag.py:3047} INFO - Sync 1 DAGs
[2025-10-13T19:46:31.237+0000] {logging_mixin.py:188} INFO - [2025-10-13T19:46:31.237+0000] {dag.py:3834} INFO - Setting next_dagrun for weather_gold_v1 to 2025-10-12 00:00:00+00:00, run_after=2025-10-19 00:00:00+00:00
[2025-10-13T19:46:31.313+0000] {processor.py:183} INFO - Processing /opt/airflow/dags/weather_gold_v1.py took 0.269 seconds
[2025-10-13T19:47:01.825+0000] {processor.py:161} INFO - Started process (PID=16734) to work on /opt/airflow/dags/weather_gold_v1.py
[2025-10-13T19:47:01.828+0000] {processor.py:830} INFO - Processing file /opt/airflow/dags/weather_gold_v1.py for tasks to queue
[2025-10-13T19:47:01.830+0000] {logging_mixin.py:188} INFO - [2025-10-13T19:47:01.829+0000] {dagbag.py:540} INFO - Filling up the DagBag from /opt/airflow/dags/weather_gold_v1.py
[2025-10-13T19:47:01.866+0000] {processor.py:840} INFO - DAG(s) 'weather_gold_v1' retrieved from /opt/airflow/dags/weather_gold_v1.py
[2025-10-13T19:47:01.947+0000] {logging_mixin.py:188} INFO - [2025-10-13T19:47:01.947+0000] {dag.py:3047} INFO - Sync 1 DAGs
[2025-10-13T19:47:01.999+0000] {logging_mixin.py:188} INFO - [2025-10-13T19:47:01.999+0000] {dag.py:3834} INFO - Setting next_dagrun for weather_gold_v1 to 2025-10-12 00:00:00+00:00, run_after=2025-10-19 00:00:00+00:00
[2025-10-13T19:47:02.090+0000] {processor.py:183} INFO - Processing /opt/airflow/dags/weather_gold_v1.py took 0.269 seconds
[2025-10-13T19:47:32.739+0000] {processor.py:161} INFO - Started process (PID=16749) to work on /opt/airflow/dags/weather_gold_v1.py
[2025-10-13T19:47:32.744+0000] {processor.py:830} INFO - Processing file /opt/airflow/dags/weather_gold_v1.py for tasks to queue
[2025-10-13T19:47:32.749+0000] {logging_mixin.py:188} INFO - [2025-10-13T19:47:32.748+0000] {dagbag.py:540} INFO - Filling up the DagBag from /opt/airflow/dags/weather_gold_v1.py
[2025-10-13T19:47:32.820+0000] {processor.py:840} INFO - DAG(s) 'weather_gold_v1' retrieved from /opt/airflow/dags/weather_gold_v1.py
[2025-10-13T19:47:32.966+0000] {logging_mixin.py:188} INFO - [2025-10-13T19:47:32.965+0000] {dag.py:3047} INFO - Sync 1 DAGs
[2025-10-13T19:47:33.061+0000] {logging_mixin.py:188} INFO - [2025-10-13T19:47:33.061+0000] {dag.py:3834} INFO - Setting next_dagrun for weather_gold_v1 to 2025-10-12 00:00:00+00:00, run_after=2025-10-19 00:00:00+00:00
[2025-10-13T19:47:33.170+0000] {processor.py:183} INFO - Processing /opt/airflow/dags/weather_gold_v1.py took 0.478 seconds
[2025-10-13T19:48:03.713+0000] {processor.py:161} INFO - Started process (PID=16764) to work on /opt/airflow/dags/weather_gold_v1.py
[2025-10-13T19:48:03.717+0000] {processor.py:830} INFO - Processing file /opt/airflow/dags/weather_gold_v1.py for tasks to queue
[2025-10-13T19:48:03.723+0000] {logging_mixin.py:188} INFO - [2025-10-13T19:48:03.722+0000] {dagbag.py:540} INFO - Filling up the DagBag from /opt/airflow/dags/weather_gold_v1.py
[2025-10-13T19:48:03.780+0000] {processor.py:840} INFO - DAG(s) 'weather_gold_v1' retrieved from /opt/airflow/dags/weather_gold_v1.py
[2025-10-13T19:48:03.928+0000] {logging_mixin.py:188} INFO - [2025-10-13T19:48:03.927+0000] {dag.py:3047} INFO - Sync 1 DAGs
[2025-10-13T19:48:04.017+0000] {logging_mixin.py:188} INFO - [2025-10-13T19:48:04.016+0000] {dag.py:3834} INFO - Setting next_dagrun for weather_gold_v1 to 2025-10-12 00:00:00+00:00, run_after=2025-10-19 00:00:00+00:00
[2025-10-13T19:48:04.210+0000] {processor.py:183} INFO - Processing /opt/airflow/dags/weather_gold_v1.py took 0.504 seconds
[2025-10-13T19:48:35.095+0000] {processor.py:161} INFO - Started process (PID=16779) to work on /opt/airflow/dags/weather_gold_v1.py
[2025-10-13T19:48:35.100+0000] {processor.py:830} INFO - Processing file /opt/airflow/dags/weather_gold_v1.py for tasks to queue
[2025-10-13T19:48:35.112+0000] {logging_mixin.py:188} INFO - [2025-10-13T19:48:35.111+0000] {dagbag.py:540} INFO - Filling up the DagBag from /opt/airflow/dags/weather_gold_v1.py
[2025-10-13T19:48:35.253+0000] {processor.py:840} INFO - DAG(s) 'weather_gold_v1' retrieved from /opt/airflow/dags/weather_gold_v1.py
[2025-10-13T19:48:35.771+0000] {logging_mixin.py:188} INFO - [2025-10-13T19:48:35.770+0000] {dag.py:3047} INFO - Sync 1 DAGs
[2025-10-13T19:48:35.883+0000] {logging_mixin.py:188} INFO - [2025-10-13T19:48:35.882+0000] {dag.py:3834} INFO - Setting next_dagrun for weather_gold_v1 to 2025-10-12 00:00:00+00:00, run_after=2025-10-19 00:00:00+00:00
[2025-10-13T19:48:35.993+0000] {processor.py:183} INFO - Processing /opt/airflow/dags/weather_gold_v1.py took 0.919 seconds
[2025-10-13T19:49:06.715+0000] {processor.py:161} INFO - Started process (PID=16794) to work on /opt/airflow/dags/weather_gold_v1.py
[2025-10-13T19:49:06.718+0000] {processor.py:830} INFO - Processing file /opt/airflow/dags/weather_gold_v1.py for tasks to queue
[2025-10-13T19:49:06.722+0000] {logging_mixin.py:188} INFO - [2025-10-13T19:49:06.721+0000] {dagbag.py:540} INFO - Filling up the DagBag from /opt/airflow/dags/weather_gold_v1.py
[2025-10-13T19:49:06.766+0000] {processor.py:840} INFO - DAG(s) 'weather_gold_v1' retrieved from /opt/airflow/dags/weather_gold_v1.py
[2025-10-13T19:49:06.867+0000] {logging_mixin.py:188} INFO - [2025-10-13T19:49:06.867+0000] {dag.py:3047} INFO - Sync 1 DAGs
[2025-10-13T19:49:06.941+0000] {logging_mixin.py:188} INFO - [2025-10-13T19:49:06.941+0000] {dag.py:3834} INFO - Setting next_dagrun for weather_gold_v1 to 2025-10-12 00:00:00+00:00, run_after=2025-10-19 00:00:00+00:00
[2025-10-13T19:49:07.050+0000] {processor.py:183} INFO - Processing /opt/airflow/dags/weather_gold_v1.py took 0.344 seconds
[2025-10-13T19:49:37.608+0000] {processor.py:161} INFO - Started process (PID=16809) to work on /opt/airflow/dags/weather_gold_v1.py
[2025-10-13T19:49:37.611+0000] {processor.py:830} INFO - Processing file /opt/airflow/dags/weather_gold_v1.py for tasks to queue
[2025-10-13T19:49:37.614+0000] {logging_mixin.py:188} INFO - [2025-10-13T19:49:37.613+0000] {dagbag.py:540} INFO - Filling up the DagBag from /opt/airflow/dags/weather_gold_v1.py
[2025-10-13T19:49:37.660+0000] {processor.py:840} INFO - DAG(s) 'weather_gold_v1' retrieved from /opt/airflow/dags/weather_gold_v1.py
[2025-10-13T19:49:37.765+0000] {logging_mixin.py:188} INFO - [2025-10-13T19:49:37.765+0000] {dag.py:3047} INFO - Sync 1 DAGs
[2025-10-13T19:49:37.817+0000] {logging_mixin.py:188} INFO - [2025-10-13T19:49:37.817+0000] {dag.py:3834} INFO - Setting next_dagrun for weather_gold_v1 to 2025-10-12 00:00:00+00:00, run_after=2025-10-19 00:00:00+00:00
[2025-10-13T19:49:37.892+0000] {processor.py:183} INFO - Processing /opt/airflow/dags/weather_gold_v1.py took 0.291 seconds
[2025-10-13T19:50:08.436+0000] {processor.py:161} INFO - Started process (PID=16824) to work on /opt/airflow/dags/weather_gold_v1.py
[2025-10-13T19:50:08.440+0000] {processor.py:830} INFO - Processing file /opt/airflow/dags/weather_gold_v1.py for tasks to queue
[2025-10-13T19:50:08.442+0000] {logging_mixin.py:188} INFO - [2025-10-13T19:50:08.442+0000] {dagbag.py:540} INFO - Filling up the DagBag from /opt/airflow/dags/weather_gold_v1.py
[2025-10-13T19:50:08.494+0000] {processor.py:840} INFO - DAG(s) 'weather_gold_v1' retrieved from /opt/airflow/dags/weather_gold_v1.py
[2025-10-13T19:50:08.943+0000] {logging_mixin.py:188} INFO - [2025-10-13T19:50:08.942+0000] {dag.py:3047} INFO - Sync 1 DAGs
[2025-10-13T19:50:09.179+0000] {logging_mixin.py:188} INFO - [2025-10-13T19:50:09.179+0000] {dag.py:3834} INFO - Setting next_dagrun for weather_gold_v1 to 2025-10-12 00:00:00+00:00, run_after=2025-10-19 00:00:00+00:00
[2025-10-13T19:50:09.365+0000] {processor.py:183} INFO - Processing /opt/airflow/dags/weather_gold_v1.py took 0.939 seconds
[2025-10-13T19:50:40.006+0000] {processor.py:161} INFO - Started process (PID=16839) to work on /opt/airflow/dags/weather_gold_v1.py
[2025-10-13T19:50:40.008+0000] {processor.py:830} INFO - Processing file /opt/airflow/dags/weather_gold_v1.py for tasks to queue
[2025-10-13T19:50:40.011+0000] {logging_mixin.py:188} INFO - [2025-10-13T19:50:40.010+0000] {dagbag.py:540} INFO - Filling up the DagBag from /opt/airflow/dags/weather_gold_v1.py
[2025-10-13T19:50:40.057+0000] {processor.py:840} INFO - DAG(s) 'weather_gold_v1' retrieved from /opt/airflow/dags/weather_gold_v1.py
[2025-10-13T19:50:40.159+0000] {logging_mixin.py:188} INFO - [2025-10-13T19:50:40.159+0000] {dag.py:3047} INFO - Sync 1 DAGs
[2025-10-13T19:50:40.238+0000] {logging_mixin.py:188} INFO - [2025-10-13T19:50:40.237+0000] {dag.py:3834} INFO - Setting next_dagrun for weather_gold_v1 to 2025-10-12 00:00:00+00:00, run_after=2025-10-19 00:00:00+00:00
[2025-10-13T19:50:40.316+0000] {processor.py:183} INFO - Processing /opt/airflow/dags/weather_gold_v1.py took 0.323 seconds
[2025-10-13T19:51:11.237+0000] {processor.py:161} INFO - Started process (PID=16854) to work on /opt/airflow/dags/weather_gold_v1.py
[2025-10-13T19:51:11.246+0000] {processor.py:830} INFO - Processing file /opt/airflow/dags/weather_gold_v1.py for tasks to queue
[2025-10-13T19:51:11.252+0000] {logging_mixin.py:188} INFO - [2025-10-13T19:51:11.250+0000] {dagbag.py:540} INFO - Filling up the DagBag from /opt/airflow/dags/weather_gold_v1.py
[2025-10-13T19:51:11.403+0000] {processor.py:840} INFO - DAG(s) 'weather_gold_v1' retrieved from /opt/airflow/dags/weather_gold_v1.py
[2025-10-13T19:51:11.684+0000] {logging_mixin.py:188} INFO - [2025-10-13T19:51:11.683+0000] {dag.py:3047} INFO - Sync 1 DAGs
[2025-10-13T19:51:11.843+0000] {logging_mixin.py:188} INFO - [2025-10-13T19:51:11.843+0000] {dag.py:3834} INFO - Setting next_dagrun for weather_gold_v1 to 2025-10-12 00:00:00+00:00, run_after=2025-10-19 00:00:00+00:00
[2025-10-13T19:51:12.002+0000] {processor.py:183} INFO - Processing /opt/airflow/dags/weather_gold_v1.py took 0.824 seconds
[2025-10-13T19:51:42.573+0000] {processor.py:161} INFO - Started process (PID=16869) to work on /opt/airflow/dags/weather_gold_v1.py
[2025-10-13T19:51:42.575+0000] {processor.py:830} INFO - Processing file /opt/airflow/dags/weather_gold_v1.py for tasks to queue
[2025-10-13T19:51:42.579+0000] {logging_mixin.py:188} INFO - [2025-10-13T19:51:42.578+0000] {dagbag.py:540} INFO - Filling up the DagBag from /opt/airflow/dags/weather_gold_v1.py
[2025-10-13T19:51:42.619+0000] {processor.py:840} INFO - DAG(s) 'weather_gold_v1' retrieved from /opt/airflow/dags/weather_gold_v1.py
[2025-10-13T19:51:42.731+0000] {logging_mixin.py:188} INFO - [2025-10-13T19:51:42.730+0000] {dag.py:3047} INFO - Sync 1 DAGs
[2025-10-13T19:51:42.810+0000] {logging_mixin.py:188} INFO - [2025-10-13T19:51:42.810+0000] {dag.py:3834} INFO - Setting next_dagrun for weather_gold_v1 to 2025-10-12 00:00:00+00:00, run_after=2025-10-19 00:00:00+00:00
[2025-10-13T19:51:42.904+0000] {processor.py:183} INFO - Processing /opt/airflow/dags/weather_gold_v1.py took 0.340 seconds
[2025-10-13T19:52:13.455+0000] {processor.py:161} INFO - Started process (PID=16884) to work on /opt/airflow/dags/weather_gold_v1.py
[2025-10-13T19:52:13.457+0000] {processor.py:830} INFO - Processing file /opt/airflow/dags/weather_gold_v1.py for tasks to queue
[2025-10-13T19:52:13.460+0000] {logging_mixin.py:188} INFO - [2025-10-13T19:52:13.459+0000] {dagbag.py:540} INFO - Filling up the DagBag from /opt/airflow/dags/weather_gold_v1.py
[2025-10-13T19:52:13.499+0000] {processor.py:840} INFO - DAG(s) 'weather_gold_v1' retrieved from /opt/airflow/dags/weather_gold_v1.py
[2025-10-13T19:52:13.587+0000] {logging_mixin.py:188} INFO - [2025-10-13T19:52:13.586+0000] {dag.py:3047} INFO - Sync 1 DAGs
[2025-10-13T19:52:13.650+0000] {logging_mixin.py:188} INFO - [2025-10-13T19:52:13.650+0000] {dag.py:3834} INFO - Setting next_dagrun for weather_gold_v1 to 2025-10-12 00:00:00+00:00, run_after=2025-10-19 00:00:00+00:00
[2025-10-13T19:52:13.729+0000] {processor.py:183} INFO - Processing /opt/airflow/dags/weather_gold_v1.py took 0.280 seconds
[2025-10-13T19:52:47.803+0000] {processor.py:161} INFO - Started process (PID=16899) to work on /opt/airflow/dags/weather_gold_v1.py
[2025-10-13T19:52:47.809+0000] {processor.py:830} INFO - Processing file /opt/airflow/dags/weather_gold_v1.py for tasks to queue
[2025-10-13T19:52:47.815+0000] {logging_mixin.py:188} INFO - [2025-10-13T19:52:47.813+0000] {dagbag.py:540} INFO - Filling up the DagBag from /opt/airflow/dags/weather_gold_v1.py
[2025-10-13T19:52:47.935+0000] {processor.py:840} INFO - DAG(s) 'weather_gold_v1' retrieved from /opt/airflow/dags/weather_gold_v1.py
[2025-10-13T19:52:48.337+0000] {logging_mixin.py:188} INFO - [2025-10-13T19:52:48.336+0000] {dag.py:3047} INFO - Sync 1 DAGs
[2025-10-13T19:52:48.589+0000] {logging_mixin.py:188} INFO - [2025-10-13T19:52:48.588+0000] {dag.py:3834} INFO - Setting next_dagrun for weather_gold_v1 to 2025-10-12 00:00:00+00:00, run_after=2025-10-19 00:00:00+00:00
[2025-10-13T19:52:48.723+0000] {processor.py:183} INFO - Processing /opt/airflow/dags/weather_gold_v1.py took 0.939 seconds
[2025-10-13T19:53:19.099+0000] {processor.py:161} INFO - Started process (PID=16914) to work on /opt/airflow/dags/weather_gold_v1.py
[2025-10-13T19:53:19.106+0000] {processor.py:830} INFO - Processing file /opt/airflow/dags/weather_gold_v1.py for tasks to queue
[2025-10-13T19:53:19.113+0000] {logging_mixin.py:188} INFO - [2025-10-13T19:53:19.109+0000] {dagbag.py:540} INFO - Filling up the DagBag from /opt/airflow/dags/weather_gold_v1.py
[2025-10-13T19:53:19.261+0000] {processor.py:840} INFO - DAG(s) 'weather_gold_v1' retrieved from /opt/airflow/dags/weather_gold_v1.py
[2025-10-13T19:53:19.520+0000] {logging_mixin.py:188} INFO - [2025-10-13T19:53:19.519+0000] {dag.py:3047} INFO - Sync 1 DAGs
[2025-10-13T19:53:19.642+0000] {logging_mixin.py:188} INFO - [2025-10-13T19:53:19.642+0000] {dag.py:3834} INFO - Setting next_dagrun for weather_gold_v1 to 2025-10-12 00:00:00+00:00, run_after=2025-10-19 00:00:00+00:00
[2025-10-13T19:53:19.730+0000] {processor.py:183} INFO - Processing /opt/airflow/dags/weather_gold_v1.py took 0.656 seconds
[2025-10-13T19:53:50.081+0000] {processor.py:161} INFO - Started process (PID=16929) to work on /opt/airflow/dags/weather_gold_v1.py
[2025-10-13T19:53:50.085+0000] {processor.py:830} INFO - Processing file /opt/airflow/dags/weather_gold_v1.py for tasks to queue
[2025-10-13T19:53:50.088+0000] {logging_mixin.py:188} INFO - [2025-10-13T19:53:50.087+0000] {dagbag.py:540} INFO - Filling up the DagBag from /opt/airflow/dags/weather_gold_v1.py
[2025-10-13T19:53:50.130+0000] {processor.py:840} INFO - DAG(s) 'weather_gold_v1' retrieved from /opt/airflow/dags/weather_gold_v1.py
[2025-10-13T19:53:50.260+0000] {logging_mixin.py:188} INFO - [2025-10-13T19:53:50.259+0000] {dag.py:3047} INFO - Sync 1 DAGs
[2025-10-13T19:53:50.339+0000] {logging_mixin.py:188} INFO - [2025-10-13T19:53:50.338+0000] {dag.py:3834} INFO - Setting next_dagrun for weather_gold_v1 to 2025-10-12 00:00:00+00:00, run_after=2025-10-19 00:00:00+00:00
[2025-10-13T19:53:50.439+0000] {processor.py:183} INFO - Processing /opt/airflow/dags/weather_gold_v1.py took 0.379 seconds
[2025-10-13T19:54:21.175+0000] {processor.py:161} INFO - Started process (PID=16944) to work on /opt/airflow/dags/weather_gold_v1.py
[2025-10-13T19:54:21.182+0000] {processor.py:830} INFO - Processing file /opt/airflow/dags/weather_gold_v1.py for tasks to queue
[2025-10-13T19:54:21.193+0000] {logging_mixin.py:188} INFO - [2025-10-13T19:54:21.187+0000] {dagbag.py:540} INFO - Filling up the DagBag from /opt/airflow/dags/weather_gold_v1.py
[2025-10-13T19:54:21.375+0000] {processor.py:840} INFO - DAG(s) 'weather_gold_v1' retrieved from /opt/airflow/dags/weather_gold_v1.py
[2025-10-13T19:54:21.673+0000] {logging_mixin.py:188} INFO - [2025-10-13T19:54:21.673+0000] {dag.py:3047} INFO - Sync 1 DAGs
[2025-10-13T19:54:21.817+0000] {logging_mixin.py:188} INFO - [2025-10-13T19:54:21.817+0000] {dag.py:3834} INFO - Setting next_dagrun for weather_gold_v1 to 2025-10-12 00:00:00+00:00, run_after=2025-10-19 00:00:00+00:00
[2025-10-13T19:54:21.942+0000] {processor.py:183} INFO - Processing /opt/airflow/dags/weather_gold_v1.py took 0.827 seconds
[2025-10-13T19:54:52.496+0000] {processor.py:161} INFO - Started process (PID=16959) to work on /opt/airflow/dags/weather_gold_v1.py
[2025-10-13T19:54:52.505+0000] {processor.py:830} INFO - Processing file /opt/airflow/dags/weather_gold_v1.py for tasks to queue
[2025-10-13T19:54:52.511+0000] {logging_mixin.py:188} INFO - [2025-10-13T19:54:52.510+0000] {dagbag.py:540} INFO - Filling up the DagBag from /opt/airflow/dags/weather_gold_v1.py
[2025-10-13T19:54:52.565+0000] {processor.py:840} INFO - DAG(s) 'weather_gold_v1' retrieved from /opt/airflow/dags/weather_gold_v1.py
[2025-10-13T19:54:52.771+0000] {logging_mixin.py:188} INFO - [2025-10-13T19:54:52.769+0000] {dag.py:3047} INFO - Sync 1 DAGs
[2025-10-13T19:54:52.897+0000] {logging_mixin.py:188} INFO - [2025-10-13T19:54:52.896+0000] {dag.py:3834} INFO - Setting next_dagrun for weather_gold_v1 to 2025-10-12 00:00:00+00:00, run_after=2025-10-19 00:00:00+00:00
[2025-10-13T19:54:52.967+0000] {processor.py:183} INFO - Processing /opt/airflow/dags/weather_gold_v1.py took 0.488 seconds
[2025-10-13T19:55:23.520+0000] {processor.py:161} INFO - Started process (PID=16974) to work on /opt/airflow/dags/weather_gold_v1.py
[2025-10-13T19:55:23.524+0000] {processor.py:830} INFO - Processing file /opt/airflow/dags/weather_gold_v1.py for tasks to queue
[2025-10-13T19:55:23.526+0000] {logging_mixin.py:188} INFO - [2025-10-13T19:55:23.525+0000] {dagbag.py:540} INFO - Filling up the DagBag from /opt/airflow/dags/weather_gold_v1.py
[2025-10-13T19:55:23.572+0000] {processor.py:840} INFO - DAG(s) 'weather_gold_v1' retrieved from /opt/airflow/dags/weather_gold_v1.py
[2025-10-13T19:55:23.709+0000] {logging_mixin.py:188} INFO - [2025-10-13T19:55:23.709+0000] {dag.py:3047} INFO - Sync 1 DAGs
[2025-10-13T19:55:23.824+0000] {logging_mixin.py:188} INFO - [2025-10-13T19:55:23.824+0000] {dag.py:3834} INFO - Setting next_dagrun for weather_gold_v1 to 2025-10-12 00:00:00+00:00, run_after=2025-10-19 00:00:00+00:00
[2025-10-13T19:55:23.926+0000] {processor.py:183} INFO - Processing /opt/airflow/dags/weather_gold_v1.py took 0.425 seconds
