[2025-10-13T00:46:54.134+0000] {processor.py:161} INFO - Started process (PID=5605) to work on /opt/airflow/dags/weather_etl_v2.py
[2025-10-13T00:46:54.145+0000] {processor.py:830} INFO - Processing file /opt/airflow/dags/weather_etl_v2.py for tasks to queue
[2025-10-13T00:46:54.149+0000] {logging_mixin.py:188} INFO - [2025-10-13T00:46:54.148+0000] {dagbag.py:540} INFO - Filling up the DagBag from /opt/airflow/dags/weather_etl_v2.py
[2025-10-13T00:46:54.258+0000] {processor.py:840} INFO - DAG(s) 'weather_etl_v2' retrieved from /opt/airflow/dags/weather_etl_v2.py
[2025-10-13T00:46:54.850+0000] {logging_mixin.py:188} INFO - [2025-10-13T00:46:54.849+0000] {dag.py:3047} INFO - Sync 1 DAGs
[2025-10-13T00:46:57.739+0000] {logging_mixin.py:188} INFO - [2025-10-13T00:46:57.737+0000] {dag.py:3834} INFO - Setting next_dagrun for weather_etl_v2 to 2025-10-12 22:00:00+00:00, run_after=2025-10-13 22:00:00+00:00
[2025-10-13T00:46:57.908+0000] {processor.py:183} INFO - Processing /opt/airflow/dags/weather_etl_v2.py took 3.783 seconds
[2025-10-13T08:22:34.009+0000] {processor.py:161} INFO - Started process (PID=5630) to work on /opt/airflow/dags/weather_etl_v2.py
[2025-10-13T08:22:34.241+0000] {processor.py:830} INFO - Processing file /opt/airflow/dags/weather_etl_v2.py for tasks to queue
[2025-10-13T08:22:34.244+0000] {logging_mixin.py:188} INFO - [2025-10-13T08:22:34.243+0000] {dagbag.py:540} INFO - Filling up the DagBag from /opt/airflow/dags/weather_etl_v2.py
[2025-10-13T08:22:37.627+0000] {processor.py:840} INFO - DAG(s) 'weather_etl_v2' retrieved from /opt/airflow/dags/weather_etl_v2.py
[2025-10-13T08:22:42.986+0000] {logging_mixin.py:188} INFO - [2025-10-13T08:22:42.984+0000] {dag.py:3047} INFO - Sync 1 DAGs
[2025-10-13T08:22:43.906+0000] {logging_mixin.py:188} INFO - [2025-10-13T08:22:43.905+0000] {dag.py:3834} INFO - Setting next_dagrun for weather_etl_v2 to 2025-10-12 22:00:00+00:00, run_after=2025-10-13 22:00:00+00:00
[2025-10-13T08:22:44.273+0000] {processor.py:183} INFO - Processing /opt/airflow/dags/weather_etl_v2.py took 10.415 seconds
[2025-10-13T08:23:14.989+0000] {processor.py:161} INFO - Started process (PID=5661) to work on /opt/airflow/dags/weather_etl_v2.py
[2025-10-13T08:23:14.991+0000] {processor.py:830} INFO - Processing file /opt/airflow/dags/weather_etl_v2.py for tasks to queue
[2025-10-13T08:23:14.994+0000] {logging_mixin.py:188} INFO - [2025-10-13T08:23:14.993+0000] {dagbag.py:540} INFO - Filling up the DagBag from /opt/airflow/dags/weather_etl_v2.py
[2025-10-13T08:23:15.073+0000] {processor.py:840} INFO - DAG(s) 'weather_etl_v2' retrieved from /opt/airflow/dags/weather_etl_v2.py
[2025-10-13T08:23:15.376+0000] {logging_mixin.py:188} INFO - [2025-10-13T08:23:15.366+0000] {dag.py:3047} INFO - Sync 1 DAGs
[2025-10-13T08:23:15.471+0000] {logging_mixin.py:188} INFO - [2025-10-13T08:23:15.470+0000] {dag.py:3834} INFO - Setting next_dagrun for weather_etl_v2 to 2025-10-12 22:00:00+00:00, run_after=2025-10-13 22:00:00+00:00
[2025-10-13T08:23:15.575+0000] {processor.py:183} INFO - Processing /opt/airflow/dags/weather_etl_v2.py took 0.591 seconds
[2025-10-13T08:23:45.847+0000] {processor.py:161} INFO - Started process (PID=5676) to work on /opt/airflow/dags/weather_etl_v2.py
[2025-10-13T08:23:45.849+0000] {processor.py:830} INFO - Processing file /opt/airflow/dags/weather_etl_v2.py for tasks to queue
[2025-10-13T08:23:45.852+0000] {logging_mixin.py:188} INFO - [2025-10-13T08:23:45.851+0000] {dagbag.py:540} INFO - Filling up the DagBag from /opt/airflow/dags/weather_etl_v2.py
[2025-10-13T08:23:45.884+0000] {processor.py:840} INFO - DAG(s) 'weather_etl_v2' retrieved from /opt/airflow/dags/weather_etl_v2.py
[2025-10-13T08:23:45.969+0000] {logging_mixin.py:188} INFO - [2025-10-13T08:23:45.969+0000] {dag.py:3047} INFO - Sync 1 DAGs
[2025-10-13T08:23:46.023+0000] {logging_mixin.py:188} INFO - [2025-10-13T08:23:46.023+0000] {dag.py:3834} INFO - Setting next_dagrun for weather_etl_v2 to 2025-10-12 22:00:00+00:00, run_after=2025-10-13 22:00:00+00:00
[2025-10-13T08:23:46.106+0000] {processor.py:183} INFO - Processing /opt/airflow/dags/weather_etl_v2.py took 0.266 seconds
[2025-10-13T08:24:16.481+0000] {processor.py:161} INFO - Started process (PID=5691) to work on /opt/airflow/dags/weather_etl_v2.py
[2025-10-13T08:24:16.483+0000] {processor.py:830} INFO - Processing file /opt/airflow/dags/weather_etl_v2.py for tasks to queue
[2025-10-13T08:24:16.485+0000] {logging_mixin.py:188} INFO - [2025-10-13T08:24:16.485+0000] {dagbag.py:540} INFO - Filling up the DagBag from /opt/airflow/dags/weather_etl_v2.py
[2025-10-13T08:24:16.515+0000] {processor.py:840} INFO - DAG(s) 'weather_etl_v2' retrieved from /opt/airflow/dags/weather_etl_v2.py
[2025-10-13T08:24:16.589+0000] {logging_mixin.py:188} INFO - [2025-10-13T08:24:16.589+0000] {dag.py:3047} INFO - Sync 1 DAGs
[2025-10-13T08:24:16.639+0000] {logging_mixin.py:188} INFO - [2025-10-13T08:24:16.639+0000] {dag.py:3834} INFO - Setting next_dagrun for weather_etl_v2 to 2025-10-12 22:00:00+00:00, run_after=2025-10-13 22:00:00+00:00
[2025-10-13T08:24:16.697+0000] {processor.py:183} INFO - Processing /opt/airflow/dags/weather_etl_v2.py took 0.244 seconds
[2025-10-13T08:24:47.826+0000] {processor.py:161} INFO - Started process (PID=5706) to work on /opt/airflow/dags/weather_etl_v2.py
[2025-10-13T08:24:47.828+0000] {processor.py:830} INFO - Processing file /opt/airflow/dags/weather_etl_v2.py for tasks to queue
[2025-10-13T08:24:47.830+0000] {logging_mixin.py:188} INFO - [2025-10-13T08:24:47.829+0000] {dagbag.py:540} INFO - Filling up the DagBag from /opt/airflow/dags/weather_etl_v2.py
[2025-10-13T08:24:47.866+0000] {processor.py:840} INFO - DAG(s) 'weather_etl_v2' retrieved from /opt/airflow/dags/weather_etl_v2.py
[2025-10-13T08:24:47.989+0000] {logging_mixin.py:188} INFO - [2025-10-13T08:24:47.988+0000] {dag.py:3047} INFO - Sync 1 DAGs
[2025-10-13T08:24:48.037+0000] {logging_mixin.py:188} INFO - [2025-10-13T08:24:48.037+0000] {dag.py:3834} INFO - Setting next_dagrun for weather_etl_v2 to 2025-10-12 22:00:00+00:00, run_after=2025-10-13 22:00:00+00:00
[2025-10-13T08:24:48.097+0000] {processor.py:183} INFO - Processing /opt/airflow/dags/weather_etl_v2.py took 0.276 seconds
[2025-10-13T08:25:19.951+0000] {processor.py:161} INFO - Started process (PID=5719) to work on /opt/airflow/dags/weather_etl_v2.py
[2025-10-13T08:25:20.132+0000] {processor.py:830} INFO - Processing file /opt/airflow/dags/weather_etl_v2.py for tasks to queue
[2025-10-13T08:25:20.134+0000] {logging_mixin.py:188} INFO - [2025-10-13T08:25:20.133+0000] {dagbag.py:540} INFO - Filling up the DagBag from /opt/airflow/dags/weather_etl_v2.py
[2025-10-13T08:25:21.047+0000] {processor.py:840} INFO - DAG(s) 'weather_etl_v2' retrieved from /opt/airflow/dags/weather_etl_v2.py
[2025-10-13T08:25:21.447+0000] {logging_mixin.py:188} INFO - [2025-10-13T08:25:21.447+0000] {dag.py:3047} INFO - Sync 1 DAGs
[2025-10-13T08:25:21.845+0000] {logging_mixin.py:188} INFO - [2025-10-13T08:25:21.844+0000] {dag.py:3834} INFO - Setting next_dagrun for weather_etl_v2 to 2025-10-12 22:00:00+00:00, run_after=2025-10-13 22:00:00+00:00
[2025-10-13T08:25:22.704+0000] {processor.py:183} INFO - Processing /opt/airflow/dags/weather_etl_v2.py took 2.756 seconds
[2025-10-13T08:25:53.224+0000] {processor.py:161} INFO - Started process (PID=5731) to work on /opt/airflow/dags/weather_etl_v2.py
[2025-10-13T08:25:53.227+0000] {processor.py:830} INFO - Processing file /opt/airflow/dags/weather_etl_v2.py for tasks to queue
[2025-10-13T08:25:53.230+0000] {logging_mixin.py:188} INFO - [2025-10-13T08:25:53.230+0000] {dagbag.py:540} INFO - Filling up the DagBag from /opt/airflow/dags/weather_etl_v2.py
[2025-10-13T08:25:53.275+0000] {processor.py:840} INFO - DAG(s) 'weather_etl_v2' retrieved from /opt/airflow/dags/weather_etl_v2.py
[2025-10-13T08:25:53.374+0000] {logging_mixin.py:188} INFO - [2025-10-13T08:25:53.373+0000] {dag.py:3047} INFO - Sync 1 DAGs
[2025-10-13T08:25:53.465+0000] {logging_mixin.py:188} INFO - [2025-10-13T08:25:53.465+0000] {dag.py:3834} INFO - Setting next_dagrun for weather_etl_v2 to 2025-10-12 22:00:00+00:00, run_after=2025-10-13 22:00:00+00:00
[2025-10-13T08:25:53.538+0000] {processor.py:183} INFO - Processing /opt/airflow/dags/weather_etl_v2.py took 0.416 seconds
[2025-10-13T08:26:24.205+0000] {processor.py:161} INFO - Started process (PID=5746) to work on /opt/airflow/dags/weather_etl_v2.py
[2025-10-13T08:26:24.206+0000] {processor.py:830} INFO - Processing file /opt/airflow/dags/weather_etl_v2.py for tasks to queue
[2025-10-13T08:26:24.208+0000] {logging_mixin.py:188} INFO - [2025-10-13T08:26:24.208+0000] {dagbag.py:540} INFO - Filling up the DagBag from /opt/airflow/dags/weather_etl_v2.py
[2025-10-13T08:26:24.240+0000] {processor.py:840} INFO - DAG(s) 'weather_etl_v2' retrieved from /opt/airflow/dags/weather_etl_v2.py
[2025-10-13T08:26:24.322+0000] {logging_mixin.py:188} INFO - [2025-10-13T08:26:24.322+0000] {dag.py:3047} INFO - Sync 1 DAGs
[2025-10-13T08:26:24.371+0000] {logging_mixin.py:188} INFO - [2025-10-13T08:26:24.371+0000] {dag.py:3834} INFO - Setting next_dagrun for weather_etl_v2 to 2025-10-12 22:00:00+00:00, run_after=2025-10-13 22:00:00+00:00
[2025-10-13T08:26:24.424+0000] {processor.py:183} INFO - Processing /opt/airflow/dags/weather_etl_v2.py took 0.222 seconds
[2025-10-13T08:26:54.519+0000] {processor.py:161} INFO - Started process (PID=5761) to work on /opt/airflow/dags/weather_etl_v2.py
[2025-10-13T08:26:54.521+0000] {processor.py:830} INFO - Processing file /opt/airflow/dags/weather_etl_v2.py for tasks to queue
[2025-10-13T08:26:54.522+0000] {logging_mixin.py:188} INFO - [2025-10-13T08:26:54.522+0000] {dagbag.py:540} INFO - Filling up the DagBag from /opt/airflow/dags/weather_etl_v2.py
[2025-10-13T08:26:54.552+0000] {processor.py:840} INFO - DAG(s) 'weather_etl_v2' retrieved from /opt/airflow/dags/weather_etl_v2.py
[2025-10-13T08:26:54.624+0000] {logging_mixin.py:188} INFO - [2025-10-13T08:26:54.623+0000] {dag.py:3047} INFO - Sync 1 DAGs
[2025-10-13T08:26:54.677+0000] {logging_mixin.py:188} INFO - [2025-10-13T08:26:54.676+0000] {dag.py:3834} INFO - Setting next_dagrun for weather_etl_v2 to 2025-10-12 22:00:00+00:00, run_after=2025-10-13 22:00:00+00:00
[2025-10-13T08:26:54.775+0000] {processor.py:183} INFO - Processing /opt/airflow/dags/weather_etl_v2.py took 0.259 seconds
[2025-10-13T08:27:25.842+0000] {processor.py:161} INFO - Started process (PID=5776) to work on /opt/airflow/dags/weather_etl_v2.py
[2025-10-13T08:27:25.845+0000] {processor.py:830} INFO - Processing file /opt/airflow/dags/weather_etl_v2.py for tasks to queue
[2025-10-13T08:27:25.848+0000] {logging_mixin.py:188} INFO - [2025-10-13T08:27:25.847+0000] {dagbag.py:540} INFO - Filling up the DagBag from /opt/airflow/dags/weather_etl_v2.py
[2025-10-13T08:27:25.926+0000] {processor.py:840} INFO - DAG(s) 'weather_etl_v2' retrieved from /opt/airflow/dags/weather_etl_v2.py
[2025-10-13T08:27:26.059+0000] {logging_mixin.py:188} INFO - [2025-10-13T08:27:26.057+0000] {dag.py:3047} INFO - Sync 1 DAGs
[2025-10-13T08:27:26.132+0000] {logging_mixin.py:188} INFO - [2025-10-13T08:27:26.131+0000] {dag.py:3834} INFO - Setting next_dagrun for weather_etl_v2 to 2025-10-12 22:00:00+00:00, run_after=2025-10-13 22:00:00+00:00
[2025-10-13T08:27:26.205+0000] {processor.py:183} INFO - Processing /opt/airflow/dags/weather_etl_v2.py took 0.370 seconds
[2025-10-13T08:27:56.871+0000] {processor.py:161} INFO - Started process (PID=5791) to work on /opt/airflow/dags/weather_etl_v2.py
[2025-10-13T08:27:56.874+0000] {processor.py:830} INFO - Processing file /opt/airflow/dags/weather_etl_v2.py for tasks to queue
[2025-10-13T08:27:56.880+0000] {logging_mixin.py:188} INFO - [2025-10-13T08:27:56.879+0000] {dagbag.py:540} INFO - Filling up the DagBag from /opt/airflow/dags/weather_etl_v2.py
[2025-10-13T08:27:56.935+0000] {processor.py:840} INFO - DAG(s) 'weather_etl_v2' retrieved from /opt/airflow/dags/weather_etl_v2.py
[2025-10-13T08:27:57.032+0000] {logging_mixin.py:188} INFO - [2025-10-13T08:27:57.031+0000] {dag.py:3047} INFO - Sync 1 DAGs
[2025-10-13T08:27:57.090+0000] {logging_mixin.py:188} INFO - [2025-10-13T08:27:57.089+0000] {dag.py:3834} INFO - Setting next_dagrun for weather_etl_v2 to 2025-10-12 22:00:00+00:00, run_after=2025-10-13 22:00:00+00:00
[2025-10-13T08:27:57.157+0000] {processor.py:183} INFO - Processing /opt/airflow/dags/weather_etl_v2.py took 0.294 seconds
[2025-10-13T08:28:28.047+0000] {processor.py:161} INFO - Started process (PID=5806) to work on /opt/airflow/dags/weather_etl_v2.py
[2025-10-13T08:28:28.056+0000] {processor.py:830} INFO - Processing file /opt/airflow/dags/weather_etl_v2.py for tasks to queue
[2025-10-13T08:28:28.059+0000] {logging_mixin.py:188} INFO - [2025-10-13T08:28:28.058+0000] {dagbag.py:540} INFO - Filling up the DagBag from /opt/airflow/dags/weather_etl_v2.py
[2025-10-13T08:28:28.118+0000] {processor.py:840} INFO - DAG(s) 'weather_etl_v2' retrieved from /opt/airflow/dags/weather_etl_v2.py
[2025-10-13T08:28:28.337+0000] {logging_mixin.py:188} INFO - [2025-10-13T08:28:28.336+0000] {dag.py:3047} INFO - Sync 1 DAGs
[2025-10-13T08:28:28.442+0000] {logging_mixin.py:188} INFO - [2025-10-13T08:28:28.441+0000] {dag.py:3834} INFO - Setting next_dagrun for weather_etl_v2 to 2025-10-12 22:00:00+00:00, run_after=2025-10-13 22:00:00+00:00
[2025-10-13T08:28:28.525+0000] {processor.py:183} INFO - Processing /opt/airflow/dags/weather_etl_v2.py took 0.486 seconds
[2025-10-13T08:28:58.950+0000] {processor.py:161} INFO - Started process (PID=5821) to work on /opt/airflow/dags/weather_etl_v2.py
[2025-10-13T08:28:58.952+0000] {processor.py:830} INFO - Processing file /opt/airflow/dags/weather_etl_v2.py for tasks to queue
[2025-10-13T08:28:58.953+0000] {logging_mixin.py:188} INFO - [2025-10-13T08:28:58.953+0000] {dagbag.py:540} INFO - Filling up the DagBag from /opt/airflow/dags/weather_etl_v2.py
[2025-10-13T08:28:58.981+0000] {processor.py:840} INFO - DAG(s) 'weather_etl_v2' retrieved from /opt/airflow/dags/weather_etl_v2.py
[2025-10-13T08:28:59.039+0000] {logging_mixin.py:188} INFO - [2025-10-13T08:28:59.038+0000] {dag.py:3047} INFO - Sync 1 DAGs
[2025-10-13T08:28:59.084+0000] {logging_mixin.py:188} INFO - [2025-10-13T08:28:59.084+0000] {dag.py:3834} INFO - Setting next_dagrun for weather_etl_v2 to 2025-10-12 22:00:00+00:00, run_after=2025-10-13 22:00:00+00:00
[2025-10-13T08:28:59.147+0000] {processor.py:183} INFO - Processing /opt/airflow/dags/weather_etl_v2.py took 0.201 seconds
[2025-10-13T08:29:29.643+0000] {processor.py:161} INFO - Started process (PID=5836) to work on /opt/airflow/dags/weather_etl_v2.py
[2025-10-13T08:29:29.644+0000] {processor.py:830} INFO - Processing file /opt/airflow/dags/weather_etl_v2.py for tasks to queue
[2025-10-13T08:29:29.646+0000] {logging_mixin.py:188} INFO - [2025-10-13T08:29:29.645+0000] {dagbag.py:540} INFO - Filling up the DagBag from /opt/airflow/dags/weather_etl_v2.py
[2025-10-13T08:29:29.679+0000] {processor.py:840} INFO - DAG(s) 'weather_etl_v2' retrieved from /opt/airflow/dags/weather_etl_v2.py
[2025-10-13T08:29:29.740+0000] {logging_mixin.py:188} INFO - [2025-10-13T08:29:29.739+0000] {dag.py:3047} INFO - Sync 1 DAGs
[2025-10-13T08:29:29.784+0000] {logging_mixin.py:188} INFO - [2025-10-13T08:29:29.783+0000] {dag.py:3834} INFO - Setting next_dagrun for weather_etl_v2 to 2025-10-12 22:00:00+00:00, run_after=2025-10-13 22:00:00+00:00
[2025-10-13T08:29:29.838+0000] {processor.py:183} INFO - Processing /opt/airflow/dags/weather_etl_v2.py took 0.199 seconds
[2025-10-13T08:30:00.342+0000] {processor.py:161} INFO - Started process (PID=5851) to work on /opt/airflow/dags/weather_etl_v2.py
[2025-10-13T08:30:00.344+0000] {processor.py:830} INFO - Processing file /opt/airflow/dags/weather_etl_v2.py for tasks to queue
[2025-10-13T08:30:00.346+0000] {logging_mixin.py:188} INFO - [2025-10-13T08:30:00.345+0000] {dagbag.py:540} INFO - Filling up the DagBag from /opt/airflow/dags/weather_etl_v2.py
[2025-10-13T08:30:00.375+0000] {processor.py:840} INFO - DAG(s) 'weather_etl_v2' retrieved from /opt/airflow/dags/weather_etl_v2.py
[2025-10-13T08:30:00.435+0000] {logging_mixin.py:188} INFO - [2025-10-13T08:30:00.435+0000] {dag.py:3047} INFO - Sync 1 DAGs
[2025-10-13T08:30:00.478+0000] {logging_mixin.py:188} INFO - [2025-10-13T08:30:00.478+0000] {dag.py:3834} INFO - Setting next_dagrun for weather_etl_v2 to 2025-10-12 22:00:00+00:00, run_after=2025-10-13 22:00:00+00:00
[2025-10-13T08:30:00.530+0000] {processor.py:183} INFO - Processing /opt/airflow/dags/weather_etl_v2.py took 0.192 seconds
[2025-10-13T08:30:31.125+0000] {processor.py:161} INFO - Started process (PID=5866) to work on /opt/airflow/dags/weather_etl_v2.py
[2025-10-13T08:30:31.128+0000] {processor.py:830} INFO - Processing file /opt/airflow/dags/weather_etl_v2.py for tasks to queue
[2025-10-13T08:30:31.130+0000] {logging_mixin.py:188} INFO - [2025-10-13T08:30:31.130+0000] {dagbag.py:540} INFO - Filling up the DagBag from /opt/airflow/dags/weather_etl_v2.py
[2025-10-13T08:30:31.162+0000] {processor.py:840} INFO - DAG(s) 'weather_etl_v2' retrieved from /opt/airflow/dags/weather_etl_v2.py
[2025-10-13T08:30:31.227+0000] {logging_mixin.py:188} INFO - [2025-10-13T08:30:31.226+0000] {dag.py:3047} INFO - Sync 1 DAGs
[2025-10-13T08:30:31.276+0000] {logging_mixin.py:188} INFO - [2025-10-13T08:30:31.276+0000] {dag.py:3834} INFO - Setting next_dagrun for weather_etl_v2 to 2025-10-12 22:00:00+00:00, run_after=2025-10-13 22:00:00+00:00
[2025-10-13T08:30:31.335+0000] {processor.py:183} INFO - Processing /opt/airflow/dags/weather_etl_v2.py took 0.214 seconds
[2025-10-13T08:31:01.901+0000] {processor.py:161} INFO - Started process (PID=5881) to work on /opt/airflow/dags/weather_etl_v2.py
[2025-10-13T08:31:01.902+0000] {processor.py:830} INFO - Processing file /opt/airflow/dags/weather_etl_v2.py for tasks to queue
[2025-10-13T08:31:01.903+0000] {logging_mixin.py:188} INFO - [2025-10-13T08:31:01.903+0000] {dagbag.py:540} INFO - Filling up the DagBag from /opt/airflow/dags/weather_etl_v2.py
[2025-10-13T08:31:01.931+0000] {processor.py:840} INFO - DAG(s) 'weather_etl_v2' retrieved from /opt/airflow/dags/weather_etl_v2.py
[2025-10-13T08:31:01.990+0000] {logging_mixin.py:188} INFO - [2025-10-13T08:31:01.990+0000] {dag.py:3047} INFO - Sync 1 DAGs
[2025-10-13T08:31:02.031+0000] {logging_mixin.py:188} INFO - [2025-10-13T08:31:02.031+0000] {dag.py:3834} INFO - Setting next_dagrun for weather_etl_v2 to 2025-10-12 22:00:00+00:00, run_after=2025-10-13 22:00:00+00:00
[2025-10-13T08:31:02.085+0000] {processor.py:183} INFO - Processing /opt/airflow/dags/weather_etl_v2.py took 0.196 seconds
[2025-10-13T08:31:32.459+0000] {processor.py:161} INFO - Started process (PID=5896) to work on /opt/airflow/dags/weather_etl_v2.py
[2025-10-13T08:31:32.461+0000] {processor.py:830} INFO - Processing file /opt/airflow/dags/weather_etl_v2.py for tasks to queue
[2025-10-13T08:31:32.462+0000] {logging_mixin.py:188} INFO - [2025-10-13T08:31:32.462+0000] {dagbag.py:540} INFO - Filling up the DagBag from /opt/airflow/dags/weather_etl_v2.py
[2025-10-13T08:31:32.489+0000] {processor.py:840} INFO - DAG(s) 'weather_etl_v2' retrieved from /opt/airflow/dags/weather_etl_v2.py
[2025-10-13T08:31:32.551+0000] {logging_mixin.py:188} INFO - [2025-10-13T08:31:32.550+0000] {dag.py:3047} INFO - Sync 1 DAGs
[2025-10-13T08:31:32.594+0000] {logging_mixin.py:188} INFO - [2025-10-13T08:31:32.594+0000] {dag.py:3834} INFO - Setting next_dagrun for weather_etl_v2 to 2025-10-12 22:00:00+00:00, run_after=2025-10-13 22:00:00+00:00
[2025-10-13T08:31:32.664+0000] {processor.py:183} INFO - Processing /opt/airflow/dags/weather_etl_v2.py took 0.207 seconds
[2025-10-13T08:32:03.246+0000] {processor.py:161} INFO - Started process (PID=5911) to work on /opt/airflow/dags/weather_etl_v2.py
[2025-10-13T08:32:03.247+0000] {processor.py:830} INFO - Processing file /opt/airflow/dags/weather_etl_v2.py for tasks to queue
[2025-10-13T08:32:03.249+0000] {logging_mixin.py:188} INFO - [2025-10-13T08:32:03.248+0000] {dagbag.py:540} INFO - Filling up the DagBag from /opt/airflow/dags/weather_etl_v2.py
[2025-10-13T08:32:03.276+0000] {processor.py:840} INFO - DAG(s) 'weather_etl_v2' retrieved from /opt/airflow/dags/weather_etl_v2.py
[2025-10-13T08:32:03.344+0000] {logging_mixin.py:188} INFO - [2025-10-13T08:32:03.344+0000] {dag.py:3047} INFO - Sync 1 DAGs
[2025-10-13T08:32:03.388+0000] {logging_mixin.py:188} INFO - [2025-10-13T08:32:03.388+0000] {dag.py:3834} INFO - Setting next_dagrun for weather_etl_v2 to 2025-10-12 22:00:00+00:00, run_after=2025-10-13 22:00:00+00:00
[2025-10-13T08:32:03.462+0000] {processor.py:183} INFO - Processing /opt/airflow/dags/weather_etl_v2.py took 0.220 seconds
[2025-10-13T08:32:33.842+0000] {processor.py:161} INFO - Started process (PID=5926) to work on /opt/airflow/dags/weather_etl_v2.py
[2025-10-13T08:32:33.843+0000] {processor.py:830} INFO - Processing file /opt/airflow/dags/weather_etl_v2.py for tasks to queue
[2025-10-13T08:32:33.844+0000] {logging_mixin.py:188} INFO - [2025-10-13T08:32:33.844+0000] {dagbag.py:540} INFO - Filling up the DagBag from /opt/airflow/dags/weather_etl_v2.py
[2025-10-13T08:32:33.868+0000] {processor.py:840} INFO - DAG(s) 'weather_etl_v2' retrieved from /opt/airflow/dags/weather_etl_v2.py
[2025-10-13T08:32:33.924+0000] {logging_mixin.py:188} INFO - [2025-10-13T08:32:33.924+0000] {dag.py:3047} INFO - Sync 1 DAGs
[2025-10-13T08:32:33.975+0000] {logging_mixin.py:188} INFO - [2025-10-13T08:32:33.975+0000] {dag.py:3834} INFO - Setting next_dagrun for weather_etl_v2 to 2025-10-12 22:00:00+00:00, run_after=2025-10-13 22:00:00+00:00
[2025-10-13T08:32:34.051+0000] {processor.py:183} INFO - Processing /opt/airflow/dags/weather_etl_v2.py took 0.213 seconds
[2025-10-13T08:33:04.538+0000] {processor.py:161} INFO - Started process (PID=5941) to work on /opt/airflow/dags/weather_etl_v2.py
[2025-10-13T08:33:04.539+0000] {processor.py:830} INFO - Processing file /opt/airflow/dags/weather_etl_v2.py for tasks to queue
[2025-10-13T08:33:04.541+0000] {logging_mixin.py:188} INFO - [2025-10-13T08:33:04.540+0000] {dagbag.py:540} INFO - Filling up the DagBag from /opt/airflow/dags/weather_etl_v2.py
[2025-10-13T08:33:04.573+0000] {processor.py:840} INFO - DAG(s) 'weather_etl_v2' retrieved from /opt/airflow/dags/weather_etl_v2.py
[2025-10-13T08:33:04.654+0000] {logging_mixin.py:188} INFO - [2025-10-13T08:33:04.653+0000] {dag.py:3047} INFO - Sync 1 DAGs
[2025-10-13T08:33:04.695+0000] {logging_mixin.py:188} INFO - [2025-10-13T08:33:04.694+0000] {dag.py:3834} INFO - Setting next_dagrun for weather_etl_v2 to 2025-10-12 22:00:00+00:00, run_after=2025-10-13 22:00:00+00:00
[2025-10-13T08:33:04.755+0000] {processor.py:183} INFO - Processing /opt/airflow/dags/weather_etl_v2.py took 0.220 seconds
[2025-10-13T08:33:35.280+0000] {processor.py:161} INFO - Started process (PID=5956) to work on /opt/airflow/dags/weather_etl_v2.py
[2025-10-13T08:33:35.282+0000] {processor.py:830} INFO - Processing file /opt/airflow/dags/weather_etl_v2.py for tasks to queue
[2025-10-13T08:33:35.285+0000] {logging_mixin.py:188} INFO - [2025-10-13T08:33:35.284+0000] {dagbag.py:540} INFO - Filling up the DagBag from /opt/airflow/dags/weather_etl_v2.py
[2025-10-13T08:33:35.318+0000] {processor.py:840} INFO - DAG(s) 'weather_etl_v2' retrieved from /opt/airflow/dags/weather_etl_v2.py
[2025-10-13T08:33:35.381+0000] {logging_mixin.py:188} INFO - [2025-10-13T08:33:35.381+0000] {dag.py:3047} INFO - Sync 1 DAGs
[2025-10-13T08:33:35.424+0000] {logging_mixin.py:188} INFO - [2025-10-13T08:33:35.424+0000] {dag.py:3834} INFO - Setting next_dagrun for weather_etl_v2 to 2025-10-12 22:00:00+00:00, run_after=2025-10-13 22:00:00+00:00
[2025-10-13T08:33:35.476+0000] {processor.py:183} INFO - Processing /opt/airflow/dags/weather_etl_v2.py took 0.199 seconds
[2025-10-13T08:34:06.099+0000] {processor.py:161} INFO - Started process (PID=5971) to work on /opt/airflow/dags/weather_etl_v2.py
[2025-10-13T08:34:06.101+0000] {processor.py:830} INFO - Processing file /opt/airflow/dags/weather_etl_v2.py for tasks to queue
[2025-10-13T08:34:06.105+0000] {logging_mixin.py:188} INFO - [2025-10-13T08:34:06.105+0000] {dagbag.py:540} INFO - Filling up the DagBag from /opt/airflow/dags/weather_etl_v2.py
[2025-10-13T08:34:06.142+0000] {processor.py:840} INFO - DAG(s) 'weather_etl_v2' retrieved from /opt/airflow/dags/weather_etl_v2.py
[2025-10-13T08:34:06.210+0000] {logging_mixin.py:188} INFO - [2025-10-13T08:34:06.209+0000] {dag.py:3047} INFO - Sync 1 DAGs
[2025-10-13T08:34:06.257+0000] {logging_mixin.py:188} INFO - [2025-10-13T08:34:06.257+0000] {dag.py:3834} INFO - Setting next_dagrun for weather_etl_v2 to 2025-10-12 22:00:00+00:00, run_after=2025-10-13 22:00:00+00:00
[2025-10-13T08:34:06.313+0000] {processor.py:183} INFO - Processing /opt/airflow/dags/weather_etl_v2.py took 0.220 seconds
[2025-10-13T08:34:36.792+0000] {processor.py:161} INFO - Started process (PID=5986) to work on /opt/airflow/dags/weather_etl_v2.py
[2025-10-13T08:34:36.794+0000] {processor.py:830} INFO - Processing file /opt/airflow/dags/weather_etl_v2.py for tasks to queue
[2025-10-13T08:34:36.795+0000] {logging_mixin.py:188} INFO - [2025-10-13T08:34:36.795+0000] {dagbag.py:540} INFO - Filling up the DagBag from /opt/airflow/dags/weather_etl_v2.py
[2025-10-13T08:34:36.824+0000] {processor.py:840} INFO - DAG(s) 'weather_etl_v2' retrieved from /opt/airflow/dags/weather_etl_v2.py
[2025-10-13T08:34:36.888+0000] {logging_mixin.py:188} INFO - [2025-10-13T08:34:36.888+0000] {dag.py:3047} INFO - Sync 1 DAGs
[2025-10-13T08:34:36.933+0000] {logging_mixin.py:188} INFO - [2025-10-13T08:34:36.933+0000] {dag.py:3834} INFO - Setting next_dagrun for weather_etl_v2 to 2025-10-12 22:00:00+00:00, run_after=2025-10-13 22:00:00+00:00
[2025-10-13T08:34:36.984+0000] {processor.py:183} INFO - Processing /opt/airflow/dags/weather_etl_v2.py took 0.196 seconds
[2025-10-13T08:35:07.482+0000] {processor.py:161} INFO - Started process (PID=6001) to work on /opt/airflow/dags/weather_etl_v2.py
[2025-10-13T08:35:07.484+0000] {processor.py:830} INFO - Processing file /opt/airflow/dags/weather_etl_v2.py for tasks to queue
[2025-10-13T08:35:07.486+0000] {logging_mixin.py:188} INFO - [2025-10-13T08:35:07.485+0000] {dagbag.py:540} INFO - Filling up the DagBag from /opt/airflow/dags/weather_etl_v2.py
[2025-10-13T08:35:07.512+0000] {processor.py:840} INFO - DAG(s) 'weather_etl_v2' retrieved from /opt/airflow/dags/weather_etl_v2.py
[2025-10-13T08:35:07.567+0000] {logging_mixin.py:188} INFO - [2025-10-13T08:35:07.567+0000] {dag.py:3047} INFO - Sync 1 DAGs
[2025-10-13T08:35:07.606+0000] {logging_mixin.py:188} INFO - [2025-10-13T08:35:07.606+0000] {dag.py:3834} INFO - Setting next_dagrun for weather_etl_v2 to 2025-10-12 22:00:00+00:00, run_after=2025-10-13 22:00:00+00:00
[2025-10-13T08:35:07.662+0000] {processor.py:183} INFO - Processing /opt/airflow/dags/weather_etl_v2.py took 0.184 seconds
[2025-10-13T08:35:38.230+0000] {processor.py:161} INFO - Started process (PID=6016) to work on /opt/airflow/dags/weather_etl_v2.py
[2025-10-13T08:35:38.239+0000] {processor.py:830} INFO - Processing file /opt/airflow/dags/weather_etl_v2.py for tasks to queue
[2025-10-13T08:35:38.245+0000] {logging_mixin.py:188} INFO - [2025-10-13T08:35:38.244+0000] {dagbag.py:540} INFO - Filling up the DagBag from /opt/airflow/dags/weather_etl_v2.py
[2025-10-13T08:35:38.370+0000] {processor.py:840} INFO - DAG(s) 'weather_etl_v2' retrieved from /opt/airflow/dags/weather_etl_v2.py
[2025-10-13T08:35:38.668+0000] {logging_mixin.py:188} INFO - [2025-10-13T08:35:38.667+0000] {dag.py:3047} INFO - Sync 1 DAGs
[2025-10-13T08:35:38.753+0000] {logging_mixin.py:188} INFO - [2025-10-13T08:35:38.752+0000] {dag.py:3834} INFO - Setting next_dagrun for weather_etl_v2 to 2025-10-12 22:00:00+00:00, run_after=2025-10-13 22:00:00+00:00
[2025-10-13T08:35:38.844+0000] {processor.py:183} INFO - Processing /opt/airflow/dags/weather_etl_v2.py took 0.623 seconds
[2025-10-13T08:36:08.997+0000] {processor.py:161} INFO - Started process (PID=6031) to work on /opt/airflow/dags/weather_etl_v2.py
[2025-10-13T08:36:08.999+0000] {processor.py:830} INFO - Processing file /opt/airflow/dags/weather_etl_v2.py for tasks to queue
[2025-10-13T08:36:09.000+0000] {logging_mixin.py:188} INFO - [2025-10-13T08:36:09.000+0000] {dagbag.py:540} INFO - Filling up the DagBag from /opt/airflow/dags/weather_etl_v2.py
[2025-10-13T08:36:09.025+0000] {processor.py:840} INFO - DAG(s) 'weather_etl_v2' retrieved from /opt/airflow/dags/weather_etl_v2.py
[2025-10-13T08:36:09.087+0000] {logging_mixin.py:188} INFO - [2025-10-13T08:36:09.087+0000] {dag.py:3047} INFO - Sync 1 DAGs
[2025-10-13T08:36:09.133+0000] {logging_mixin.py:188} INFO - [2025-10-13T08:36:09.133+0000] {dag.py:3834} INFO - Setting next_dagrun for weather_etl_v2 to 2025-10-12 22:00:00+00:00, run_after=2025-10-13 22:00:00+00:00
[2025-10-13T08:36:09.188+0000] {processor.py:183} INFO - Processing /opt/airflow/dags/weather_etl_v2.py took 0.195 seconds
[2025-10-13T08:36:39.356+0000] {processor.py:161} INFO - Started process (PID=6046) to work on /opt/airflow/dags/weather_etl_v2.py
[2025-10-13T08:36:39.357+0000] {processor.py:830} INFO - Processing file /opt/airflow/dags/weather_etl_v2.py for tasks to queue
[2025-10-13T08:36:39.359+0000] {logging_mixin.py:188} INFO - [2025-10-13T08:36:39.358+0000] {dagbag.py:540} INFO - Filling up the DagBag from /opt/airflow/dags/weather_etl_v2.py
[2025-10-13T08:36:39.384+0000] {processor.py:840} INFO - DAG(s) 'weather_etl_v2' retrieved from /opt/airflow/dags/weather_etl_v2.py
[2025-10-13T08:36:39.443+0000] {logging_mixin.py:188} INFO - [2025-10-13T08:36:39.443+0000] {dag.py:3047} INFO - Sync 1 DAGs
[2025-10-13T08:36:39.483+0000] {logging_mixin.py:188} INFO - [2025-10-13T08:36:39.483+0000] {dag.py:3834} INFO - Setting next_dagrun for weather_etl_v2 to 2025-10-12 22:00:00+00:00, run_after=2025-10-13 22:00:00+00:00
[2025-10-13T08:36:39.535+0000] {processor.py:183} INFO - Processing /opt/airflow/dags/weather_etl_v2.py took 0.181 seconds
[2025-10-13T08:37:09.968+0000] {processor.py:161} INFO - Started process (PID=6061) to work on /opt/airflow/dags/weather_etl_v2.py
[2025-10-13T08:37:09.970+0000] {processor.py:830} INFO - Processing file /opt/airflow/dags/weather_etl_v2.py for tasks to queue
[2025-10-13T08:37:09.971+0000] {logging_mixin.py:188} INFO - [2025-10-13T08:37:09.971+0000] {dagbag.py:540} INFO - Filling up the DagBag from /opt/airflow/dags/weather_etl_v2.py
[2025-10-13T08:37:10.002+0000] {processor.py:840} INFO - DAG(s) 'weather_etl_v2' retrieved from /opt/airflow/dags/weather_etl_v2.py
[2025-10-13T08:37:10.064+0000] {logging_mixin.py:188} INFO - [2025-10-13T08:37:10.063+0000] {dag.py:3047} INFO - Sync 1 DAGs
[2025-10-13T08:37:10.106+0000] {logging_mixin.py:188} INFO - [2025-10-13T08:37:10.105+0000] {dag.py:3834} INFO - Setting next_dagrun for weather_etl_v2 to 2025-10-12 22:00:00+00:00, run_after=2025-10-13 22:00:00+00:00
[2025-10-13T08:37:10.159+0000] {processor.py:183} INFO - Processing /opt/airflow/dags/weather_etl_v2.py took 0.194 seconds
[2025-10-13T08:37:40.708+0000] {processor.py:161} INFO - Started process (PID=6076) to work on /opt/airflow/dags/weather_etl_v2.py
[2025-10-13T08:37:40.709+0000] {processor.py:830} INFO - Processing file /opt/airflow/dags/weather_etl_v2.py for tasks to queue
[2025-10-13T08:37:40.711+0000] {logging_mixin.py:188} INFO - [2025-10-13T08:37:40.710+0000] {dagbag.py:540} INFO - Filling up the DagBag from /opt/airflow/dags/weather_etl_v2.py
[2025-10-13T08:37:40.738+0000] {processor.py:840} INFO - DAG(s) 'weather_etl_v2' retrieved from /opt/airflow/dags/weather_etl_v2.py
[2025-10-13T08:37:40.804+0000] {logging_mixin.py:188} INFO - [2025-10-13T08:37:40.803+0000] {dag.py:3047} INFO - Sync 1 DAGs
[2025-10-13T08:37:40.843+0000] {logging_mixin.py:188} INFO - [2025-10-13T08:37:40.843+0000] {dag.py:3834} INFO - Setting next_dagrun for weather_etl_v2 to 2025-10-12 22:00:00+00:00, run_after=2025-10-13 22:00:00+00:00
[2025-10-13T08:37:40.896+0000] {processor.py:183} INFO - Processing /opt/airflow/dags/weather_etl_v2.py took 0.191 seconds
[2025-10-13T08:38:11.580+0000] {processor.py:161} INFO - Started process (PID=6091) to work on /opt/airflow/dags/weather_etl_v2.py
[2025-10-13T08:38:11.583+0000] {processor.py:830} INFO - Processing file /opt/airflow/dags/weather_etl_v2.py for tasks to queue
[2025-10-13T08:38:11.585+0000] {logging_mixin.py:188} INFO - [2025-10-13T08:38:11.584+0000] {dagbag.py:540} INFO - Filling up the DagBag from /opt/airflow/dags/weather_etl_v2.py
[2025-10-13T08:38:11.622+0000] {processor.py:840} INFO - DAG(s) 'weather_etl_v2' retrieved from /opt/airflow/dags/weather_etl_v2.py
[2025-10-13T08:38:11.688+0000] {logging_mixin.py:188} INFO - [2025-10-13T08:38:11.687+0000] {dag.py:3047} INFO - Sync 1 DAGs
[2025-10-13T08:38:11.738+0000] {logging_mixin.py:188} INFO - [2025-10-13T08:38:11.737+0000] {dag.py:3834} INFO - Setting next_dagrun for weather_etl_v2 to 2025-10-12 22:00:00+00:00, run_after=2025-10-13 22:00:00+00:00
[2025-10-13T08:38:11.810+0000] {processor.py:183} INFO - Processing /opt/airflow/dags/weather_etl_v2.py took 0.233 seconds
[2025-10-13T08:38:42.376+0000] {processor.py:161} INFO - Started process (PID=6106) to work on /opt/airflow/dags/weather_etl_v2.py
[2025-10-13T08:38:42.378+0000] {processor.py:830} INFO - Processing file /opt/airflow/dags/weather_etl_v2.py for tasks to queue
[2025-10-13T08:38:42.380+0000] {logging_mixin.py:188} INFO - [2025-10-13T08:38:42.380+0000] {dagbag.py:540} INFO - Filling up the DagBag from /opt/airflow/dags/weather_etl_v2.py
[2025-10-13T08:38:42.423+0000] {processor.py:840} INFO - DAG(s) 'weather_etl_v2' retrieved from /opt/airflow/dags/weather_etl_v2.py
[2025-10-13T08:38:42.494+0000] {logging_mixin.py:188} INFO - [2025-10-13T08:38:42.494+0000] {dag.py:3047} INFO - Sync 1 DAGs
[2025-10-13T08:38:42.545+0000] {logging_mixin.py:188} INFO - [2025-10-13T08:38:42.544+0000] {dag.py:3834} INFO - Setting next_dagrun for weather_etl_v2 to 2025-10-12 22:00:00+00:00, run_after=2025-10-13 22:00:00+00:00
[2025-10-13T08:38:42.660+0000] {processor.py:183} INFO - Processing /opt/airflow/dags/weather_etl_v2.py took 0.287 seconds
[2025-10-13T08:39:13.130+0000] {processor.py:161} INFO - Started process (PID=6121) to work on /opt/airflow/dags/weather_etl_v2.py
[2025-10-13T08:39:13.132+0000] {processor.py:830} INFO - Processing file /opt/airflow/dags/weather_etl_v2.py for tasks to queue
[2025-10-13T08:39:13.133+0000] {logging_mixin.py:188} INFO - [2025-10-13T08:39:13.133+0000] {dagbag.py:540} INFO - Filling up the DagBag from /opt/airflow/dags/weather_etl_v2.py
[2025-10-13T08:39:13.167+0000] {processor.py:840} INFO - DAG(s) 'weather_etl_v2' retrieved from /opt/airflow/dags/weather_etl_v2.py
[2025-10-13T08:39:13.238+0000] {logging_mixin.py:188} INFO - [2025-10-13T08:39:13.238+0000] {dag.py:3047} INFO - Sync 1 DAGs
[2025-10-13T08:39:13.285+0000] {logging_mixin.py:188} INFO - [2025-10-13T08:39:13.285+0000] {dag.py:3834} INFO - Setting next_dagrun for weather_etl_v2 to 2025-10-12 22:00:00+00:00, run_after=2025-10-13 22:00:00+00:00
[2025-10-13T08:39:13.337+0000] {processor.py:183} INFO - Processing /opt/airflow/dags/weather_etl_v2.py took 0.209 seconds
[2025-10-13T08:39:43.792+0000] {processor.py:161} INFO - Started process (PID=6136) to work on /opt/airflow/dags/weather_etl_v2.py
[2025-10-13T08:39:43.794+0000] {processor.py:830} INFO - Processing file /opt/airflow/dags/weather_etl_v2.py for tasks to queue
[2025-10-13T08:39:43.796+0000] {logging_mixin.py:188} INFO - [2025-10-13T08:39:43.795+0000] {dagbag.py:540} INFO - Filling up the DagBag from /opt/airflow/dags/weather_etl_v2.py
[2025-10-13T08:39:43.824+0000] {processor.py:840} INFO - DAG(s) 'weather_etl_v2' retrieved from /opt/airflow/dags/weather_etl_v2.py
[2025-10-13T08:39:43.886+0000] {logging_mixin.py:188} INFO - [2025-10-13T08:39:43.885+0000] {dag.py:3047} INFO - Sync 1 DAGs
[2025-10-13T08:39:43.931+0000] {logging_mixin.py:188} INFO - [2025-10-13T08:39:43.931+0000] {dag.py:3834} INFO - Setting next_dagrun for weather_etl_v2 to 2025-10-12 22:00:00+00:00, run_after=2025-10-13 22:00:00+00:00
[2025-10-13T08:39:43.985+0000] {processor.py:183} INFO - Processing /opt/airflow/dags/weather_etl_v2.py took 0.196 seconds
[2025-10-13T08:40:14.355+0000] {processor.py:161} INFO - Started process (PID=6151) to work on /opt/airflow/dags/weather_etl_v2.py
[2025-10-13T08:40:14.356+0000] {processor.py:830} INFO - Processing file /opt/airflow/dags/weather_etl_v2.py for tasks to queue
[2025-10-13T08:40:14.358+0000] {logging_mixin.py:188} INFO - [2025-10-13T08:40:14.357+0000] {dagbag.py:540} INFO - Filling up the DagBag from /opt/airflow/dags/weather_etl_v2.py
[2025-10-13T08:40:14.384+0000] {processor.py:840} INFO - DAG(s) 'weather_etl_v2' retrieved from /opt/airflow/dags/weather_etl_v2.py
[2025-10-13T08:40:14.441+0000] {logging_mixin.py:188} INFO - [2025-10-13T08:40:14.441+0000] {dag.py:3047} INFO - Sync 1 DAGs
[2025-10-13T08:40:14.481+0000] {logging_mixin.py:188} INFO - [2025-10-13T08:40:14.480+0000] {dag.py:3834} INFO - Setting next_dagrun for weather_etl_v2 to 2025-10-12 22:00:00+00:00, run_after=2025-10-13 22:00:00+00:00
[2025-10-13T08:40:14.532+0000] {processor.py:183} INFO - Processing /opt/airflow/dags/weather_etl_v2.py took 0.180 seconds
[2025-10-13T08:40:44.888+0000] {processor.py:161} INFO - Started process (PID=6166) to work on /opt/airflow/dags/weather_etl_v2.py
[2025-10-13T08:40:44.889+0000] {processor.py:830} INFO - Processing file /opt/airflow/dags/weather_etl_v2.py for tasks to queue
[2025-10-13T08:40:44.891+0000] {logging_mixin.py:188} INFO - [2025-10-13T08:40:44.890+0000] {dagbag.py:540} INFO - Filling up the DagBag from /opt/airflow/dags/weather_etl_v2.py
[2025-10-13T08:40:44.918+0000] {processor.py:840} INFO - DAG(s) 'weather_etl_v2' retrieved from /opt/airflow/dags/weather_etl_v2.py
[2025-10-13T08:40:44.973+0000] {logging_mixin.py:188} INFO - [2025-10-13T08:40:44.973+0000] {dag.py:3047} INFO - Sync 1 DAGs
[2025-10-13T08:40:45.031+0000] {logging_mixin.py:188} INFO - [2025-10-13T08:40:45.030+0000] {dag.py:3834} INFO - Setting next_dagrun for weather_etl_v2 to 2025-10-12 22:00:00+00:00, run_after=2025-10-13 22:00:00+00:00
[2025-10-13T08:40:45.141+0000] {processor.py:183} INFO - Processing /opt/airflow/dags/weather_etl_v2.py took 0.256 seconds
[2025-10-13T08:41:15.629+0000] {processor.py:161} INFO - Started process (PID=6181) to work on /opt/airflow/dags/weather_etl_v2.py
[2025-10-13T08:41:15.631+0000] {processor.py:830} INFO - Processing file /opt/airflow/dags/weather_etl_v2.py for tasks to queue
[2025-10-13T08:41:15.634+0000] {logging_mixin.py:188} INFO - [2025-10-13T08:41:15.633+0000] {dagbag.py:540} INFO - Filling up the DagBag from /opt/airflow/dags/weather_etl_v2.py
[2025-10-13T08:41:15.664+0000] {processor.py:840} INFO - DAG(s) 'weather_etl_v2' retrieved from /opt/airflow/dags/weather_etl_v2.py
[2025-10-13T08:41:15.728+0000] {logging_mixin.py:188} INFO - [2025-10-13T08:41:15.728+0000] {dag.py:3047} INFO - Sync 1 DAGs
[2025-10-13T08:41:15.764+0000] {logging_mixin.py:188} INFO - [2025-10-13T08:41:15.764+0000] {dag.py:3834} INFO - Setting next_dagrun for weather_etl_v2 to 2025-10-12 22:00:00+00:00, run_after=2025-10-13 22:00:00+00:00
[2025-10-13T08:41:15.853+0000] {processor.py:183} INFO - Processing /opt/airflow/dags/weather_etl_v2.py took 0.227 seconds
[2025-10-13T08:41:46.129+0000] {processor.py:161} INFO - Started process (PID=6196) to work on /opt/airflow/dags/weather_etl_v2.py
[2025-10-13T08:41:46.130+0000] {processor.py:830} INFO - Processing file /opt/airflow/dags/weather_etl_v2.py for tasks to queue
[2025-10-13T08:41:46.131+0000] {logging_mixin.py:188} INFO - [2025-10-13T08:41:46.131+0000] {dagbag.py:540} INFO - Filling up the DagBag from /opt/airflow/dags/weather_etl_v2.py
[2025-10-13T08:41:46.156+0000] {processor.py:840} INFO - DAG(s) 'weather_etl_v2' retrieved from /opt/airflow/dags/weather_etl_v2.py
[2025-10-13T08:41:46.250+0000] {logging_mixin.py:188} INFO - [2025-10-13T08:41:46.250+0000] {dag.py:3047} INFO - Sync 1 DAGs
[2025-10-13T08:41:46.390+0000] {logging_mixin.py:188} INFO - [2025-10-13T08:41:46.388+0000] {dag.py:3834} INFO - Setting next_dagrun for weather_etl_v2 to 2025-10-12 22:00:00+00:00, run_after=2025-10-13 22:00:00+00:00
[2025-10-13T08:41:46.462+0000] {processor.py:183} INFO - Processing /opt/airflow/dags/weather_etl_v2.py took 0.337 seconds
[2025-10-13T08:42:16.773+0000] {processor.py:161} INFO - Started process (PID=6211) to work on /opt/airflow/dags/weather_etl_v2.py
[2025-10-13T08:42:16.775+0000] {processor.py:830} INFO - Processing file /opt/airflow/dags/weather_etl_v2.py for tasks to queue
[2025-10-13T08:42:16.777+0000] {logging_mixin.py:188} INFO - [2025-10-13T08:42:16.776+0000] {dagbag.py:540} INFO - Filling up the DagBag from /opt/airflow/dags/weather_etl_v2.py
[2025-10-13T08:42:16.810+0000] {processor.py:840} INFO - DAG(s) 'weather_etl_v2' retrieved from /opt/airflow/dags/weather_etl_v2.py
[2025-10-13T08:42:16.887+0000] {logging_mixin.py:188} INFO - [2025-10-13T08:42:16.887+0000] {dag.py:3047} INFO - Sync 1 DAGs
[2025-10-13T08:42:16.934+0000] {logging_mixin.py:188} INFO - [2025-10-13T08:42:16.933+0000] {dag.py:3834} INFO - Setting next_dagrun for weather_etl_v2 to 2025-10-12 22:00:00+00:00, run_after=2025-10-13 22:00:00+00:00
[2025-10-13T08:42:16.999+0000] {processor.py:183} INFO - Processing /opt/airflow/dags/weather_etl_v2.py took 0.229 seconds
[2025-10-13T08:42:47.509+0000] {processor.py:161} INFO - Started process (PID=6226) to work on /opt/airflow/dags/weather_etl_v2.py
[2025-10-13T08:42:47.511+0000] {processor.py:830} INFO - Processing file /opt/airflow/dags/weather_etl_v2.py for tasks to queue
[2025-10-13T08:42:47.512+0000] {logging_mixin.py:188} INFO - [2025-10-13T08:42:47.512+0000] {dagbag.py:540} INFO - Filling up the DagBag from /opt/airflow/dags/weather_etl_v2.py
[2025-10-13T08:42:47.537+0000] {processor.py:840} INFO - DAG(s) 'weather_etl_v2' retrieved from /opt/airflow/dags/weather_etl_v2.py
[2025-10-13T08:42:47.596+0000] {logging_mixin.py:188} INFO - [2025-10-13T08:42:47.595+0000] {dag.py:3047} INFO - Sync 1 DAGs
[2025-10-13T08:42:47.638+0000] {logging_mixin.py:188} INFO - [2025-10-13T08:42:47.637+0000] {dag.py:3834} INFO - Setting next_dagrun for weather_etl_v2 to 2025-10-12 22:00:00+00:00, run_after=2025-10-13 22:00:00+00:00
[2025-10-13T08:42:47.688+0000] {processor.py:183} INFO - Processing /opt/airflow/dags/weather_etl_v2.py took 0.182 seconds
[2025-10-13T08:43:18.248+0000] {processor.py:161} INFO - Started process (PID=6241) to work on /opt/airflow/dags/weather_etl_v2.py
[2025-10-13T08:43:18.249+0000] {processor.py:830} INFO - Processing file /opt/airflow/dags/weather_etl_v2.py for tasks to queue
[2025-10-13T08:43:18.251+0000] {logging_mixin.py:188} INFO - [2025-10-13T08:43:18.250+0000] {dagbag.py:540} INFO - Filling up the DagBag from /opt/airflow/dags/weather_etl_v2.py
[2025-10-13T08:43:18.276+0000] {processor.py:840} INFO - DAG(s) 'weather_etl_v2' retrieved from /opt/airflow/dags/weather_etl_v2.py
[2025-10-13T08:43:18.334+0000] {logging_mixin.py:188} INFO - [2025-10-13T08:43:18.334+0000] {dag.py:3047} INFO - Sync 1 DAGs
[2025-10-13T08:43:18.375+0000] {logging_mixin.py:188} INFO - [2025-10-13T08:43:18.374+0000] {dag.py:3834} INFO - Setting next_dagrun for weather_etl_v2 to 2025-10-12 22:00:00+00:00, run_after=2025-10-13 22:00:00+00:00
[2025-10-13T08:43:18.426+0000] {processor.py:183} INFO - Processing /opt/airflow/dags/weather_etl_v2.py took 0.182 seconds
[2025-10-13T08:43:48.890+0000] {processor.py:161} INFO - Started process (PID=6256) to work on /opt/airflow/dags/weather_etl_v2.py
[2025-10-13T08:43:48.891+0000] {processor.py:830} INFO - Processing file /opt/airflow/dags/weather_etl_v2.py for tasks to queue
[2025-10-13T08:43:48.893+0000] {logging_mixin.py:188} INFO - [2025-10-13T08:43:48.892+0000] {dagbag.py:540} INFO - Filling up the DagBag from /opt/airflow/dags/weather_etl_v2.py
[2025-10-13T08:43:48.921+0000] {processor.py:840} INFO - DAG(s) 'weather_etl_v2' retrieved from /opt/airflow/dags/weather_etl_v2.py
[2025-10-13T08:43:48.976+0000] {logging_mixin.py:188} INFO - [2025-10-13T08:43:48.976+0000] {dag.py:3047} INFO - Sync 1 DAGs
[2025-10-13T08:43:49.019+0000] {logging_mixin.py:188} INFO - [2025-10-13T08:43:49.019+0000] {dag.py:3834} INFO - Setting next_dagrun for weather_etl_v2 to 2025-10-12 22:00:00+00:00, run_after=2025-10-13 22:00:00+00:00
[2025-10-13T08:43:49.082+0000] {processor.py:183} INFO - Processing /opt/airflow/dags/weather_etl_v2.py took 0.195 seconds
[2025-10-13T08:44:19.574+0000] {processor.py:161} INFO - Started process (PID=6271) to work on /opt/airflow/dags/weather_etl_v2.py
[2025-10-13T08:44:19.576+0000] {processor.py:830} INFO - Processing file /opt/airflow/dags/weather_etl_v2.py for tasks to queue
[2025-10-13T08:44:19.577+0000] {logging_mixin.py:188} INFO - [2025-10-13T08:44:19.577+0000] {dagbag.py:540} INFO - Filling up the DagBag from /opt/airflow/dags/weather_etl_v2.py
[2025-10-13T08:44:19.605+0000] {processor.py:840} INFO - DAG(s) 'weather_etl_v2' retrieved from /opt/airflow/dags/weather_etl_v2.py
[2025-10-13T08:44:19.671+0000] {logging_mixin.py:188} INFO - [2025-10-13T08:44:19.670+0000] {dag.py:3047} INFO - Sync 1 DAGs
[2025-10-13T08:44:19.714+0000] {logging_mixin.py:188} INFO - [2025-10-13T08:44:19.714+0000] {dag.py:3834} INFO - Setting next_dagrun for weather_etl_v2 to 2025-10-12 22:00:00+00:00, run_after=2025-10-13 22:00:00+00:00
[2025-10-13T08:44:19.768+0000] {processor.py:183} INFO - Processing /opt/airflow/dags/weather_etl_v2.py took 0.197 seconds
[2025-10-13T08:44:50.250+0000] {processor.py:161} INFO - Started process (PID=6286) to work on /opt/airflow/dags/weather_etl_v2.py
[2025-10-13T08:44:50.251+0000] {processor.py:830} INFO - Processing file /opt/airflow/dags/weather_etl_v2.py for tasks to queue
[2025-10-13T08:44:50.252+0000] {logging_mixin.py:188} INFO - [2025-10-13T08:44:50.252+0000] {dagbag.py:540} INFO - Filling up the DagBag from /opt/airflow/dags/weather_etl_v2.py
[2025-10-13T08:44:50.278+0000] {processor.py:840} INFO - DAG(s) 'weather_etl_v2' retrieved from /opt/airflow/dags/weather_etl_v2.py
[2025-10-13T08:44:50.334+0000] {logging_mixin.py:188} INFO - [2025-10-13T08:44:50.333+0000] {dag.py:3047} INFO - Sync 1 DAGs
[2025-10-13T08:44:50.377+0000] {logging_mixin.py:188} INFO - [2025-10-13T08:44:50.376+0000] {dag.py:3834} INFO - Setting next_dagrun for weather_etl_v2 to 2025-10-12 22:00:00+00:00, run_after=2025-10-13 22:00:00+00:00
[2025-10-13T08:44:50.432+0000] {processor.py:183} INFO - Processing /opt/airflow/dags/weather_etl_v2.py took 0.185 seconds
[2025-10-13T08:45:20.833+0000] {processor.py:161} INFO - Started process (PID=6301) to work on /opt/airflow/dags/weather_etl_v2.py
[2025-10-13T08:45:20.835+0000] {processor.py:830} INFO - Processing file /opt/airflow/dags/weather_etl_v2.py for tasks to queue
[2025-10-13T08:45:20.836+0000] {logging_mixin.py:188} INFO - [2025-10-13T08:45:20.835+0000] {dagbag.py:540} INFO - Filling up the DagBag from /opt/airflow/dags/weather_etl_v2.py
[2025-10-13T08:45:20.864+0000] {processor.py:840} INFO - DAG(s) 'weather_etl_v2' retrieved from /opt/airflow/dags/weather_etl_v2.py
[2025-10-13T08:45:20.922+0000] {logging_mixin.py:188} INFO - [2025-10-13T08:45:20.922+0000] {dag.py:3047} INFO - Sync 1 DAGs
[2025-10-13T08:45:20.970+0000] {logging_mixin.py:188} INFO - [2025-10-13T08:45:20.970+0000] {dag.py:3834} INFO - Setting next_dagrun for weather_etl_v2 to 2025-10-12 22:00:00+00:00, run_after=2025-10-13 22:00:00+00:00
[2025-10-13T08:45:21.029+0000] {processor.py:183} INFO - Processing /opt/airflow/dags/weather_etl_v2.py took 0.200 seconds
[2025-10-13T09:16:19.319+0000] {processor.py:161} INFO - Started process (PID=6322) to work on /opt/airflow/dags/weather_etl_v2.py
[2025-10-13T09:16:19.350+0000] {processor.py:830} INFO - Processing file /opt/airflow/dags/weather_etl_v2.py for tasks to queue
[2025-10-13T09:16:19.354+0000] {logging_mixin.py:188} INFO - [2025-10-13T09:16:19.353+0000] {dagbag.py:540} INFO - Filling up the DagBag from /opt/airflow/dags/weather_etl_v2.py
[2025-10-13T09:16:19.465+0000] {processor.py:840} INFO - DAG(s) 'weather_etl_v2' retrieved from /opt/airflow/dags/weather_etl_v2.py
[2025-10-13T09:16:21.396+0000] {logging_mixin.py:188} INFO - [2025-10-13T09:16:21.396+0000] {dag.py:3047} INFO - Sync 1 DAGs
[2025-10-13T09:16:21.588+0000] {logging_mixin.py:188} INFO - [2025-10-13T09:16:21.587+0000] {dag.py:3834} INFO - Setting next_dagrun for weather_etl_v2 to 2025-10-12 22:00:00+00:00, run_after=2025-10-13 22:00:00+00:00
[2025-10-13T09:16:21.738+0000] {processor.py:183} INFO - Processing /opt/airflow/dags/weather_etl_v2.py took 2.423 seconds
[2025-10-13T09:16:52.826+0000] {processor.py:161} INFO - Started process (PID=6337) to work on /opt/airflow/dags/weather_etl_v2.py
[2025-10-13T09:16:52.827+0000] {processor.py:830} INFO - Processing file /opt/airflow/dags/weather_etl_v2.py for tasks to queue
[2025-10-13T09:16:52.829+0000] {logging_mixin.py:188} INFO - [2025-10-13T09:16:52.828+0000] {dagbag.py:540} INFO - Filling up the DagBag from /opt/airflow/dags/weather_etl_v2.py
[2025-10-13T09:16:52.865+0000] {processor.py:840} INFO - DAG(s) 'weather_etl_v2' retrieved from /opt/airflow/dags/weather_etl_v2.py
[2025-10-13T09:16:52.928+0000] {logging_mixin.py:188} INFO - [2025-10-13T09:16:52.928+0000] {dag.py:3047} INFO - Sync 1 DAGs
[2025-10-13T09:16:52.970+0000] {logging_mixin.py:188} INFO - [2025-10-13T09:16:52.970+0000] {dag.py:3834} INFO - Setting next_dagrun for weather_etl_v2 to 2025-10-12 22:00:00+00:00, run_after=2025-10-13 22:00:00+00:00
[2025-10-13T09:16:53.020+0000] {processor.py:183} INFO - Processing /opt/airflow/dags/weather_etl_v2.py took 0.197 seconds
[2025-10-13T09:17:23.726+0000] {processor.py:161} INFO - Started process (PID=6352) to work on /opt/airflow/dags/weather_etl_v2.py
[2025-10-13T09:17:23.728+0000] {processor.py:830} INFO - Processing file /opt/airflow/dags/weather_etl_v2.py for tasks to queue
[2025-10-13T09:17:23.729+0000] {logging_mixin.py:188} INFO - [2025-10-13T09:17:23.729+0000] {dagbag.py:540} INFO - Filling up the DagBag from /opt/airflow/dags/weather_etl_v2.py
[2025-10-13T09:17:23.759+0000] {processor.py:840} INFO - DAG(s) 'weather_etl_v2' retrieved from /opt/airflow/dags/weather_etl_v2.py
[2025-10-13T09:17:23.820+0000] {logging_mixin.py:188} INFO - [2025-10-13T09:17:23.820+0000] {dag.py:3047} INFO - Sync 1 DAGs
[2025-10-13T09:17:23.864+0000] {logging_mixin.py:188} INFO - [2025-10-13T09:17:23.864+0000] {dag.py:3834} INFO - Setting next_dagrun for weather_etl_v2 to 2025-10-12 22:00:00+00:00, run_after=2025-10-13 22:00:00+00:00
[2025-10-13T09:17:23.916+0000] {processor.py:183} INFO - Processing /opt/airflow/dags/weather_etl_v2.py took 0.193 seconds
[2025-10-13T09:17:54.956+0000] {processor.py:161} INFO - Started process (PID=6367) to work on /opt/airflow/dags/weather_etl_v2.py
[2025-10-13T09:17:54.958+0000] {processor.py:830} INFO - Processing file /opt/airflow/dags/weather_etl_v2.py for tasks to queue
[2025-10-13T09:17:54.962+0000] {logging_mixin.py:188} INFO - [2025-10-13T09:17:54.961+0000] {dagbag.py:540} INFO - Filling up the DagBag from /opt/airflow/dags/weather_etl_v2.py
[2025-10-13T09:17:55.017+0000] {processor.py:840} INFO - DAG(s) 'weather_etl_v2' retrieved from /opt/airflow/dags/weather_etl_v2.py
[2025-10-13T09:17:55.111+0000] {logging_mixin.py:188} INFO - [2025-10-13T09:17:55.111+0000] {dag.py:3047} INFO - Sync 1 DAGs
[2025-10-13T09:17:55.184+0000] {logging_mixin.py:188} INFO - [2025-10-13T09:17:55.183+0000] {dag.py:3834} INFO - Setting next_dagrun for weather_etl_v2 to 2025-10-12 22:00:00+00:00, run_after=2025-10-13 22:00:00+00:00
[2025-10-13T09:17:55.258+0000] {processor.py:183} INFO - Processing /opt/airflow/dags/weather_etl_v2.py took 0.308 seconds
[2025-10-13T09:18:26.274+0000] {processor.py:161} INFO - Started process (PID=6382) to work on /opt/airflow/dags/weather_etl_v2.py
[2025-10-13T09:18:26.277+0000] {processor.py:830} INFO - Processing file /opt/airflow/dags/weather_etl_v2.py for tasks to queue
[2025-10-13T09:18:26.279+0000] {logging_mixin.py:188} INFO - [2025-10-13T09:18:26.279+0000] {dagbag.py:540} INFO - Filling up the DagBag from /opt/airflow/dags/weather_etl_v2.py
[2025-10-13T09:18:26.326+0000] {processor.py:840} INFO - DAG(s) 'weather_etl_v2' retrieved from /opt/airflow/dags/weather_etl_v2.py
[2025-10-13T09:18:26.434+0000] {logging_mixin.py:188} INFO - [2025-10-13T09:18:26.434+0000] {dag.py:3047} INFO - Sync 1 DAGs
[2025-10-13T09:18:26.498+0000] {logging_mixin.py:188} INFO - [2025-10-13T09:18:26.497+0000] {dag.py:3834} INFO - Setting next_dagrun for weather_etl_v2 to 2025-10-12 22:00:00+00:00, run_after=2025-10-13 22:00:00+00:00
[2025-10-13T09:18:26.581+0000] {processor.py:183} INFO - Processing /opt/airflow/dags/weather_etl_v2.py took 0.311 seconds
[2025-10-13T09:18:57.130+0000] {processor.py:161} INFO - Started process (PID=6397) to work on /opt/airflow/dags/weather_etl_v2.py
[2025-10-13T09:18:57.132+0000] {processor.py:830} INFO - Processing file /opt/airflow/dags/weather_etl_v2.py for tasks to queue
[2025-10-13T09:18:57.135+0000] {logging_mixin.py:188} INFO - [2025-10-13T09:18:57.134+0000] {dagbag.py:540} INFO - Filling up the DagBag from /opt/airflow/dags/weather_etl_v2.py
[2025-10-13T09:18:57.175+0000] {processor.py:840} INFO - DAG(s) 'weather_etl_v2' retrieved from /opt/airflow/dags/weather_etl_v2.py
[2025-10-13T09:18:57.323+0000] {logging_mixin.py:188} INFO - [2025-10-13T09:18:57.322+0000] {dag.py:3047} INFO - Sync 1 DAGs
[2025-10-13T09:18:57.408+0000] {logging_mixin.py:188} INFO - [2025-10-13T09:18:57.408+0000] {dag.py:3834} INFO - Setting next_dagrun for weather_etl_v2 to 2025-10-12 22:00:00+00:00, run_after=2025-10-13 22:00:00+00:00
[2025-10-13T09:18:57.493+0000] {processor.py:183} INFO - Processing /opt/airflow/dags/weather_etl_v2.py took 0.367 seconds
[2025-10-13T09:19:28.152+0000] {processor.py:161} INFO - Started process (PID=6412) to work on /opt/airflow/dags/weather_etl_v2.py
[2025-10-13T09:19:28.154+0000] {processor.py:830} INFO - Processing file /opt/airflow/dags/weather_etl_v2.py for tasks to queue
[2025-10-13T09:19:28.156+0000] {logging_mixin.py:188} INFO - [2025-10-13T09:19:28.155+0000] {dagbag.py:540} INFO - Filling up the DagBag from /opt/airflow/dags/weather_etl_v2.py
[2025-10-13T09:19:28.199+0000] {processor.py:840} INFO - DAG(s) 'weather_etl_v2' retrieved from /opt/airflow/dags/weather_etl_v2.py
[2025-10-13T09:19:28.319+0000] {logging_mixin.py:188} INFO - [2025-10-13T09:19:28.318+0000] {dag.py:3047} INFO - Sync 1 DAGs
[2025-10-13T09:19:28.392+0000] {logging_mixin.py:188} INFO - [2025-10-13T09:19:28.392+0000] {dag.py:3834} INFO - Setting next_dagrun for weather_etl_v2 to 2025-10-12 22:00:00+00:00, run_after=2025-10-13 22:00:00+00:00
[2025-10-13T09:19:28.473+0000] {processor.py:183} INFO - Processing /opt/airflow/dags/weather_etl_v2.py took 0.326 seconds
[2025-10-13T09:19:59.191+0000] {processor.py:161} INFO - Started process (PID=6427) to work on /opt/airflow/dags/weather_etl_v2.py
[2025-10-13T09:19:59.193+0000] {processor.py:830} INFO - Processing file /opt/airflow/dags/weather_etl_v2.py for tasks to queue
[2025-10-13T09:19:59.195+0000] {logging_mixin.py:188} INFO - [2025-10-13T09:19:59.194+0000] {dagbag.py:540} INFO - Filling up the DagBag from /opt/airflow/dags/weather_etl_v2.py
[2025-10-13T09:19:59.234+0000] {processor.py:840} INFO - DAG(s) 'weather_etl_v2' retrieved from /opt/airflow/dags/weather_etl_v2.py
[2025-10-13T09:19:59.320+0000] {logging_mixin.py:188} INFO - [2025-10-13T09:19:59.320+0000] {dag.py:3047} INFO - Sync 1 DAGs
[2025-10-13T09:19:59.393+0000] {logging_mixin.py:188} INFO - [2025-10-13T09:19:59.393+0000] {dag.py:3834} INFO - Setting next_dagrun for weather_etl_v2 to 2025-10-12 22:00:00+00:00, run_after=2025-10-13 22:00:00+00:00
[2025-10-13T09:19:59.460+0000] {processor.py:183} INFO - Processing /opt/airflow/dags/weather_etl_v2.py took 0.273 seconds
[2025-10-13T09:20:30.109+0000] {processor.py:161} INFO - Started process (PID=6442) to work on /opt/airflow/dags/weather_etl_v2.py
[2025-10-13T09:20:30.111+0000] {processor.py:830} INFO - Processing file /opt/airflow/dags/weather_etl_v2.py for tasks to queue
[2025-10-13T09:20:30.113+0000] {logging_mixin.py:188} INFO - [2025-10-13T09:20:30.112+0000] {dagbag.py:540} INFO - Filling up the DagBag from /opt/airflow/dags/weather_etl_v2.py
[2025-10-13T09:20:30.149+0000] {processor.py:840} INFO - DAG(s) 'weather_etl_v2' retrieved from /opt/airflow/dags/weather_etl_v2.py
[2025-10-13T09:20:30.265+0000] {logging_mixin.py:188} INFO - [2025-10-13T09:20:30.265+0000] {dag.py:3047} INFO - Sync 1 DAGs
[2025-10-13T09:20:30.353+0000] {logging_mixin.py:188} INFO - [2025-10-13T09:20:30.353+0000] {dag.py:3834} INFO - Setting next_dagrun for weather_etl_v2 to 2025-10-12 22:00:00+00:00, run_after=2025-10-13 22:00:00+00:00
[2025-10-13T09:20:30.434+0000] {processor.py:183} INFO - Processing /opt/airflow/dags/weather_etl_v2.py took 0.329 seconds
[2025-10-13T09:21:01.211+0000] {processor.py:161} INFO - Started process (PID=6457) to work on /opt/airflow/dags/weather_etl_v2.py
[2025-10-13T09:21:01.214+0000] {processor.py:830} INFO - Processing file /opt/airflow/dags/weather_etl_v2.py for tasks to queue
[2025-10-13T09:21:01.216+0000] {logging_mixin.py:188} INFO - [2025-10-13T09:21:01.215+0000] {dagbag.py:540} INFO - Filling up the DagBag from /opt/airflow/dags/weather_etl_v2.py
[2025-10-13T09:21:01.272+0000] {processor.py:840} INFO - DAG(s) 'weather_etl_v2' retrieved from /opt/airflow/dags/weather_etl_v2.py
[2025-10-13T09:21:01.362+0000] {logging_mixin.py:188} INFO - [2025-10-13T09:21:01.361+0000] {dag.py:3047} INFO - Sync 1 DAGs
[2025-10-13T09:21:01.426+0000] {logging_mixin.py:188} INFO - [2025-10-13T09:21:01.426+0000] {dag.py:3834} INFO - Setting next_dagrun for weather_etl_v2 to 2025-10-12 22:00:00+00:00, run_after=2025-10-13 22:00:00+00:00
[2025-10-13T09:21:01.511+0000] {processor.py:183} INFO - Processing /opt/airflow/dags/weather_etl_v2.py took 0.307 seconds
[2025-10-13T09:21:32.334+0000] {processor.py:161} INFO - Started process (PID=6472) to work on /opt/airflow/dags/weather_etl_v2.py
[2025-10-13T09:21:32.346+0000] {processor.py:830} INFO - Processing file /opt/airflow/dags/weather_etl_v2.py for tasks to queue
[2025-10-13T09:21:32.367+0000] {logging_mixin.py:188} INFO - [2025-10-13T09:21:32.365+0000] {dagbag.py:540} INFO - Filling up the DagBag from /opt/airflow/dags/weather_etl_v2.py
[2025-10-13T09:21:32.511+0000] {processor.py:840} INFO - DAG(s) 'weather_etl_v2' retrieved from /opt/airflow/dags/weather_etl_v2.py
[2025-10-13T09:21:32.866+0000] {logging_mixin.py:188} INFO - [2025-10-13T09:21:32.865+0000] {dag.py:3047} INFO - Sync 1 DAGs
[2025-10-13T09:21:32.962+0000] {logging_mixin.py:188} INFO - [2025-10-13T09:21:32.961+0000] {dag.py:3834} INFO - Setting next_dagrun for weather_etl_v2 to 2025-10-12 22:00:00+00:00, run_after=2025-10-13 22:00:00+00:00
[2025-10-13T09:21:33.035+0000] {processor.py:183} INFO - Processing /opt/airflow/dags/weather_etl_v2.py took 0.707 seconds
[2025-10-13T09:22:03.911+0000] {processor.py:161} INFO - Started process (PID=6487) to work on /opt/airflow/dags/weather_etl_v2.py
[2025-10-13T09:22:03.913+0000] {processor.py:830} INFO - Processing file /opt/airflow/dags/weather_etl_v2.py for tasks to queue
[2025-10-13T09:22:03.915+0000] {logging_mixin.py:188} INFO - [2025-10-13T09:22:03.914+0000] {dagbag.py:540} INFO - Filling up the DagBag from /opt/airflow/dags/weather_etl_v2.py
[2025-10-13T09:22:03.958+0000] {processor.py:840} INFO - DAG(s) 'weather_etl_v2' retrieved from /opt/airflow/dags/weather_etl_v2.py
[2025-10-13T09:22:04.053+0000] {logging_mixin.py:188} INFO - [2025-10-13T09:22:04.052+0000] {dag.py:3047} INFO - Sync 1 DAGs
[2025-10-13T09:22:04.123+0000] {logging_mixin.py:188} INFO - [2025-10-13T09:22:04.123+0000] {dag.py:3834} INFO - Setting next_dagrun for weather_etl_v2 to 2025-10-12 22:00:00+00:00, run_after=2025-10-13 22:00:00+00:00
[2025-10-13T09:22:04.198+0000] {processor.py:183} INFO - Processing /opt/airflow/dags/weather_etl_v2.py took 0.292 seconds
[2025-10-13T09:22:34.863+0000] {processor.py:161} INFO - Started process (PID=6502) to work on /opt/airflow/dags/weather_etl_v2.py
[2025-10-13T09:22:34.865+0000] {processor.py:830} INFO - Processing file /opt/airflow/dags/weather_etl_v2.py for tasks to queue
[2025-10-13T09:22:34.867+0000] {logging_mixin.py:188} INFO - [2025-10-13T09:22:34.866+0000] {dagbag.py:540} INFO - Filling up the DagBag from /opt/airflow/dags/weather_etl_v2.py
[2025-10-13T09:22:34.907+0000] {processor.py:840} INFO - DAG(s) 'weather_etl_v2' retrieved from /opt/airflow/dags/weather_etl_v2.py
[2025-10-13T09:22:35.007+0000] {logging_mixin.py:188} INFO - [2025-10-13T09:22:35.007+0000] {dag.py:3047} INFO - Sync 1 DAGs
[2025-10-13T09:22:35.114+0000] {logging_mixin.py:188} INFO - [2025-10-13T09:22:35.113+0000] {dag.py:3834} INFO - Setting next_dagrun for weather_etl_v2 to 2025-10-12 22:00:00+00:00, run_after=2025-10-13 22:00:00+00:00
[2025-10-13T09:22:35.217+0000] {processor.py:183} INFO - Processing /opt/airflow/dags/weather_etl_v2.py took 0.359 seconds
[2025-10-13T09:23:05.359+0000] {processor.py:161} INFO - Started process (PID=6517) to work on /opt/airflow/dags/weather_etl_v2.py
[2025-10-13T09:23:05.362+0000] {processor.py:830} INFO - Processing file /opt/airflow/dags/weather_etl_v2.py for tasks to queue
[2025-10-13T09:23:05.364+0000] {logging_mixin.py:188} INFO - [2025-10-13T09:23:05.363+0000] {dagbag.py:540} INFO - Filling up the DagBag from /opt/airflow/dags/weather_etl_v2.py
[2025-10-13T09:23:05.408+0000] {processor.py:840} INFO - DAG(s) 'weather_etl_v2' retrieved from /opt/airflow/dags/weather_etl_v2.py
[2025-10-13T09:23:05.497+0000] {logging_mixin.py:188} INFO - [2025-10-13T09:23:05.497+0000] {dag.py:3047} INFO - Sync 1 DAGs
[2025-10-13T09:23:05.557+0000] {logging_mixin.py:188} INFO - [2025-10-13T09:23:05.557+0000] {dag.py:3834} INFO - Setting next_dagrun for weather_etl_v2 to 2025-10-12 22:00:00+00:00, run_after=2025-10-13 22:00:00+00:00
[2025-10-13T09:23:05.639+0000] {processor.py:183} INFO - Processing /opt/airflow/dags/weather_etl_v2.py took 0.287 seconds
[2025-10-13T09:23:36.275+0000] {processor.py:161} INFO - Started process (PID=6532) to work on /opt/airflow/dags/weather_etl_v2.py
[2025-10-13T09:23:36.277+0000] {processor.py:830} INFO - Processing file /opt/airflow/dags/weather_etl_v2.py for tasks to queue
[2025-10-13T09:23:36.279+0000] {logging_mixin.py:188} INFO - [2025-10-13T09:23:36.279+0000] {dagbag.py:540} INFO - Filling up the DagBag from /opt/airflow/dags/weather_etl_v2.py
[2025-10-13T09:23:36.313+0000] {processor.py:840} INFO - DAG(s) 'weather_etl_v2' retrieved from /opt/airflow/dags/weather_etl_v2.py
[2025-10-13T09:23:36.395+0000] {logging_mixin.py:188} INFO - [2025-10-13T09:23:36.394+0000] {dag.py:3047} INFO - Sync 1 DAGs
[2025-10-13T09:23:36.453+0000] {logging_mixin.py:188} INFO - [2025-10-13T09:23:36.453+0000] {dag.py:3834} INFO - Setting next_dagrun for weather_etl_v2 to 2025-10-12 22:00:00+00:00, run_after=2025-10-13 22:00:00+00:00
[2025-10-13T09:23:36.523+0000] {processor.py:183} INFO - Processing /opt/airflow/dags/weather_etl_v2.py took 0.252 seconds
[2025-10-13T09:24:07.274+0000] {processor.py:161} INFO - Started process (PID=6547) to work on /opt/airflow/dags/weather_etl_v2.py
[2025-10-13T09:24:07.276+0000] {processor.py:830} INFO - Processing file /opt/airflow/dags/weather_etl_v2.py for tasks to queue
[2025-10-13T09:24:07.279+0000] {logging_mixin.py:188} INFO - [2025-10-13T09:24:07.278+0000] {dagbag.py:540} INFO - Filling up the DagBag from /opt/airflow/dags/weather_etl_v2.py
[2025-10-13T09:24:07.321+0000] {processor.py:840} INFO - DAG(s) 'weather_etl_v2' retrieved from /opt/airflow/dags/weather_etl_v2.py
[2025-10-13T09:24:07.434+0000] {logging_mixin.py:188} INFO - [2025-10-13T09:24:07.433+0000] {dag.py:3047} INFO - Sync 1 DAGs
[2025-10-13T09:24:07.503+0000] {logging_mixin.py:188} INFO - [2025-10-13T09:24:07.503+0000] {dag.py:3834} INFO - Setting next_dagrun for weather_etl_v2 to 2025-10-12 22:00:00+00:00, run_after=2025-10-13 22:00:00+00:00
[2025-10-13T09:24:07.611+0000] {processor.py:183} INFO - Processing /opt/airflow/dags/weather_etl_v2.py took 0.341 seconds
[2025-10-13T09:24:38.284+0000] {processor.py:161} INFO - Started process (PID=6562) to work on /opt/airflow/dags/weather_etl_v2.py
[2025-10-13T09:24:38.286+0000] {processor.py:830} INFO - Processing file /opt/airflow/dags/weather_etl_v2.py for tasks to queue
[2025-10-13T09:24:38.288+0000] {logging_mixin.py:188} INFO - [2025-10-13T09:24:38.288+0000] {dagbag.py:540} INFO - Filling up the DagBag from /opt/airflow/dags/weather_etl_v2.py
[2025-10-13T09:24:38.326+0000] {processor.py:840} INFO - DAG(s) 'weather_etl_v2' retrieved from /opt/airflow/dags/weather_etl_v2.py
[2025-10-13T09:24:38.409+0000] {logging_mixin.py:188} INFO - [2025-10-13T09:24:38.409+0000] {dag.py:3047} INFO - Sync 1 DAGs
[2025-10-13T09:24:38.487+0000] {logging_mixin.py:188} INFO - [2025-10-13T09:24:38.486+0000] {dag.py:3834} INFO - Setting next_dagrun for weather_etl_v2 to 2025-10-12 22:00:00+00:00, run_after=2025-10-13 22:00:00+00:00
[2025-10-13T09:24:38.582+0000] {processor.py:183} INFO - Processing /opt/airflow/dags/weather_etl_v2.py took 0.302 seconds
[2025-10-13T09:25:09.224+0000] {processor.py:161} INFO - Started process (PID=6577) to work on /opt/airflow/dags/weather_etl_v2.py
[2025-10-13T09:25:09.228+0000] {processor.py:830} INFO - Processing file /opt/airflow/dags/weather_etl_v2.py for tasks to queue
[2025-10-13T09:25:09.232+0000] {logging_mixin.py:188} INFO - [2025-10-13T09:25:09.231+0000] {dagbag.py:540} INFO - Filling up the DagBag from /opt/airflow/dags/weather_etl_v2.py
[2025-10-13T09:25:09.298+0000] {processor.py:840} INFO - DAG(s) 'weather_etl_v2' retrieved from /opt/airflow/dags/weather_etl_v2.py
[2025-10-13T09:25:09.400+0000] {logging_mixin.py:188} INFO - [2025-10-13T09:25:09.399+0000] {dag.py:3047} INFO - Sync 1 DAGs
[2025-10-13T09:25:09.470+0000] {logging_mixin.py:188} INFO - [2025-10-13T09:25:09.470+0000] {dag.py:3834} INFO - Setting next_dagrun for weather_etl_v2 to 2025-10-12 22:00:00+00:00, run_after=2025-10-13 22:00:00+00:00
[2025-10-13T09:25:09.548+0000] {processor.py:183} INFO - Processing /opt/airflow/dags/weather_etl_v2.py took 0.332 seconds
[2025-10-13T09:25:40.191+0000] {processor.py:161} INFO - Started process (PID=6592) to work on /opt/airflow/dags/weather_etl_v2.py
[2025-10-13T09:25:40.193+0000] {processor.py:830} INFO - Processing file /opt/airflow/dags/weather_etl_v2.py for tasks to queue
[2025-10-13T09:25:40.195+0000] {logging_mixin.py:188} INFO - [2025-10-13T09:25:40.194+0000] {dagbag.py:540} INFO - Filling up the DagBag from /opt/airflow/dags/weather_etl_v2.py
[2025-10-13T09:25:40.237+0000] {processor.py:840} INFO - DAG(s) 'weather_etl_v2' retrieved from /opt/airflow/dags/weather_etl_v2.py
[2025-10-13T09:25:40.373+0000] {logging_mixin.py:188} INFO - [2025-10-13T09:25:40.373+0000] {dag.py:3047} INFO - Sync 1 DAGs
[2025-10-13T09:25:40.460+0000] {logging_mixin.py:188} INFO - [2025-10-13T09:25:40.460+0000] {dag.py:3834} INFO - Setting next_dagrun for weather_etl_v2 to 2025-10-12 22:00:00+00:00, run_after=2025-10-13 22:00:00+00:00
[2025-10-13T09:25:40.556+0000] {processor.py:183} INFO - Processing /opt/airflow/dags/weather_etl_v2.py took 0.369 seconds
[2025-10-13T09:26:10.944+0000] {processor.py:161} INFO - Started process (PID=6607) to work on /opt/airflow/dags/weather_etl_v2.py
[2025-10-13T09:26:10.946+0000] {processor.py:830} INFO - Processing file /opt/airflow/dags/weather_etl_v2.py for tasks to queue
[2025-10-13T09:26:10.949+0000] {logging_mixin.py:188} INFO - [2025-10-13T09:26:10.948+0000] {dagbag.py:540} INFO - Filling up the DagBag from /opt/airflow/dags/weather_etl_v2.py
[2025-10-13T09:26:10.988+0000] {processor.py:840} INFO - DAG(s) 'weather_etl_v2' retrieved from /opt/airflow/dags/weather_etl_v2.py
[2025-10-13T09:26:11.076+0000] {logging_mixin.py:188} INFO - [2025-10-13T09:26:11.075+0000] {dag.py:3047} INFO - Sync 1 DAGs
[2025-10-13T09:26:11.140+0000] {logging_mixin.py:188} INFO - [2025-10-13T09:26:11.139+0000] {dag.py:3834} INFO - Setting next_dagrun for weather_etl_v2 to 2025-10-12 22:00:00+00:00, run_after=2025-10-13 22:00:00+00:00
[2025-10-13T09:26:11.220+0000] {processor.py:183} INFO - Processing /opt/airflow/dags/weather_etl_v2.py took 0.279 seconds
[2025-10-13T09:53:41.590+0000] {processor.py:161} INFO - Started process (PID=6624) to work on /opt/airflow/dags/weather_etl_v2.py
[2025-10-13T09:53:41.594+0000] {processor.py:830} INFO - Processing file /opt/airflow/dags/weather_etl_v2.py for tasks to queue
[2025-10-13T09:53:41.598+0000] {logging_mixin.py:188} INFO - [2025-10-13T09:53:41.597+0000] {dagbag.py:540} INFO - Filling up the DagBag from /opt/airflow/dags/weather_etl_v2.py
[2025-10-13T09:53:41.672+0000] {processor.py:840} INFO - DAG(s) 'weather_etl_v2' retrieved from /opt/airflow/dags/weather_etl_v2.py
[2025-10-13T09:53:41.829+0000] {logging_mixin.py:188} INFO - [2025-10-13T09:53:41.828+0000] {dag.py:3047} INFO - Sync 1 DAGs
[2025-10-13T09:53:41.924+0000] {logging_mixin.py:188} INFO - [2025-10-13T09:53:41.923+0000] {dag.py:3834} INFO - Setting next_dagrun for weather_etl_v2 to 2025-10-12 22:00:00+00:00, run_after=2025-10-13 22:00:00+00:00
[2025-10-13T09:53:42.007+0000] {processor.py:183} INFO - Processing /opt/airflow/dags/weather_etl_v2.py took 0.427 seconds
[2025-10-13T09:54:12.816+0000] {processor.py:161} INFO - Started process (PID=6639) to work on /opt/airflow/dags/weather_etl_v2.py
[2025-10-13T09:54:12.817+0000] {processor.py:830} INFO - Processing file /opt/airflow/dags/weather_etl_v2.py for tasks to queue
[2025-10-13T09:54:12.819+0000] {logging_mixin.py:188} INFO - [2025-10-13T09:54:12.818+0000] {dagbag.py:540} INFO - Filling up the DagBag from /opt/airflow/dags/weather_etl_v2.py
[2025-10-13T09:54:12.848+0000] {processor.py:840} INFO - DAG(s) 'weather_etl_v2' retrieved from /opt/airflow/dags/weather_etl_v2.py
[2025-10-13T09:54:12.918+0000] {logging_mixin.py:188} INFO - [2025-10-13T09:54:12.918+0000] {dag.py:3047} INFO - Sync 1 DAGs
[2025-10-13T09:54:12.971+0000] {logging_mixin.py:188} INFO - [2025-10-13T09:54:12.970+0000] {dag.py:3834} INFO - Setting next_dagrun for weather_etl_v2 to 2025-10-12 22:00:00+00:00, run_after=2025-10-13 22:00:00+00:00
[2025-10-13T09:54:13.037+0000] {processor.py:183} INFO - Processing /opt/airflow/dags/weather_etl_v2.py took 0.224 seconds
[2025-10-13T09:54:44.223+0000] {processor.py:161} INFO - Started process (PID=6654) to work on /opt/airflow/dags/weather_etl_v2.py
[2025-10-13T09:54:44.225+0000] {processor.py:830} INFO - Processing file /opt/airflow/dags/weather_etl_v2.py for tasks to queue
[2025-10-13T09:54:44.227+0000] {logging_mixin.py:188} INFO - [2025-10-13T09:54:44.226+0000] {dagbag.py:540} INFO - Filling up the DagBag from /opt/airflow/dags/weather_etl_v2.py
[2025-10-13T09:54:44.257+0000] {processor.py:840} INFO - DAG(s) 'weather_etl_v2' retrieved from /opt/airflow/dags/weather_etl_v2.py
[2025-10-13T09:54:44.319+0000] {logging_mixin.py:188} INFO - [2025-10-13T09:54:44.318+0000] {dag.py:3047} INFO - Sync 1 DAGs
[2025-10-13T09:54:44.368+0000] {logging_mixin.py:188} INFO - [2025-10-13T09:54:44.367+0000] {dag.py:3834} INFO - Setting next_dagrun for weather_etl_v2 to 2025-10-12 22:00:00+00:00, run_after=2025-10-13 22:00:00+00:00
[2025-10-13T09:54:44.433+0000] {processor.py:183} INFO - Processing /opt/airflow/dags/weather_etl_v2.py took 0.215 seconds
[2025-10-13T09:55:15.103+0000] {processor.py:161} INFO - Started process (PID=6669) to work on /opt/airflow/dags/weather_etl_v2.py
[2025-10-13T09:55:15.108+0000] {processor.py:830} INFO - Processing file /opt/airflow/dags/weather_etl_v2.py for tasks to queue
[2025-10-13T09:55:15.110+0000] {logging_mixin.py:188} INFO - [2025-10-13T09:55:15.109+0000] {dagbag.py:540} INFO - Filling up the DagBag from /opt/airflow/dags/weather_etl_v2.py
[2025-10-13T09:55:15.148+0000] {processor.py:840} INFO - DAG(s) 'weather_etl_v2' retrieved from /opt/airflow/dags/weather_etl_v2.py
[2025-10-13T09:55:15.246+0000] {logging_mixin.py:188} INFO - [2025-10-13T09:55:15.245+0000] {dag.py:3047} INFO - Sync 1 DAGs
[2025-10-13T09:55:15.308+0000] {logging_mixin.py:188} INFO - [2025-10-13T09:55:15.308+0000] {dag.py:3834} INFO - Setting next_dagrun for weather_etl_v2 to 2025-10-12 22:00:00+00:00, run_after=2025-10-13 22:00:00+00:00
[2025-10-13T09:55:15.364+0000] {processor.py:183} INFO - Processing /opt/airflow/dags/weather_etl_v2.py took 0.266 seconds
[2025-10-13T09:55:46.423+0000] {processor.py:161} INFO - Started process (PID=6684) to work on /opt/airflow/dags/weather_etl_v2.py
[2025-10-13T09:55:46.427+0000] {processor.py:830} INFO - Processing file /opt/airflow/dags/weather_etl_v2.py for tasks to queue
[2025-10-13T09:55:46.430+0000] {logging_mixin.py:188} INFO - [2025-10-13T09:55:46.429+0000] {dagbag.py:540} INFO - Filling up the DagBag from /opt/airflow/dags/weather_etl_v2.py
[2025-10-13T09:55:46.487+0000] {processor.py:840} INFO - DAG(s) 'weather_etl_v2' retrieved from /opt/airflow/dags/weather_etl_v2.py
[2025-10-13T09:55:46.610+0000] {logging_mixin.py:188} INFO - [2025-10-13T09:55:46.609+0000] {dag.py:3047} INFO - Sync 1 DAGs
[2025-10-13T09:55:46.669+0000] {logging_mixin.py:188} INFO - [2025-10-13T09:55:46.669+0000] {dag.py:3834} INFO - Setting next_dagrun for weather_etl_v2 to 2025-10-12 22:00:00+00:00, run_after=2025-10-13 22:00:00+00:00
[2025-10-13T09:55:46.931+0000] {processor.py:183} INFO - Processing /opt/airflow/dags/weather_etl_v2.py took 0.518 seconds
[2025-10-13T09:56:17.961+0000] {processor.py:161} INFO - Started process (PID=6699) to work on /opt/airflow/dags/weather_etl_v2.py
[2025-10-13T09:56:17.963+0000] {processor.py:830} INFO - Processing file /opt/airflow/dags/weather_etl_v2.py for tasks to queue
[2025-10-13T09:56:17.965+0000] {logging_mixin.py:188} INFO - [2025-10-13T09:56:17.965+0000] {dagbag.py:540} INFO - Filling up the DagBag from /opt/airflow/dags/weather_etl_v2.py
[2025-10-13T09:56:18.011+0000] {processor.py:840} INFO - DAG(s) 'weather_etl_v2' retrieved from /opt/airflow/dags/weather_etl_v2.py
[2025-10-13T09:56:18.177+0000] {logging_mixin.py:188} INFO - [2025-10-13T09:56:18.176+0000] {dag.py:3047} INFO - Sync 1 DAGs
[2025-10-13T09:56:18.341+0000] {logging_mixin.py:188} INFO - [2025-10-13T09:56:18.340+0000] {dag.py:3834} INFO - Setting next_dagrun for weather_etl_v2 to 2025-10-12 22:00:00+00:00, run_after=2025-10-13 22:00:00+00:00
[2025-10-13T09:56:18.438+0000] {processor.py:183} INFO - Processing /opt/airflow/dags/weather_etl_v2.py took 0.484 seconds
[2025-10-13T09:56:48.928+0000] {processor.py:161} INFO - Started process (PID=6714) to work on /opt/airflow/dags/weather_etl_v2.py
[2025-10-13T09:56:48.930+0000] {processor.py:830} INFO - Processing file /opt/airflow/dags/weather_etl_v2.py for tasks to queue
[2025-10-13T09:56:48.932+0000] {logging_mixin.py:188} INFO - [2025-10-13T09:56:48.931+0000] {dagbag.py:540} INFO - Filling up the DagBag from /opt/airflow/dags/weather_etl_v2.py
[2025-10-13T09:56:48.973+0000] {processor.py:840} INFO - DAG(s) 'weather_etl_v2' retrieved from /opt/airflow/dags/weather_etl_v2.py
[2025-10-13T09:56:49.054+0000] {logging_mixin.py:188} INFO - [2025-10-13T09:56:49.054+0000] {dag.py:3047} INFO - Sync 1 DAGs
[2025-10-13T09:56:49.110+0000] {logging_mixin.py:188} INFO - [2025-10-13T09:56:49.109+0000] {dag.py:3834} INFO - Setting next_dagrun for weather_etl_v2 to 2025-10-12 22:00:00+00:00, run_after=2025-10-13 22:00:00+00:00
[2025-10-13T09:56:49.180+0000] {processor.py:183} INFO - Processing /opt/airflow/dags/weather_etl_v2.py took 0.258 seconds
[2025-10-13T09:57:19.781+0000] {processor.py:161} INFO - Started process (PID=6729) to work on /opt/airflow/dags/weather_etl_v2.py
[2025-10-13T09:57:19.784+0000] {processor.py:830} INFO - Processing file /opt/airflow/dags/weather_etl_v2.py for tasks to queue
[2025-10-13T09:57:19.786+0000] {logging_mixin.py:188} INFO - [2025-10-13T09:57:19.785+0000] {dagbag.py:540} INFO - Filling up the DagBag from /opt/airflow/dags/weather_etl_v2.py
[2025-10-13T09:57:19.845+0000] {processor.py:840} INFO - DAG(s) 'weather_etl_v2' retrieved from /opt/airflow/dags/weather_etl_v2.py
[2025-10-13T09:57:20.096+0000] {logging_mixin.py:188} INFO - [2025-10-13T09:57:20.096+0000] {dag.py:3047} INFO - Sync 1 DAGs
[2025-10-13T09:57:20.167+0000] {logging_mixin.py:188} INFO - [2025-10-13T09:57:20.166+0000] {dag.py:3834} INFO - Setting next_dagrun for weather_etl_v2 to 2025-10-12 22:00:00+00:00, run_after=2025-10-13 22:00:00+00:00
[2025-10-13T09:57:20.253+0000] {processor.py:183} INFO - Processing /opt/airflow/dags/weather_etl_v2.py took 0.477 seconds
[2025-10-13T09:57:50.584+0000] {processor.py:161} INFO - Started process (PID=6744) to work on /opt/airflow/dags/weather_etl_v2.py
[2025-10-13T09:57:50.586+0000] {processor.py:830} INFO - Processing file /opt/airflow/dags/weather_etl_v2.py for tasks to queue
[2025-10-13T09:57:50.589+0000] {logging_mixin.py:188} INFO - [2025-10-13T09:57:50.588+0000] {dagbag.py:540} INFO - Filling up the DagBag from /opt/airflow/dags/weather_etl_v2.py
[2025-10-13T09:57:50.627+0000] {processor.py:840} INFO - DAG(s) 'weather_etl_v2' retrieved from /opt/airflow/dags/weather_etl_v2.py
[2025-10-13T09:57:50.704+0000] {logging_mixin.py:188} INFO - [2025-10-13T09:57:50.704+0000] {dag.py:3047} INFO - Sync 1 DAGs
[2025-10-13T09:57:50.764+0000] {logging_mixin.py:188} INFO - [2025-10-13T09:57:50.764+0000] {dag.py:3834} INFO - Setting next_dagrun for weather_etl_v2 to 2025-10-12 22:00:00+00:00, run_after=2025-10-13 22:00:00+00:00
[2025-10-13T09:57:50.829+0000] {processor.py:183} INFO - Processing /opt/airflow/dags/weather_etl_v2.py took 0.250 seconds
[2025-10-13T09:58:21.220+0000] {processor.py:161} INFO - Started process (PID=6759) to work on /opt/airflow/dags/weather_etl_v2.py
[2025-10-13T09:58:21.222+0000] {processor.py:830} INFO - Processing file /opt/airflow/dags/weather_etl_v2.py for tasks to queue
[2025-10-13T09:58:21.225+0000] {logging_mixin.py:188} INFO - [2025-10-13T09:58:21.224+0000] {dagbag.py:540} INFO - Filling up the DagBag from /opt/airflow/dags/weather_etl_v2.py
[2025-10-13T09:58:21.270+0000] {processor.py:840} INFO - DAG(s) 'weather_etl_v2' retrieved from /opt/airflow/dags/weather_etl_v2.py
[2025-10-13T09:58:21.359+0000] {logging_mixin.py:188} INFO - [2025-10-13T09:58:21.358+0000] {dag.py:3047} INFO - Sync 1 DAGs
[2025-10-13T09:58:21.426+0000] {logging_mixin.py:188} INFO - [2025-10-13T09:58:21.426+0000] {dag.py:3834} INFO - Setting next_dagrun for weather_etl_v2 to 2025-10-12 22:00:00+00:00, run_after=2025-10-13 22:00:00+00:00
[2025-10-13T09:58:21.502+0000] {processor.py:183} INFO - Processing /opt/airflow/dags/weather_etl_v2.py took 0.287 seconds
[2025-10-13T09:58:51.929+0000] {processor.py:161} INFO - Started process (PID=6774) to work on /opt/airflow/dags/weather_etl_v2.py
[2025-10-13T09:58:51.932+0000] {processor.py:830} INFO - Processing file /opt/airflow/dags/weather_etl_v2.py for tasks to queue
[2025-10-13T09:58:51.935+0000] {logging_mixin.py:188} INFO - [2025-10-13T09:58:51.934+0000] {dagbag.py:540} INFO - Filling up the DagBag from /opt/airflow/dags/weather_etl_v2.py
[2025-10-13T09:58:51.971+0000] {processor.py:840} INFO - DAG(s) 'weather_etl_v2' retrieved from /opt/airflow/dags/weather_etl_v2.py
[2025-10-13T09:58:52.072+0000] {logging_mixin.py:188} INFO - [2025-10-13T09:58:52.071+0000] {dag.py:3047} INFO - Sync 1 DAGs
[2025-10-13T09:58:52.137+0000] {logging_mixin.py:188} INFO - [2025-10-13T09:58:52.137+0000] {dag.py:3834} INFO - Setting next_dagrun for weather_etl_v2 to 2025-10-12 22:00:00+00:00, run_after=2025-10-13 22:00:00+00:00
[2025-10-13T09:58:52.207+0000] {processor.py:183} INFO - Processing /opt/airflow/dags/weather_etl_v2.py took 0.282 seconds
[2025-10-13T09:59:23.245+0000] {processor.py:161} INFO - Started process (PID=6789) to work on /opt/airflow/dags/weather_etl_v2.py
[2025-10-13T09:59:23.247+0000] {processor.py:830} INFO - Processing file /opt/airflow/dags/weather_etl_v2.py for tasks to queue
[2025-10-13T09:59:23.248+0000] {logging_mixin.py:188} INFO - [2025-10-13T09:59:23.248+0000] {dagbag.py:540} INFO - Filling up the DagBag from /opt/airflow/dags/weather_etl_v2.py
[2025-10-13T09:59:23.293+0000] {processor.py:840} INFO - DAG(s) 'weather_etl_v2' retrieved from /opt/airflow/dags/weather_etl_v2.py
[2025-10-13T09:59:23.382+0000] {logging_mixin.py:188} INFO - [2025-10-13T09:59:23.382+0000] {dag.py:3047} INFO - Sync 1 DAGs
[2025-10-13T09:59:23.450+0000] {logging_mixin.py:188} INFO - [2025-10-13T09:59:23.449+0000] {dag.py:3834} INFO - Setting next_dagrun for weather_etl_v2 to 2025-10-12 22:00:00+00:00, run_after=2025-10-13 22:00:00+00:00
[2025-10-13T09:59:23.529+0000] {processor.py:183} INFO - Processing /opt/airflow/dags/weather_etl_v2.py took 0.305 seconds
[2025-10-13T09:59:54.144+0000] {processor.py:161} INFO - Started process (PID=6804) to work on /opt/airflow/dags/weather_etl_v2.py
[2025-10-13T09:59:54.146+0000] {processor.py:830} INFO - Processing file /opt/airflow/dags/weather_etl_v2.py for tasks to queue
[2025-10-13T09:59:54.148+0000] {logging_mixin.py:188} INFO - [2025-10-13T09:59:54.148+0000] {dagbag.py:540} INFO - Filling up the DagBag from /opt/airflow/dags/weather_etl_v2.py
[2025-10-13T09:59:54.191+0000] {processor.py:840} INFO - DAG(s) 'weather_etl_v2' retrieved from /opt/airflow/dags/weather_etl_v2.py
[2025-10-13T09:59:54.274+0000] {logging_mixin.py:188} INFO - [2025-10-13T09:59:54.274+0000] {dag.py:3047} INFO - Sync 1 DAGs
[2025-10-13T09:59:54.330+0000] {logging_mixin.py:188} INFO - [2025-10-13T09:59:54.329+0000] {dag.py:3834} INFO - Setting next_dagrun for weather_etl_v2 to 2025-10-12 22:00:00+00:00, run_after=2025-10-13 22:00:00+00:00
[2025-10-13T09:59:54.396+0000] {processor.py:183} INFO - Processing /opt/airflow/dags/weather_etl_v2.py took 0.256 seconds
[2025-10-13T10:00:25.059+0000] {processor.py:161} INFO - Started process (PID=6819) to work on /opt/airflow/dags/weather_etl_v2.py
[2025-10-13T10:00:25.061+0000] {processor.py:830} INFO - Processing file /opt/airflow/dags/weather_etl_v2.py for tasks to queue
[2025-10-13T10:00:25.063+0000] {logging_mixin.py:188} INFO - [2025-10-13T10:00:25.063+0000] {dagbag.py:540} INFO - Filling up the DagBag from /opt/airflow/dags/weather_etl_v2.py
[2025-10-13T10:00:25.103+0000] {processor.py:840} INFO - DAG(s) 'weather_etl_v2' retrieved from /opt/airflow/dags/weather_etl_v2.py
[2025-10-13T10:00:25.197+0000] {logging_mixin.py:188} INFO - [2025-10-13T10:00:25.196+0000] {dag.py:3047} INFO - Sync 1 DAGs
[2025-10-13T10:00:25.260+0000] {logging_mixin.py:188} INFO - [2025-10-13T10:00:25.260+0000] {dag.py:3834} INFO - Setting next_dagrun for weather_etl_v2 to 2025-10-12 22:00:00+00:00, run_after=2025-10-13 22:00:00+00:00
[2025-10-13T10:00:25.333+0000] {processor.py:183} INFO - Processing /opt/airflow/dags/weather_etl_v2.py took 0.278 seconds
[2025-10-13T10:00:55.758+0000] {processor.py:161} INFO - Started process (PID=6834) to work on /opt/airflow/dags/weather_etl_v2.py
[2025-10-13T10:00:55.759+0000] {processor.py:830} INFO - Processing file /opt/airflow/dags/weather_etl_v2.py for tasks to queue
[2025-10-13T10:00:55.761+0000] {logging_mixin.py:188} INFO - [2025-10-13T10:00:55.761+0000] {dagbag.py:540} INFO - Filling up the DagBag from /opt/airflow/dags/weather_etl_v2.py
[2025-10-13T10:00:55.794+0000] {processor.py:840} INFO - DAG(s) 'weather_etl_v2' retrieved from /opt/airflow/dags/weather_etl_v2.py
[2025-10-13T10:00:55.878+0000] {logging_mixin.py:188} INFO - [2025-10-13T10:00:55.877+0000] {dag.py:3047} INFO - Sync 1 DAGs
[2025-10-13T10:00:55.951+0000] {logging_mixin.py:188} INFO - [2025-10-13T10:00:55.951+0000] {dag.py:3834} INFO - Setting next_dagrun for weather_etl_v2 to 2025-10-12 22:00:00+00:00, run_after=2025-10-13 22:00:00+00:00
[2025-10-13T10:00:56.042+0000] {processor.py:183} INFO - Processing /opt/airflow/dags/weather_etl_v2.py took 0.288 seconds
[2025-10-13T10:01:27.164+0000] {processor.py:161} INFO - Started process (PID=6849) to work on /opt/airflow/dags/weather_etl_v2.py
[2025-10-13T10:01:27.180+0000] {processor.py:830} INFO - Processing file /opt/airflow/dags/weather_etl_v2.py for tasks to queue
[2025-10-13T10:01:27.185+0000] {logging_mixin.py:188} INFO - [2025-10-13T10:01:27.184+0000] {dagbag.py:540} INFO - Filling up the DagBag from /opt/airflow/dags/weather_etl_v2.py
[2025-10-13T10:01:27.381+0000] {processor.py:840} INFO - DAG(s) 'weather_etl_v2' retrieved from /opt/airflow/dags/weather_etl_v2.py
[2025-10-13T10:01:27.476+0000] {logging_mixin.py:188} INFO - [2025-10-13T10:01:27.475+0000] {dag.py:3047} INFO - Sync 1 DAGs
[2025-10-13T10:01:27.559+0000] {logging_mixin.py:188} INFO - [2025-10-13T10:01:27.559+0000] {dag.py:3834} INFO - Setting next_dagrun for weather_etl_v2 to 2025-10-12 22:00:00+00:00, run_after=2025-10-13 22:00:00+00:00
[2025-10-13T10:01:27.617+0000] {processor.py:183} INFO - Processing /opt/airflow/dags/weather_etl_v2.py took 0.460 seconds
[2025-10-13T10:01:58.587+0000] {processor.py:161} INFO - Started process (PID=6864) to work on /opt/airflow/dags/weather_etl_v2.py
[2025-10-13T10:01:58.589+0000] {processor.py:830} INFO - Processing file /opt/airflow/dags/weather_etl_v2.py for tasks to queue
[2025-10-13T10:01:58.593+0000] {logging_mixin.py:188} INFO - [2025-10-13T10:01:58.592+0000] {dagbag.py:540} INFO - Filling up the DagBag from /opt/airflow/dags/weather_etl_v2.py
[2025-10-13T10:01:58.636+0000] {processor.py:840} INFO - DAG(s) 'weather_etl_v2' retrieved from /opt/airflow/dags/weather_etl_v2.py
[2025-10-13T10:01:58.719+0000] {logging_mixin.py:188} INFO - [2025-10-13T10:01:58.719+0000] {dag.py:3047} INFO - Sync 1 DAGs
[2025-10-13T10:01:58.784+0000] {logging_mixin.py:188} INFO - [2025-10-13T10:01:58.784+0000] {dag.py:3834} INFO - Setting next_dagrun for weather_etl_v2 to 2025-10-12 22:00:00+00:00, run_after=2025-10-13 22:00:00+00:00
[2025-10-13T10:01:58.847+0000] {processor.py:183} INFO - Processing /opt/airflow/dags/weather_etl_v2.py took 0.267 seconds
[2025-10-13T10:02:29.835+0000] {processor.py:161} INFO - Started process (PID=6879) to work on /opt/airflow/dags/weather_etl_v2.py
[2025-10-13T10:02:29.837+0000] {processor.py:830} INFO - Processing file /opt/airflow/dags/weather_etl_v2.py for tasks to queue
[2025-10-13T10:02:29.846+0000] {logging_mixin.py:188} INFO - [2025-10-13T10:02:29.845+0000] {dagbag.py:540} INFO - Filling up the DagBag from /opt/airflow/dags/weather_etl_v2.py
[2025-10-13T10:02:29.913+0000] {processor.py:840} INFO - DAG(s) 'weather_etl_v2' retrieved from /opt/airflow/dags/weather_etl_v2.py
[2025-10-13T10:02:29.996+0000] {logging_mixin.py:188} INFO - [2025-10-13T10:02:29.996+0000] {dag.py:3047} INFO - Sync 1 DAGs
[2025-10-13T10:02:30.041+0000] {logging_mixin.py:188} INFO - [2025-10-13T10:02:30.041+0000] {dag.py:3834} INFO - Setting next_dagrun for weather_etl_v2 to 2025-10-12 22:00:00+00:00, run_after=2025-10-13 22:00:00+00:00
[2025-10-13T10:02:30.115+0000] {processor.py:183} INFO - Processing /opt/airflow/dags/weather_etl_v2.py took 0.285 seconds
[2025-10-13T10:03:00.612+0000] {processor.py:161} INFO - Started process (PID=6894) to work on /opt/airflow/dags/weather_etl_v2.py
[2025-10-13T10:03:00.614+0000] {processor.py:830} INFO - Processing file /opt/airflow/dags/weather_etl_v2.py for tasks to queue
[2025-10-13T10:03:00.615+0000] {logging_mixin.py:188} INFO - [2025-10-13T10:03:00.615+0000] {dagbag.py:540} INFO - Filling up the DagBag from /opt/airflow/dags/weather_etl_v2.py
[2025-10-13T10:03:00.652+0000] {processor.py:840} INFO - DAG(s) 'weather_etl_v2' retrieved from /opt/airflow/dags/weather_etl_v2.py
[2025-10-13T10:03:00.749+0000] {logging_mixin.py:188} INFO - [2025-10-13T10:03:00.748+0000] {dag.py:3047} INFO - Sync 1 DAGs
[2025-10-13T10:03:00.819+0000] {logging_mixin.py:188} INFO - [2025-10-13T10:03:00.818+0000] {dag.py:3834} INFO - Setting next_dagrun for weather_etl_v2 to 2025-10-12 22:00:00+00:00, run_after=2025-10-13 22:00:00+00:00
[2025-10-13T10:03:00.888+0000] {processor.py:183} INFO - Processing /opt/airflow/dags/weather_etl_v2.py took 0.281 seconds
[2025-10-13T10:03:31.860+0000] {processor.py:161} INFO - Started process (PID=6909) to work on /opt/airflow/dags/weather_etl_v2.py
[2025-10-13T10:03:31.868+0000] {processor.py:830} INFO - Processing file /opt/airflow/dags/weather_etl_v2.py for tasks to queue
[2025-10-13T10:03:31.871+0000] {logging_mixin.py:188} INFO - [2025-10-13T10:03:31.870+0000] {dagbag.py:540} INFO - Filling up the DagBag from /opt/airflow/dags/weather_etl_v2.py
[2025-10-13T10:03:32.554+0000] {processor.py:840} INFO - DAG(s) 'weather_etl_v2' retrieved from /opt/airflow/dags/weather_etl_v2.py
[2025-10-13T10:03:32.692+0000] {logging_mixin.py:188} INFO - [2025-10-13T10:03:32.691+0000] {dag.py:3047} INFO - Sync 1 DAGs
[2025-10-13T10:03:32.782+0000] {logging_mixin.py:188} INFO - [2025-10-13T10:03:32.781+0000] {dag.py:3834} INFO - Setting next_dagrun for weather_etl_v2 to 2025-10-12 22:00:00+00:00, run_after=2025-10-13 22:00:00+00:00
[2025-10-13T10:03:32.853+0000] {processor.py:183} INFO - Processing /opt/airflow/dags/weather_etl_v2.py took 1.010 seconds
[2025-10-13T10:04:03.787+0000] {processor.py:161} INFO - Started process (PID=6924) to work on /opt/airflow/dags/weather_etl_v2.py
[2025-10-13T10:04:03.789+0000] {processor.py:830} INFO - Processing file /opt/airflow/dags/weather_etl_v2.py for tasks to queue
[2025-10-13T10:04:03.790+0000] {logging_mixin.py:188} INFO - [2025-10-13T10:04:03.790+0000] {dagbag.py:540} INFO - Filling up the DagBag from /opt/airflow/dags/weather_etl_v2.py
[2025-10-13T10:04:03.818+0000] {processor.py:840} INFO - DAG(s) 'weather_etl_v2' retrieved from /opt/airflow/dags/weather_etl_v2.py
[2025-10-13T10:04:03.916+0000] {logging_mixin.py:188} INFO - [2025-10-13T10:04:03.916+0000] {dag.py:3047} INFO - Sync 1 DAGs
[2025-10-13T10:04:03.968+0000] {logging_mixin.py:188} INFO - [2025-10-13T10:04:03.968+0000] {dag.py:3834} INFO - Setting next_dagrun for weather_etl_v2 to 2025-10-12 22:00:00+00:00, run_after=2025-10-13 22:00:00+00:00
[2025-10-13T10:04:04.028+0000] {processor.py:183} INFO - Processing /opt/airflow/dags/weather_etl_v2.py took 0.244 seconds
[2025-10-13T10:04:34.662+0000] {processor.py:161} INFO - Started process (PID=6939) to work on /opt/airflow/dags/weather_etl_v2.py
[2025-10-13T10:04:34.664+0000] {processor.py:830} INFO - Processing file /opt/airflow/dags/weather_etl_v2.py for tasks to queue
[2025-10-13T10:04:34.666+0000] {logging_mixin.py:188} INFO - [2025-10-13T10:04:34.666+0000] {dagbag.py:540} INFO - Filling up the DagBag from /opt/airflow/dags/weather_etl_v2.py
[2025-10-13T10:04:34.706+0000] {processor.py:840} INFO - DAG(s) 'weather_etl_v2' retrieved from /opt/airflow/dags/weather_etl_v2.py
[2025-10-13T10:04:34.796+0000] {logging_mixin.py:188} INFO - [2025-10-13T10:04:34.796+0000] {dag.py:3047} INFO - Sync 1 DAGs
[2025-10-13T10:04:34.873+0000] {logging_mixin.py:188} INFO - [2025-10-13T10:04:34.873+0000] {dag.py:3834} INFO - Setting next_dagrun for weather_etl_v2 to 2025-10-12 22:00:00+00:00, run_after=2025-10-13 22:00:00+00:00
[2025-10-13T10:04:34.949+0000] {processor.py:183} INFO - Processing /opt/airflow/dags/weather_etl_v2.py took 0.291 seconds
[2025-10-13T10:05:05.747+0000] {processor.py:161} INFO - Started process (PID=6954) to work on /opt/airflow/dags/weather_etl_v2.py
[2025-10-13T10:05:05.750+0000] {processor.py:830} INFO - Processing file /opt/airflow/dags/weather_etl_v2.py for tasks to queue
[2025-10-13T10:05:05.752+0000] {logging_mixin.py:188} INFO - [2025-10-13T10:05:05.752+0000] {dagbag.py:540} INFO - Filling up the DagBag from /opt/airflow/dags/weather_etl_v2.py
[2025-10-13T10:05:05.803+0000] {processor.py:840} INFO - DAG(s) 'weather_etl_v2' retrieved from /opt/airflow/dags/weather_etl_v2.py
[2025-10-13T10:05:05.893+0000] {logging_mixin.py:188} INFO - [2025-10-13T10:05:05.892+0000] {dag.py:3047} INFO - Sync 1 DAGs
[2025-10-13T10:05:05.953+0000] {logging_mixin.py:188} INFO - [2025-10-13T10:05:05.953+0000] {dag.py:3834} INFO - Setting next_dagrun for weather_etl_v2 to 2025-10-12 22:00:00+00:00, run_after=2025-10-13 22:00:00+00:00
[2025-10-13T10:05:06.024+0000] {processor.py:183} INFO - Processing /opt/airflow/dags/weather_etl_v2.py took 0.282 seconds
[2025-10-13T10:05:36.701+0000] {processor.py:161} INFO - Started process (PID=6969) to work on /opt/airflow/dags/weather_etl_v2.py
[2025-10-13T10:05:36.703+0000] {processor.py:830} INFO - Processing file /opt/airflow/dags/weather_etl_v2.py for tasks to queue
[2025-10-13T10:05:36.704+0000] {logging_mixin.py:188} INFO - [2025-10-13T10:05:36.704+0000] {dagbag.py:540} INFO - Filling up the DagBag from /opt/airflow/dags/weather_etl_v2.py
[2025-10-13T10:05:36.739+0000] {processor.py:840} INFO - DAG(s) 'weather_etl_v2' retrieved from /opt/airflow/dags/weather_etl_v2.py
[2025-10-13T10:05:36.822+0000] {logging_mixin.py:188} INFO - [2025-10-13T10:05:36.821+0000] {dag.py:3047} INFO - Sync 1 DAGs
[2025-10-13T10:05:36.997+0000] {logging_mixin.py:188} INFO - [2025-10-13T10:05:36.996+0000] {dag.py:3834} INFO - Setting next_dagrun for weather_etl_v2 to 2025-10-12 22:00:00+00:00, run_after=2025-10-13 22:00:00+00:00
[2025-10-13T10:05:37.103+0000] {processor.py:183} INFO - Processing /opt/airflow/dags/weather_etl_v2.py took 0.419 seconds
[2025-10-13T10:06:07.612+0000] {processor.py:161} INFO - Started process (PID=6984) to work on /opt/airflow/dags/weather_etl_v2.py
[2025-10-13T10:06:07.614+0000] {processor.py:830} INFO - Processing file /opt/airflow/dags/weather_etl_v2.py for tasks to queue
[2025-10-13T10:06:07.616+0000] {logging_mixin.py:188} INFO - [2025-10-13T10:06:07.615+0000] {dagbag.py:540} INFO - Filling up the DagBag from /opt/airflow/dags/weather_etl_v2.py
[2025-10-13T10:06:07.644+0000] {processor.py:840} INFO - DAG(s) 'weather_etl_v2' retrieved from /opt/airflow/dags/weather_etl_v2.py
[2025-10-13T10:06:07.705+0000] {logging_mixin.py:188} INFO - [2025-10-13T10:06:07.704+0000] {dag.py:3047} INFO - Sync 1 DAGs
[2025-10-13T10:06:07.755+0000] {logging_mixin.py:188} INFO - [2025-10-13T10:06:07.754+0000] {dag.py:3834} INFO - Setting next_dagrun for weather_etl_v2 to 2025-10-12 22:00:00+00:00, run_after=2025-10-13 22:00:00+00:00
[2025-10-13T10:06:07.815+0000] {processor.py:183} INFO - Processing /opt/airflow/dags/weather_etl_v2.py took 0.219 seconds
[2025-10-13T10:06:38.306+0000] {processor.py:161} INFO - Started process (PID=6999) to work on /opt/airflow/dags/weather_etl_v2.py
[2025-10-13T10:06:38.308+0000] {processor.py:830} INFO - Processing file /opt/airflow/dags/weather_etl_v2.py for tasks to queue
[2025-10-13T10:06:38.311+0000] {logging_mixin.py:188} INFO - [2025-10-13T10:06:38.310+0000] {dagbag.py:540} INFO - Filling up the DagBag from /opt/airflow/dags/weather_etl_v2.py
[2025-10-13T10:06:38.345+0000] {processor.py:840} INFO - DAG(s) 'weather_etl_v2' retrieved from /opt/airflow/dags/weather_etl_v2.py
[2025-10-13T10:06:38.455+0000] {logging_mixin.py:188} INFO - [2025-10-13T10:06:38.454+0000] {dag.py:3047} INFO - Sync 1 DAGs
[2025-10-13T10:06:38.533+0000] {logging_mixin.py:188} INFO - [2025-10-13T10:06:38.532+0000] {dag.py:3834} INFO - Setting next_dagrun for weather_etl_v2 to 2025-10-12 22:00:00+00:00, run_after=2025-10-13 22:00:00+00:00
[2025-10-13T10:06:38.595+0000] {processor.py:183} INFO - Processing /opt/airflow/dags/weather_etl_v2.py took 0.293 seconds
[2025-10-13T10:07:09.256+0000] {processor.py:161} INFO - Started process (PID=7014) to work on /opt/airflow/dags/weather_etl_v2.py
[2025-10-13T10:07:09.258+0000] {processor.py:830} INFO - Processing file /opt/airflow/dags/weather_etl_v2.py for tasks to queue
[2025-10-13T10:07:09.261+0000] {logging_mixin.py:188} INFO - [2025-10-13T10:07:09.260+0000] {dagbag.py:540} INFO - Filling up the DagBag from /opt/airflow/dags/weather_etl_v2.py
[2025-10-13T10:07:09.297+0000] {processor.py:840} INFO - DAG(s) 'weather_etl_v2' retrieved from /opt/airflow/dags/weather_etl_v2.py
[2025-10-13T10:07:09.378+0000] {logging_mixin.py:188} INFO - [2025-10-13T10:07:09.377+0000] {dag.py:3047} INFO - Sync 1 DAGs
[2025-10-13T10:07:09.436+0000] {logging_mixin.py:188} INFO - [2025-10-13T10:07:09.435+0000] {dag.py:3834} INFO - Setting next_dagrun for weather_etl_v2 to 2025-10-12 22:00:00+00:00, run_after=2025-10-13 22:00:00+00:00
[2025-10-13T10:07:09.501+0000] {processor.py:183} INFO - Processing /opt/airflow/dags/weather_etl_v2.py took 0.250 seconds
[2025-10-13T10:07:40.214+0000] {processor.py:161} INFO - Started process (PID=7029) to work on /opt/airflow/dags/weather_etl_v2.py
[2025-10-13T10:07:40.216+0000] {processor.py:830} INFO - Processing file /opt/airflow/dags/weather_etl_v2.py for tasks to queue
[2025-10-13T10:07:40.219+0000] {logging_mixin.py:188} INFO - [2025-10-13T10:07:40.218+0000] {dagbag.py:540} INFO - Filling up the DagBag from /opt/airflow/dags/weather_etl_v2.py
[2025-10-13T10:07:40.276+0000] {processor.py:840} INFO - DAG(s) 'weather_etl_v2' retrieved from /opt/airflow/dags/weather_etl_v2.py
[2025-10-13T10:07:40.403+0000] {logging_mixin.py:188} INFO - [2025-10-13T10:07:40.403+0000] {dag.py:3047} INFO - Sync 1 DAGs
[2025-10-13T10:07:40.489+0000] {logging_mixin.py:188} INFO - [2025-10-13T10:07:40.488+0000] {dag.py:3834} INFO - Setting next_dagrun for weather_etl_v2 to 2025-10-12 22:00:00+00:00, run_after=2025-10-13 22:00:00+00:00
[2025-10-13T10:07:40.600+0000] {processor.py:183} INFO - Processing /opt/airflow/dags/weather_etl_v2.py took 0.391 seconds
[2025-10-13T10:08:11.307+0000] {processor.py:161} INFO - Started process (PID=7044) to work on /opt/airflow/dags/weather_etl_v2.py
[2025-10-13T10:08:11.308+0000] {processor.py:830} INFO - Processing file /opt/airflow/dags/weather_etl_v2.py for tasks to queue
[2025-10-13T10:08:11.310+0000] {logging_mixin.py:188} INFO - [2025-10-13T10:08:11.309+0000] {dagbag.py:540} INFO - Filling up the DagBag from /opt/airflow/dags/weather_etl_v2.py
[2025-10-13T10:08:11.347+0000] {processor.py:840} INFO - DAG(s) 'weather_etl_v2' retrieved from /opt/airflow/dags/weather_etl_v2.py
[2025-10-13T10:08:11.432+0000] {logging_mixin.py:188} INFO - [2025-10-13T10:08:11.431+0000] {dag.py:3047} INFO - Sync 1 DAGs
[2025-10-13T10:08:11.485+0000] {logging_mixin.py:188} INFO - [2025-10-13T10:08:11.485+0000] {dag.py:3834} INFO - Setting next_dagrun for weather_etl_v2 to 2025-10-12 22:00:00+00:00, run_after=2025-10-13 22:00:00+00:00
[2025-10-13T10:08:11.555+0000] {processor.py:183} INFO - Processing /opt/airflow/dags/weather_etl_v2.py took 0.253 seconds
[2025-10-13T10:08:42.363+0000] {processor.py:161} INFO - Started process (PID=7059) to work on /opt/airflow/dags/weather_etl_v2.py
[2025-10-13T10:08:42.366+0000] {processor.py:830} INFO - Processing file /opt/airflow/dags/weather_etl_v2.py for tasks to queue
[2025-10-13T10:08:42.368+0000] {logging_mixin.py:188} INFO - [2025-10-13T10:08:42.368+0000] {dagbag.py:540} INFO - Filling up the DagBag from /opt/airflow/dags/weather_etl_v2.py
[2025-10-13T10:08:42.416+0000] {processor.py:840} INFO - DAG(s) 'weather_etl_v2' retrieved from /opt/airflow/dags/weather_etl_v2.py
[2025-10-13T10:08:42.512+0000] {logging_mixin.py:188} INFO - [2025-10-13T10:08:42.511+0000] {dag.py:3047} INFO - Sync 1 DAGs
[2025-10-13T10:08:42.589+0000] {logging_mixin.py:188} INFO - [2025-10-13T10:08:42.589+0000] {dag.py:3834} INFO - Setting next_dagrun for weather_etl_v2 to 2025-10-12 22:00:00+00:00, run_after=2025-10-13 22:00:00+00:00
[2025-10-13T10:08:42.707+0000] {processor.py:183} INFO - Processing /opt/airflow/dags/weather_etl_v2.py took 0.348 seconds
[2025-10-13T10:09:12.820+0000] {processor.py:161} INFO - Started process (PID=7074) to work on /opt/airflow/dags/weather_etl_v2.py
[2025-10-13T10:09:12.823+0000] {processor.py:830} INFO - Processing file /opt/airflow/dags/weather_etl_v2.py for tasks to queue
[2025-10-13T10:09:12.825+0000] {logging_mixin.py:188} INFO - [2025-10-13T10:09:12.825+0000] {dagbag.py:540} INFO - Filling up the DagBag from /opt/airflow/dags/weather_etl_v2.py
[2025-10-13T10:09:12.878+0000] {processor.py:840} INFO - DAG(s) 'weather_etl_v2' retrieved from /opt/airflow/dags/weather_etl_v2.py
[2025-10-13T10:09:12.981+0000] {logging_mixin.py:188} INFO - [2025-10-13T10:09:12.980+0000] {dag.py:3047} INFO - Sync 1 DAGs
[2025-10-13T10:09:13.046+0000] {logging_mixin.py:188} INFO - [2025-10-13T10:09:13.045+0000] {dag.py:3834} INFO - Setting next_dagrun for weather_etl_v2 to 2025-10-12 22:00:00+00:00, run_after=2025-10-13 22:00:00+00:00
[2025-10-13T10:09:13.129+0000] {processor.py:183} INFO - Processing /opt/airflow/dags/weather_etl_v2.py took 0.316 seconds
[2025-10-13T10:09:43.670+0000] {processor.py:161} INFO - Started process (PID=7089) to work on /opt/airflow/dags/weather_etl_v2.py
[2025-10-13T10:09:43.672+0000] {processor.py:830} INFO - Processing file /opt/airflow/dags/weather_etl_v2.py for tasks to queue
[2025-10-13T10:09:43.675+0000] {logging_mixin.py:188} INFO - [2025-10-13T10:09:43.673+0000] {dagbag.py:540} INFO - Filling up the DagBag from /opt/airflow/dags/weather_etl_v2.py
[2025-10-13T10:09:43.728+0000] {processor.py:840} INFO - DAG(s) 'weather_etl_v2' retrieved from /opt/airflow/dags/weather_etl_v2.py
[2025-10-13T10:09:43.867+0000] {logging_mixin.py:188} INFO - [2025-10-13T10:09:43.867+0000] {dag.py:3047} INFO - Sync 1 DAGs
[2025-10-13T10:09:43.934+0000] {logging_mixin.py:188} INFO - [2025-10-13T10:09:43.934+0000] {dag.py:3834} INFO - Setting next_dagrun for weather_etl_v2 to 2025-10-12 22:00:00+00:00, run_after=2025-10-13 22:00:00+00:00
[2025-10-13T10:09:44.020+0000] {processor.py:183} INFO - Processing /opt/airflow/dags/weather_etl_v2.py took 0.354 seconds
[2025-10-13T10:10:14.582+0000] {processor.py:161} INFO - Started process (PID=7104) to work on /opt/airflow/dags/weather_etl_v2.py
[2025-10-13T10:10:14.584+0000] {processor.py:830} INFO - Processing file /opt/airflow/dags/weather_etl_v2.py for tasks to queue
[2025-10-13T10:10:14.587+0000] {logging_mixin.py:188} INFO - [2025-10-13T10:10:14.586+0000] {dagbag.py:540} INFO - Filling up the DagBag from /opt/airflow/dags/weather_etl_v2.py
[2025-10-13T10:10:14.638+0000] {processor.py:840} INFO - DAG(s) 'weather_etl_v2' retrieved from /opt/airflow/dags/weather_etl_v2.py
[2025-10-13T10:10:14.752+0000] {logging_mixin.py:188} INFO - [2025-10-13T10:10:14.752+0000] {dag.py:3047} INFO - Sync 1 DAGs
[2025-10-13T10:10:14.814+0000] {logging_mixin.py:188} INFO - [2025-10-13T10:10:14.814+0000] {dag.py:3834} INFO - Setting next_dagrun for weather_etl_v2 to 2025-10-12 22:00:00+00:00, run_after=2025-10-13 22:00:00+00:00
[2025-10-13T10:10:14.895+0000] {processor.py:183} INFO - Processing /opt/airflow/dags/weather_etl_v2.py took 0.321 seconds
[2025-10-13T10:10:45.497+0000] {processor.py:161} INFO - Started process (PID=7119) to work on /opt/airflow/dags/weather_etl_v2.py
[2025-10-13T10:10:45.499+0000] {processor.py:830} INFO - Processing file /opt/airflow/dags/weather_etl_v2.py for tasks to queue
[2025-10-13T10:10:45.501+0000] {logging_mixin.py:188} INFO - [2025-10-13T10:10:45.501+0000] {dagbag.py:540} INFO - Filling up the DagBag from /opt/airflow/dags/weather_etl_v2.py
[2025-10-13T10:10:45.532+0000] {processor.py:840} INFO - DAG(s) 'weather_etl_v2' retrieved from /opt/airflow/dags/weather_etl_v2.py
[2025-10-13T10:10:45.605+0000] {logging_mixin.py:188} INFO - [2025-10-13T10:10:45.605+0000] {dag.py:3047} INFO - Sync 1 DAGs
[2025-10-13T10:10:45.665+0000] {logging_mixin.py:188} INFO - [2025-10-13T10:10:45.664+0000] {dag.py:3834} INFO - Setting next_dagrun for weather_etl_v2 to 2025-10-12 22:00:00+00:00, run_after=2025-10-13 22:00:00+00:00
[2025-10-13T10:10:45.735+0000] {processor.py:183} INFO - Processing /opt/airflow/dags/weather_etl_v2.py took 0.242 seconds
[2025-10-13T10:11:16.165+0000] {processor.py:161} INFO - Started process (PID=7134) to work on /opt/airflow/dags/weather_etl_v2.py
[2025-10-13T10:11:16.166+0000] {processor.py:830} INFO - Processing file /opt/airflow/dags/weather_etl_v2.py for tasks to queue
[2025-10-13T10:11:16.168+0000] {logging_mixin.py:188} INFO - [2025-10-13T10:11:16.168+0000] {dagbag.py:540} INFO - Filling up the DagBag from /opt/airflow/dags/weather_etl_v2.py
[2025-10-13T10:11:16.210+0000] {processor.py:840} INFO - DAG(s) 'weather_etl_v2' retrieved from /opt/airflow/dags/weather_etl_v2.py
[2025-10-13T10:11:16.310+0000] {logging_mixin.py:188} INFO - [2025-10-13T10:11:16.309+0000] {dag.py:3047} INFO - Sync 1 DAGs
[2025-10-13T10:11:16.379+0000] {logging_mixin.py:188} INFO - [2025-10-13T10:11:16.378+0000] {dag.py:3834} INFO - Setting next_dagrun for weather_etl_v2 to 2025-10-12 22:00:00+00:00, run_after=2025-10-13 22:00:00+00:00
[2025-10-13T10:11:16.468+0000] {processor.py:183} INFO - Processing /opt/airflow/dags/weather_etl_v2.py took 0.309 seconds
[2025-10-13T10:11:47.494+0000] {processor.py:161} INFO - Started process (PID=7149) to work on /opt/airflow/dags/weather_etl_v2.py
[2025-10-13T10:11:47.498+0000] {processor.py:830} INFO - Processing file /opt/airflow/dags/weather_etl_v2.py for tasks to queue
[2025-10-13T10:11:47.508+0000] {logging_mixin.py:188} INFO - [2025-10-13T10:11:47.507+0000] {dagbag.py:540} INFO - Filling up the DagBag from /opt/airflow/dags/weather_etl_v2.py
[2025-10-13T10:11:47.600+0000] {processor.py:840} INFO - DAG(s) 'weather_etl_v2' retrieved from /opt/airflow/dags/weather_etl_v2.py
[2025-10-13T10:11:48.025+0000] {logging_mixin.py:188} INFO - [2025-10-13T10:11:48.024+0000] {dag.py:3047} INFO - Sync 1 DAGs
[2025-10-13T10:11:48.135+0000] {logging_mixin.py:188} INFO - [2025-10-13T10:11:48.134+0000] {dag.py:3834} INFO - Setting next_dagrun for weather_etl_v2 to 2025-10-12 22:00:00+00:00, run_after=2025-10-13 22:00:00+00:00
[2025-10-13T10:11:48.249+0000] {processor.py:183} INFO - Processing /opt/airflow/dags/weather_etl_v2.py took 0.762 seconds
[2025-10-13T10:12:18.874+0000] {processor.py:161} INFO - Started process (PID=7164) to work on /opt/airflow/dags/weather_etl_v2.py
[2025-10-13T10:12:18.876+0000] {processor.py:830} INFO - Processing file /opt/airflow/dags/weather_etl_v2.py for tasks to queue
[2025-10-13T10:12:18.879+0000] {logging_mixin.py:188} INFO - [2025-10-13T10:12:18.878+0000] {dagbag.py:540} INFO - Filling up the DagBag from /opt/airflow/dags/weather_etl_v2.py
[2025-10-13T10:12:18.920+0000] {processor.py:840} INFO - DAG(s) 'weather_etl_v2' retrieved from /opt/airflow/dags/weather_etl_v2.py
[2025-10-13T10:12:19.015+0000] {logging_mixin.py:188} INFO - [2025-10-13T10:12:19.014+0000] {dag.py:3047} INFO - Sync 1 DAGs
[2025-10-13T10:12:19.088+0000] {logging_mixin.py:188} INFO - [2025-10-13T10:12:19.087+0000] {dag.py:3834} INFO - Setting next_dagrun for weather_etl_v2 to 2025-10-12 22:00:00+00:00, run_after=2025-10-13 22:00:00+00:00
[2025-10-13T10:12:19.154+0000] {processor.py:183} INFO - Processing /opt/airflow/dags/weather_etl_v2.py took 0.285 seconds
[2025-10-13T10:12:50.202+0000] {processor.py:161} INFO - Started process (PID=7179) to work on /opt/airflow/dags/weather_etl_v2.py
[2025-10-13T10:12:50.222+0000] {processor.py:830} INFO - Processing file /opt/airflow/dags/weather_etl_v2.py for tasks to queue
[2025-10-13T10:12:50.238+0000] {logging_mixin.py:188} INFO - [2025-10-13T10:12:50.236+0000] {dagbag.py:540} INFO - Filling up the DagBag from /opt/airflow/dags/weather_etl_v2.py
[2025-10-13T10:12:50.410+0000] {processor.py:840} INFO - DAG(s) 'weather_etl_v2' retrieved from /opt/airflow/dags/weather_etl_v2.py
[2025-10-13T10:12:50.530+0000] {logging_mixin.py:188} INFO - [2025-10-13T10:12:50.529+0000] {dag.py:3047} INFO - Sync 1 DAGs
[2025-10-13T10:12:50.593+0000] {logging_mixin.py:188} INFO - [2025-10-13T10:12:50.592+0000] {dag.py:3834} INFO - Setting next_dagrun for weather_etl_v2 to 2025-10-12 22:00:00+00:00, run_after=2025-10-13 22:00:00+00:00
[2025-10-13T10:12:50.664+0000] {processor.py:183} INFO - Processing /opt/airflow/dags/weather_etl_v2.py took 0.482 seconds
[2025-10-13T10:13:21.513+0000] {processor.py:161} INFO - Started process (PID=7194) to work on /opt/airflow/dags/weather_etl_v2.py
[2025-10-13T10:13:21.519+0000] {processor.py:830} INFO - Processing file /opt/airflow/dags/weather_etl_v2.py for tasks to queue
[2025-10-13T10:13:21.525+0000] {logging_mixin.py:188} INFO - [2025-10-13T10:13:21.524+0000] {dagbag.py:540} INFO - Filling up the DagBag from /opt/airflow/dags/weather_etl_v2.py
[2025-10-13T10:13:21.577+0000] {processor.py:840} INFO - DAG(s) 'weather_etl_v2' retrieved from /opt/airflow/dags/weather_etl_v2.py
[2025-10-13T10:13:21.666+0000] {logging_mixin.py:188} INFO - [2025-10-13T10:13:21.665+0000] {dag.py:3047} INFO - Sync 1 DAGs
[2025-10-13T10:13:21.739+0000] {logging_mixin.py:188} INFO - [2025-10-13T10:13:21.738+0000] {dag.py:3834} INFO - Setting next_dagrun for weather_etl_v2 to 2025-10-12 22:00:00+00:00, run_after=2025-10-13 22:00:00+00:00
[2025-10-13T10:13:21.830+0000] {processor.py:183} INFO - Processing /opt/airflow/dags/weather_etl_v2.py took 0.327 seconds
[2025-10-13T10:13:52.344+0000] {processor.py:161} INFO - Started process (PID=7209) to work on /opt/airflow/dags/weather_etl_v2.py
[2025-10-13T10:13:52.347+0000] {processor.py:830} INFO - Processing file /opt/airflow/dags/weather_etl_v2.py for tasks to queue
[2025-10-13T10:13:52.348+0000] {logging_mixin.py:188} INFO - [2025-10-13T10:13:52.348+0000] {dagbag.py:540} INFO - Filling up the DagBag from /opt/airflow/dags/weather_etl_v2.py
[2025-10-13T10:13:52.385+0000] {processor.py:840} INFO - DAG(s) 'weather_etl_v2' retrieved from /opt/airflow/dags/weather_etl_v2.py
[2025-10-13T10:13:52.467+0000] {logging_mixin.py:188} INFO - [2025-10-13T10:13:52.467+0000] {dag.py:3047} INFO - Sync 1 DAGs
[2025-10-13T10:13:52.529+0000] {logging_mixin.py:188} INFO - [2025-10-13T10:13:52.528+0000] {dag.py:3834} INFO - Setting next_dagrun for weather_etl_v2 to 2025-10-12 22:00:00+00:00, run_after=2025-10-13 22:00:00+00:00
[2025-10-13T10:13:52.591+0000] {processor.py:183} INFO - Processing /opt/airflow/dags/weather_etl_v2.py took 0.252 seconds
[2025-10-13T10:14:22.791+0000] {processor.py:161} INFO - Started process (PID=7224) to work on /opt/airflow/dags/weather_etl_v2.py
[2025-10-13T10:14:22.794+0000] {processor.py:830} INFO - Processing file /opt/airflow/dags/weather_etl_v2.py for tasks to queue
[2025-10-13T10:14:22.797+0000] {logging_mixin.py:188} INFO - [2025-10-13T10:14:22.796+0000] {dagbag.py:540} INFO - Filling up the DagBag from /opt/airflow/dags/weather_etl_v2.py
[2025-10-13T10:14:22.835+0000] {processor.py:840} INFO - DAG(s) 'weather_etl_v2' retrieved from /opt/airflow/dags/weather_etl_v2.py
[2025-10-13T10:14:22.918+0000] {logging_mixin.py:188} INFO - [2025-10-13T10:14:22.918+0000] {dag.py:3047} INFO - Sync 1 DAGs
[2025-10-13T10:14:23.003+0000] {logging_mixin.py:188} INFO - [2025-10-13T10:14:23.003+0000] {dag.py:3834} INFO - Setting next_dagrun for weather_etl_v2 to 2025-10-12 22:00:00+00:00, run_after=2025-10-13 22:00:00+00:00
[2025-10-13T10:14:23.068+0000] {processor.py:183} INFO - Processing /opt/airflow/dags/weather_etl_v2.py took 0.282 seconds
[2025-10-13T10:14:53.621+0000] {processor.py:161} INFO - Started process (PID=7239) to work on /opt/airflow/dags/weather_etl_v2.py
[2025-10-13T10:14:53.624+0000] {processor.py:830} INFO - Processing file /opt/airflow/dags/weather_etl_v2.py for tasks to queue
[2025-10-13T10:14:53.627+0000] {logging_mixin.py:188} INFO - [2025-10-13T10:14:53.626+0000] {dagbag.py:540} INFO - Filling up the DagBag from /opt/airflow/dags/weather_etl_v2.py
[2025-10-13T10:14:53.674+0000] {processor.py:840} INFO - DAG(s) 'weather_etl_v2' retrieved from /opt/airflow/dags/weather_etl_v2.py
[2025-10-13T10:14:53.770+0000] {logging_mixin.py:188} INFO - [2025-10-13T10:14:53.770+0000] {dag.py:3047} INFO - Sync 1 DAGs
[2025-10-13T10:14:53.836+0000] {logging_mixin.py:188} INFO - [2025-10-13T10:14:53.834+0000] {dag.py:3834} INFO - Setting next_dagrun for weather_etl_v2 to 2025-10-12 22:00:00+00:00, run_after=2025-10-13 22:00:00+00:00
[2025-10-13T10:14:53.905+0000] {processor.py:183} INFO - Processing /opt/airflow/dags/weather_etl_v2.py took 0.289 seconds
[2025-10-13T10:15:24.973+0000] {processor.py:161} INFO - Started process (PID=7254) to work on /opt/airflow/dags/weather_etl_v2.py
[2025-10-13T10:15:24.975+0000] {processor.py:830} INFO - Processing file /opt/airflow/dags/weather_etl_v2.py for tasks to queue
[2025-10-13T10:15:24.977+0000] {logging_mixin.py:188} INFO - [2025-10-13T10:15:24.976+0000] {dagbag.py:540} INFO - Filling up the DagBag from /opt/airflow/dags/weather_etl_v2.py
[2025-10-13T10:15:25.015+0000] {processor.py:840} INFO - DAG(s) 'weather_etl_v2' retrieved from /opt/airflow/dags/weather_etl_v2.py
[2025-10-13T10:15:25.125+0000] {logging_mixin.py:188} INFO - [2025-10-13T10:15:25.124+0000] {dag.py:3047} INFO - Sync 1 DAGs
[2025-10-13T10:15:25.207+0000] {logging_mixin.py:188} INFO - [2025-10-13T10:15:25.206+0000] {dag.py:3834} INFO - Setting next_dagrun for weather_etl_v2 to 2025-10-12 22:00:00+00:00, run_after=2025-10-13 22:00:00+00:00
[2025-10-13T10:15:25.273+0000] {processor.py:183} INFO - Processing /opt/airflow/dags/weather_etl_v2.py took 0.304 seconds
[2025-10-13T10:15:55.885+0000] {processor.py:161} INFO - Started process (PID=7269) to work on /opt/airflow/dags/weather_etl_v2.py
[2025-10-13T10:15:55.887+0000] {processor.py:830} INFO - Processing file /opt/airflow/dags/weather_etl_v2.py for tasks to queue
[2025-10-13T10:15:55.890+0000] {logging_mixin.py:188} INFO - [2025-10-13T10:15:55.889+0000] {dagbag.py:540} INFO - Filling up the DagBag from /opt/airflow/dags/weather_etl_v2.py
[2025-10-13T10:15:55.933+0000] {processor.py:840} INFO - DAG(s) 'weather_etl_v2' retrieved from /opt/airflow/dags/weather_etl_v2.py
[2025-10-13T10:15:56.042+0000] {logging_mixin.py:188} INFO - [2025-10-13T10:15:56.042+0000] {dag.py:3047} INFO - Sync 1 DAGs
[2025-10-13T10:15:56.100+0000] {logging_mixin.py:188} INFO - [2025-10-13T10:15:56.100+0000] {dag.py:3834} INFO - Setting next_dagrun for weather_etl_v2 to 2025-10-12 22:00:00+00:00, run_after=2025-10-13 22:00:00+00:00
[2025-10-13T10:15:56.173+0000] {processor.py:183} INFO - Processing /opt/airflow/dags/weather_etl_v2.py took 0.293 seconds
[2025-10-13T10:16:27.000+0000] {processor.py:161} INFO - Started process (PID=7284) to work on /opt/airflow/dags/weather_etl_v2.py
[2025-10-13T10:16:27.001+0000] {processor.py:830} INFO - Processing file /opt/airflow/dags/weather_etl_v2.py for tasks to queue
[2025-10-13T10:16:27.003+0000] {logging_mixin.py:188} INFO - [2025-10-13T10:16:27.003+0000] {dagbag.py:540} INFO - Filling up the DagBag from /opt/airflow/dags/weather_etl_v2.py
[2025-10-13T10:16:27.042+0000] {processor.py:840} INFO - DAG(s) 'weather_etl_v2' retrieved from /opt/airflow/dags/weather_etl_v2.py
[2025-10-13T10:16:27.126+0000] {logging_mixin.py:188} INFO - [2025-10-13T10:16:27.125+0000] {dag.py:3047} INFO - Sync 1 DAGs
[2025-10-13T10:16:27.187+0000] {logging_mixin.py:188} INFO - [2025-10-13T10:16:27.187+0000] {dag.py:3834} INFO - Setting next_dagrun for weather_etl_v2 to 2025-10-12 22:00:00+00:00, run_after=2025-10-13 22:00:00+00:00
[2025-10-13T10:16:27.292+0000] {processor.py:183} INFO - Processing /opt/airflow/dags/weather_etl_v2.py took 0.297 seconds
[2025-10-13T10:16:58.276+0000] {processor.py:161} INFO - Started process (PID=7299) to work on /opt/airflow/dags/weather_etl_v2.py
[2025-10-13T10:16:58.288+0000] {processor.py:830} INFO - Processing file /opt/airflow/dags/weather_etl_v2.py for tasks to queue
[2025-10-13T10:16:58.294+0000] {logging_mixin.py:188} INFO - [2025-10-13T10:16:58.293+0000] {dagbag.py:540} INFO - Filling up the DagBag from /opt/airflow/dags/weather_etl_v2.py
[2025-10-13T10:16:58.419+0000] {processor.py:840} INFO - DAG(s) 'weather_etl_v2' retrieved from /opt/airflow/dags/weather_etl_v2.py
[2025-10-13T10:16:58.545+0000] {logging_mixin.py:188} INFO - [2025-10-13T10:16:58.544+0000] {dag.py:3047} INFO - Sync 1 DAGs
[2025-10-13T10:16:58.656+0000] {logging_mixin.py:188} INFO - [2025-10-13T10:16:58.655+0000] {dag.py:3834} INFO - Setting next_dagrun for weather_etl_v2 to 2025-10-12 22:00:00+00:00, run_after=2025-10-13 22:00:00+00:00
[2025-10-13T10:16:58.735+0000] {processor.py:183} INFO - Processing /opt/airflow/dags/weather_etl_v2.py took 0.465 seconds
[2025-10-13T10:17:29.600+0000] {processor.py:161} INFO - Started process (PID=7314) to work on /opt/airflow/dags/weather_etl_v2.py
[2025-10-13T10:17:29.603+0000] {processor.py:830} INFO - Processing file /opt/airflow/dags/weather_etl_v2.py for tasks to queue
[2025-10-13T10:17:29.605+0000] {logging_mixin.py:188} INFO - [2025-10-13T10:17:29.605+0000] {dagbag.py:540} INFO - Filling up the DagBag from /opt/airflow/dags/weather_etl_v2.py
[2025-10-13T10:17:29.641+0000] {processor.py:840} INFO - DAG(s) 'weather_etl_v2' retrieved from /opt/airflow/dags/weather_etl_v2.py
[2025-10-13T10:17:29.718+0000] {logging_mixin.py:188} INFO - [2025-10-13T10:17:29.718+0000] {dag.py:3047} INFO - Sync 1 DAGs
[2025-10-13T10:17:29.787+0000] {logging_mixin.py:188} INFO - [2025-10-13T10:17:29.787+0000] {dag.py:3834} INFO - Setting next_dagrun for weather_etl_v2 to 2025-10-12 22:00:00+00:00, run_after=2025-10-13 22:00:00+00:00
[2025-10-13T10:17:29.868+0000] {processor.py:183} INFO - Processing /opt/airflow/dags/weather_etl_v2.py took 0.273 seconds
[2025-10-13T10:18:00.636+0000] {processor.py:161} INFO - Started process (PID=7329) to work on /opt/airflow/dags/weather_etl_v2.py
[2025-10-13T10:18:00.640+0000] {processor.py:830} INFO - Processing file /opt/airflow/dags/weather_etl_v2.py for tasks to queue
[2025-10-13T10:18:00.644+0000] {logging_mixin.py:188} INFO - [2025-10-13T10:18:00.643+0000] {dagbag.py:540} INFO - Filling up the DagBag from /opt/airflow/dags/weather_etl_v2.py
[2025-10-13T10:18:00.699+0000] {processor.py:840} INFO - DAG(s) 'weather_etl_v2' retrieved from /opt/airflow/dags/weather_etl_v2.py
[2025-10-13T10:18:00.799+0000] {logging_mixin.py:188} INFO - [2025-10-13T10:18:00.798+0000] {dag.py:3047} INFO - Sync 1 DAGs
[2025-10-13T10:18:00.863+0000] {logging_mixin.py:188} INFO - [2025-10-13T10:18:00.863+0000] {dag.py:3834} INFO - Setting next_dagrun for weather_etl_v2 to 2025-10-12 22:00:00+00:00, run_after=2025-10-13 22:00:00+00:00
[2025-10-13T10:18:00.944+0000] {processor.py:183} INFO - Processing /opt/airflow/dags/weather_etl_v2.py took 0.315 seconds
[2025-10-13T10:18:31.489+0000] {processor.py:161} INFO - Started process (PID=7344) to work on /opt/airflow/dags/weather_etl_v2.py
[2025-10-13T10:18:31.492+0000] {processor.py:830} INFO - Processing file /opt/airflow/dags/weather_etl_v2.py for tasks to queue
[2025-10-13T10:18:31.495+0000] {logging_mixin.py:188} INFO - [2025-10-13T10:18:31.494+0000] {dagbag.py:540} INFO - Filling up the DagBag from /opt/airflow/dags/weather_etl_v2.py
[2025-10-13T10:18:31.553+0000] {processor.py:840} INFO - DAG(s) 'weather_etl_v2' retrieved from /opt/airflow/dags/weather_etl_v2.py
[2025-10-13T10:18:31.644+0000] {logging_mixin.py:188} INFO - [2025-10-13T10:18:31.644+0000] {dag.py:3047} INFO - Sync 1 DAGs
[2025-10-13T10:18:31.703+0000] {logging_mixin.py:188} INFO - [2025-10-13T10:18:31.702+0000] {dag.py:3834} INFO - Setting next_dagrun for weather_etl_v2 to 2025-10-12 22:00:00+00:00, run_after=2025-10-13 22:00:00+00:00
[2025-10-13T10:18:31.768+0000] {processor.py:183} INFO - Processing /opt/airflow/dags/weather_etl_v2.py took 0.285 seconds
[2025-10-13T10:19:02.359+0000] {processor.py:161} INFO - Started process (PID=7359) to work on /opt/airflow/dags/weather_etl_v2.py
[2025-10-13T10:19:02.358+0000] {processor.py:830} INFO - Processing file /opt/airflow/dags/weather_etl_v2.py for tasks to queue
[2025-10-13T10:19:02.361+0000] {logging_mixin.py:188} INFO - [2025-10-13T10:19:02.360+0000] {dagbag.py:540} INFO - Filling up the DagBag from /opt/airflow/dags/weather_etl_v2.py
[2025-10-13T10:19:02.411+0000] {processor.py:840} INFO - DAG(s) 'weather_etl_v2' retrieved from /opt/airflow/dags/weather_etl_v2.py
[2025-10-13T10:19:02.512+0000] {logging_mixin.py:188} INFO - [2025-10-13T10:19:02.512+0000] {dag.py:3047} INFO - Sync 1 DAGs
[2025-10-13T10:19:02.591+0000] {logging_mixin.py:188} INFO - [2025-10-13T10:19:02.590+0000] {dag.py:3834} INFO - Setting next_dagrun for weather_etl_v2 to 2025-10-12 22:00:00+00:00, run_after=2025-10-13 22:00:00+00:00
[2025-10-13T10:19:02.662+0000] {processor.py:183} INFO - Processing /opt/airflow/dags/weather_etl_v2.py took 0.311 seconds
[2025-10-13T10:19:32.746+0000] {processor.py:161} INFO - Started process (PID=7374) to work on /opt/airflow/dags/weather_etl_v2.py
[2025-10-13T10:19:32.748+0000] {processor.py:830} INFO - Processing file /opt/airflow/dags/weather_etl_v2.py for tasks to queue
[2025-10-13T10:19:32.750+0000] {logging_mixin.py:188} INFO - [2025-10-13T10:19:32.750+0000] {dagbag.py:540} INFO - Filling up the DagBag from /opt/airflow/dags/weather_etl_v2.py
[2025-10-13T10:19:32.790+0000] {processor.py:840} INFO - DAG(s) 'weather_etl_v2' retrieved from /opt/airflow/dags/weather_etl_v2.py
[2025-10-13T10:19:32.882+0000] {logging_mixin.py:188} INFO - [2025-10-13T10:19:32.881+0000] {dag.py:3047} INFO - Sync 1 DAGs
[2025-10-13T10:19:32.945+0000] {logging_mixin.py:188} INFO - [2025-10-13T10:19:32.944+0000] {dag.py:3834} INFO - Setting next_dagrun for weather_etl_v2 to 2025-10-12 22:00:00+00:00, run_after=2025-10-13 22:00:00+00:00
[2025-10-13T10:19:33.024+0000] {processor.py:183} INFO - Processing /opt/airflow/dags/weather_etl_v2.py took 0.282 seconds
[2025-10-13T10:20:03.556+0000] {processor.py:161} INFO - Started process (PID=7389) to work on /opt/airflow/dags/weather_etl_v2.py
[2025-10-13T10:20:03.561+0000] {processor.py:830} INFO - Processing file /opt/airflow/dags/weather_etl_v2.py for tasks to queue
[2025-10-13T10:20:03.573+0000] {logging_mixin.py:188} INFO - [2025-10-13T10:20:03.572+0000] {dagbag.py:540} INFO - Filling up the DagBag from /opt/airflow/dags/weather_etl_v2.py
[2025-10-13T10:20:03.634+0000] {processor.py:840} INFO - DAG(s) 'weather_etl_v2' retrieved from /opt/airflow/dags/weather_etl_v2.py
[2025-10-13T10:20:03.733+0000] {logging_mixin.py:188} INFO - [2025-10-13T10:20:03.733+0000] {dag.py:3047} INFO - Sync 1 DAGs
[2025-10-13T10:20:03.794+0000] {logging_mixin.py:188} INFO - [2025-10-13T10:20:03.794+0000] {dag.py:3834} INFO - Setting next_dagrun for weather_etl_v2 to 2025-10-12 22:00:00+00:00, run_after=2025-10-13 22:00:00+00:00
[2025-10-13T10:20:03.865+0000] {processor.py:183} INFO - Processing /opt/airflow/dags/weather_etl_v2.py took 0.316 seconds
[2025-10-13T10:20:34.368+0000] {processor.py:161} INFO - Started process (PID=7404) to work on /opt/airflow/dags/weather_etl_v2.py
[2025-10-13T10:20:34.370+0000] {processor.py:830} INFO - Processing file /opt/airflow/dags/weather_etl_v2.py for tasks to queue
[2025-10-13T10:20:34.373+0000] {logging_mixin.py:188} INFO - [2025-10-13T10:20:34.372+0000] {dagbag.py:540} INFO - Filling up the DagBag from /opt/airflow/dags/weather_etl_v2.py
[2025-10-13T10:20:34.405+0000] {processor.py:840} INFO - DAG(s) 'weather_etl_v2' retrieved from /opt/airflow/dags/weather_etl_v2.py
[2025-10-13T10:20:34.508+0000] {logging_mixin.py:188} INFO - [2025-10-13T10:20:34.507+0000] {dag.py:3047} INFO - Sync 1 DAGs
[2025-10-13T10:20:34.609+0000] {logging_mixin.py:188} INFO - [2025-10-13T10:20:34.608+0000] {dag.py:3834} INFO - Setting next_dagrun for weather_etl_v2 to 2025-10-12 22:00:00+00:00, run_after=2025-10-13 22:00:00+00:00
[2025-10-13T10:20:34.682+0000] {processor.py:183} INFO - Processing /opt/airflow/dags/weather_etl_v2.py took 0.318 seconds
[2025-10-13T10:21:05.337+0000] {processor.py:161} INFO - Started process (PID=7419) to work on /opt/airflow/dags/weather_etl_v2.py
[2025-10-13T10:21:05.339+0000] {processor.py:830} INFO - Processing file /opt/airflow/dags/weather_etl_v2.py for tasks to queue
[2025-10-13T10:21:05.342+0000] {logging_mixin.py:188} INFO - [2025-10-13T10:21:05.341+0000] {dagbag.py:540} INFO - Filling up the DagBag from /opt/airflow/dags/weather_etl_v2.py
[2025-10-13T10:21:05.419+0000] {processor.py:840} INFO - DAG(s) 'weather_etl_v2' retrieved from /opt/airflow/dags/weather_etl_v2.py
[2025-10-13T10:21:05.525+0000] {logging_mixin.py:188} INFO - [2025-10-13T10:21:05.525+0000] {dag.py:3047} INFO - Sync 1 DAGs
[2025-10-13T10:21:05.583+0000] {logging_mixin.py:188} INFO - [2025-10-13T10:21:05.583+0000] {dag.py:3834} INFO - Setting next_dagrun for weather_etl_v2 to 2025-10-12 22:00:00+00:00, run_after=2025-10-13 22:00:00+00:00
[2025-10-13T10:21:05.646+0000] {processor.py:183} INFO - Processing /opt/airflow/dags/weather_etl_v2.py took 0.315 seconds
[2025-10-13T10:21:36.217+0000] {processor.py:161} INFO - Started process (PID=7434) to work on /opt/airflow/dags/weather_etl_v2.py
[2025-10-13T10:21:36.220+0000] {processor.py:830} INFO - Processing file /opt/airflow/dags/weather_etl_v2.py for tasks to queue
[2025-10-13T10:21:36.222+0000] {logging_mixin.py:188} INFO - [2025-10-13T10:21:36.221+0000] {dagbag.py:540} INFO - Filling up the DagBag from /opt/airflow/dags/weather_etl_v2.py
[2025-10-13T10:21:36.256+0000] {processor.py:840} INFO - DAG(s) 'weather_etl_v2' retrieved from /opt/airflow/dags/weather_etl_v2.py
[2025-10-13T10:21:36.329+0000] {logging_mixin.py:188} INFO - [2025-10-13T10:21:36.329+0000] {dag.py:3047} INFO - Sync 1 DAGs
[2025-10-13T10:21:36.377+0000] {logging_mixin.py:188} INFO - [2025-10-13T10:21:36.377+0000] {dag.py:3834} INFO - Setting next_dagrun for weather_etl_v2 to 2025-10-12 22:00:00+00:00, run_after=2025-10-13 22:00:00+00:00
[2025-10-13T10:21:36.439+0000] {processor.py:183} INFO - Processing /opt/airflow/dags/weather_etl_v2.py took 0.240 seconds
[2025-10-13T10:22:07.134+0000] {processor.py:161} INFO - Started process (PID=7449) to work on /opt/airflow/dags/weather_etl_v2.py
[2025-10-13T10:22:07.136+0000] {processor.py:830} INFO - Processing file /opt/airflow/dags/weather_etl_v2.py for tasks to queue
[2025-10-13T10:22:07.139+0000] {logging_mixin.py:188} INFO - [2025-10-13T10:22:07.139+0000] {dagbag.py:540} INFO - Filling up the DagBag from /opt/airflow/dags/weather_etl_v2.py
[2025-10-13T10:22:07.193+0000] {processor.py:840} INFO - DAG(s) 'weather_etl_v2' retrieved from /opt/airflow/dags/weather_etl_v2.py
[2025-10-13T10:22:07.285+0000] {logging_mixin.py:188} INFO - [2025-10-13T10:22:07.284+0000] {dag.py:3047} INFO - Sync 1 DAGs
[2025-10-13T10:22:07.356+0000] {logging_mixin.py:188} INFO - [2025-10-13T10:22:07.356+0000] {dag.py:3834} INFO - Setting next_dagrun for weather_etl_v2 to 2025-10-12 22:00:00+00:00, run_after=2025-10-13 22:00:00+00:00
[2025-10-13T10:22:07.436+0000] {processor.py:183} INFO - Processing /opt/airflow/dags/weather_etl_v2.py took 0.319 seconds
[2025-10-13T10:22:38.380+0000] {processor.py:161} INFO - Started process (PID=7464) to work on /opt/airflow/dags/weather_etl_v2.py
[2025-10-13T10:22:38.391+0000] {processor.py:830} INFO - Processing file /opt/airflow/dags/weather_etl_v2.py for tasks to queue
[2025-10-13T10:22:38.397+0000] {logging_mixin.py:188} INFO - [2025-10-13T10:22:38.396+0000] {dagbag.py:540} INFO - Filling up the DagBag from /opt/airflow/dags/weather_etl_v2.py
[2025-10-13T10:22:38.658+0000] {processor.py:840} INFO - DAG(s) 'weather_etl_v2' retrieved from /opt/airflow/dags/weather_etl_v2.py
[2025-10-13T10:22:38.838+0000] {logging_mixin.py:188} INFO - [2025-10-13T10:22:38.837+0000] {dag.py:3047} INFO - Sync 1 DAGs
[2025-10-13T10:22:38.924+0000] {logging_mixin.py:188} INFO - [2025-10-13T10:22:38.923+0000] {dag.py:3834} INFO - Setting next_dagrun for weather_etl_v2 to 2025-10-12 22:00:00+00:00, run_after=2025-10-13 22:00:00+00:00
[2025-10-13T10:22:38.993+0000] {processor.py:183} INFO - Processing /opt/airflow/dags/weather_etl_v2.py took 0.621 seconds
[2025-10-13T10:23:10.077+0000] {processor.py:161} INFO - Started process (PID=7479) to work on /opt/airflow/dags/weather_etl_v2.py
[2025-10-13T10:23:10.092+0000] {processor.py:830} INFO - Processing file /opt/airflow/dags/weather_etl_v2.py for tasks to queue
[2025-10-13T10:23:10.098+0000] {logging_mixin.py:188} INFO - [2025-10-13T10:23:10.096+0000] {dagbag.py:540} INFO - Filling up the DagBag from /opt/airflow/dags/weather_etl_v2.py
[2025-10-13T10:23:10.201+0000] {processor.py:840} INFO - DAG(s) 'weather_etl_v2' retrieved from /opt/airflow/dags/weather_etl_v2.py
[2025-10-13T10:23:10.352+0000] {logging_mixin.py:188} INFO - [2025-10-13T10:23:10.352+0000] {dag.py:3047} INFO - Sync 1 DAGs
[2025-10-13T10:23:10.424+0000] {logging_mixin.py:188} INFO - [2025-10-13T10:23:10.423+0000] {dag.py:3834} INFO - Setting next_dagrun for weather_etl_v2 to 2025-10-12 22:00:00+00:00, run_after=2025-10-13 22:00:00+00:00
[2025-10-13T10:23:10.496+0000] {processor.py:183} INFO - Processing /opt/airflow/dags/weather_etl_v2.py took 0.427 seconds
[2025-10-13T10:23:41.017+0000] {processor.py:161} INFO - Started process (PID=7494) to work on /opt/airflow/dags/weather_etl_v2.py
[2025-10-13T10:23:41.020+0000] {processor.py:830} INFO - Processing file /opt/airflow/dags/weather_etl_v2.py for tasks to queue
[2025-10-13T10:23:41.023+0000] {logging_mixin.py:188} INFO - [2025-10-13T10:23:41.022+0000] {dagbag.py:540} INFO - Filling up the DagBag from /opt/airflow/dags/weather_etl_v2.py
[2025-10-13T10:23:41.070+0000] {processor.py:840} INFO - DAG(s) 'weather_etl_v2' retrieved from /opt/airflow/dags/weather_etl_v2.py
[2025-10-13T10:23:41.163+0000] {logging_mixin.py:188} INFO - [2025-10-13T10:23:41.162+0000] {dag.py:3047} INFO - Sync 1 DAGs
[2025-10-13T10:23:41.210+0000] {logging_mixin.py:188} INFO - [2025-10-13T10:23:41.210+0000] {dag.py:3834} INFO - Setting next_dagrun for weather_etl_v2 to 2025-10-12 22:00:00+00:00, run_after=2025-10-13 22:00:00+00:00
[2025-10-13T10:23:41.281+0000] {processor.py:183} INFO - Processing /opt/airflow/dags/weather_etl_v2.py took 0.272 seconds
[2025-10-13T10:24:12.057+0000] {processor.py:161} INFO - Started process (PID=7509) to work on /opt/airflow/dags/weather_etl_v2.py
[2025-10-13T10:24:12.059+0000] {processor.py:830} INFO - Processing file /opt/airflow/dags/weather_etl_v2.py for tasks to queue
[2025-10-13T10:24:12.061+0000] {logging_mixin.py:188} INFO - [2025-10-13T10:24:12.060+0000] {dagbag.py:540} INFO - Filling up the DagBag from /opt/airflow/dags/weather_etl_v2.py
[2025-10-13T10:24:12.098+0000] {processor.py:840} INFO - DAG(s) 'weather_etl_v2' retrieved from /opt/airflow/dags/weather_etl_v2.py
[2025-10-13T10:24:12.196+0000] {logging_mixin.py:188} INFO - [2025-10-13T10:24:12.196+0000] {dag.py:3047} INFO - Sync 1 DAGs
[2025-10-13T10:24:12.257+0000] {logging_mixin.py:188} INFO - [2025-10-13T10:24:12.257+0000] {dag.py:3834} INFO - Setting next_dagrun for weather_etl_v2 to 2025-10-12 22:00:00+00:00, run_after=2025-10-13 22:00:00+00:00
[2025-10-13T10:24:12.313+0000] {processor.py:183} INFO - Processing /opt/airflow/dags/weather_etl_v2.py took 0.259 seconds
[2025-10-13T10:24:42.940+0000] {processor.py:161} INFO - Started process (PID=7524) to work on /opt/airflow/dags/weather_etl_v2.py
[2025-10-13T10:24:42.942+0000] {processor.py:830} INFO - Processing file /opt/airflow/dags/weather_etl_v2.py for tasks to queue
[2025-10-13T10:24:42.943+0000] {logging_mixin.py:188} INFO - [2025-10-13T10:24:42.943+0000] {dagbag.py:540} INFO - Filling up the DagBag from /opt/airflow/dags/weather_etl_v2.py
[2025-10-13T10:24:42.983+0000] {processor.py:840} INFO - DAG(s) 'weather_etl_v2' retrieved from /opt/airflow/dags/weather_etl_v2.py
[2025-10-13T10:24:43.074+0000] {logging_mixin.py:188} INFO - [2025-10-13T10:24:43.073+0000] {dag.py:3047} INFO - Sync 1 DAGs
[2025-10-13T10:24:43.133+0000] {logging_mixin.py:188} INFO - [2025-10-13T10:24:43.133+0000] {dag.py:3834} INFO - Setting next_dagrun for weather_etl_v2 to 2025-10-12 22:00:00+00:00, run_after=2025-10-13 22:00:00+00:00
[2025-10-13T10:24:43.220+0000] {processor.py:183} INFO - Processing /opt/airflow/dags/weather_etl_v2.py took 0.285 seconds
[2025-10-13T10:25:13.403+0000] {processor.py:161} INFO - Started process (PID=7539) to work on /opt/airflow/dags/weather_etl_v2.py
[2025-10-13T10:25:13.405+0000] {processor.py:830} INFO - Processing file /opt/airflow/dags/weather_etl_v2.py for tasks to queue
[2025-10-13T10:25:13.407+0000] {logging_mixin.py:188} INFO - [2025-10-13T10:25:13.407+0000] {dagbag.py:540} INFO - Filling up the DagBag from /opt/airflow/dags/weather_etl_v2.py
[2025-10-13T10:25:13.454+0000] {processor.py:840} INFO - DAG(s) 'weather_etl_v2' retrieved from /opt/airflow/dags/weather_etl_v2.py
[2025-10-13T10:25:13.534+0000] {logging_mixin.py:188} INFO - [2025-10-13T10:25:13.534+0000] {dag.py:3047} INFO - Sync 1 DAGs
[2025-10-13T10:25:13.588+0000] {logging_mixin.py:188} INFO - [2025-10-13T10:25:13.588+0000] {dag.py:3834} INFO - Setting next_dagrun for weather_etl_v2 to 2025-10-12 22:00:00+00:00, run_after=2025-10-13 22:00:00+00:00
[2025-10-13T10:25:13.679+0000] {processor.py:183} INFO - Processing /opt/airflow/dags/weather_etl_v2.py took 0.282 seconds
[2025-10-13T10:25:44.168+0000] {processor.py:161} INFO - Started process (PID=7554) to work on /opt/airflow/dags/weather_etl_v2.py
[2025-10-13T10:25:44.175+0000] {processor.py:830} INFO - Processing file /opt/airflow/dags/weather_etl_v2.py for tasks to queue
[2025-10-13T10:25:44.179+0000] {logging_mixin.py:188} INFO - [2025-10-13T10:25:44.178+0000] {dagbag.py:540} INFO - Filling up the DagBag from /opt/airflow/dags/weather_etl_v2.py
[2025-10-13T10:25:44.249+0000] {processor.py:840} INFO - DAG(s) 'weather_etl_v2' retrieved from /opt/airflow/dags/weather_etl_v2.py
[2025-10-13T10:25:44.351+0000] {logging_mixin.py:188} INFO - [2025-10-13T10:25:44.351+0000] {dag.py:3047} INFO - Sync 1 DAGs
[2025-10-13T10:25:44.415+0000] {logging_mixin.py:188} INFO - [2025-10-13T10:25:44.414+0000] {dag.py:3834} INFO - Setting next_dagrun for weather_etl_v2 to 2025-10-12 22:00:00+00:00, run_after=2025-10-13 22:00:00+00:00
[2025-10-13T10:25:44.489+0000] {processor.py:183} INFO - Processing /opt/airflow/dags/weather_etl_v2.py took 0.344 seconds
[2025-10-13T10:26:15.152+0000] {processor.py:161} INFO - Started process (PID=7569) to work on /opt/airflow/dags/weather_etl_v2.py
[2025-10-13T10:26:15.155+0000] {processor.py:830} INFO - Processing file /opt/airflow/dags/weather_etl_v2.py for tasks to queue
[2025-10-13T10:26:15.157+0000] {logging_mixin.py:188} INFO - [2025-10-13T10:26:15.157+0000] {dagbag.py:540} INFO - Filling up the DagBag from /opt/airflow/dags/weather_etl_v2.py
[2025-10-13T10:26:15.243+0000] {processor.py:840} INFO - DAG(s) 'weather_etl_v2' retrieved from /opt/airflow/dags/weather_etl_v2.py
[2025-10-13T10:26:15.331+0000] {logging_mixin.py:188} INFO - [2025-10-13T10:26:15.331+0000] {dag.py:3047} INFO - Sync 1 DAGs
[2025-10-13T10:26:15.392+0000] {logging_mixin.py:188} INFO - [2025-10-13T10:26:15.391+0000] {dag.py:3834} INFO - Setting next_dagrun for weather_etl_v2 to 2025-10-12 22:00:00+00:00, run_after=2025-10-13 22:00:00+00:00
[2025-10-13T10:26:15.465+0000] {processor.py:183} INFO - Processing /opt/airflow/dags/weather_etl_v2.py took 0.320 seconds
[2025-10-13T10:26:46.024+0000] {processor.py:161} INFO - Started process (PID=7584) to work on /opt/airflow/dags/weather_etl_v2.py
[2025-10-13T10:26:46.026+0000] {processor.py:830} INFO - Processing file /opt/airflow/dags/weather_etl_v2.py for tasks to queue
[2025-10-13T10:26:46.027+0000] {logging_mixin.py:188} INFO - [2025-10-13T10:26:46.027+0000] {dagbag.py:540} INFO - Filling up the DagBag from /opt/airflow/dags/weather_etl_v2.py
[2025-10-13T10:26:46.060+0000] {processor.py:840} INFO - DAG(s) 'weather_etl_v2' retrieved from /opt/airflow/dags/weather_etl_v2.py
[2025-10-13T10:26:46.164+0000] {logging_mixin.py:188} INFO - [2025-10-13T10:26:46.163+0000] {dag.py:3047} INFO - Sync 1 DAGs
[2025-10-13T10:26:46.224+0000] {logging_mixin.py:188} INFO - [2025-10-13T10:26:46.224+0000] {dag.py:3834} INFO - Setting next_dagrun for weather_etl_v2 to 2025-10-12 22:00:00+00:00, run_after=2025-10-13 22:00:00+00:00
[2025-10-13T10:26:46.281+0000] {processor.py:183} INFO - Processing /opt/airflow/dags/weather_etl_v2.py took 0.260 seconds
[2025-10-13T10:27:17.000+0000] {processor.py:161} INFO - Started process (PID=7599) to work on /opt/airflow/dags/weather_etl_v2.py
[2025-10-13T10:27:17.002+0000] {processor.py:830} INFO - Processing file /opt/airflow/dags/weather_etl_v2.py for tasks to queue
[2025-10-13T10:27:17.005+0000] {logging_mixin.py:188} INFO - [2025-10-13T10:27:17.004+0000] {dagbag.py:540} INFO - Filling up the DagBag from /opt/airflow/dags/weather_etl_v2.py
[2025-10-13T10:27:17.063+0000] {processor.py:840} INFO - DAG(s) 'weather_etl_v2' retrieved from /opt/airflow/dags/weather_etl_v2.py
[2025-10-13T10:27:17.169+0000] {logging_mixin.py:188} INFO - [2025-10-13T10:27:17.169+0000] {dag.py:3047} INFO - Sync 1 DAGs
[2025-10-13T10:27:17.247+0000] {logging_mixin.py:188} INFO - [2025-10-13T10:27:17.247+0000] {dag.py:3834} INFO - Setting next_dagrun for weather_etl_v2 to 2025-10-12 22:00:00+00:00, run_after=2025-10-13 22:00:00+00:00
[2025-10-13T10:27:17.339+0000] {processor.py:183} INFO - Processing /opt/airflow/dags/weather_etl_v2.py took 0.344 seconds
[2025-10-13T10:27:47.939+0000] {processor.py:161} INFO - Started process (PID=7614) to work on /opt/airflow/dags/weather_etl_v2.py
[2025-10-13T10:27:47.941+0000] {processor.py:830} INFO - Processing file /opt/airflow/dags/weather_etl_v2.py for tasks to queue
[2025-10-13T10:27:47.944+0000] {logging_mixin.py:188} INFO - [2025-10-13T10:27:47.943+0000] {dagbag.py:540} INFO - Filling up the DagBag from /opt/airflow/dags/weather_etl_v2.py
[2025-10-13T10:27:47.988+0000] {processor.py:840} INFO - DAG(s) 'weather_etl_v2' retrieved from /opt/airflow/dags/weather_etl_v2.py
[2025-10-13T10:27:48.067+0000] {logging_mixin.py:188} INFO - [2025-10-13T10:27:48.066+0000] {dag.py:3047} INFO - Sync 1 DAGs
[2025-10-13T10:27:48.213+0000] {logging_mixin.py:188} INFO - [2025-10-13T10:27:48.212+0000] {dag.py:3834} INFO - Setting next_dagrun for weather_etl_v2 to 2025-10-12 22:00:00+00:00, run_after=2025-10-13 22:00:00+00:00
[2025-10-13T10:27:48.363+0000] {processor.py:183} INFO - Processing /opt/airflow/dags/weather_etl_v2.py took 0.429 seconds
[2025-10-13T10:28:18.993+0000] {processor.py:161} INFO - Started process (PID=7629) to work on /opt/airflow/dags/weather_etl_v2.py
[2025-10-13T10:28:18.996+0000] {processor.py:830} INFO - Processing file /opt/airflow/dags/weather_etl_v2.py for tasks to queue
[2025-10-13T10:28:19.000+0000] {logging_mixin.py:188} INFO - [2025-10-13T10:28:18.999+0000] {dagbag.py:540} INFO - Filling up the DagBag from /opt/airflow/dags/weather_etl_v2.py
[2025-10-13T10:28:19.099+0000] {processor.py:840} INFO - DAG(s) 'weather_etl_v2' retrieved from /opt/airflow/dags/weather_etl_v2.py
[2025-10-13T10:28:19.215+0000] {logging_mixin.py:188} INFO - [2025-10-13T10:28:19.214+0000] {dag.py:3047} INFO - Sync 1 DAGs
[2025-10-13T10:28:19.317+0000] {logging_mixin.py:188} INFO - [2025-10-13T10:28:19.316+0000] {dag.py:3834} INFO - Setting next_dagrun for weather_etl_v2 to 2025-10-12 22:00:00+00:00, run_after=2025-10-13 22:00:00+00:00
[2025-10-13T10:28:19.438+0000] {processor.py:183} INFO - Processing /opt/airflow/dags/weather_etl_v2.py took 0.454 seconds
[2025-10-13T10:28:49.677+0000] {processor.py:161} INFO - Started process (PID=7644) to work on /opt/airflow/dags/weather_etl_v2.py
[2025-10-13T10:28:49.679+0000] {processor.py:830} INFO - Processing file /opt/airflow/dags/weather_etl_v2.py for tasks to queue
[2025-10-13T10:28:49.682+0000] {logging_mixin.py:188} INFO - [2025-10-13T10:28:49.681+0000] {dagbag.py:540} INFO - Filling up the DagBag from /opt/airflow/dags/weather_etl_v2.py
[2025-10-13T10:28:49.719+0000] {processor.py:840} INFO - DAG(s) 'weather_etl_v2' retrieved from /opt/airflow/dags/weather_etl_v2.py
[2025-10-13T10:28:49.793+0000] {logging_mixin.py:188} INFO - [2025-10-13T10:28:49.792+0000] {dag.py:3047} INFO - Sync 1 DAGs
[2025-10-13T10:28:49.846+0000] {logging_mixin.py:188} INFO - [2025-10-13T10:28:49.845+0000] {dag.py:3834} INFO - Setting next_dagrun for weather_etl_v2 to 2025-10-12 22:00:00+00:00, run_after=2025-10-13 22:00:00+00:00
[2025-10-13T10:28:49.910+0000] {processor.py:183} INFO - Processing /opt/airflow/dags/weather_etl_v2.py took 0.239 seconds
[2025-10-13T10:29:20.181+0000] {processor.py:161} INFO - Started process (PID=7659) to work on /opt/airflow/dags/weather_etl_v2.py
[2025-10-13T10:29:20.183+0000] {processor.py:830} INFO - Processing file /opt/airflow/dags/weather_etl_v2.py for tasks to queue
[2025-10-13T10:29:20.186+0000] {logging_mixin.py:188} INFO - [2025-10-13T10:29:20.185+0000] {dagbag.py:540} INFO - Filling up the DagBag from /opt/airflow/dags/weather_etl_v2.py
[2025-10-13T10:29:20.229+0000] {processor.py:840} INFO - DAG(s) 'weather_etl_v2' retrieved from /opt/airflow/dags/weather_etl_v2.py
[2025-10-13T10:29:20.321+0000] {logging_mixin.py:188} INFO - [2025-10-13T10:29:20.320+0000] {dag.py:3047} INFO - Sync 1 DAGs
[2025-10-13T10:29:20.379+0000] {logging_mixin.py:188} INFO - [2025-10-13T10:29:20.378+0000] {dag.py:3834} INFO - Setting next_dagrun for weather_etl_v2 to 2025-10-12 22:00:00+00:00, run_after=2025-10-13 22:00:00+00:00
[2025-10-13T10:29:20.444+0000] {processor.py:183} INFO - Processing /opt/airflow/dags/weather_etl_v2.py took 0.271 seconds
[2025-10-13T10:29:50.758+0000] {processor.py:161} INFO - Started process (PID=7674) to work on /opt/airflow/dags/weather_etl_v2.py
[2025-10-13T10:29:50.760+0000] {processor.py:830} INFO - Processing file /opt/airflow/dags/weather_etl_v2.py for tasks to queue
[2025-10-13T10:29:50.763+0000] {logging_mixin.py:188} INFO - [2025-10-13T10:29:50.762+0000] {dagbag.py:540} INFO - Filling up the DagBag from /opt/airflow/dags/weather_etl_v2.py
[2025-10-13T10:29:50.805+0000] {processor.py:840} INFO - DAG(s) 'weather_etl_v2' retrieved from /opt/airflow/dags/weather_etl_v2.py
[2025-10-13T10:29:50.891+0000] {logging_mixin.py:188} INFO - [2025-10-13T10:29:50.890+0000] {dag.py:3047} INFO - Sync 1 DAGs
[2025-10-13T10:29:50.964+0000] {logging_mixin.py:188} INFO - [2025-10-13T10:29:50.963+0000] {dag.py:3834} INFO - Setting next_dagrun for weather_etl_v2 to 2025-10-12 22:00:00+00:00, run_after=2025-10-13 22:00:00+00:00
[2025-10-13T10:29:51.031+0000] {processor.py:183} INFO - Processing /opt/airflow/dags/weather_etl_v2.py took 0.280 seconds
[2025-10-13T10:30:21.371+0000] {processor.py:161} INFO - Started process (PID=7689) to work on /opt/airflow/dags/weather_etl_v2.py
[2025-10-13T10:30:21.374+0000] {processor.py:830} INFO - Processing file /opt/airflow/dags/weather_etl_v2.py for tasks to queue
[2025-10-13T10:30:21.377+0000] {logging_mixin.py:188} INFO - [2025-10-13T10:30:21.376+0000] {dagbag.py:540} INFO - Filling up the DagBag from /opt/airflow/dags/weather_etl_v2.py
[2025-10-13T10:30:21.424+0000] {processor.py:840} INFO - DAG(s) 'weather_etl_v2' retrieved from /opt/airflow/dags/weather_etl_v2.py
[2025-10-13T10:30:21.521+0000] {logging_mixin.py:188} INFO - [2025-10-13T10:30:21.521+0000] {dag.py:3047} INFO - Sync 1 DAGs
[2025-10-13T10:30:21.590+0000] {logging_mixin.py:188} INFO - [2025-10-13T10:30:21.589+0000] {dag.py:3834} INFO - Setting next_dagrun for weather_etl_v2 to 2025-10-12 22:00:00+00:00, run_after=2025-10-13 22:00:00+00:00
[2025-10-13T10:30:21.690+0000] {processor.py:183} INFO - Processing /opt/airflow/dags/weather_etl_v2.py took 0.325 seconds
[2025-10-13T10:30:51.905+0000] {processor.py:161} INFO - Started process (PID=7704) to work on /opt/airflow/dags/weather_etl_v2.py
[2025-10-13T10:30:51.907+0000] {processor.py:830} INFO - Processing file /opt/airflow/dags/weather_etl_v2.py for tasks to queue
[2025-10-13T10:30:51.909+0000] {logging_mixin.py:188} INFO - [2025-10-13T10:30:51.908+0000] {dagbag.py:540} INFO - Filling up the DagBag from /opt/airflow/dags/weather_etl_v2.py
[2025-10-13T10:30:51.951+0000] {processor.py:840} INFO - DAG(s) 'weather_etl_v2' retrieved from /opt/airflow/dags/weather_etl_v2.py
[2025-10-13T10:30:52.060+0000] {logging_mixin.py:188} INFO - [2025-10-13T10:30:52.059+0000] {dag.py:3047} INFO - Sync 1 DAGs
[2025-10-13T10:30:52.113+0000] {logging_mixin.py:188} INFO - [2025-10-13T10:30:52.113+0000] {dag.py:3834} INFO - Setting next_dagrun for weather_etl_v2 to 2025-10-12 22:00:00+00:00, run_after=2025-10-13 22:00:00+00:00
[2025-10-13T10:30:52.181+0000] {processor.py:183} INFO - Processing /opt/airflow/dags/weather_etl_v2.py took 0.281 seconds
[2025-10-13T10:31:22.602+0000] {processor.py:161} INFO - Started process (PID=7719) to work on /opt/airflow/dags/weather_etl_v2.py
[2025-10-13T10:31:22.606+0000] {processor.py:830} INFO - Processing file /opt/airflow/dags/weather_etl_v2.py for tasks to queue
[2025-10-13T10:31:22.610+0000] {logging_mixin.py:188} INFO - [2025-10-13T10:31:22.610+0000] {dagbag.py:540} INFO - Filling up the DagBag from /opt/airflow/dags/weather_etl_v2.py
[2025-10-13T10:31:22.697+0000] {processor.py:840} INFO - DAG(s) 'weather_etl_v2' retrieved from /opt/airflow/dags/weather_etl_v2.py
[2025-10-13T10:31:22.817+0000] {logging_mixin.py:188} INFO - [2025-10-13T10:31:22.816+0000] {dag.py:3047} INFO - Sync 1 DAGs
[2025-10-13T10:31:22.886+0000] {logging_mixin.py:188} INFO - [2025-10-13T10:31:22.886+0000] {dag.py:3834} INFO - Setting next_dagrun for weather_etl_v2 to 2025-10-12 22:00:00+00:00, run_after=2025-10-13 22:00:00+00:00
[2025-10-13T10:31:22.966+0000] {processor.py:183} INFO - Processing /opt/airflow/dags/weather_etl_v2.py took 0.371 seconds
[2025-10-13T10:31:53.387+0000] {processor.py:161} INFO - Started process (PID=7734) to work on /opt/airflow/dags/weather_etl_v2.py
[2025-10-13T10:31:53.390+0000] {processor.py:830} INFO - Processing file /opt/airflow/dags/weather_etl_v2.py for tasks to queue
[2025-10-13T10:31:53.391+0000] {logging_mixin.py:188} INFO - [2025-10-13T10:31:53.391+0000] {dagbag.py:540} INFO - Filling up the DagBag from /opt/airflow/dags/weather_etl_v2.py
[2025-10-13T10:31:53.429+0000] {processor.py:840} INFO - DAG(s) 'weather_etl_v2' retrieved from /opt/airflow/dags/weather_etl_v2.py
[2025-10-13T10:31:53.519+0000] {logging_mixin.py:188} INFO - [2025-10-13T10:31:53.518+0000] {dag.py:3047} INFO - Sync 1 DAGs
[2025-10-13T10:31:53.605+0000] {logging_mixin.py:188} INFO - [2025-10-13T10:31:53.605+0000] {dag.py:3834} INFO - Setting next_dagrun for weather_etl_v2 to 2025-10-12 22:00:00+00:00, run_after=2025-10-13 22:00:00+00:00
[2025-10-13T10:31:53.685+0000] {processor.py:183} INFO - Processing /opt/airflow/dags/weather_etl_v2.py took 0.302 seconds
[2025-10-13T10:32:24.542+0000] {processor.py:161} INFO - Started process (PID=7749) to work on /opt/airflow/dags/weather_etl_v2.py
[2025-10-13T10:32:24.545+0000] {processor.py:830} INFO - Processing file /opt/airflow/dags/weather_etl_v2.py for tasks to queue
[2025-10-13T10:32:24.547+0000] {logging_mixin.py:188} INFO - [2025-10-13T10:32:24.546+0000] {dagbag.py:540} INFO - Filling up the DagBag from /opt/airflow/dags/weather_etl_v2.py
[2025-10-13T10:32:24.582+0000] {processor.py:840} INFO - DAG(s) 'weather_etl_v2' retrieved from /opt/airflow/dags/weather_etl_v2.py
[2025-10-13T10:32:24.647+0000] {logging_mixin.py:188} INFO - [2025-10-13T10:32:24.647+0000] {dag.py:3047} INFO - Sync 1 DAGs
[2025-10-13T10:32:24.693+0000] {logging_mixin.py:188} INFO - [2025-10-13T10:32:24.692+0000] {dag.py:3834} INFO - Setting next_dagrun for weather_etl_v2 to 2025-10-12 22:00:00+00:00, run_after=2025-10-13 22:00:00+00:00
[2025-10-13T10:32:24.755+0000] {processor.py:183} INFO - Processing /opt/airflow/dags/weather_etl_v2.py took 0.217 seconds
[2025-10-13T10:32:55.455+0000] {processor.py:161} INFO - Started process (PID=7764) to work on /opt/airflow/dags/weather_etl_v2.py
[2025-10-13T10:32:55.457+0000] {processor.py:830} INFO - Processing file /opt/airflow/dags/weather_etl_v2.py for tasks to queue
[2025-10-13T10:32:55.459+0000] {logging_mixin.py:188} INFO - [2025-10-13T10:32:55.458+0000] {dagbag.py:540} INFO - Filling up the DagBag from /opt/airflow/dags/weather_etl_v2.py
[2025-10-13T10:32:55.501+0000] {processor.py:840} INFO - DAG(s) 'weather_etl_v2' retrieved from /opt/airflow/dags/weather_etl_v2.py
[2025-10-13T10:32:55.592+0000] {logging_mixin.py:188} INFO - [2025-10-13T10:32:55.591+0000] {dag.py:3047} INFO - Sync 1 DAGs
[2025-10-13T10:32:55.651+0000] {logging_mixin.py:188} INFO - [2025-10-13T10:32:55.650+0000] {dag.py:3834} INFO - Setting next_dagrun for weather_etl_v2 to 2025-10-12 22:00:00+00:00, run_after=2025-10-13 22:00:00+00:00
[2025-10-13T10:32:55.714+0000] {processor.py:183} INFO - Processing /opt/airflow/dags/weather_etl_v2.py took 0.263 seconds
[2025-10-13T10:33:26.532+0000] {processor.py:161} INFO - Started process (PID=7779) to work on /opt/airflow/dags/weather_etl_v2.py
[2025-10-13T10:33:26.534+0000] {processor.py:830} INFO - Processing file /opt/airflow/dags/weather_etl_v2.py for tasks to queue
[2025-10-13T10:33:26.536+0000] {logging_mixin.py:188} INFO - [2025-10-13T10:33:26.535+0000] {dagbag.py:540} INFO - Filling up the DagBag from /opt/airflow/dags/weather_etl_v2.py
[2025-10-13T10:33:26.581+0000] {processor.py:840} INFO - DAG(s) 'weather_etl_v2' retrieved from /opt/airflow/dags/weather_etl_v2.py
[2025-10-13T10:33:26.673+0000] {logging_mixin.py:188} INFO - [2025-10-13T10:33:26.672+0000] {dag.py:3047} INFO - Sync 1 DAGs
[2025-10-13T10:33:26.732+0000] {logging_mixin.py:188} INFO - [2025-10-13T10:33:26.732+0000] {dag.py:3834} INFO - Setting next_dagrun for weather_etl_v2 to 2025-10-12 22:00:00+00:00, run_after=2025-10-13 22:00:00+00:00
[2025-10-13T10:33:26.827+0000] {processor.py:183} INFO - Processing /opt/airflow/dags/weather_etl_v2.py took 0.299 seconds
[2025-10-13T10:33:57.610+0000] {processor.py:161} INFO - Started process (PID=7794) to work on /opt/airflow/dags/weather_etl_v2.py
[2025-10-13T10:33:57.613+0000] {processor.py:830} INFO - Processing file /opt/airflow/dags/weather_etl_v2.py for tasks to queue
[2025-10-13T10:33:57.618+0000] {logging_mixin.py:188} INFO - [2025-10-13T10:33:57.617+0000] {dagbag.py:540} INFO - Filling up the DagBag from /opt/airflow/dags/weather_etl_v2.py
[2025-10-13T10:33:57.705+0000] {processor.py:840} INFO - DAG(s) 'weather_etl_v2' retrieved from /opt/airflow/dags/weather_etl_v2.py
[2025-10-13T10:33:57.830+0000] {logging_mixin.py:188} INFO - [2025-10-13T10:33:57.830+0000] {dag.py:3047} INFO - Sync 1 DAGs
[2025-10-13T10:33:57.892+0000] {logging_mixin.py:188} INFO - [2025-10-13T10:33:57.892+0000] {dag.py:3834} INFO - Setting next_dagrun for weather_etl_v2 to 2025-10-12 22:00:00+00:00, run_after=2025-10-13 22:00:00+00:00
[2025-10-13T10:33:57.963+0000] {processor.py:183} INFO - Processing /opt/airflow/dags/weather_etl_v2.py took 0.361 seconds
[2025-10-13T10:34:28.834+0000] {processor.py:161} INFO - Started process (PID=7809) to work on /opt/airflow/dags/weather_etl_v2.py
[2025-10-13T10:34:28.838+0000] {processor.py:830} INFO - Processing file /opt/airflow/dags/weather_etl_v2.py for tasks to queue
[2025-10-13T10:34:28.850+0000] {logging_mixin.py:188} INFO - [2025-10-13T10:34:28.849+0000] {dagbag.py:540} INFO - Filling up the DagBag from /opt/airflow/dags/weather_etl_v2.py
[2025-10-13T10:34:29.087+0000] {processor.py:840} INFO - DAG(s) 'weather_etl_v2' retrieved from /opt/airflow/dags/weather_etl_v2.py
[2025-10-13T10:34:29.239+0000] {logging_mixin.py:188} INFO - [2025-10-13T10:34:29.238+0000] {dag.py:3047} INFO - Sync 1 DAGs
[2025-10-13T10:34:29.317+0000] {logging_mixin.py:188} INFO - [2025-10-13T10:34:29.316+0000] {dag.py:3834} INFO - Setting next_dagrun for weather_etl_v2 to 2025-10-12 22:00:00+00:00, run_after=2025-10-13 22:00:00+00:00
[2025-10-13T10:34:29.409+0000] {processor.py:183} INFO - Processing /opt/airflow/dags/weather_etl_v2.py took 0.582 seconds
[2025-10-13T10:35:00.269+0000] {processor.py:161} INFO - Started process (PID=7824) to work on /opt/airflow/dags/weather_etl_v2.py
[2025-10-13T10:35:00.271+0000] {processor.py:830} INFO - Processing file /opt/airflow/dags/weather_etl_v2.py for tasks to queue
[2025-10-13T10:35:00.272+0000] {logging_mixin.py:188} INFO - [2025-10-13T10:35:00.272+0000] {dagbag.py:540} INFO - Filling up the DagBag from /opt/airflow/dags/weather_etl_v2.py
[2025-10-13T10:35:00.305+0000] {processor.py:840} INFO - DAG(s) 'weather_etl_v2' retrieved from /opt/airflow/dags/weather_etl_v2.py
[2025-10-13T10:35:00.400+0000] {logging_mixin.py:188} INFO - [2025-10-13T10:35:00.399+0000] {dag.py:3047} INFO - Sync 1 DAGs
[2025-10-13T10:35:00.473+0000] {logging_mixin.py:188} INFO - [2025-10-13T10:35:00.473+0000] {dag.py:3834} INFO - Setting next_dagrun for weather_etl_v2 to 2025-10-12 22:00:00+00:00, run_after=2025-10-13 22:00:00+00:00
[2025-10-13T10:35:00.541+0000] {processor.py:183} INFO - Processing /opt/airflow/dags/weather_etl_v2.py took 0.276 seconds
[2025-10-13T10:35:31.124+0000] {processor.py:161} INFO - Started process (PID=7839) to work on /opt/airflow/dags/weather_etl_v2.py
[2025-10-13T10:35:31.127+0000] {processor.py:830} INFO - Processing file /opt/airflow/dags/weather_etl_v2.py for tasks to queue
[2025-10-13T10:35:31.129+0000] {logging_mixin.py:188} INFO - [2025-10-13T10:35:31.128+0000] {dagbag.py:540} INFO - Filling up the DagBag from /opt/airflow/dags/weather_etl_v2.py
[2025-10-13T10:35:31.168+0000] {processor.py:840} INFO - DAG(s) 'weather_etl_v2' retrieved from /opt/airflow/dags/weather_etl_v2.py
[2025-10-13T10:35:31.256+0000] {logging_mixin.py:188} INFO - [2025-10-13T10:35:31.256+0000] {dag.py:3047} INFO - Sync 1 DAGs
[2025-10-13T10:35:31.370+0000] {logging_mixin.py:188} INFO - [2025-10-13T10:35:31.370+0000] {dag.py:3834} INFO - Setting next_dagrun for weather_etl_v2 to 2025-10-12 22:00:00+00:00, run_after=2025-10-13 22:00:00+00:00
[2025-10-13T10:35:31.467+0000] {processor.py:183} INFO - Processing /opt/airflow/dags/weather_etl_v2.py took 0.348 seconds
[2025-10-13T10:36:01.852+0000] {processor.py:161} INFO - Started process (PID=7854) to work on /opt/airflow/dags/weather_etl_v2.py
[2025-10-13T10:36:01.854+0000] {processor.py:830} INFO - Processing file /opt/airflow/dags/weather_etl_v2.py for tasks to queue
[2025-10-13T10:36:01.856+0000] {logging_mixin.py:188} INFO - [2025-10-13T10:36:01.855+0000] {dagbag.py:540} INFO - Filling up the DagBag from /opt/airflow/dags/weather_etl_v2.py
[2025-10-13T10:36:01.888+0000] {processor.py:840} INFO - DAG(s) 'weather_etl_v2' retrieved from /opt/airflow/dags/weather_etl_v2.py
[2025-10-13T10:36:01.956+0000] {logging_mixin.py:188} INFO - [2025-10-13T10:36:01.955+0000] {dag.py:3047} INFO - Sync 1 DAGs
[2025-10-13T10:36:02.005+0000] {logging_mixin.py:188} INFO - [2025-10-13T10:36:02.005+0000] {dag.py:3834} INFO - Setting next_dagrun for weather_etl_v2 to 2025-10-12 22:00:00+00:00, run_after=2025-10-13 22:00:00+00:00
[2025-10-13T10:36:02.067+0000] {processor.py:183} INFO - Processing /opt/airflow/dags/weather_etl_v2.py took 0.220 seconds
[2025-10-13T10:36:32.733+0000] {processor.py:161} INFO - Started process (PID=7869) to work on /opt/airflow/dags/weather_etl_v2.py
[2025-10-13T10:36:32.735+0000] {processor.py:830} INFO - Processing file /opt/airflow/dags/weather_etl_v2.py for tasks to queue
[2025-10-13T10:36:32.737+0000] {logging_mixin.py:188} INFO - [2025-10-13T10:36:32.737+0000] {dagbag.py:540} INFO - Filling up the DagBag from /opt/airflow/dags/weather_etl_v2.py
[2025-10-13T10:36:32.781+0000] {processor.py:840} INFO - DAG(s) 'weather_etl_v2' retrieved from /opt/airflow/dags/weather_etl_v2.py
[2025-10-13T10:36:32.857+0000] {logging_mixin.py:188} INFO - [2025-10-13T10:36:32.857+0000] {dag.py:3047} INFO - Sync 1 DAGs
[2025-10-13T10:36:32.919+0000] {logging_mixin.py:188} INFO - [2025-10-13T10:36:32.918+0000] {dag.py:3834} INFO - Setting next_dagrun for weather_etl_v2 to 2025-10-12 22:00:00+00:00, run_after=2025-10-13 22:00:00+00:00
[2025-10-13T10:36:32.991+0000] {processor.py:183} INFO - Processing /opt/airflow/dags/weather_etl_v2.py took 0.264 seconds
[2025-10-13T10:37:03.571+0000] {processor.py:161} INFO - Started process (PID=7884) to work on /opt/airflow/dags/weather_etl_v2.py
[2025-10-13T10:37:03.573+0000] {processor.py:830} INFO - Processing file /opt/airflow/dags/weather_etl_v2.py for tasks to queue
[2025-10-13T10:37:03.574+0000] {logging_mixin.py:188} INFO - [2025-10-13T10:37:03.574+0000] {dagbag.py:540} INFO - Filling up the DagBag from /opt/airflow/dags/weather_etl_v2.py
[2025-10-13T10:37:03.611+0000] {processor.py:840} INFO - DAG(s) 'weather_etl_v2' retrieved from /opt/airflow/dags/weather_etl_v2.py
[2025-10-13T10:37:03.686+0000] {logging_mixin.py:188} INFO - [2025-10-13T10:37:03.685+0000] {dag.py:3047} INFO - Sync 1 DAGs
[2025-10-13T10:37:03.759+0000] {logging_mixin.py:188} INFO - [2025-10-13T10:37:03.759+0000] {dag.py:3834} INFO - Setting next_dagrun for weather_etl_v2 to 2025-10-12 22:00:00+00:00, run_after=2025-10-13 22:00:00+00:00
[2025-10-13T10:37:03.849+0000] {processor.py:183} INFO - Processing /opt/airflow/dags/weather_etl_v2.py took 0.283 seconds
[2025-10-13T10:37:34.904+0000] {processor.py:161} INFO - Started process (PID=7899) to work on /opt/airflow/dags/weather_etl_v2.py
[2025-10-13T10:37:34.907+0000] {processor.py:830} INFO - Processing file /opt/airflow/dags/weather_etl_v2.py for tasks to queue
[2025-10-13T10:37:34.910+0000] {logging_mixin.py:188} INFO - [2025-10-13T10:37:34.910+0000] {dagbag.py:540} INFO - Filling up the DagBag from /opt/airflow/dags/weather_etl_v2.py
[2025-10-13T10:37:34.954+0000] {processor.py:840} INFO - DAG(s) 'weather_etl_v2' retrieved from /opt/airflow/dags/weather_etl_v2.py
[2025-10-13T10:37:35.044+0000] {logging_mixin.py:188} INFO - [2025-10-13T10:37:35.043+0000] {dag.py:3047} INFO - Sync 1 DAGs
[2025-10-13T10:37:35.116+0000] {logging_mixin.py:188} INFO - [2025-10-13T10:37:35.115+0000] {dag.py:3834} INFO - Setting next_dagrun for weather_etl_v2 to 2025-10-12 22:00:00+00:00, run_after=2025-10-13 22:00:00+00:00
[2025-10-13T10:37:35.194+0000] {processor.py:183} INFO - Processing /opt/airflow/dags/weather_etl_v2.py took 0.298 seconds
[2025-10-13T10:38:05.693+0000] {processor.py:161} INFO - Started process (PID=7914) to work on /opt/airflow/dags/weather_etl_v2.py
[2025-10-13T10:38:05.695+0000] {processor.py:830} INFO - Processing file /opt/airflow/dags/weather_etl_v2.py for tasks to queue
[2025-10-13T10:38:05.697+0000] {logging_mixin.py:188} INFO - [2025-10-13T10:38:05.696+0000] {dagbag.py:540} INFO - Filling up the DagBag from /opt/airflow/dags/weather_etl_v2.py
[2025-10-13T10:38:05.736+0000] {processor.py:840} INFO - DAG(s) 'weather_etl_v2' retrieved from /opt/airflow/dags/weather_etl_v2.py
[2025-10-13T10:38:05.833+0000] {logging_mixin.py:188} INFO - [2025-10-13T10:38:05.832+0000] {dag.py:3047} INFO - Sync 1 DAGs
[2025-10-13T10:38:05.896+0000] {logging_mixin.py:188} INFO - [2025-10-13T10:38:05.896+0000] {dag.py:3834} INFO - Setting next_dagrun for weather_etl_v2 to 2025-10-12 22:00:00+00:00, run_after=2025-10-13 22:00:00+00:00
[2025-10-13T10:38:05.974+0000] {processor.py:183} INFO - Processing /opt/airflow/dags/weather_etl_v2.py took 0.286 seconds
[2025-10-13T10:38:36.544+0000] {processor.py:161} INFO - Started process (PID=7929) to work on /opt/airflow/dags/weather_etl_v2.py
[2025-10-13T10:38:36.547+0000] {processor.py:830} INFO - Processing file /opt/airflow/dags/weather_etl_v2.py for tasks to queue
[2025-10-13T10:38:36.550+0000] {logging_mixin.py:188} INFO - [2025-10-13T10:38:36.549+0000] {dagbag.py:540} INFO - Filling up the DagBag from /opt/airflow/dags/weather_etl_v2.py
[2025-10-13T10:38:36.591+0000] {processor.py:840} INFO - DAG(s) 'weather_etl_v2' retrieved from /opt/airflow/dags/weather_etl_v2.py
[2025-10-13T10:38:36.704+0000] {logging_mixin.py:188} INFO - [2025-10-13T10:38:36.704+0000] {dag.py:3047} INFO - Sync 1 DAGs
[2025-10-13T10:38:36.770+0000] {logging_mixin.py:188} INFO - [2025-10-13T10:38:36.769+0000] {dag.py:3834} INFO - Setting next_dagrun for weather_etl_v2 to 2025-10-12 22:00:00+00:00, run_after=2025-10-13 22:00:00+00:00
[2025-10-13T10:38:36.836+0000] {processor.py:183} INFO - Processing /opt/airflow/dags/weather_etl_v2.py took 0.298 seconds
[2025-10-13T10:39:07.406+0000] {processor.py:161} INFO - Started process (PID=7944) to work on /opt/airflow/dags/weather_etl_v2.py
[2025-10-13T10:39:07.408+0000] {processor.py:830} INFO - Processing file /opt/airflow/dags/weather_etl_v2.py for tasks to queue
[2025-10-13T10:39:07.410+0000] {logging_mixin.py:188} INFO - [2025-10-13T10:39:07.409+0000] {dagbag.py:540} INFO - Filling up the DagBag from /opt/airflow/dags/weather_etl_v2.py
[2025-10-13T10:39:07.446+0000] {processor.py:840} INFO - DAG(s) 'weather_etl_v2' retrieved from /opt/airflow/dags/weather_etl_v2.py
[2025-10-13T10:39:07.532+0000] {logging_mixin.py:188} INFO - [2025-10-13T10:39:07.531+0000] {dag.py:3047} INFO - Sync 1 DAGs
[2025-10-13T10:39:07.590+0000] {logging_mixin.py:188} INFO - [2025-10-13T10:39:07.589+0000] {dag.py:3834} INFO - Setting next_dagrun for weather_etl_v2 to 2025-10-12 22:00:00+00:00, run_after=2025-10-13 22:00:00+00:00
[2025-10-13T10:39:07.657+0000] {processor.py:183} INFO - Processing /opt/airflow/dags/weather_etl_v2.py took 0.255 seconds
[2025-10-13T10:39:38.131+0000] {processor.py:161} INFO - Started process (PID=7959) to work on /opt/airflow/dags/weather_etl_v2.py
[2025-10-13T10:39:38.133+0000] {processor.py:830} INFO - Processing file /opt/airflow/dags/weather_etl_v2.py for tasks to queue
[2025-10-13T10:39:38.135+0000] {logging_mixin.py:188} INFO - [2025-10-13T10:39:38.134+0000] {dagbag.py:540} INFO - Filling up the DagBag from /opt/airflow/dags/weather_etl_v2.py
[2025-10-13T10:39:38.185+0000] {processor.py:840} INFO - DAG(s) 'weather_etl_v2' retrieved from /opt/airflow/dags/weather_etl_v2.py
[2025-10-13T10:39:38.295+0000] {logging_mixin.py:188} INFO - [2025-10-13T10:39:38.294+0000] {dag.py:3047} INFO - Sync 1 DAGs
[2025-10-13T10:39:38.375+0000] {logging_mixin.py:188} INFO - [2025-10-13T10:39:38.374+0000] {dag.py:3834} INFO - Setting next_dagrun for weather_etl_v2 to 2025-10-12 22:00:00+00:00, run_after=2025-10-13 22:00:00+00:00
[2025-10-13T10:39:38.447+0000] {processor.py:183} INFO - Processing /opt/airflow/dags/weather_etl_v2.py took 0.321 seconds
[2025-10-13T10:40:09.228+0000] {processor.py:161} INFO - Started process (PID=7974) to work on /opt/airflow/dags/weather_etl_v2.py
[2025-10-13T10:40:09.234+0000] {processor.py:830} INFO - Processing file /opt/airflow/dags/weather_etl_v2.py for tasks to queue
[2025-10-13T10:40:09.243+0000] {logging_mixin.py:188} INFO - [2025-10-13T10:40:09.242+0000] {dagbag.py:540} INFO - Filling up the DagBag from /opt/airflow/dags/weather_etl_v2.py
[2025-10-13T10:40:09.490+0000] {processor.py:840} INFO - DAG(s) 'weather_etl_v2' retrieved from /opt/airflow/dags/weather_etl_v2.py
[2025-10-13T10:40:09.601+0000] {logging_mixin.py:188} INFO - [2025-10-13T10:40:09.600+0000] {dag.py:3047} INFO - Sync 1 DAGs
[2025-10-13T10:40:09.667+0000] {logging_mixin.py:188} INFO - [2025-10-13T10:40:09.666+0000] {dag.py:3834} INFO - Setting next_dagrun for weather_etl_v2 to 2025-10-12 22:00:00+00:00, run_after=2025-10-13 22:00:00+00:00
[2025-10-13T10:40:09.751+0000] {processor.py:183} INFO - Processing /opt/airflow/dags/weather_etl_v2.py took 0.530 seconds
[2025-10-13T10:40:40.787+0000] {processor.py:161} INFO - Started process (PID=7989) to work on /opt/airflow/dags/weather_etl_v2.py
[2025-10-13T10:40:40.788+0000] {processor.py:830} INFO - Processing file /opt/airflow/dags/weather_etl_v2.py for tasks to queue
[2025-10-13T10:40:40.790+0000] {logging_mixin.py:188} INFO - [2025-10-13T10:40:40.790+0000] {dagbag.py:540} INFO - Filling up the DagBag from /opt/airflow/dags/weather_etl_v2.py
[2025-10-13T10:40:40.829+0000] {processor.py:840} INFO - DAG(s) 'weather_etl_v2' retrieved from /opt/airflow/dags/weather_etl_v2.py
[2025-10-13T10:40:40.908+0000] {logging_mixin.py:188} INFO - [2025-10-13T10:40:40.907+0000] {dag.py:3047} INFO - Sync 1 DAGs
[2025-10-13T10:40:40.965+0000] {logging_mixin.py:188} INFO - [2025-10-13T10:40:40.965+0000] {dag.py:3834} INFO - Setting next_dagrun for weather_etl_v2 to 2025-10-12 22:00:00+00:00, run_after=2025-10-13 22:00:00+00:00
[2025-10-13T10:40:41.033+0000] {processor.py:183} INFO - Processing /opt/airflow/dags/weather_etl_v2.py took 0.250 seconds
[2025-10-13T10:41:11.651+0000] {processor.py:161} INFO - Started process (PID=8004) to work on /opt/airflow/dags/weather_etl_v2.py
[2025-10-13T10:41:11.653+0000] {processor.py:830} INFO - Processing file /opt/airflow/dags/weather_etl_v2.py for tasks to queue
[2025-10-13T10:41:11.655+0000] {logging_mixin.py:188} INFO - [2025-10-13T10:41:11.655+0000] {dagbag.py:540} INFO - Filling up the DagBag from /opt/airflow/dags/weather_etl_v2.py
[2025-10-13T10:41:11.699+0000] {processor.py:840} INFO - DAG(s) 'weather_etl_v2' retrieved from /opt/airflow/dags/weather_etl_v2.py
[2025-10-13T10:41:11.804+0000] {logging_mixin.py:188} INFO - [2025-10-13T10:41:11.804+0000] {dag.py:3047} INFO - Sync 1 DAGs
[2025-10-13T10:41:11.865+0000] {logging_mixin.py:188} INFO - [2025-10-13T10:41:11.865+0000] {dag.py:3834} INFO - Setting next_dagrun for weather_etl_v2 to 2025-10-12 22:00:00+00:00, run_after=2025-10-13 22:00:00+00:00
[2025-10-13T10:41:11.937+0000] {processor.py:183} INFO - Processing /opt/airflow/dags/weather_etl_v2.py took 0.291 seconds
[2025-10-13T10:41:42.662+0000] {processor.py:161} INFO - Started process (PID=8019) to work on /opt/airflow/dags/weather_etl_v2.py
[2025-10-13T10:41:42.665+0000] {processor.py:830} INFO - Processing file /opt/airflow/dags/weather_etl_v2.py for tasks to queue
[2025-10-13T10:41:42.667+0000] {logging_mixin.py:188} INFO - [2025-10-13T10:41:42.666+0000] {dagbag.py:540} INFO - Filling up the DagBag from /opt/airflow/dags/weather_etl_v2.py
[2025-10-13T10:41:42.716+0000] {processor.py:840} INFO - DAG(s) 'weather_etl_v2' retrieved from /opt/airflow/dags/weather_etl_v2.py
[2025-10-13T10:41:42.799+0000] {logging_mixin.py:188} INFO - [2025-10-13T10:41:42.798+0000] {dag.py:3047} INFO - Sync 1 DAGs
[2025-10-13T10:41:42.860+0000] {logging_mixin.py:188} INFO - [2025-10-13T10:41:42.860+0000] {dag.py:3834} INFO - Setting next_dagrun for weather_etl_v2 to 2025-10-12 22:00:00+00:00, run_after=2025-10-13 22:00:00+00:00
[2025-10-13T10:41:42.947+0000] {processor.py:183} INFO - Processing /opt/airflow/dags/weather_etl_v2.py took 0.289 seconds
[2025-10-13T10:42:13.666+0000] {processor.py:161} INFO - Started process (PID=8034) to work on /opt/airflow/dags/weather_etl_v2.py
[2025-10-13T10:42:13.669+0000] {processor.py:830} INFO - Processing file /opt/airflow/dags/weather_etl_v2.py for tasks to queue
[2025-10-13T10:42:13.673+0000] {logging_mixin.py:188} INFO - [2025-10-13T10:42:13.672+0000] {dagbag.py:540} INFO - Filling up the DagBag from /opt/airflow/dags/weather_etl_v2.py
[2025-10-13T10:42:13.732+0000] {processor.py:840} INFO - DAG(s) 'weather_etl_v2' retrieved from /opt/airflow/dags/weather_etl_v2.py
[2025-10-13T10:42:13.834+0000] {logging_mixin.py:188} INFO - [2025-10-13T10:42:13.833+0000] {dag.py:3047} INFO - Sync 1 DAGs
[2025-10-13T10:42:13.899+0000] {logging_mixin.py:188} INFO - [2025-10-13T10:42:13.899+0000] {dag.py:3834} INFO - Setting next_dagrun for weather_etl_v2 to 2025-10-12 22:00:00+00:00, run_after=2025-10-13 22:00:00+00:00
[2025-10-13T10:42:13.976+0000] {processor.py:183} INFO - Processing /opt/airflow/dags/weather_etl_v2.py took 0.319 seconds
[2025-10-13T10:42:44.616+0000] {processor.py:161} INFO - Started process (PID=8049) to work on /opt/airflow/dags/weather_etl_v2.py
[2025-10-13T10:42:44.618+0000] {processor.py:830} INFO - Processing file /opt/airflow/dags/weather_etl_v2.py for tasks to queue
[2025-10-13T10:42:44.619+0000] {logging_mixin.py:188} INFO - [2025-10-13T10:42:44.619+0000] {dagbag.py:540} INFO - Filling up the DagBag from /opt/airflow/dags/weather_etl_v2.py
[2025-10-13T10:42:44.668+0000] {processor.py:840} INFO - DAG(s) 'weather_etl_v2' retrieved from /opt/airflow/dags/weather_etl_v2.py
[2025-10-13T10:42:44.775+0000] {logging_mixin.py:188} INFO - [2025-10-13T10:42:44.774+0000] {dag.py:3047} INFO - Sync 1 DAGs
[2025-10-13T10:42:44.983+0000] {logging_mixin.py:188} INFO - [2025-10-13T10:42:44.982+0000] {dag.py:3834} INFO - Setting next_dagrun for weather_etl_v2 to 2025-10-12 22:00:00+00:00, run_after=2025-10-13 22:00:00+00:00
[2025-10-13T10:42:45.119+0000] {processor.py:183} INFO - Processing /opt/airflow/dags/weather_etl_v2.py took 0.508 seconds
[2025-10-13T10:43:15.720+0000] {processor.py:161} INFO - Started process (PID=8064) to work on /opt/airflow/dags/weather_etl_v2.py
[2025-10-13T10:43:15.722+0000] {processor.py:830} INFO - Processing file /opt/airflow/dags/weather_etl_v2.py for tasks to queue
[2025-10-13T10:43:15.724+0000] {logging_mixin.py:188} INFO - [2025-10-13T10:43:15.723+0000] {dagbag.py:540} INFO - Filling up the DagBag from /opt/airflow/dags/weather_etl_v2.py
[2025-10-13T10:43:15.766+0000] {processor.py:840} INFO - DAG(s) 'weather_etl_v2' retrieved from /opt/airflow/dags/weather_etl_v2.py
[2025-10-13T10:43:15.854+0000] {logging_mixin.py:188} INFO - [2025-10-13T10:43:15.853+0000] {dag.py:3047} INFO - Sync 1 DAGs
[2025-10-13T10:43:15.918+0000] {logging_mixin.py:188} INFO - [2025-10-13T10:43:15.918+0000] {dag.py:3834} INFO - Setting next_dagrun for weather_etl_v2 to 2025-10-12 22:00:00+00:00, run_after=2025-10-13 22:00:00+00:00
[2025-10-13T10:43:15.987+0000] {processor.py:183} INFO - Processing /opt/airflow/dags/weather_etl_v2.py took 0.270 seconds
[2025-10-13T10:43:46.999+0000] {processor.py:161} INFO - Started process (PID=8079) to work on /opt/airflow/dags/weather_etl_v2.py
[2025-10-13T10:43:47.001+0000] {processor.py:830} INFO - Processing file /opt/airflow/dags/weather_etl_v2.py for tasks to queue
[2025-10-13T10:43:47.003+0000] {logging_mixin.py:188} INFO - [2025-10-13T10:43:47.002+0000] {dagbag.py:540} INFO - Filling up the DagBag from /opt/airflow/dags/weather_etl_v2.py
[2025-10-13T10:43:47.055+0000] {processor.py:840} INFO - DAG(s) 'weather_etl_v2' retrieved from /opt/airflow/dags/weather_etl_v2.py
[2025-10-13T10:43:47.169+0000] {logging_mixin.py:188} INFO - [2025-10-13T10:43:47.168+0000] {dag.py:3047} INFO - Sync 1 DAGs
[2025-10-13T10:43:47.258+0000] {logging_mixin.py:188} INFO - [2025-10-13T10:43:47.257+0000] {dag.py:3834} INFO - Setting next_dagrun for weather_etl_v2 to 2025-10-12 22:00:00+00:00, run_after=2025-10-13 22:00:00+00:00
[2025-10-13T10:43:47.331+0000] {processor.py:183} INFO - Processing /opt/airflow/dags/weather_etl_v2.py took 0.336 seconds
[2025-10-13T10:44:18.228+0000] {processor.py:161} INFO - Started process (PID=8094) to work on /opt/airflow/dags/weather_etl_v2.py
[2025-10-13T10:44:18.229+0000] {processor.py:830} INFO - Processing file /opt/airflow/dags/weather_etl_v2.py for tasks to queue
[2025-10-13T10:44:18.232+0000] {logging_mixin.py:188} INFO - [2025-10-13T10:44:18.231+0000] {dagbag.py:540} INFO - Filling up the DagBag from /opt/airflow/dags/weather_etl_v2.py
[2025-10-13T10:44:18.271+0000] {processor.py:840} INFO - DAG(s) 'weather_etl_v2' retrieved from /opt/airflow/dags/weather_etl_v2.py
[2025-10-13T10:44:18.354+0000] {logging_mixin.py:188} INFO - [2025-10-13T10:44:18.354+0000] {dag.py:3047} INFO - Sync 1 DAGs
[2025-10-13T10:44:18.409+0000] {logging_mixin.py:188} INFO - [2025-10-13T10:44:18.408+0000] {dag.py:3834} INFO - Setting next_dagrun for weather_etl_v2 to 2025-10-12 22:00:00+00:00, run_after=2025-10-13 22:00:00+00:00
[2025-10-13T10:44:18.476+0000] {processor.py:183} INFO - Processing /opt/airflow/dags/weather_etl_v2.py took 0.253 seconds
[2025-10-13T10:44:49.227+0000] {processor.py:161} INFO - Started process (PID=8109) to work on /opt/airflow/dags/weather_etl_v2.py
[2025-10-13T10:44:49.229+0000] {processor.py:830} INFO - Processing file /opt/airflow/dags/weather_etl_v2.py for tasks to queue
[2025-10-13T10:44:49.230+0000] {logging_mixin.py:188} INFO - [2025-10-13T10:44:49.230+0000] {dagbag.py:540} INFO - Filling up the DagBag from /opt/airflow/dags/weather_etl_v2.py
[2025-10-13T10:44:49.287+0000] {processor.py:840} INFO - DAG(s) 'weather_etl_v2' retrieved from /opt/airflow/dags/weather_etl_v2.py
[2025-10-13T10:44:49.619+0000] {logging_mixin.py:188} INFO - [2025-10-13T10:44:49.619+0000] {dag.py:3047} INFO - Sync 1 DAGs
[2025-10-13T10:44:49.681+0000] {logging_mixin.py:188} INFO - [2025-10-13T10:44:49.681+0000] {dag.py:3834} INFO - Setting next_dagrun for weather_etl_v2 to 2025-10-12 22:00:00+00:00, run_after=2025-10-13 22:00:00+00:00
[2025-10-13T10:44:49.759+0000] {processor.py:183} INFO - Processing /opt/airflow/dags/weather_etl_v2.py took 0.536 seconds
[2025-10-13T10:45:19.934+0000] {processor.py:161} INFO - Started process (PID=8124) to work on /opt/airflow/dags/weather_etl_v2.py
[2025-10-13T10:45:19.936+0000] {processor.py:830} INFO - Processing file /opt/airflow/dags/weather_etl_v2.py for tasks to queue
[2025-10-13T10:45:19.938+0000] {logging_mixin.py:188} INFO - [2025-10-13T10:45:19.937+0000] {dagbag.py:540} INFO - Filling up the DagBag from /opt/airflow/dags/weather_etl_v2.py
[2025-10-13T10:45:19.981+0000] {processor.py:840} INFO - DAG(s) 'weather_etl_v2' retrieved from /opt/airflow/dags/weather_etl_v2.py
[2025-10-13T10:45:20.083+0000] {logging_mixin.py:188} INFO - [2025-10-13T10:45:20.083+0000] {dag.py:3047} INFO - Sync 1 DAGs
[2025-10-13T10:45:20.145+0000] {logging_mixin.py:188} INFO - [2025-10-13T10:45:20.145+0000] {dag.py:3834} INFO - Setting next_dagrun for weather_etl_v2 to 2025-10-12 22:00:00+00:00, run_after=2025-10-13 22:00:00+00:00
[2025-10-13T10:45:20.212+0000] {processor.py:183} INFO - Processing /opt/airflow/dags/weather_etl_v2.py took 0.282 seconds
[2025-10-13T10:45:50.825+0000] {processor.py:161} INFO - Started process (PID=8139) to work on /opt/airflow/dags/weather_etl_v2.py
[2025-10-13T10:45:50.826+0000] {processor.py:830} INFO - Processing file /opt/airflow/dags/weather_etl_v2.py for tasks to queue
[2025-10-13T10:45:50.828+0000] {logging_mixin.py:188} INFO - [2025-10-13T10:45:50.828+0000] {dagbag.py:540} INFO - Filling up the DagBag from /opt/airflow/dags/weather_etl_v2.py
[2025-10-13T10:45:50.878+0000] {processor.py:840} INFO - DAG(s) 'weather_etl_v2' retrieved from /opt/airflow/dags/weather_etl_v2.py
[2025-10-13T10:45:50.967+0000] {logging_mixin.py:188} INFO - [2025-10-13T10:45:50.966+0000] {dag.py:3047} INFO - Sync 1 DAGs
[2025-10-13T10:45:51.025+0000] {logging_mixin.py:188} INFO - [2025-10-13T10:45:51.025+0000] {dag.py:3834} INFO - Setting next_dagrun for weather_etl_v2 to 2025-10-12 22:00:00+00:00, run_after=2025-10-13 22:00:00+00:00
[2025-10-13T10:45:51.092+0000] {processor.py:183} INFO - Processing /opt/airflow/dags/weather_etl_v2.py took 0.271 seconds
[2025-10-13T10:46:21.656+0000] {processor.py:161} INFO - Started process (PID=8154) to work on /opt/airflow/dags/weather_etl_v2.py
[2025-10-13T10:46:21.658+0000] {processor.py:830} INFO - Processing file /opt/airflow/dags/weather_etl_v2.py for tasks to queue
[2025-10-13T10:46:21.660+0000] {logging_mixin.py:188} INFO - [2025-10-13T10:46:21.659+0000] {dagbag.py:540} INFO - Filling up the DagBag from /opt/airflow/dags/weather_etl_v2.py
[2025-10-13T10:46:21.697+0000] {processor.py:840} INFO - DAG(s) 'weather_etl_v2' retrieved from /opt/airflow/dags/weather_etl_v2.py
[2025-10-13T10:46:21.776+0000] {logging_mixin.py:188} INFO - [2025-10-13T10:46:21.776+0000] {dag.py:3047} INFO - Sync 1 DAGs
[2025-10-13T10:46:21.835+0000] {logging_mixin.py:188} INFO - [2025-10-13T10:46:21.835+0000] {dag.py:3834} INFO - Setting next_dagrun for weather_etl_v2 to 2025-10-12 22:00:00+00:00, run_after=2025-10-13 22:00:00+00:00
[2025-10-13T10:46:21.928+0000] {processor.py:183} INFO - Processing /opt/airflow/dags/weather_etl_v2.py took 0.275 seconds
[2025-10-13T10:46:52.806+0000] {processor.py:161} INFO - Started process (PID=8169) to work on /opt/airflow/dags/weather_etl_v2.py
[2025-10-13T10:46:52.809+0000] {processor.py:830} INFO - Processing file /opt/airflow/dags/weather_etl_v2.py for tasks to queue
[2025-10-13T10:46:52.811+0000] {logging_mixin.py:188} INFO - [2025-10-13T10:46:52.810+0000] {dagbag.py:540} INFO - Filling up the DagBag from /opt/airflow/dags/weather_etl_v2.py
[2025-10-13T10:46:52.850+0000] {processor.py:840} INFO - DAG(s) 'weather_etl_v2' retrieved from /opt/airflow/dags/weather_etl_v2.py
[2025-10-13T10:46:52.958+0000] {logging_mixin.py:188} INFO - [2025-10-13T10:46:52.957+0000] {dag.py:3047} INFO - Sync 1 DAGs
[2025-10-13T10:46:53.018+0000] {logging_mixin.py:188} INFO - [2025-10-13T10:46:53.017+0000] {dag.py:3834} INFO - Setting next_dagrun for weather_etl_v2 to 2025-10-12 22:00:00+00:00, run_after=2025-10-13 22:00:00+00:00
[2025-10-13T10:46:53.083+0000] {processor.py:183} INFO - Processing /opt/airflow/dags/weather_etl_v2.py took 0.281 seconds
[2025-10-13T10:47:23.624+0000] {processor.py:161} INFO - Started process (PID=8184) to work on /opt/airflow/dags/weather_etl_v2.py
[2025-10-13T10:47:23.627+0000] {processor.py:830} INFO - Processing file /opt/airflow/dags/weather_etl_v2.py for tasks to queue
[2025-10-13T10:47:23.629+0000] {logging_mixin.py:188} INFO - [2025-10-13T10:47:23.629+0000] {dagbag.py:540} INFO - Filling up the DagBag from /opt/airflow/dags/weather_etl_v2.py
[2025-10-13T10:47:23.665+0000] {processor.py:840} INFO - DAG(s) 'weather_etl_v2' retrieved from /opt/airflow/dags/weather_etl_v2.py
[2025-10-13T10:47:23.745+0000] {logging_mixin.py:188} INFO - [2025-10-13T10:47:23.744+0000] {dag.py:3047} INFO - Sync 1 DAGs
[2025-10-13T10:47:23.800+0000] {logging_mixin.py:188} INFO - [2025-10-13T10:47:23.800+0000] {dag.py:3834} INFO - Setting next_dagrun for weather_etl_v2 to 2025-10-12 22:00:00+00:00, run_after=2025-10-13 22:00:00+00:00
[2025-10-13T10:47:23.868+0000] {processor.py:183} INFO - Processing /opt/airflow/dags/weather_etl_v2.py took 0.249 seconds
[2025-10-13T10:47:54.698+0000] {processor.py:161} INFO - Started process (PID=8199) to work on /opt/airflow/dags/weather_etl_v2.py
[2025-10-13T10:47:54.700+0000] {processor.py:830} INFO - Processing file /opt/airflow/dags/weather_etl_v2.py for tasks to queue
[2025-10-13T10:47:54.702+0000] {logging_mixin.py:188} INFO - [2025-10-13T10:47:54.701+0000] {dagbag.py:540} INFO - Filling up the DagBag from /opt/airflow/dags/weather_etl_v2.py
[2025-10-13T10:47:54.762+0000] {processor.py:840} INFO - DAG(s) 'weather_etl_v2' retrieved from /opt/airflow/dags/weather_etl_v2.py
[2025-10-13T10:47:54.854+0000] {logging_mixin.py:188} INFO - [2025-10-13T10:47:54.853+0000] {dag.py:3047} INFO - Sync 1 DAGs
[2025-10-13T10:47:54.901+0000] {logging_mixin.py:188} INFO - [2025-10-13T10:47:54.901+0000] {dag.py:3834} INFO - Setting next_dagrun for weather_etl_v2 to 2025-10-12 22:00:00+00:00, run_after=2025-10-13 22:00:00+00:00
[2025-10-13T10:47:54.955+0000] {processor.py:183} INFO - Processing /opt/airflow/dags/weather_etl_v2.py took 0.272 seconds
[2025-10-13T10:48:25.536+0000] {processor.py:161} INFO - Started process (PID=8214) to work on /opt/airflow/dags/weather_etl_v2.py
[2025-10-13T10:48:25.538+0000] {processor.py:830} INFO - Processing file /opt/airflow/dags/weather_etl_v2.py for tasks to queue
[2025-10-13T10:48:25.540+0000] {logging_mixin.py:188} INFO - [2025-10-13T10:48:25.540+0000] {dagbag.py:540} INFO - Filling up the DagBag from /opt/airflow/dags/weather_etl_v2.py
[2025-10-13T10:48:25.579+0000] {processor.py:840} INFO - DAG(s) 'weather_etl_v2' retrieved from /opt/airflow/dags/weather_etl_v2.py
[2025-10-13T10:48:25.669+0000] {logging_mixin.py:188} INFO - [2025-10-13T10:48:25.668+0000] {dag.py:3047} INFO - Sync 1 DAGs
[2025-10-13T10:48:25.753+0000] {logging_mixin.py:188} INFO - [2025-10-13T10:48:25.753+0000] {dag.py:3834} INFO - Setting next_dagrun for weather_etl_v2 to 2025-10-12 22:00:00+00:00, run_after=2025-10-13 22:00:00+00:00
[2025-10-13T10:48:25.816+0000] {processor.py:183} INFO - Processing /opt/airflow/dags/weather_etl_v2.py took 0.284 seconds
[2025-10-13T10:48:56.762+0000] {processor.py:161} INFO - Started process (PID=8229) to work on /opt/airflow/dags/weather_etl_v2.py
[2025-10-13T10:48:56.764+0000] {processor.py:830} INFO - Processing file /opt/airflow/dags/weather_etl_v2.py for tasks to queue
[2025-10-13T10:48:56.767+0000] {logging_mixin.py:188} INFO - [2025-10-13T10:48:56.766+0000] {dagbag.py:540} INFO - Filling up the DagBag from /opt/airflow/dags/weather_etl_v2.py
[2025-10-13T10:48:56.805+0000] {processor.py:840} INFO - DAG(s) 'weather_etl_v2' retrieved from /opt/airflow/dags/weather_etl_v2.py
[2025-10-13T10:48:56.885+0000] {logging_mixin.py:188} INFO - [2025-10-13T10:48:56.885+0000] {dag.py:3047} INFO - Sync 1 DAGs
[2025-10-13T10:48:56.942+0000] {logging_mixin.py:188} INFO - [2025-10-13T10:48:56.941+0000] {dag.py:3834} INFO - Setting next_dagrun for weather_etl_v2 to 2025-10-12 22:00:00+00:00, run_after=2025-10-13 22:00:00+00:00
[2025-10-13T10:48:57.014+0000] {processor.py:183} INFO - Processing /opt/airflow/dags/weather_etl_v2.py took 0.257 seconds
[2025-10-13T10:49:27.648+0000] {processor.py:161} INFO - Started process (PID=8244) to work on /opt/airflow/dags/weather_etl_v2.py
[2025-10-13T10:49:27.650+0000] {processor.py:830} INFO - Processing file /opt/airflow/dags/weather_etl_v2.py for tasks to queue
[2025-10-13T10:49:27.652+0000] {logging_mixin.py:188} INFO - [2025-10-13T10:49:27.651+0000] {dagbag.py:540} INFO - Filling up the DagBag from /opt/airflow/dags/weather_etl_v2.py
[2025-10-13T10:49:27.687+0000] {processor.py:840} INFO - DAG(s) 'weather_etl_v2' retrieved from /opt/airflow/dags/weather_etl_v2.py
[2025-10-13T10:49:27.773+0000] {logging_mixin.py:188} INFO - [2025-10-13T10:49:27.773+0000] {dag.py:3047} INFO - Sync 1 DAGs
[2025-10-13T10:49:27.825+0000] {logging_mixin.py:188} INFO - [2025-10-13T10:49:27.824+0000] {dag.py:3834} INFO - Setting next_dagrun for weather_etl_v2 to 2025-10-12 22:00:00+00:00, run_after=2025-10-13 22:00:00+00:00
[2025-10-13T10:49:27.897+0000] {processor.py:183} INFO - Processing /opt/airflow/dags/weather_etl_v2.py took 0.255 seconds
[2025-10-13T10:49:58.500+0000] {processor.py:161} INFO - Started process (PID=8259) to work on /opt/airflow/dags/weather_etl_v2.py
[2025-10-13T10:49:58.501+0000] {processor.py:830} INFO - Processing file /opt/airflow/dags/weather_etl_v2.py for tasks to queue
[2025-10-13T10:49:58.503+0000] {logging_mixin.py:188} INFO - [2025-10-13T10:49:58.502+0000] {dagbag.py:540} INFO - Filling up the DagBag from /opt/airflow/dags/weather_etl_v2.py
[2025-10-13T10:49:58.550+0000] {processor.py:840} INFO - DAG(s) 'weather_etl_v2' retrieved from /opt/airflow/dags/weather_etl_v2.py
[2025-10-13T10:49:58.635+0000] {logging_mixin.py:188} INFO - [2025-10-13T10:49:58.635+0000] {dag.py:3047} INFO - Sync 1 DAGs
[2025-10-13T10:49:58.702+0000] {logging_mixin.py:188} INFO - [2025-10-13T10:49:58.702+0000] {dag.py:3834} INFO - Setting next_dagrun for weather_etl_v2 to 2025-10-12 22:00:00+00:00, run_after=2025-10-13 22:00:00+00:00
[2025-10-13T10:49:58.780+0000] {processor.py:183} INFO - Processing /opt/airflow/dags/weather_etl_v2.py took 0.285 seconds
[2025-10-13T10:50:29.198+0000] {processor.py:161} INFO - Started process (PID=8274) to work on /opt/airflow/dags/weather_etl_v2.py
[2025-10-13T10:50:29.200+0000] {processor.py:830} INFO - Processing file /opt/airflow/dags/weather_etl_v2.py for tasks to queue
[2025-10-13T10:50:29.210+0000] {logging_mixin.py:188} INFO - [2025-10-13T10:50:29.209+0000] {dagbag.py:540} INFO - Filling up the DagBag from /opt/airflow/dags/weather_etl_v2.py
[2025-10-13T10:50:29.303+0000] {processor.py:840} INFO - DAG(s) 'weather_etl_v2' retrieved from /opt/airflow/dags/weather_etl_v2.py
[2025-10-13T10:50:29.587+0000] {logging_mixin.py:188} INFO - [2025-10-13T10:50:29.587+0000] {dag.py:3047} INFO - Sync 1 DAGs
[2025-10-13T10:50:29.797+0000] {logging_mixin.py:188} INFO - [2025-10-13T10:50:29.796+0000] {dag.py:3834} INFO - Setting next_dagrun for weather_etl_v2 to 2025-10-12 22:00:00+00:00, run_after=2025-10-13 22:00:00+00:00
[2025-10-13T10:50:29.898+0000] {processor.py:183} INFO - Processing /opt/airflow/dags/weather_etl_v2.py took 0.706 seconds
[2025-10-13T10:51:00.037+0000] {processor.py:161} INFO - Started process (PID=8289) to work on /opt/airflow/dags/weather_etl_v2.py
[2025-10-13T10:51:00.040+0000] {processor.py:830} INFO - Processing file /opt/airflow/dags/weather_etl_v2.py for tasks to queue
[2025-10-13T10:51:00.051+0000] {logging_mixin.py:188} INFO - [2025-10-13T10:51:00.043+0000] {dagbag.py:540} INFO - Filling up the DagBag from /opt/airflow/dags/weather_etl_v2.py
[2025-10-13T10:51:00.134+0000] {processor.py:840} INFO - DAG(s) 'weather_etl_v2' retrieved from /opt/airflow/dags/weather_etl_v2.py
[2025-10-13T10:51:00.229+0000] {logging_mixin.py:188} INFO - [2025-10-13T10:51:00.229+0000] {dag.py:3047} INFO - Sync 1 DAGs
[2025-10-13T10:51:00.324+0000] {logging_mixin.py:188} INFO - [2025-10-13T10:51:00.323+0000] {dag.py:3834} INFO - Setting next_dagrun for weather_etl_v2 to 2025-10-12 22:00:00+00:00, run_after=2025-10-13 22:00:00+00:00
[2025-10-13T10:51:00.408+0000] {processor.py:183} INFO - Processing /opt/airflow/dags/weather_etl_v2.py took 0.376 seconds
[2025-10-13T10:51:30.925+0000] {processor.py:161} INFO - Started process (PID=8304) to work on /opt/airflow/dags/weather_etl_v2.py
[2025-10-13T10:51:30.928+0000] {processor.py:830} INFO - Processing file /opt/airflow/dags/weather_etl_v2.py for tasks to queue
[2025-10-13T10:51:30.929+0000] {logging_mixin.py:188} INFO - [2025-10-13T10:51:30.929+0000] {dagbag.py:540} INFO - Filling up the DagBag from /opt/airflow/dags/weather_etl_v2.py
[2025-10-13T10:51:30.960+0000] {processor.py:840} INFO - DAG(s) 'weather_etl_v2' retrieved from /opt/airflow/dags/weather_etl_v2.py
[2025-10-13T10:51:31.027+0000] {logging_mixin.py:188} INFO - [2025-10-13T10:51:31.027+0000] {dag.py:3047} INFO - Sync 1 DAGs
[2025-10-13T10:51:31.080+0000] {logging_mixin.py:188} INFO - [2025-10-13T10:51:31.080+0000] {dag.py:3834} INFO - Setting next_dagrun for weather_etl_v2 to 2025-10-12 22:00:00+00:00, run_after=2025-10-13 22:00:00+00:00
[2025-10-13T10:51:31.143+0000] {processor.py:183} INFO - Processing /opt/airflow/dags/weather_etl_v2.py took 0.221 seconds
[2025-10-13T10:52:02.056+0000] {processor.py:161} INFO - Started process (PID=8319) to work on /opt/airflow/dags/weather_etl_v2.py
[2025-10-13T10:52:02.058+0000] {processor.py:830} INFO - Processing file /opt/airflow/dags/weather_etl_v2.py for tasks to queue
[2025-10-13T10:52:02.061+0000] {logging_mixin.py:188} INFO - [2025-10-13T10:52:02.060+0000] {dagbag.py:540} INFO - Filling up the DagBag from /opt/airflow/dags/weather_etl_v2.py
[2025-10-13T10:52:02.101+0000] {processor.py:840} INFO - DAG(s) 'weather_etl_v2' retrieved from /opt/airflow/dags/weather_etl_v2.py
[2025-10-13T10:52:02.202+0000] {logging_mixin.py:188} INFO - [2025-10-13T10:52:02.202+0000] {dag.py:3047} INFO - Sync 1 DAGs
[2025-10-13T10:52:02.270+0000] {logging_mixin.py:188} INFO - [2025-10-13T10:52:02.269+0000] {dag.py:3834} INFO - Setting next_dagrun for weather_etl_v2 to 2025-10-12 22:00:00+00:00, run_after=2025-10-13 22:00:00+00:00
[2025-10-13T10:52:02.341+0000] {processor.py:183} INFO - Processing /opt/airflow/dags/weather_etl_v2.py took 0.289 seconds
[2025-10-13T10:52:32.860+0000] {processor.py:161} INFO - Started process (PID=8334) to work on /opt/airflow/dags/weather_etl_v2.py
[2025-10-13T10:52:32.864+0000] {processor.py:830} INFO - Processing file /opt/airflow/dags/weather_etl_v2.py for tasks to queue
[2025-10-13T10:52:32.867+0000] {logging_mixin.py:188} INFO - [2025-10-13T10:52:32.866+0000] {dagbag.py:540} INFO - Filling up the DagBag from /opt/airflow/dags/weather_etl_v2.py
[2025-10-13T10:52:32.934+0000] {processor.py:840} INFO - DAG(s) 'weather_etl_v2' retrieved from /opt/airflow/dags/weather_etl_v2.py
[2025-10-13T10:52:33.040+0000] {logging_mixin.py:188} INFO - [2025-10-13T10:52:33.039+0000] {dag.py:3047} INFO - Sync 1 DAGs
[2025-10-13T10:52:33.118+0000] {logging_mixin.py:188} INFO - [2025-10-13T10:52:33.117+0000] {dag.py:3834} INFO - Setting next_dagrun for weather_etl_v2 to 2025-10-12 22:00:00+00:00, run_after=2025-10-13 22:00:00+00:00
[2025-10-13T10:52:33.229+0000] {processor.py:183} INFO - Processing /opt/airflow/dags/weather_etl_v2.py took 0.379 seconds
[2025-10-13T10:53:03.367+0000] {processor.py:161} INFO - Started process (PID=8349) to work on /opt/airflow/dags/weather_etl_v2.py
[2025-10-13T10:53:03.371+0000] {processor.py:830} INFO - Processing file /opt/airflow/dags/weather_etl_v2.py for tasks to queue
[2025-10-13T10:53:03.375+0000] {logging_mixin.py:188} INFO - [2025-10-13T10:53:03.374+0000] {dagbag.py:540} INFO - Filling up the DagBag from /opt/airflow/dags/weather_etl_v2.py
[2025-10-13T10:53:03.417+0000] {processor.py:840} INFO - DAG(s) 'weather_etl_v2' retrieved from /opt/airflow/dags/weather_etl_v2.py
[2025-10-13T10:53:03.524+0000] {logging_mixin.py:188} INFO - [2025-10-13T10:53:03.524+0000] {dag.py:3047} INFO - Sync 1 DAGs
[2025-10-13T10:53:03.582+0000] {logging_mixin.py:188} INFO - [2025-10-13T10:53:03.582+0000] {dag.py:3834} INFO - Setting next_dagrun for weather_etl_v2 to 2025-10-12 22:00:00+00:00, run_after=2025-10-13 22:00:00+00:00
[2025-10-13T10:53:03.647+0000] {processor.py:183} INFO - Processing /opt/airflow/dags/weather_etl_v2.py took 0.286 seconds
[2025-10-13T10:53:34.470+0000] {processor.py:161} INFO - Started process (PID=8364) to work on /opt/airflow/dags/weather_etl_v2.py
[2025-10-13T10:53:34.471+0000] {processor.py:830} INFO - Processing file /opt/airflow/dags/weather_etl_v2.py for tasks to queue
[2025-10-13T10:53:34.475+0000] {logging_mixin.py:188} INFO - [2025-10-13T10:53:34.473+0000] {dagbag.py:540} INFO - Filling up the DagBag from /opt/airflow/dags/weather_etl_v2.py
[2025-10-13T10:53:34.536+0000] {processor.py:840} INFO - DAG(s) 'weather_etl_v2' retrieved from /opt/airflow/dags/weather_etl_v2.py
[2025-10-13T10:53:34.659+0000] {logging_mixin.py:188} INFO - [2025-10-13T10:53:34.658+0000] {dag.py:3047} INFO - Sync 1 DAGs
[2025-10-13T10:53:34.749+0000] {logging_mixin.py:188} INFO - [2025-10-13T10:53:34.748+0000] {dag.py:3834} INFO - Setting next_dagrun for weather_etl_v2 to 2025-10-12 22:00:00+00:00, run_after=2025-10-13 22:00:00+00:00
[2025-10-13T10:53:34.837+0000] {processor.py:183} INFO - Processing /opt/airflow/dags/weather_etl_v2.py took 0.371 seconds
[2025-10-13T10:54:05.832+0000] {processor.py:161} INFO - Started process (PID=8379) to work on /opt/airflow/dags/weather_etl_v2.py
[2025-10-13T10:54:05.834+0000] {processor.py:830} INFO - Processing file /opt/airflow/dags/weather_etl_v2.py for tasks to queue
[2025-10-13T10:54:05.837+0000] {logging_mixin.py:188} INFO - [2025-10-13T10:54:05.836+0000] {dagbag.py:540} INFO - Filling up the DagBag from /opt/airflow/dags/weather_etl_v2.py
[2025-10-13T10:54:05.882+0000] {processor.py:840} INFO - DAG(s) 'weather_etl_v2' retrieved from /opt/airflow/dags/weather_etl_v2.py
[2025-10-13T10:54:05.996+0000] {logging_mixin.py:188} INFO - [2025-10-13T10:54:05.995+0000] {dag.py:3047} INFO - Sync 1 DAGs
[2025-10-13T10:54:06.080+0000] {logging_mixin.py:188} INFO - [2025-10-13T10:54:06.079+0000] {dag.py:3834} INFO - Setting next_dagrun for weather_etl_v2 to 2025-10-12 22:00:00+00:00, run_after=2025-10-13 22:00:00+00:00
[2025-10-13T10:54:06.149+0000] {processor.py:183} INFO - Processing /opt/airflow/dags/weather_etl_v2.py took 0.323 seconds
[2025-10-13T10:54:36.731+0000] {processor.py:161} INFO - Started process (PID=8394) to work on /opt/airflow/dags/weather_etl_v2.py
[2025-10-13T10:54:36.733+0000] {processor.py:830} INFO - Processing file /opt/airflow/dags/weather_etl_v2.py for tasks to queue
[2025-10-13T10:54:36.735+0000] {logging_mixin.py:188} INFO - [2025-10-13T10:54:36.735+0000] {dagbag.py:540} INFO - Filling up the DagBag from /opt/airflow/dags/weather_etl_v2.py
[2025-10-13T10:54:36.773+0000] {processor.py:840} INFO - DAG(s) 'weather_etl_v2' retrieved from /opt/airflow/dags/weather_etl_v2.py
[2025-10-13T10:54:36.857+0000] {logging_mixin.py:188} INFO - [2025-10-13T10:54:36.856+0000] {dag.py:3047} INFO - Sync 1 DAGs
[2025-10-13T10:54:36.918+0000] {logging_mixin.py:188} INFO - [2025-10-13T10:54:36.918+0000] {dag.py:3834} INFO - Setting next_dagrun for weather_etl_v2 to 2025-10-12 22:00:00+00:00, run_after=2025-10-13 22:00:00+00:00
[2025-10-13T10:54:37.013+0000] {processor.py:183} INFO - Processing /opt/airflow/dags/weather_etl_v2.py took 0.286 seconds
[2025-10-13T10:55:07.701+0000] {processor.py:161} INFO - Started process (PID=8409) to work on /opt/airflow/dags/weather_etl_v2.py
[2025-10-13T10:55:07.703+0000] {processor.py:830} INFO - Processing file /opt/airflow/dags/weather_etl_v2.py for tasks to queue
[2025-10-13T10:55:07.705+0000] {logging_mixin.py:188} INFO - [2025-10-13T10:55:07.704+0000] {dagbag.py:540} INFO - Filling up the DagBag from /opt/airflow/dags/weather_etl_v2.py
[2025-10-13T10:55:07.738+0000] {processor.py:840} INFO - DAG(s) 'weather_etl_v2' retrieved from /opt/airflow/dags/weather_etl_v2.py
[2025-10-13T10:55:07.797+0000] {logging_mixin.py:188} INFO - [2025-10-13T10:55:07.796+0000] {dag.py:3047} INFO - Sync 1 DAGs
[2025-10-13T10:55:07.840+0000] {logging_mixin.py:188} INFO - [2025-10-13T10:55:07.840+0000] {dag.py:3834} INFO - Setting next_dagrun for weather_etl_v2 to 2025-10-12 22:00:00+00:00, run_after=2025-10-13 22:00:00+00:00
[2025-10-13T10:55:07.903+0000] {processor.py:183} INFO - Processing /opt/airflow/dags/weather_etl_v2.py took 0.205 seconds
[2025-10-13T10:55:38.677+0000] {processor.py:161} INFO - Started process (PID=8424) to work on /opt/airflow/dags/weather_etl_v2.py
[2025-10-13T10:55:38.680+0000] {processor.py:830} INFO - Processing file /opt/airflow/dags/weather_etl_v2.py for tasks to queue
[2025-10-13T10:55:38.683+0000] {logging_mixin.py:188} INFO - [2025-10-13T10:55:38.682+0000] {dagbag.py:540} INFO - Filling up the DagBag from /opt/airflow/dags/weather_etl_v2.py
[2025-10-13T10:55:38.724+0000] {processor.py:840} INFO - DAG(s) 'weather_etl_v2' retrieved from /opt/airflow/dags/weather_etl_v2.py
[2025-10-13T10:55:38.816+0000] {logging_mixin.py:188} INFO - [2025-10-13T10:55:38.815+0000] {dag.py:3047} INFO - Sync 1 DAGs
[2025-10-13T10:55:38.888+0000] {logging_mixin.py:188} INFO - [2025-10-13T10:55:38.887+0000] {dag.py:3834} INFO - Setting next_dagrun for weather_etl_v2 to 2025-10-12 22:00:00+00:00, run_after=2025-10-13 22:00:00+00:00
[2025-10-13T10:55:38.971+0000] {processor.py:183} INFO - Processing /opt/airflow/dags/weather_etl_v2.py took 0.299 seconds
[2025-10-13T10:56:09.563+0000] {processor.py:161} INFO - Started process (PID=8439) to work on /opt/airflow/dags/weather_etl_v2.py
[2025-10-13T10:56:09.569+0000] {processor.py:830} INFO - Processing file /opt/airflow/dags/weather_etl_v2.py for tasks to queue
[2025-10-13T10:56:09.577+0000] {logging_mixin.py:188} INFO - [2025-10-13T10:56:09.573+0000] {dagbag.py:540} INFO - Filling up the DagBag from /opt/airflow/dags/weather_etl_v2.py
[2025-10-13T10:56:09.770+0000] {processor.py:840} INFO - DAG(s) 'weather_etl_v2' retrieved from /opt/airflow/dags/weather_etl_v2.py
[2025-10-13T10:56:10.159+0000] {logging_mixin.py:188} INFO - [2025-10-13T10:56:10.159+0000] {dag.py:3047} INFO - Sync 1 DAGs
[2025-10-13T10:56:10.242+0000] {logging_mixin.py:188} INFO - [2025-10-13T10:56:10.242+0000] {dag.py:3834} INFO - Setting next_dagrun for weather_etl_v2 to 2025-10-12 22:00:00+00:00, run_after=2025-10-13 22:00:00+00:00
[2025-10-13T10:56:10.326+0000] {processor.py:183} INFO - Processing /opt/airflow/dags/weather_etl_v2.py took 0.770 seconds
[2025-10-13T10:56:40.950+0000] {processor.py:161} INFO - Started process (PID=8454) to work on /opt/airflow/dags/weather_etl_v2.py
[2025-10-13T10:56:40.952+0000] {processor.py:830} INFO - Processing file /opt/airflow/dags/weather_etl_v2.py for tasks to queue
[2025-10-13T10:56:40.954+0000] {logging_mixin.py:188} INFO - [2025-10-13T10:56:40.953+0000] {dagbag.py:540} INFO - Filling up the DagBag from /opt/airflow/dags/weather_etl_v2.py
[2025-10-13T10:56:40.992+0000] {processor.py:840} INFO - DAG(s) 'weather_etl_v2' retrieved from /opt/airflow/dags/weather_etl_v2.py
[2025-10-13T10:56:41.099+0000] {logging_mixin.py:188} INFO - [2025-10-13T10:56:41.098+0000] {dag.py:3047} INFO - Sync 1 DAGs
[2025-10-13T10:56:41.186+0000] {logging_mixin.py:188} INFO - [2025-10-13T10:56:41.185+0000] {dag.py:3834} INFO - Setting next_dagrun for weather_etl_v2 to 2025-10-12 22:00:00+00:00, run_after=2025-10-13 22:00:00+00:00
[2025-10-13T10:56:41.266+0000] {processor.py:183} INFO - Processing /opt/airflow/dags/weather_etl_v2.py took 0.322 seconds
[2025-10-13T10:57:12.005+0000] {processor.py:161} INFO - Started process (PID=8469) to work on /opt/airflow/dags/weather_etl_v2.py
[2025-10-13T10:57:12.007+0000] {processor.py:830} INFO - Processing file /opt/airflow/dags/weather_etl_v2.py for tasks to queue
[2025-10-13T10:57:12.009+0000] {logging_mixin.py:188} INFO - [2025-10-13T10:57:12.009+0000] {dagbag.py:540} INFO - Filling up the DagBag from /opt/airflow/dags/weather_etl_v2.py
[2025-10-13T10:57:12.039+0000] {processor.py:840} INFO - DAG(s) 'weather_etl_v2' retrieved from /opt/airflow/dags/weather_etl_v2.py
[2025-10-13T10:57:12.122+0000] {logging_mixin.py:188} INFO - [2025-10-13T10:57:12.122+0000] {dag.py:3047} INFO - Sync 1 DAGs
[2025-10-13T10:57:12.177+0000] {logging_mixin.py:188} INFO - [2025-10-13T10:57:12.177+0000] {dag.py:3834} INFO - Setting next_dagrun for weather_etl_v2 to 2025-10-12 22:00:00+00:00, run_after=2025-10-13 22:00:00+00:00
[2025-10-13T10:57:12.238+0000] {processor.py:183} INFO - Processing /opt/airflow/dags/weather_etl_v2.py took 0.236 seconds
[2025-10-13T10:57:42.814+0000] {processor.py:161} INFO - Started process (PID=8484) to work on /opt/airflow/dags/weather_etl_v2.py
[2025-10-13T10:57:42.816+0000] {processor.py:830} INFO - Processing file /opt/airflow/dags/weather_etl_v2.py for tasks to queue
[2025-10-13T10:57:42.818+0000] {logging_mixin.py:188} INFO - [2025-10-13T10:57:42.818+0000] {dagbag.py:540} INFO - Filling up the DagBag from /opt/airflow/dags/weather_etl_v2.py
[2025-10-13T10:57:42.856+0000] {processor.py:840} INFO - DAG(s) 'weather_etl_v2' retrieved from /opt/airflow/dags/weather_etl_v2.py
[2025-10-13T10:57:42.944+0000] {logging_mixin.py:188} INFO - [2025-10-13T10:57:42.944+0000] {dag.py:3047} INFO - Sync 1 DAGs
[2025-10-13T10:57:43.005+0000] {logging_mixin.py:188} INFO - [2025-10-13T10:57:43.005+0000] {dag.py:3834} INFO - Setting next_dagrun for weather_etl_v2 to 2025-10-12 22:00:00+00:00, run_after=2025-10-13 22:00:00+00:00
[2025-10-13T10:57:43.084+0000] {processor.py:183} INFO - Processing /opt/airflow/dags/weather_etl_v2.py took 0.280 seconds
[2025-10-13T10:58:13.836+0000] {processor.py:161} INFO - Started process (PID=8499) to work on /opt/airflow/dags/weather_etl_v2.py
[2025-10-13T10:58:13.838+0000] {processor.py:830} INFO - Processing file /opt/airflow/dags/weather_etl_v2.py for tasks to queue
[2025-10-13T10:58:13.840+0000] {logging_mixin.py:188} INFO - [2025-10-13T10:58:13.840+0000] {dagbag.py:540} INFO - Filling up the DagBag from /opt/airflow/dags/weather_etl_v2.py
[2025-10-13T10:58:13.878+0000] {processor.py:840} INFO - DAG(s) 'weather_etl_v2' retrieved from /opt/airflow/dags/weather_etl_v2.py
[2025-10-13T10:58:13.971+0000] {logging_mixin.py:188} INFO - [2025-10-13T10:58:13.971+0000] {dag.py:3047} INFO - Sync 1 DAGs
[2025-10-13T10:58:14.039+0000] {logging_mixin.py:188} INFO - [2025-10-13T10:58:14.038+0000] {dag.py:3834} INFO - Setting next_dagrun for weather_etl_v2 to 2025-10-12 22:00:00+00:00, run_after=2025-10-13 22:00:00+00:00
[2025-10-13T10:58:14.112+0000] {processor.py:183} INFO - Processing /opt/airflow/dags/weather_etl_v2.py took 0.289 seconds
[2025-10-13T10:58:44.813+0000] {processor.py:161} INFO - Started process (PID=8514) to work on /opt/airflow/dags/weather_etl_v2.py
[2025-10-13T10:58:44.815+0000] {processor.py:830} INFO - Processing file /opt/airflow/dags/weather_etl_v2.py for tasks to queue
[2025-10-13T10:58:44.817+0000] {logging_mixin.py:188} INFO - [2025-10-13T10:58:44.817+0000] {dagbag.py:540} INFO - Filling up the DagBag from /opt/airflow/dags/weather_etl_v2.py
[2025-10-13T10:58:44.861+0000] {processor.py:840} INFO - DAG(s) 'weather_etl_v2' retrieved from /opt/airflow/dags/weather_etl_v2.py
[2025-10-13T10:58:44.941+0000] {logging_mixin.py:188} INFO - [2025-10-13T10:58:44.941+0000] {dag.py:3047} INFO - Sync 1 DAGs
[2025-10-13T10:58:45.004+0000] {logging_mixin.py:188} INFO - [2025-10-13T10:58:45.004+0000] {dag.py:3834} INFO - Setting next_dagrun for weather_etl_v2 to 2025-10-12 22:00:00+00:00, run_after=2025-10-13 22:00:00+00:00
[2025-10-13T10:58:45.067+0000] {processor.py:183} INFO - Processing /opt/airflow/dags/weather_etl_v2.py took 0.257 seconds
[2025-10-13T10:59:15.726+0000] {processor.py:161} INFO - Started process (PID=8529) to work on /opt/airflow/dags/weather_etl_v2.py
[2025-10-13T10:59:15.734+0000] {processor.py:830} INFO - Processing file /opt/airflow/dags/weather_etl_v2.py for tasks to queue
[2025-10-13T10:59:15.741+0000] {logging_mixin.py:188} INFO - [2025-10-13T10:59:15.740+0000] {dagbag.py:540} INFO - Filling up the DagBag from /opt/airflow/dags/weather_etl_v2.py
[2025-10-13T10:59:15.950+0000] {processor.py:840} INFO - DAG(s) 'weather_etl_v2' retrieved from /opt/airflow/dags/weather_etl_v2.py
[2025-10-13T10:59:16.062+0000] {logging_mixin.py:188} INFO - [2025-10-13T10:59:16.062+0000] {dag.py:3047} INFO - Sync 1 DAGs
[2025-10-13T10:59:16.139+0000] {logging_mixin.py:188} INFO - [2025-10-13T10:59:16.139+0000] {dag.py:3834} INFO - Setting next_dagrun for weather_etl_v2 to 2025-10-12 22:00:00+00:00, run_after=2025-10-13 22:00:00+00:00
[2025-10-13T10:59:16.217+0000] {processor.py:183} INFO - Processing /opt/airflow/dags/weather_etl_v2.py took 0.501 seconds
[2025-10-13T10:59:47.168+0000] {processor.py:161} INFO - Started process (PID=8544) to work on /opt/airflow/dags/weather_etl_v2.py
[2025-10-13T10:59:47.170+0000] {processor.py:830} INFO - Processing file /opt/airflow/dags/weather_etl_v2.py for tasks to queue
[2025-10-13T10:59:47.174+0000] {logging_mixin.py:188} INFO - [2025-10-13T10:59:47.172+0000] {dagbag.py:540} INFO - Filling up the DagBag from /opt/airflow/dags/weather_etl_v2.py
[2025-10-13T10:59:47.219+0000] {processor.py:840} INFO - DAG(s) 'weather_etl_v2' retrieved from /opt/airflow/dags/weather_etl_v2.py
[2025-10-13T10:59:47.317+0000] {logging_mixin.py:188} INFO - [2025-10-13T10:59:47.317+0000] {dag.py:3047} INFO - Sync 1 DAGs
[2025-10-13T10:59:47.374+0000] {logging_mixin.py:188} INFO - [2025-10-13T10:59:47.374+0000] {dag.py:3834} INFO - Setting next_dagrun for weather_etl_v2 to 2025-10-12 22:00:00+00:00, run_after=2025-10-13 22:00:00+00:00
[2025-10-13T10:59:47.444+0000] {processor.py:183} INFO - Processing /opt/airflow/dags/weather_etl_v2.py took 0.279 seconds
[2025-10-13T11:00:18.053+0000] {processor.py:161} INFO - Started process (PID=8559) to work on /opt/airflow/dags/weather_etl_v2.py
[2025-10-13T11:00:18.055+0000] {processor.py:830} INFO - Processing file /opt/airflow/dags/weather_etl_v2.py for tasks to queue
[2025-10-13T11:00:18.058+0000] {logging_mixin.py:188} INFO - [2025-10-13T11:00:18.057+0000] {dagbag.py:540} INFO - Filling up the DagBag from /opt/airflow/dags/weather_etl_v2.py
[2025-10-13T11:00:18.103+0000] {processor.py:840} INFO - DAG(s) 'weather_etl_v2' retrieved from /opt/airflow/dags/weather_etl_v2.py
[2025-10-13T11:00:18.192+0000] {logging_mixin.py:188} INFO - [2025-10-13T11:00:18.192+0000] {dag.py:3047} INFO - Sync 1 DAGs
[2025-10-13T11:00:18.247+0000] {logging_mixin.py:188} INFO - [2025-10-13T11:00:18.247+0000] {dag.py:3834} INFO - Setting next_dagrun for weather_etl_v2 to 2025-10-12 22:00:00+00:00, run_after=2025-10-13 22:00:00+00:00
[2025-10-13T11:00:18.316+0000] {processor.py:183} INFO - Processing /opt/airflow/dags/weather_etl_v2.py took 0.267 seconds
[2025-10-13T11:00:48.725+0000] {processor.py:161} INFO - Started process (PID=8574) to work on /opt/airflow/dags/weather_etl_v2.py
[2025-10-13T11:00:48.728+0000] {processor.py:830} INFO - Processing file /opt/airflow/dags/weather_etl_v2.py for tasks to queue
[2025-10-13T11:00:48.730+0000] {logging_mixin.py:188} INFO - [2025-10-13T11:00:48.729+0000] {dagbag.py:540} INFO - Filling up the DagBag from /opt/airflow/dags/weather_etl_v2.py
[2025-10-13T11:00:48.775+0000] {processor.py:840} INFO - DAG(s) 'weather_etl_v2' retrieved from /opt/airflow/dags/weather_etl_v2.py
[2025-10-13T11:00:48.919+0000] {logging_mixin.py:188} INFO - [2025-10-13T11:00:48.919+0000] {dag.py:3047} INFO - Sync 1 DAGs
[2025-10-13T11:00:49.008+0000] {logging_mixin.py:188} INFO - [2025-10-13T11:00:49.008+0000] {dag.py:3834} INFO - Setting next_dagrun for weather_etl_v2 to 2025-10-12 22:00:00+00:00, run_after=2025-10-13 22:00:00+00:00
[2025-10-13T11:00:49.099+0000] {processor.py:183} INFO - Processing /opt/airflow/dags/weather_etl_v2.py took 0.379 seconds
[2025-10-13T11:01:20.132+0000] {processor.py:161} INFO - Started process (PID=8589) to work on /opt/airflow/dags/weather_etl_v2.py
[2025-10-13T11:01:20.141+0000] {processor.py:830} INFO - Processing file /opt/airflow/dags/weather_etl_v2.py for tasks to queue
[2025-10-13T11:01:20.147+0000] {logging_mixin.py:188} INFO - [2025-10-13T11:01:20.144+0000] {dagbag.py:540} INFO - Filling up the DagBag from /opt/airflow/dags/weather_etl_v2.py
[2025-10-13T11:01:20.290+0000] {processor.py:840} INFO - DAG(s) 'weather_etl_v2' retrieved from /opt/airflow/dags/weather_etl_v2.py
[2025-10-13T11:01:20.508+0000] {logging_mixin.py:188} INFO - [2025-10-13T11:01:20.507+0000] {dag.py:3047} INFO - Sync 1 DAGs
[2025-10-13T11:01:20.591+0000] {logging_mixin.py:188} INFO - [2025-10-13T11:01:20.591+0000] {dag.py:3834} INFO - Setting next_dagrun for weather_etl_v2 to 2025-10-12 22:00:00+00:00, run_after=2025-10-13 22:00:00+00:00
[2025-10-13T11:01:20.659+0000] {processor.py:183} INFO - Processing /opt/airflow/dags/weather_etl_v2.py took 0.538 seconds
[2025-10-13T11:01:51.641+0000] {processor.py:161} INFO - Started process (PID=8604) to work on /opt/airflow/dags/weather_etl_v2.py
[2025-10-13T11:01:51.643+0000] {processor.py:830} INFO - Processing file /opt/airflow/dags/weather_etl_v2.py for tasks to queue
[2025-10-13T11:01:51.646+0000] {logging_mixin.py:188} INFO - [2025-10-13T11:01:51.645+0000] {dagbag.py:540} INFO - Filling up the DagBag from /opt/airflow/dags/weather_etl_v2.py
[2025-10-13T11:01:51.687+0000] {processor.py:840} INFO - DAG(s) 'weather_etl_v2' retrieved from /opt/airflow/dags/weather_etl_v2.py
[2025-10-13T11:01:51.780+0000] {logging_mixin.py:188} INFO - [2025-10-13T11:01:51.779+0000] {dag.py:3047} INFO - Sync 1 DAGs
[2025-10-13T11:01:51.850+0000] {logging_mixin.py:188} INFO - [2025-10-13T11:01:51.849+0000] {dag.py:3834} INFO - Setting next_dagrun for weather_etl_v2 to 2025-10-12 22:00:00+00:00, run_after=2025-10-13 22:00:00+00:00
[2025-10-13T11:01:51.924+0000] {processor.py:183} INFO - Processing /opt/airflow/dags/weather_etl_v2.py took 0.287 seconds
[2025-10-13T11:02:22.566+0000] {processor.py:161} INFO - Started process (PID=8619) to work on /opt/airflow/dags/weather_etl_v2.py
[2025-10-13T11:02:22.568+0000] {processor.py:830} INFO - Processing file /opt/airflow/dags/weather_etl_v2.py for tasks to queue
[2025-10-13T11:02:22.571+0000] {logging_mixin.py:188} INFO - [2025-10-13T11:02:22.570+0000] {dagbag.py:540} INFO - Filling up the DagBag from /opt/airflow/dags/weather_etl_v2.py
[2025-10-13T11:02:22.622+0000] {processor.py:840} INFO - DAG(s) 'weather_etl_v2' retrieved from /opt/airflow/dags/weather_etl_v2.py
[2025-10-13T11:02:22.703+0000] {logging_mixin.py:188} INFO - [2025-10-13T11:02:22.703+0000] {dag.py:3047} INFO - Sync 1 DAGs
[2025-10-13T11:02:22.750+0000] {logging_mixin.py:188} INFO - [2025-10-13T11:02:22.750+0000] {dag.py:3834} INFO - Setting next_dagrun for weather_etl_v2 to 2025-10-12 22:00:00+00:00, run_after=2025-10-13 22:00:00+00:00
[2025-10-13T11:02:22.813+0000] {processor.py:183} INFO - Processing /opt/airflow/dags/weather_etl_v2.py took 0.253 seconds
[2025-10-13T11:02:53.318+0000] {processor.py:161} INFO - Started process (PID=8634) to work on /opt/airflow/dags/weather_etl_v2.py
[2025-10-13T11:02:53.320+0000] {processor.py:830} INFO - Processing file /opt/airflow/dags/weather_etl_v2.py for tasks to queue
[2025-10-13T11:02:53.322+0000] {logging_mixin.py:188} INFO - [2025-10-13T11:02:53.321+0000] {dagbag.py:540} INFO - Filling up the DagBag from /opt/airflow/dags/weather_etl_v2.py
[2025-10-13T11:02:53.356+0000] {processor.py:840} INFO - DAG(s) 'weather_etl_v2' retrieved from /opt/airflow/dags/weather_etl_v2.py
[2025-10-13T11:02:53.437+0000] {logging_mixin.py:188} INFO - [2025-10-13T11:02:53.436+0000] {dag.py:3047} INFO - Sync 1 DAGs
[2025-10-13T11:02:53.491+0000] {logging_mixin.py:188} INFO - [2025-10-13T11:02:53.490+0000] {dag.py:3834} INFO - Setting next_dagrun for weather_etl_v2 to 2025-10-12 22:00:00+00:00, run_after=2025-10-13 22:00:00+00:00
[2025-10-13T11:02:53.560+0000] {processor.py:183} INFO - Processing /opt/airflow/dags/weather_etl_v2.py took 0.246 seconds
[2025-10-13T11:03:24.198+0000] {processor.py:161} INFO - Started process (PID=8649) to work on /opt/airflow/dags/weather_etl_v2.py
[2025-10-13T11:03:24.200+0000] {processor.py:830} INFO - Processing file /opt/airflow/dags/weather_etl_v2.py for tasks to queue
[2025-10-13T11:03:24.202+0000] {logging_mixin.py:188} INFO - [2025-10-13T11:03:24.201+0000] {dagbag.py:540} INFO - Filling up the DagBag from /opt/airflow/dags/weather_etl_v2.py
[2025-10-13T11:03:24.298+0000] {processor.py:840} INFO - DAG(s) 'weather_etl_v2' retrieved from /opt/airflow/dags/weather_etl_v2.py
[2025-10-13T11:03:24.398+0000] {logging_mixin.py:188} INFO - [2025-10-13T11:03:24.397+0000] {dag.py:3047} INFO - Sync 1 DAGs
[2025-10-13T11:03:24.468+0000] {logging_mixin.py:188} INFO - [2025-10-13T11:03:24.467+0000] {dag.py:3834} INFO - Setting next_dagrun for weather_etl_v2 to 2025-10-12 22:00:00+00:00, run_after=2025-10-13 22:00:00+00:00
[2025-10-13T11:03:24.557+0000] {processor.py:183} INFO - Processing /opt/airflow/dags/weather_etl_v2.py took 0.364 seconds
[2025-10-13T11:03:54.727+0000] {processor.py:161} INFO - Started process (PID=8664) to work on /opt/airflow/dags/weather_etl_v2.py
[2025-10-13T11:03:54.730+0000] {processor.py:830} INFO - Processing file /opt/airflow/dags/weather_etl_v2.py for tasks to queue
[2025-10-13T11:03:54.733+0000] {logging_mixin.py:188} INFO - [2025-10-13T11:03:54.732+0000] {dagbag.py:540} INFO - Filling up the DagBag from /opt/airflow/dags/weather_etl_v2.py
[2025-10-13T11:03:54.786+0000] {processor.py:840} INFO - DAG(s) 'weather_etl_v2' retrieved from /opt/airflow/dags/weather_etl_v2.py
[2025-10-13T11:03:54.890+0000] {logging_mixin.py:188} INFO - [2025-10-13T11:03:54.889+0000] {dag.py:3047} INFO - Sync 1 DAGs
[2025-10-13T11:03:54.952+0000] {logging_mixin.py:188} INFO - [2025-10-13T11:03:54.951+0000] {dag.py:3834} INFO - Setting next_dagrun for weather_etl_v2 to 2025-10-12 22:00:00+00:00, run_after=2025-10-13 22:00:00+00:00
[2025-10-13T11:03:55.021+0000] {processor.py:183} INFO - Processing /opt/airflow/dags/weather_etl_v2.py took 0.300 seconds
[2025-10-13T11:04:26.143+0000] {processor.py:161} INFO - Started process (PID=8679) to work on /opt/airflow/dags/weather_etl_v2.py
[2025-10-13T11:04:26.146+0000] {processor.py:830} INFO - Processing file /opt/airflow/dags/weather_etl_v2.py for tasks to queue
[2025-10-13T11:04:26.149+0000] {logging_mixin.py:188} INFO - [2025-10-13T11:04:26.148+0000] {dagbag.py:540} INFO - Filling up the DagBag from /opt/airflow/dags/weather_etl_v2.py
[2025-10-13T11:04:26.235+0000] {processor.py:840} INFO - DAG(s) 'weather_etl_v2' retrieved from /opt/airflow/dags/weather_etl_v2.py
[2025-10-13T11:04:26.482+0000] {logging_mixin.py:188} INFO - [2025-10-13T11:04:26.481+0000] {dag.py:3047} INFO - Sync 1 DAGs
[2025-10-13T11:04:26.555+0000] {logging_mixin.py:188} INFO - [2025-10-13T11:04:26.555+0000] {dag.py:3834} INFO - Setting next_dagrun for weather_etl_v2 to 2025-10-12 22:00:00+00:00, run_after=2025-10-13 22:00:00+00:00
[2025-10-13T11:04:26.629+0000] {processor.py:183} INFO - Processing /opt/airflow/dags/weather_etl_v2.py took 0.497 seconds
[2025-10-13T11:04:56.918+0000] {processor.py:161} INFO - Started process (PID=8694) to work on /opt/airflow/dags/weather_etl_v2.py
[2025-10-13T11:04:56.920+0000] {processor.py:830} INFO - Processing file /opt/airflow/dags/weather_etl_v2.py for tasks to queue
[2025-10-13T11:04:56.923+0000] {logging_mixin.py:188} INFO - [2025-10-13T11:04:56.922+0000] {dagbag.py:540} INFO - Filling up the DagBag from /opt/airflow/dags/weather_etl_v2.py
[2025-10-13T11:04:56.973+0000] {processor.py:840} INFO - DAG(s) 'weather_etl_v2' retrieved from /opt/airflow/dags/weather_etl_v2.py
[2025-10-13T11:04:57.086+0000] {logging_mixin.py:188} INFO - [2025-10-13T11:04:57.086+0000] {dag.py:3047} INFO - Sync 1 DAGs
[2025-10-13T11:04:57.160+0000] {logging_mixin.py:188} INFO - [2025-10-13T11:04:57.160+0000] {dag.py:3834} INFO - Setting next_dagrun for weather_etl_v2 to 2025-10-12 22:00:00+00:00, run_after=2025-10-13 22:00:00+00:00
[2025-10-13T11:04:57.235+0000] {processor.py:183} INFO - Processing /opt/airflow/dags/weather_etl_v2.py took 0.322 seconds
[2025-10-13T11:05:27.938+0000] {processor.py:161} INFO - Started process (PID=8709) to work on /opt/airflow/dags/weather_etl_v2.py
[2025-10-13T11:05:27.940+0000] {processor.py:830} INFO - Processing file /opt/airflow/dags/weather_etl_v2.py for tasks to queue
[2025-10-13T11:05:27.942+0000] {logging_mixin.py:188} INFO - [2025-10-13T11:05:27.942+0000] {dagbag.py:540} INFO - Filling up the DagBag from /opt/airflow/dags/weather_etl_v2.py
[2025-10-13T11:05:27.984+0000] {processor.py:840} INFO - DAG(s) 'weather_etl_v2' retrieved from /opt/airflow/dags/weather_etl_v2.py
[2025-10-13T11:05:28.078+0000] {logging_mixin.py:188} INFO - [2025-10-13T11:05:28.078+0000] {dag.py:3047} INFO - Sync 1 DAGs
[2025-10-13T11:05:28.135+0000] {logging_mixin.py:188} INFO - [2025-10-13T11:05:28.135+0000] {dag.py:3834} INFO - Setting next_dagrun for weather_etl_v2 to 2025-10-12 22:00:00+00:00, run_after=2025-10-13 22:00:00+00:00
[2025-10-13T11:05:28.217+0000] {processor.py:183} INFO - Processing /opt/airflow/dags/weather_etl_v2.py took 0.288 seconds
[2025-10-13T11:05:58.780+0000] {processor.py:161} INFO - Started process (PID=8724) to work on /opt/airflow/dags/weather_etl_v2.py
[2025-10-13T11:05:58.782+0000] {processor.py:830} INFO - Processing file /opt/airflow/dags/weather_etl_v2.py for tasks to queue
[2025-10-13T11:05:58.783+0000] {logging_mixin.py:188} INFO - [2025-10-13T11:05:58.783+0000] {dagbag.py:540} INFO - Filling up the DagBag from /opt/airflow/dags/weather_etl_v2.py
[2025-10-13T11:05:58.811+0000] {processor.py:840} INFO - DAG(s) 'weather_etl_v2' retrieved from /opt/airflow/dags/weather_etl_v2.py
[2025-10-13T11:05:58.877+0000] {logging_mixin.py:188} INFO - [2025-10-13T11:05:58.877+0000] {dag.py:3047} INFO - Sync 1 DAGs
[2025-10-13T11:05:58.920+0000] {logging_mixin.py:188} INFO - [2025-10-13T11:05:58.920+0000] {dag.py:3834} INFO - Setting next_dagrun for weather_etl_v2 to 2025-10-12 22:00:00+00:00, run_after=2025-10-13 22:00:00+00:00
[2025-10-13T11:05:58.980+0000] {processor.py:183} INFO - Processing /opt/airflow/dags/weather_etl_v2.py took 0.204 seconds
[2025-10-13T11:06:29.786+0000] {processor.py:161} INFO - Started process (PID=8739) to work on /opt/airflow/dags/weather_etl_v2.py
[2025-10-13T11:06:29.788+0000] {processor.py:830} INFO - Processing file /opt/airflow/dags/weather_etl_v2.py for tasks to queue
[2025-10-13T11:06:29.790+0000] {logging_mixin.py:188} INFO - [2025-10-13T11:06:29.789+0000] {dagbag.py:540} INFO - Filling up the DagBag from /opt/airflow/dags/weather_etl_v2.py
[2025-10-13T11:06:29.828+0000] {processor.py:840} INFO - DAG(s) 'weather_etl_v2' retrieved from /opt/airflow/dags/weather_etl_v2.py
[2025-10-13T11:06:29.938+0000] {logging_mixin.py:188} INFO - [2025-10-13T11:06:29.938+0000] {dag.py:3047} INFO - Sync 1 DAGs
[2025-10-13T11:06:30.123+0000] {logging_mixin.py:188} INFO - [2025-10-13T11:06:30.123+0000] {dag.py:3834} INFO - Setting next_dagrun for weather_etl_v2 to 2025-10-12 22:00:00+00:00, run_after=2025-10-13 22:00:00+00:00
[2025-10-13T11:06:30.265+0000] {processor.py:183} INFO - Processing /opt/airflow/dags/weather_etl_v2.py took 0.483 seconds
[2025-10-13T11:07:01.329+0000] {processor.py:161} INFO - Started process (PID=8754) to work on /opt/airflow/dags/weather_etl_v2.py
[2025-10-13T11:07:01.332+0000] {processor.py:830} INFO - Processing file /opt/airflow/dags/weather_etl_v2.py for tasks to queue
[2025-10-13T11:07:01.335+0000] {logging_mixin.py:188} INFO - [2025-10-13T11:07:01.334+0000] {dagbag.py:540} INFO - Filling up the DagBag from /opt/airflow/dags/weather_etl_v2.py
[2025-10-13T11:07:01.372+0000] {processor.py:840} INFO - DAG(s) 'weather_etl_v2' retrieved from /opt/airflow/dags/weather_etl_v2.py
[2025-10-13T11:07:01.456+0000] {logging_mixin.py:188} INFO - [2025-10-13T11:07:01.455+0000] {dag.py:3047} INFO - Sync 1 DAGs
[2025-10-13T11:07:01.519+0000] {logging_mixin.py:188} INFO - [2025-10-13T11:07:01.519+0000] {dag.py:3834} INFO - Setting next_dagrun for weather_etl_v2 to 2025-10-12 22:00:00+00:00, run_after=2025-10-13 22:00:00+00:00
[2025-10-13T11:07:01.601+0000] {processor.py:183} INFO - Processing /opt/airflow/dags/weather_etl_v2.py took 0.277 seconds
[2025-10-13T11:07:32.197+0000] {processor.py:161} INFO - Started process (PID=8769) to work on /opt/airflow/dags/weather_etl_v2.py
[2025-10-13T11:07:32.198+0000] {processor.py:830} INFO - Processing file /opt/airflow/dags/weather_etl_v2.py for tasks to queue
[2025-10-13T11:07:32.200+0000] {logging_mixin.py:188} INFO - [2025-10-13T11:07:32.200+0000] {dagbag.py:540} INFO - Filling up the DagBag from /opt/airflow/dags/weather_etl_v2.py
[2025-10-13T11:07:32.235+0000] {processor.py:840} INFO - DAG(s) 'weather_etl_v2' retrieved from /opt/airflow/dags/weather_etl_v2.py
[2025-10-13T11:07:32.317+0000] {logging_mixin.py:188} INFO - [2025-10-13T11:07:32.316+0000] {dag.py:3047} INFO - Sync 1 DAGs
[2025-10-13T11:07:32.384+0000] {logging_mixin.py:188} INFO - [2025-10-13T11:07:32.383+0000] {dag.py:3834} INFO - Setting next_dagrun for weather_etl_v2 to 2025-10-12 22:00:00+00:00, run_after=2025-10-13 22:00:00+00:00
[2025-10-13T11:07:32.454+0000] {processor.py:183} INFO - Processing /opt/airflow/dags/weather_etl_v2.py took 0.278 seconds
[2025-10-13T11:08:02.988+0000] {processor.py:161} INFO - Started process (PID=8784) to work on /opt/airflow/dags/weather_etl_v2.py
[2025-10-13T11:08:02.990+0000] {processor.py:830} INFO - Processing file /opt/airflow/dags/weather_etl_v2.py for tasks to queue
[2025-10-13T11:08:02.997+0000] {logging_mixin.py:188} INFO - [2025-10-13T11:08:02.996+0000] {dagbag.py:540} INFO - Filling up the DagBag from /opt/airflow/dags/weather_etl_v2.py
[2025-10-13T11:08:03.084+0000] {processor.py:840} INFO - DAG(s) 'weather_etl_v2' retrieved from /opt/airflow/dags/weather_etl_v2.py
[2025-10-13T11:08:03.193+0000] {logging_mixin.py:188} INFO - [2025-10-13T11:08:03.192+0000] {dag.py:3047} INFO - Sync 1 DAGs
[2025-10-13T11:08:03.271+0000] {logging_mixin.py:188} INFO - [2025-10-13T11:08:03.270+0000] {dag.py:3834} INFO - Setting next_dagrun for weather_etl_v2 to 2025-10-12 22:00:00+00:00, run_after=2025-10-13 22:00:00+00:00
[2025-10-13T11:08:03.369+0000] {processor.py:183} INFO - Processing /opt/airflow/dags/weather_etl_v2.py took 0.387 seconds
[2025-10-13T11:08:33.864+0000] {processor.py:161} INFO - Started process (PID=8799) to work on /opt/airflow/dags/weather_etl_v2.py
[2025-10-13T11:08:33.868+0000] {processor.py:830} INFO - Processing file /opt/airflow/dags/weather_etl_v2.py for tasks to queue
[2025-10-13T11:08:33.891+0000] {logging_mixin.py:188} INFO - [2025-10-13T11:08:33.890+0000] {dagbag.py:540} INFO - Filling up the DagBag from /opt/airflow/dags/weather_etl_v2.py
[2025-10-13T11:08:34.011+0000] {processor.py:840} INFO - DAG(s) 'weather_etl_v2' retrieved from /opt/airflow/dags/weather_etl_v2.py
[2025-10-13T11:08:34.129+0000] {logging_mixin.py:188} INFO - [2025-10-13T11:08:34.129+0000] {dag.py:3047} INFO - Sync 1 DAGs
[2025-10-13T11:08:34.190+0000] {logging_mixin.py:188} INFO - [2025-10-13T11:08:34.190+0000] {dag.py:3834} INFO - Setting next_dagrun for weather_etl_v2 to 2025-10-12 22:00:00+00:00, run_after=2025-10-13 22:00:00+00:00
[2025-10-13T11:08:34.265+0000] {processor.py:183} INFO - Processing /opt/airflow/dags/weather_etl_v2.py took 0.407 seconds
[2025-10-13T11:09:05.230+0000] {processor.py:161} INFO - Started process (PID=8814) to work on /opt/airflow/dags/weather_etl_v2.py
[2025-10-13T11:09:05.234+0000] {processor.py:830} INFO - Processing file /opt/airflow/dags/weather_etl_v2.py for tasks to queue
[2025-10-13T11:09:05.237+0000] {logging_mixin.py:188} INFO - [2025-10-13T11:09:05.236+0000] {dagbag.py:540} INFO - Filling up the DagBag from /opt/airflow/dags/weather_etl_v2.py
[2025-10-13T11:09:05.311+0000] {processor.py:840} INFO - DAG(s) 'weather_etl_v2' retrieved from /opt/airflow/dags/weather_etl_v2.py
[2025-10-13T11:09:05.421+0000] {logging_mixin.py:188} INFO - [2025-10-13T11:09:05.421+0000] {dag.py:3047} INFO - Sync 1 DAGs
[2025-10-13T11:09:05.497+0000] {logging_mixin.py:188} INFO - [2025-10-13T11:09:05.496+0000] {dag.py:3834} INFO - Setting next_dagrun for weather_etl_v2 to 2025-10-12 22:00:00+00:00, run_after=2025-10-13 22:00:00+00:00
[2025-10-13T11:09:05.581+0000] {processor.py:183} INFO - Processing /opt/airflow/dags/weather_etl_v2.py took 0.356 seconds
[2025-10-13T11:09:36.322+0000] {processor.py:161} INFO - Started process (PID=8829) to work on /opt/airflow/dags/weather_etl_v2.py
[2025-10-13T11:09:36.325+0000] {processor.py:830} INFO - Processing file /opt/airflow/dags/weather_etl_v2.py for tasks to queue
[2025-10-13T11:09:36.330+0000] {logging_mixin.py:188} INFO - [2025-10-13T11:09:36.329+0000] {dagbag.py:540} INFO - Filling up the DagBag from /opt/airflow/dags/weather_etl_v2.py
[2025-10-13T11:09:36.452+0000] {processor.py:840} INFO - DAG(s) 'weather_etl_v2' retrieved from /opt/airflow/dags/weather_etl_v2.py
[2025-10-13T11:09:36.559+0000] {logging_mixin.py:188} INFO - [2025-10-13T11:09:36.558+0000] {dag.py:3047} INFO - Sync 1 DAGs
[2025-10-13T11:09:36.621+0000] {logging_mixin.py:188} INFO - [2025-10-13T11:09:36.620+0000] {dag.py:3834} INFO - Setting next_dagrun for weather_etl_v2 to 2025-10-12 22:00:00+00:00, run_after=2025-10-13 22:00:00+00:00
[2025-10-13T11:09:36.704+0000] {processor.py:183} INFO - Processing /opt/airflow/dags/weather_etl_v2.py took 0.392 seconds
[2025-10-13T11:10:07.539+0000] {processor.py:161} INFO - Started process (PID=8844) to work on /opt/airflow/dags/weather_etl_v2.py
[2025-10-13T11:10:07.541+0000] {processor.py:830} INFO - Processing file /opt/airflow/dags/weather_etl_v2.py for tasks to queue
[2025-10-13T11:10:07.543+0000] {logging_mixin.py:188} INFO - [2025-10-13T11:10:07.543+0000] {dagbag.py:540} INFO - Filling up the DagBag from /opt/airflow/dags/weather_etl_v2.py
[2025-10-13T11:10:07.583+0000] {processor.py:840} INFO - DAG(s) 'weather_etl_v2' retrieved from /opt/airflow/dags/weather_etl_v2.py
[2025-10-13T11:10:07.709+0000] {logging_mixin.py:188} INFO - [2025-10-13T11:10:07.708+0000] {dag.py:3047} INFO - Sync 1 DAGs
[2025-10-13T11:10:07.782+0000] {logging_mixin.py:188} INFO - [2025-10-13T11:10:07.782+0000] {dag.py:3834} INFO - Setting next_dagrun for weather_etl_v2 to 2025-10-12 22:00:00+00:00, run_after=2025-10-13 22:00:00+00:00
[2025-10-13T11:10:07.844+0000] {processor.py:183} INFO - Processing /opt/airflow/dags/weather_etl_v2.py took 0.308 seconds
[2025-10-13T11:10:38.385+0000] {processor.py:161} INFO - Started process (PID=8859) to work on /opt/airflow/dags/weather_etl_v2.py
[2025-10-13T11:10:38.386+0000] {processor.py:830} INFO - Processing file /opt/airflow/dags/weather_etl_v2.py for tasks to queue
[2025-10-13T11:10:38.388+0000] {logging_mixin.py:188} INFO - [2025-10-13T11:10:38.387+0000] {dagbag.py:540} INFO - Filling up the DagBag from /opt/airflow/dags/weather_etl_v2.py
[2025-10-13T11:10:38.421+0000] {processor.py:840} INFO - DAG(s) 'weather_etl_v2' retrieved from /opt/airflow/dags/weather_etl_v2.py
[2025-10-13T11:10:38.498+0000] {logging_mixin.py:188} INFO - [2025-10-13T11:10:38.497+0000] {dag.py:3047} INFO - Sync 1 DAGs
[2025-10-13T11:10:38.554+0000] {logging_mixin.py:188} INFO - [2025-10-13T11:10:38.554+0000] {dag.py:3834} INFO - Setting next_dagrun for weather_etl_v2 to 2025-10-12 22:00:00+00:00, run_after=2025-10-13 22:00:00+00:00
[2025-10-13T11:10:38.610+0000] {processor.py:183} INFO - Processing /opt/airflow/dags/weather_etl_v2.py took 0.228 seconds
[2025-10-13T11:11:09.281+0000] {processor.py:161} INFO - Started process (PID=8874) to work on /opt/airflow/dags/weather_etl_v2.py
[2025-10-13T11:11:09.283+0000] {processor.py:830} INFO - Processing file /opt/airflow/dags/weather_etl_v2.py for tasks to queue
[2025-10-13T11:11:09.285+0000] {logging_mixin.py:188} INFO - [2025-10-13T11:11:09.285+0000] {dagbag.py:540} INFO - Filling up the DagBag from /opt/airflow/dags/weather_etl_v2.py
[2025-10-13T11:11:09.340+0000] {processor.py:840} INFO - DAG(s) 'weather_etl_v2' retrieved from /opt/airflow/dags/weather_etl_v2.py
[2025-10-13T11:11:09.450+0000] {logging_mixin.py:188} INFO - [2025-10-13T11:11:09.449+0000] {dag.py:3047} INFO - Sync 1 DAGs
[2025-10-13T11:11:09.534+0000] {logging_mixin.py:188} INFO - [2025-10-13T11:11:09.534+0000] {dag.py:3834} INFO - Setting next_dagrun for weather_etl_v2 to 2025-10-12 22:00:00+00:00, run_after=2025-10-13 22:00:00+00:00
[2025-10-13T11:11:09.617+0000] {processor.py:183} INFO - Processing /opt/airflow/dags/weather_etl_v2.py took 0.340 seconds
[2025-10-13T11:11:40.299+0000] {processor.py:161} INFO - Started process (PID=8889) to work on /opt/airflow/dags/weather_etl_v2.py
[2025-10-13T11:11:40.311+0000] {processor.py:830} INFO - Processing file /opt/airflow/dags/weather_etl_v2.py for tasks to queue
[2025-10-13T11:11:40.319+0000] {logging_mixin.py:188} INFO - [2025-10-13T11:11:40.318+0000] {dagbag.py:540} INFO - Filling up the DagBag from /opt/airflow/dags/weather_etl_v2.py
[2025-10-13T11:11:40.458+0000] {processor.py:840} INFO - DAG(s) 'weather_etl_v2' retrieved from /opt/airflow/dags/weather_etl_v2.py
[2025-10-13T11:11:40.648+0000] {logging_mixin.py:188} INFO - [2025-10-13T11:11:40.647+0000] {dag.py:3047} INFO - Sync 1 DAGs
[2025-10-13T11:11:40.794+0000] {logging_mixin.py:188} INFO - [2025-10-13T11:11:40.793+0000] {dag.py:3834} INFO - Setting next_dagrun for weather_etl_v2 to 2025-10-12 22:00:00+00:00, run_after=2025-10-13 22:00:00+00:00
[2025-10-13T11:11:40.900+0000] {processor.py:183} INFO - Processing /opt/airflow/dags/weather_etl_v2.py took 0.638 seconds
[2025-10-13T11:12:11.787+0000] {processor.py:161} INFO - Started process (PID=8904) to work on /opt/airflow/dags/weather_etl_v2.py
[2025-10-13T11:12:11.789+0000] {processor.py:830} INFO - Processing file /opt/airflow/dags/weather_etl_v2.py for tasks to queue
[2025-10-13T11:12:11.791+0000] {logging_mixin.py:188} INFO - [2025-10-13T11:12:11.790+0000] {dagbag.py:540} INFO - Filling up the DagBag from /opt/airflow/dags/weather_etl_v2.py
[2025-10-13T11:12:11.843+0000] {processor.py:840} INFO - DAG(s) 'weather_etl_v2' retrieved from /opt/airflow/dags/weather_etl_v2.py
[2025-10-13T11:12:11.922+0000] {logging_mixin.py:188} INFO - [2025-10-13T11:12:11.921+0000] {dag.py:3047} INFO - Sync 1 DAGs
[2025-10-13T11:12:11.979+0000] {logging_mixin.py:188} INFO - [2025-10-13T11:12:11.978+0000] {dag.py:3834} INFO - Setting next_dagrun for weather_etl_v2 to 2025-10-12 22:00:00+00:00, run_after=2025-10-13 22:00:00+00:00
[2025-10-13T11:12:12.060+0000] {processor.py:183} INFO - Processing /opt/airflow/dags/weather_etl_v2.py took 0.280 seconds
[2025-10-13T11:12:42.971+0000] {processor.py:161} INFO - Started process (PID=8919) to work on /opt/airflow/dags/weather_etl_v2.py
[2025-10-13T11:12:42.973+0000] {processor.py:830} INFO - Processing file /opt/airflow/dags/weather_etl_v2.py for tasks to queue
[2025-10-13T11:12:42.976+0000] {logging_mixin.py:188} INFO - [2025-10-13T11:12:42.975+0000] {dagbag.py:540} INFO - Filling up the DagBag from /opt/airflow/dags/weather_etl_v2.py
[2025-10-13T11:12:43.026+0000] {processor.py:840} INFO - DAG(s) 'weather_etl_v2' retrieved from /opt/airflow/dags/weather_etl_v2.py
[2025-10-13T11:12:43.124+0000] {logging_mixin.py:188} INFO - [2025-10-13T11:12:43.124+0000] {dag.py:3047} INFO - Sync 1 DAGs
[2025-10-13T11:12:43.202+0000] {logging_mixin.py:188} INFO - [2025-10-13T11:12:43.202+0000] {dag.py:3834} INFO - Setting next_dagrun for weather_etl_v2 to 2025-10-12 22:00:00+00:00, run_after=2025-10-13 22:00:00+00:00
[2025-10-13T11:12:43.305+0000] {processor.py:183} INFO - Processing /opt/airflow/dags/weather_etl_v2.py took 0.342 seconds
[2025-10-13T11:13:13.991+0000] {processor.py:161} INFO - Started process (PID=8934) to work on /opt/airflow/dags/weather_etl_v2.py
[2025-10-13T11:13:13.993+0000] {processor.py:830} INFO - Processing file /opt/airflow/dags/weather_etl_v2.py for tasks to queue
[2025-10-13T11:13:13.996+0000] {logging_mixin.py:188} INFO - [2025-10-13T11:13:13.995+0000] {dagbag.py:540} INFO - Filling up the DagBag from /opt/airflow/dags/weather_etl_v2.py
[2025-10-13T11:13:14.051+0000] {processor.py:840} INFO - DAG(s) 'weather_etl_v2' retrieved from /opt/airflow/dags/weather_etl_v2.py
[2025-10-13T11:13:14.162+0000] {logging_mixin.py:188} INFO - [2025-10-13T11:13:14.161+0000] {dag.py:3047} INFO - Sync 1 DAGs
[2025-10-13T11:13:14.243+0000] {logging_mixin.py:188} INFO - [2025-10-13T11:13:14.242+0000] {dag.py:3834} INFO - Setting next_dagrun for weather_etl_v2 to 2025-10-12 22:00:00+00:00, run_after=2025-10-13 22:00:00+00:00
[2025-10-13T11:13:14.325+0000] {processor.py:183} INFO - Processing /opt/airflow/dags/weather_etl_v2.py took 0.342 seconds
[2025-10-13T11:13:45.232+0000] {processor.py:161} INFO - Started process (PID=8949) to work on /opt/airflow/dags/weather_etl_v2.py
[2025-10-13T11:13:45.234+0000] {processor.py:830} INFO - Processing file /opt/airflow/dags/weather_etl_v2.py for tasks to queue
[2025-10-13T11:13:45.237+0000] {logging_mixin.py:188} INFO - [2025-10-13T11:13:45.236+0000] {dagbag.py:540} INFO - Filling up the DagBag from /opt/airflow/dags/weather_etl_v2.py
[2025-10-13T11:13:45.285+0000] {processor.py:840} INFO - DAG(s) 'weather_etl_v2' retrieved from /opt/airflow/dags/weather_etl_v2.py
[2025-10-13T11:13:45.383+0000] {logging_mixin.py:188} INFO - [2025-10-13T11:13:45.382+0000] {dag.py:3047} INFO - Sync 1 DAGs
[2025-10-13T11:13:45.455+0000] {logging_mixin.py:188} INFO - [2025-10-13T11:13:45.455+0000] {dag.py:3834} INFO - Setting next_dagrun for weather_etl_v2 to 2025-10-12 22:00:00+00:00, run_after=2025-10-13 22:00:00+00:00
[2025-10-13T11:13:45.530+0000] {processor.py:183} INFO - Processing /opt/airflow/dags/weather_etl_v2.py took 0.303 seconds
[2025-10-13T11:14:16.436+0000] {processor.py:161} INFO - Started process (PID=8964) to work on /opt/airflow/dags/weather_etl_v2.py
[2025-10-13T11:14:16.490+0000] {processor.py:830} INFO - Processing file /opt/airflow/dags/weather_etl_v2.py for tasks to queue
[2025-10-13T11:14:16.503+0000] {logging_mixin.py:188} INFO - [2025-10-13T11:14:16.502+0000] {dagbag.py:540} INFO - Filling up the DagBag from /opt/airflow/dags/weather_etl_v2.py
[2025-10-13T11:14:16.771+0000] {processor.py:840} INFO - DAG(s) 'weather_etl_v2' retrieved from /opt/airflow/dags/weather_etl_v2.py
[2025-10-13T11:14:17.229+0000] {logging_mixin.py:188} INFO - [2025-10-13T11:14:17.228+0000] {dag.py:3047} INFO - Sync 1 DAGs
[2025-10-13T11:14:17.378+0000] {logging_mixin.py:188} INFO - [2025-10-13T11:14:17.377+0000] {dag.py:3834} INFO - Setting next_dagrun for weather_etl_v2 to 2025-10-12 22:00:00+00:00, run_after=2025-10-13 22:00:00+00:00
[2025-10-13T11:14:17.524+0000] {processor.py:183} INFO - Processing /opt/airflow/dags/weather_etl_v2.py took 1.334 seconds
[2025-10-13T11:14:48.150+0000] {processor.py:161} INFO - Started process (PID=8979) to work on /opt/airflow/dags/weather_etl_v2.py
[2025-10-13T11:14:48.152+0000] {processor.py:830} INFO - Processing file /opt/airflow/dags/weather_etl_v2.py for tasks to queue
[2025-10-13T11:14:48.153+0000] {logging_mixin.py:188} INFO - [2025-10-13T11:14:48.153+0000] {dagbag.py:540} INFO - Filling up the DagBag from /opt/airflow/dags/weather_etl_v2.py
[2025-10-13T11:14:48.180+0000] {processor.py:840} INFO - DAG(s) 'weather_etl_v2' retrieved from /opt/airflow/dags/weather_etl_v2.py
[2025-10-13T11:14:48.247+0000] {logging_mixin.py:188} INFO - [2025-10-13T11:14:48.246+0000] {dag.py:3047} INFO - Sync 1 DAGs
[2025-10-13T11:14:48.304+0000] {logging_mixin.py:188} INFO - [2025-10-13T11:14:48.304+0000] {dag.py:3834} INFO - Setting next_dagrun for weather_etl_v2 to 2025-10-12 22:00:00+00:00, run_after=2025-10-13 22:00:00+00:00
[2025-10-13T11:14:48.378+0000] {processor.py:183} INFO - Processing /opt/airflow/dags/weather_etl_v2.py took 0.230 seconds
[2025-10-13T11:15:18.839+0000] {processor.py:161} INFO - Started process (PID=8994) to work on /opt/airflow/dags/weather_etl_v2.py
[2025-10-13T11:15:18.840+0000] {processor.py:830} INFO - Processing file /opt/airflow/dags/weather_etl_v2.py for tasks to queue
[2025-10-13T11:15:18.842+0000] {logging_mixin.py:188} INFO - [2025-10-13T11:15:18.842+0000] {dagbag.py:540} INFO - Filling up the DagBag from /opt/airflow/dags/weather_etl_v2.py
[2025-10-13T11:15:18.872+0000] {processor.py:840} INFO - DAG(s) 'weather_etl_v2' retrieved from /opt/airflow/dags/weather_etl_v2.py
[2025-10-13T11:15:18.938+0000] {logging_mixin.py:188} INFO - [2025-10-13T11:15:18.937+0000] {dag.py:3047} INFO - Sync 1 DAGs
[2025-10-13T11:15:18.990+0000] {logging_mixin.py:188} INFO - [2025-10-13T11:15:18.989+0000] {dag.py:3834} INFO - Setting next_dagrun for weather_etl_v2 to 2025-10-12 22:00:00+00:00, run_after=2025-10-13 22:00:00+00:00
[2025-10-13T11:15:19.053+0000] {processor.py:183} INFO - Processing /opt/airflow/dags/weather_etl_v2.py took 0.221 seconds
[2025-10-13T11:15:49.621+0000] {processor.py:161} INFO - Started process (PID=9009) to work on /opt/airflow/dags/weather_etl_v2.py
[2025-10-13T11:15:49.622+0000] {processor.py:830} INFO - Processing file /opt/airflow/dags/weather_etl_v2.py for tasks to queue
[2025-10-13T11:15:49.624+0000] {logging_mixin.py:188} INFO - [2025-10-13T11:15:49.623+0000] {dagbag.py:540} INFO - Filling up the DagBag from /opt/airflow/dags/weather_etl_v2.py
[2025-10-13T11:15:49.652+0000] {processor.py:840} INFO - DAG(s) 'weather_etl_v2' retrieved from /opt/airflow/dags/weather_etl_v2.py
[2025-10-13T11:15:49.728+0000] {logging_mixin.py:188} INFO - [2025-10-13T11:15:49.726+0000] {dag.py:3047} INFO - Sync 1 DAGs
[2025-10-13T11:15:49.773+0000] {logging_mixin.py:188} INFO - [2025-10-13T11:15:49.773+0000] {dag.py:3834} INFO - Setting next_dagrun for weather_etl_v2 to 2025-10-12 22:00:00+00:00, run_after=2025-10-13 22:00:00+00:00
[2025-10-13T11:15:49.827+0000] {processor.py:183} INFO - Processing /opt/airflow/dags/weather_etl_v2.py took 0.244 seconds
[2025-10-13T11:16:20.198+0000] {processor.py:161} INFO - Started process (PID=9024) to work on /opt/airflow/dags/weather_etl_v2.py
[2025-10-13T11:16:20.200+0000] {processor.py:830} INFO - Processing file /opt/airflow/dags/weather_etl_v2.py for tasks to queue
[2025-10-13T11:16:20.202+0000] {logging_mixin.py:188} INFO - [2025-10-13T11:16:20.201+0000] {dagbag.py:540} INFO - Filling up the DagBag from /opt/airflow/dags/weather_etl_v2.py
[2025-10-13T11:16:20.230+0000] {processor.py:840} INFO - DAG(s) 'weather_etl_v2' retrieved from /opt/airflow/dags/weather_etl_v2.py
[2025-10-13T11:16:20.303+0000] {logging_mixin.py:188} INFO - [2025-10-13T11:16:20.303+0000] {dag.py:3047} INFO - Sync 1 DAGs
[2025-10-13T11:16:20.352+0000] {logging_mixin.py:188} INFO - [2025-10-13T11:16:20.352+0000] {dag.py:3834} INFO - Setting next_dagrun for weather_etl_v2 to 2025-10-12 22:00:00+00:00, run_after=2025-10-13 22:00:00+00:00
[2025-10-13T11:16:20.406+0000] {processor.py:183} INFO - Processing /opt/airflow/dags/weather_etl_v2.py took 0.212 seconds
[2025-10-13T11:16:50.822+0000] {processor.py:161} INFO - Started process (PID=9039) to work on /opt/airflow/dags/weather_etl_v2.py
[2025-10-13T11:16:50.829+0000] {processor.py:830} INFO - Processing file /opt/airflow/dags/weather_etl_v2.py for tasks to queue
[2025-10-13T11:16:50.835+0000] {logging_mixin.py:188} INFO - [2025-10-13T11:16:50.833+0000] {dagbag.py:540} INFO - Filling up the DagBag from /opt/airflow/dags/weather_etl_v2.py
[2025-10-13T11:16:50.931+0000] {processor.py:840} INFO - DAG(s) 'weather_etl_v2' retrieved from /opt/airflow/dags/weather_etl_v2.py
[2025-10-13T11:16:51.281+0000] {logging_mixin.py:188} INFO - [2025-10-13T11:16:51.280+0000] {dag.py:3047} INFO - Sync 1 DAGs
[2025-10-13T11:16:51.355+0000] {logging_mixin.py:188} INFO - [2025-10-13T11:16:51.355+0000] {dag.py:3834} INFO - Setting next_dagrun for weather_etl_v2 to 2025-10-12 22:00:00+00:00, run_after=2025-10-13 22:00:00+00:00
[2025-10-13T11:16:51.425+0000] {processor.py:183} INFO - Processing /opt/airflow/dags/weather_etl_v2.py took 0.610 seconds
[2025-10-13T11:17:22.298+0000] {processor.py:161} INFO - Started process (PID=9054) to work on /opt/airflow/dags/weather_etl_v2.py
[2025-10-13T11:17:22.301+0000] {processor.py:830} INFO - Processing file /opt/airflow/dags/weather_etl_v2.py for tasks to queue
[2025-10-13T11:17:22.303+0000] {logging_mixin.py:188} INFO - [2025-10-13T11:17:22.302+0000] {dagbag.py:540} INFO - Filling up the DagBag from /opt/airflow/dags/weather_etl_v2.py
[2025-10-13T11:17:22.334+0000] {processor.py:840} INFO - DAG(s) 'weather_etl_v2' retrieved from /opt/airflow/dags/weather_etl_v2.py
[2025-10-13T11:17:22.391+0000] {logging_mixin.py:188} INFO - [2025-10-13T11:17:22.390+0000] {dag.py:3047} INFO - Sync 1 DAGs
[2025-10-13T11:17:22.435+0000] {logging_mixin.py:188} INFO - [2025-10-13T11:17:22.435+0000] {dag.py:3834} INFO - Setting next_dagrun for weather_etl_v2 to 2025-10-12 22:00:00+00:00, run_after=2025-10-13 22:00:00+00:00
[2025-10-13T11:17:22.493+0000] {processor.py:183} INFO - Processing /opt/airflow/dags/weather_etl_v2.py took 0.200 seconds
[2025-10-13T11:17:53.063+0000] {processor.py:161} INFO - Started process (PID=9069) to work on /opt/airflow/dags/weather_etl_v2.py
[2025-10-13T11:17:53.069+0000] {processor.py:830} INFO - Processing file /opt/airflow/dags/weather_etl_v2.py for tasks to queue
[2025-10-13T11:17:53.073+0000] {logging_mixin.py:188} INFO - [2025-10-13T11:17:53.072+0000] {dagbag.py:540} INFO - Filling up the DagBag from /opt/airflow/dags/weather_etl_v2.py
[2025-10-13T11:17:53.124+0000] {processor.py:840} INFO - DAG(s) 'weather_etl_v2' retrieved from /opt/airflow/dags/weather_etl_v2.py
[2025-10-13T11:17:53.190+0000] {logging_mixin.py:188} INFO - [2025-10-13T11:17:53.190+0000] {dag.py:3047} INFO - Sync 1 DAGs
[2025-10-13T11:17:53.233+0000] {logging_mixin.py:188} INFO - [2025-10-13T11:17:53.233+0000] {dag.py:3834} INFO - Setting next_dagrun for weather_etl_v2 to 2025-10-12 22:00:00+00:00, run_after=2025-10-13 22:00:00+00:00
[2025-10-13T11:17:53.289+0000] {processor.py:183} INFO - Processing /opt/airflow/dags/weather_etl_v2.py took 0.241 seconds
[2025-10-13T11:18:23.782+0000] {processor.py:161} INFO - Started process (PID=9084) to work on /opt/airflow/dags/weather_etl_v2.py
[2025-10-13T11:18:23.784+0000] {processor.py:830} INFO - Processing file /opt/airflow/dags/weather_etl_v2.py for tasks to queue
[2025-10-13T11:18:23.785+0000] {logging_mixin.py:188} INFO - [2025-10-13T11:18:23.785+0000] {dagbag.py:540} INFO - Filling up the DagBag from /opt/airflow/dags/weather_etl_v2.py
[2025-10-13T11:18:23.812+0000] {processor.py:840} INFO - DAG(s) 'weather_etl_v2' retrieved from /opt/airflow/dags/weather_etl_v2.py
[2025-10-13T11:18:23.877+0000] {logging_mixin.py:188} INFO - [2025-10-13T11:18:23.877+0000] {dag.py:3047} INFO - Sync 1 DAGs
[2025-10-13T11:18:23.928+0000] {logging_mixin.py:188} INFO - [2025-10-13T11:18:23.928+0000] {dag.py:3834} INFO - Setting next_dagrun for weather_etl_v2 to 2025-10-12 22:00:00+00:00, run_after=2025-10-13 22:00:00+00:00
[2025-10-13T11:18:23.998+0000] {processor.py:183} INFO - Processing /opt/airflow/dags/weather_etl_v2.py took 0.222 seconds
[2025-10-13T11:18:54.414+0000] {processor.py:161} INFO - Started process (PID=9099) to work on /opt/airflow/dags/weather_etl_v2.py
[2025-10-13T11:18:54.416+0000] {processor.py:830} INFO - Processing file /opt/airflow/dags/weather_etl_v2.py for tasks to queue
[2025-10-13T11:18:54.418+0000] {logging_mixin.py:188} INFO - [2025-10-13T11:18:54.417+0000] {dagbag.py:540} INFO - Filling up the DagBag from /opt/airflow/dags/weather_etl_v2.py
[2025-10-13T11:18:54.446+0000] {processor.py:840} INFO - DAG(s) 'weather_etl_v2' retrieved from /opt/airflow/dags/weather_etl_v2.py
[2025-10-13T11:18:54.511+0000] {logging_mixin.py:188} INFO - [2025-10-13T11:18:54.510+0000] {dag.py:3047} INFO - Sync 1 DAGs
[2025-10-13T11:18:54.557+0000] {logging_mixin.py:188} INFO - [2025-10-13T11:18:54.557+0000] {dag.py:3834} INFO - Setting next_dagrun for weather_etl_v2 to 2025-10-12 22:00:00+00:00, run_after=2025-10-13 22:00:00+00:00
[2025-10-13T11:18:54.617+0000] {processor.py:183} INFO - Processing /opt/airflow/dags/weather_etl_v2.py took 0.206 seconds
[2025-10-13T11:19:25.294+0000] {processor.py:161} INFO - Started process (PID=9114) to work on /opt/airflow/dags/weather_etl_v2.py
[2025-10-13T11:19:25.297+0000] {processor.py:830} INFO - Processing file /opt/airflow/dags/weather_etl_v2.py for tasks to queue
[2025-10-13T11:19:25.299+0000] {logging_mixin.py:188} INFO - [2025-10-13T11:19:25.298+0000] {dagbag.py:540} INFO - Filling up the DagBag from /opt/airflow/dags/weather_etl_v2.py
[2025-10-13T11:19:25.330+0000] {processor.py:840} INFO - DAG(s) 'weather_etl_v2' retrieved from /opt/airflow/dags/weather_etl_v2.py
[2025-10-13T11:19:25.390+0000] {logging_mixin.py:188} INFO - [2025-10-13T11:19:25.390+0000] {dag.py:3047} INFO - Sync 1 DAGs
[2025-10-13T11:19:25.440+0000] {logging_mixin.py:188} INFO - [2025-10-13T11:19:25.440+0000] {dag.py:3834} INFO - Setting next_dagrun for weather_etl_v2 to 2025-10-12 22:00:00+00:00, run_after=2025-10-13 22:00:00+00:00
[2025-10-13T11:19:25.500+0000] {processor.py:183} INFO - Processing /opt/airflow/dags/weather_etl_v2.py took 0.210 seconds
[2025-10-13T11:19:55.918+0000] {processor.py:161} INFO - Started process (PID=9129) to work on /opt/airflow/dags/weather_etl_v2.py
[2025-10-13T11:19:55.919+0000] {processor.py:830} INFO - Processing file /opt/airflow/dags/weather_etl_v2.py for tasks to queue
[2025-10-13T11:19:55.920+0000] {logging_mixin.py:188} INFO - [2025-10-13T11:19:55.920+0000] {dagbag.py:540} INFO - Filling up the DagBag from /opt/airflow/dags/weather_etl_v2.py
[2025-10-13T11:19:55.944+0000] {processor.py:840} INFO - DAG(s) 'weather_etl_v2' retrieved from /opt/airflow/dags/weather_etl_v2.py
[2025-10-13T11:19:56.000+0000] {logging_mixin.py:188} INFO - [2025-10-13T11:19:56.000+0000] {dag.py:3047} INFO - Sync 1 DAGs
[2025-10-13T11:19:56.044+0000] {logging_mixin.py:188} INFO - [2025-10-13T11:19:56.044+0000] {dag.py:3834} INFO - Setting next_dagrun for weather_etl_v2 to 2025-10-12 22:00:00+00:00, run_after=2025-10-13 22:00:00+00:00
[2025-10-13T11:19:56.096+0000] {processor.py:183} INFO - Processing /opt/airflow/dags/weather_etl_v2.py took 0.182 seconds
[2025-10-13T11:20:26.663+0000] {processor.py:161} INFO - Started process (PID=9144) to work on /opt/airflow/dags/weather_etl_v2.py
[2025-10-13T11:20:26.668+0000] {processor.py:830} INFO - Processing file /opt/airflow/dags/weather_etl_v2.py for tasks to queue
[2025-10-13T11:20:26.673+0000] {logging_mixin.py:188} INFO - [2025-10-13T11:20:26.671+0000] {dagbag.py:540} INFO - Filling up the DagBag from /opt/airflow/dags/weather_etl_v2.py
[2025-10-13T11:20:26.828+0000] {processor.py:840} INFO - DAG(s) 'weather_etl_v2' retrieved from /opt/airflow/dags/weather_etl_v2.py
[2025-10-13T11:20:26.921+0000] {logging_mixin.py:188} INFO - [2025-10-13T11:20:26.921+0000] {dag.py:3047} INFO - Sync 1 DAGs
[2025-10-13T11:20:26.976+0000] {logging_mixin.py:188} INFO - [2025-10-13T11:20:26.975+0000] {dag.py:3834} INFO - Setting next_dagrun for weather_etl_v2 to 2025-10-12 22:00:00+00:00, run_after=2025-10-13 22:00:00+00:00
[2025-10-13T11:20:27.035+0000] {processor.py:183} INFO - Processing /opt/airflow/dags/weather_etl_v2.py took 0.378 seconds
[2025-10-13T11:20:57.204+0000] {processor.py:161} INFO - Started process (PID=9159) to work on /opt/airflow/dags/weather_etl_v2.py
[2025-10-13T11:20:57.205+0000] {processor.py:830} INFO - Processing file /opt/airflow/dags/weather_etl_v2.py for tasks to queue
[2025-10-13T11:20:57.206+0000] {logging_mixin.py:188} INFO - [2025-10-13T11:20:57.206+0000] {dagbag.py:540} INFO - Filling up the DagBag from /opt/airflow/dags/weather_etl_v2.py
[2025-10-13T11:20:57.229+0000] {processor.py:840} INFO - DAG(s) 'weather_etl_v2' retrieved from /opt/airflow/dags/weather_etl_v2.py
[2025-10-13T11:20:57.283+0000] {logging_mixin.py:188} INFO - [2025-10-13T11:20:57.283+0000] {dag.py:3047} INFO - Sync 1 DAGs
[2025-10-13T11:20:57.327+0000] {logging_mixin.py:188} INFO - [2025-10-13T11:20:57.326+0000] {dag.py:3834} INFO - Setting next_dagrun for weather_etl_v2 to 2025-10-12 22:00:00+00:00, run_after=2025-10-13 22:00:00+00:00
[2025-10-13T11:20:57.384+0000] {processor.py:183} INFO - Processing /opt/airflow/dags/weather_etl_v2.py took 0.183 seconds
[2025-10-13T11:21:27.864+0000] {processor.py:161} INFO - Started process (PID=9174) to work on /opt/airflow/dags/weather_etl_v2.py
[2025-10-13T11:21:27.865+0000] {processor.py:830} INFO - Processing file /opt/airflow/dags/weather_etl_v2.py for tasks to queue
[2025-10-13T11:21:27.867+0000] {logging_mixin.py:188} INFO - [2025-10-13T11:21:27.866+0000] {dagbag.py:540} INFO - Filling up the DagBag from /opt/airflow/dags/weather_etl_v2.py
[2025-10-13T11:21:27.891+0000] {processor.py:840} INFO - DAG(s) 'weather_etl_v2' retrieved from /opt/airflow/dags/weather_etl_v2.py
[2025-10-13T11:21:27.946+0000] {logging_mixin.py:188} INFO - [2025-10-13T11:21:27.945+0000] {dag.py:3047} INFO - Sync 1 DAGs
[2025-10-13T11:21:27.986+0000] {logging_mixin.py:188} INFO - [2025-10-13T11:21:27.986+0000] {dag.py:3834} INFO - Setting next_dagrun for weather_etl_v2 to 2025-10-12 22:00:00+00:00, run_after=2025-10-13 22:00:00+00:00
[2025-10-13T11:21:28.040+0000] {processor.py:183} INFO - Processing /opt/airflow/dags/weather_etl_v2.py took 0.179 seconds
[2025-10-13T11:21:58.434+0000] {processor.py:161} INFO - Started process (PID=9189) to work on /opt/airflow/dags/weather_etl_v2.py
[2025-10-13T11:21:58.436+0000] {processor.py:830} INFO - Processing file /opt/airflow/dags/weather_etl_v2.py for tasks to queue
[2025-10-13T11:21:58.437+0000] {logging_mixin.py:188} INFO - [2025-10-13T11:21:58.437+0000] {dagbag.py:540} INFO - Filling up the DagBag from /opt/airflow/dags/weather_etl_v2.py
[2025-10-13T11:21:58.467+0000] {processor.py:840} INFO - DAG(s) 'weather_etl_v2' retrieved from /opt/airflow/dags/weather_etl_v2.py
[2025-10-13T11:21:58.526+0000] {logging_mixin.py:188} INFO - [2025-10-13T11:21:58.526+0000] {dag.py:3047} INFO - Sync 1 DAGs
[2025-10-13T11:21:58.573+0000] {logging_mixin.py:188} INFO - [2025-10-13T11:21:58.573+0000] {dag.py:3834} INFO - Setting next_dagrun for weather_etl_v2 to 2025-10-12 22:00:00+00:00, run_after=2025-10-13 22:00:00+00:00
[2025-10-13T11:21:58.628+0000] {processor.py:183} INFO - Processing /opt/airflow/dags/weather_etl_v2.py took 0.197 seconds
[2025-10-13T11:22:29.016+0000] {processor.py:161} INFO - Started process (PID=9204) to work on /opt/airflow/dags/weather_etl_v2.py
[2025-10-13T11:22:29.017+0000] {processor.py:830} INFO - Processing file /opt/airflow/dags/weather_etl_v2.py for tasks to queue
[2025-10-13T11:22:29.019+0000] {logging_mixin.py:188} INFO - [2025-10-13T11:22:29.019+0000] {dagbag.py:540} INFO - Filling up the DagBag from /opt/airflow/dags/weather_etl_v2.py
[2025-10-13T11:22:29.047+0000] {processor.py:840} INFO - DAG(s) 'weather_etl_v2' retrieved from /opt/airflow/dags/weather_etl_v2.py
[2025-10-13T11:22:29.106+0000] {logging_mixin.py:188} INFO - [2025-10-13T11:22:29.106+0000] {dag.py:3047} INFO - Sync 1 DAGs
[2025-10-13T11:22:29.157+0000] {logging_mixin.py:188} INFO - [2025-10-13T11:22:29.156+0000] {dag.py:3834} INFO - Setting next_dagrun for weather_etl_v2 to 2025-10-12 22:00:00+00:00, run_after=2025-10-13 22:00:00+00:00
[2025-10-13T11:22:29.211+0000] {processor.py:183} INFO - Processing /opt/airflow/dags/weather_etl_v2.py took 0.197 seconds
[2025-10-13T11:22:59.702+0000] {processor.py:161} INFO - Started process (PID=9219) to work on /opt/airflow/dags/weather_etl_v2.py
[2025-10-13T11:22:59.704+0000] {processor.py:830} INFO - Processing file /opt/airflow/dags/weather_etl_v2.py for tasks to queue
[2025-10-13T11:22:59.706+0000] {logging_mixin.py:188} INFO - [2025-10-13T11:22:59.705+0000] {dagbag.py:540} INFO - Filling up the DagBag from /opt/airflow/dags/weather_etl_v2.py
[2025-10-13T11:22:59.736+0000] {processor.py:840} INFO - DAG(s) 'weather_etl_v2' retrieved from /opt/airflow/dags/weather_etl_v2.py
[2025-10-13T11:22:59.819+0000] {logging_mixin.py:188} INFO - [2025-10-13T11:22:59.818+0000] {dag.py:3047} INFO - Sync 1 DAGs
[2025-10-13T11:22:59.864+0000] {logging_mixin.py:188} INFO - [2025-10-13T11:22:59.863+0000] {dag.py:3834} INFO - Setting next_dagrun for weather_etl_v2 to 2025-10-12 22:00:00+00:00, run_after=2025-10-13 22:00:00+00:00
[2025-10-13T11:22:59.922+0000] {processor.py:183} INFO - Processing /opt/airflow/dags/weather_etl_v2.py took 0.240 seconds
[2025-10-13T11:23:30.385+0000] {processor.py:161} INFO - Started process (PID=9234) to work on /opt/airflow/dags/weather_etl_v2.py
[2025-10-13T11:23:30.388+0000] {processor.py:830} INFO - Processing file /opt/airflow/dags/weather_etl_v2.py for tasks to queue
[2025-10-13T11:23:30.391+0000] {logging_mixin.py:188} INFO - [2025-10-13T11:23:30.391+0000] {dagbag.py:540} INFO - Filling up the DagBag from /opt/airflow/dags/weather_etl_v2.py
[2025-10-13T11:23:30.438+0000] {processor.py:840} INFO - DAG(s) 'weather_etl_v2' retrieved from /opt/airflow/dags/weather_etl_v2.py
[2025-10-13T11:23:30.559+0000] {logging_mixin.py:188} INFO - [2025-10-13T11:23:30.559+0000] {dag.py:3047} INFO - Sync 1 DAGs
[2025-10-13T11:23:30.645+0000] {logging_mixin.py:188} INFO - [2025-10-13T11:23:30.644+0000] {dag.py:3834} INFO - Setting next_dagrun for weather_etl_v2 to 2025-10-12 22:00:00+00:00, run_after=2025-10-13 22:00:00+00:00
[2025-10-13T11:23:30.733+0000] {processor.py:183} INFO - Processing /opt/airflow/dags/weather_etl_v2.py took 0.353 seconds
[2025-10-13T11:24:01.249+0000] {processor.py:161} INFO - Started process (PID=9249) to work on /opt/airflow/dags/weather_etl_v2.py
[2025-10-13T11:24:01.263+0000] {processor.py:830} INFO - Processing file /opt/airflow/dags/weather_etl_v2.py for tasks to queue
[2025-10-13T11:24:01.268+0000] {logging_mixin.py:188} INFO - [2025-10-13T11:24:01.267+0000] {dagbag.py:540} INFO - Filling up the DagBag from /opt/airflow/dags/weather_etl_v2.py
[2025-10-13T11:24:01.419+0000] {processor.py:840} INFO - DAG(s) 'weather_etl_v2' retrieved from /opt/airflow/dags/weather_etl_v2.py
[2025-10-13T11:24:01.599+0000] {logging_mixin.py:188} INFO - [2025-10-13T11:24:01.598+0000] {dag.py:3047} INFO - Sync 1 DAGs
[2025-10-13T11:24:01.689+0000] {logging_mixin.py:188} INFO - [2025-10-13T11:24:01.689+0000] {dag.py:3834} INFO - Setting next_dagrun for weather_etl_v2 to 2025-10-12 22:00:00+00:00, run_after=2025-10-13 22:00:00+00:00
[2025-10-13T11:24:01.762+0000] {processor.py:183} INFO - Processing /opt/airflow/dags/weather_etl_v2.py took 0.519 seconds
[2025-10-13T11:24:31.851+0000] {processor.py:161} INFO - Started process (PID=9264) to work on /opt/airflow/dags/weather_etl_v2.py
[2025-10-13T11:24:31.853+0000] {processor.py:830} INFO - Processing file /opt/airflow/dags/weather_etl_v2.py for tasks to queue
[2025-10-13T11:24:31.855+0000] {logging_mixin.py:188} INFO - [2025-10-13T11:24:31.855+0000] {dagbag.py:540} INFO - Filling up the DagBag from /opt/airflow/dags/weather_etl_v2.py
[2025-10-13T11:24:31.888+0000] {processor.py:840} INFO - DAG(s) 'weather_etl_v2' retrieved from /opt/airflow/dags/weather_etl_v2.py
[2025-10-13T11:24:31.953+0000] {logging_mixin.py:188} INFO - [2025-10-13T11:24:31.952+0000] {dag.py:3047} INFO - Sync 1 DAGs
[2025-10-13T11:24:32.008+0000] {logging_mixin.py:188} INFO - [2025-10-13T11:24:32.007+0000] {dag.py:3834} INFO - Setting next_dagrun for weather_etl_v2 to 2025-10-12 22:00:00+00:00, run_after=2025-10-13 22:00:00+00:00
[2025-10-13T11:24:32.067+0000] {processor.py:183} INFO - Processing /opt/airflow/dags/weather_etl_v2.py took 0.219 seconds
[2025-10-13T11:25:02.484+0000] {processor.py:161} INFO - Started process (PID=9279) to work on /opt/airflow/dags/weather_etl_v2.py
[2025-10-13T11:25:02.486+0000] {processor.py:830} INFO - Processing file /opt/airflow/dags/weather_etl_v2.py for tasks to queue
[2025-10-13T11:25:02.490+0000] {logging_mixin.py:188} INFO - [2025-10-13T11:25:02.489+0000] {dagbag.py:540} INFO - Filling up the DagBag from /opt/airflow/dags/weather_etl_v2.py
[2025-10-13T11:25:02.520+0000] {processor.py:840} INFO - DAG(s) 'weather_etl_v2' retrieved from /opt/airflow/dags/weather_etl_v2.py
[2025-10-13T11:25:02.590+0000] {logging_mixin.py:188} INFO - [2025-10-13T11:25:02.590+0000] {dag.py:3047} INFO - Sync 1 DAGs
[2025-10-13T11:25:02.643+0000] {logging_mixin.py:188} INFO - [2025-10-13T11:25:02.642+0000] {dag.py:3834} INFO - Setting next_dagrun for weather_etl_v2 to 2025-10-12 22:00:00+00:00, run_after=2025-10-13 22:00:00+00:00
[2025-10-13T11:25:02.703+0000] {processor.py:183} INFO - Processing /opt/airflow/dags/weather_etl_v2.py took 0.224 seconds
[2025-10-13T11:25:33.140+0000] {processor.py:161} INFO - Started process (PID=9294) to work on /opt/airflow/dags/weather_etl_v2.py
[2025-10-13T11:25:33.142+0000] {processor.py:830} INFO - Processing file /opt/airflow/dags/weather_etl_v2.py for tasks to queue
[2025-10-13T11:25:33.143+0000] {logging_mixin.py:188} INFO - [2025-10-13T11:25:33.143+0000] {dagbag.py:540} INFO - Filling up the DagBag from /opt/airflow/dags/weather_etl_v2.py
[2025-10-13T11:25:33.171+0000] {processor.py:840} INFO - DAG(s) 'weather_etl_v2' retrieved from /opt/airflow/dags/weather_etl_v2.py
[2025-10-13T11:25:33.236+0000] {logging_mixin.py:188} INFO - [2025-10-13T11:25:33.236+0000] {dag.py:3047} INFO - Sync 1 DAGs
[2025-10-13T11:25:33.277+0000] {logging_mixin.py:188} INFO - [2025-10-13T11:25:33.277+0000] {dag.py:3834} INFO - Setting next_dagrun for weather_etl_v2 to 2025-10-12 22:00:00+00:00, run_after=2025-10-13 22:00:00+00:00
[2025-10-13T11:25:33.330+0000] {processor.py:183} INFO - Processing /opt/airflow/dags/weather_etl_v2.py took 0.193 seconds
[2025-10-13T11:26:03.834+0000] {processor.py:161} INFO - Started process (PID=9309) to work on /opt/airflow/dags/weather_etl_v2.py
[2025-10-13T11:26:03.836+0000] {processor.py:830} INFO - Processing file /opt/airflow/dags/weather_etl_v2.py for tasks to queue
[2025-10-13T11:26:03.837+0000] {logging_mixin.py:188} INFO - [2025-10-13T11:26:03.837+0000] {dagbag.py:540} INFO - Filling up the DagBag from /opt/airflow/dags/weather_etl_v2.py
[2025-10-13T11:26:03.871+0000] {processor.py:840} INFO - DAG(s) 'weather_etl_v2' retrieved from /opt/airflow/dags/weather_etl_v2.py
[2025-10-13T11:26:03.942+0000] {logging_mixin.py:188} INFO - [2025-10-13T11:26:03.942+0000] {dag.py:3047} INFO - Sync 1 DAGs
[2025-10-13T11:26:03.982+0000] {logging_mixin.py:188} INFO - [2025-10-13T11:26:03.981+0000] {dag.py:3834} INFO - Setting next_dagrun for weather_etl_v2 to 2025-10-12 22:00:00+00:00, run_after=2025-10-13 22:00:00+00:00
[2025-10-13T11:26:04.034+0000] {processor.py:183} INFO - Processing /opt/airflow/dags/weather_etl_v2.py took 0.207 seconds
[2025-10-13T11:26:35.001+0000] {processor.py:161} INFO - Started process (PID=9324) to work on /opt/airflow/dags/weather_etl_v2.py
[2025-10-13T11:26:35.006+0000] {processor.py:830} INFO - Processing file /opt/airflow/dags/weather_etl_v2.py for tasks to queue
[2025-10-13T11:26:35.010+0000] {logging_mixin.py:188} INFO - [2025-10-13T11:26:35.008+0000] {dagbag.py:540} INFO - Filling up the DagBag from /opt/airflow/dags/weather_etl_v2.py
[2025-10-13T11:26:35.051+0000] {processor.py:840} INFO - DAG(s) 'weather_etl_v2' retrieved from /opt/airflow/dags/weather_etl_v2.py
[2025-10-13T11:26:35.112+0000] {logging_mixin.py:188} INFO - [2025-10-13T11:26:35.112+0000] {dag.py:3047} INFO - Sync 1 DAGs
[2025-10-13T11:26:35.160+0000] {logging_mixin.py:188} INFO - [2025-10-13T11:26:35.160+0000] {dag.py:3834} INFO - Setting next_dagrun for weather_etl_v2 to 2025-10-12 22:00:00+00:00, run_after=2025-10-13 22:00:00+00:00
[2025-10-13T11:26:35.222+0000] {processor.py:183} INFO - Processing /opt/airflow/dags/weather_etl_v2.py took 0.225 seconds
[2025-10-13T11:27:05.683+0000] {processor.py:161} INFO - Started process (PID=9339) to work on /opt/airflow/dags/weather_etl_v2.py
[2025-10-13T11:27:05.685+0000] {processor.py:830} INFO - Processing file /opt/airflow/dags/weather_etl_v2.py for tasks to queue
[2025-10-13T11:27:05.686+0000] {logging_mixin.py:188} INFO - [2025-10-13T11:27:05.686+0000] {dagbag.py:540} INFO - Filling up the DagBag from /opt/airflow/dags/weather_etl_v2.py
[2025-10-13T11:27:05.713+0000] {processor.py:840} INFO - DAG(s) 'weather_etl_v2' retrieved from /opt/airflow/dags/weather_etl_v2.py
[2025-10-13T11:27:05.784+0000] {logging_mixin.py:188} INFO - [2025-10-13T11:27:05.784+0000] {dag.py:3047} INFO - Sync 1 DAGs
[2025-10-13T11:27:05.829+0000] {logging_mixin.py:188} INFO - [2025-10-13T11:27:05.829+0000] {dag.py:3834} INFO - Setting next_dagrun for weather_etl_v2 to 2025-10-12 22:00:00+00:00, run_after=2025-10-13 22:00:00+00:00
[2025-10-13T11:27:05.884+0000] {processor.py:183} INFO - Processing /opt/airflow/dags/weather_etl_v2.py took 0.204 seconds
[2025-10-13T11:27:36.291+0000] {processor.py:161} INFO - Started process (PID=9354) to work on /opt/airflow/dags/weather_etl_v2.py
[2025-10-13T11:27:36.292+0000] {processor.py:830} INFO - Processing file /opt/airflow/dags/weather_etl_v2.py for tasks to queue
[2025-10-13T11:27:36.294+0000] {logging_mixin.py:188} INFO - [2025-10-13T11:27:36.294+0000] {dagbag.py:540} INFO - Filling up the DagBag from /opt/airflow/dags/weather_etl_v2.py
[2025-10-13T11:27:36.321+0000] {processor.py:840} INFO - DAG(s) 'weather_etl_v2' retrieved from /opt/airflow/dags/weather_etl_v2.py
[2025-10-13T11:27:36.385+0000] {logging_mixin.py:188} INFO - [2025-10-13T11:27:36.385+0000] {dag.py:3047} INFO - Sync 1 DAGs
[2025-10-13T11:27:36.432+0000] {logging_mixin.py:188} INFO - [2025-10-13T11:27:36.432+0000] {dag.py:3834} INFO - Setting next_dagrun for weather_etl_v2 to 2025-10-12 22:00:00+00:00, run_after=2025-10-13 22:00:00+00:00
[2025-10-13T11:27:36.485+0000] {processor.py:183} INFO - Processing /opt/airflow/dags/weather_etl_v2.py took 0.197 seconds
[2025-10-13T11:28:07.002+0000] {processor.py:161} INFO - Started process (PID=9369) to work on /opt/airflow/dags/weather_etl_v2.py
[2025-10-13T11:28:07.005+0000] {processor.py:830} INFO - Processing file /opt/airflow/dags/weather_etl_v2.py for tasks to queue
[2025-10-13T11:28:07.021+0000] {logging_mixin.py:188} INFO - [2025-10-13T11:28:07.020+0000] {dagbag.py:540} INFO - Filling up the DagBag from /opt/airflow/dags/weather_etl_v2.py
[2025-10-13T11:28:07.074+0000] {processor.py:840} INFO - DAG(s) 'weather_etl_v2' retrieved from /opt/airflow/dags/weather_etl_v2.py
[2025-10-13T11:28:07.144+0000] {logging_mixin.py:188} INFO - [2025-10-13T11:28:07.144+0000] {dag.py:3047} INFO - Sync 1 DAGs
[2025-10-13T11:28:07.201+0000] {logging_mixin.py:188} INFO - [2025-10-13T11:28:07.200+0000] {dag.py:3834} INFO - Setting next_dagrun for weather_etl_v2 to 2025-10-12 22:00:00+00:00, run_after=2025-10-13 22:00:00+00:00
[2025-10-13T11:28:07.259+0000] {processor.py:183} INFO - Processing /opt/airflow/dags/weather_etl_v2.py took 0.261 seconds
[2025-10-13T11:28:37.660+0000] {processor.py:161} INFO - Started process (PID=9384) to work on /opt/airflow/dags/weather_etl_v2.py
[2025-10-13T11:28:37.663+0000] {processor.py:830} INFO - Processing file /opt/airflow/dags/weather_etl_v2.py for tasks to queue
[2025-10-13T11:28:37.665+0000] {logging_mixin.py:188} INFO - [2025-10-13T11:28:37.664+0000] {dagbag.py:540} INFO - Filling up the DagBag from /opt/airflow/dags/weather_etl_v2.py
[2025-10-13T11:28:37.698+0000] {processor.py:840} INFO - DAG(s) 'weather_etl_v2' retrieved from /opt/airflow/dags/weather_etl_v2.py
[2025-10-13T11:28:37.763+0000] {logging_mixin.py:188} INFO - [2025-10-13T11:28:37.762+0000] {dag.py:3047} INFO - Sync 1 DAGs
[2025-10-13T11:28:37.805+0000] {logging_mixin.py:188} INFO - [2025-10-13T11:28:37.805+0000] {dag.py:3834} INFO - Setting next_dagrun for weather_etl_v2 to 2025-10-12 22:00:00+00:00, run_after=2025-10-13 22:00:00+00:00
[2025-10-13T11:28:37.866+0000] {processor.py:183} INFO - Processing /opt/airflow/dags/weather_etl_v2.py took 0.210 seconds
[2025-10-13T11:29:08.298+0000] {processor.py:161} INFO - Started process (PID=9399) to work on /opt/airflow/dags/weather_etl_v2.py
[2025-10-13T11:29:08.299+0000] {processor.py:830} INFO - Processing file /opt/airflow/dags/weather_etl_v2.py for tasks to queue
[2025-10-13T11:29:08.301+0000] {logging_mixin.py:188} INFO - [2025-10-13T11:29:08.300+0000] {dagbag.py:540} INFO - Filling up the DagBag from /opt/airflow/dags/weather_etl_v2.py
[2025-10-13T11:29:08.335+0000] {processor.py:840} INFO - DAG(s) 'weather_etl_v2' retrieved from /opt/airflow/dags/weather_etl_v2.py
[2025-10-13T11:29:08.393+0000] {logging_mixin.py:188} INFO - [2025-10-13T11:29:08.393+0000] {dag.py:3047} INFO - Sync 1 DAGs
[2025-10-13T11:29:08.441+0000] {logging_mixin.py:188} INFO - [2025-10-13T11:29:08.441+0000] {dag.py:3834} INFO - Setting next_dagrun for weather_etl_v2 to 2025-10-12 22:00:00+00:00, run_after=2025-10-13 22:00:00+00:00
[2025-10-13T11:29:08.499+0000] {processor.py:183} INFO - Processing /opt/airflow/dags/weather_etl_v2.py took 0.203 seconds
[2025-10-13T11:29:38.867+0000] {processor.py:161} INFO - Started process (PID=9414) to work on /opt/airflow/dags/weather_etl_v2.py
[2025-10-13T11:29:38.869+0000] {processor.py:830} INFO - Processing file /opt/airflow/dags/weather_etl_v2.py for tasks to queue
[2025-10-13T11:29:38.872+0000] {logging_mixin.py:188} INFO - [2025-10-13T11:29:38.871+0000] {dagbag.py:540} INFO - Filling up the DagBag from /opt/airflow/dags/weather_etl_v2.py
[2025-10-13T11:29:38.906+0000] {processor.py:840} INFO - DAG(s) 'weather_etl_v2' retrieved from /opt/airflow/dags/weather_etl_v2.py
[2025-10-13T11:29:38.989+0000] {logging_mixin.py:188} INFO - [2025-10-13T11:29:38.988+0000] {dag.py:3047} INFO - Sync 1 DAGs
[2025-10-13T11:29:39.043+0000] {logging_mixin.py:188} INFO - [2025-10-13T11:29:39.042+0000] {dag.py:3834} INFO - Setting next_dagrun for weather_etl_v2 to 2025-10-12 22:00:00+00:00, run_after=2025-10-13 22:00:00+00:00
[2025-10-13T11:29:39.101+0000] {processor.py:183} INFO - Processing /opt/airflow/dags/weather_etl_v2.py took 0.242 seconds
[2025-10-13T11:30:09.436+0000] {processor.py:161} INFO - Started process (PID=9429) to work on /opt/airflow/dags/weather_etl_v2.py
[2025-10-13T11:30:09.438+0000] {processor.py:830} INFO - Processing file /opt/airflow/dags/weather_etl_v2.py for tasks to queue
[2025-10-13T11:30:09.439+0000] {logging_mixin.py:188} INFO - [2025-10-13T11:30:09.439+0000] {dagbag.py:540} INFO - Filling up the DagBag from /opt/airflow/dags/weather_etl_v2.py
[2025-10-13T11:30:09.468+0000] {processor.py:840} INFO - DAG(s) 'weather_etl_v2' retrieved from /opt/airflow/dags/weather_etl_v2.py
[2025-10-13T11:30:09.531+0000] {logging_mixin.py:188} INFO - [2025-10-13T11:30:09.531+0000] {dag.py:3047} INFO - Sync 1 DAGs
[2025-10-13T11:30:09.582+0000] {logging_mixin.py:188} INFO - [2025-10-13T11:30:09.581+0000] {dag.py:3834} INFO - Setting next_dagrun for weather_etl_v2 to 2025-10-12 22:00:00+00:00, run_after=2025-10-13 22:00:00+00:00
[2025-10-13T11:30:09.637+0000] {processor.py:183} INFO - Processing /opt/airflow/dags/weather_etl_v2.py took 0.203 seconds
[2025-10-13T11:30:40.023+0000] {processor.py:161} INFO - Started process (PID=9444) to work on /opt/airflow/dags/weather_etl_v2.py
[2025-10-13T11:30:40.026+0000] {processor.py:830} INFO - Processing file /opt/airflow/dags/weather_etl_v2.py for tasks to queue
[2025-10-13T11:30:40.030+0000] {logging_mixin.py:188} INFO - [2025-10-13T11:30:40.029+0000] {dagbag.py:540} INFO - Filling up the DagBag from /opt/airflow/dags/weather_etl_v2.py
[2025-10-13T11:30:40.092+0000] {processor.py:840} INFO - DAG(s) 'weather_etl_v2' retrieved from /opt/airflow/dags/weather_etl_v2.py
[2025-10-13T11:30:40.174+0000] {logging_mixin.py:188} INFO - [2025-10-13T11:30:40.174+0000] {dag.py:3047} INFO - Sync 1 DAGs
[2025-10-13T11:30:40.220+0000] {logging_mixin.py:188} INFO - [2025-10-13T11:30:40.219+0000] {dag.py:3834} INFO - Setting next_dagrun for weather_etl_v2 to 2025-10-12 22:00:00+00:00, run_after=2025-10-13 22:00:00+00:00
[2025-10-13T11:30:40.276+0000] {processor.py:183} INFO - Processing /opt/airflow/dags/weather_etl_v2.py took 0.257 seconds
[2025-10-13T11:31:10.871+0000] {processor.py:161} INFO - Started process (PID=9459) to work on /opt/airflow/dags/weather_etl_v2.py
[2025-10-13T11:31:10.873+0000] {processor.py:830} INFO - Processing file /opt/airflow/dags/weather_etl_v2.py for tasks to queue
[2025-10-13T11:31:10.875+0000] {logging_mixin.py:188} INFO - [2025-10-13T11:31:10.875+0000] {dagbag.py:540} INFO - Filling up the DagBag from /opt/airflow/dags/weather_etl_v2.py
[2025-10-13T11:31:10.905+0000] {processor.py:840} INFO - DAG(s) 'weather_etl_v2' retrieved from /opt/airflow/dags/weather_etl_v2.py
[2025-10-13T11:31:10.987+0000] {logging_mixin.py:188} INFO - [2025-10-13T11:31:10.986+0000] {dag.py:3047} INFO - Sync 1 DAGs
[2025-10-13T11:31:11.048+0000] {logging_mixin.py:188} INFO - [2025-10-13T11:31:11.047+0000] {dag.py:3834} INFO - Setting next_dagrun for weather_etl_v2 to 2025-10-12 22:00:00+00:00, run_after=2025-10-13 22:00:00+00:00
[2025-10-13T11:31:11.125+0000] {processor.py:183} INFO - Processing /opt/airflow/dags/weather_etl_v2.py took 0.266 seconds
[2025-10-13T11:31:41.903+0000] {processor.py:161} INFO - Started process (PID=9474) to work on /opt/airflow/dags/weather_etl_v2.py
[2025-10-13T11:31:41.917+0000] {processor.py:830} INFO - Processing file /opt/airflow/dags/weather_etl_v2.py for tasks to queue
[2025-10-13T11:31:41.926+0000] {logging_mixin.py:188} INFO - [2025-10-13T11:31:41.924+0000] {dagbag.py:540} INFO - Filling up the DagBag from /opt/airflow/dags/weather_etl_v2.py
[2025-10-13T11:31:42.051+0000] {processor.py:840} INFO - DAG(s) 'weather_etl_v2' retrieved from /opt/airflow/dags/weather_etl_v2.py
[2025-10-13T11:31:42.224+0000] {logging_mixin.py:188} INFO - [2025-10-13T11:31:42.223+0000] {dag.py:3047} INFO - Sync 1 DAGs
[2025-10-13T11:31:42.382+0000] {logging_mixin.py:188} INFO - [2025-10-13T11:31:42.379+0000] {dag.py:3834} INFO - Setting next_dagrun for weather_etl_v2 to 2025-10-12 22:00:00+00:00, run_after=2025-10-13 22:00:00+00:00
[2025-10-13T11:31:42.505+0000] {processor.py:183} INFO - Processing /opt/airflow/dags/weather_etl_v2.py took 0.624 seconds
[2025-10-13T11:32:13.252+0000] {processor.py:161} INFO - Started process (PID=9489) to work on /opt/airflow/dags/weather_etl_v2.py
[2025-10-13T11:32:13.255+0000] {processor.py:830} INFO - Processing file /opt/airflow/dags/weather_etl_v2.py for tasks to queue
[2025-10-13T11:32:13.257+0000] {logging_mixin.py:188} INFO - [2025-10-13T11:32:13.257+0000] {dagbag.py:540} INFO - Filling up the DagBag from /opt/airflow/dags/weather_etl_v2.py
[2025-10-13T11:32:13.296+0000] {processor.py:840} INFO - DAG(s) 'weather_etl_v2' retrieved from /opt/airflow/dags/weather_etl_v2.py
[2025-10-13T11:32:13.408+0000] {logging_mixin.py:188} INFO - [2025-10-13T11:32:13.408+0000] {dag.py:3047} INFO - Sync 1 DAGs
[2025-10-13T11:32:13.484+0000] {logging_mixin.py:188} INFO - [2025-10-13T11:32:13.483+0000] {dag.py:3834} INFO - Setting next_dagrun for weather_etl_v2 to 2025-10-12 22:00:00+00:00, run_after=2025-10-13 22:00:00+00:00
[2025-10-13T11:32:13.556+0000] {processor.py:183} INFO - Processing /opt/airflow/dags/weather_etl_v2.py took 0.309 seconds
[2025-10-13T11:32:44.065+0000] {processor.py:161} INFO - Started process (PID=9504) to work on /opt/airflow/dags/weather_etl_v2.py
[2025-10-13T11:32:44.067+0000] {processor.py:830} INFO - Processing file /opt/airflow/dags/weather_etl_v2.py for tasks to queue
[2025-10-13T11:32:44.069+0000] {logging_mixin.py:188} INFO - [2025-10-13T11:32:44.069+0000] {dagbag.py:540} INFO - Filling up the DagBag from /opt/airflow/dags/weather_etl_v2.py
[2025-10-13T11:32:44.107+0000] {processor.py:840} INFO - DAG(s) 'weather_etl_v2' retrieved from /opt/airflow/dags/weather_etl_v2.py
[2025-10-13T11:32:44.190+0000] {logging_mixin.py:188} INFO - [2025-10-13T11:32:44.190+0000] {dag.py:3047} INFO - Sync 1 DAGs
[2025-10-13T11:32:44.244+0000] {logging_mixin.py:188} INFO - [2025-10-13T11:32:44.244+0000] {dag.py:3834} INFO - Setting next_dagrun for weather_etl_v2 to 2025-10-12 22:00:00+00:00, run_after=2025-10-13 22:00:00+00:00
[2025-10-13T11:32:44.311+0000] {processor.py:183} INFO - Processing /opt/airflow/dags/weather_etl_v2.py took 0.249 seconds
[2025-10-13T11:33:14.859+0000] {processor.py:161} INFO - Started process (PID=9519) to work on /opt/airflow/dags/weather_etl_v2.py
[2025-10-13T11:33:14.861+0000] {processor.py:830} INFO - Processing file /opt/airflow/dags/weather_etl_v2.py for tasks to queue
[2025-10-13T11:33:14.863+0000] {logging_mixin.py:188} INFO - [2025-10-13T11:33:14.862+0000] {dagbag.py:540} INFO - Filling up the DagBag from /opt/airflow/dags/weather_etl_v2.py
[2025-10-13T11:33:14.894+0000] {processor.py:840} INFO - DAG(s) 'weather_etl_v2' retrieved from /opt/airflow/dags/weather_etl_v2.py
[2025-10-13T11:33:14.956+0000] {logging_mixin.py:188} INFO - [2025-10-13T11:33:14.956+0000] {dag.py:3047} INFO - Sync 1 DAGs
[2025-10-13T11:33:15.005+0000] {logging_mixin.py:188} INFO - [2025-10-13T11:33:15.005+0000] {dag.py:3834} INFO - Setting next_dagrun for weather_etl_v2 to 2025-10-12 22:00:00+00:00, run_after=2025-10-13 22:00:00+00:00
[2025-10-13T11:33:15.066+0000] {processor.py:183} INFO - Processing /opt/airflow/dags/weather_etl_v2.py took 0.211 seconds
[2025-10-13T11:33:45.596+0000] {processor.py:161} INFO - Started process (PID=9534) to work on /opt/airflow/dags/weather_etl_v2.py
[2025-10-13T11:33:45.598+0000] {processor.py:830} INFO - Processing file /opt/airflow/dags/weather_etl_v2.py for tasks to queue
[2025-10-13T11:33:45.599+0000] {logging_mixin.py:188} INFO - [2025-10-13T11:33:45.599+0000] {dagbag.py:540} INFO - Filling up the DagBag from /opt/airflow/dags/weather_etl_v2.py
[2025-10-13T11:33:45.624+0000] {processor.py:840} INFO - DAG(s) 'weather_etl_v2' retrieved from /opt/airflow/dags/weather_etl_v2.py
[2025-10-13T11:33:45.684+0000] {logging_mixin.py:188} INFO - [2025-10-13T11:33:45.684+0000] {dag.py:3047} INFO - Sync 1 DAGs
[2025-10-13T11:33:45.726+0000] {logging_mixin.py:188} INFO - [2025-10-13T11:33:45.726+0000] {dag.py:3834} INFO - Setting next_dagrun for weather_etl_v2 to 2025-10-12 22:00:00+00:00, run_after=2025-10-13 22:00:00+00:00
[2025-10-13T11:33:45.782+0000] {processor.py:183} INFO - Processing /opt/airflow/dags/weather_etl_v2.py took 0.189 seconds
[2025-10-13T11:34:16.499+0000] {processor.py:161} INFO - Started process (PID=9549) to work on /opt/airflow/dags/weather_etl_v2.py
[2025-10-13T11:34:16.500+0000] {processor.py:830} INFO - Processing file /opt/airflow/dags/weather_etl_v2.py for tasks to queue
[2025-10-13T11:34:16.503+0000] {logging_mixin.py:188} INFO - [2025-10-13T11:34:16.502+0000] {dagbag.py:540} INFO - Filling up the DagBag from /opt/airflow/dags/weather_etl_v2.py
[2025-10-13T11:34:16.541+0000] {processor.py:840} INFO - DAG(s) 'weather_etl_v2' retrieved from /opt/airflow/dags/weather_etl_v2.py
[2025-10-13T11:34:16.631+0000] {logging_mixin.py:188} INFO - [2025-10-13T11:34:16.631+0000] {dag.py:3047} INFO - Sync 1 DAGs
[2025-10-13T11:34:16.679+0000] {logging_mixin.py:188} INFO - [2025-10-13T11:34:16.679+0000] {dag.py:3834} INFO - Setting next_dagrun for weather_etl_v2 to 2025-10-12 22:00:00+00:00, run_after=2025-10-13 22:00:00+00:00
[2025-10-13T11:34:16.738+0000] {processor.py:183} INFO - Processing /opt/airflow/dags/weather_etl_v2.py took 0.243 seconds
[2025-10-13T11:34:47.435+0000] {processor.py:161} INFO - Started process (PID=9564) to work on /opt/airflow/dags/weather_etl_v2.py
[2025-10-13T11:34:47.441+0000] {processor.py:830} INFO - Processing file /opt/airflow/dags/weather_etl_v2.py for tasks to queue
[2025-10-13T11:34:47.445+0000] {logging_mixin.py:188} INFO - [2025-10-13T11:34:47.444+0000] {dagbag.py:540} INFO - Filling up the DagBag from /opt/airflow/dags/weather_etl_v2.py
[2025-10-13T11:34:47.494+0000] {processor.py:840} INFO - DAG(s) 'weather_etl_v2' retrieved from /opt/airflow/dags/weather_etl_v2.py
[2025-10-13T11:34:47.592+0000] {logging_mixin.py:188} INFO - [2025-10-13T11:34:47.591+0000] {dag.py:3047} INFO - Sync 1 DAGs
[2025-10-13T11:34:47.637+0000] {logging_mixin.py:188} INFO - [2025-10-13T11:34:47.637+0000] {dag.py:3834} INFO - Setting next_dagrun for weather_etl_v2 to 2025-10-12 22:00:00+00:00, run_after=2025-10-13 22:00:00+00:00
[2025-10-13T11:34:47.697+0000] {processor.py:183} INFO - Processing /opt/airflow/dags/weather_etl_v2.py took 0.269 seconds
[2025-10-13T11:35:18.082+0000] {processor.py:161} INFO - Started process (PID=9579) to work on /opt/airflow/dags/weather_etl_v2.py
[2025-10-13T11:35:18.085+0000] {processor.py:830} INFO - Processing file /opt/airflow/dags/weather_etl_v2.py for tasks to queue
[2025-10-13T11:35:18.087+0000] {logging_mixin.py:188} INFO - [2025-10-13T11:35:18.086+0000] {dagbag.py:540} INFO - Filling up the DagBag from /opt/airflow/dags/weather_etl_v2.py
[2025-10-13T11:35:18.126+0000] {processor.py:840} INFO - DAG(s) 'weather_etl_v2' retrieved from /opt/airflow/dags/weather_etl_v2.py
[2025-10-13T11:35:18.209+0000] {logging_mixin.py:188} INFO - [2025-10-13T11:35:18.208+0000] {dag.py:3047} INFO - Sync 1 DAGs
[2025-10-13T11:35:18.268+0000] {logging_mixin.py:188} INFO - [2025-10-13T11:35:18.267+0000] {dag.py:3834} INFO - Setting next_dagrun for weather_etl_v2 to 2025-10-12 22:00:00+00:00, run_after=2025-10-13 22:00:00+00:00
[2025-10-13T11:35:18.346+0000] {processor.py:183} INFO - Processing /opt/airflow/dags/weather_etl_v2.py took 0.269 seconds
[2025-10-13T11:35:48.652+0000] {processor.py:161} INFO - Started process (PID=9594) to work on /opt/airflow/dags/weather_etl_v2.py
[2025-10-13T11:35:48.653+0000] {processor.py:830} INFO - Processing file /opt/airflow/dags/weather_etl_v2.py for tasks to queue
[2025-10-13T11:35:48.656+0000] {logging_mixin.py:188} INFO - [2025-10-13T11:35:48.655+0000] {dagbag.py:540} INFO - Filling up the DagBag from /opt/airflow/dags/weather_etl_v2.py
[2025-10-13T11:35:48.687+0000] {processor.py:840} INFO - DAG(s) 'weather_etl_v2' retrieved from /opt/airflow/dags/weather_etl_v2.py
[2025-10-13T11:35:48.750+0000] {logging_mixin.py:188} INFO - [2025-10-13T11:35:48.750+0000] {dag.py:3047} INFO - Sync 1 DAGs
[2025-10-13T11:35:48.798+0000] {logging_mixin.py:188} INFO - [2025-10-13T11:35:48.798+0000] {dag.py:3834} INFO - Setting next_dagrun for weather_etl_v2 to 2025-10-12 22:00:00+00:00, run_after=2025-10-13 22:00:00+00:00
[2025-10-13T11:35:48.856+0000] {processor.py:183} INFO - Processing /opt/airflow/dags/weather_etl_v2.py took 0.207 seconds
[2025-10-13T11:36:19.238+0000] {processor.py:161} INFO - Started process (PID=9609) to work on /opt/airflow/dags/weather_etl_v2.py
[2025-10-13T11:36:19.240+0000] {processor.py:830} INFO - Processing file /opt/airflow/dags/weather_etl_v2.py for tasks to queue
[2025-10-13T11:36:19.241+0000] {logging_mixin.py:188} INFO - [2025-10-13T11:36:19.241+0000] {dagbag.py:540} INFO - Filling up the DagBag from /opt/airflow/dags/weather_etl_v2.py
[2025-10-13T11:36:19.266+0000] {processor.py:840} INFO - DAG(s) 'weather_etl_v2' retrieved from /opt/airflow/dags/weather_etl_v2.py
[2025-10-13T11:36:19.325+0000] {logging_mixin.py:188} INFO - [2025-10-13T11:36:19.325+0000] {dag.py:3047} INFO - Sync 1 DAGs
[2025-10-13T11:36:19.366+0000] {logging_mixin.py:188} INFO - [2025-10-13T11:36:19.366+0000] {dag.py:3834} INFO - Setting next_dagrun for weather_etl_v2 to 2025-10-12 22:00:00+00:00, run_after=2025-10-13 22:00:00+00:00
[2025-10-13T11:36:19.419+0000] {processor.py:183} INFO - Processing /opt/airflow/dags/weather_etl_v2.py took 0.183 seconds
[2025-10-13T11:36:49.882+0000] {processor.py:161} INFO - Started process (PID=9624) to work on /opt/airflow/dags/weather_etl_v2.py
[2025-10-13T11:36:49.883+0000] {processor.py:830} INFO - Processing file /opt/airflow/dags/weather_etl_v2.py for tasks to queue
[2025-10-13T11:36:49.886+0000] {logging_mixin.py:188} INFO - [2025-10-13T11:36:49.885+0000] {dagbag.py:540} INFO - Filling up the DagBag from /opt/airflow/dags/weather_etl_v2.py
[2025-10-13T11:36:49.921+0000] {processor.py:840} INFO - DAG(s) 'weather_etl_v2' retrieved from /opt/airflow/dags/weather_etl_v2.py
[2025-10-13T11:36:49.995+0000] {logging_mixin.py:188} INFO - [2025-10-13T11:36:49.994+0000] {dag.py:3047} INFO - Sync 1 DAGs
[2025-10-13T11:36:50.037+0000] {logging_mixin.py:188} INFO - [2025-10-13T11:36:50.036+0000] {dag.py:3834} INFO - Setting next_dagrun for weather_etl_v2 to 2025-10-12 22:00:00+00:00, run_after=2025-10-13 22:00:00+00:00
[2025-10-13T11:36:50.090+0000] {processor.py:183} INFO - Processing /opt/airflow/dags/weather_etl_v2.py took 0.212 seconds
[2025-10-13T11:37:20.654+0000] {processor.py:161} INFO - Started process (PID=9639) to work on /opt/airflow/dags/weather_etl_v2.py
[2025-10-13T11:37:20.656+0000] {processor.py:830} INFO - Processing file /opt/airflow/dags/weather_etl_v2.py for tasks to queue
[2025-10-13T11:37:20.657+0000] {logging_mixin.py:188} INFO - [2025-10-13T11:37:20.657+0000] {dagbag.py:540} INFO - Filling up the DagBag from /opt/airflow/dags/weather_etl_v2.py
[2025-10-13T11:37:20.689+0000] {processor.py:840} INFO - DAG(s) 'weather_etl_v2' retrieved from /opt/airflow/dags/weather_etl_v2.py
[2025-10-13T11:37:20.755+0000] {logging_mixin.py:188} INFO - [2025-10-13T11:37:20.754+0000] {dag.py:3047} INFO - Sync 1 DAGs
[2025-10-13T11:37:20.801+0000] {logging_mixin.py:188} INFO - [2025-10-13T11:37:20.801+0000] {dag.py:3834} INFO - Setting next_dagrun for weather_etl_v2 to 2025-10-12 22:00:00+00:00, run_after=2025-10-13 22:00:00+00:00
[2025-10-13T11:37:20.857+0000] {processor.py:183} INFO - Processing /opt/airflow/dags/weather_etl_v2.py took 0.205 seconds
[2025-10-13T11:37:51.322+0000] {processor.py:161} INFO - Started process (PID=9654) to work on /opt/airflow/dags/weather_etl_v2.py
[2025-10-13T11:37:51.323+0000] {processor.py:830} INFO - Processing file /opt/airflow/dags/weather_etl_v2.py for tasks to queue
[2025-10-13T11:37:51.324+0000] {logging_mixin.py:188} INFO - [2025-10-13T11:37:51.324+0000] {dagbag.py:540} INFO - Filling up the DagBag from /opt/airflow/dags/weather_etl_v2.py
[2025-10-13T11:37:51.355+0000] {processor.py:840} INFO - DAG(s) 'weather_etl_v2' retrieved from /opt/airflow/dags/weather_etl_v2.py
[2025-10-13T11:37:51.415+0000] {logging_mixin.py:188} INFO - [2025-10-13T11:37:51.415+0000] {dag.py:3047} INFO - Sync 1 DAGs
[2025-10-13T11:37:51.460+0000] {logging_mixin.py:188} INFO - [2025-10-13T11:37:51.460+0000] {dag.py:3834} INFO - Setting next_dagrun for weather_etl_v2 to 2025-10-12 22:00:00+00:00, run_after=2025-10-13 22:00:00+00:00
[2025-10-13T11:37:51.585+0000] {processor.py:183} INFO - Processing /opt/airflow/dags/weather_etl_v2.py took 0.266 seconds
[2025-10-13T11:38:22.090+0000] {processor.py:161} INFO - Started process (PID=9669) to work on /opt/airflow/dags/weather_etl_v2.py
[2025-10-13T11:38:22.098+0000] {processor.py:830} INFO - Processing file /opt/airflow/dags/weather_etl_v2.py for tasks to queue
[2025-10-13T11:38:22.101+0000] {logging_mixin.py:188} INFO - [2025-10-13T11:38:22.100+0000] {dagbag.py:540} INFO - Filling up the DagBag from /opt/airflow/dags/weather_etl_v2.py
[2025-10-13T11:38:22.219+0000] {processor.py:840} INFO - DAG(s) 'weather_etl_v2' retrieved from /opt/airflow/dags/weather_etl_v2.py
[2025-10-13T11:38:22.330+0000] {logging_mixin.py:188} INFO - [2025-10-13T11:38:22.330+0000] {dag.py:3047} INFO - Sync 1 DAGs
[2025-10-13T11:38:22.384+0000] {logging_mixin.py:188} INFO - [2025-10-13T11:38:22.383+0000] {dag.py:3834} INFO - Setting next_dagrun for weather_etl_v2 to 2025-10-12 22:00:00+00:00, run_after=2025-10-13 22:00:00+00:00
[2025-10-13T11:38:22.437+0000] {processor.py:183} INFO - Processing /opt/airflow/dags/weather_etl_v2.py took 0.357 seconds
[2025-10-13T11:38:52.807+0000] {processor.py:161} INFO - Started process (PID=9684) to work on /opt/airflow/dags/weather_etl_v2.py
[2025-10-13T11:38:52.810+0000] {processor.py:830} INFO - Processing file /opt/airflow/dags/weather_etl_v2.py for tasks to queue
[2025-10-13T11:38:52.813+0000] {logging_mixin.py:188} INFO - [2025-10-13T11:38:52.812+0000] {dagbag.py:540} INFO - Filling up the DagBag from /opt/airflow/dags/weather_etl_v2.py
[2025-10-13T11:38:52.855+0000] {processor.py:840} INFO - DAG(s) 'weather_etl_v2' retrieved from /opt/airflow/dags/weather_etl_v2.py
[2025-10-13T11:38:52.925+0000] {logging_mixin.py:188} INFO - [2025-10-13T11:38:52.925+0000] {dag.py:3047} INFO - Sync 1 DAGs
[2025-10-13T11:38:52.981+0000] {logging_mixin.py:188} INFO - [2025-10-13T11:38:52.980+0000] {dag.py:3834} INFO - Setting next_dagrun for weather_etl_v2 to 2025-10-12 22:00:00+00:00, run_after=2025-10-13 22:00:00+00:00
[2025-10-13T11:38:53.041+0000] {processor.py:183} INFO - Processing /opt/airflow/dags/weather_etl_v2.py took 0.239 seconds
[2025-10-13T11:39:23.360+0000] {processor.py:161} INFO - Started process (PID=9699) to work on /opt/airflow/dags/weather_etl_v2.py
[2025-10-13T11:39:23.361+0000] {processor.py:830} INFO - Processing file /opt/airflow/dags/weather_etl_v2.py for tasks to queue
[2025-10-13T11:39:23.363+0000] {logging_mixin.py:188} INFO - [2025-10-13T11:39:23.363+0000] {dagbag.py:540} INFO - Filling up the DagBag from /opt/airflow/dags/weather_etl_v2.py
[2025-10-13T11:39:23.389+0000] {processor.py:840} INFO - DAG(s) 'weather_etl_v2' retrieved from /opt/airflow/dags/weather_etl_v2.py
[2025-10-13T11:39:23.445+0000] {logging_mixin.py:188} INFO - [2025-10-13T11:39:23.445+0000] {dag.py:3047} INFO - Sync 1 DAGs
[2025-10-13T11:39:23.486+0000] {logging_mixin.py:188} INFO - [2025-10-13T11:39:23.485+0000] {dag.py:3834} INFO - Setting next_dagrun for weather_etl_v2 to 2025-10-12 22:00:00+00:00, run_after=2025-10-13 22:00:00+00:00
[2025-10-13T11:39:23.539+0000] {processor.py:183} INFO - Processing /opt/airflow/dags/weather_etl_v2.py took 0.181 seconds
[2025-10-13T11:39:53.958+0000] {processor.py:161} INFO - Started process (PID=9714) to work on /opt/airflow/dags/weather_etl_v2.py
[2025-10-13T11:39:53.959+0000] {processor.py:830} INFO - Processing file /opt/airflow/dags/weather_etl_v2.py for tasks to queue
[2025-10-13T11:39:53.961+0000] {logging_mixin.py:188} INFO - [2025-10-13T11:39:53.960+0000] {dagbag.py:540} INFO - Filling up the DagBag from /opt/airflow/dags/weather_etl_v2.py
[2025-10-13T11:39:53.991+0000] {processor.py:840} INFO - DAG(s) 'weather_etl_v2' retrieved from /opt/airflow/dags/weather_etl_v2.py
[2025-10-13T11:39:54.051+0000] {logging_mixin.py:188} INFO - [2025-10-13T11:39:54.051+0000] {dag.py:3047} INFO - Sync 1 DAGs
[2025-10-13T11:39:54.090+0000] {logging_mixin.py:188} INFO - [2025-10-13T11:39:54.090+0000] {dag.py:3834} INFO - Setting next_dagrun for weather_etl_v2 to 2025-10-12 22:00:00+00:00, run_after=2025-10-13 22:00:00+00:00
[2025-10-13T11:39:54.138+0000] {processor.py:183} INFO - Processing /opt/airflow/dags/weather_etl_v2.py took 0.183 seconds
[2025-10-13T11:40:24.543+0000] {processor.py:161} INFO - Started process (PID=9729) to work on /opt/airflow/dags/weather_etl_v2.py
[2025-10-13T11:40:24.544+0000] {processor.py:830} INFO - Processing file /opt/airflow/dags/weather_etl_v2.py for tasks to queue
[2025-10-13T11:40:24.546+0000] {logging_mixin.py:188} INFO - [2025-10-13T11:40:24.545+0000] {dagbag.py:540} INFO - Filling up the DagBag from /opt/airflow/dags/weather_etl_v2.py
[2025-10-13T11:40:24.572+0000] {processor.py:840} INFO - DAG(s) 'weather_etl_v2' retrieved from /opt/airflow/dags/weather_etl_v2.py
[2025-10-13T11:40:24.627+0000] {logging_mixin.py:188} INFO - [2025-10-13T11:40:24.627+0000] {dag.py:3047} INFO - Sync 1 DAGs
[2025-10-13T11:40:24.673+0000] {logging_mixin.py:188} INFO - [2025-10-13T11:40:24.673+0000] {dag.py:3834} INFO - Setting next_dagrun for weather_etl_v2 to 2025-10-12 22:00:00+00:00, run_after=2025-10-13 22:00:00+00:00
[2025-10-13T11:40:24.734+0000] {processor.py:183} INFO - Processing /opt/airflow/dags/weather_etl_v2.py took 0.195 seconds
[2025-10-13T11:40:55.209+0000] {processor.py:161} INFO - Started process (PID=9744) to work on /opt/airflow/dags/weather_etl_v2.py
[2025-10-13T11:40:55.210+0000] {processor.py:830} INFO - Processing file /opt/airflow/dags/weather_etl_v2.py for tasks to queue
[2025-10-13T11:40:55.212+0000] {logging_mixin.py:188} INFO - [2025-10-13T11:40:55.211+0000] {dagbag.py:540} INFO - Filling up the DagBag from /opt/airflow/dags/weather_etl_v2.py
[2025-10-13T11:40:55.239+0000] {processor.py:840} INFO - DAG(s) 'weather_etl_v2' retrieved from /opt/airflow/dags/weather_etl_v2.py
[2025-10-13T11:40:55.305+0000] {logging_mixin.py:188} INFO - [2025-10-13T11:40:55.304+0000] {dag.py:3047} INFO - Sync 1 DAGs
[2025-10-13T11:40:55.359+0000] {logging_mixin.py:188} INFO - [2025-10-13T11:40:55.358+0000] {dag.py:3834} INFO - Setting next_dagrun for weather_etl_v2 to 2025-10-12 22:00:00+00:00, run_after=2025-10-13 22:00:00+00:00
[2025-10-13T11:40:55.420+0000] {processor.py:183} INFO - Processing /opt/airflow/dags/weather_etl_v2.py took 0.215 seconds
[2025-10-13T11:41:25.879+0000] {processor.py:161} INFO - Started process (PID=9759) to work on /opt/airflow/dags/weather_etl_v2.py
[2025-10-13T11:41:25.880+0000] {processor.py:830} INFO - Processing file /opt/airflow/dags/weather_etl_v2.py for tasks to queue
[2025-10-13T11:41:25.882+0000] {logging_mixin.py:188} INFO - [2025-10-13T11:41:25.882+0000] {dagbag.py:540} INFO - Filling up the DagBag from /opt/airflow/dags/weather_etl_v2.py
[2025-10-13T11:41:25.910+0000] {processor.py:840} INFO - DAG(s) 'weather_etl_v2' retrieved from /opt/airflow/dags/weather_etl_v2.py
[2025-10-13T11:41:25.973+0000] {logging_mixin.py:188} INFO - [2025-10-13T11:41:25.973+0000] {dag.py:3047} INFO - Sync 1 DAGs
[2025-10-13T11:41:26.018+0000] {logging_mixin.py:188} INFO - [2025-10-13T11:41:26.018+0000] {dag.py:3834} INFO - Setting next_dagrun for weather_etl_v2 to 2025-10-12 22:00:00+00:00, run_after=2025-10-13 22:00:00+00:00
[2025-10-13T11:41:26.071+0000] {processor.py:183} INFO - Processing /opt/airflow/dags/weather_etl_v2.py took 0.208 seconds
[2025-10-13T11:41:56.775+0000] {processor.py:161} INFO - Started process (PID=9774) to work on /opt/airflow/dags/weather_etl_v2.py
[2025-10-13T11:41:56.776+0000] {processor.py:830} INFO - Processing file /opt/airflow/dags/weather_etl_v2.py for tasks to queue
[2025-10-13T11:41:56.778+0000] {logging_mixin.py:188} INFO - [2025-10-13T11:41:56.777+0000] {dagbag.py:540} INFO - Filling up the DagBag from /opt/airflow/dags/weather_etl_v2.py
[2025-10-13T11:41:56.807+0000] {processor.py:840} INFO - DAG(s) 'weather_etl_v2' retrieved from /opt/airflow/dags/weather_etl_v2.py
[2025-10-13T11:41:56.875+0000] {logging_mixin.py:188} INFO - [2025-10-13T11:41:56.875+0000] {dag.py:3047} INFO - Sync 1 DAGs
[2025-10-13T11:41:56.925+0000] {logging_mixin.py:188} INFO - [2025-10-13T11:41:56.925+0000] {dag.py:3834} INFO - Setting next_dagrun for weather_etl_v2 to 2025-10-12 22:00:00+00:00, run_after=2025-10-13 22:00:00+00:00
[2025-10-13T11:41:56.983+0000] {processor.py:183} INFO - Processing /opt/airflow/dags/weather_etl_v2.py took 0.211 seconds
[2025-10-13T11:42:27.391+0000] {processor.py:161} INFO - Started process (PID=9789) to work on /opt/airflow/dags/weather_etl_v2.py
[2025-10-13T11:42:27.393+0000] {processor.py:830} INFO - Processing file /opt/airflow/dags/weather_etl_v2.py for tasks to queue
[2025-10-13T11:42:27.394+0000] {logging_mixin.py:188} INFO - [2025-10-13T11:42:27.394+0000] {dagbag.py:540} INFO - Filling up the DagBag from /opt/airflow/dags/weather_etl_v2.py
[2025-10-13T11:42:27.426+0000] {processor.py:840} INFO - DAG(s) 'weather_etl_v2' retrieved from /opt/airflow/dags/weather_etl_v2.py
[2025-10-13T11:42:27.688+0000] {logging_mixin.py:188} INFO - [2025-10-13T11:42:27.688+0000] {dag.py:3047} INFO - Sync 1 DAGs
[2025-10-13T11:42:27.736+0000] {logging_mixin.py:188} INFO - [2025-10-13T11:42:27.735+0000] {dag.py:3834} INFO - Setting next_dagrun for weather_etl_v2 to 2025-10-12 22:00:00+00:00, run_after=2025-10-13 22:00:00+00:00
[2025-10-13T11:42:27.792+0000] {processor.py:183} INFO - Processing /opt/airflow/dags/weather_etl_v2.py took 0.417 seconds
[2025-10-13T11:42:58.087+0000] {processor.py:161} INFO - Started process (PID=9804) to work on /opt/airflow/dags/weather_etl_v2.py
[2025-10-13T11:42:58.089+0000] {processor.py:830} INFO - Processing file /opt/airflow/dags/weather_etl_v2.py for tasks to queue
[2025-10-13T11:42:58.090+0000] {logging_mixin.py:188} INFO - [2025-10-13T11:42:58.090+0000] {dagbag.py:540} INFO - Filling up the DagBag from /opt/airflow/dags/weather_etl_v2.py
[2025-10-13T11:42:58.116+0000] {processor.py:840} INFO - DAG(s) 'weather_etl_v2' retrieved from /opt/airflow/dags/weather_etl_v2.py
[2025-10-13T11:42:58.187+0000] {logging_mixin.py:188} INFO - [2025-10-13T11:42:58.186+0000] {dag.py:3047} INFO - Sync 1 DAGs
[2025-10-13T11:42:58.233+0000] {logging_mixin.py:188} INFO - [2025-10-13T11:42:58.232+0000] {dag.py:3834} INFO - Setting next_dagrun for weather_etl_v2 to 2025-10-12 22:00:00+00:00, run_after=2025-10-13 22:00:00+00:00
[2025-10-13T11:42:58.292+0000] {processor.py:183} INFO - Processing /opt/airflow/dags/weather_etl_v2.py took 0.208 seconds
[2025-10-13T11:43:28.748+0000] {processor.py:161} INFO - Started process (PID=9819) to work on /opt/airflow/dags/weather_etl_v2.py
[2025-10-13T11:43:28.750+0000] {processor.py:830} INFO - Processing file /opt/airflow/dags/weather_etl_v2.py for tasks to queue
[2025-10-13T11:43:28.752+0000] {logging_mixin.py:188} INFO - [2025-10-13T11:43:28.751+0000] {dagbag.py:540} INFO - Filling up the DagBag from /opt/airflow/dags/weather_etl_v2.py
[2025-10-13T11:43:28.785+0000] {processor.py:840} INFO - DAG(s) 'weather_etl_v2' retrieved from /opt/airflow/dags/weather_etl_v2.py
[2025-10-13T11:43:28.856+0000] {logging_mixin.py:188} INFO - [2025-10-13T11:43:28.856+0000] {dag.py:3047} INFO - Sync 1 DAGs
[2025-10-13T11:43:28.904+0000] {logging_mixin.py:188} INFO - [2025-10-13T11:43:28.903+0000] {dag.py:3834} INFO - Setting next_dagrun for weather_etl_v2 to 2025-10-12 22:00:00+00:00, run_after=2025-10-13 22:00:00+00:00
[2025-10-13T11:43:28.965+0000] {processor.py:183} INFO - Processing /opt/airflow/dags/weather_etl_v2.py took 0.222 seconds
[2025-10-13T11:43:59.494+0000] {processor.py:161} INFO - Started process (PID=9834) to work on /opt/airflow/dags/weather_etl_v2.py
[2025-10-13T11:43:59.496+0000] {processor.py:830} INFO - Processing file /opt/airflow/dags/weather_etl_v2.py for tasks to queue
[2025-10-13T11:43:59.498+0000] {logging_mixin.py:188} INFO - [2025-10-13T11:43:59.497+0000] {dagbag.py:540} INFO - Filling up the DagBag from /opt/airflow/dags/weather_etl_v2.py
[2025-10-13T11:43:59.533+0000] {processor.py:840} INFO - DAG(s) 'weather_etl_v2' retrieved from /opt/airflow/dags/weather_etl_v2.py
[2025-10-13T11:43:59.605+0000] {logging_mixin.py:188} INFO - [2025-10-13T11:43:59.604+0000] {dag.py:3047} INFO - Sync 1 DAGs
[2025-10-13T11:43:59.658+0000] {logging_mixin.py:188} INFO - [2025-10-13T11:43:59.657+0000] {dag.py:3834} INFO - Setting next_dagrun for weather_etl_v2 to 2025-10-12 22:00:00+00:00, run_after=2025-10-13 22:00:00+00:00
[2025-10-13T11:43:59.719+0000] {processor.py:183} INFO - Processing /opt/airflow/dags/weather_etl_v2.py took 0.227 seconds
[2025-10-13T11:44:30.155+0000] {processor.py:161} INFO - Started process (PID=9849) to work on /opt/airflow/dags/weather_etl_v2.py
[2025-10-13T11:44:30.156+0000] {processor.py:830} INFO - Processing file /opt/airflow/dags/weather_etl_v2.py for tasks to queue
[2025-10-13T11:44:30.157+0000] {logging_mixin.py:188} INFO - [2025-10-13T11:44:30.157+0000] {dagbag.py:540} INFO - Filling up the DagBag from /opt/airflow/dags/weather_etl_v2.py
[2025-10-13T11:44:30.194+0000] {processor.py:840} INFO - DAG(s) 'weather_etl_v2' retrieved from /opt/airflow/dags/weather_etl_v2.py
[2025-10-13T11:44:30.261+0000] {logging_mixin.py:188} INFO - [2025-10-13T11:44:30.260+0000] {dag.py:3047} INFO - Sync 1 DAGs
[2025-10-13T11:44:30.309+0000] {logging_mixin.py:188} INFO - [2025-10-13T11:44:30.308+0000] {dag.py:3834} INFO - Setting next_dagrun for weather_etl_v2 to 2025-10-12 22:00:00+00:00, run_after=2025-10-13 22:00:00+00:00
[2025-10-13T11:44:30.364+0000] {processor.py:183} INFO - Processing /opt/airflow/dags/weather_etl_v2.py took 0.213 seconds
[2025-10-13T11:45:00.759+0000] {processor.py:161} INFO - Started process (PID=9864) to work on /opt/airflow/dags/weather_etl_v2.py
[2025-10-13T11:45:00.761+0000] {processor.py:830} INFO - Processing file /opt/airflow/dags/weather_etl_v2.py for tasks to queue
[2025-10-13T11:45:00.763+0000] {logging_mixin.py:188} INFO - [2025-10-13T11:45:00.762+0000] {dagbag.py:540} INFO - Filling up the DagBag from /opt/airflow/dags/weather_etl_v2.py
[2025-10-13T11:45:00.793+0000] {processor.py:840} INFO - DAG(s) 'weather_etl_v2' retrieved from /opt/airflow/dags/weather_etl_v2.py
[2025-10-13T11:45:00.860+0000] {logging_mixin.py:188} INFO - [2025-10-13T11:45:00.859+0000] {dag.py:3047} INFO - Sync 1 DAGs
[2025-10-13T11:45:00.911+0000] {logging_mixin.py:188} INFO - [2025-10-13T11:45:00.911+0000] {dag.py:3834} INFO - Setting next_dagrun for weather_etl_v2 to 2025-10-12 22:00:00+00:00, run_after=2025-10-13 22:00:00+00:00
[2025-10-13T11:45:00.981+0000] {processor.py:183} INFO - Processing /opt/airflow/dags/weather_etl_v2.py took 0.225 seconds
[2025-10-13T11:45:31.352+0000] {processor.py:161} INFO - Started process (PID=9879) to work on /opt/airflow/dags/weather_etl_v2.py
[2025-10-13T11:45:31.353+0000] {processor.py:830} INFO - Processing file /opt/airflow/dags/weather_etl_v2.py for tasks to queue
[2025-10-13T11:45:31.354+0000] {logging_mixin.py:188} INFO - [2025-10-13T11:45:31.354+0000] {dagbag.py:540} INFO - Filling up the DagBag from /opt/airflow/dags/weather_etl_v2.py
[2025-10-13T11:45:31.383+0000] {processor.py:840} INFO - DAG(s) 'weather_etl_v2' retrieved from /opt/airflow/dags/weather_etl_v2.py
[2025-10-13T11:45:31.439+0000] {logging_mixin.py:188} INFO - [2025-10-13T11:45:31.438+0000] {dag.py:3047} INFO - Sync 1 DAGs
[2025-10-13T11:45:31.484+0000] {logging_mixin.py:188} INFO - [2025-10-13T11:45:31.484+0000] {dag.py:3834} INFO - Setting next_dagrun for weather_etl_v2 to 2025-10-12 22:00:00+00:00, run_after=2025-10-13 22:00:00+00:00
[2025-10-13T11:45:31.544+0000] {processor.py:183} INFO - Processing /opt/airflow/dags/weather_etl_v2.py took 0.195 seconds
[2025-10-13T11:46:01.907+0000] {processor.py:161} INFO - Started process (PID=9894) to work on /opt/airflow/dags/weather_etl_v2.py
[2025-10-13T11:46:01.908+0000] {processor.py:830} INFO - Processing file /opt/airflow/dags/weather_etl_v2.py for tasks to queue
[2025-10-13T11:46:01.909+0000] {logging_mixin.py:188} INFO - [2025-10-13T11:46:01.909+0000] {dagbag.py:540} INFO - Filling up the DagBag from /opt/airflow/dags/weather_etl_v2.py
[2025-10-13T11:46:01.934+0000] {processor.py:840} INFO - DAG(s) 'weather_etl_v2' retrieved from /opt/airflow/dags/weather_etl_v2.py
[2025-10-13T11:46:01.996+0000] {logging_mixin.py:188} INFO - [2025-10-13T11:46:01.996+0000] {dag.py:3047} INFO - Sync 1 DAGs
[2025-10-13T11:46:02.040+0000] {logging_mixin.py:188} INFO - [2025-10-13T11:46:02.040+0000] {dag.py:3834} INFO - Setting next_dagrun for weather_etl_v2 to 2025-10-12 22:00:00+00:00, run_after=2025-10-13 22:00:00+00:00
[2025-10-13T11:46:02.094+0000] {processor.py:183} INFO - Processing /opt/airflow/dags/weather_etl_v2.py took 0.190 seconds
[2025-10-13T11:46:32.559+0000] {processor.py:161} INFO - Started process (PID=9909) to work on /opt/airflow/dags/weather_etl_v2.py
[2025-10-13T11:46:32.562+0000] {processor.py:830} INFO - Processing file /opt/airflow/dags/weather_etl_v2.py for tasks to queue
[2025-10-13T11:46:32.563+0000] {logging_mixin.py:188} INFO - [2025-10-13T11:46:32.563+0000] {dagbag.py:540} INFO - Filling up the DagBag from /opt/airflow/dags/weather_etl_v2.py
[2025-10-13T11:46:32.598+0000] {processor.py:840} INFO - DAG(s) 'weather_etl_v2' retrieved from /opt/airflow/dags/weather_etl_v2.py
[2025-10-13T11:46:32.659+0000] {logging_mixin.py:188} INFO - [2025-10-13T11:46:32.659+0000] {dag.py:3047} INFO - Sync 1 DAGs
[2025-10-13T11:46:32.709+0000] {logging_mixin.py:188} INFO - [2025-10-13T11:46:32.709+0000] {dag.py:3834} INFO - Setting next_dagrun for weather_etl_v2 to 2025-10-12 22:00:00+00:00, run_after=2025-10-13 22:00:00+00:00
[2025-10-13T11:46:32.769+0000] {processor.py:183} INFO - Processing /opt/airflow/dags/weather_etl_v2.py took 0.218 seconds
[2025-10-13T11:47:03.081+0000] {processor.py:161} INFO - Started process (PID=9924) to work on /opt/airflow/dags/weather_etl_v2.py
[2025-10-13T11:47:03.084+0000] {processor.py:830} INFO - Processing file /opt/airflow/dags/weather_etl_v2.py for tasks to queue
[2025-10-13T11:47:03.090+0000] {logging_mixin.py:188} INFO - [2025-10-13T11:47:03.089+0000] {dagbag.py:540} INFO - Filling up the DagBag from /opt/airflow/dags/weather_etl_v2.py
[2025-10-13T11:47:03.137+0000] {processor.py:840} INFO - DAG(s) 'weather_etl_v2' retrieved from /opt/airflow/dags/weather_etl_v2.py
[2025-10-13T11:47:03.219+0000] {logging_mixin.py:188} INFO - [2025-10-13T11:47:03.219+0000] {dag.py:3047} INFO - Sync 1 DAGs
[2025-10-13T11:47:03.279+0000] {logging_mixin.py:188} INFO - [2025-10-13T11:47:03.279+0000] {dag.py:3834} INFO - Setting next_dagrun for weather_etl_v2 to 2025-10-12 22:00:00+00:00, run_after=2025-10-13 22:00:00+00:00
[2025-10-13T11:47:03.356+0000] {processor.py:183} INFO - Processing /opt/airflow/dags/weather_etl_v2.py took 0.281 seconds
[2025-10-13T11:47:33.940+0000] {processor.py:161} INFO - Started process (PID=9939) to work on /opt/airflow/dags/weather_etl_v2.py
[2025-10-13T11:47:33.942+0000] {processor.py:830} INFO - Processing file /opt/airflow/dags/weather_etl_v2.py for tasks to queue
[2025-10-13T11:47:33.944+0000] {logging_mixin.py:188} INFO - [2025-10-13T11:47:33.943+0000] {dagbag.py:540} INFO - Filling up the DagBag from /opt/airflow/dags/weather_etl_v2.py
[2025-10-13T11:47:33.978+0000] {processor.py:840} INFO - DAG(s) 'weather_etl_v2' retrieved from /opt/airflow/dags/weather_etl_v2.py
[2025-10-13T11:47:34.122+0000] {logging_mixin.py:188} INFO - [2025-10-13T11:47:34.111+0000] {dag.py:3047} INFO - Sync 1 DAGs
[2025-10-13T11:47:34.282+0000] {logging_mixin.py:188} INFO - [2025-10-13T11:47:34.281+0000] {dag.py:3834} INFO - Setting next_dagrun for weather_etl_v2 to 2025-10-12 22:00:00+00:00, run_after=2025-10-13 22:00:00+00:00
[2025-10-13T11:47:34.358+0000] {processor.py:183} INFO - Processing /opt/airflow/dags/weather_etl_v2.py took 0.421 seconds
[2025-10-13T11:48:04.941+0000] {processor.py:161} INFO - Started process (PID=9954) to work on /opt/airflow/dags/weather_etl_v2.py
[2025-10-13T11:48:04.943+0000] {processor.py:830} INFO - Processing file /opt/airflow/dags/weather_etl_v2.py for tasks to queue
[2025-10-13T11:48:04.944+0000] {logging_mixin.py:188} INFO - [2025-10-13T11:48:04.944+0000] {dagbag.py:540} INFO - Filling up the DagBag from /opt/airflow/dags/weather_etl_v2.py
[2025-10-13T11:48:04.980+0000] {processor.py:840} INFO - DAG(s) 'weather_etl_v2' retrieved from /opt/airflow/dags/weather_etl_v2.py
[2025-10-13T11:48:05.061+0000] {logging_mixin.py:188} INFO - [2025-10-13T11:48:05.060+0000] {dag.py:3047} INFO - Sync 1 DAGs
[2025-10-13T11:48:05.131+0000] {logging_mixin.py:188} INFO - [2025-10-13T11:48:05.130+0000] {dag.py:3834} INFO - Setting next_dagrun for weather_etl_v2 to 2025-10-12 22:00:00+00:00, run_after=2025-10-13 22:00:00+00:00
[2025-10-13T11:48:05.230+0000] {processor.py:183} INFO - Processing /opt/airflow/dags/weather_etl_v2.py took 0.294 seconds
[2025-10-13T11:48:35.836+0000] {processor.py:161} INFO - Started process (PID=9969) to work on /opt/airflow/dags/weather_etl_v2.py
[2025-10-13T11:48:35.838+0000] {processor.py:830} INFO - Processing file /opt/airflow/dags/weather_etl_v2.py for tasks to queue
[2025-10-13T11:48:35.840+0000] {logging_mixin.py:188} INFO - [2025-10-13T11:48:35.840+0000] {dagbag.py:540} INFO - Filling up the DagBag from /opt/airflow/dags/weather_etl_v2.py
[2025-10-13T11:48:35.884+0000] {processor.py:840} INFO - DAG(s) 'weather_etl_v2' retrieved from /opt/airflow/dags/weather_etl_v2.py
[2025-10-13T11:48:35.975+0000] {logging_mixin.py:188} INFO - [2025-10-13T11:48:35.975+0000] {dag.py:3047} INFO - Sync 1 DAGs
[2025-10-13T11:48:36.061+0000] {logging_mixin.py:188} INFO - [2025-10-13T11:48:36.061+0000] {dag.py:3834} INFO - Setting next_dagrun for weather_etl_v2 to 2025-10-12 22:00:00+00:00, run_after=2025-10-13 22:00:00+00:00
[2025-10-13T11:48:36.138+0000] {processor.py:183} INFO - Processing /opt/airflow/dags/weather_etl_v2.py took 0.307 seconds
[2025-10-13T11:49:06.811+0000] {processor.py:161} INFO - Started process (PID=9984) to work on /opt/airflow/dags/weather_etl_v2.py
[2025-10-13T11:49:06.813+0000] {processor.py:830} INFO - Processing file /opt/airflow/dags/weather_etl_v2.py for tasks to queue
[2025-10-13T11:49:06.817+0000] {logging_mixin.py:188} INFO - [2025-10-13T11:49:06.816+0000] {dagbag.py:540} INFO - Filling up the DagBag from /opt/airflow/dags/weather_etl_v2.py
[2025-10-13T11:49:06.856+0000] {processor.py:840} INFO - DAG(s) 'weather_etl_v2' retrieved from /opt/airflow/dags/weather_etl_v2.py
[2025-10-13T11:49:06.957+0000] {logging_mixin.py:188} INFO - [2025-10-13T11:49:06.957+0000] {dag.py:3047} INFO - Sync 1 DAGs
[2025-10-13T11:49:07.024+0000] {logging_mixin.py:188} INFO - [2025-10-13T11:49:07.024+0000] {dag.py:3834} INFO - Setting next_dagrun for weather_etl_v2 to 2025-10-12 22:00:00+00:00, run_after=2025-10-13 22:00:00+00:00
[2025-10-13T11:49:07.102+0000] {processor.py:183} INFO - Processing /opt/airflow/dags/weather_etl_v2.py took 0.296 seconds
[2025-10-13T11:49:37.652+0000] {processor.py:161} INFO - Started process (PID=9999) to work on /opt/airflow/dags/weather_etl_v2.py
[2025-10-13T11:49:37.655+0000] {processor.py:830} INFO - Processing file /opt/airflow/dags/weather_etl_v2.py for tasks to queue
[2025-10-13T11:49:37.658+0000] {logging_mixin.py:188} INFO - [2025-10-13T11:49:37.657+0000] {dagbag.py:540} INFO - Filling up the DagBag from /opt/airflow/dags/weather_etl_v2.py
[2025-10-13T11:49:37.731+0000] {processor.py:840} INFO - DAG(s) 'weather_etl_v2' retrieved from /opt/airflow/dags/weather_etl_v2.py
[2025-10-13T11:49:38.085+0000] {logging_mixin.py:188} INFO - [2025-10-13T11:49:38.084+0000] {dag.py:3047} INFO - Sync 1 DAGs
[2025-10-13T11:49:38.172+0000] {logging_mixin.py:188} INFO - [2025-10-13T11:49:38.171+0000] {dag.py:3834} INFO - Setting next_dagrun for weather_etl_v2 to 2025-10-12 22:00:00+00:00, run_after=2025-10-13 22:00:00+00:00
[2025-10-13T11:49:38.246+0000] {processor.py:183} INFO - Processing /opt/airflow/dags/weather_etl_v2.py took 0.599 seconds
[2025-10-13T11:50:09.122+0000] {processor.py:161} INFO - Started process (PID=10014) to work on /opt/airflow/dags/weather_etl_v2.py
[2025-10-13T11:50:09.125+0000] {processor.py:830} INFO - Processing file /opt/airflow/dags/weather_etl_v2.py for tasks to queue
[2025-10-13T11:50:09.127+0000] {logging_mixin.py:188} INFO - [2025-10-13T11:50:09.127+0000] {dagbag.py:540} INFO - Filling up the DagBag from /opt/airflow/dags/weather_etl_v2.py
[2025-10-13T11:50:09.169+0000] {processor.py:840} INFO - DAG(s) 'weather_etl_v2' retrieved from /opt/airflow/dags/weather_etl_v2.py
[2025-10-13T11:50:09.273+0000] {logging_mixin.py:188} INFO - [2025-10-13T11:50:09.273+0000] {dag.py:3047} INFO - Sync 1 DAGs
[2025-10-13T11:50:09.338+0000] {logging_mixin.py:188} INFO - [2025-10-13T11:50:09.338+0000] {dag.py:3834} INFO - Setting next_dagrun for weather_etl_v2 to 2025-10-12 22:00:00+00:00, run_after=2025-10-13 22:00:00+00:00
[2025-10-13T11:50:09.435+0000] {processor.py:183} INFO - Processing /opt/airflow/dags/weather_etl_v2.py took 0.317 seconds
[2025-10-13T11:50:40.187+0000] {processor.py:161} INFO - Started process (PID=10029) to work on /opt/airflow/dags/weather_etl_v2.py
[2025-10-13T11:50:40.189+0000] {processor.py:830} INFO - Processing file /opt/airflow/dags/weather_etl_v2.py for tasks to queue
[2025-10-13T11:50:40.192+0000] {logging_mixin.py:188} INFO - [2025-10-13T11:50:40.191+0000] {dagbag.py:540} INFO - Filling up the DagBag from /opt/airflow/dags/weather_etl_v2.py
[2025-10-13T11:50:40.228+0000] {processor.py:840} INFO - DAG(s) 'weather_etl_v2' retrieved from /opt/airflow/dags/weather_etl_v2.py
[2025-10-13T11:50:40.312+0000] {logging_mixin.py:188} INFO - [2025-10-13T11:50:40.311+0000] {dag.py:3047} INFO - Sync 1 DAGs
[2025-10-13T11:50:40.361+0000] {logging_mixin.py:188} INFO - [2025-10-13T11:50:40.360+0000] {dag.py:3834} INFO - Setting next_dagrun for weather_etl_v2 to 2025-10-12 22:00:00+00:00, run_after=2025-10-13 22:00:00+00:00
[2025-10-13T11:50:40.429+0000] {processor.py:183} INFO - Processing /opt/airflow/dags/weather_etl_v2.py took 0.244 seconds
[2025-10-13T11:51:10.875+0000] {processor.py:161} INFO - Started process (PID=10044) to work on /opt/airflow/dags/weather_etl_v2.py
[2025-10-13T11:51:10.877+0000] {processor.py:830} INFO - Processing file /opt/airflow/dags/weather_etl_v2.py for tasks to queue
[2025-10-13T11:51:10.880+0000] {logging_mixin.py:188} INFO - [2025-10-13T11:51:10.879+0000] {dagbag.py:540} INFO - Filling up the DagBag from /opt/airflow/dags/weather_etl_v2.py
[2025-10-13T11:51:10.965+0000] {processor.py:840} INFO - DAG(s) 'weather_etl_v2' retrieved from /opt/airflow/dags/weather_etl_v2.py
[2025-10-13T11:51:11.052+0000] {logging_mixin.py:188} INFO - [2025-10-13T11:51:11.051+0000] {dag.py:3047} INFO - Sync 1 DAGs
[2025-10-13T11:51:11.100+0000] {logging_mixin.py:188} INFO - [2025-10-13T11:51:11.100+0000] {dag.py:3834} INFO - Setting next_dagrun for weather_etl_v2 to 2025-10-12 22:00:00+00:00, run_after=2025-10-13 22:00:00+00:00
[2025-10-13T11:51:11.170+0000] {processor.py:183} INFO - Processing /opt/airflow/dags/weather_etl_v2.py took 0.300 seconds
[2025-10-13T11:51:41.883+0000] {processor.py:161} INFO - Started process (PID=10059) to work on /opt/airflow/dags/weather_etl_v2.py
[2025-10-13T11:51:41.886+0000] {processor.py:830} INFO - Processing file /opt/airflow/dags/weather_etl_v2.py for tasks to queue
[2025-10-13T11:51:41.889+0000] {logging_mixin.py:188} INFO - [2025-10-13T11:51:41.888+0000] {dagbag.py:540} INFO - Filling up the DagBag from /opt/airflow/dags/weather_etl_v2.py
[2025-10-13T11:51:41.939+0000] {processor.py:840} INFO - DAG(s) 'weather_etl_v2' retrieved from /opt/airflow/dags/weather_etl_v2.py
[2025-10-13T11:51:42.024+0000] {logging_mixin.py:188} INFO - [2025-10-13T11:51:42.023+0000] {dag.py:3047} INFO - Sync 1 DAGs
[2025-10-13T11:51:42.081+0000] {logging_mixin.py:188} INFO - [2025-10-13T11:51:42.081+0000] {dag.py:3834} INFO - Setting next_dagrun for weather_etl_v2 to 2025-10-12 22:00:00+00:00, run_after=2025-10-13 22:00:00+00:00
[2025-10-13T11:51:42.150+0000] {processor.py:183} INFO - Processing /opt/airflow/dags/weather_etl_v2.py took 0.273 seconds
[2025-10-13T11:52:12.904+0000] {processor.py:161} INFO - Started process (PID=10074) to work on /opt/airflow/dags/weather_etl_v2.py
[2025-10-13T11:52:12.907+0000] {processor.py:830} INFO - Processing file /opt/airflow/dags/weather_etl_v2.py for tasks to queue
[2025-10-13T11:52:12.910+0000] {logging_mixin.py:188} INFO - [2025-10-13T11:52:12.909+0000] {dagbag.py:540} INFO - Filling up the DagBag from /opt/airflow/dags/weather_etl_v2.py
[2025-10-13T11:52:12.964+0000] {processor.py:840} INFO - DAG(s) 'weather_etl_v2' retrieved from /opt/airflow/dags/weather_etl_v2.py
[2025-10-13T11:52:13.061+0000] {logging_mixin.py:188} INFO - [2025-10-13T11:52:13.060+0000] {dag.py:3047} INFO - Sync 1 DAGs
[2025-10-13T11:52:13.137+0000] {logging_mixin.py:188} INFO - [2025-10-13T11:52:13.137+0000] {dag.py:3834} INFO - Setting next_dagrun for weather_etl_v2 to 2025-10-12 22:00:00+00:00, run_after=2025-10-13 22:00:00+00:00
[2025-10-13T11:52:13.224+0000] {processor.py:183} INFO - Processing /opt/airflow/dags/weather_etl_v2.py took 0.327 seconds
[2025-10-13T11:52:43.765+0000] {processor.py:161} INFO - Started process (PID=10089) to work on /opt/airflow/dags/weather_etl_v2.py
[2025-10-13T11:52:43.768+0000] {processor.py:830} INFO - Processing file /opt/airflow/dags/weather_etl_v2.py for tasks to queue
[2025-10-13T11:52:43.771+0000] {logging_mixin.py:188} INFO - [2025-10-13T11:52:43.770+0000] {dagbag.py:540} INFO - Filling up the DagBag from /opt/airflow/dags/weather_etl_v2.py
[2025-10-13T11:52:43.817+0000] {processor.py:840} INFO - DAG(s) 'weather_etl_v2' retrieved from /opt/airflow/dags/weather_etl_v2.py
[2025-10-13T11:52:43.927+0000] {logging_mixin.py:188} INFO - [2025-10-13T11:52:43.926+0000] {dag.py:3047} INFO - Sync 1 DAGs
[2025-10-13T11:52:44.003+0000] {logging_mixin.py:188} INFO - [2025-10-13T11:52:44.003+0000] {dag.py:3834} INFO - Setting next_dagrun for weather_etl_v2 to 2025-10-12 22:00:00+00:00, run_after=2025-10-13 22:00:00+00:00
[2025-10-13T11:52:44.089+0000] {processor.py:183} INFO - Processing /opt/airflow/dags/weather_etl_v2.py took 0.329 seconds
[2025-10-13T11:53:14.712+0000] {processor.py:161} INFO - Started process (PID=10104) to work on /opt/airflow/dags/weather_etl_v2.py
[2025-10-13T11:53:14.715+0000] {processor.py:830} INFO - Processing file /opt/airflow/dags/weather_etl_v2.py for tasks to queue
[2025-10-13T11:53:14.717+0000] {logging_mixin.py:188} INFO - [2025-10-13T11:53:14.717+0000] {dagbag.py:540} INFO - Filling up the DagBag from /opt/airflow/dags/weather_etl_v2.py
[2025-10-13T11:53:14.755+0000] {processor.py:840} INFO - DAG(s) 'weather_etl_v2' retrieved from /opt/airflow/dags/weather_etl_v2.py
[2025-10-13T11:53:14.881+0000] {logging_mixin.py:188} INFO - [2025-10-13T11:53:14.881+0000] {dag.py:3047} INFO - Sync 1 DAGs
[2025-10-13T11:53:14.948+0000] {logging_mixin.py:188} INFO - [2025-10-13T11:53:14.948+0000] {dag.py:3834} INFO - Setting next_dagrun for weather_etl_v2 to 2025-10-12 22:00:00+00:00, run_after=2025-10-13 22:00:00+00:00
[2025-10-13T11:53:15.019+0000] {processor.py:183} INFO - Processing /opt/airflow/dags/weather_etl_v2.py took 0.311 seconds
[2025-10-13T11:53:45.822+0000] {processor.py:161} INFO - Started process (PID=10119) to work on /opt/airflow/dags/weather_etl_v2.py
[2025-10-13T11:53:45.825+0000] {processor.py:830} INFO - Processing file /opt/airflow/dags/weather_etl_v2.py for tasks to queue
[2025-10-13T11:53:45.827+0000] {logging_mixin.py:188} INFO - [2025-10-13T11:53:45.826+0000] {dagbag.py:540} INFO - Filling up the DagBag from /opt/airflow/dags/weather_etl_v2.py
[2025-10-13T11:53:45.901+0000] {processor.py:840} INFO - DAG(s) 'weather_etl_v2' retrieved from /opt/airflow/dags/weather_etl_v2.py
[2025-10-13T11:53:45.973+0000] {logging_mixin.py:188} INFO - [2025-10-13T11:53:45.972+0000] {dag.py:3047} INFO - Sync 1 DAGs
[2025-10-13T11:53:46.024+0000] {logging_mixin.py:188} INFO - [2025-10-13T11:53:46.024+0000] {dag.py:3834} INFO - Setting next_dagrun for weather_etl_v2 to 2025-10-12 22:00:00+00:00, run_after=2025-10-13 22:00:00+00:00
[2025-10-13T11:53:46.089+0000] {processor.py:183} INFO - Processing /opt/airflow/dags/weather_etl_v2.py took 0.271 seconds
[2025-10-13T11:54:16.958+0000] {processor.py:161} INFO - Started process (PID=10134) to work on /opt/airflow/dags/weather_etl_v2.py
[2025-10-13T11:54:16.960+0000] {processor.py:830} INFO - Processing file /opt/airflow/dags/weather_etl_v2.py for tasks to queue
[2025-10-13T11:54:16.962+0000] {logging_mixin.py:188} INFO - [2025-10-13T11:54:16.962+0000] {dagbag.py:540} INFO - Filling up the DagBag from /opt/airflow/dags/weather_etl_v2.py
[2025-10-13T11:54:17.009+0000] {processor.py:840} INFO - DAG(s) 'weather_etl_v2' retrieved from /opt/airflow/dags/weather_etl_v2.py
[2025-10-13T11:54:17.115+0000] {logging_mixin.py:188} INFO - [2025-10-13T11:54:17.114+0000] {dag.py:3047} INFO - Sync 1 DAGs
[2025-10-13T11:54:17.178+0000] {logging_mixin.py:188} INFO - [2025-10-13T11:54:17.178+0000] {dag.py:3834} INFO - Setting next_dagrun for weather_etl_v2 to 2025-10-12 22:00:00+00:00, run_after=2025-10-13 22:00:00+00:00
[2025-10-13T11:54:17.254+0000] {processor.py:183} INFO - Processing /opt/airflow/dags/weather_etl_v2.py took 0.300 seconds
[2025-10-13T11:54:47.850+0000] {processor.py:161} INFO - Started process (PID=10149) to work on /opt/airflow/dags/weather_etl_v2.py
[2025-10-13T11:54:47.852+0000] {processor.py:830} INFO - Processing file /opt/airflow/dags/weather_etl_v2.py for tasks to queue
[2025-10-13T11:54:47.855+0000] {logging_mixin.py:188} INFO - [2025-10-13T11:54:47.854+0000] {dagbag.py:540} INFO - Filling up the DagBag from /opt/airflow/dags/weather_etl_v2.py
[2025-10-13T11:54:47.887+0000] {processor.py:840} INFO - DAG(s) 'weather_etl_v2' retrieved from /opt/airflow/dags/weather_etl_v2.py
[2025-10-13T11:54:48.072+0000] {logging_mixin.py:188} INFO - [2025-10-13T11:54:48.071+0000] {dag.py:3047} INFO - Sync 1 DAGs
[2025-10-13T11:54:48.234+0000] {logging_mixin.py:188} INFO - [2025-10-13T11:54:48.233+0000] {dag.py:3834} INFO - Setting next_dagrun for weather_etl_v2 to 2025-10-12 22:00:00+00:00, run_after=2025-10-13 22:00:00+00:00
[2025-10-13T11:54:48.351+0000] {processor.py:183} INFO - Processing /opt/airflow/dags/weather_etl_v2.py took 0.505 seconds
[2025-10-13T11:55:18.562+0000] {processor.py:161} INFO - Started process (PID=10164) to work on /opt/airflow/dags/weather_etl_v2.py
[2025-10-13T11:55:18.564+0000] {processor.py:830} INFO - Processing file /opt/airflow/dags/weather_etl_v2.py for tasks to queue
[2025-10-13T11:55:18.566+0000] {logging_mixin.py:188} INFO - [2025-10-13T11:55:18.565+0000] {dagbag.py:540} INFO - Filling up the DagBag from /opt/airflow/dags/weather_etl_v2.py
[2025-10-13T11:55:18.606+0000] {processor.py:840} INFO - DAG(s) 'weather_etl_v2' retrieved from /opt/airflow/dags/weather_etl_v2.py
[2025-10-13T11:55:18.696+0000] {logging_mixin.py:188} INFO - [2025-10-13T11:55:18.696+0000] {dag.py:3047} INFO - Sync 1 DAGs
[2025-10-13T11:55:18.758+0000] {logging_mixin.py:188} INFO - [2025-10-13T11:55:18.758+0000] {dag.py:3834} INFO - Setting next_dagrun for weather_etl_v2 to 2025-10-12 22:00:00+00:00, run_after=2025-10-13 22:00:00+00:00
[2025-10-13T11:55:18.834+0000] {processor.py:183} INFO - Processing /opt/airflow/dags/weather_etl_v2.py took 0.279 seconds
[2025-10-13T11:55:49.627+0000] {processor.py:161} INFO - Started process (PID=10179) to work on /opt/airflow/dags/weather_etl_v2.py
[2025-10-13T11:55:49.629+0000] {processor.py:830} INFO - Processing file /opt/airflow/dags/weather_etl_v2.py for tasks to queue
[2025-10-13T11:55:49.632+0000] {logging_mixin.py:188} INFO - [2025-10-13T11:55:49.631+0000] {dagbag.py:540} INFO - Filling up the DagBag from /opt/airflow/dags/weather_etl_v2.py
[2025-10-13T11:55:49.683+0000] {processor.py:840} INFO - DAG(s) 'weather_etl_v2' retrieved from /opt/airflow/dags/weather_etl_v2.py
[2025-10-13T11:55:49.802+0000] {logging_mixin.py:188} INFO - [2025-10-13T11:55:49.801+0000] {dag.py:3047} INFO - Sync 1 DAGs
[2025-10-13T11:55:49.876+0000] {logging_mixin.py:188} INFO - [2025-10-13T11:55:49.876+0000] {dag.py:3834} INFO - Setting next_dagrun for weather_etl_v2 to 2025-10-12 22:00:00+00:00, run_after=2025-10-13 22:00:00+00:00
[2025-10-13T11:55:49.961+0000] {processor.py:183} INFO - Processing /opt/airflow/dags/weather_etl_v2.py took 0.338 seconds
[2025-10-13T11:56:20.442+0000] {processor.py:161} INFO - Started process (PID=10194) to work on /opt/airflow/dags/weather_etl_v2.py
[2025-10-13T11:56:20.445+0000] {processor.py:830} INFO - Processing file /opt/airflow/dags/weather_etl_v2.py for tasks to queue
[2025-10-13T11:56:20.448+0000] {logging_mixin.py:188} INFO - [2025-10-13T11:56:20.447+0000] {dagbag.py:540} INFO - Filling up the DagBag from /opt/airflow/dags/weather_etl_v2.py
[2025-10-13T11:56:20.488+0000] {processor.py:840} INFO - DAG(s) 'weather_etl_v2' retrieved from /opt/airflow/dags/weather_etl_v2.py
[2025-10-13T11:56:20.593+0000] {logging_mixin.py:188} INFO - [2025-10-13T11:56:20.592+0000] {dag.py:3047} INFO - Sync 1 DAGs
[2025-10-13T11:56:20.687+0000] {logging_mixin.py:188} INFO - [2025-10-13T11:56:20.687+0000] {dag.py:3834} INFO - Setting next_dagrun for weather_etl_v2 to 2025-10-12 22:00:00+00:00, run_after=2025-10-13 22:00:00+00:00
[2025-10-13T11:56:20.769+0000] {processor.py:183} INFO - Processing /opt/airflow/dags/weather_etl_v2.py took 0.331 seconds
[2025-10-13T11:56:51.498+0000] {processor.py:161} INFO - Started process (PID=10209) to work on /opt/airflow/dags/weather_etl_v2.py
[2025-10-13T11:56:51.502+0000] {processor.py:830} INFO - Processing file /opt/airflow/dags/weather_etl_v2.py for tasks to queue
[2025-10-13T11:56:51.505+0000] {logging_mixin.py:188} INFO - [2025-10-13T11:56:51.504+0000] {dagbag.py:540} INFO - Filling up the DagBag from /opt/airflow/dags/weather_etl_v2.py
[2025-10-13T11:56:51.562+0000] {processor.py:840} INFO - DAG(s) 'weather_etl_v2' retrieved from /opt/airflow/dags/weather_etl_v2.py
[2025-10-13T11:56:51.684+0000] {logging_mixin.py:188} INFO - [2025-10-13T11:56:51.684+0000] {dag.py:3047} INFO - Sync 1 DAGs
[2025-10-13T11:56:51.749+0000] {logging_mixin.py:188} INFO - [2025-10-13T11:56:51.748+0000] {dag.py:3834} INFO - Setting next_dagrun for weather_etl_v2 to 2025-10-12 22:00:00+00:00, run_after=2025-10-13 22:00:00+00:00
[2025-10-13T11:56:51.813+0000] {processor.py:183} INFO - Processing /opt/airflow/dags/weather_etl_v2.py took 0.324 seconds
[2025-10-13T11:57:22.406+0000] {processor.py:161} INFO - Started process (PID=10224) to work on /opt/airflow/dags/weather_etl_v2.py
[2025-10-13T11:57:22.407+0000] {processor.py:830} INFO - Processing file /opt/airflow/dags/weather_etl_v2.py for tasks to queue
[2025-10-13T11:57:22.410+0000] {logging_mixin.py:188} INFO - [2025-10-13T11:57:22.409+0000] {dagbag.py:540} INFO - Filling up the DagBag from /opt/airflow/dags/weather_etl_v2.py
[2025-10-13T11:57:22.450+0000] {processor.py:840} INFO - DAG(s) 'weather_etl_v2' retrieved from /opt/airflow/dags/weather_etl_v2.py
[2025-10-13T11:57:22.542+0000] {logging_mixin.py:188} INFO - [2025-10-13T11:57:22.541+0000] {dag.py:3047} INFO - Sync 1 DAGs
[2025-10-13T11:57:22.609+0000] {logging_mixin.py:188} INFO - [2025-10-13T11:57:22.609+0000] {dag.py:3834} INFO - Setting next_dagrun for weather_etl_v2 to 2025-10-12 22:00:00+00:00, run_after=2025-10-13 22:00:00+00:00
[2025-10-13T11:57:22.689+0000] {processor.py:183} INFO - Processing /opt/airflow/dags/weather_etl_v2.py took 0.288 seconds
[2025-10-13T11:57:53.315+0000] {processor.py:161} INFO - Started process (PID=10239) to work on /opt/airflow/dags/weather_etl_v2.py
[2025-10-13T11:57:53.318+0000] {processor.py:830} INFO - Processing file /opt/airflow/dags/weather_etl_v2.py for tasks to queue
[2025-10-13T11:57:53.321+0000] {logging_mixin.py:188} INFO - [2025-10-13T11:57:53.320+0000] {dagbag.py:540} INFO - Filling up the DagBag from /opt/airflow/dags/weather_etl_v2.py
[2025-10-13T11:57:53.370+0000] {processor.py:840} INFO - DAG(s) 'weather_etl_v2' retrieved from /opt/airflow/dags/weather_etl_v2.py
[2025-10-13T11:57:53.460+0000] {logging_mixin.py:188} INFO - [2025-10-13T11:57:53.460+0000] {dag.py:3047} INFO - Sync 1 DAGs
[2025-10-13T11:57:53.534+0000] {logging_mixin.py:188} INFO - [2025-10-13T11:57:53.534+0000] {dag.py:3834} INFO - Setting next_dagrun for weather_etl_v2 to 2025-10-12 22:00:00+00:00, run_after=2025-10-13 22:00:00+00:00
[2025-10-13T11:57:53.617+0000] {processor.py:183} INFO - Processing /opt/airflow/dags/weather_etl_v2.py took 0.309 seconds
[2025-10-13T11:58:24.248+0000] {processor.py:161} INFO - Started process (PID=10254) to work on /opt/airflow/dags/weather_etl_v2.py
[2025-10-13T11:58:24.250+0000] {processor.py:830} INFO - Processing file /opt/airflow/dags/weather_etl_v2.py for tasks to queue
[2025-10-13T11:58:24.252+0000] {logging_mixin.py:188} INFO - [2025-10-13T11:58:24.252+0000] {dagbag.py:540} INFO - Filling up the DagBag from /opt/airflow/dags/weather_etl_v2.py
[2025-10-13T11:58:24.286+0000] {processor.py:840} INFO - DAG(s) 'weather_etl_v2' retrieved from /opt/airflow/dags/weather_etl_v2.py
[2025-10-13T11:58:24.352+0000] {logging_mixin.py:188} INFO - [2025-10-13T11:58:24.352+0000] {dag.py:3047} INFO - Sync 1 DAGs
[2025-10-13T11:58:24.417+0000] {logging_mixin.py:188} INFO - [2025-10-13T11:58:24.416+0000] {dag.py:3834} INFO - Setting next_dagrun for weather_etl_v2 to 2025-10-12 22:00:00+00:00, run_after=2025-10-13 22:00:00+00:00
[2025-10-13T11:58:24.488+0000] {processor.py:183} INFO - Processing /opt/airflow/dags/weather_etl_v2.py took 0.244 seconds
[2025-10-13T11:58:55.281+0000] {processor.py:161} INFO - Started process (PID=10269) to work on /opt/airflow/dags/weather_etl_v2.py
[2025-10-13T11:58:55.284+0000] {processor.py:830} INFO - Processing file /opt/airflow/dags/weather_etl_v2.py for tasks to queue
[2025-10-13T11:58:55.286+0000] {logging_mixin.py:188} INFO - [2025-10-13T11:58:55.285+0000] {dagbag.py:540} INFO - Filling up the DagBag from /opt/airflow/dags/weather_etl_v2.py
[2025-10-13T11:58:55.324+0000] {processor.py:840} INFO - DAG(s) 'weather_etl_v2' retrieved from /opt/airflow/dags/weather_etl_v2.py
[2025-10-13T11:58:55.421+0000] {logging_mixin.py:188} INFO - [2025-10-13T11:58:55.421+0000] {dag.py:3047} INFO - Sync 1 DAGs
[2025-10-13T11:58:55.479+0000] {logging_mixin.py:188} INFO - [2025-10-13T11:58:55.479+0000] {dag.py:3834} INFO - Setting next_dagrun for weather_etl_v2 to 2025-10-12 22:00:00+00:00, run_after=2025-10-13 22:00:00+00:00
[2025-10-13T11:58:55.558+0000] {processor.py:183} INFO - Processing /opt/airflow/dags/weather_etl_v2.py took 0.281 seconds
[2025-10-13T11:59:26.201+0000] {processor.py:161} INFO - Started process (PID=10284) to work on /opt/airflow/dags/weather_etl_v2.py
[2025-10-13T11:59:26.204+0000] {processor.py:830} INFO - Processing file /opt/airflow/dags/weather_etl_v2.py for tasks to queue
[2025-10-13T11:59:26.206+0000] {logging_mixin.py:188} INFO - [2025-10-13T11:59:26.205+0000] {dagbag.py:540} INFO - Filling up the DagBag from /opt/airflow/dags/weather_etl_v2.py
[2025-10-13T11:59:26.238+0000] {processor.py:840} INFO - DAG(s) 'weather_etl_v2' retrieved from /opt/airflow/dags/weather_etl_v2.py
[2025-10-13T11:59:26.309+0000] {logging_mixin.py:188} INFO - [2025-10-13T11:59:26.309+0000] {dag.py:3047} INFO - Sync 1 DAGs
[2025-10-13T11:59:26.359+0000] {logging_mixin.py:188} INFO - [2025-10-13T11:59:26.359+0000] {dag.py:3834} INFO - Setting next_dagrun for weather_etl_v2 to 2025-10-12 22:00:00+00:00, run_after=2025-10-13 22:00:00+00:00
[2025-10-13T11:59:26.424+0000] {processor.py:183} INFO - Processing /opt/airflow/dags/weather_etl_v2.py took 0.226 seconds
[2025-10-13T11:59:56.917+0000] {processor.py:161} INFO - Started process (PID=10299) to work on /opt/airflow/dags/weather_etl_v2.py
[2025-10-13T11:59:56.920+0000] {processor.py:830} INFO - Processing file /opt/airflow/dags/weather_etl_v2.py for tasks to queue
[2025-10-13T11:59:56.924+0000] {logging_mixin.py:188} INFO - [2025-10-13T11:59:56.923+0000] {dagbag.py:540} INFO - Filling up the DagBag from /opt/airflow/dags/weather_etl_v2.py
[2025-10-13T11:59:56.987+0000] {processor.py:840} INFO - DAG(s) 'weather_etl_v2' retrieved from /opt/airflow/dags/weather_etl_v2.py
[2025-10-13T11:59:57.262+0000] {logging_mixin.py:188} INFO - [2025-10-13T11:59:57.262+0000] {dag.py:3047} INFO - Sync 1 DAGs
[2025-10-13T11:59:57.323+0000] {logging_mixin.py:188} INFO - [2025-10-13T11:59:57.323+0000] {dag.py:3834} INFO - Setting next_dagrun for weather_etl_v2 to 2025-10-12 22:00:00+00:00, run_after=2025-10-13 22:00:00+00:00
[2025-10-13T11:59:57.397+0000] {processor.py:183} INFO - Processing /opt/airflow/dags/weather_etl_v2.py took 0.488 seconds
[2025-10-13T12:00:27.786+0000] {processor.py:161} INFO - Started process (PID=10314) to work on /opt/airflow/dags/weather_etl_v2.py
[2025-10-13T12:00:27.809+0000] {processor.py:830} INFO - Processing file /opt/airflow/dags/weather_etl_v2.py for tasks to queue
[2025-10-13T12:00:27.811+0000] {logging_mixin.py:188} INFO - [2025-10-13T12:00:27.810+0000] {dagbag.py:540} INFO - Filling up the DagBag from /opt/airflow/dags/weather_etl_v2.py
[2025-10-13T12:00:28.177+0000] {processor.py:840} INFO - DAG(s) 'weather_etl_v2' retrieved from /opt/airflow/dags/weather_etl_v2.py
[2025-10-13T12:00:28.650+0000] {logging_mixin.py:188} INFO - [2025-10-13T12:00:28.649+0000] {dag.py:3047} INFO - Sync 1 DAGs
[2025-10-13T12:00:28.956+0000] {logging_mixin.py:188} INFO - [2025-10-13T12:00:28.955+0000] {dag.py:3834} INFO - Setting next_dagrun for weather_etl_v2 to 2025-10-12 22:00:00+00:00, run_after=2025-10-13 22:00:00+00:00
[2025-10-13T12:00:29.108+0000] {processor.py:183} INFO - Processing /opt/airflow/dags/weather_etl_v2.py took 1.330 seconds
[2025-10-13T12:01:00.319+0000] {processor.py:161} INFO - Started process (PID=10329) to work on /opt/airflow/dags/weather_etl_v2.py
[2025-10-13T12:01:00.335+0000] {processor.py:830} INFO - Processing file /opt/airflow/dags/weather_etl_v2.py for tasks to queue
[2025-10-13T12:01:00.338+0000] {logging_mixin.py:188} INFO - [2025-10-13T12:01:00.338+0000] {dagbag.py:540} INFO - Filling up the DagBag from /opt/airflow/dags/weather_etl_v2.py
[2025-10-13T12:01:00.441+0000] {processor.py:840} INFO - DAG(s) 'weather_etl_v2' retrieved from /opt/airflow/dags/weather_etl_v2.py
[2025-10-13T12:01:00.868+0000] {logging_mixin.py:188} INFO - [2025-10-13T12:01:00.867+0000] {dag.py:3047} INFO - Sync 1 DAGs
[2025-10-13T12:01:00.996+0000] {logging_mixin.py:188} INFO - [2025-10-13T12:01:00.995+0000] {dag.py:3834} INFO - Setting next_dagrun for weather_etl_v2 to 2025-10-12 22:00:00+00:00, run_after=2025-10-13 22:00:00+00:00
[2025-10-13T12:01:01.070+0000] {processor.py:183} INFO - Processing /opt/airflow/dags/weather_etl_v2.py took 0.757 seconds
[2025-10-13T12:01:32.100+0000] {processor.py:161} INFO - Started process (PID=10344) to work on /opt/airflow/dags/weather_etl_v2.py
[2025-10-13T12:01:32.102+0000] {processor.py:830} INFO - Processing file /opt/airflow/dags/weather_etl_v2.py for tasks to queue
[2025-10-13T12:01:32.105+0000] {logging_mixin.py:188} INFO - [2025-10-13T12:01:32.104+0000] {dagbag.py:540} INFO - Filling up the DagBag from /opt/airflow/dags/weather_etl_v2.py
[2025-10-13T12:01:32.149+0000] {processor.py:840} INFO - DAG(s) 'weather_etl_v2' retrieved from /opt/airflow/dags/weather_etl_v2.py
[2025-10-13T12:01:32.265+0000] {logging_mixin.py:188} INFO - [2025-10-13T12:01:32.264+0000] {dag.py:3047} INFO - Sync 1 DAGs
[2025-10-13T12:01:32.351+0000] {logging_mixin.py:188} INFO - [2025-10-13T12:01:32.351+0000] {dag.py:3834} INFO - Setting next_dagrun for weather_etl_v2 to 2025-10-12 22:00:00+00:00, run_after=2025-10-13 22:00:00+00:00
[2025-10-13T12:01:32.430+0000] {processor.py:183} INFO - Processing /opt/airflow/dags/weather_etl_v2.py took 0.335 seconds
[2025-10-13T12:02:03.146+0000] {processor.py:161} INFO - Started process (PID=10359) to work on /opt/airflow/dags/weather_etl_v2.py
[2025-10-13T12:02:03.148+0000] {processor.py:830} INFO - Processing file /opt/airflow/dags/weather_etl_v2.py for tasks to queue
[2025-10-13T12:02:03.150+0000] {logging_mixin.py:188} INFO - [2025-10-13T12:02:03.149+0000] {dagbag.py:540} INFO - Filling up the DagBag from /opt/airflow/dags/weather_etl_v2.py
[2025-10-13T12:02:03.197+0000] {processor.py:840} INFO - DAG(s) 'weather_etl_v2' retrieved from /opt/airflow/dags/weather_etl_v2.py
[2025-10-13T12:02:03.296+0000] {logging_mixin.py:188} INFO - [2025-10-13T12:02:03.296+0000] {dag.py:3047} INFO - Sync 1 DAGs
[2025-10-13T12:02:03.360+0000] {logging_mixin.py:188} INFO - [2025-10-13T12:02:03.360+0000] {dag.py:3834} INFO - Setting next_dagrun for weather_etl_v2 to 2025-10-12 22:00:00+00:00, run_after=2025-10-13 22:00:00+00:00
[2025-10-13T12:02:03.435+0000] {processor.py:183} INFO - Processing /opt/airflow/dags/weather_etl_v2.py took 0.294 seconds
[2025-10-13T12:02:34.115+0000] {processor.py:161} INFO - Started process (PID=10374) to work on /opt/airflow/dags/weather_etl_v2.py
[2025-10-13T12:02:34.118+0000] {processor.py:830} INFO - Processing file /opt/airflow/dags/weather_etl_v2.py for tasks to queue
[2025-10-13T12:02:34.120+0000] {logging_mixin.py:188} INFO - [2025-10-13T12:02:34.119+0000] {dagbag.py:540} INFO - Filling up the DagBag from /opt/airflow/dags/weather_etl_v2.py
[2025-10-13T12:02:34.167+0000] {processor.py:840} INFO - DAG(s) 'weather_etl_v2' retrieved from /opt/airflow/dags/weather_etl_v2.py
[2025-10-13T12:02:34.309+0000] {logging_mixin.py:188} INFO - [2025-10-13T12:02:34.309+0000] {dag.py:3047} INFO - Sync 1 DAGs
[2025-10-13T12:02:34.400+0000] {logging_mixin.py:188} INFO - [2025-10-13T12:02:34.399+0000] {dag.py:3834} INFO - Setting next_dagrun for weather_etl_v2 to 2025-10-12 22:00:00+00:00, run_after=2025-10-13 22:00:00+00:00
[2025-10-13T12:02:34.479+0000] {processor.py:183} INFO - Processing /opt/airflow/dags/weather_etl_v2.py took 0.370 seconds
[2025-10-13T12:03:04.811+0000] {processor.py:161} INFO - Started process (PID=10389) to work on /opt/airflow/dags/weather_etl_v2.py
[2025-10-13T12:03:04.815+0000] {processor.py:830} INFO - Processing file /opt/airflow/dags/weather_etl_v2.py for tasks to queue
[2025-10-13T12:03:04.818+0000] {logging_mixin.py:188} INFO - [2025-10-13T12:03:04.817+0000] {dagbag.py:540} INFO - Filling up the DagBag from /opt/airflow/dags/weather_etl_v2.py
[2025-10-13T12:03:04.866+0000] {processor.py:840} INFO - DAG(s) 'weather_etl_v2' retrieved from /opt/airflow/dags/weather_etl_v2.py
[2025-10-13T12:03:05.021+0000] {logging_mixin.py:188} INFO - [2025-10-13T12:03:05.021+0000] {dag.py:3047} INFO - Sync 1 DAGs
[2025-10-13T12:03:05.099+0000] {logging_mixin.py:188} INFO - [2025-10-13T12:03:05.099+0000] {dag.py:3834} INFO - Setting next_dagrun for weather_etl_v2 to 2025-10-12 22:00:00+00:00, run_after=2025-10-13 22:00:00+00:00
[2025-10-13T12:03:05.196+0000] {processor.py:183} INFO - Processing /opt/airflow/dags/weather_etl_v2.py took 0.391 seconds
[2025-10-13T12:03:35.823+0000] {processor.py:161} INFO - Started process (PID=10404) to work on /opt/airflow/dags/weather_etl_v2.py
[2025-10-13T12:03:35.826+0000] {processor.py:830} INFO - Processing file /opt/airflow/dags/weather_etl_v2.py for tasks to queue
[2025-10-13T12:03:35.828+0000] {logging_mixin.py:188} INFO - [2025-10-13T12:03:35.827+0000] {dagbag.py:540} INFO - Filling up the DagBag from /opt/airflow/dags/weather_etl_v2.py
[2025-10-13T12:03:35.872+0000] {processor.py:840} INFO - DAG(s) 'weather_etl_v2' retrieved from /opt/airflow/dags/weather_etl_v2.py
[2025-10-13T12:03:35.959+0000] {logging_mixin.py:188} INFO - [2025-10-13T12:03:35.959+0000] {dag.py:3047} INFO - Sync 1 DAGs
[2025-10-13T12:03:36.030+0000] {logging_mixin.py:188} INFO - [2025-10-13T12:03:36.029+0000] {dag.py:3834} INFO - Setting next_dagrun for weather_etl_v2 to 2025-10-12 22:00:00+00:00, run_after=2025-10-13 22:00:00+00:00
[2025-10-13T12:03:36.101+0000] {processor.py:183} INFO - Processing /opt/airflow/dags/weather_etl_v2.py took 0.283 seconds
[2025-10-13T12:04:06.195+0000] {processor.py:161} INFO - Started process (PID=10419) to work on /opt/airflow/dags/weather_etl_v2.py
[2025-10-13T12:04:06.197+0000] {processor.py:830} INFO - Processing file /opt/airflow/dags/weather_etl_v2.py for tasks to queue
[2025-10-13T12:04:06.199+0000] {logging_mixin.py:188} INFO - [2025-10-13T12:04:06.198+0000] {dagbag.py:540} INFO - Filling up the DagBag from /opt/airflow/dags/weather_etl_v2.py
[2025-10-13T12:04:06.255+0000] {processor.py:840} INFO - DAG(s) 'weather_etl_v2' retrieved from /opt/airflow/dags/weather_etl_v2.py
[2025-10-13T12:04:06.372+0000] {logging_mixin.py:188} INFO - [2025-10-13T12:04:06.372+0000] {dag.py:3047} INFO - Sync 1 DAGs
[2025-10-13T12:04:06.434+0000] {logging_mixin.py:188} INFO - [2025-10-13T12:04:06.433+0000] {dag.py:3834} INFO - Setting next_dagrun for weather_etl_v2 to 2025-10-12 22:00:00+00:00, run_after=2025-10-13 22:00:00+00:00
[2025-10-13T12:04:06.511+0000] {processor.py:183} INFO - Processing /opt/airflow/dags/weather_etl_v2.py took 0.322 seconds
[2025-10-13T12:04:37.349+0000] {processor.py:161} INFO - Started process (PID=10434) to work on /opt/airflow/dags/weather_etl_v2.py
[2025-10-13T12:04:37.354+0000] {processor.py:830} INFO - Processing file /opt/airflow/dags/weather_etl_v2.py for tasks to queue
[2025-10-13T12:04:37.360+0000] {logging_mixin.py:188} INFO - [2025-10-13T12:04:37.359+0000] {dagbag.py:540} INFO - Filling up the DagBag from /opt/airflow/dags/weather_etl_v2.py
[2025-10-13T12:04:37.459+0000] {processor.py:840} INFO - DAG(s) 'weather_etl_v2' retrieved from /opt/airflow/dags/weather_etl_v2.py
[2025-10-13T12:04:37.576+0000] {logging_mixin.py:188} INFO - [2025-10-13T12:04:37.575+0000] {dag.py:3047} INFO - Sync 1 DAGs
[2025-10-13T12:04:37.663+0000] {logging_mixin.py:188} INFO - [2025-10-13T12:04:37.663+0000] {dag.py:3834} INFO - Setting next_dagrun for weather_etl_v2 to 2025-10-12 22:00:00+00:00, run_after=2025-10-13 22:00:00+00:00
[2025-10-13T12:04:37.757+0000] {processor.py:183} INFO - Processing /opt/airflow/dags/weather_etl_v2.py took 0.426 seconds
[2025-10-13T12:05:08.822+0000] {processor.py:161} INFO - Started process (PID=10449) to work on /opt/airflow/dags/weather_etl_v2.py
[2025-10-13T12:05:08.825+0000] {processor.py:830} INFO - Processing file /opt/airflow/dags/weather_etl_v2.py for tasks to queue
[2025-10-13T12:05:08.827+0000] {logging_mixin.py:188} INFO - [2025-10-13T12:05:08.826+0000] {dagbag.py:540} INFO - Filling up the DagBag from /opt/airflow/dags/weather_etl_v2.py
[2025-10-13T12:05:08.872+0000] {processor.py:840} INFO - DAG(s) 'weather_etl_v2' retrieved from /opt/airflow/dags/weather_etl_v2.py
[2025-10-13T12:05:09.002+0000] {logging_mixin.py:188} INFO - [2025-10-13T12:05:09.001+0000] {dag.py:3047} INFO - Sync 1 DAGs
[2025-10-13T12:05:09.066+0000] {logging_mixin.py:188} INFO - [2025-10-13T12:05:09.066+0000] {dag.py:3834} INFO - Setting next_dagrun for weather_etl_v2 to 2025-10-12 22:00:00+00:00, run_after=2025-10-13 22:00:00+00:00
[2025-10-13T12:05:09.132+0000] {processor.py:183} INFO - Processing /opt/airflow/dags/weather_etl_v2.py took 0.318 seconds
[2025-10-13T12:05:40.130+0000] {processor.py:161} INFO - Started process (PID=10464) to work on /opt/airflow/dags/weather_etl_v2.py
[2025-10-13T12:05:40.139+0000] {processor.py:830} INFO - Processing file /opt/airflow/dags/weather_etl_v2.py for tasks to queue
[2025-10-13T12:05:40.144+0000] {logging_mixin.py:188} INFO - [2025-10-13T12:05:40.143+0000] {dagbag.py:540} INFO - Filling up the DagBag from /opt/airflow/dags/weather_etl_v2.py
[2025-10-13T12:05:40.187+0000] {processor.py:840} INFO - DAG(s) 'weather_etl_v2' retrieved from /opt/airflow/dags/weather_etl_v2.py
[2025-10-13T12:05:40.287+0000] {logging_mixin.py:188} INFO - [2025-10-13T12:05:40.286+0000] {dag.py:3047} INFO - Sync 1 DAGs
[2025-10-13T12:05:40.356+0000] {logging_mixin.py:188} INFO - [2025-10-13T12:05:40.355+0000] {dag.py:3834} INFO - Setting next_dagrun for weather_etl_v2 to 2025-10-12 22:00:00+00:00, run_after=2025-10-13 22:00:00+00:00
[2025-10-13T12:05:40.433+0000] {processor.py:183} INFO - Processing /opt/airflow/dags/weather_etl_v2.py took 0.340 seconds
[2025-10-13T12:06:11.010+0000] {processor.py:161} INFO - Started process (PID=10479) to work on /opt/airflow/dags/weather_etl_v2.py
[2025-10-13T12:06:11.012+0000] {processor.py:830} INFO - Processing file /opt/airflow/dags/weather_etl_v2.py for tasks to queue
[2025-10-13T12:06:11.015+0000] {logging_mixin.py:188} INFO - [2025-10-13T12:06:11.014+0000] {dagbag.py:540} INFO - Filling up the DagBag from /opt/airflow/dags/weather_etl_v2.py
[2025-10-13T12:06:11.054+0000] {processor.py:840} INFO - DAG(s) 'weather_etl_v2' retrieved from /opt/airflow/dags/weather_etl_v2.py
[2025-10-13T12:06:11.135+0000] {logging_mixin.py:188} INFO - [2025-10-13T12:06:11.135+0000] {dag.py:3047} INFO - Sync 1 DAGs
[2025-10-13T12:06:11.205+0000] {logging_mixin.py:188} INFO - [2025-10-13T12:06:11.204+0000] {dag.py:3834} INFO - Setting next_dagrun for weather_etl_v2 to 2025-10-12 22:00:00+00:00, run_after=2025-10-13 22:00:00+00:00
[2025-10-13T12:06:11.304+0000] {processor.py:183} INFO - Processing /opt/airflow/dags/weather_etl_v2.py took 0.299 seconds
[2025-10-13T12:06:42.036+0000] {processor.py:161} INFO - Started process (PID=10494) to work on /opt/airflow/dags/weather_etl_v2.py
[2025-10-13T12:06:42.038+0000] {processor.py:830} INFO - Processing file /opt/airflow/dags/weather_etl_v2.py for tasks to queue
[2025-10-13T12:06:42.041+0000] {logging_mixin.py:188} INFO - [2025-10-13T12:06:42.040+0000] {dagbag.py:540} INFO - Filling up the DagBag from /opt/airflow/dags/weather_etl_v2.py
[2025-10-13T12:06:42.091+0000] {processor.py:840} INFO - DAG(s) 'weather_etl_v2' retrieved from /opt/airflow/dags/weather_etl_v2.py
[2025-10-13T12:06:42.353+0000] {logging_mixin.py:188} INFO - [2025-10-13T12:06:42.352+0000] {dag.py:3047} INFO - Sync 1 DAGs
[2025-10-13T12:06:42.605+0000] {logging_mixin.py:188} INFO - [2025-10-13T12:06:42.604+0000] {dag.py:3834} INFO - Setting next_dagrun for weather_etl_v2 to 2025-10-12 22:00:00+00:00, run_after=2025-10-13 22:00:00+00:00
[2025-10-13T12:06:42.829+0000] {processor.py:183} INFO - Processing /opt/airflow/dags/weather_etl_v2.py took 0.796 seconds
[2025-10-13T12:07:13.745+0000] {processor.py:161} INFO - Started process (PID=10509) to work on /opt/airflow/dags/weather_etl_v2.py
[2025-10-13T12:07:13.752+0000] {processor.py:830} INFO - Processing file /opt/airflow/dags/weather_etl_v2.py for tasks to queue
[2025-10-13T12:07:13.757+0000] {logging_mixin.py:188} INFO - [2025-10-13T12:07:13.755+0000] {dagbag.py:540} INFO - Filling up the DagBag from /opt/airflow/dags/weather_etl_v2.py
[2025-10-13T12:07:13.848+0000] {processor.py:840} INFO - DAG(s) 'weather_etl_v2' retrieved from /opt/airflow/dags/weather_etl_v2.py
[2025-10-13T12:07:13.958+0000] {logging_mixin.py:188} INFO - [2025-10-13T12:07:13.957+0000] {dag.py:3047} INFO - Sync 1 DAGs
[2025-10-13T12:07:14.012+0000] {logging_mixin.py:188} INFO - [2025-10-13T12:07:14.011+0000] {dag.py:3834} INFO - Setting next_dagrun for weather_etl_v2 to 2025-10-12 22:00:00+00:00, run_after=2025-10-13 22:00:00+00:00
[2025-10-13T12:07:14.073+0000] {processor.py:183} INFO - Processing /opt/airflow/dags/weather_etl_v2.py took 0.334 seconds
[2025-10-13T12:07:44.715+0000] {processor.py:161} INFO - Started process (PID=10524) to work on /opt/airflow/dags/weather_etl_v2.py
[2025-10-13T12:07:44.717+0000] {processor.py:830} INFO - Processing file /opt/airflow/dags/weather_etl_v2.py for tasks to queue
[2025-10-13T12:07:44.719+0000] {logging_mixin.py:188} INFO - [2025-10-13T12:07:44.718+0000] {dagbag.py:540} INFO - Filling up the DagBag from /opt/airflow/dags/weather_etl_v2.py
[2025-10-13T12:07:44.769+0000] {processor.py:840} INFO - DAG(s) 'weather_etl_v2' retrieved from /opt/airflow/dags/weather_etl_v2.py
[2025-10-13T12:07:44.856+0000] {logging_mixin.py:188} INFO - [2025-10-13T12:07:44.856+0000] {dag.py:3047} INFO - Sync 1 DAGs
[2025-10-13T12:07:44.920+0000] {logging_mixin.py:188} INFO - [2025-10-13T12:07:44.920+0000] {dag.py:3834} INFO - Setting next_dagrun for weather_etl_v2 to 2025-10-12 22:00:00+00:00, run_after=2025-10-13 22:00:00+00:00
[2025-10-13T12:07:45.000+0000] {processor.py:183} INFO - Processing /opt/airflow/dags/weather_etl_v2.py took 0.289 seconds
[2025-10-13T12:08:15.615+0000] {processor.py:161} INFO - Started process (PID=10539) to work on /opt/airflow/dags/weather_etl_v2.py
[2025-10-13T12:08:15.617+0000] {processor.py:830} INFO - Processing file /opt/airflow/dags/weather_etl_v2.py for tasks to queue
[2025-10-13T12:08:15.621+0000] {logging_mixin.py:188} INFO - [2025-10-13T12:08:15.620+0000] {dagbag.py:540} INFO - Filling up the DagBag from /opt/airflow/dags/weather_etl_v2.py
[2025-10-13T12:08:15.678+0000] {processor.py:840} INFO - DAG(s) 'weather_etl_v2' retrieved from /opt/airflow/dags/weather_etl_v2.py
[2025-10-13T12:08:15.793+0000] {logging_mixin.py:188} INFO - [2025-10-13T12:08:15.792+0000] {dag.py:3047} INFO - Sync 1 DAGs
[2025-10-13T12:08:15.865+0000] {logging_mixin.py:188} INFO - [2025-10-13T12:08:15.865+0000] {dag.py:3834} INFO - Setting next_dagrun for weather_etl_v2 to 2025-10-12 22:00:00+00:00, run_after=2025-10-13 22:00:00+00:00
[2025-10-13T12:08:15.938+0000] {processor.py:183} INFO - Processing /opt/airflow/dags/weather_etl_v2.py took 0.328 seconds
[2025-10-13T12:08:46.710+0000] {processor.py:161} INFO - Started process (PID=10554) to work on /opt/airflow/dags/weather_etl_v2.py
[2025-10-13T12:08:46.713+0000] {processor.py:830} INFO - Processing file /opt/airflow/dags/weather_etl_v2.py for tasks to queue
[2025-10-13T12:08:46.716+0000] {logging_mixin.py:188} INFO - [2025-10-13T12:08:46.715+0000] {dagbag.py:540} INFO - Filling up the DagBag from /opt/airflow/dags/weather_etl_v2.py
[2025-10-13T12:08:46.766+0000] {processor.py:840} INFO - DAG(s) 'weather_etl_v2' retrieved from /opt/airflow/dags/weather_etl_v2.py
[2025-10-13T12:08:46.868+0000] {logging_mixin.py:188} INFO - [2025-10-13T12:08:46.868+0000] {dag.py:3047} INFO - Sync 1 DAGs
[2025-10-13T12:08:46.954+0000] {logging_mixin.py:188} INFO - [2025-10-13T12:08:46.953+0000] {dag.py:3834} INFO - Setting next_dagrun for weather_etl_v2 to 2025-10-12 22:00:00+00:00, run_after=2025-10-13 22:00:00+00:00
[2025-10-13T12:08:47.041+0000] {processor.py:183} INFO - Processing /opt/airflow/dags/weather_etl_v2.py took 0.336 seconds
[2025-10-13T12:09:17.772+0000] {processor.py:161} INFO - Started process (PID=10569) to work on /opt/airflow/dags/weather_etl_v2.py
[2025-10-13T12:09:17.774+0000] {processor.py:830} INFO - Processing file /opt/airflow/dags/weather_etl_v2.py for tasks to queue
[2025-10-13T12:09:17.777+0000] {logging_mixin.py:188} INFO - [2025-10-13T12:09:17.776+0000] {dagbag.py:540} INFO - Filling up the DagBag from /opt/airflow/dags/weather_etl_v2.py
[2025-10-13T12:09:17.847+0000] {processor.py:840} INFO - DAG(s) 'weather_etl_v2' retrieved from /opt/airflow/dags/weather_etl_v2.py
[2025-10-13T12:09:18.002+0000] {logging_mixin.py:188} INFO - [2025-10-13T12:09:18.002+0000] {dag.py:3047} INFO - Sync 1 DAGs
[2025-10-13T12:09:18.077+0000] {logging_mixin.py:188} INFO - [2025-10-13T12:09:18.077+0000] {dag.py:3834} INFO - Setting next_dagrun for weather_etl_v2 to 2025-10-12 22:00:00+00:00, run_after=2025-10-13 22:00:00+00:00
[2025-10-13T12:09:18.159+0000] {processor.py:183} INFO - Processing /opt/airflow/dags/weather_etl_v2.py took 0.396 seconds
[2025-10-13T12:09:53.361+0000] {processor.py:161} INFO - Started process (PID=10584) to work on /opt/airflow/dags/weather_etl_v2.py
[2025-10-13T12:09:53.365+0000] {processor.py:830} INFO - Processing file /opt/airflow/dags/weather_etl_v2.py for tasks to queue
[2025-10-13T12:09:53.375+0000] {logging_mixin.py:188} INFO - [2025-10-13T12:09:53.374+0000] {dagbag.py:540} INFO - Filling up the DagBag from /opt/airflow/dags/weather_etl_v2.py
[2025-10-13T12:09:53.501+0000] {processor.py:840} INFO - DAG(s) 'weather_etl_v2' retrieved from /opt/airflow/dags/weather_etl_v2.py
[2025-10-13T12:09:53.914+0000] {logging_mixin.py:188} INFO - [2025-10-13T12:09:53.913+0000] {dag.py:3047} INFO - Sync 1 DAGs
[2025-10-13T12:09:54.099+0000] {logging_mixin.py:188} INFO - [2025-10-13T12:09:54.098+0000] {dag.py:3834} INFO - Setting next_dagrun for weather_etl_v2 to 2025-10-12 22:00:00+00:00, run_after=2025-10-13 22:00:00+00:00
[2025-10-13T12:09:54.216+0000] {processor.py:183} INFO - Processing /opt/airflow/dags/weather_etl_v2.py took 0.874 seconds
[2025-10-13T12:10:25.206+0000] {processor.py:161} INFO - Started process (PID=10599) to work on /opt/airflow/dags/weather_etl_v2.py
[2025-10-13T12:10:25.209+0000] {processor.py:830} INFO - Processing file /opt/airflow/dags/weather_etl_v2.py for tasks to queue
[2025-10-13T12:10:25.211+0000] {logging_mixin.py:188} INFO - [2025-10-13T12:10:25.210+0000] {dagbag.py:540} INFO - Filling up the DagBag from /opt/airflow/dags/weather_etl_v2.py
[2025-10-13T12:10:25.282+0000] {processor.py:840} INFO - DAG(s) 'weather_etl_v2' retrieved from /opt/airflow/dags/weather_etl_v2.py
[2025-10-13T12:10:25.409+0000] {logging_mixin.py:188} INFO - [2025-10-13T12:10:25.408+0000] {dag.py:3047} INFO - Sync 1 DAGs
[2025-10-13T12:10:25.499+0000] {logging_mixin.py:188} INFO - [2025-10-13T12:10:25.499+0000] {dag.py:3834} INFO - Setting next_dagrun for weather_etl_v2 to 2025-10-12 22:00:00+00:00, run_after=2025-10-13 22:00:00+00:00
[2025-10-13T12:10:25.579+0000] {processor.py:183} INFO - Processing /opt/airflow/dags/weather_etl_v2.py took 0.377 seconds
[2025-10-13T12:10:55.936+0000] {processor.py:161} INFO - Started process (PID=10614) to work on /opt/airflow/dags/weather_etl_v2.py
[2025-10-13T12:10:55.939+0000] {processor.py:830} INFO - Processing file /opt/airflow/dags/weather_etl_v2.py for tasks to queue
[2025-10-13T12:10:55.942+0000] {logging_mixin.py:188} INFO - [2025-10-13T12:10:55.941+0000] {dagbag.py:540} INFO - Filling up the DagBag from /opt/airflow/dags/weather_etl_v2.py
[2025-10-13T12:10:55.996+0000] {processor.py:840} INFO - DAG(s) 'weather_etl_v2' retrieved from /opt/airflow/dags/weather_etl_v2.py
[2025-10-13T12:10:56.104+0000] {logging_mixin.py:188} INFO - [2025-10-13T12:10:56.103+0000] {dag.py:3047} INFO - Sync 1 DAGs
[2025-10-13T12:10:56.177+0000] {logging_mixin.py:188} INFO - [2025-10-13T12:10:56.177+0000] {dag.py:3834} INFO - Setting next_dagrun for weather_etl_v2 to 2025-10-12 22:00:00+00:00, run_after=2025-10-13 22:00:00+00:00
[2025-10-13T12:10:56.244+0000] {processor.py:183} INFO - Processing /opt/airflow/dags/weather_etl_v2.py took 0.317 seconds
[2025-10-13T12:11:27.096+0000] {processor.py:161} INFO - Started process (PID=10629) to work on /opt/airflow/dags/weather_etl_v2.py
[2025-10-13T12:11:27.098+0000] {processor.py:830} INFO - Processing file /opt/airflow/dags/weather_etl_v2.py for tasks to queue
[2025-10-13T12:11:27.101+0000] {logging_mixin.py:188} INFO - [2025-10-13T12:11:27.100+0000] {dagbag.py:540} INFO - Filling up the DagBag from /opt/airflow/dags/weather_etl_v2.py
[2025-10-13T12:11:27.145+0000] {processor.py:840} INFO - DAG(s) 'weather_etl_v2' retrieved from /opt/airflow/dags/weather_etl_v2.py
[2025-10-13T12:11:27.244+0000] {logging_mixin.py:188} INFO - [2025-10-13T12:11:27.244+0000] {dag.py:3047} INFO - Sync 1 DAGs
[2025-10-13T12:11:27.296+0000] {logging_mixin.py:188} INFO - [2025-10-13T12:11:27.296+0000] {dag.py:3834} INFO - Setting next_dagrun for weather_etl_v2 to 2025-10-12 22:00:00+00:00, run_after=2025-10-13 22:00:00+00:00
[2025-10-13T12:11:27.366+0000] {processor.py:183} INFO - Processing /opt/airflow/dags/weather_etl_v2.py took 0.274 seconds
[2025-10-13T12:11:58.122+0000] {processor.py:161} INFO - Started process (PID=10644) to work on /opt/airflow/dags/weather_etl_v2.py
[2025-10-13T12:11:58.124+0000] {processor.py:830} INFO - Processing file /opt/airflow/dags/weather_etl_v2.py for tasks to queue
[2025-10-13T12:11:58.126+0000] {logging_mixin.py:188} INFO - [2025-10-13T12:11:58.125+0000] {dagbag.py:540} INFO - Filling up the DagBag from /opt/airflow/dags/weather_etl_v2.py
[2025-10-13T12:11:58.159+0000] {processor.py:840} INFO - DAG(s) 'weather_etl_v2' retrieved from /opt/airflow/dags/weather_etl_v2.py
[2025-10-13T12:11:58.251+0000] {logging_mixin.py:188} INFO - [2025-10-13T12:11:58.250+0000] {dag.py:3047} INFO - Sync 1 DAGs
[2025-10-13T12:11:58.306+0000] {logging_mixin.py:188} INFO - [2025-10-13T12:11:58.305+0000] {dag.py:3834} INFO - Setting next_dagrun for weather_etl_v2 to 2025-10-12 22:00:00+00:00, run_after=2025-10-13 22:00:00+00:00
[2025-10-13T12:11:58.373+0000] {processor.py:183} INFO - Processing /opt/airflow/dags/weather_etl_v2.py took 0.255 seconds
[2025-10-13T12:12:29.098+0000] {processor.py:161} INFO - Started process (PID=10659) to work on /opt/airflow/dags/weather_etl_v2.py
[2025-10-13T12:12:29.101+0000] {processor.py:830} INFO - Processing file /opt/airflow/dags/weather_etl_v2.py for tasks to queue
[2025-10-13T12:12:29.103+0000] {logging_mixin.py:188} INFO - [2025-10-13T12:12:29.102+0000] {dagbag.py:540} INFO - Filling up the DagBag from /opt/airflow/dags/weather_etl_v2.py
[2025-10-13T12:12:29.160+0000] {processor.py:840} INFO - DAG(s) 'weather_etl_v2' retrieved from /opt/airflow/dags/weather_etl_v2.py
[2025-10-13T12:12:29.265+0000] {logging_mixin.py:188} INFO - [2025-10-13T12:12:29.264+0000] {dag.py:3047} INFO - Sync 1 DAGs
[2025-10-13T12:12:29.341+0000] {logging_mixin.py:188} INFO - [2025-10-13T12:12:29.341+0000] {dag.py:3834} INFO - Setting next_dagrun for weather_etl_v2 to 2025-10-12 22:00:00+00:00, run_after=2025-10-13 22:00:00+00:00
[2025-10-13T12:12:29.425+0000] {processor.py:183} INFO - Processing /opt/airflow/dags/weather_etl_v2.py took 0.331 seconds
[2025-10-13T12:12:59.990+0000] {processor.py:161} INFO - Started process (PID=10674) to work on /opt/airflow/dags/weather_etl_v2.py
[2025-10-13T12:12:59.992+0000] {processor.py:830} INFO - Processing file /opt/airflow/dags/weather_etl_v2.py for tasks to queue
[2025-10-13T12:12:59.994+0000] {logging_mixin.py:188} INFO - [2025-10-13T12:12:59.993+0000] {dagbag.py:540} INFO - Filling up the DagBag from /opt/airflow/dags/weather_etl_v2.py
[2025-10-13T12:13:00.037+0000] {processor.py:840} INFO - DAG(s) 'weather_etl_v2' retrieved from /opt/airflow/dags/weather_etl_v2.py
[2025-10-13T12:13:00.158+0000] {logging_mixin.py:188} INFO - [2025-10-13T12:13:00.157+0000] {dag.py:3047} INFO - Sync 1 DAGs
[2025-10-13T12:13:00.214+0000] {logging_mixin.py:188} INFO - [2025-10-13T12:13:00.213+0000] {dag.py:3834} INFO - Setting next_dagrun for weather_etl_v2 to 2025-10-12 22:00:00+00:00, run_after=2025-10-13 22:00:00+00:00
[2025-10-13T12:13:00.281+0000] {processor.py:183} INFO - Processing /opt/airflow/dags/weather_etl_v2.py took 0.295 seconds
[2025-10-13T12:13:31.047+0000] {processor.py:161} INFO - Started process (PID=10689) to work on /opt/airflow/dags/weather_etl_v2.py
[2025-10-13T12:13:31.051+0000] {processor.py:830} INFO - Processing file /opt/airflow/dags/weather_etl_v2.py for tasks to queue
[2025-10-13T12:13:31.053+0000] {logging_mixin.py:188} INFO - [2025-10-13T12:13:31.053+0000] {dagbag.py:540} INFO - Filling up the DagBag from /opt/airflow/dags/weather_etl_v2.py
[2025-10-13T12:13:31.138+0000] {processor.py:840} INFO - DAG(s) 'weather_etl_v2' retrieved from /opt/airflow/dags/weather_etl_v2.py
[2025-10-13T12:13:31.289+0000] {logging_mixin.py:188} INFO - [2025-10-13T12:13:31.289+0000] {dag.py:3047} INFO - Sync 1 DAGs
[2025-10-13T12:13:31.376+0000] {logging_mixin.py:188} INFO - [2025-10-13T12:13:31.376+0000] {dag.py:3834} INFO - Setting next_dagrun for weather_etl_v2 to 2025-10-12 22:00:00+00:00, run_after=2025-10-13 22:00:00+00:00
[2025-10-13T12:13:31.474+0000] {processor.py:183} INFO - Processing /opt/airflow/dags/weather_etl_v2.py took 0.446 seconds
[2025-10-13T12:14:01.707+0000] {processor.py:161} INFO - Started process (PID=10704) to work on /opt/airflow/dags/weather_etl_v2.py
[2025-10-13T12:14:01.710+0000] {processor.py:830} INFO - Processing file /opt/airflow/dags/weather_etl_v2.py for tasks to queue
[2025-10-13T12:14:01.713+0000] {logging_mixin.py:188} INFO - [2025-10-13T12:14:01.712+0000] {dagbag.py:540} INFO - Filling up the DagBag from /opt/airflow/dags/weather_etl_v2.py
[2025-10-13T12:14:01.759+0000] {processor.py:840} INFO - DAG(s) 'weather_etl_v2' retrieved from /opt/airflow/dags/weather_etl_v2.py
[2025-10-13T12:14:01.868+0000] {logging_mixin.py:188} INFO - [2025-10-13T12:14:01.867+0000] {dag.py:3047} INFO - Sync 1 DAGs
[2025-10-13T12:14:01.940+0000] {logging_mixin.py:188} INFO - [2025-10-13T12:14:01.940+0000] {dag.py:3834} INFO - Setting next_dagrun for weather_etl_v2 to 2025-10-12 22:00:00+00:00, run_after=2025-10-13 22:00:00+00:00
[2025-10-13T12:14:02.012+0000] {processor.py:183} INFO - Processing /opt/airflow/dags/weather_etl_v2.py took 0.311 seconds
[2025-10-13T12:14:32.563+0000] {processor.py:161} INFO - Started process (PID=10719) to work on /opt/airflow/dags/weather_etl_v2.py
[2025-10-13T12:14:32.566+0000] {processor.py:830} INFO - Processing file /opt/airflow/dags/weather_etl_v2.py for tasks to queue
[2025-10-13T12:14:32.568+0000] {logging_mixin.py:188} INFO - [2025-10-13T12:14:32.568+0000] {dagbag.py:540} INFO - Filling up the DagBag from /opt/airflow/dags/weather_etl_v2.py
[2025-10-13T12:14:32.608+0000] {processor.py:840} INFO - DAG(s) 'weather_etl_v2' retrieved from /opt/airflow/dags/weather_etl_v2.py
[2025-10-13T12:14:32.694+0000] {logging_mixin.py:188} INFO - [2025-10-13T12:14:32.693+0000] {dag.py:3047} INFO - Sync 1 DAGs
[2025-10-13T12:14:32.759+0000] {logging_mixin.py:188} INFO - [2025-10-13T12:14:32.759+0000] {dag.py:3834} INFO - Setting next_dagrun for weather_etl_v2 to 2025-10-12 22:00:00+00:00, run_after=2025-10-13 22:00:00+00:00
[2025-10-13T12:14:32.838+0000] {processor.py:183} INFO - Processing /opt/airflow/dags/weather_etl_v2.py took 0.281 seconds
[2025-10-13T12:15:03.408+0000] {processor.py:161} INFO - Started process (PID=10734) to work on /opt/airflow/dags/weather_etl_v2.py
[2025-10-13T12:15:03.411+0000] {processor.py:830} INFO - Processing file /opt/airflow/dags/weather_etl_v2.py for tasks to queue
[2025-10-13T12:15:03.414+0000] {logging_mixin.py:188} INFO - [2025-10-13T12:15:03.413+0000] {dagbag.py:540} INFO - Filling up the DagBag from /opt/airflow/dags/weather_etl_v2.py
[2025-10-13T12:15:03.466+0000] {processor.py:840} INFO - DAG(s) 'weather_etl_v2' retrieved from /opt/airflow/dags/weather_etl_v2.py
[2025-10-13T12:15:03.851+0000] {logging_mixin.py:188} INFO - [2025-10-13T12:15:03.850+0000] {dag.py:3047} INFO - Sync 1 DAGs
[2025-10-13T12:15:03.950+0000] {logging_mixin.py:188} INFO - [2025-10-13T12:15:03.950+0000] {dag.py:3834} INFO - Setting next_dagrun for weather_etl_v2 to 2025-10-12 22:00:00+00:00, run_after=2025-10-13 22:00:00+00:00
[2025-10-13T12:15:04.029+0000] {processor.py:183} INFO - Processing /opt/airflow/dags/weather_etl_v2.py took 0.626 seconds
[2025-10-13T12:15:35.077+0000] {processor.py:161} INFO - Started process (PID=10749) to work on /opt/airflow/dags/weather_etl_v2.py
[2025-10-13T12:15:35.080+0000] {processor.py:830} INFO - Processing file /opt/airflow/dags/weather_etl_v2.py for tasks to queue
[2025-10-13T12:15:35.082+0000] {logging_mixin.py:188} INFO - [2025-10-13T12:15:35.082+0000] {dagbag.py:540} INFO - Filling up the DagBag from /opt/airflow/dags/weather_etl_v2.py
[2025-10-13T12:15:35.133+0000] {processor.py:840} INFO - DAG(s) 'weather_etl_v2' retrieved from /opt/airflow/dags/weather_etl_v2.py
[2025-10-13T12:15:35.257+0000] {logging_mixin.py:188} INFO - [2025-10-13T12:15:35.256+0000] {dag.py:3047} INFO - Sync 1 DAGs
[2025-10-13T12:15:35.337+0000] {logging_mixin.py:188} INFO - [2025-10-13T12:15:35.336+0000] {dag.py:3834} INFO - Setting next_dagrun for weather_etl_v2 to 2025-10-12 22:00:00+00:00, run_after=2025-10-13 22:00:00+00:00
[2025-10-13T12:15:35.426+0000] {processor.py:183} INFO - Processing /opt/airflow/dags/weather_etl_v2.py took 0.355 seconds
[2025-10-13T12:16:06.003+0000] {processor.py:161} INFO - Started process (PID=10764) to work on /opt/airflow/dags/weather_etl_v2.py
[2025-10-13T12:16:06.007+0000] {processor.py:830} INFO - Processing file /opt/airflow/dags/weather_etl_v2.py for tasks to queue
[2025-10-13T12:16:06.010+0000] {logging_mixin.py:188} INFO - [2025-10-13T12:16:06.009+0000] {dagbag.py:540} INFO - Filling up the DagBag from /opt/airflow/dags/weather_etl_v2.py
[2025-10-13T12:16:06.153+0000] {processor.py:840} INFO - DAG(s) 'weather_etl_v2' retrieved from /opt/airflow/dags/weather_etl_v2.py
[2025-10-13T12:16:06.245+0000] {logging_mixin.py:188} INFO - [2025-10-13T12:16:06.245+0000] {dag.py:3047} INFO - Sync 1 DAGs
[2025-10-13T12:16:06.307+0000] {logging_mixin.py:188} INFO - [2025-10-13T12:16:06.307+0000] {dag.py:3834} INFO - Setting next_dagrun for weather_etl_v2 to 2025-10-12 22:00:00+00:00, run_after=2025-10-13 22:00:00+00:00
[2025-10-13T12:16:06.381+0000] {processor.py:183} INFO - Processing /opt/airflow/dags/weather_etl_v2.py took 0.385 seconds
[2025-10-13T12:16:36.830+0000] {processor.py:161} INFO - Started process (PID=10779) to work on /opt/airflow/dags/weather_etl_v2.py
[2025-10-13T12:16:36.832+0000] {processor.py:830} INFO - Processing file /opt/airflow/dags/weather_etl_v2.py for tasks to queue
[2025-10-13T12:16:36.835+0000] {logging_mixin.py:188} INFO - [2025-10-13T12:16:36.833+0000] {dagbag.py:540} INFO - Filling up the DagBag from /opt/airflow/dags/weather_etl_v2.py
[2025-10-13T12:16:36.876+0000] {processor.py:840} INFO - DAG(s) 'weather_etl_v2' retrieved from /opt/airflow/dags/weather_etl_v2.py
[2025-10-13T12:16:36.949+0000] {logging_mixin.py:188} INFO - [2025-10-13T12:16:36.949+0000] {dag.py:3047} INFO - Sync 1 DAGs
[2025-10-13T12:16:37.155+0000] {logging_mixin.py:188} INFO - [2025-10-13T12:16:37.155+0000] {dag.py:3834} INFO - Setting next_dagrun for weather_etl_v2 to 2025-10-12 22:00:00+00:00, run_after=2025-10-13 22:00:00+00:00
[2025-10-13T12:16:37.222+0000] {processor.py:183} INFO - Processing /opt/airflow/dags/weather_etl_v2.py took 0.397 seconds
[2025-10-13T12:17:08.029+0000] {processor.py:161} INFO - Started process (PID=10794) to work on /opt/airflow/dags/weather_etl_v2.py
[2025-10-13T12:17:08.034+0000] {processor.py:830} INFO - Processing file /opt/airflow/dags/weather_etl_v2.py for tasks to queue
[2025-10-13T12:17:08.042+0000] {logging_mixin.py:188} INFO - [2025-10-13T12:17:08.041+0000] {dagbag.py:540} INFO - Filling up the DagBag from /opt/airflow/dags/weather_etl_v2.py
[2025-10-13T12:17:08.321+0000] {processor.py:840} INFO - DAG(s) 'weather_etl_v2' retrieved from /opt/airflow/dags/weather_etl_v2.py
[2025-10-13T12:17:08.453+0000] {logging_mixin.py:188} INFO - [2025-10-13T12:17:08.452+0000] {dag.py:3047} INFO - Sync 1 DAGs
[2025-10-13T12:17:08.531+0000] {logging_mixin.py:188} INFO - [2025-10-13T12:17:08.531+0000] {dag.py:3834} INFO - Setting next_dagrun for weather_etl_v2 to 2025-10-12 22:00:00+00:00, run_after=2025-10-13 22:00:00+00:00
[2025-10-13T12:17:08.609+0000] {processor.py:183} INFO - Processing /opt/airflow/dags/weather_etl_v2.py took 0.593 seconds
[2025-10-13T12:17:39.554+0000] {processor.py:161} INFO - Started process (PID=10809) to work on /opt/airflow/dags/weather_etl_v2.py
[2025-10-13T12:17:39.557+0000] {processor.py:830} INFO - Processing file /opt/airflow/dags/weather_etl_v2.py for tasks to queue
[2025-10-13T12:17:39.559+0000] {logging_mixin.py:188} INFO - [2025-10-13T12:17:39.558+0000] {dagbag.py:540} INFO - Filling up the DagBag from /opt/airflow/dags/weather_etl_v2.py
[2025-10-13T12:17:39.615+0000] {processor.py:840} INFO - DAG(s) 'weather_etl_v2' retrieved from /opt/airflow/dags/weather_etl_v2.py
[2025-10-13T12:17:40.314+0000] {logging_mixin.py:188} INFO - [2025-10-13T12:17:40.313+0000] {dag.py:3047} INFO - Sync 1 DAGs
[2025-10-13T12:17:40.590+0000] {logging_mixin.py:188} INFO - [2025-10-13T12:17:40.590+0000] {dag.py:3834} INFO - Setting next_dagrun for weather_etl_v2 to 2025-10-12 22:00:00+00:00, run_after=2025-10-13 22:00:00+00:00
[2025-10-13T12:17:40.752+0000] {processor.py:183} INFO - Processing /opt/airflow/dags/weather_etl_v2.py took 1.202 seconds
[2025-10-13T12:18:11.520+0000] {processor.py:161} INFO - Started process (PID=10824) to work on /opt/airflow/dags/weather_etl_v2.py
[2025-10-13T12:18:11.524+0000] {processor.py:830} INFO - Processing file /opt/airflow/dags/weather_etl_v2.py for tasks to queue
[2025-10-13T12:18:11.526+0000] {logging_mixin.py:188} INFO - [2025-10-13T12:18:11.526+0000] {dagbag.py:540} INFO - Filling up the DagBag from /opt/airflow/dags/weather_etl_v2.py
[2025-10-13T12:18:11.576+0000] {processor.py:840} INFO - DAG(s) 'weather_etl_v2' retrieved from /opt/airflow/dags/weather_etl_v2.py
[2025-10-13T12:18:11.693+0000] {logging_mixin.py:188} INFO - [2025-10-13T12:18:11.692+0000] {dag.py:3047} INFO - Sync 1 DAGs
[2025-10-13T12:18:11.769+0000] {logging_mixin.py:188} INFO - [2025-10-13T12:18:11.769+0000] {dag.py:3834} INFO - Setting next_dagrun for weather_etl_v2 to 2025-10-12 22:00:00+00:00, run_after=2025-10-13 22:00:00+00:00
[2025-10-13T12:18:11.854+0000] {processor.py:183} INFO - Processing /opt/airflow/dags/weather_etl_v2.py took 0.340 seconds
[2025-10-13T12:18:42.218+0000] {processor.py:161} INFO - Started process (PID=10839) to work on /opt/airflow/dags/weather_etl_v2.py
[2025-10-13T12:18:42.220+0000] {processor.py:830} INFO - Processing file /opt/airflow/dags/weather_etl_v2.py for tasks to queue
[2025-10-13T12:18:42.223+0000] {logging_mixin.py:188} INFO - [2025-10-13T12:18:42.222+0000] {dagbag.py:540} INFO - Filling up the DagBag from /opt/airflow/dags/weather_etl_v2.py
[2025-10-13T12:18:42.266+0000] {processor.py:840} INFO - DAG(s) 'weather_etl_v2' retrieved from /opt/airflow/dags/weather_etl_v2.py
[2025-10-13T12:18:42.366+0000] {logging_mixin.py:188} INFO - [2025-10-13T12:18:42.365+0000] {dag.py:3047} INFO - Sync 1 DAGs
[2025-10-13T12:18:42.441+0000] {logging_mixin.py:188} INFO - [2025-10-13T12:18:42.440+0000] {dag.py:3834} INFO - Setting next_dagrun for weather_etl_v2 to 2025-10-12 22:00:00+00:00, run_after=2025-10-13 22:00:00+00:00
[2025-10-13T12:18:42.514+0000] {processor.py:183} INFO - Processing /opt/airflow/dags/weather_etl_v2.py took 0.301 seconds
[2025-10-13T12:19:13.220+0000] {processor.py:161} INFO - Started process (PID=10854) to work on /opt/airflow/dags/weather_etl_v2.py
[2025-10-13T12:19:13.222+0000] {processor.py:830} INFO - Processing file /opt/airflow/dags/weather_etl_v2.py for tasks to queue
[2025-10-13T12:19:13.224+0000] {logging_mixin.py:188} INFO - [2025-10-13T12:19:13.223+0000] {dagbag.py:540} INFO - Filling up the DagBag from /opt/airflow/dags/weather_etl_v2.py
[2025-10-13T12:19:13.291+0000] {processor.py:840} INFO - DAG(s) 'weather_etl_v2' retrieved from /opt/airflow/dags/weather_etl_v2.py
[2025-10-13T12:19:13.402+0000] {logging_mixin.py:188} INFO - [2025-10-13T12:19:13.401+0000] {dag.py:3047} INFO - Sync 1 DAGs
[2025-10-13T12:19:13.464+0000] {logging_mixin.py:188} INFO - [2025-10-13T12:19:13.464+0000] {dag.py:3834} INFO - Setting next_dagrun for weather_etl_v2 to 2025-10-12 22:00:00+00:00, run_after=2025-10-13 22:00:00+00:00
[2025-10-13T12:19:13.542+0000] {processor.py:183} INFO - Processing /opt/airflow/dags/weather_etl_v2.py took 0.326 seconds
[2025-10-13T12:19:44.120+0000] {processor.py:161} INFO - Started process (PID=10869) to work on /opt/airflow/dags/weather_etl_v2.py
[2025-10-13T12:19:44.122+0000] {processor.py:830} INFO - Processing file /opt/airflow/dags/weather_etl_v2.py for tasks to queue
[2025-10-13T12:19:44.124+0000] {logging_mixin.py:188} INFO - [2025-10-13T12:19:44.123+0000] {dagbag.py:540} INFO - Filling up the DagBag from /opt/airflow/dags/weather_etl_v2.py
[2025-10-13T12:19:44.174+0000] {processor.py:840} INFO - DAG(s) 'weather_etl_v2' retrieved from /opt/airflow/dags/weather_etl_v2.py
[2025-10-13T12:19:44.344+0000] {logging_mixin.py:188} INFO - [2025-10-13T12:19:44.343+0000] {dag.py:3047} INFO - Sync 1 DAGs
[2025-10-13T12:19:44.584+0000] {logging_mixin.py:188} INFO - [2025-10-13T12:19:44.584+0000] {dag.py:3834} INFO - Setting next_dagrun for weather_etl_v2 to 2025-10-12 22:00:00+00:00, run_after=2025-10-13 22:00:00+00:00
[2025-10-13T12:19:44.665+0000] {processor.py:183} INFO - Processing /opt/airflow/dags/weather_etl_v2.py took 0.549 seconds
[2025-10-13T12:20:15.640+0000] {processor.py:161} INFO - Started process (PID=10884) to work on /opt/airflow/dags/weather_etl_v2.py
[2025-10-13T12:20:15.642+0000] {processor.py:830} INFO - Processing file /opt/airflow/dags/weather_etl_v2.py for tasks to queue
[2025-10-13T12:20:15.644+0000] {logging_mixin.py:188} INFO - [2025-10-13T12:20:15.643+0000] {dagbag.py:540} INFO - Filling up the DagBag from /opt/airflow/dags/weather_etl_v2.py
[2025-10-13T12:20:15.680+0000] {processor.py:840} INFO - DAG(s) 'weather_etl_v2' retrieved from /opt/airflow/dags/weather_etl_v2.py
[2025-10-13T12:20:15.769+0000] {logging_mixin.py:188} INFO - [2025-10-13T12:20:15.769+0000] {dag.py:3047} INFO - Sync 1 DAGs
[2025-10-13T12:20:15.833+0000] {logging_mixin.py:188} INFO - [2025-10-13T12:20:15.833+0000] {dag.py:3834} INFO - Setting next_dagrun for weather_etl_v2 to 2025-10-12 22:00:00+00:00, run_after=2025-10-13 22:00:00+00:00
[2025-10-13T12:20:15.902+0000] {processor.py:183} INFO - Processing /opt/airflow/dags/weather_etl_v2.py took 0.268 seconds
[2025-10-13T12:20:46.634+0000] {processor.py:161} INFO - Started process (PID=10899) to work on /opt/airflow/dags/weather_etl_v2.py
[2025-10-13T12:20:46.636+0000] {processor.py:830} INFO - Processing file /opt/airflow/dags/weather_etl_v2.py for tasks to queue
[2025-10-13T12:20:46.638+0000] {logging_mixin.py:188} INFO - [2025-10-13T12:20:46.637+0000] {dagbag.py:540} INFO - Filling up the DagBag from /opt/airflow/dags/weather_etl_v2.py
[2025-10-13T12:20:46.678+0000] {processor.py:840} INFO - DAG(s) 'weather_etl_v2' retrieved from /opt/airflow/dags/weather_etl_v2.py
[2025-10-13T12:20:46.803+0000] {logging_mixin.py:188} INFO - [2025-10-13T12:20:46.802+0000] {dag.py:3047} INFO - Sync 1 DAGs
[2025-10-13T12:20:46.872+0000] {logging_mixin.py:188} INFO - [2025-10-13T12:20:46.872+0000] {dag.py:3834} INFO - Setting next_dagrun for weather_etl_v2 to 2025-10-12 22:00:00+00:00, run_after=2025-10-13 22:00:00+00:00
[2025-10-13T12:20:46.946+0000] {processor.py:183} INFO - Processing /opt/airflow/dags/weather_etl_v2.py took 0.317 seconds
[2025-10-13T12:21:17.591+0000] {processor.py:161} INFO - Started process (PID=10914) to work on /opt/airflow/dags/weather_etl_v2.py
[2025-10-13T12:21:17.594+0000] {processor.py:830} INFO - Processing file /opt/airflow/dags/weather_etl_v2.py for tasks to queue
[2025-10-13T12:21:17.597+0000] {logging_mixin.py:188} INFO - [2025-10-13T12:21:17.596+0000] {dagbag.py:540} INFO - Filling up the DagBag from /opt/airflow/dags/weather_etl_v2.py
[2025-10-13T12:21:17.645+0000] {processor.py:840} INFO - DAG(s) 'weather_etl_v2' retrieved from /opt/airflow/dags/weather_etl_v2.py
[2025-10-13T12:21:17.765+0000] {logging_mixin.py:188} INFO - [2025-10-13T12:21:17.765+0000] {dag.py:3047} INFO - Sync 1 DAGs
[2025-10-13T12:21:18.035+0000] {logging_mixin.py:188} INFO - [2025-10-13T12:21:18.034+0000] {dag.py:3834} INFO - Setting next_dagrun for weather_etl_v2 to 2025-10-12 22:00:00+00:00, run_after=2025-10-13 22:00:00+00:00
[2025-10-13T12:21:18.238+0000] {processor.py:183} INFO - Processing /opt/airflow/dags/weather_etl_v2.py took 0.651 seconds
[2025-10-13T12:21:48.575+0000] {processor.py:161} INFO - Started process (PID=10929) to work on /opt/airflow/dags/weather_etl_v2.py
[2025-10-13T12:21:48.581+0000] {processor.py:830} INFO - Processing file /opt/airflow/dags/weather_etl_v2.py for tasks to queue
[2025-10-13T12:21:48.585+0000] {logging_mixin.py:188} INFO - [2025-10-13T12:21:48.584+0000] {dagbag.py:540} INFO - Filling up the DagBag from /opt/airflow/dags/weather_etl_v2.py
[2025-10-13T12:21:48.658+0000] {processor.py:840} INFO - DAG(s) 'weather_etl_v2' retrieved from /opt/airflow/dags/weather_etl_v2.py
[2025-10-13T12:21:48.791+0000] {logging_mixin.py:188} INFO - [2025-10-13T12:21:48.789+0000] {dag.py:3047} INFO - Sync 1 DAGs
[2025-10-13T12:21:48.879+0000] {logging_mixin.py:188} INFO - [2025-10-13T12:21:48.878+0000] {dag.py:3834} INFO - Setting next_dagrun for weather_etl_v2 to 2025-10-12 22:00:00+00:00, run_after=2025-10-13 22:00:00+00:00
[2025-10-13T12:21:48.975+0000] {processor.py:183} INFO - Processing /opt/airflow/dags/weather_etl_v2.py took 0.414 seconds
[2025-10-13T12:22:19.616+0000] {processor.py:161} INFO - Started process (PID=10944) to work on /opt/airflow/dags/weather_etl_v2.py
[2025-10-13T12:22:19.624+0000] {processor.py:830} INFO - Processing file /opt/airflow/dags/weather_etl_v2.py for tasks to queue
[2025-10-13T12:22:19.634+0000] {logging_mixin.py:188} INFO - [2025-10-13T12:22:19.629+0000] {dagbag.py:540} INFO - Filling up the DagBag from /opt/airflow/dags/weather_etl_v2.py
[2025-10-13T12:22:19.806+0000] {processor.py:840} INFO - DAG(s) 'weather_etl_v2' retrieved from /opt/airflow/dags/weather_etl_v2.py
[2025-10-13T12:22:20.061+0000] {logging_mixin.py:188} INFO - [2025-10-13T12:22:20.061+0000] {dag.py:3047} INFO - Sync 1 DAGs
[2025-10-13T12:22:20.208+0000] {logging_mixin.py:188} INFO - [2025-10-13T12:22:20.207+0000] {dag.py:3834} INFO - Setting next_dagrun for weather_etl_v2 to 2025-10-12 22:00:00+00:00, run_after=2025-10-13 22:00:00+00:00
[2025-10-13T12:22:20.311+0000] {processor.py:183} INFO - Processing /opt/airflow/dags/weather_etl_v2.py took 0.739 seconds
[2025-10-13T12:22:50.833+0000] {processor.py:161} INFO - Started process (PID=10959) to work on /opt/airflow/dags/weather_etl_v2.py
[2025-10-13T12:22:50.836+0000] {processor.py:830} INFO - Processing file /opt/airflow/dags/weather_etl_v2.py for tasks to queue
[2025-10-13T12:22:50.838+0000] {logging_mixin.py:188} INFO - [2025-10-13T12:22:50.837+0000] {dagbag.py:540} INFO - Filling up the DagBag from /opt/airflow/dags/weather_etl_v2.py
[2025-10-13T12:22:50.879+0000] {processor.py:840} INFO - DAG(s) 'weather_etl_v2' retrieved from /opt/airflow/dags/weather_etl_v2.py
[2025-10-13T12:22:50.972+0000] {logging_mixin.py:188} INFO - [2025-10-13T12:22:50.972+0000] {dag.py:3047} INFO - Sync 1 DAGs
[2025-10-13T12:22:51.034+0000] {logging_mixin.py:188} INFO - [2025-10-13T12:22:51.034+0000] {dag.py:3834} INFO - Setting next_dagrun for weather_etl_v2 to 2025-10-12 22:00:00+00:00, run_after=2025-10-13 22:00:00+00:00
[2025-10-13T12:22:51.106+0000] {processor.py:183} INFO - Processing /opt/airflow/dags/weather_etl_v2.py took 0.277 seconds
[2025-10-13T12:23:21.708+0000] {processor.py:161} INFO - Started process (PID=10974) to work on /opt/airflow/dags/weather_etl_v2.py
[2025-10-13T12:23:21.711+0000] {processor.py:830} INFO - Processing file /opt/airflow/dags/weather_etl_v2.py for tasks to queue
[2025-10-13T12:23:21.713+0000] {logging_mixin.py:188} INFO - [2025-10-13T12:23:21.713+0000] {dagbag.py:540} INFO - Filling up the DagBag from /opt/airflow/dags/weather_etl_v2.py
[2025-10-13T12:23:21.763+0000] {processor.py:840} INFO - DAG(s) 'weather_etl_v2' retrieved from /opt/airflow/dags/weather_etl_v2.py
[2025-10-13T12:23:21.902+0000] {logging_mixin.py:188} INFO - [2025-10-13T12:23:21.902+0000] {dag.py:3047} INFO - Sync 1 DAGs
[2025-10-13T12:23:21.974+0000] {logging_mixin.py:188} INFO - [2025-10-13T12:23:21.973+0000] {dag.py:3834} INFO - Setting next_dagrun for weather_etl_v2 to 2025-10-12 22:00:00+00:00, run_after=2025-10-13 22:00:00+00:00
[2025-10-13T12:23:22.051+0000] {processor.py:183} INFO - Processing /opt/airflow/dags/weather_etl_v2.py took 0.349 seconds
[2025-10-13T12:23:52.324+0000] {processor.py:161} INFO - Started process (PID=10989) to work on /opt/airflow/dags/weather_etl_v2.py
[2025-10-13T12:23:52.326+0000] {processor.py:830} INFO - Processing file /opt/airflow/dags/weather_etl_v2.py for tasks to queue
[2025-10-13T12:23:52.327+0000] {logging_mixin.py:188} INFO - [2025-10-13T12:23:52.327+0000] {dagbag.py:540} INFO - Filling up the DagBag from /opt/airflow/dags/weather_etl_v2.py
[2025-10-13T12:23:52.363+0000] {processor.py:840} INFO - DAG(s) 'weather_etl_v2' retrieved from /opt/airflow/dags/weather_etl_v2.py
[2025-10-13T12:23:52.447+0000] {logging_mixin.py:188} INFO - [2025-10-13T12:23:52.446+0000] {dag.py:3047} INFO - Sync 1 DAGs
[2025-10-13T12:23:52.510+0000] {logging_mixin.py:188} INFO - [2025-10-13T12:23:52.509+0000] {dag.py:3834} INFO - Setting next_dagrun for weather_etl_v2 to 2025-10-12 22:00:00+00:00, run_after=2025-10-13 22:00:00+00:00
[2025-10-13T12:23:52.570+0000] {processor.py:183} INFO - Processing /opt/airflow/dags/weather_etl_v2.py took 0.250 seconds
[2025-10-13T12:24:23.725+0000] {processor.py:161} INFO - Started process (PID=11004) to work on /opt/airflow/dags/weather_etl_v2.py
[2025-10-13T12:24:23.735+0000] {processor.py:830} INFO - Processing file /opt/airflow/dags/weather_etl_v2.py for tasks to queue
[2025-10-13T12:24:23.748+0000] {logging_mixin.py:188} INFO - [2025-10-13T12:24:23.742+0000] {dagbag.py:540} INFO - Filling up the DagBag from /opt/airflow/dags/weather_etl_v2.py
[2025-10-13T12:24:23.938+0000] {processor.py:840} INFO - DAG(s) 'weather_etl_v2' retrieved from /opt/airflow/dags/weather_etl_v2.py
[2025-10-13T12:24:24.224+0000] {logging_mixin.py:188} INFO - [2025-10-13T12:24:24.224+0000] {dag.py:3047} INFO - Sync 1 DAGs
[2025-10-13T12:24:24.377+0000] {logging_mixin.py:188} INFO - [2025-10-13T12:24:24.377+0000] {dag.py:3834} INFO - Setting next_dagrun for weather_etl_v2 to 2025-10-12 22:00:00+00:00, run_after=2025-10-13 22:00:00+00:00
[2025-10-13T12:24:24.608+0000] {processor.py:183} INFO - Processing /opt/airflow/dags/weather_etl_v2.py took 0.945 seconds
[2025-10-13T12:24:54.803+0000] {processor.py:161} INFO - Started process (PID=11019) to work on /opt/airflow/dags/weather_etl_v2.py
[2025-10-13T12:24:54.806+0000] {processor.py:830} INFO - Processing file /opt/airflow/dags/weather_etl_v2.py for tasks to queue
[2025-10-13T12:24:54.808+0000] {logging_mixin.py:188} INFO - [2025-10-13T12:24:54.807+0000] {dagbag.py:540} INFO - Filling up the DagBag from /opt/airflow/dags/weather_etl_v2.py
[2025-10-13T12:24:54.856+0000] {processor.py:840} INFO - DAG(s) 'weather_etl_v2' retrieved from /opt/airflow/dags/weather_etl_v2.py
[2025-10-13T12:24:54.988+0000] {logging_mixin.py:188} INFO - [2025-10-13T12:24:54.988+0000] {dag.py:3047} INFO - Sync 1 DAGs
[2025-10-13T12:24:55.040+0000] {logging_mixin.py:188} INFO - [2025-10-13T12:24:55.040+0000] {dag.py:3834} INFO - Setting next_dagrun for weather_etl_v2 to 2025-10-12 22:00:00+00:00, run_after=2025-10-13 22:00:00+00:00
[2025-10-13T12:24:55.104+0000] {processor.py:183} INFO - Processing /opt/airflow/dags/weather_etl_v2.py took 0.305 seconds
[2025-10-13T12:25:26.735+0000] {processor.py:161} INFO - Started process (PID=11034) to work on /opt/airflow/dags/weather_etl_v2.py
[2025-10-13T12:25:26.737+0000] {processor.py:830} INFO - Processing file /opt/airflow/dags/weather_etl_v2.py for tasks to queue
[2025-10-13T12:25:26.739+0000] {logging_mixin.py:188} INFO - [2025-10-13T12:25:26.738+0000] {dagbag.py:540} INFO - Filling up the DagBag from /opt/airflow/dags/weather_etl_v2.py
[2025-10-13T12:25:26.779+0000] {processor.py:840} INFO - DAG(s) 'weather_etl_v2' retrieved from /opt/airflow/dags/weather_etl_v2.py
[2025-10-13T12:25:26.874+0000] {logging_mixin.py:188} INFO - [2025-10-13T12:25:26.873+0000] {dag.py:3047} INFO - Sync 1 DAGs
[2025-10-13T12:25:26.914+0000] {logging_mixin.py:188} INFO - [2025-10-13T12:25:26.914+0000] {dag.py:3834} INFO - Setting next_dagrun for weather_etl_v2 to 2025-10-12 22:00:00+00:00, run_after=2025-10-13 22:00:00+00:00
[2025-10-13T12:25:26.986+0000] {processor.py:183} INFO - Processing /opt/airflow/dags/weather_etl_v2.py took 0.257 seconds
[2025-10-13T12:25:57.382+0000] {processor.py:161} INFO - Started process (PID=11049) to work on /opt/airflow/dags/weather_etl_v2.py
[2025-10-13T12:25:57.383+0000] {processor.py:830} INFO - Processing file /opt/airflow/dags/weather_etl_v2.py for tasks to queue
[2025-10-13T12:25:57.386+0000] {logging_mixin.py:188} INFO - [2025-10-13T12:25:57.385+0000] {dagbag.py:540} INFO - Filling up the DagBag from /opt/airflow/dags/weather_etl_v2.py
[2025-10-13T12:25:57.419+0000] {processor.py:840} INFO - DAG(s) 'weather_etl_v2' retrieved from /opt/airflow/dags/weather_etl_v2.py
[2025-10-13T12:25:57.491+0000] {logging_mixin.py:188} INFO - [2025-10-13T12:25:57.491+0000] {dag.py:3047} INFO - Sync 1 DAGs
[2025-10-13T12:25:57.562+0000] {logging_mixin.py:188} INFO - [2025-10-13T12:25:57.561+0000] {dag.py:3834} INFO - Setting next_dagrun for weather_etl_v2 to 2025-10-12 22:00:00+00:00, run_after=2025-10-13 22:00:00+00:00
[2025-10-13T12:25:57.643+0000] {processor.py:183} INFO - Processing /opt/airflow/dags/weather_etl_v2.py took 0.266 seconds
[2025-10-13T12:26:27.720+0000] {processor.py:161} INFO - Started process (PID=11064) to work on /opt/airflow/dags/weather_etl_v2.py
[2025-10-13T12:26:27.722+0000] {processor.py:830} INFO - Processing file /opt/airflow/dags/weather_etl_v2.py for tasks to queue
[2025-10-13T12:26:27.724+0000] {logging_mixin.py:188} INFO - [2025-10-13T12:26:27.724+0000] {dagbag.py:540} INFO - Filling up the DagBag from /opt/airflow/dags/weather_etl_v2.py
[2025-10-13T12:26:27.767+0000] {processor.py:840} INFO - DAG(s) 'weather_etl_v2' retrieved from /opt/airflow/dags/weather_etl_v2.py
[2025-10-13T12:26:27.841+0000] {logging_mixin.py:188} INFO - [2025-10-13T12:26:27.841+0000] {dag.py:3047} INFO - Sync 1 DAGs
[2025-10-13T12:26:27.896+0000] {logging_mixin.py:188} INFO - [2025-10-13T12:26:27.896+0000] {dag.py:3834} INFO - Setting next_dagrun for weather_etl_v2 to 2025-10-12 22:00:00+00:00, run_after=2025-10-13 22:00:00+00:00
[2025-10-13T12:26:27.962+0000] {processor.py:183} INFO - Processing /opt/airflow/dags/weather_etl_v2.py took 0.247 seconds
[2025-10-13T12:26:58.662+0000] {processor.py:161} INFO - Started process (PID=11079) to work on /opt/airflow/dags/weather_etl_v2.py
[2025-10-13T12:26:58.664+0000] {processor.py:830} INFO - Processing file /opt/airflow/dags/weather_etl_v2.py for tasks to queue
[2025-10-13T12:26:58.666+0000] {logging_mixin.py:188} INFO - [2025-10-13T12:26:58.665+0000] {dagbag.py:540} INFO - Filling up the DagBag from /opt/airflow/dags/weather_etl_v2.py
[2025-10-13T12:26:58.697+0000] {processor.py:840} INFO - DAG(s) 'weather_etl_v2' retrieved from /opt/airflow/dags/weather_etl_v2.py
[2025-10-13T12:26:58.774+0000] {logging_mixin.py:188} INFO - [2025-10-13T12:26:58.774+0000] {dag.py:3047} INFO - Sync 1 DAGs
[2025-10-13T12:26:58.820+0000] {logging_mixin.py:188} INFO - [2025-10-13T12:26:58.820+0000] {dag.py:3834} INFO - Setting next_dagrun for weather_etl_v2 to 2025-10-12 22:00:00+00:00, run_after=2025-10-13 22:00:00+00:00
[2025-10-13T12:26:58.896+0000] {processor.py:183} INFO - Processing /opt/airflow/dags/weather_etl_v2.py took 0.238 seconds
[2025-10-13T12:27:29.409+0000] {processor.py:161} INFO - Started process (PID=11094) to work on /opt/airflow/dags/weather_etl_v2.py
[2025-10-13T12:27:29.411+0000] {processor.py:830} INFO - Processing file /opt/airflow/dags/weather_etl_v2.py for tasks to queue
[2025-10-13T12:27:29.412+0000] {logging_mixin.py:188} INFO - [2025-10-13T12:27:29.412+0000] {dagbag.py:540} INFO - Filling up the DagBag from /opt/airflow/dags/weather_etl_v2.py
[2025-10-13T12:27:29.451+0000] {processor.py:840} INFO - DAG(s) 'weather_etl_v2' retrieved from /opt/airflow/dags/weather_etl_v2.py
[2025-10-13T12:27:29.518+0000] {logging_mixin.py:188} INFO - [2025-10-13T12:27:29.518+0000] {dag.py:3047} INFO - Sync 1 DAGs
[2025-10-13T12:27:29.566+0000] {logging_mixin.py:188} INFO - [2025-10-13T12:27:29.566+0000] {dag.py:3834} INFO - Setting next_dagrun for weather_etl_v2 to 2025-10-12 22:00:00+00:00, run_after=2025-10-13 22:00:00+00:00
[2025-10-13T12:27:29.648+0000] {processor.py:183} INFO - Processing /opt/airflow/dags/weather_etl_v2.py took 0.243 seconds
[2025-10-13T12:28:00.152+0000] {processor.py:161} INFO - Started process (PID=11109) to work on /opt/airflow/dags/weather_etl_v2.py
[2025-10-13T12:28:00.154+0000] {processor.py:830} INFO - Processing file /opt/airflow/dags/weather_etl_v2.py for tasks to queue
[2025-10-13T12:28:00.156+0000] {logging_mixin.py:188} INFO - [2025-10-13T12:28:00.155+0000] {dagbag.py:540} INFO - Filling up the DagBag from /opt/airflow/dags/weather_etl_v2.py
[2025-10-13T12:28:00.183+0000] {processor.py:840} INFO - DAG(s) 'weather_etl_v2' retrieved from /opt/airflow/dags/weather_etl_v2.py
[2025-10-13T12:28:00.243+0000] {logging_mixin.py:188} INFO - [2025-10-13T12:28:00.243+0000] {dag.py:3047} INFO - Sync 1 DAGs
[2025-10-13T12:28:00.311+0000] {logging_mixin.py:188} INFO - [2025-10-13T12:28:00.311+0000] {dag.py:3834} INFO - Setting next_dagrun for weather_etl_v2 to 2025-10-12 22:00:00+00:00, run_after=2025-10-13 22:00:00+00:00
[2025-10-13T12:28:00.377+0000] {processor.py:183} INFO - Processing /opt/airflow/dags/weather_etl_v2.py took 0.229 seconds
[2025-10-13T12:28:31.028+0000] {processor.py:161} INFO - Started process (PID=11124) to work on /opt/airflow/dags/weather_etl_v2.py
[2025-10-13T12:28:31.030+0000] {processor.py:830} INFO - Processing file /opt/airflow/dags/weather_etl_v2.py for tasks to queue
[2025-10-13T12:28:31.032+0000] {logging_mixin.py:188} INFO - [2025-10-13T12:28:31.032+0000] {dagbag.py:540} INFO - Filling up the DagBag from /opt/airflow/dags/weather_etl_v2.py
[2025-10-13T12:28:31.087+0000] {processor.py:840} INFO - DAG(s) 'weather_etl_v2' retrieved from /opt/airflow/dags/weather_etl_v2.py
[2025-10-13T12:28:31.179+0000] {logging_mixin.py:188} INFO - [2025-10-13T12:28:31.178+0000] {dag.py:3047} INFO - Sync 1 DAGs
[2025-10-13T12:28:31.227+0000] {logging_mixin.py:188} INFO - [2025-10-13T12:28:31.227+0000] {dag.py:3834} INFO - Setting next_dagrun for weather_etl_v2 to 2025-10-12 22:00:00+00:00, run_after=2025-10-13 22:00:00+00:00
[2025-10-13T12:28:31.289+0000] {processor.py:183} INFO - Processing /opt/airflow/dags/weather_etl_v2.py took 0.265 seconds
[2025-10-13T12:29:01.791+0000] {processor.py:161} INFO - Started process (PID=11139) to work on /opt/airflow/dags/weather_etl_v2.py
[2025-10-13T12:29:01.800+0000] {processor.py:830} INFO - Processing file /opt/airflow/dags/weather_etl_v2.py for tasks to queue
[2025-10-13T12:29:01.802+0000] {logging_mixin.py:188} INFO - [2025-10-13T12:29:01.801+0000] {dagbag.py:540} INFO - Filling up the DagBag from /opt/airflow/dags/weather_etl_v2.py
[2025-10-13T12:29:01.834+0000] {processor.py:840} INFO - DAG(s) 'weather_etl_v2' retrieved from /opt/airflow/dags/weather_etl_v2.py
[2025-10-13T12:29:01.899+0000] {logging_mixin.py:188} INFO - [2025-10-13T12:29:01.898+0000] {dag.py:3047} INFO - Sync 1 DAGs
[2025-10-13T12:29:01.950+0000] {logging_mixin.py:188} INFO - [2025-10-13T12:29:01.949+0000] {dag.py:3834} INFO - Setting next_dagrun for weather_etl_v2 to 2025-10-12 22:00:00+00:00, run_after=2025-10-13 22:00:00+00:00
[2025-10-13T12:29:02.012+0000] {processor.py:183} INFO - Processing /opt/airflow/dags/weather_etl_v2.py took 0.225 seconds
[2025-10-13T12:29:32.574+0000] {processor.py:161} INFO - Started process (PID=11154) to work on /opt/airflow/dags/weather_etl_v2.py
[2025-10-13T12:29:32.576+0000] {processor.py:830} INFO - Processing file /opt/airflow/dags/weather_etl_v2.py for tasks to queue
[2025-10-13T12:29:32.578+0000] {logging_mixin.py:188} INFO - [2025-10-13T12:29:32.577+0000] {dagbag.py:540} INFO - Filling up the DagBag from /opt/airflow/dags/weather_etl_v2.py
[2025-10-13T12:29:32.686+0000] {processor.py:840} INFO - DAG(s) 'weather_etl_v2' retrieved from /opt/airflow/dags/weather_etl_v2.py
[2025-10-13T12:29:32.845+0000] {logging_mixin.py:188} INFO - [2025-10-13T12:29:32.844+0000] {dag.py:3047} INFO - Sync 1 DAGs
[2025-10-13T12:29:32.904+0000] {logging_mixin.py:188} INFO - [2025-10-13T12:29:32.904+0000] {dag.py:3834} INFO - Setting next_dagrun for weather_etl_v2 to 2025-10-12 22:00:00+00:00, run_after=2025-10-13 22:00:00+00:00
[2025-10-13T12:29:32.972+0000] {processor.py:183} INFO - Processing /opt/airflow/dags/weather_etl_v2.py took 0.400 seconds
[2025-10-13T12:30:03.172+0000] {processor.py:161} INFO - Started process (PID=11169) to work on /opt/airflow/dags/weather_etl_v2.py
[2025-10-13T12:30:03.173+0000] {processor.py:830} INFO - Processing file /opt/airflow/dags/weather_etl_v2.py for tasks to queue
[2025-10-13T12:30:03.175+0000] {logging_mixin.py:188} INFO - [2025-10-13T12:30:03.174+0000] {dagbag.py:540} INFO - Filling up the DagBag from /opt/airflow/dags/weather_etl_v2.py
[2025-10-13T12:30:03.205+0000] {processor.py:840} INFO - DAG(s) 'weather_etl_v2' retrieved from /opt/airflow/dags/weather_etl_v2.py
[2025-10-13T12:30:03.309+0000] {logging_mixin.py:188} INFO - [2025-10-13T12:30:03.307+0000] {dag.py:3047} INFO - Sync 1 DAGs
[2025-10-13T12:30:03.464+0000] {logging_mixin.py:188} INFO - [2025-10-13T12:30:03.464+0000] {dag.py:3834} INFO - Setting next_dagrun for weather_etl_v2 to 2025-10-12 22:00:00+00:00, run_after=2025-10-13 22:00:00+00:00
[2025-10-13T12:30:03.551+0000] {processor.py:183} INFO - Processing /opt/airflow/dags/weather_etl_v2.py took 0.386 seconds
[2025-10-13T12:30:33.971+0000] {processor.py:161} INFO - Started process (PID=11184) to work on /opt/airflow/dags/weather_etl_v2.py
[2025-10-13T12:30:33.973+0000] {processor.py:830} INFO - Processing file /opt/airflow/dags/weather_etl_v2.py for tasks to queue
[2025-10-13T12:30:33.976+0000] {logging_mixin.py:188} INFO - [2025-10-13T12:30:33.975+0000] {dagbag.py:540} INFO - Filling up the DagBag from /opt/airflow/dags/weather_etl_v2.py
[2025-10-13T12:30:34.007+0000] {processor.py:840} INFO - DAG(s) 'weather_etl_v2' retrieved from /opt/airflow/dags/weather_etl_v2.py
[2025-10-13T12:30:34.068+0000] {logging_mixin.py:188} INFO - [2025-10-13T12:30:34.068+0000] {dag.py:3047} INFO - Sync 1 DAGs
[2025-10-13T12:30:34.117+0000] {logging_mixin.py:188} INFO - [2025-10-13T12:30:34.117+0000] {dag.py:3834} INFO - Setting next_dagrun for weather_etl_v2 to 2025-10-12 22:00:00+00:00, run_after=2025-10-13 22:00:00+00:00
[2025-10-13T12:30:34.181+0000] {processor.py:183} INFO - Processing /opt/airflow/dags/weather_etl_v2.py took 0.214 seconds
[2025-10-13T12:31:04.646+0000] {processor.py:161} INFO - Started process (PID=11199) to work on /opt/airflow/dags/weather_etl_v2.py
[2025-10-13T12:31:04.648+0000] {processor.py:830} INFO - Processing file /opt/airflow/dags/weather_etl_v2.py for tasks to queue
[2025-10-13T12:31:04.650+0000] {logging_mixin.py:188} INFO - [2025-10-13T12:31:04.649+0000] {dagbag.py:540} INFO - Filling up the DagBag from /opt/airflow/dags/weather_etl_v2.py
[2025-10-13T12:31:04.676+0000] {processor.py:840} INFO - DAG(s) 'weather_etl_v2' retrieved from /opt/airflow/dags/weather_etl_v2.py
[2025-10-13T12:31:04.744+0000] {logging_mixin.py:188} INFO - [2025-10-13T12:31:04.743+0000] {dag.py:3047} INFO - Sync 1 DAGs
[2025-10-13T12:31:04.786+0000] {logging_mixin.py:188} INFO - [2025-10-13T12:31:04.786+0000] {dag.py:3834} INFO - Setting next_dagrun for weather_etl_v2 to 2025-10-12 22:00:00+00:00, run_after=2025-10-13 22:00:00+00:00
[2025-10-13T12:31:04.842+0000] {processor.py:183} INFO - Processing /opt/airflow/dags/weather_etl_v2.py took 0.201 seconds
[2025-10-13T12:31:35.319+0000] {processor.py:161} INFO - Started process (PID=11214) to work on /opt/airflow/dags/weather_etl_v2.py
[2025-10-13T12:31:35.320+0000] {processor.py:830} INFO - Processing file /opt/airflow/dags/weather_etl_v2.py for tasks to queue
[2025-10-13T12:31:35.322+0000] {logging_mixin.py:188} INFO - [2025-10-13T12:31:35.321+0000] {dagbag.py:540} INFO - Filling up the DagBag from /opt/airflow/dags/weather_etl_v2.py
[2025-10-13T12:31:35.351+0000] {processor.py:840} INFO - DAG(s) 'weather_etl_v2' retrieved from /opt/airflow/dags/weather_etl_v2.py
[2025-10-13T12:31:35.412+0000] {logging_mixin.py:188} INFO - [2025-10-13T12:31:35.412+0000] {dag.py:3047} INFO - Sync 1 DAGs
[2025-10-13T12:31:35.455+0000] {logging_mixin.py:188} INFO - [2025-10-13T12:31:35.455+0000] {dag.py:3834} INFO - Setting next_dagrun for weather_etl_v2 to 2025-10-12 22:00:00+00:00, run_after=2025-10-13 22:00:00+00:00
[2025-10-13T12:31:35.510+0000] {processor.py:183} INFO - Processing /opt/airflow/dags/weather_etl_v2.py took 0.195 seconds
[2025-10-13T12:32:06.215+0000] {processor.py:161} INFO - Started process (PID=11229) to work on /opt/airflow/dags/weather_etl_v2.py
[2025-10-13T12:32:06.217+0000] {processor.py:830} INFO - Processing file /opt/airflow/dags/weather_etl_v2.py for tasks to queue
[2025-10-13T12:32:06.219+0000] {logging_mixin.py:188} INFO - [2025-10-13T12:32:06.218+0000] {dagbag.py:540} INFO - Filling up the DagBag from /opt/airflow/dags/weather_etl_v2.py
[2025-10-13T12:32:06.258+0000] {processor.py:840} INFO - DAG(s) 'weather_etl_v2' retrieved from /opt/airflow/dags/weather_etl_v2.py
[2025-10-13T12:32:06.338+0000] {logging_mixin.py:188} INFO - [2025-10-13T12:32:06.337+0000] {dag.py:3047} INFO - Sync 1 DAGs
[2025-10-13T12:32:06.385+0000] {logging_mixin.py:188} INFO - [2025-10-13T12:32:06.385+0000] {dag.py:3834} INFO - Setting next_dagrun for weather_etl_v2 to 2025-10-12 22:00:00+00:00, run_after=2025-10-13 22:00:00+00:00
[2025-10-13T12:32:06.455+0000] {processor.py:183} INFO - Processing /opt/airflow/dags/weather_etl_v2.py took 0.244 seconds
[2025-10-13T12:32:37.090+0000] {processor.py:161} INFO - Started process (PID=11244) to work on /opt/airflow/dags/weather_etl_v2.py
[2025-10-13T12:32:37.095+0000] {processor.py:830} INFO - Processing file /opt/airflow/dags/weather_etl_v2.py for tasks to queue
[2025-10-13T12:32:37.098+0000] {logging_mixin.py:188} INFO - [2025-10-13T12:32:37.098+0000] {dagbag.py:540} INFO - Filling up the DagBag from /opt/airflow/dags/weather_etl_v2.py
[2025-10-13T12:32:37.156+0000] {processor.py:840} INFO - DAG(s) 'weather_etl_v2' retrieved from /opt/airflow/dags/weather_etl_v2.py
[2025-10-13T12:32:37.264+0000] {logging_mixin.py:188} INFO - [2025-10-13T12:32:37.264+0000] {dag.py:3047} INFO - Sync 1 DAGs
[2025-10-13T12:32:37.348+0000] {logging_mixin.py:188} INFO - [2025-10-13T12:32:37.348+0000] {dag.py:3834} INFO - Setting next_dagrun for weather_etl_v2 to 2025-10-12 22:00:00+00:00, run_after=2025-10-13 22:00:00+00:00
[2025-10-13T12:32:37.441+0000] {processor.py:183} INFO - Processing /opt/airflow/dags/weather_etl_v2.py took 0.360 seconds
[2025-10-13T12:33:07.859+0000] {processor.py:161} INFO - Started process (PID=11259) to work on /opt/airflow/dags/weather_etl_v2.py
[2025-10-13T12:33:07.862+0000] {processor.py:830} INFO - Processing file /opt/airflow/dags/weather_etl_v2.py for tasks to queue
[2025-10-13T12:33:07.864+0000] {logging_mixin.py:188} INFO - [2025-10-13T12:33:07.863+0000] {dagbag.py:540} INFO - Filling up the DagBag from /opt/airflow/dags/weather_etl_v2.py
[2025-10-13T12:33:07.902+0000] {processor.py:840} INFO - DAG(s) 'weather_etl_v2' retrieved from /opt/airflow/dags/weather_etl_v2.py
[2025-10-13T12:33:07.988+0000] {logging_mixin.py:188} INFO - [2025-10-13T12:33:07.987+0000] {dag.py:3047} INFO - Sync 1 DAGs
[2025-10-13T12:33:08.050+0000] {logging_mixin.py:188} INFO - [2025-10-13T12:33:08.049+0000] {dag.py:3834} INFO - Setting next_dagrun for weather_etl_v2 to 2025-10-12 22:00:00+00:00, run_after=2025-10-13 22:00:00+00:00
[2025-10-13T12:33:08.155+0000] {processor.py:183} INFO - Processing /opt/airflow/dags/weather_etl_v2.py took 0.303 seconds
[2025-10-13T12:33:38.546+0000] {processor.py:161} INFO - Started process (PID=11274) to work on /opt/airflow/dags/weather_etl_v2.py
[2025-10-13T12:33:38.551+0000] {processor.py:830} INFO - Processing file /opt/airflow/dags/weather_etl_v2.py for tasks to queue
[2025-10-13T12:33:38.555+0000] {logging_mixin.py:188} INFO - [2025-10-13T12:33:38.554+0000] {dagbag.py:540} INFO - Filling up the DagBag from /opt/airflow/dags/weather_etl_v2.py
[2025-10-13T12:33:38.617+0000] {processor.py:840} INFO - DAG(s) 'weather_etl_v2' retrieved from /opt/airflow/dags/weather_etl_v2.py
[2025-10-13T12:33:38.741+0000] {logging_mixin.py:188} INFO - [2025-10-13T12:33:38.740+0000] {dag.py:3047} INFO - Sync 1 DAGs
[2025-10-13T12:33:38.823+0000] {logging_mixin.py:188} INFO - [2025-10-13T12:33:38.823+0000] {dag.py:3834} INFO - Setting next_dagrun for weather_etl_v2 to 2025-10-12 22:00:00+00:00, run_after=2025-10-13 22:00:00+00:00
[2025-10-13T12:33:38.901+0000] {processor.py:183} INFO - Processing /opt/airflow/dags/weather_etl_v2.py took 0.369 seconds
[2025-10-13T12:34:09.419+0000] {processor.py:161} INFO - Started process (PID=11289) to work on /opt/airflow/dags/weather_etl_v2.py
[2025-10-13T12:34:09.421+0000] {processor.py:830} INFO - Processing file /opt/airflow/dags/weather_etl_v2.py for tasks to queue
[2025-10-13T12:34:09.423+0000] {logging_mixin.py:188} INFO - [2025-10-13T12:34:09.423+0000] {dagbag.py:540} INFO - Filling up the DagBag from /opt/airflow/dags/weather_etl_v2.py
[2025-10-13T12:34:09.454+0000] {processor.py:840} INFO - DAG(s) 'weather_etl_v2' retrieved from /opt/airflow/dags/weather_etl_v2.py
[2025-10-13T12:34:09.540+0000] {logging_mixin.py:188} INFO - [2025-10-13T12:34:09.540+0000] {dag.py:3047} INFO - Sync 1 DAGs
[2025-10-13T12:34:09.591+0000] {logging_mixin.py:188} INFO - [2025-10-13T12:34:09.591+0000] {dag.py:3834} INFO - Setting next_dagrun for weather_etl_v2 to 2025-10-12 22:00:00+00:00, run_after=2025-10-13 22:00:00+00:00
[2025-10-13T12:34:09.651+0000] {processor.py:183} INFO - Processing /opt/airflow/dags/weather_etl_v2.py took 0.237 seconds
[2025-10-13T12:34:40.182+0000] {processor.py:161} INFO - Started process (PID=11304) to work on /opt/airflow/dags/weather_etl_v2.py
[2025-10-13T12:34:40.184+0000] {processor.py:830} INFO - Processing file /opt/airflow/dags/weather_etl_v2.py for tasks to queue
[2025-10-13T12:34:40.186+0000] {logging_mixin.py:188} INFO - [2025-10-13T12:34:40.186+0000] {dagbag.py:540} INFO - Filling up the DagBag from /opt/airflow/dags/weather_etl_v2.py
[2025-10-13T12:34:40.219+0000] {processor.py:840} INFO - DAG(s) 'weather_etl_v2' retrieved from /opt/airflow/dags/weather_etl_v2.py
[2025-10-13T12:34:40.325+0000] {logging_mixin.py:188} INFO - [2025-10-13T12:34:40.325+0000] {dag.py:3047} INFO - Sync 1 DAGs
[2025-10-13T12:34:40.379+0000] {logging_mixin.py:188} INFO - [2025-10-13T12:34:40.379+0000] {dag.py:3834} INFO - Setting next_dagrun for weather_etl_v2 to 2025-10-12 22:00:00+00:00, run_after=2025-10-13 22:00:00+00:00
[2025-10-13T12:34:40.438+0000] {processor.py:183} INFO - Processing /opt/airflow/dags/weather_etl_v2.py took 0.262 seconds
[2025-10-13T12:35:11.145+0000] {processor.py:161} INFO - Started process (PID=11319) to work on /opt/airflow/dags/weather_etl_v2.py
[2025-10-13T12:35:11.147+0000] {processor.py:830} INFO - Processing file /opt/airflow/dags/weather_etl_v2.py for tasks to queue
[2025-10-13T12:35:11.149+0000] {logging_mixin.py:188} INFO - [2025-10-13T12:35:11.149+0000] {dagbag.py:540} INFO - Filling up the DagBag from /opt/airflow/dags/weather_etl_v2.py
[2025-10-13T12:35:11.184+0000] {processor.py:840} INFO - DAG(s) 'weather_etl_v2' retrieved from /opt/airflow/dags/weather_etl_v2.py
[2025-10-13T12:35:11.269+0000] {logging_mixin.py:188} INFO - [2025-10-13T12:35:11.269+0000] {dag.py:3047} INFO - Sync 1 DAGs
[2025-10-13T12:35:11.312+0000] {logging_mixin.py:188} INFO - [2025-10-13T12:35:11.312+0000] {dag.py:3834} INFO - Setting next_dagrun for weather_etl_v2 to 2025-10-12 22:00:00+00:00, run_after=2025-10-13 22:00:00+00:00
[2025-10-13T12:35:11.465+0000] {processor.py:183} INFO - Processing /opt/airflow/dags/weather_etl_v2.py took 0.324 seconds
[2025-10-13T12:35:42.062+0000] {processor.py:161} INFO - Started process (PID=11334) to work on /opt/airflow/dags/weather_etl_v2.py
[2025-10-13T12:35:42.071+0000] {processor.py:830} INFO - Processing file /opt/airflow/dags/weather_etl_v2.py for tasks to queue
[2025-10-13T12:35:42.074+0000] {logging_mixin.py:188} INFO - [2025-10-13T12:35:42.073+0000] {dagbag.py:540} INFO - Filling up the DagBag from /opt/airflow/dags/weather_etl_v2.py
[2025-10-13T12:35:42.123+0000] {processor.py:840} INFO - DAG(s) 'weather_etl_v2' retrieved from /opt/airflow/dags/weather_etl_v2.py
[2025-10-13T12:35:42.241+0000] {logging_mixin.py:188} INFO - [2025-10-13T12:35:42.240+0000] {dag.py:3047} INFO - Sync 1 DAGs
[2025-10-13T12:35:42.332+0000] {logging_mixin.py:188} INFO - [2025-10-13T12:35:42.331+0000] {dag.py:3834} INFO - Setting next_dagrun for weather_etl_v2 to 2025-10-12 22:00:00+00:00, run_after=2025-10-13 22:00:00+00:00
[2025-10-13T12:35:42.480+0000] {processor.py:183} INFO - Processing /opt/airflow/dags/weather_etl_v2.py took 0.425 seconds
[2025-10-13T12:36:12.912+0000] {processor.py:161} INFO - Started process (PID=11349) to work on /opt/airflow/dags/weather_etl_v2.py
[2025-10-13T12:36:12.915+0000] {processor.py:830} INFO - Processing file /opt/airflow/dags/weather_etl_v2.py for tasks to queue
[2025-10-13T12:36:12.917+0000] {logging_mixin.py:188} INFO - [2025-10-13T12:36:12.916+0000] {dagbag.py:540} INFO - Filling up the DagBag from /opt/airflow/dags/weather_etl_v2.py
[2025-10-13T12:36:12.951+0000] {processor.py:840} INFO - DAG(s) 'weather_etl_v2' retrieved from /opt/airflow/dags/weather_etl_v2.py
[2025-10-13T12:36:13.065+0000] {logging_mixin.py:188} INFO - [2025-10-13T12:36:13.065+0000] {dag.py:3047} INFO - Sync 1 DAGs
[2025-10-13T12:36:13.129+0000] {logging_mixin.py:188} INFO - [2025-10-13T12:36:13.128+0000] {dag.py:3834} INFO - Setting next_dagrun for weather_etl_v2 to 2025-10-12 22:00:00+00:00, run_after=2025-10-13 22:00:00+00:00
[2025-10-13T12:36:13.199+0000] {processor.py:183} INFO - Processing /opt/airflow/dags/weather_etl_v2.py took 0.292 seconds
[2025-10-13T12:36:43.570+0000] {processor.py:161} INFO - Started process (PID=11364) to work on /opt/airflow/dags/weather_etl_v2.py
[2025-10-13T12:36:43.573+0000] {processor.py:830} INFO - Processing file /opt/airflow/dags/weather_etl_v2.py for tasks to queue
[2025-10-13T12:36:43.574+0000] {logging_mixin.py:188} INFO - [2025-10-13T12:36:43.574+0000] {dagbag.py:540} INFO - Filling up the DagBag from /opt/airflow/dags/weather_etl_v2.py
[2025-10-13T12:36:43.609+0000] {processor.py:840} INFO - DAG(s) 'weather_etl_v2' retrieved from /opt/airflow/dags/weather_etl_v2.py
[2025-10-13T12:36:43.706+0000] {logging_mixin.py:188} INFO - [2025-10-13T12:36:43.706+0000] {dag.py:3047} INFO - Sync 1 DAGs
[2025-10-13T12:36:43.772+0000] {logging_mixin.py:188} INFO - [2025-10-13T12:36:43.772+0000] {dag.py:3834} INFO - Setting next_dagrun for weather_etl_v2 to 2025-10-12 22:00:00+00:00, run_after=2025-10-13 22:00:00+00:00
[2025-10-13T12:36:43.854+0000] {processor.py:183} INFO - Processing /opt/airflow/dags/weather_etl_v2.py took 0.288 seconds
[2025-10-13T12:37:13.970+0000] {processor.py:161} INFO - Started process (PID=11379) to work on /opt/airflow/dags/weather_etl_v2.py
[2025-10-13T12:37:13.972+0000] {processor.py:830} INFO - Processing file /opt/airflow/dags/weather_etl_v2.py for tasks to queue
[2025-10-13T12:37:13.974+0000] {logging_mixin.py:188} INFO - [2025-10-13T12:37:13.973+0000] {dagbag.py:540} INFO - Filling up the DagBag from /opt/airflow/dags/weather_etl_v2.py
[2025-10-13T12:37:14.008+0000] {processor.py:840} INFO - DAG(s) 'weather_etl_v2' retrieved from /opt/airflow/dags/weather_etl_v2.py
[2025-10-13T12:37:14.082+0000] {logging_mixin.py:188} INFO - [2025-10-13T12:37:14.082+0000] {dag.py:3047} INFO - Sync 1 DAGs
[2025-10-13T12:37:14.132+0000] {logging_mixin.py:188} INFO - [2025-10-13T12:37:14.132+0000] {dag.py:3834} INFO - Setting next_dagrun for weather_etl_v2 to 2025-10-12 22:00:00+00:00, run_after=2025-10-13 22:00:00+00:00
[2025-10-13T12:37:14.190+0000] {processor.py:183} INFO - Processing /opt/airflow/dags/weather_etl_v2.py took 0.227 seconds
[2025-10-13T12:37:44.804+0000] {processor.py:161} INFO - Started process (PID=11394) to work on /opt/airflow/dags/weather_etl_v2.py
[2025-10-13T12:37:44.810+0000] {processor.py:830} INFO - Processing file /opt/airflow/dags/weather_etl_v2.py for tasks to queue
[2025-10-13T12:37:44.815+0000] {logging_mixin.py:188} INFO - [2025-10-13T12:37:44.813+0000] {dagbag.py:540} INFO - Filling up the DagBag from /opt/airflow/dags/weather_etl_v2.py
[2025-10-13T12:37:44.868+0000] {processor.py:840} INFO - DAG(s) 'weather_etl_v2' retrieved from /opt/airflow/dags/weather_etl_v2.py
[2025-10-13T12:37:44.932+0000] {logging_mixin.py:188} INFO - [2025-10-13T12:37:44.932+0000] {dag.py:3047} INFO - Sync 1 DAGs
[2025-10-13T12:37:44.984+0000] {logging_mixin.py:188} INFO - [2025-10-13T12:37:44.984+0000] {dag.py:3834} INFO - Setting next_dagrun for weather_etl_v2 to 2025-10-12 22:00:00+00:00, run_after=2025-10-13 22:00:00+00:00
[2025-10-13T12:37:45.042+0000] {processor.py:183} INFO - Processing /opt/airflow/dags/weather_etl_v2.py took 0.248 seconds
[2025-10-13T12:38:15.439+0000] {processor.py:161} INFO - Started process (PID=11409) to work on /opt/airflow/dags/weather_etl_v2.py
[2025-10-13T12:38:15.441+0000] {processor.py:830} INFO - Processing file /opt/airflow/dags/weather_etl_v2.py for tasks to queue
[2025-10-13T12:38:15.443+0000] {logging_mixin.py:188} INFO - [2025-10-13T12:38:15.443+0000] {dagbag.py:540} INFO - Filling up the DagBag from /opt/airflow/dags/weather_etl_v2.py
[2025-10-13T12:38:15.480+0000] {processor.py:840} INFO - DAG(s) 'weather_etl_v2' retrieved from /opt/airflow/dags/weather_etl_v2.py
[2025-10-13T12:38:15.543+0000] {logging_mixin.py:188} INFO - [2025-10-13T12:38:15.543+0000] {dag.py:3047} INFO - Sync 1 DAGs
[2025-10-13T12:38:15.590+0000] {logging_mixin.py:188} INFO - [2025-10-13T12:38:15.590+0000] {dag.py:3834} INFO - Setting next_dagrun for weather_etl_v2 to 2025-10-12 22:00:00+00:00, run_after=2025-10-13 22:00:00+00:00
[2025-10-13T12:38:15.652+0000] {processor.py:183} INFO - Processing /opt/airflow/dags/weather_etl_v2.py took 0.216 seconds
[2025-10-13T12:38:46.082+0000] {processor.py:161} INFO - Started process (PID=11424) to work on /opt/airflow/dags/weather_etl_v2.py
[2025-10-13T12:38:46.084+0000] {processor.py:830} INFO - Processing file /opt/airflow/dags/weather_etl_v2.py for tasks to queue
[2025-10-13T12:38:46.085+0000] {logging_mixin.py:188} INFO - [2025-10-13T12:38:46.085+0000] {dagbag.py:540} INFO - Filling up the DagBag from /opt/airflow/dags/weather_etl_v2.py
[2025-10-13T12:38:46.113+0000] {processor.py:840} INFO - DAG(s) 'weather_etl_v2' retrieved from /opt/airflow/dags/weather_etl_v2.py
[2025-10-13T12:38:46.190+0000] {logging_mixin.py:188} INFO - [2025-10-13T12:38:46.190+0000] {dag.py:3047} INFO - Sync 1 DAGs
[2025-10-13T12:38:46.234+0000] {logging_mixin.py:188} INFO - [2025-10-13T12:38:46.234+0000] {dag.py:3834} INFO - Setting next_dagrun for weather_etl_v2 to 2025-10-12 22:00:00+00:00, run_after=2025-10-13 22:00:00+00:00
[2025-10-13T12:38:46.301+0000] {processor.py:183} INFO - Processing /opt/airflow/dags/weather_etl_v2.py took 0.222 seconds
[2025-10-13T12:39:16.770+0000] {processor.py:161} INFO - Started process (PID=11439) to work on /opt/airflow/dags/weather_etl_v2.py
[2025-10-13T12:39:16.773+0000] {processor.py:830} INFO - Processing file /opt/airflow/dags/weather_etl_v2.py for tasks to queue
[2025-10-13T12:39:16.775+0000] {logging_mixin.py:188} INFO - [2025-10-13T12:39:16.774+0000] {dagbag.py:540} INFO - Filling up the DagBag from /opt/airflow/dags/weather_etl_v2.py
[2025-10-13T12:39:16.810+0000] {processor.py:840} INFO - DAG(s) 'weather_etl_v2' retrieved from /opt/airflow/dags/weather_etl_v2.py
[2025-10-13T12:39:16.872+0000] {logging_mixin.py:188} INFO - [2025-10-13T12:39:16.872+0000] {dag.py:3047} INFO - Sync 1 DAGs
[2025-10-13T12:39:16.913+0000] {logging_mixin.py:188} INFO - [2025-10-13T12:39:16.913+0000] {dag.py:3834} INFO - Setting next_dagrun for weather_etl_v2 to 2025-10-12 22:00:00+00:00, run_after=2025-10-13 22:00:00+00:00
[2025-10-13T12:39:16.966+0000] {processor.py:183} INFO - Processing /opt/airflow/dags/weather_etl_v2.py took 0.199 seconds
[2025-10-13T12:39:48.029+0000] {processor.py:161} INFO - Started process (PID=11454) to work on /opt/airflow/dags/weather_etl_v2.py
[2025-10-13T12:39:48.031+0000] {processor.py:830} INFO - Processing file /opt/airflow/dags/weather_etl_v2.py for tasks to queue
[2025-10-13T12:39:48.032+0000] {logging_mixin.py:188} INFO - [2025-10-13T12:39:48.032+0000] {dagbag.py:540} INFO - Filling up the DagBag from /opt/airflow/dags/weather_etl_v2.py
[2025-10-13T12:39:48.059+0000] {processor.py:840} INFO - DAG(s) 'weather_etl_v2' retrieved from /opt/airflow/dags/weather_etl_v2.py
[2025-10-13T12:39:48.144+0000] {logging_mixin.py:188} INFO - [2025-10-13T12:39:48.144+0000] {dag.py:3047} INFO - Sync 1 DAGs
[2025-10-13T12:39:48.193+0000] {logging_mixin.py:188} INFO - [2025-10-13T12:39:48.192+0000] {dag.py:3834} INFO - Setting next_dagrun for weather_etl_v2 to 2025-10-12 22:00:00+00:00, run_after=2025-10-13 22:00:00+00:00
[2025-10-13T12:39:48.734+0000] {processor.py:183} INFO - Processing /opt/airflow/dags/weather_etl_v2.py took 0.709 seconds
[2025-10-13T12:40:19.405+0000] {processor.py:161} INFO - Started process (PID=11469) to work on /opt/airflow/dags/weather_etl_v2.py
[2025-10-13T12:40:19.406+0000] {processor.py:830} INFO - Processing file /opt/airflow/dags/weather_etl_v2.py for tasks to queue
[2025-10-13T12:40:19.408+0000] {logging_mixin.py:188} INFO - [2025-10-13T12:40:19.408+0000] {dagbag.py:540} INFO - Filling up the DagBag from /opt/airflow/dags/weather_etl_v2.py
[2025-10-13T12:40:19.437+0000] {processor.py:840} INFO - DAG(s) 'weather_etl_v2' retrieved from /opt/airflow/dags/weather_etl_v2.py
[2025-10-13T12:40:19.501+0000] {logging_mixin.py:188} INFO - [2025-10-13T12:40:19.500+0000] {dag.py:3047} INFO - Sync 1 DAGs
[2025-10-13T12:40:19.564+0000] {logging_mixin.py:188} INFO - [2025-10-13T12:40:19.563+0000] {dag.py:3834} INFO - Setting next_dagrun for weather_etl_v2 to 2025-10-12 22:00:00+00:00, run_after=2025-10-13 22:00:00+00:00
[2025-10-13T12:40:19.638+0000] {processor.py:183} INFO - Processing /opt/airflow/dags/weather_etl_v2.py took 0.236 seconds
[2025-10-13T12:40:50.081+0000] {processor.py:161} INFO - Started process (PID=11484) to work on /opt/airflow/dags/weather_etl_v2.py
[2025-10-13T12:40:50.082+0000] {processor.py:830} INFO - Processing file /opt/airflow/dags/weather_etl_v2.py for tasks to queue
[2025-10-13T12:40:50.084+0000] {logging_mixin.py:188} INFO - [2025-10-13T12:40:50.084+0000] {dagbag.py:540} INFO - Filling up the DagBag from /opt/airflow/dags/weather_etl_v2.py
[2025-10-13T12:40:50.110+0000] {processor.py:840} INFO - DAG(s) 'weather_etl_v2' retrieved from /opt/airflow/dags/weather_etl_v2.py
[2025-10-13T12:40:50.170+0000] {logging_mixin.py:188} INFO - [2025-10-13T12:40:50.170+0000] {dag.py:3047} INFO - Sync 1 DAGs
[2025-10-13T12:40:50.217+0000] {logging_mixin.py:188} INFO - [2025-10-13T12:40:50.216+0000] {dag.py:3834} INFO - Setting next_dagrun for weather_etl_v2 to 2025-10-12 22:00:00+00:00, run_after=2025-10-13 22:00:00+00:00
[2025-10-13T12:40:50.273+0000] {processor.py:183} INFO - Processing /opt/airflow/dags/weather_etl_v2.py took 0.195 seconds
[2025-10-13T12:41:20.869+0000] {processor.py:161} INFO - Started process (PID=11499) to work on /opt/airflow/dags/weather_etl_v2.py
[2025-10-13T12:41:20.870+0000] {processor.py:830} INFO - Processing file /opt/airflow/dags/weather_etl_v2.py for tasks to queue
[2025-10-13T12:41:20.872+0000] {logging_mixin.py:188} INFO - [2025-10-13T12:41:20.872+0000] {dagbag.py:540} INFO - Filling up the DagBag from /opt/airflow/dags/weather_etl_v2.py
[2025-10-13T12:41:20.906+0000] {processor.py:840} INFO - DAG(s) 'weather_etl_v2' retrieved from /opt/airflow/dags/weather_etl_v2.py
[2025-10-13T12:41:20.970+0000] {logging_mixin.py:188} INFO - [2025-10-13T12:41:20.970+0000] {dag.py:3047} INFO - Sync 1 DAGs
[2025-10-13T12:41:21.017+0000] {logging_mixin.py:188} INFO - [2025-10-13T12:41:21.017+0000] {dag.py:3834} INFO - Setting next_dagrun for weather_etl_v2 to 2025-10-12 22:00:00+00:00, run_after=2025-10-13 22:00:00+00:00
[2025-10-13T12:41:21.072+0000] {processor.py:183} INFO - Processing /opt/airflow/dags/weather_etl_v2.py took 0.208 seconds
[2025-10-13T12:41:51.763+0000] {processor.py:161} INFO - Started process (PID=11514) to work on /opt/airflow/dags/weather_etl_v2.py
[2025-10-13T12:41:51.767+0000] {processor.py:830} INFO - Processing file /opt/airflow/dags/weather_etl_v2.py for tasks to queue
[2025-10-13T12:41:51.770+0000] {logging_mixin.py:188} INFO - [2025-10-13T12:41:51.769+0000] {dagbag.py:540} INFO - Filling up the DagBag from /opt/airflow/dags/weather_etl_v2.py
[2025-10-13T12:41:51.817+0000] {processor.py:840} INFO - DAG(s) 'weather_etl_v2' retrieved from /opt/airflow/dags/weather_etl_v2.py
[2025-10-13T12:41:51.896+0000] {logging_mixin.py:188} INFO - [2025-10-13T12:41:51.895+0000] {dag.py:3047} INFO - Sync 1 DAGs
[2025-10-13T12:41:51.966+0000] {logging_mixin.py:188} INFO - [2025-10-13T12:41:51.966+0000] {dag.py:3834} INFO - Setting next_dagrun for weather_etl_v2 to 2025-10-12 22:00:00+00:00, run_after=2025-10-13 22:00:00+00:00
[2025-10-13T12:41:52.060+0000] {processor.py:183} INFO - Processing /opt/airflow/dags/weather_etl_v2.py took 0.306 seconds
[2025-10-13T12:42:22.929+0000] {processor.py:161} INFO - Started process (PID=11529) to work on /opt/airflow/dags/weather_etl_v2.py
[2025-10-13T12:42:22.937+0000] {processor.py:830} INFO - Processing file /opt/airflow/dags/weather_etl_v2.py for tasks to queue
[2025-10-13T12:42:22.943+0000] {logging_mixin.py:188} INFO - [2025-10-13T12:42:22.941+0000] {dagbag.py:540} INFO - Filling up the DagBag from /opt/airflow/dags/weather_etl_v2.py
[2025-10-13T12:42:23.056+0000] {processor.py:840} INFO - DAG(s) 'weather_etl_v2' retrieved from /opt/airflow/dags/weather_etl_v2.py
[2025-10-13T12:42:23.225+0000] {logging_mixin.py:188} INFO - [2025-10-13T12:42:23.225+0000] {dag.py:3047} INFO - Sync 1 DAGs
[2025-10-13T12:42:23.314+0000] {logging_mixin.py:188} INFO - [2025-10-13T12:42:23.314+0000] {dag.py:3834} INFO - Setting next_dagrun for weather_etl_v2 to 2025-10-12 22:00:00+00:00, run_after=2025-10-13 22:00:00+00:00
[2025-10-13T12:42:23.388+0000] {processor.py:183} INFO - Processing /opt/airflow/dags/weather_etl_v2.py took 0.482 seconds
[2025-10-13T12:42:54.046+0000] {processor.py:161} INFO - Started process (PID=11544) to work on /opt/airflow/dags/weather_etl_v2.py
[2025-10-13T12:42:54.049+0000] {processor.py:830} INFO - Processing file /opt/airflow/dags/weather_etl_v2.py for tasks to queue
[2025-10-13T12:42:54.051+0000] {logging_mixin.py:188} INFO - [2025-10-13T12:42:54.051+0000] {dagbag.py:540} INFO - Filling up the DagBag from /opt/airflow/dags/weather_etl_v2.py
[2025-10-13T12:42:54.094+0000] {processor.py:840} INFO - DAG(s) 'weather_etl_v2' retrieved from /opt/airflow/dags/weather_etl_v2.py
[2025-10-13T12:42:54.190+0000] {logging_mixin.py:188} INFO - [2025-10-13T12:42:54.190+0000] {dag.py:3047} INFO - Sync 1 DAGs
[2025-10-13T12:42:54.248+0000] {logging_mixin.py:188} INFO - [2025-10-13T12:42:54.248+0000] {dag.py:3834} INFO - Setting next_dagrun for weather_etl_v2 to 2025-10-12 22:00:00+00:00, run_after=2025-10-13 22:00:00+00:00
[2025-10-13T12:42:54.320+0000] {processor.py:183} INFO - Processing /opt/airflow/dags/weather_etl_v2.py took 0.280 seconds
[2025-10-13T12:43:24.845+0000] {processor.py:161} INFO - Started process (PID=11559) to work on /opt/airflow/dags/weather_etl_v2.py
[2025-10-13T12:43:24.847+0000] {processor.py:830} INFO - Processing file /opt/airflow/dags/weather_etl_v2.py for tasks to queue
[2025-10-13T12:43:24.851+0000] {logging_mixin.py:188} INFO - [2025-10-13T12:43:24.850+0000] {dagbag.py:540} INFO - Filling up the DagBag from /opt/airflow/dags/weather_etl_v2.py
[2025-10-13T12:43:24.889+0000] {processor.py:840} INFO - DAG(s) 'weather_etl_v2' retrieved from /opt/airflow/dags/weather_etl_v2.py
[2025-10-13T12:43:25.051+0000] {logging_mixin.py:188} INFO - [2025-10-13T12:43:25.050+0000] {dag.py:3047} INFO - Sync 1 DAGs
[2025-10-13T12:43:25.100+0000] {logging_mixin.py:188} INFO - [2025-10-13T12:43:25.100+0000] {dag.py:3834} INFO - Setting next_dagrun for weather_etl_v2 to 2025-10-12 22:00:00+00:00, run_after=2025-10-13 22:00:00+00:00
[2025-10-13T12:43:25.164+0000] {processor.py:183} INFO - Processing /opt/airflow/dags/weather_etl_v2.py took 0.325 seconds
[2025-10-13T12:43:55.669+0000] {processor.py:161} INFO - Started process (PID=11574) to work on /opt/airflow/dags/weather_etl_v2.py
[2025-10-13T12:43:55.671+0000] {processor.py:830} INFO - Processing file /opt/airflow/dags/weather_etl_v2.py for tasks to queue
[2025-10-13T12:43:55.673+0000] {logging_mixin.py:188} INFO - [2025-10-13T12:43:55.672+0000] {dagbag.py:540} INFO - Filling up the DagBag from /opt/airflow/dags/weather_etl_v2.py
[2025-10-13T12:43:55.705+0000] {processor.py:840} INFO - DAG(s) 'weather_etl_v2' retrieved from /opt/airflow/dags/weather_etl_v2.py
[2025-10-13T12:43:55.795+0000] {logging_mixin.py:188} INFO - [2025-10-13T12:43:55.794+0000] {dag.py:3047} INFO - Sync 1 DAGs
[2025-10-13T12:43:55.849+0000] {logging_mixin.py:188} INFO - [2025-10-13T12:43:55.849+0000] {dag.py:3834} INFO - Setting next_dagrun for weather_etl_v2 to 2025-10-12 22:00:00+00:00, run_after=2025-10-13 22:00:00+00:00
[2025-10-13T12:43:55.920+0000] {processor.py:183} INFO - Processing /opt/airflow/dags/weather_etl_v2.py took 0.253 seconds
[2025-10-13T12:44:26.302+0000] {processor.py:161} INFO - Started process (PID=11589) to work on /opt/airflow/dags/weather_etl_v2.py
[2025-10-13T12:44:26.304+0000] {processor.py:830} INFO - Processing file /opt/airflow/dags/weather_etl_v2.py for tasks to queue
[2025-10-13T12:44:26.306+0000] {logging_mixin.py:188} INFO - [2025-10-13T12:44:26.306+0000] {dagbag.py:540} INFO - Filling up the DagBag from /opt/airflow/dags/weather_etl_v2.py
[2025-10-13T12:44:26.341+0000] {processor.py:840} INFO - DAG(s) 'weather_etl_v2' retrieved from /opt/airflow/dags/weather_etl_v2.py
[2025-10-13T12:44:26.429+0000] {logging_mixin.py:188} INFO - [2025-10-13T12:44:26.429+0000] {dag.py:3047} INFO - Sync 1 DAGs
[2025-10-13T12:44:26.497+0000] {logging_mixin.py:188} INFO - [2025-10-13T12:44:26.496+0000] {dag.py:3834} INFO - Setting next_dagrun for weather_etl_v2 to 2025-10-12 22:00:00+00:00, run_after=2025-10-13 22:00:00+00:00
[2025-10-13T12:44:26.587+0000] {processor.py:183} INFO - Processing /opt/airflow/dags/weather_etl_v2.py took 0.288 seconds
[2025-10-13T12:44:56.984+0000] {processor.py:161} INFO - Started process (PID=11604) to work on /opt/airflow/dags/weather_etl_v2.py
[2025-10-13T12:44:56.986+0000] {processor.py:830} INFO - Processing file /opt/airflow/dags/weather_etl_v2.py for tasks to queue
[2025-10-13T12:44:56.987+0000] {logging_mixin.py:188} INFO - [2025-10-13T12:44:56.987+0000] {dagbag.py:540} INFO - Filling up the DagBag from /opt/airflow/dags/weather_etl_v2.py
[2025-10-13T12:44:57.017+0000] {processor.py:840} INFO - DAG(s) 'weather_etl_v2' retrieved from /opt/airflow/dags/weather_etl_v2.py
[2025-10-13T12:44:57.091+0000] {logging_mixin.py:188} INFO - [2025-10-13T12:44:57.091+0000] {dag.py:3047} INFO - Sync 1 DAGs
[2025-10-13T12:44:57.145+0000] {logging_mixin.py:188} INFO - [2025-10-13T12:44:57.145+0000] {dag.py:3834} INFO - Setting next_dagrun for weather_etl_v2 to 2025-10-12 22:00:00+00:00, run_after=2025-10-13 22:00:00+00:00
[2025-10-13T12:44:57.206+0000] {processor.py:183} INFO - Processing /opt/airflow/dags/weather_etl_v2.py took 0.226 seconds
[2025-10-13T12:45:27.542+0000] {processor.py:161} INFO - Started process (PID=11619) to work on /opt/airflow/dags/weather_etl_v2.py
[2025-10-13T12:45:27.549+0000] {processor.py:830} INFO - Processing file /opt/airflow/dags/weather_etl_v2.py for tasks to queue
[2025-10-13T12:45:27.554+0000] {logging_mixin.py:188} INFO - [2025-10-13T12:45:27.552+0000] {dagbag.py:540} INFO - Filling up the DagBag from /opt/airflow/dags/weather_etl_v2.py
[2025-10-13T12:45:27.590+0000] {processor.py:840} INFO - DAG(s) 'weather_etl_v2' retrieved from /opt/airflow/dags/weather_etl_v2.py
[2025-10-13T12:45:27.674+0000] {logging_mixin.py:188} INFO - [2025-10-13T12:45:27.674+0000] {dag.py:3047} INFO - Sync 1 DAGs
[2025-10-13T12:45:27.763+0000] {logging_mixin.py:188} INFO - [2025-10-13T12:45:27.762+0000] {dag.py:3834} INFO - Setting next_dagrun for weather_etl_v2 to 2025-10-12 22:00:00+00:00, run_after=2025-10-13 22:00:00+00:00
[2025-10-13T12:45:27.838+0000] {processor.py:183} INFO - Processing /opt/airflow/dags/weather_etl_v2.py took 0.300 seconds
[2025-10-13T12:45:58.545+0000] {processor.py:161} INFO - Started process (PID=11634) to work on /opt/airflow/dags/weather_etl_v2.py
[2025-10-13T12:45:58.550+0000] {processor.py:830} INFO - Processing file /opt/airflow/dags/weather_etl_v2.py for tasks to queue
[2025-10-13T12:45:58.554+0000] {logging_mixin.py:188} INFO - [2025-10-13T12:45:58.553+0000] {dagbag.py:540} INFO - Filling up the DagBag from /opt/airflow/dags/weather_etl_v2.py
[2025-10-13T12:45:58.588+0000] {processor.py:840} INFO - DAG(s) 'weather_etl_v2' retrieved from /opt/airflow/dags/weather_etl_v2.py
[2025-10-13T12:45:58.673+0000] {logging_mixin.py:188} INFO - [2025-10-13T12:45:58.673+0000] {dag.py:3047} INFO - Sync 1 DAGs
[2025-10-13T12:45:58.739+0000] {logging_mixin.py:188} INFO - [2025-10-13T12:45:58.739+0000] {dag.py:3834} INFO - Setting next_dagrun for weather_etl_v2 to 2025-10-12 22:00:00+00:00, run_after=2025-10-13 22:00:00+00:00
[2025-10-13T12:45:58.823+0000] {processor.py:183} INFO - Processing /opt/airflow/dags/weather_etl_v2.py took 0.282 seconds
[2025-10-13T12:46:29.226+0000] {processor.py:161} INFO - Started process (PID=11649) to work on /opt/airflow/dags/weather_etl_v2.py
[2025-10-13T12:46:29.228+0000] {processor.py:830} INFO - Processing file /opt/airflow/dags/weather_etl_v2.py for tasks to queue
[2025-10-13T12:46:29.229+0000] {logging_mixin.py:188} INFO - [2025-10-13T12:46:29.229+0000] {dagbag.py:540} INFO - Filling up the DagBag from /opt/airflow/dags/weather_etl_v2.py
[2025-10-13T12:46:29.263+0000] {processor.py:840} INFO - DAG(s) 'weather_etl_v2' retrieved from /opt/airflow/dags/weather_etl_v2.py
[2025-10-13T12:46:29.332+0000] {logging_mixin.py:188} INFO - [2025-10-13T12:46:29.331+0000] {dag.py:3047} INFO - Sync 1 DAGs
[2025-10-13T12:46:29.384+0000] {logging_mixin.py:188} INFO - [2025-10-13T12:46:29.383+0000] {dag.py:3834} INFO - Setting next_dagrun for weather_etl_v2 to 2025-10-12 22:00:00+00:00, run_after=2025-10-13 22:00:00+00:00
[2025-10-13T12:46:29.438+0000] {processor.py:183} INFO - Processing /opt/airflow/dags/weather_etl_v2.py took 0.228 seconds
[2025-10-13T12:47:00.253+0000] {processor.py:161} INFO - Started process (PID=11664) to work on /opt/airflow/dags/weather_etl_v2.py
[2025-10-13T12:47:00.255+0000] {processor.py:830} INFO - Processing file /opt/airflow/dags/weather_etl_v2.py for tasks to queue
[2025-10-13T12:47:00.257+0000] {logging_mixin.py:188} INFO - [2025-10-13T12:47:00.257+0000] {dagbag.py:540} INFO - Filling up the DagBag from /opt/airflow/dags/weather_etl_v2.py
[2025-10-13T12:47:00.285+0000] {processor.py:840} INFO - DAG(s) 'weather_etl_v2' retrieved from /opt/airflow/dags/weather_etl_v2.py
[2025-10-13T12:47:00.345+0000] {logging_mixin.py:188} INFO - [2025-10-13T12:47:00.345+0000] {dag.py:3047} INFO - Sync 1 DAGs
[2025-10-13T12:47:00.512+0000] {logging_mixin.py:188} INFO - [2025-10-13T12:47:00.511+0000] {dag.py:3834} INFO - Setting next_dagrun for weather_etl_v2 to 2025-10-12 22:00:00+00:00, run_after=2025-10-13 22:00:00+00:00
[2025-10-13T12:47:00.631+0000] {processor.py:183} INFO - Processing /opt/airflow/dags/weather_etl_v2.py took 0.380 seconds
[2025-10-13T12:47:30.974+0000] {processor.py:161} INFO - Started process (PID=11679) to work on /opt/airflow/dags/weather_etl_v2.py
[2025-10-13T12:47:30.976+0000] {processor.py:830} INFO - Processing file /opt/airflow/dags/weather_etl_v2.py for tasks to queue
[2025-10-13T12:47:30.978+0000] {logging_mixin.py:188} INFO - [2025-10-13T12:47:30.978+0000] {dagbag.py:540} INFO - Filling up the DagBag from /opt/airflow/dags/weather_etl_v2.py
[2025-10-13T12:47:31.029+0000] {processor.py:840} INFO - DAG(s) 'weather_etl_v2' retrieved from /opt/airflow/dags/weather_etl_v2.py
[2025-10-13T12:47:31.185+0000] {logging_mixin.py:188} INFO - [2025-10-13T12:47:31.184+0000] {dag.py:3047} INFO - Sync 1 DAGs
[2025-10-13T12:47:31.346+0000] {logging_mixin.py:188} INFO - [2025-10-13T12:47:31.345+0000] {dag.py:3834} INFO - Setting next_dagrun for weather_etl_v2 to 2025-10-12 22:00:00+00:00, run_after=2025-10-13 22:00:00+00:00
[2025-10-13T12:47:31.464+0000] {processor.py:183} INFO - Processing /opt/airflow/dags/weather_etl_v2.py took 0.497 seconds
[2025-10-13T12:48:01.932+0000] {processor.py:161} INFO - Started process (PID=11697) to work on /opt/airflow/dags/weather_etl_v2.py
[2025-10-13T12:48:01.934+0000] {processor.py:830} INFO - Processing file /opt/airflow/dags/weather_etl_v2.py for tasks to queue
[2025-10-13T12:48:01.936+0000] {logging_mixin.py:188} INFO - [2025-10-13T12:48:01.935+0000] {dagbag.py:540} INFO - Filling up the DagBag from /opt/airflow/dags/weather_etl_v2.py
[2025-10-13T12:48:01.965+0000] {processor.py:840} INFO - DAG(s) 'weather_etl_v2' retrieved from /opt/airflow/dags/weather_etl_v2.py
[2025-10-13T12:48:02.128+0000] {logging_mixin.py:188} INFO - [2025-10-13T12:48:02.127+0000] {dag.py:3047} INFO - Sync 1 DAGs
[2025-10-13T12:48:02.273+0000] {logging_mixin.py:188} INFO - [2025-10-13T12:48:02.272+0000] {dag.py:3834} INFO - Setting next_dagrun for weather_etl_v2 to 2025-10-12 22:00:00+00:00, run_after=2025-10-13 22:00:00+00:00
[2025-10-13T12:48:02.523+0000] {processor.py:183} INFO - Processing /opt/airflow/dags/weather_etl_v2.py took 0.595 seconds
[2025-10-13T12:48:33.030+0000] {processor.py:161} INFO - Started process (PID=11712) to work on /opt/airflow/dags/weather_etl_v2.py
[2025-10-13T12:48:33.034+0000] {processor.py:830} INFO - Processing file /opt/airflow/dags/weather_etl_v2.py for tasks to queue
[2025-10-13T12:48:33.038+0000] {logging_mixin.py:188} INFO - [2025-10-13T12:48:33.037+0000] {dagbag.py:540} INFO - Filling up the DagBag from /opt/airflow/dags/weather_etl_v2.py
[2025-10-13T12:48:33.105+0000] {processor.py:840} INFO - DAG(s) 'weather_etl_v2' retrieved from /opt/airflow/dags/weather_etl_v2.py
[2025-10-13T12:48:33.303+0000] {logging_mixin.py:188} INFO - [2025-10-13T12:48:33.302+0000] {dag.py:3047} INFO - Sync 1 DAGs
[2025-10-13T12:48:33.419+0000] {logging_mixin.py:188} INFO - [2025-10-13T12:48:33.418+0000] {dag.py:3834} INFO - Setting next_dagrun for weather_etl_v2 to 2025-10-12 22:00:00+00:00, run_after=2025-10-13 22:00:00+00:00
[2025-10-13T12:48:33.543+0000] {processor.py:183} INFO - Processing /opt/airflow/dags/weather_etl_v2.py took 0.528 seconds
[2025-10-13T12:49:04.055+0000] {processor.py:161} INFO - Started process (PID=11727) to work on /opt/airflow/dags/weather_etl_v2.py
[2025-10-13T12:49:04.057+0000] {processor.py:830} INFO - Processing file /opt/airflow/dags/weather_etl_v2.py for tasks to queue
[2025-10-13T12:49:04.059+0000] {logging_mixin.py:188} INFO - [2025-10-13T12:49:04.058+0000] {dagbag.py:540} INFO - Filling up the DagBag from /opt/airflow/dags/weather_etl_v2.py
[2025-10-13T12:49:04.091+0000] {processor.py:840} INFO - DAG(s) 'weather_etl_v2' retrieved from /opt/airflow/dags/weather_etl_v2.py
[2025-10-13T12:49:04.153+0000] {logging_mixin.py:188} INFO - [2025-10-13T12:49:04.152+0000] {dag.py:3047} INFO - Sync 1 DAGs
[2025-10-13T12:49:04.208+0000] {logging_mixin.py:188} INFO - [2025-10-13T12:49:04.207+0000] {dag.py:3834} INFO - Setting next_dagrun for weather_etl_v2 to 2025-10-12 22:00:00+00:00, run_after=2025-10-13 22:00:00+00:00
[2025-10-13T12:49:04.268+0000] {processor.py:183} INFO - Processing /opt/airflow/dags/weather_etl_v2.py took 0.217 seconds
[2025-10-13T12:49:34.756+0000] {processor.py:161} INFO - Started process (PID=11742) to work on /opt/airflow/dags/weather_etl_v2.py
[2025-10-13T12:49:34.758+0000] {processor.py:830} INFO - Processing file /opt/airflow/dags/weather_etl_v2.py for tasks to queue
[2025-10-13T12:49:34.760+0000] {logging_mixin.py:188} INFO - [2025-10-13T12:49:34.760+0000] {dagbag.py:540} INFO - Filling up the DagBag from /opt/airflow/dags/weather_etl_v2.py
[2025-10-13T12:49:34.788+0000] {processor.py:840} INFO - DAG(s) 'weather_etl_v2' retrieved from /opt/airflow/dags/weather_etl_v2.py
[2025-10-13T12:49:34.856+0000] {logging_mixin.py:188} INFO - [2025-10-13T12:49:34.855+0000] {dag.py:3047} INFO - Sync 1 DAGs
[2025-10-13T12:49:34.906+0000] {logging_mixin.py:188} INFO - [2025-10-13T12:49:34.906+0000] {dag.py:3834} INFO - Setting next_dagrun for weather_etl_v2 to 2025-10-12 22:00:00+00:00, run_after=2025-10-13 22:00:00+00:00
[2025-10-13T12:49:34.971+0000] {processor.py:183} INFO - Processing /opt/airflow/dags/weather_etl_v2.py took 0.220 seconds
[2025-10-13T12:50:05.346+0000] {processor.py:161} INFO - Started process (PID=11757) to work on /opt/airflow/dags/weather_etl_v2.py
[2025-10-13T12:50:05.348+0000] {processor.py:830} INFO - Processing file /opt/airflow/dags/weather_etl_v2.py for tasks to queue
[2025-10-13T12:50:05.351+0000] {logging_mixin.py:188} INFO - [2025-10-13T12:50:05.350+0000] {dagbag.py:540} INFO - Filling up the DagBag from /opt/airflow/dags/weather_etl_v2.py
[2025-10-13T12:50:05.382+0000] {processor.py:840} INFO - DAG(s) 'weather_etl_v2' retrieved from /opt/airflow/dags/weather_etl_v2.py
[2025-10-13T12:50:05.453+0000] {logging_mixin.py:188} INFO - [2025-10-13T12:50:05.453+0000] {dag.py:3047} INFO - Sync 1 DAGs
[2025-10-13T12:50:05.499+0000] {logging_mixin.py:188} INFO - [2025-10-13T12:50:05.499+0000] {dag.py:3834} INFO - Setting next_dagrun for weather_etl_v2 to 2025-10-12 22:00:00+00:00, run_after=2025-10-13 22:00:00+00:00
[2025-10-13T12:50:05.590+0000] {processor.py:183} INFO - Processing /opt/airflow/dags/weather_etl_v2.py took 0.248 seconds
[2025-10-13T12:50:36.040+0000] {processor.py:161} INFO - Started process (PID=11772) to work on /opt/airflow/dags/weather_etl_v2.py
[2025-10-13T12:50:36.042+0000] {processor.py:830} INFO - Processing file /opt/airflow/dags/weather_etl_v2.py for tasks to queue
[2025-10-13T12:50:36.045+0000] {logging_mixin.py:188} INFO - [2025-10-13T12:50:36.044+0000] {dagbag.py:540} INFO - Filling up the DagBag from /opt/airflow/dags/weather_etl_v2.py
[2025-10-13T12:50:36.091+0000] {processor.py:840} INFO - DAG(s) 'weather_etl_v2' retrieved from /opt/airflow/dags/weather_etl_v2.py
[2025-10-13T12:50:36.166+0000] {logging_mixin.py:188} INFO - [2025-10-13T12:50:36.166+0000] {dag.py:3047} INFO - Sync 1 DAGs
[2025-10-13T12:50:36.210+0000] {logging_mixin.py:188} INFO - [2025-10-13T12:50:36.210+0000] {dag.py:3834} INFO - Setting next_dagrun for weather_etl_v2 to 2025-10-12 22:00:00+00:00, run_after=2025-10-13 22:00:00+00:00
[2025-10-13T12:50:36.277+0000] {processor.py:183} INFO - Processing /opt/airflow/dags/weather_etl_v2.py took 0.243 seconds
[2025-10-13T12:51:06.754+0000] {processor.py:161} INFO - Started process (PID=11787) to work on /opt/airflow/dags/weather_etl_v2.py
[2025-10-13T12:51:06.755+0000] {processor.py:830} INFO - Processing file /opt/airflow/dags/weather_etl_v2.py for tasks to queue
[2025-10-13T12:51:06.757+0000] {logging_mixin.py:188} INFO - [2025-10-13T12:51:06.756+0000] {dagbag.py:540} INFO - Filling up the DagBag from /opt/airflow/dags/weather_etl_v2.py
[2025-10-13T12:51:06.786+0000] {processor.py:840} INFO - DAG(s) 'weather_etl_v2' retrieved from /opt/airflow/dags/weather_etl_v2.py
[2025-10-13T12:51:06.845+0000] {logging_mixin.py:188} INFO - [2025-10-13T12:51:06.845+0000] {dag.py:3047} INFO - Sync 1 DAGs
[2025-10-13T12:51:06.893+0000] {logging_mixin.py:188} INFO - [2025-10-13T12:51:06.893+0000] {dag.py:3834} INFO - Setting next_dagrun for weather_etl_v2 to 2025-10-12 22:00:00+00:00, run_after=2025-10-13 22:00:00+00:00
[2025-10-13T12:51:06.957+0000] {processor.py:183} INFO - Processing /opt/airflow/dags/weather_etl_v2.py took 0.207 seconds
[2025-10-13T12:51:37.371+0000] {processor.py:161} INFO - Started process (PID=11802) to work on /opt/airflow/dags/weather_etl_v2.py
[2025-10-13T12:51:37.373+0000] {processor.py:830} INFO - Processing file /opt/airflow/dags/weather_etl_v2.py for tasks to queue
[2025-10-13T12:51:37.375+0000] {logging_mixin.py:188} INFO - [2025-10-13T12:51:37.374+0000] {dagbag.py:540} INFO - Filling up the DagBag from /opt/airflow/dags/weather_etl_v2.py
[2025-10-13T12:51:37.409+0000] {processor.py:840} INFO - DAG(s) 'weather_etl_v2' retrieved from /opt/airflow/dags/weather_etl_v2.py
[2025-10-13T12:51:37.483+0000] {logging_mixin.py:188} INFO - [2025-10-13T12:51:37.483+0000] {dag.py:3047} INFO - Sync 1 DAGs
[2025-10-13T12:51:37.544+0000] {logging_mixin.py:188} INFO - [2025-10-13T12:51:37.544+0000] {dag.py:3834} INFO - Setting next_dagrun for weather_etl_v2 to 2025-10-12 22:00:00+00:00, run_after=2025-10-13 22:00:00+00:00
[2025-10-13T12:51:37.653+0000] {processor.py:183} INFO - Processing /opt/airflow/dags/weather_etl_v2.py took 0.286 seconds
[2025-10-13T12:52:09.792+0000] {processor.py:161} INFO - Started process (PID=11817) to work on /opt/airflow/dags/weather_etl_v2.py
[2025-10-13T12:52:09.879+0000] {processor.py:830} INFO - Processing file /opt/airflow/dags/weather_etl_v2.py for tasks to queue
[2025-10-13T12:52:09.881+0000] {logging_mixin.py:188} INFO - [2025-10-13T12:52:09.880+0000] {dagbag.py:540} INFO - Filling up the DagBag from /opt/airflow/dags/weather_etl_v2.py
[2025-10-13T12:52:10.296+0000] {processor.py:840} INFO - DAG(s) 'weather_etl_v2' retrieved from /opt/airflow/dags/weather_etl_v2.py
[2025-10-13T12:52:13.707+0000] {logging_mixin.py:188} INFO - [2025-10-13T12:52:13.707+0000] {dag.py:3047} INFO - Sync 1 DAGs
[2025-10-13T12:52:13.840+0000] {logging_mixin.py:188} INFO - [2025-10-13T12:52:13.839+0000] {dag.py:3834} INFO - Setting next_dagrun for weather_etl_v2 to 2025-10-12 22:00:00+00:00, run_after=2025-10-13 22:00:00+00:00
[2025-10-13T12:52:14.889+0000] {processor.py:183} INFO - Processing /opt/airflow/dags/weather_etl_v2.py took 5.102 seconds
[2025-10-13T12:52:45.176+0000] {processor.py:161} INFO - Started process (PID=11834) to work on /opt/airflow/dags/weather_etl_v2.py
[2025-10-13T12:52:45.178+0000] {processor.py:830} INFO - Processing file /opt/airflow/dags/weather_etl_v2.py for tasks to queue
[2025-10-13T12:52:45.180+0000] {logging_mixin.py:188} INFO - [2025-10-13T12:52:45.179+0000] {dagbag.py:540} INFO - Filling up the DagBag from /opt/airflow/dags/weather_etl_v2.py
[2025-10-13T12:52:45.205+0000] {processor.py:840} INFO - DAG(s) 'weather_etl_v2' retrieved from /opt/airflow/dags/weather_etl_v2.py
[2025-10-13T12:52:45.268+0000] {logging_mixin.py:188} INFO - [2025-10-13T12:52:45.268+0000] {dag.py:3047} INFO - Sync 1 DAGs
[2025-10-13T12:52:45.314+0000] {logging_mixin.py:188} INFO - [2025-10-13T12:52:45.314+0000] {dag.py:3834} INFO - Setting next_dagrun for weather_etl_v2 to 2025-10-12 22:00:00+00:00, run_after=2025-10-13 22:00:00+00:00
[2025-10-13T12:52:45.355+0000] {processor.py:183} INFO - Processing /opt/airflow/dags/weather_etl_v2.py took 0.182 seconds
[2025-10-13T12:53:15.925+0000] {processor.py:161} INFO - Started process (PID=11847) to work on /opt/airflow/dags/weather_etl_v2.py
[2025-10-13T12:53:15.930+0000] {processor.py:830} INFO - Processing file /opt/airflow/dags/weather_etl_v2.py for tasks to queue
[2025-10-13T12:53:15.933+0000] {logging_mixin.py:188} INFO - [2025-10-13T12:53:15.932+0000] {dagbag.py:540} INFO - Filling up the DagBag from /opt/airflow/dags/weather_etl_v2.py
[2025-10-13T12:53:16.038+0000] {processor.py:840} INFO - DAG(s) 'weather_etl_v2' retrieved from /opt/airflow/dags/weather_etl_v2.py
[2025-10-13T12:53:16.224+0000] {logging_mixin.py:188} INFO - [2025-10-13T12:53:16.224+0000] {dag.py:3047} INFO - Sync 1 DAGs
[2025-10-13T12:53:16.358+0000] {logging_mixin.py:188} INFO - [2025-10-13T12:53:16.357+0000] {dag.py:3834} INFO - Setting next_dagrun for weather_etl_v2 to 2025-10-12 22:00:00+00:00, run_after=2025-10-13 22:00:00+00:00
[2025-10-13T12:53:16.455+0000] {processor.py:183} INFO - Processing /opt/airflow/dags/weather_etl_v2.py took 0.542 seconds
[2025-10-13T12:53:46.780+0000] {processor.py:161} INFO - Started process (PID=11859) to work on /opt/airflow/dags/weather_etl_v2.py
[2025-10-13T12:53:46.785+0000] {processor.py:830} INFO - Processing file /opt/airflow/dags/weather_etl_v2.py for tasks to queue
[2025-10-13T12:53:46.791+0000] {logging_mixin.py:188} INFO - [2025-10-13T12:53:46.788+0000] {dagbag.py:540} INFO - Filling up the DagBag from /opt/airflow/dags/weather_etl_v2.py
[2025-10-13T12:53:46.914+0000] {processor.py:840} INFO - DAG(s) 'weather_etl_v2' retrieved from /opt/airflow/dags/weather_etl_v2.py
[2025-10-13T12:53:47.254+0000] {logging_mixin.py:188} INFO - [2025-10-13T12:53:47.253+0000] {dag.py:3047} INFO - Sync 1 DAGs
[2025-10-13T12:53:47.364+0000] {logging_mixin.py:188} INFO - [2025-10-13T12:53:47.363+0000] {dag.py:3834} INFO - Setting next_dagrun for weather_etl_v2 to 2025-10-12 22:00:00+00:00, run_after=2025-10-13 22:00:00+00:00
[2025-10-13T12:53:47.474+0000] {processor.py:183} INFO - Processing /opt/airflow/dags/weather_etl_v2.py took 0.708 seconds
[2025-10-13T12:54:18.610+0000] {processor.py:161} INFO - Started process (PID=11877) to work on /opt/airflow/dags/weather_etl_v2.py
[2025-10-13T12:54:18.616+0000] {processor.py:830} INFO - Processing file /opt/airflow/dags/weather_etl_v2.py for tasks to queue
[2025-10-13T12:54:18.627+0000] {logging_mixin.py:188} INFO - [2025-10-13T12:54:18.623+0000] {dagbag.py:540} INFO - Filling up the DagBag from /opt/airflow/dags/weather_etl_v2.py
[2025-10-13T12:54:18.694+0000] {processor.py:840} INFO - DAG(s) 'weather_etl_v2' retrieved from /opt/airflow/dags/weather_etl_v2.py
[2025-10-13T12:54:18.805+0000] {logging_mixin.py:188} INFO - [2025-10-13T12:54:18.804+0000] {dag.py:3047} INFO - Sync 1 DAGs
[2025-10-13T12:54:18.870+0000] {logging_mixin.py:188} INFO - [2025-10-13T12:54:18.870+0000] {dag.py:3834} INFO - Setting next_dagrun for weather_etl_v2 to 2025-10-12 22:00:00+00:00, run_after=2025-10-13 22:00:00+00:00
[2025-10-13T12:54:18.935+0000] {processor.py:183} INFO - Processing /opt/airflow/dags/weather_etl_v2.py took 0.339 seconds
[2025-10-13T12:54:49.477+0000] {processor.py:161} INFO - Started process (PID=11892) to work on /opt/airflow/dags/weather_etl_v2.py
[2025-10-13T12:54:49.481+0000] {processor.py:830} INFO - Processing file /opt/airflow/dags/weather_etl_v2.py for tasks to queue
[2025-10-13T12:54:49.487+0000] {logging_mixin.py:188} INFO - [2025-10-13T12:54:49.486+0000] {dagbag.py:540} INFO - Filling up the DagBag from /opt/airflow/dags/weather_etl_v2.py
[2025-10-13T12:54:49.601+0000] {processor.py:840} INFO - DAG(s) 'weather_etl_v2' retrieved from /opt/airflow/dags/weather_etl_v2.py
[2025-10-13T12:54:49.768+0000] {logging_mixin.py:188} INFO - [2025-10-13T12:54:49.767+0000] {dag.py:3047} INFO - Sync 1 DAGs
[2025-10-13T12:54:49.864+0000] {logging_mixin.py:188} INFO - [2025-10-13T12:54:49.863+0000] {dag.py:3834} INFO - Setting next_dagrun for weather_etl_v2 to 2025-10-12 22:00:00+00:00, run_after=2025-10-13 22:00:00+00:00
[2025-10-13T12:54:50.064+0000] {processor.py:183} INFO - Processing /opt/airflow/dags/weather_etl_v2.py took 0.597 seconds
[2025-10-13T12:55:20.790+0000] {processor.py:161} INFO - Started process (PID=11907) to work on /opt/airflow/dags/weather_etl_v2.py
[2025-10-13T12:55:20.803+0000] {processor.py:830} INFO - Processing file /opt/airflow/dags/weather_etl_v2.py for tasks to queue
[2025-10-13T12:55:20.807+0000] {logging_mixin.py:188} INFO - [2025-10-13T12:55:20.806+0000] {dagbag.py:540} INFO - Filling up the DagBag from /opt/airflow/dags/weather_etl_v2.py
[2025-10-13T12:55:21.069+0000] {processor.py:840} INFO - DAG(s) 'weather_etl_v2' retrieved from /opt/airflow/dags/weather_etl_v2.py
[2025-10-13T12:55:21.312+0000] {logging_mixin.py:188} INFO - [2025-10-13T12:55:21.312+0000] {dag.py:3047} INFO - Sync 1 DAGs
[2025-10-13T12:55:21.406+0000] {logging_mixin.py:188} INFO - [2025-10-13T12:55:21.405+0000] {dag.py:3834} INFO - Setting next_dagrun for weather_etl_v2 to 2025-10-12 22:00:00+00:00, run_after=2025-10-13 22:00:00+00:00
[2025-10-13T12:55:21.500+0000] {processor.py:183} INFO - Processing /opt/airflow/dags/weather_etl_v2.py took 0.717 seconds
[2025-10-13T12:55:52.305+0000] {processor.py:161} INFO - Started process (PID=11922) to work on /opt/airflow/dags/weather_etl_v2.py
[2025-10-13T12:55:52.306+0000] {processor.py:830} INFO - Processing file /opt/airflow/dags/weather_etl_v2.py for tasks to queue
[2025-10-13T12:55:52.308+0000] {logging_mixin.py:188} INFO - [2025-10-13T12:55:52.307+0000] {dagbag.py:540} INFO - Filling up the DagBag from /opt/airflow/dags/weather_etl_v2.py
[2025-10-13T12:55:52.340+0000] {processor.py:840} INFO - DAG(s) 'weather_etl_v2' retrieved from /opt/airflow/dags/weather_etl_v2.py
[2025-10-13T12:55:52.407+0000] {logging_mixin.py:188} INFO - [2025-10-13T12:55:52.406+0000] {dag.py:3047} INFO - Sync 1 DAGs
[2025-10-13T12:55:52.455+0000] {logging_mixin.py:188} INFO - [2025-10-13T12:55:52.455+0000] {dag.py:3834} INFO - Setting next_dagrun for weather_etl_v2 to 2025-10-12 22:00:00+00:00, run_after=2025-10-13 22:00:00+00:00
[2025-10-13T12:55:52.514+0000] {processor.py:183} INFO - Processing /opt/airflow/dags/weather_etl_v2.py took 0.215 seconds
[2025-10-13T12:56:25.319+0000] {processor.py:161} INFO - Started process (PID=11944) to work on /opt/airflow/dags/weather_etl_v2.py
[2025-10-13T12:56:25.320+0000] {processor.py:830} INFO - Processing file /opt/airflow/dags/weather_etl_v2.py for tasks to queue
[2025-10-13T12:56:25.322+0000] {logging_mixin.py:188} INFO - [2025-10-13T12:56:25.321+0000] {dagbag.py:540} INFO - Filling up the DagBag from /opt/airflow/dags/weather_etl_v2.py
[2025-10-13T12:56:25.352+0000] {processor.py:840} INFO - DAG(s) 'weather_etl_v2' retrieved from /opt/airflow/dags/weather_etl_v2.py
[2025-10-13T12:56:25.430+0000] {logging_mixin.py:188} INFO - [2025-10-13T12:56:25.429+0000] {dag.py:3047} INFO - Sync 1 DAGs
[2025-10-13T12:56:25.509+0000] {logging_mixin.py:188} INFO - [2025-10-13T12:56:25.509+0000] {dag.py:3834} INFO - Setting next_dagrun for weather_etl_v2 to 2025-10-12 22:00:00+00:00, run_after=2025-10-13 22:00:00+00:00
[2025-10-13T12:56:25.559+0000] {processor.py:183} INFO - Processing /opt/airflow/dags/weather_etl_v2.py took 0.243 seconds
[2025-10-13T12:57:02.429+0000] {processor.py:161} INFO - Started process (PID=11959) to work on /opt/airflow/dags/weather_etl_v2.py
[2025-10-13T12:57:02.432+0000] {processor.py:830} INFO - Processing file /opt/airflow/dags/weather_etl_v2.py for tasks to queue
[2025-10-13T12:57:02.441+0000] {logging_mixin.py:188} INFO - [2025-10-13T12:57:02.435+0000] {dagbag.py:540} INFO - Filling up the DagBag from /opt/airflow/dags/weather_etl_v2.py
[2025-10-13T12:57:02.617+0000] {processor.py:840} INFO - DAG(s) 'weather_etl_v2' retrieved from /opt/airflow/dags/weather_etl_v2.py
[2025-10-13T12:57:02.765+0000] {logging_mixin.py:188} INFO - [2025-10-13T12:57:02.765+0000] {dag.py:3047} INFO - Sync 1 DAGs
[2025-10-13T12:57:02.857+0000] {logging_mixin.py:188} INFO - [2025-10-13T12:57:02.857+0000] {dag.py:3834} INFO - Setting next_dagrun for weather_etl_v2 to 2025-10-12 22:00:00+00:00, run_after=2025-10-13 22:00:00+00:00
[2025-10-13T12:57:02.933+0000] {processor.py:183} INFO - Processing /opt/airflow/dags/weather_etl_v2.py took 0.511 seconds
[2025-10-13T12:57:33.595+0000] {processor.py:161} INFO - Started process (PID=11974) to work on /opt/airflow/dags/weather_etl_v2.py
[2025-10-13T12:57:33.596+0000] {processor.py:830} INFO - Processing file /opt/airflow/dags/weather_etl_v2.py for tasks to queue
[2025-10-13T12:57:33.598+0000] {logging_mixin.py:188} INFO - [2025-10-13T12:57:33.597+0000] {dagbag.py:540} INFO - Filling up the DagBag from /opt/airflow/dags/weather_etl_v2.py
[2025-10-13T12:57:33.623+0000] {processor.py:840} INFO - DAG(s) 'weather_etl_v2' retrieved from /opt/airflow/dags/weather_etl_v2.py
[2025-10-13T12:57:33.723+0000] {logging_mixin.py:188} INFO - [2025-10-13T12:57:33.722+0000] {dag.py:3047} INFO - Sync 1 DAGs
[2025-10-13T12:57:33.772+0000] {logging_mixin.py:188} INFO - [2025-10-13T12:57:33.771+0000] {dag.py:3834} INFO - Setting next_dagrun for weather_etl_v2 to 2025-10-12 22:00:00+00:00, run_after=2025-10-13 22:00:00+00:00
[2025-10-13T12:57:33.825+0000] {processor.py:183} INFO - Processing /opt/airflow/dags/weather_etl_v2.py took 0.233 seconds
[2025-10-13T12:58:04.452+0000] {processor.py:161} INFO - Started process (PID=11989) to work on /opt/airflow/dags/weather_etl_v2.py
[2025-10-13T12:58:04.454+0000] {processor.py:830} INFO - Processing file /opt/airflow/dags/weather_etl_v2.py for tasks to queue
[2025-10-13T12:58:04.455+0000] {logging_mixin.py:188} INFO - [2025-10-13T12:58:04.455+0000] {dagbag.py:540} INFO - Filling up the DagBag from /opt/airflow/dags/weather_etl_v2.py
[2025-10-13T12:58:04.488+0000] {processor.py:840} INFO - DAG(s) 'weather_etl_v2' retrieved from /opt/airflow/dags/weather_etl_v2.py
[2025-10-13T12:58:04.555+0000] {logging_mixin.py:188} INFO - [2025-10-13T12:58:04.555+0000] {dag.py:3047} INFO - Sync 1 DAGs
[2025-10-13T12:58:04.603+0000] {logging_mixin.py:188} INFO - [2025-10-13T12:58:04.603+0000] {dag.py:3834} INFO - Setting next_dagrun for weather_etl_v2 to 2025-10-12 22:00:00+00:00, run_after=2025-10-13 22:00:00+00:00
[2025-10-13T12:58:04.660+0000] {processor.py:183} INFO - Processing /opt/airflow/dags/weather_etl_v2.py took 0.210 seconds
[2025-10-13T12:58:35.295+0000] {processor.py:161} INFO - Started process (PID=12004) to work on /opt/airflow/dags/weather_etl_v2.py
[2025-10-13T12:58:35.298+0000] {processor.py:830} INFO - Processing file /opt/airflow/dags/weather_etl_v2.py for tasks to queue
[2025-10-13T12:58:35.300+0000] {logging_mixin.py:188} INFO - [2025-10-13T12:58:35.299+0000] {dagbag.py:540} INFO - Filling up the DagBag from /opt/airflow/dags/weather_etl_v2.py
[2025-10-13T12:58:35.341+0000] {processor.py:840} INFO - DAG(s) 'weather_etl_v2' retrieved from /opt/airflow/dags/weather_etl_v2.py
[2025-10-13T12:58:35.417+0000] {logging_mixin.py:188} INFO - [2025-10-13T12:58:35.417+0000] {dag.py:3047} INFO - Sync 1 DAGs
[2025-10-13T12:58:35.513+0000] {logging_mixin.py:188} INFO - [2025-10-13T12:58:35.513+0000] {dag.py:3834} INFO - Setting next_dagrun for weather_etl_v2 to 2025-10-12 22:00:00+00:00, run_after=2025-10-13 22:00:00+00:00
[2025-10-13T12:58:35.615+0000] {processor.py:183} INFO - Processing /opt/airflow/dags/weather_etl_v2.py took 0.323 seconds
[2025-10-13T12:59:06.154+0000] {processor.py:161} INFO - Started process (PID=12019) to work on /opt/airflow/dags/weather_etl_v2.py
[2025-10-13T12:59:06.156+0000] {processor.py:830} INFO - Processing file /opt/airflow/dags/weather_etl_v2.py for tasks to queue
[2025-10-13T12:59:06.157+0000] {logging_mixin.py:188} INFO - [2025-10-13T12:59:06.157+0000] {dagbag.py:540} INFO - Filling up the DagBag from /opt/airflow/dags/weather_etl_v2.py
[2025-10-13T12:59:06.182+0000] {processor.py:840} INFO - DAG(s) 'weather_etl_v2' retrieved from /opt/airflow/dags/weather_etl_v2.py
[2025-10-13T12:59:06.242+0000] {logging_mixin.py:188} INFO - [2025-10-13T12:59:06.242+0000] {dag.py:3047} INFO - Sync 1 DAGs
[2025-10-13T12:59:06.291+0000] {logging_mixin.py:188} INFO - [2025-10-13T12:59:06.291+0000] {dag.py:3834} INFO - Setting next_dagrun for weather_etl_v2 to 2025-10-12 22:00:00+00:00, run_after=2025-10-13 22:00:00+00:00
[2025-10-13T12:59:06.353+0000] {processor.py:183} INFO - Processing /opt/airflow/dags/weather_etl_v2.py took 0.202 seconds
[2025-10-13T12:59:36.942+0000] {processor.py:161} INFO - Started process (PID=12034) to work on /opt/airflow/dags/weather_etl_v2.py
[2025-10-13T12:59:36.945+0000] {processor.py:830} INFO - Processing file /opt/airflow/dags/weather_etl_v2.py for tasks to queue
[2025-10-13T12:59:36.947+0000] {logging_mixin.py:188} INFO - [2025-10-13T12:59:36.947+0000] {dagbag.py:540} INFO - Filling up the DagBag from /opt/airflow/dags/weather_etl_v2.py
[2025-10-13T12:59:36.979+0000] {processor.py:840} INFO - DAG(s) 'weather_etl_v2' retrieved from /opt/airflow/dags/weather_etl_v2.py
[2025-10-13T12:59:37.047+0000] {logging_mixin.py:188} INFO - [2025-10-13T12:59:37.046+0000] {dag.py:3047} INFO - Sync 1 DAGs
[2025-10-13T12:59:37.094+0000] {logging_mixin.py:188} INFO - [2025-10-13T12:59:37.094+0000] {dag.py:3834} INFO - Setting next_dagrun for weather_etl_v2 to 2025-10-12 22:00:00+00:00, run_after=2025-10-13 22:00:00+00:00
[2025-10-13T12:59:37.150+0000] {processor.py:183} INFO - Processing /opt/airflow/dags/weather_etl_v2.py took 0.215 seconds
[2025-10-13T13:00:07.620+0000] {processor.py:161} INFO - Started process (PID=12049) to work on /opt/airflow/dags/weather_etl_v2.py
[2025-10-13T13:00:07.621+0000] {processor.py:830} INFO - Processing file /opt/airflow/dags/weather_etl_v2.py for tasks to queue
[2025-10-13T13:00:07.623+0000] {logging_mixin.py:188} INFO - [2025-10-13T13:00:07.623+0000] {dagbag.py:540} INFO - Filling up the DagBag from /opt/airflow/dags/weather_etl_v2.py
[2025-10-13T13:00:07.652+0000] {processor.py:840} INFO - DAG(s) 'weather_etl_v2' retrieved from /opt/airflow/dags/weather_etl_v2.py
[2025-10-13T13:00:07.722+0000] {logging_mixin.py:188} INFO - [2025-10-13T13:00:07.722+0000] {dag.py:3047} INFO - Sync 1 DAGs
[2025-10-13T13:00:07.771+0000] {logging_mixin.py:188} INFO - [2025-10-13T13:00:07.771+0000] {dag.py:3834} INFO - Setting next_dagrun for weather_etl_v2 to 2025-10-12 22:00:00+00:00, run_after=2025-10-13 22:00:00+00:00
[2025-10-13T13:00:07.824+0000] {processor.py:183} INFO - Processing /opt/airflow/dags/weather_etl_v2.py took 0.207 seconds
[2025-10-13T13:00:38.375+0000] {processor.py:161} INFO - Started process (PID=12064) to work on /opt/airflow/dags/weather_etl_v2.py
[2025-10-13T13:00:38.378+0000] {processor.py:830} INFO - Processing file /opt/airflow/dags/weather_etl_v2.py for tasks to queue
[2025-10-13T13:00:38.382+0000] {logging_mixin.py:188} INFO - [2025-10-13T13:00:38.381+0000] {dagbag.py:540} INFO - Filling up the DagBag from /opt/airflow/dags/weather_etl_v2.py
[2025-10-13T13:00:38.448+0000] {processor.py:840} INFO - DAG(s) 'weather_etl_v2' retrieved from /opt/airflow/dags/weather_etl_v2.py
[2025-10-13T13:00:38.572+0000] {logging_mixin.py:188} INFO - [2025-10-13T13:00:38.571+0000] {dag.py:3047} INFO - Sync 1 DAGs
[2025-10-13T13:00:38.681+0000] {logging_mixin.py:188} INFO - [2025-10-13T13:00:38.680+0000] {dag.py:3834} INFO - Setting next_dagrun for weather_etl_v2 to 2025-10-12 22:00:00+00:00, run_after=2025-10-13 22:00:00+00:00
[2025-10-13T13:00:38.781+0000] {processor.py:183} INFO - Processing /opt/airflow/dags/weather_etl_v2.py took 0.412 seconds
[2025-10-13T13:01:09.108+0000] {processor.py:161} INFO - Started process (PID=12079) to work on /opt/airflow/dags/weather_etl_v2.py
[2025-10-13T13:01:09.110+0000] {processor.py:830} INFO - Processing file /opt/airflow/dags/weather_etl_v2.py for tasks to queue
[2025-10-13T13:01:09.112+0000] {logging_mixin.py:188} INFO - [2025-10-13T13:01:09.111+0000] {dagbag.py:540} INFO - Filling up the DagBag from /opt/airflow/dags/weather_etl_v2.py
[2025-10-13T13:01:09.145+0000] {processor.py:840} INFO - DAG(s) 'weather_etl_v2' retrieved from /opt/airflow/dags/weather_etl_v2.py
[2025-10-13T13:01:09.203+0000] {logging_mixin.py:188} INFO - [2025-10-13T13:01:09.202+0000] {dag.py:3047} INFO - Sync 1 DAGs
[2025-10-13T13:01:09.251+0000] {logging_mixin.py:188} INFO - [2025-10-13T13:01:09.250+0000] {dag.py:3834} INFO - Setting next_dagrun for weather_etl_v2 to 2025-10-12 22:00:00+00:00, run_after=2025-10-13 22:00:00+00:00
[2025-10-13T13:01:09.304+0000] {processor.py:183} INFO - Processing /opt/airflow/dags/weather_etl_v2.py took 0.201 seconds
[2025-10-13T13:01:40.025+0000] {processor.py:161} INFO - Started process (PID=12094) to work on /opt/airflow/dags/weather_etl_v2.py
[2025-10-13T13:01:40.026+0000] {processor.py:830} INFO - Processing file /opt/airflow/dags/weather_etl_v2.py for tasks to queue
[2025-10-13T13:01:40.028+0000] {logging_mixin.py:188} INFO - [2025-10-13T13:01:40.027+0000] {dagbag.py:540} INFO - Filling up the DagBag from /opt/airflow/dags/weather_etl_v2.py
[2025-10-13T13:01:40.053+0000] {processor.py:840} INFO - DAG(s) 'weather_etl_v2' retrieved from /opt/airflow/dags/weather_etl_v2.py
[2025-10-13T13:01:40.117+0000] {logging_mixin.py:188} INFO - [2025-10-13T13:01:40.117+0000] {dag.py:3047} INFO - Sync 1 DAGs
[2025-10-13T13:01:40.163+0000] {logging_mixin.py:188} INFO - [2025-10-13T13:01:40.162+0000] {dag.py:3834} INFO - Setting next_dagrun for weather_etl_v2 to 2025-10-12 22:00:00+00:00, run_after=2025-10-13 22:00:00+00:00
[2025-10-13T13:01:40.215+0000] {processor.py:183} INFO - Processing /opt/airflow/dags/weather_etl_v2.py took 0.192 seconds
[2025-10-13T13:02:10.672+0000] {processor.py:161} INFO - Started process (PID=12109) to work on /opt/airflow/dags/weather_etl_v2.py
[2025-10-13T13:02:10.674+0000] {processor.py:830} INFO - Processing file /opt/airflow/dags/weather_etl_v2.py for tasks to queue
[2025-10-13T13:02:10.676+0000] {logging_mixin.py:188} INFO - [2025-10-13T13:02:10.675+0000] {dagbag.py:540} INFO - Filling up the DagBag from /opt/airflow/dags/weather_etl_v2.py
[2025-10-13T13:02:10.706+0000] {processor.py:840} INFO - DAG(s) 'weather_etl_v2' retrieved from /opt/airflow/dags/weather_etl_v2.py
[2025-10-13T13:02:10.764+0000] {logging_mixin.py:188} INFO - [2025-10-13T13:02:10.764+0000] {dag.py:3047} INFO - Sync 1 DAGs
[2025-10-13T13:02:10.807+0000] {logging_mixin.py:188} INFO - [2025-10-13T13:02:10.807+0000] {dag.py:3834} INFO - Setting next_dagrun for weather_etl_v2 to 2025-10-12 22:00:00+00:00, run_after=2025-10-13 22:00:00+00:00
[2025-10-13T13:02:10.861+0000] {processor.py:183} INFO - Processing /opt/airflow/dags/weather_etl_v2.py took 0.192 seconds
[2025-10-13T13:02:41.908+0000] {processor.py:161} INFO - Started process (PID=12124) to work on /opt/airflow/dags/weather_etl_v2.py
[2025-10-13T13:02:41.913+0000] {processor.py:830} INFO - Processing file /opt/airflow/dags/weather_etl_v2.py for tasks to queue
[2025-10-13T13:02:41.922+0000] {logging_mixin.py:188} INFO - [2025-10-13T13:02:41.921+0000] {dagbag.py:540} INFO - Filling up the DagBag from /opt/airflow/dags/weather_etl_v2.py
[2025-10-13T13:02:42.235+0000] {processor.py:840} INFO - DAG(s) 'weather_etl_v2' retrieved from /opt/airflow/dags/weather_etl_v2.py
[2025-10-13T13:02:42.454+0000] {logging_mixin.py:188} INFO - [2025-10-13T13:02:42.453+0000] {dag.py:3047} INFO - Sync 1 DAGs
[2025-10-13T13:02:42.631+0000] {logging_mixin.py:188} INFO - [2025-10-13T13:02:42.630+0000] {dag.py:3834} INFO - Setting next_dagrun for weather_etl_v2 to 2025-10-12 22:00:00+00:00, run_after=2025-10-13 22:00:00+00:00
[2025-10-13T13:02:42.744+0000] {processor.py:183} INFO - Processing /opt/airflow/dags/weather_etl_v2.py took 0.843 seconds
[2025-10-13T13:03:13.500+0000] {processor.py:161} INFO - Started process (PID=12139) to work on /opt/airflow/dags/weather_etl_v2.py
[2025-10-13T13:03:13.503+0000] {processor.py:830} INFO - Processing file /opt/airflow/dags/weather_etl_v2.py for tasks to queue
[2025-10-13T13:03:13.504+0000] {logging_mixin.py:188} INFO - [2025-10-13T13:03:13.504+0000] {dagbag.py:540} INFO - Filling up the DagBag from /opt/airflow/dags/weather_etl_v2.py
[2025-10-13T13:03:13.545+0000] {processor.py:840} INFO - DAG(s) 'weather_etl_v2' retrieved from /opt/airflow/dags/weather_etl_v2.py
[2025-10-13T13:03:13.619+0000] {logging_mixin.py:188} INFO - [2025-10-13T13:03:13.619+0000] {dag.py:3047} INFO - Sync 1 DAGs
[2025-10-13T13:03:13.665+0000] {logging_mixin.py:188} INFO - [2025-10-13T13:03:13.664+0000] {dag.py:3834} INFO - Setting next_dagrun for weather_etl_v2 to 2025-10-12 22:00:00+00:00, run_after=2025-10-13 22:00:00+00:00
[2025-10-13T13:03:13.724+0000] {processor.py:183} INFO - Processing /opt/airflow/dags/weather_etl_v2.py took 0.227 seconds
[2025-10-13T13:03:44.543+0000] {processor.py:161} INFO - Started process (PID=12154) to work on /opt/airflow/dags/weather_etl_v2.py
[2025-10-13T13:03:44.544+0000] {processor.py:830} INFO - Processing file /opt/airflow/dags/weather_etl_v2.py for tasks to queue
[2025-10-13T13:03:44.545+0000] {logging_mixin.py:188} INFO - [2025-10-13T13:03:44.545+0000] {dagbag.py:540} INFO - Filling up the DagBag from /opt/airflow/dags/weather_etl_v2.py
[2025-10-13T13:03:44.580+0000] {processor.py:840} INFO - DAG(s) 'weather_etl_v2' retrieved from /opt/airflow/dags/weather_etl_v2.py
[2025-10-13T13:03:44.659+0000] {logging_mixin.py:188} INFO - [2025-10-13T13:03:44.659+0000] {dag.py:3047} INFO - Sync 1 DAGs
[2025-10-13T13:03:44.722+0000] {logging_mixin.py:188} INFO - [2025-10-13T13:03:44.721+0000] {dag.py:3834} INFO - Setting next_dagrun for weather_etl_v2 to 2025-10-12 22:00:00+00:00, run_after=2025-10-13 22:00:00+00:00
[2025-10-13T13:03:44.809+0000] {processor.py:183} INFO - Processing /opt/airflow/dags/weather_etl_v2.py took 0.269 seconds
[2025-10-13T13:04:15.298+0000] {processor.py:161} INFO - Started process (PID=12169) to work on /opt/airflow/dags/weather_etl_v2.py
[2025-10-13T13:04:15.301+0000] {processor.py:830} INFO - Processing file /opt/airflow/dags/weather_etl_v2.py for tasks to queue
[2025-10-13T13:04:15.307+0000] {logging_mixin.py:188} INFO - [2025-10-13T13:04:15.305+0000] {dagbag.py:540} INFO - Filling up the DagBag from /opt/airflow/dags/weather_etl_v2.py
[2025-10-13T13:04:15.336+0000] {processor.py:840} INFO - DAG(s) 'weather_etl_v2' retrieved from /opt/airflow/dags/weather_etl_v2.py
[2025-10-13T13:04:15.395+0000] {logging_mixin.py:188} INFO - [2025-10-13T13:04:15.394+0000] {dag.py:3047} INFO - Sync 1 DAGs
[2025-10-13T13:04:15.432+0000] {logging_mixin.py:188} INFO - [2025-10-13T13:04:15.432+0000] {dag.py:3834} INFO - Setting next_dagrun for weather_etl_v2 to 2025-10-12 22:00:00+00:00, run_after=2025-10-13 22:00:00+00:00
[2025-10-13T13:04:15.489+0000] {processor.py:183} INFO - Processing /opt/airflow/dags/weather_etl_v2.py took 0.197 seconds
[2025-10-13T13:04:45.573+0000] {processor.py:161} INFO - Started process (PID=12184) to work on /opt/airflow/dags/weather_etl_v2.py
[2025-10-13T13:04:45.575+0000] {processor.py:830} INFO - Processing file /opt/airflow/dags/weather_etl_v2.py for tasks to queue
[2025-10-13T13:04:45.577+0000] {logging_mixin.py:188} INFO - [2025-10-13T13:04:45.576+0000] {dagbag.py:540} INFO - Filling up the DagBag from /opt/airflow/dags/weather_etl_v2.py
[2025-10-13T13:04:45.604+0000] {processor.py:840} INFO - DAG(s) 'weather_etl_v2' retrieved from /opt/airflow/dags/weather_etl_v2.py
[2025-10-13T13:04:45.666+0000] {logging_mixin.py:188} INFO - [2025-10-13T13:04:45.666+0000] {dag.py:3047} INFO - Sync 1 DAGs
[2025-10-13T13:04:45.712+0000] {logging_mixin.py:188} INFO - [2025-10-13T13:04:45.712+0000] {dag.py:3834} INFO - Setting next_dagrun for weather_etl_v2 to 2025-10-12 22:00:00+00:00, run_after=2025-10-13 22:00:00+00:00
[2025-10-13T13:04:45.753+0000] {processor.py:183} INFO - Processing /opt/airflow/dags/weather_etl_v2.py took 0.183 seconds
[2025-10-13T13:05:16.253+0000] {processor.py:161} INFO - Started process (PID=12199) to work on /opt/airflow/dags/weather_etl_v2.py
[2025-10-13T13:05:16.256+0000] {processor.py:830} INFO - Processing file /opt/airflow/dags/weather_etl_v2.py for tasks to queue
[2025-10-13T13:05:16.257+0000] {logging_mixin.py:188} INFO - [2025-10-13T13:05:16.257+0000] {dagbag.py:540} INFO - Filling up the DagBag from /opt/airflow/dags/weather_etl_v2.py
[2025-10-13T13:05:16.282+0000] {processor.py:840} INFO - DAG(s) 'weather_etl_v2' retrieved from /opt/airflow/dags/weather_etl_v2.py
[2025-10-13T13:05:16.351+0000] {logging_mixin.py:188} INFO - [2025-10-13T13:05:16.351+0000] {dag.py:3047} INFO - Sync 1 DAGs
[2025-10-13T13:05:16.421+0000] {logging_mixin.py:188} INFO - [2025-10-13T13:05:16.421+0000] {dag.py:3834} INFO - Setting next_dagrun for weather_etl_v2 to 2025-10-12 22:00:00+00:00, run_after=2025-10-13 22:00:00+00:00
[2025-10-13T13:05:16.464+0000] {processor.py:183} INFO - Processing /opt/airflow/dags/weather_etl_v2.py took 0.214 seconds
[2025-10-13T13:05:46.947+0000] {processor.py:161} INFO - Started process (PID=12214) to work on /opt/airflow/dags/weather_etl_v2.py
[2025-10-13T13:05:46.949+0000] {processor.py:830} INFO - Processing file /opt/airflow/dags/weather_etl_v2.py for tasks to queue
[2025-10-13T13:05:46.951+0000] {logging_mixin.py:188} INFO - [2025-10-13T13:05:46.950+0000] {dagbag.py:540} INFO - Filling up the DagBag from /opt/airflow/dags/weather_etl_v2.py
[2025-10-13T13:05:46.978+0000] {processor.py:840} INFO - DAG(s) 'weather_etl_v2' retrieved from /opt/airflow/dags/weather_etl_v2.py
[2025-10-13T13:05:47.040+0000] {logging_mixin.py:188} INFO - [2025-10-13T13:05:47.039+0000] {dag.py:3047} INFO - Sync 1 DAGs
[2025-10-13T13:05:47.090+0000] {logging_mixin.py:188} INFO - [2025-10-13T13:05:47.090+0000] {dag.py:3834} INFO - Setting next_dagrun for weather_etl_v2 to 2025-10-12 22:00:00+00:00, run_after=2025-10-13 22:00:00+00:00
[2025-10-13T13:05:47.133+0000] {processor.py:183} INFO - Processing /opt/airflow/dags/weather_etl_v2.py took 0.190 seconds
[2025-10-13T13:06:17.522+0000] {processor.py:161} INFO - Started process (PID=12229) to work on /opt/airflow/dags/weather_etl_v2.py
[2025-10-13T13:06:17.529+0000] {processor.py:830} INFO - Processing file /opt/airflow/dags/weather_etl_v2.py for tasks to queue
[2025-10-13T13:06:17.534+0000] {logging_mixin.py:188} INFO - [2025-10-13T13:06:17.532+0000] {dagbag.py:540} INFO - Filling up the DagBag from /opt/airflow/dags/weather_etl_v2.py
[2025-10-13T13:06:17.577+0000] {processor.py:840} INFO - DAG(s) 'weather_etl_v2' retrieved from /opt/airflow/dags/weather_etl_v2.py
[2025-10-13T13:06:17.641+0000] {logging_mixin.py:188} INFO - [2025-10-13T13:06:17.641+0000] {dag.py:3047} INFO - Sync 1 DAGs
[2025-10-13T13:06:17.685+0000] {logging_mixin.py:188} INFO - [2025-10-13T13:06:17.685+0000] {dag.py:3834} INFO - Setting next_dagrun for weather_etl_v2 to 2025-10-12 22:00:00+00:00, run_after=2025-10-13 22:00:00+00:00
[2025-10-13T13:06:17.740+0000] {processor.py:183} INFO - Processing /opt/airflow/dags/weather_etl_v2.py took 0.220 seconds
[2025-10-13T13:06:48.199+0000] {processor.py:161} INFO - Started process (PID=12244) to work on /opt/airflow/dags/weather_etl_v2.py
[2025-10-13T13:06:48.201+0000] {processor.py:830} INFO - Processing file /opt/airflow/dags/weather_etl_v2.py for tasks to queue
[2025-10-13T13:06:48.203+0000] {logging_mixin.py:188} INFO - [2025-10-13T13:06:48.202+0000] {dagbag.py:540} INFO - Filling up the DagBag from /opt/airflow/dags/weather_etl_v2.py
[2025-10-13T13:06:48.227+0000] {processor.py:840} INFO - DAG(s) 'weather_etl_v2' retrieved from /opt/airflow/dags/weather_etl_v2.py
[2025-10-13T13:06:48.287+0000] {logging_mixin.py:188} INFO - [2025-10-13T13:06:48.286+0000] {dag.py:3047} INFO - Sync 1 DAGs
[2025-10-13T13:06:48.334+0000] {logging_mixin.py:188} INFO - [2025-10-13T13:06:48.333+0000] {dag.py:3834} INFO - Setting next_dagrun for weather_etl_v2 to 2025-10-12 22:00:00+00:00, run_after=2025-10-13 22:00:00+00:00
[2025-10-13T13:06:48.375+0000] {processor.py:183} INFO - Processing /opt/airflow/dags/weather_etl_v2.py took 0.179 seconds
[2025-10-13T13:07:18.853+0000] {processor.py:161} INFO - Started process (PID=12259) to work on /opt/airflow/dags/weather_etl_v2.py
[2025-10-13T13:07:18.854+0000] {processor.py:830} INFO - Processing file /opt/airflow/dags/weather_etl_v2.py for tasks to queue
[2025-10-13T13:07:18.856+0000] {logging_mixin.py:188} INFO - [2025-10-13T13:07:18.856+0000] {dagbag.py:540} INFO - Filling up the DagBag from /opt/airflow/dags/weather_etl_v2.py
[2025-10-13T13:07:18.882+0000] {processor.py:840} INFO - DAG(s) 'weather_etl_v2' retrieved from /opt/airflow/dags/weather_etl_v2.py
[2025-10-13T13:07:18.936+0000] {logging_mixin.py:188} INFO - [2025-10-13T13:07:18.935+0000] {dag.py:3047} INFO - Sync 1 DAGs
[2025-10-13T13:07:18.975+0000] {logging_mixin.py:188} INFO - [2025-10-13T13:07:18.975+0000] {dag.py:3834} INFO - Setting next_dagrun for weather_etl_v2 to 2025-10-12 22:00:00+00:00, run_after=2025-10-13 22:00:00+00:00
[2025-10-13T13:07:19.025+0000] {processor.py:183} INFO - Processing /opt/airflow/dags/weather_etl_v2.py took 0.176 seconds
[2025-10-13T13:07:49.751+0000] {processor.py:161} INFO - Started process (PID=12274) to work on /opt/airflow/dags/weather_etl_v2.py
[2025-10-13T13:07:49.759+0000] {processor.py:830} INFO - Processing file /opt/airflow/dags/weather_etl_v2.py for tasks to queue
[2025-10-13T13:07:49.769+0000] {logging_mixin.py:188} INFO - [2025-10-13T13:07:49.768+0000] {dagbag.py:540} INFO - Filling up the DagBag from /opt/airflow/dags/weather_etl_v2.py
[2025-10-13T13:07:49.861+0000] {processor.py:840} INFO - DAG(s) 'weather_etl_v2' retrieved from /opt/airflow/dags/weather_etl_v2.py
[2025-10-13T13:07:50.267+0000] {logging_mixin.py:188} INFO - [2025-10-13T13:07:50.266+0000] {dag.py:3047} INFO - Sync 1 DAGs
[2025-10-13T13:07:50.339+0000] {logging_mixin.py:188} INFO - [2025-10-13T13:07:50.339+0000] {dag.py:3834} INFO - Setting next_dagrun for weather_etl_v2 to 2025-10-12 22:00:00+00:00, run_after=2025-10-13 22:00:00+00:00
[2025-10-13T13:07:50.434+0000] {processor.py:183} INFO - Processing /opt/airflow/dags/weather_etl_v2.py took 0.689 seconds
[2025-10-13T13:08:21.449+0000] {processor.py:161} INFO - Started process (PID=12289) to work on /opt/airflow/dags/weather_etl_v2.py
[2025-10-13T13:08:21.451+0000] {processor.py:830} INFO - Processing file /opt/airflow/dags/weather_etl_v2.py for tasks to queue
[2025-10-13T13:08:21.452+0000] {logging_mixin.py:188} INFO - [2025-10-13T13:08:21.452+0000] {dagbag.py:540} INFO - Filling up the DagBag from /opt/airflow/dags/weather_etl_v2.py
[2025-10-13T13:08:21.480+0000] {processor.py:840} INFO - DAG(s) 'weather_etl_v2' retrieved from /opt/airflow/dags/weather_etl_v2.py
[2025-10-13T13:08:21.539+0000] {logging_mixin.py:188} INFO - [2025-10-13T13:08:21.539+0000] {dag.py:3047} INFO - Sync 1 DAGs
[2025-10-13T13:08:21.582+0000] {logging_mixin.py:188} INFO - [2025-10-13T13:08:21.582+0000] {dag.py:3834} INFO - Setting next_dagrun for weather_etl_v2 to 2025-10-12 22:00:00+00:00, run_after=2025-10-13 22:00:00+00:00
[2025-10-13T13:08:21.668+0000] {processor.py:183} INFO - Processing /opt/airflow/dags/weather_etl_v2.py took 0.222 seconds
[2025-10-13T13:08:52.168+0000] {processor.py:161} INFO - Started process (PID=12304) to work on /opt/airflow/dags/weather_etl_v2.py
[2025-10-13T13:08:52.169+0000] {processor.py:830} INFO - Processing file /opt/airflow/dags/weather_etl_v2.py for tasks to queue
[2025-10-13T13:08:52.171+0000] {logging_mixin.py:188} INFO - [2025-10-13T13:08:52.170+0000] {dagbag.py:540} INFO - Filling up the DagBag from /opt/airflow/dags/weather_etl_v2.py
[2025-10-13T13:08:52.204+0000] {processor.py:840} INFO - DAG(s) 'weather_etl_v2' retrieved from /opt/airflow/dags/weather_etl_v2.py
[2025-10-13T13:08:52.282+0000] {logging_mixin.py:188} INFO - [2025-10-13T13:08:52.281+0000] {dag.py:3047} INFO - Sync 1 DAGs
[2025-10-13T13:08:52.330+0000] {logging_mixin.py:188} INFO - [2025-10-13T13:08:52.329+0000] {dag.py:3834} INFO - Setting next_dagrun for weather_etl_v2 to 2025-10-12 22:00:00+00:00, run_after=2025-10-13 22:00:00+00:00
[2025-10-13T13:08:52.383+0000] {processor.py:183} INFO - Processing /opt/airflow/dags/weather_etl_v2.py took 0.221 seconds
[2025-10-13T13:09:23.295+0000] {processor.py:161} INFO - Started process (PID=12319) to work on /opt/airflow/dags/weather_etl_v2.py
[2025-10-13T13:09:23.297+0000] {processor.py:830} INFO - Processing file /opt/airflow/dags/weather_etl_v2.py for tasks to queue
[2025-10-13T13:09:23.299+0000] {logging_mixin.py:188} INFO - [2025-10-13T13:09:23.298+0000] {dagbag.py:540} INFO - Filling up the DagBag from /opt/airflow/dags/weather_etl_v2.py
[2025-10-13T13:09:23.332+0000] {processor.py:840} INFO - DAG(s) 'weather_etl_v2' retrieved from /opt/airflow/dags/weather_etl_v2.py
[2025-10-13T13:09:23.398+0000] {logging_mixin.py:188} INFO - [2025-10-13T13:09:23.398+0000] {dag.py:3047} INFO - Sync 1 DAGs
[2025-10-13T13:09:23.446+0000] {logging_mixin.py:188} INFO - [2025-10-13T13:09:23.446+0000] {dag.py:3834} INFO - Setting next_dagrun for weather_etl_v2 to 2025-10-12 22:00:00+00:00, run_after=2025-10-13 22:00:00+00:00
[2025-10-13T13:09:23.525+0000] {processor.py:183} INFO - Processing /opt/airflow/dags/weather_etl_v2.py took 0.233 seconds
[2025-10-13T13:09:53.903+0000] {processor.py:161} INFO - Started process (PID=12334) to work on /opt/airflow/dags/weather_etl_v2.py
[2025-10-13T13:09:53.905+0000] {processor.py:830} INFO - Processing file /opt/airflow/dags/weather_etl_v2.py for tasks to queue
[2025-10-13T13:09:53.907+0000] {logging_mixin.py:188} INFO - [2025-10-13T13:09:53.906+0000] {dagbag.py:540} INFO - Filling up the DagBag from /opt/airflow/dags/weather_etl_v2.py
[2025-10-13T13:09:53.932+0000] {processor.py:840} INFO - DAG(s) 'weather_etl_v2' retrieved from /opt/airflow/dags/weather_etl_v2.py
[2025-10-13T13:09:53.996+0000] {logging_mixin.py:188} INFO - [2025-10-13T13:09:53.995+0000] {dag.py:3047} INFO - Sync 1 DAGs
[2025-10-13T13:09:54.044+0000] {logging_mixin.py:188} INFO - [2025-10-13T13:09:54.044+0000] {dag.py:3834} INFO - Setting next_dagrun for weather_etl_v2 to 2025-10-12 22:00:00+00:00, run_after=2025-10-13 22:00:00+00:00
[2025-10-13T13:09:54.100+0000] {processor.py:183} INFO - Processing /opt/airflow/dags/weather_etl_v2.py took 0.199 seconds
[2025-10-13T13:10:24.459+0000] {processor.py:161} INFO - Started process (PID=12349) to work on /opt/airflow/dags/weather_etl_v2.py
[2025-10-13T13:10:24.460+0000] {processor.py:830} INFO - Processing file /opt/airflow/dags/weather_etl_v2.py for tasks to queue
[2025-10-13T13:10:24.461+0000] {logging_mixin.py:188} INFO - [2025-10-13T13:10:24.461+0000] {dagbag.py:540} INFO - Filling up the DagBag from /opt/airflow/dags/weather_etl_v2.py
[2025-10-13T13:10:24.489+0000] {processor.py:840} INFO - DAG(s) 'weather_etl_v2' retrieved from /opt/airflow/dags/weather_etl_v2.py
[2025-10-13T13:10:24.560+0000] {logging_mixin.py:188} INFO - [2025-10-13T13:10:24.560+0000] {dag.py:3047} INFO - Sync 1 DAGs
[2025-10-13T13:10:24.623+0000] {logging_mixin.py:188} INFO - [2025-10-13T13:10:24.623+0000] {dag.py:3834} INFO - Setting next_dagrun for weather_etl_v2 to 2025-10-12 22:00:00+00:00, run_after=2025-10-13 22:00:00+00:00
[2025-10-13T13:10:24.674+0000] {processor.py:183} INFO - Processing /opt/airflow/dags/weather_etl_v2.py took 0.218 seconds
[2025-10-13T13:10:55.142+0000] {processor.py:161} INFO - Started process (PID=12364) to work on /opt/airflow/dags/weather_etl_v2.py
[2025-10-13T13:10:55.143+0000] {processor.py:830} INFO - Processing file /opt/airflow/dags/weather_etl_v2.py for tasks to queue
[2025-10-13T13:10:55.144+0000] {logging_mixin.py:188} INFO - [2025-10-13T13:10:55.144+0000] {dagbag.py:540} INFO - Filling up the DagBag from /opt/airflow/dags/weather_etl_v2.py
[2025-10-13T13:10:55.197+0000] {processor.py:840} INFO - DAG(s) 'weather_etl_v2' retrieved from /opt/airflow/dags/weather_etl_v2.py
[2025-10-13T13:10:55.489+0000] {logging_mixin.py:188} INFO - [2025-10-13T13:10:55.488+0000] {dag.py:3047} INFO - Sync 1 DAGs
[2025-10-13T13:10:55.697+0000] {logging_mixin.py:188} INFO - [2025-10-13T13:10:55.697+0000] {dag.py:3834} INFO - Setting next_dagrun for weather_etl_v2 to 2025-10-12 22:00:00+00:00, run_after=2025-10-13 22:00:00+00:00
[2025-10-13T13:10:55.831+0000] {processor.py:183} INFO - Processing /opt/airflow/dags/weather_etl_v2.py took 0.695 seconds
[2025-10-13T13:11:26.532+0000] {processor.py:161} INFO - Started process (PID=12379) to work on /opt/airflow/dags/weather_etl_v2.py
[2025-10-13T13:11:26.533+0000] {processor.py:830} INFO - Processing file /opt/airflow/dags/weather_etl_v2.py for tasks to queue
[2025-10-13T13:11:26.535+0000] {logging_mixin.py:188} INFO - [2025-10-13T13:11:26.535+0000] {dagbag.py:540} INFO - Filling up the DagBag from /opt/airflow/dags/weather_etl_v2.py
[2025-10-13T13:11:26.563+0000] {processor.py:840} INFO - DAG(s) 'weather_etl_v2' retrieved from /opt/airflow/dags/weather_etl_v2.py
[2025-10-13T13:11:26.619+0000] {logging_mixin.py:188} INFO - [2025-10-13T13:11:26.619+0000] {dag.py:3047} INFO - Sync 1 DAGs
[2025-10-13T13:11:26.664+0000] {logging_mixin.py:188} INFO - [2025-10-13T13:11:26.664+0000] {dag.py:3834} INFO - Setting next_dagrun for weather_etl_v2 to 2025-10-12 22:00:00+00:00, run_after=2025-10-13 22:00:00+00:00
[2025-10-13T13:11:26.719+0000] {processor.py:183} INFO - Processing /opt/airflow/dags/weather_etl_v2.py took 0.190 seconds
[2025-10-13T13:11:57.134+0000] {processor.py:161} INFO - Started process (PID=12394) to work on /opt/airflow/dags/weather_etl_v2.py
[2025-10-13T13:11:57.136+0000] {processor.py:830} INFO - Processing file /opt/airflow/dags/weather_etl_v2.py for tasks to queue
[2025-10-13T13:11:57.138+0000] {logging_mixin.py:188} INFO - [2025-10-13T13:11:57.137+0000] {dagbag.py:540} INFO - Filling up the DagBag from /opt/airflow/dags/weather_etl_v2.py
[2025-10-13T13:11:57.163+0000] {processor.py:840} INFO - DAG(s) 'weather_etl_v2' retrieved from /opt/airflow/dags/weather_etl_v2.py
[2025-10-13T13:11:57.237+0000] {logging_mixin.py:188} INFO - [2025-10-13T13:11:57.237+0000] {dag.py:3047} INFO - Sync 1 DAGs
[2025-10-13T13:11:57.286+0000] {logging_mixin.py:188} INFO - [2025-10-13T13:11:57.285+0000] {dag.py:3834} INFO - Setting next_dagrun for weather_etl_v2 to 2025-10-12 22:00:00+00:00, run_after=2025-10-13 22:00:00+00:00
[2025-10-13T13:11:57.346+0000] {processor.py:183} INFO - Processing /opt/airflow/dags/weather_etl_v2.py took 0.214 seconds
[2025-10-13T13:12:27.921+0000] {processor.py:161} INFO - Started process (PID=12409) to work on /opt/airflow/dags/weather_etl_v2.py
[2025-10-13T13:12:27.923+0000] {processor.py:830} INFO - Processing file /opt/airflow/dags/weather_etl_v2.py for tasks to queue
[2025-10-13T13:12:27.926+0000] {logging_mixin.py:188} INFO - [2025-10-13T13:12:27.925+0000] {dagbag.py:540} INFO - Filling up the DagBag from /opt/airflow/dags/weather_etl_v2.py
[2025-10-13T13:12:27.954+0000] {processor.py:840} INFO - DAG(s) 'weather_etl_v2' retrieved from /opt/airflow/dags/weather_etl_v2.py
[2025-10-13T13:12:28.014+0000] {logging_mixin.py:188} INFO - [2025-10-13T13:12:28.013+0000] {dag.py:3047} INFO - Sync 1 DAGs
[2025-10-13T13:12:28.057+0000] {logging_mixin.py:188} INFO - [2025-10-13T13:12:28.056+0000] {dag.py:3834} INFO - Setting next_dagrun for weather_etl_v2 to 2025-10-12 22:00:00+00:00, run_after=2025-10-13 22:00:00+00:00
[2025-10-13T13:12:28.109+0000] {processor.py:183} INFO - Processing /opt/airflow/dags/weather_etl_v2.py took 0.191 seconds
[2025-10-13T13:12:58.782+0000] {processor.py:161} INFO - Started process (PID=12424) to work on /opt/airflow/dags/weather_etl_v2.py
[2025-10-13T13:12:58.783+0000] {processor.py:830} INFO - Processing file /opt/airflow/dags/weather_etl_v2.py for tasks to queue
[2025-10-13T13:12:58.785+0000] {logging_mixin.py:188} INFO - [2025-10-13T13:12:58.785+0000] {dagbag.py:540} INFO - Filling up the DagBag from /opt/airflow/dags/weather_etl_v2.py
[2025-10-13T13:12:58.808+0000] {processor.py:840} INFO - DAG(s) 'weather_etl_v2' retrieved from /opt/airflow/dags/weather_etl_v2.py
[2025-10-13T13:12:58.860+0000] {logging_mixin.py:188} INFO - [2025-10-13T13:12:58.860+0000] {dag.py:3047} INFO - Sync 1 DAGs
[2025-10-13T13:12:58.903+0000] {logging_mixin.py:188} INFO - [2025-10-13T13:12:58.903+0000] {dag.py:3834} INFO - Setting next_dagrun for weather_etl_v2 to 2025-10-12 22:00:00+00:00, run_after=2025-10-13 22:00:00+00:00
[2025-10-13T13:12:58.954+0000] {processor.py:183} INFO - Processing /opt/airflow/dags/weather_etl_v2.py took 0.175 seconds
[2025-10-13T13:13:29.503+0000] {processor.py:161} INFO - Started process (PID=12439) to work on /opt/airflow/dags/weather_etl_v2.py
[2025-10-13T13:13:29.506+0000] {processor.py:830} INFO - Processing file /opt/airflow/dags/weather_etl_v2.py for tasks to queue
[2025-10-13T13:13:29.512+0000] {logging_mixin.py:188} INFO - [2025-10-13T13:13:29.509+0000] {dagbag.py:540} INFO - Filling up the DagBag from /opt/airflow/dags/weather_etl_v2.py
[2025-10-13T13:13:29.549+0000] {processor.py:840} INFO - DAG(s) 'weather_etl_v2' retrieved from /opt/airflow/dags/weather_etl_v2.py
[2025-10-13T13:13:29.612+0000] {logging_mixin.py:188} INFO - [2025-10-13T13:13:29.612+0000] {dag.py:3047} INFO - Sync 1 DAGs
[2025-10-13T13:13:29.662+0000] {logging_mixin.py:188} INFO - [2025-10-13T13:13:29.662+0000] {dag.py:3834} INFO - Setting next_dagrun for weather_etl_v2 to 2025-10-12 22:00:00+00:00, run_after=2025-10-13 22:00:00+00:00
[2025-10-13T13:13:29.717+0000] {processor.py:183} INFO - Processing /opt/airflow/dags/weather_etl_v2.py took 0.217 seconds
[2025-10-13T13:14:00.137+0000] {processor.py:161} INFO - Started process (PID=12454) to work on /opt/airflow/dags/weather_etl_v2.py
[2025-10-13T13:14:00.139+0000] {processor.py:830} INFO - Processing file /opt/airflow/dags/weather_etl_v2.py for tasks to queue
[2025-10-13T13:14:00.140+0000] {logging_mixin.py:188} INFO - [2025-10-13T13:14:00.140+0000] {dagbag.py:540} INFO - Filling up the DagBag from /opt/airflow/dags/weather_etl_v2.py
[2025-10-13T13:14:00.169+0000] {processor.py:840} INFO - DAG(s) 'weather_etl_v2' retrieved from /opt/airflow/dags/weather_etl_v2.py
[2025-10-13T13:14:00.256+0000] {logging_mixin.py:188} INFO - [2025-10-13T13:14:00.256+0000] {dag.py:3047} INFO - Sync 1 DAGs
[2025-10-13T13:14:00.309+0000] {logging_mixin.py:188} INFO - [2025-10-13T13:14:00.309+0000] {dag.py:3834} INFO - Setting next_dagrun for weather_etl_v2 to 2025-10-12 22:00:00+00:00, run_after=2025-10-13 22:00:00+00:00
[2025-10-13T13:14:00.372+0000] {processor.py:183} INFO - Processing /opt/airflow/dags/weather_etl_v2.py took 0.239 seconds
[2025-10-13T13:14:30.866+0000] {processor.py:161} INFO - Started process (PID=12469) to work on /opt/airflow/dags/weather_etl_v2.py
[2025-10-13T13:14:30.868+0000] {processor.py:830} INFO - Processing file /opt/airflow/dags/weather_etl_v2.py for tasks to queue
[2025-10-13T13:14:30.870+0000] {logging_mixin.py:188} INFO - [2025-10-13T13:14:30.869+0000] {dagbag.py:540} INFO - Filling up the DagBag from /opt/airflow/dags/weather_etl_v2.py
[2025-10-13T13:14:30.901+0000] {processor.py:840} INFO - DAG(s) 'weather_etl_v2' retrieved from /opt/airflow/dags/weather_etl_v2.py
[2025-10-13T13:14:30.966+0000] {logging_mixin.py:188} INFO - [2025-10-13T13:14:30.965+0000] {dag.py:3047} INFO - Sync 1 DAGs
[2025-10-13T13:14:31.014+0000] {logging_mixin.py:188} INFO - [2025-10-13T13:14:31.014+0000] {dag.py:3834} INFO - Setting next_dagrun for weather_etl_v2 to 2025-10-12 22:00:00+00:00, run_after=2025-10-13 22:00:00+00:00
[2025-10-13T13:14:31.076+0000] {processor.py:183} INFO - Processing /opt/airflow/dags/weather_etl_v2.py took 0.213 seconds
[2025-10-13T13:15:01.609+0000] {processor.py:161} INFO - Started process (PID=12484) to work on /opt/airflow/dags/weather_etl_v2.py
[2025-10-13T13:15:01.610+0000] {processor.py:830} INFO - Processing file /opt/airflow/dags/weather_etl_v2.py for tasks to queue
[2025-10-13T13:15:01.612+0000] {logging_mixin.py:188} INFO - [2025-10-13T13:15:01.611+0000] {dagbag.py:540} INFO - Filling up the DagBag from /opt/airflow/dags/weather_etl_v2.py
[2025-10-13T13:15:01.634+0000] {processor.py:840} INFO - DAG(s) 'weather_etl_v2' retrieved from /opt/airflow/dags/weather_etl_v2.py
[2025-10-13T13:15:01.697+0000] {logging_mixin.py:188} INFO - [2025-10-13T13:15:01.696+0000] {dag.py:3047} INFO - Sync 1 DAGs
[2025-10-13T13:15:01.734+0000] {logging_mixin.py:188} INFO - [2025-10-13T13:15:01.734+0000] {dag.py:3834} INFO - Setting next_dagrun for weather_etl_v2 to 2025-10-12 22:00:00+00:00, run_after=2025-10-13 22:00:00+00:00
[2025-10-13T13:15:01.789+0000] {processor.py:183} INFO - Processing /opt/airflow/dags/weather_etl_v2.py took 0.183 seconds
[2025-10-13T13:15:32.194+0000] {processor.py:161} INFO - Started process (PID=12499) to work on /opt/airflow/dags/weather_etl_v2.py
[2025-10-13T13:15:32.196+0000] {processor.py:830} INFO - Processing file /opt/airflow/dags/weather_etl_v2.py for tasks to queue
[2025-10-13T13:15:32.198+0000] {logging_mixin.py:188} INFO - [2025-10-13T13:15:32.197+0000] {dagbag.py:540} INFO - Filling up the DagBag from /opt/airflow/dags/weather_etl_v2.py
[2025-10-13T13:15:32.225+0000] {processor.py:840} INFO - DAG(s) 'weather_etl_v2' retrieved from /opt/airflow/dags/weather_etl_v2.py
[2025-10-13T13:15:32.283+0000] {logging_mixin.py:188} INFO - [2025-10-13T13:15:32.283+0000] {dag.py:3047} INFO - Sync 1 DAGs
[2025-10-13T13:15:32.331+0000] {logging_mixin.py:188} INFO - [2025-10-13T13:15:32.331+0000] {dag.py:3834} INFO - Setting next_dagrun for weather_etl_v2 to 2025-10-12 22:00:00+00:00, run_after=2025-10-13 22:00:00+00:00
[2025-10-13T13:15:32.385+0000] {processor.py:183} INFO - Processing /opt/airflow/dags/weather_etl_v2.py took 0.193 seconds
[2025-10-13T13:16:03.006+0000] {processor.py:161} INFO - Started process (PID=12514) to work on /opt/airflow/dags/weather_etl_v2.py
[2025-10-13T13:16:03.007+0000] {processor.py:830} INFO - Processing file /opt/airflow/dags/weather_etl_v2.py for tasks to queue
[2025-10-13T13:16:03.009+0000] {logging_mixin.py:188} INFO - [2025-10-13T13:16:03.008+0000] {dagbag.py:540} INFO - Filling up the DagBag from /opt/airflow/dags/weather_etl_v2.py
[2025-10-13T13:16:03.065+0000] {processor.py:840} INFO - DAG(s) 'weather_etl_v2' retrieved from /opt/airflow/dags/weather_etl_v2.py
[2025-10-13T13:16:03.136+0000] {logging_mixin.py:188} INFO - [2025-10-13T13:16:03.135+0000] {dag.py:3047} INFO - Sync 1 DAGs
[2025-10-13T13:16:03.181+0000] {logging_mixin.py:188} INFO - [2025-10-13T13:16:03.181+0000] {dag.py:3834} INFO - Setting next_dagrun for weather_etl_v2 to 2025-10-12 22:00:00+00:00, run_after=2025-10-13 22:00:00+00:00
[2025-10-13T13:16:03.236+0000] {processor.py:183} INFO - Processing /opt/airflow/dags/weather_etl_v2.py took 0.233 seconds
[2025-10-13T13:16:33.689+0000] {processor.py:161} INFO - Started process (PID=12529) to work on /opt/airflow/dags/weather_etl_v2.py
[2025-10-13T13:16:33.691+0000] {processor.py:830} INFO - Processing file /opt/airflow/dags/weather_etl_v2.py for tasks to queue
[2025-10-13T13:16:33.693+0000] {logging_mixin.py:188} INFO - [2025-10-13T13:16:33.692+0000] {dagbag.py:540} INFO - Filling up the DagBag from /opt/airflow/dags/weather_etl_v2.py
[2025-10-13T13:16:33.717+0000] {processor.py:840} INFO - DAG(s) 'weather_etl_v2' retrieved from /opt/airflow/dags/weather_etl_v2.py
[2025-10-13T13:16:33.775+0000] {logging_mixin.py:188} INFO - [2025-10-13T13:16:33.775+0000] {dag.py:3047} INFO - Sync 1 DAGs
[2025-10-13T13:16:33.819+0000] {logging_mixin.py:188} INFO - [2025-10-13T13:16:33.819+0000] {dag.py:3834} INFO - Setting next_dagrun for weather_etl_v2 to 2025-10-12 22:00:00+00:00, run_after=2025-10-13 22:00:00+00:00
[2025-10-13T13:16:33.875+0000] {processor.py:183} INFO - Processing /opt/airflow/dags/weather_etl_v2.py took 0.188 seconds
[2025-10-13T13:17:04.567+0000] {processor.py:161} INFO - Started process (PID=12544) to work on /opt/airflow/dags/weather_etl_v2.py
[2025-10-13T13:17:04.569+0000] {processor.py:830} INFO - Processing file /opt/airflow/dags/weather_etl_v2.py for tasks to queue
[2025-10-13T13:17:04.593+0000] {logging_mixin.py:188} INFO - [2025-10-13T13:17:04.592+0000] {dagbag.py:540} INFO - Filling up the DagBag from /opt/airflow/dags/weather_etl_v2.py
[2025-10-13T13:17:04.756+0000] {processor.py:840} INFO - DAG(s) 'weather_etl_v2' retrieved from /opt/airflow/dags/weather_etl_v2.py
[2025-10-13T13:17:04.901+0000] {logging_mixin.py:188} INFO - [2025-10-13T13:17:04.900+0000] {dag.py:3047} INFO - Sync 1 DAGs
[2025-10-13T13:17:05.005+0000] {logging_mixin.py:188} INFO - [2025-10-13T13:17:05.004+0000] {dag.py:3834} INFO - Setting next_dagrun for weather_etl_v2 to 2025-10-12 22:00:00+00:00, run_after=2025-10-13 22:00:00+00:00
[2025-10-13T13:17:05.072+0000] {processor.py:183} INFO - Processing /opt/airflow/dags/weather_etl_v2.py took 0.512 seconds
[2025-10-13T13:17:35.900+0000] {processor.py:161} INFO - Started process (PID=12559) to work on /opt/airflow/dags/weather_etl_v2.py
[2025-10-13T13:17:35.902+0000] {processor.py:830} INFO - Processing file /opt/airflow/dags/weather_etl_v2.py for tasks to queue
[2025-10-13T13:17:35.903+0000] {logging_mixin.py:188} INFO - [2025-10-13T13:17:35.903+0000] {dagbag.py:540} INFO - Filling up the DagBag from /opt/airflow/dags/weather_etl_v2.py
[2025-10-13T13:17:35.936+0000] {processor.py:840} INFO - DAG(s) 'weather_etl_v2' retrieved from /opt/airflow/dags/weather_etl_v2.py
[2025-10-13T13:17:36.008+0000] {logging_mixin.py:188} INFO - [2025-10-13T13:17:36.007+0000] {dag.py:3047} INFO - Sync 1 DAGs
[2025-10-13T13:17:36.058+0000] {logging_mixin.py:188} INFO - [2025-10-13T13:17:36.058+0000] {dag.py:3834} INFO - Setting next_dagrun for weather_etl_v2 to 2025-10-12 22:00:00+00:00, run_after=2025-10-13 22:00:00+00:00
[2025-10-13T13:17:36.109+0000] {processor.py:183} INFO - Processing /opt/airflow/dags/weather_etl_v2.py took 0.212 seconds
[2025-10-13T13:18:06.574+0000] {processor.py:161} INFO - Started process (PID=12574) to work on /opt/airflow/dags/weather_etl_v2.py
[2025-10-13T13:18:06.576+0000] {processor.py:830} INFO - Processing file /opt/airflow/dags/weather_etl_v2.py for tasks to queue
[2025-10-13T13:18:06.577+0000] {logging_mixin.py:188} INFO - [2025-10-13T13:18:06.577+0000] {dagbag.py:540} INFO - Filling up the DagBag from /opt/airflow/dags/weather_etl_v2.py
[2025-10-13T13:18:06.600+0000] {processor.py:840} INFO - DAG(s) 'weather_etl_v2' retrieved from /opt/airflow/dags/weather_etl_v2.py
[2025-10-13T13:18:06.679+0000] {logging_mixin.py:188} INFO - [2025-10-13T13:18:06.678+0000] {dag.py:3047} INFO - Sync 1 DAGs
[2025-10-13T13:18:06.730+0000] {logging_mixin.py:188} INFO - [2025-10-13T13:18:06.729+0000] {dag.py:3834} INFO - Setting next_dagrun for weather_etl_v2 to 2025-10-12 22:00:00+00:00, run_after=2025-10-13 22:00:00+00:00
[2025-10-13T13:18:06.780+0000] {processor.py:183} INFO - Processing /opt/airflow/dags/weather_etl_v2.py took 0.209 seconds
[2025-10-13T13:18:37.741+0000] {processor.py:161} INFO - Started process (PID=12589) to work on /opt/airflow/dags/weather_etl_v2.py
[2025-10-13T13:18:37.742+0000] {processor.py:830} INFO - Processing file /opt/airflow/dags/weather_etl_v2.py for tasks to queue
[2025-10-13T13:18:37.745+0000] {logging_mixin.py:188} INFO - [2025-10-13T13:18:37.744+0000] {dagbag.py:540} INFO - Filling up the DagBag from /opt/airflow/dags/weather_etl_v2.py
[2025-10-13T13:18:37.772+0000] {processor.py:840} INFO - DAG(s) 'weather_etl_v2' retrieved from /opt/airflow/dags/weather_etl_v2.py
[2025-10-13T13:18:37.834+0000] {logging_mixin.py:188} INFO - [2025-10-13T13:18:37.833+0000] {dag.py:3047} INFO - Sync 1 DAGs
[2025-10-13T13:18:37.877+0000] {logging_mixin.py:188} INFO - [2025-10-13T13:18:37.877+0000] {dag.py:3834} INFO - Setting next_dagrun for weather_etl_v2 to 2025-10-12 22:00:00+00:00, run_after=2025-10-13 22:00:00+00:00
[2025-10-13T13:18:37.931+0000] {processor.py:183} INFO - Processing /opt/airflow/dags/weather_etl_v2.py took 0.193 seconds
[2025-10-13T13:19:08.565+0000] {processor.py:161} INFO - Started process (PID=12604) to work on /opt/airflow/dags/weather_etl_v2.py
[2025-10-13T13:19:08.566+0000] {processor.py:830} INFO - Processing file /opt/airflow/dags/weather_etl_v2.py for tasks to queue
[2025-10-13T13:19:08.568+0000] {logging_mixin.py:188} INFO - [2025-10-13T13:19:08.567+0000] {dagbag.py:540} INFO - Filling up the DagBag from /opt/airflow/dags/weather_etl_v2.py
[2025-10-13T13:19:08.598+0000] {processor.py:840} INFO - DAG(s) 'weather_etl_v2' retrieved from /opt/airflow/dags/weather_etl_v2.py
[2025-10-13T13:19:08.663+0000] {logging_mixin.py:188} INFO - [2025-10-13T13:19:08.663+0000] {dag.py:3047} INFO - Sync 1 DAGs
[2025-10-13T13:19:08.707+0000] {logging_mixin.py:188} INFO - [2025-10-13T13:19:08.706+0000] {dag.py:3834} INFO - Setting next_dagrun for weather_etl_v2 to 2025-10-12 22:00:00+00:00, run_after=2025-10-13 22:00:00+00:00
[2025-10-13T13:19:08.756+0000] {processor.py:183} INFO - Processing /opt/airflow/dags/weather_etl_v2.py took 0.195 seconds
[2025-10-13T13:19:39.276+0000] {processor.py:161} INFO - Started process (PID=12619) to work on /opt/airflow/dags/weather_etl_v2.py
[2025-10-13T13:19:39.278+0000] {processor.py:830} INFO - Processing file /opt/airflow/dags/weather_etl_v2.py for tasks to queue
[2025-10-13T13:19:39.279+0000] {logging_mixin.py:188} INFO - [2025-10-13T13:19:39.279+0000] {dagbag.py:540} INFO - Filling up the DagBag from /opt/airflow/dags/weather_etl_v2.py
[2025-10-13T13:19:39.306+0000] {processor.py:840} INFO - DAG(s) 'weather_etl_v2' retrieved from /opt/airflow/dags/weather_etl_v2.py
[2025-10-13T13:19:39.363+0000] {logging_mixin.py:188} INFO - [2025-10-13T13:19:39.363+0000] {dag.py:3047} INFO - Sync 1 DAGs
[2025-10-13T13:19:39.405+0000] {logging_mixin.py:188} INFO - [2025-10-13T13:19:39.405+0000] {dag.py:3834} INFO - Setting next_dagrun for weather_etl_v2 to 2025-10-12 22:00:00+00:00, run_after=2025-10-13 22:00:00+00:00
[2025-10-13T13:19:39.462+0000] {processor.py:183} INFO - Processing /opt/airflow/dags/weather_etl_v2.py took 0.188 seconds
[2025-10-13T13:20:09.978+0000] {processor.py:161} INFO - Started process (PID=12634) to work on /opt/airflow/dags/weather_etl_v2.py
[2025-10-13T13:20:09.979+0000] {processor.py:830} INFO - Processing file /opt/airflow/dags/weather_etl_v2.py for tasks to queue
[2025-10-13T13:20:09.981+0000] {logging_mixin.py:188} INFO - [2025-10-13T13:20:09.981+0000] {dagbag.py:540} INFO - Filling up the DagBag from /opt/airflow/dags/weather_etl_v2.py
[2025-10-13T13:20:10.009+0000] {processor.py:840} INFO - DAG(s) 'weather_etl_v2' retrieved from /opt/airflow/dags/weather_etl_v2.py
[2025-10-13T13:20:10.079+0000] {logging_mixin.py:188} INFO - [2025-10-13T13:20:10.078+0000] {dag.py:3047} INFO - Sync 1 DAGs
[2025-10-13T13:20:10.124+0000] {logging_mixin.py:188} INFO - [2025-10-13T13:20:10.123+0000] {dag.py:3834} INFO - Setting next_dagrun for weather_etl_v2 to 2025-10-12 22:00:00+00:00, run_after=2025-10-13 22:00:00+00:00
[2025-10-13T13:20:10.176+0000] {processor.py:183} INFO - Processing /opt/airflow/dags/weather_etl_v2.py took 0.202 seconds
[2025-10-13T13:20:40.575+0000] {processor.py:161} INFO - Started process (PID=12649) to work on /opt/airflow/dags/weather_etl_v2.py
[2025-10-13T13:20:40.576+0000] {processor.py:830} INFO - Processing file /opt/airflow/dags/weather_etl_v2.py for tasks to queue
[2025-10-13T13:20:40.578+0000] {logging_mixin.py:188} INFO - [2025-10-13T13:20:40.577+0000] {dagbag.py:540} INFO - Filling up the DagBag from /opt/airflow/dags/weather_etl_v2.py
[2025-10-13T13:20:40.615+0000] {processor.py:840} INFO - DAG(s) 'weather_etl_v2' retrieved from /opt/airflow/dags/weather_etl_v2.py
[2025-10-13T13:20:40.668+0000] {logging_mixin.py:188} INFO - [2025-10-13T13:20:40.668+0000] {dag.py:3047} INFO - Sync 1 DAGs
[2025-10-13T13:20:40.708+0000] {logging_mixin.py:188} INFO - [2025-10-13T13:20:40.707+0000] {dag.py:3834} INFO - Setting next_dagrun for weather_etl_v2 to 2025-10-12 22:00:00+00:00, run_after=2025-10-13 22:00:00+00:00
[2025-10-13T13:20:40.757+0000] {processor.py:183} INFO - Processing /opt/airflow/dags/weather_etl_v2.py took 0.185 seconds
[2025-10-13T13:21:11.405+0000] {processor.py:161} INFO - Started process (PID=12664) to work on /opt/airflow/dags/weather_etl_v2.py
[2025-10-13T13:21:11.407+0000] {processor.py:830} INFO - Processing file /opt/airflow/dags/weather_etl_v2.py for tasks to queue
[2025-10-13T13:21:11.410+0000] {logging_mixin.py:188} INFO - [2025-10-13T13:21:11.409+0000] {dagbag.py:540} INFO - Filling up the DagBag from /opt/airflow/dags/weather_etl_v2.py
[2025-10-13T13:21:11.440+0000] {processor.py:840} INFO - DAG(s) 'weather_etl_v2' retrieved from /opt/airflow/dags/weather_etl_v2.py
[2025-10-13T13:21:11.505+0000] {logging_mixin.py:188} INFO - [2025-10-13T13:21:11.505+0000] {dag.py:3047} INFO - Sync 1 DAGs
[2025-10-13T13:21:11.548+0000] {logging_mixin.py:188} INFO - [2025-10-13T13:21:11.548+0000] {dag.py:3834} INFO - Setting next_dagrun for weather_etl_v2 to 2025-10-12 22:00:00+00:00, run_after=2025-10-13 22:00:00+00:00
[2025-10-13T13:21:11.600+0000] {processor.py:183} INFO - Processing /opt/airflow/dags/weather_etl_v2.py took 0.198 seconds
[2025-10-13T13:21:42.152+0000] {processor.py:161} INFO - Started process (PID=12679) to work on /opt/airflow/dags/weather_etl_v2.py
[2025-10-13T13:21:42.154+0000] {processor.py:830} INFO - Processing file /opt/airflow/dags/weather_etl_v2.py for tasks to queue
[2025-10-13T13:21:42.155+0000] {logging_mixin.py:188} INFO - [2025-10-13T13:21:42.155+0000] {dagbag.py:540} INFO - Filling up the DagBag from /opt/airflow/dags/weather_etl_v2.py
[2025-10-13T13:21:42.181+0000] {processor.py:840} INFO - DAG(s) 'weather_etl_v2' retrieved from /opt/airflow/dags/weather_etl_v2.py
[2025-10-13T13:21:42.245+0000] {logging_mixin.py:188} INFO - [2025-10-13T13:21:42.244+0000] {dag.py:3047} INFO - Sync 1 DAGs
[2025-10-13T13:21:42.291+0000] {logging_mixin.py:188} INFO - [2025-10-13T13:21:42.291+0000] {dag.py:3834} INFO - Setting next_dagrun for weather_etl_v2 to 2025-10-12 22:00:00+00:00, run_after=2025-10-13 22:00:00+00:00
[2025-10-13T13:21:42.342+0000] {processor.py:183} INFO - Processing /opt/airflow/dags/weather_etl_v2.py took 0.201 seconds
[2025-10-13T13:22:12.857+0000] {processor.py:161} INFO - Started process (PID=12694) to work on /opt/airflow/dags/weather_etl_v2.py
[2025-10-13T13:22:12.860+0000] {processor.py:830} INFO - Processing file /opt/airflow/dags/weather_etl_v2.py for tasks to queue
[2025-10-13T13:22:12.862+0000] {logging_mixin.py:188} INFO - [2025-10-13T13:22:12.861+0000] {dagbag.py:540} INFO - Filling up the DagBag from /opt/airflow/dags/weather_etl_v2.py
[2025-10-13T13:22:12.897+0000] {processor.py:840} INFO - DAG(s) 'weather_etl_v2' retrieved from /opt/airflow/dags/weather_etl_v2.py
[2025-10-13T13:22:12.963+0000] {logging_mixin.py:188} INFO - [2025-10-13T13:22:12.962+0000] {dag.py:3047} INFO - Sync 1 DAGs
[2025-10-13T13:22:13.010+0000] {logging_mixin.py:188} INFO - [2025-10-13T13:22:13.010+0000] {dag.py:3834} INFO - Setting next_dagrun for weather_etl_v2 to 2025-10-12 22:00:00+00:00, run_after=2025-10-13 22:00:00+00:00
[2025-10-13T13:22:13.068+0000] {processor.py:183} INFO - Processing /opt/airflow/dags/weather_etl_v2.py took 0.215 seconds
[2025-10-13T13:22:43.617+0000] {processor.py:161} INFO - Started process (PID=12709) to work on /opt/airflow/dags/weather_etl_v2.py
[2025-10-13T13:22:43.619+0000] {processor.py:830} INFO - Processing file /opt/airflow/dags/weather_etl_v2.py for tasks to queue
[2025-10-13T13:22:43.620+0000] {logging_mixin.py:188} INFO - [2025-10-13T13:22:43.620+0000] {dagbag.py:540} INFO - Filling up the DagBag from /opt/airflow/dags/weather_etl_v2.py
[2025-10-13T13:22:43.646+0000] {processor.py:840} INFO - DAG(s) 'weather_etl_v2' retrieved from /opt/airflow/dags/weather_etl_v2.py
[2025-10-13T13:22:43.721+0000] {logging_mixin.py:188} INFO - [2025-10-13T13:22:43.720+0000] {dag.py:3047} INFO - Sync 1 DAGs
[2025-10-13T13:22:43.764+0000] {logging_mixin.py:188} INFO - [2025-10-13T13:22:43.764+0000] {dag.py:3834} INFO - Setting next_dagrun for weather_etl_v2 to 2025-10-12 22:00:00+00:00, run_after=2025-10-13 22:00:00+00:00
[2025-10-13T13:22:43.819+0000] {processor.py:183} INFO - Processing /opt/airflow/dags/weather_etl_v2.py took 0.205 seconds
[2025-10-13T13:23:14.372+0000] {processor.py:161} INFO - Started process (PID=12724) to work on /opt/airflow/dags/weather_etl_v2.py
[2025-10-13T13:23:14.383+0000] {processor.py:830} INFO - Processing file /opt/airflow/dags/weather_etl_v2.py for tasks to queue
[2025-10-13T13:23:14.389+0000] {logging_mixin.py:188} INFO - [2025-10-13T13:23:14.388+0000] {dagbag.py:540} INFO - Filling up the DagBag from /opt/airflow/dags/weather_etl_v2.py
[2025-10-13T13:23:14.777+0000] {processor.py:840} INFO - DAG(s) 'weather_etl_v2' retrieved from /opt/airflow/dags/weather_etl_v2.py
[2025-10-13T13:23:15.345+0000] {logging_mixin.py:188} INFO - [2025-10-13T13:23:15.344+0000] {dag.py:3047} INFO - Sync 1 DAGs
[2025-10-13T13:23:15.438+0000] {logging_mixin.py:188} INFO - [2025-10-13T13:23:15.438+0000] {dag.py:3834} INFO - Setting next_dagrun for weather_etl_v2 to 2025-10-12 22:00:00+00:00, run_after=2025-10-13 22:00:00+00:00
[2025-10-13T13:23:15.565+0000] {processor.py:183} INFO - Processing /opt/airflow/dags/weather_etl_v2.py took 1.199 seconds
[2025-10-13T13:23:45.781+0000] {processor.py:161} INFO - Started process (PID=12739) to work on /opt/airflow/dags/weather_etl_v2.py
[2025-10-13T13:23:45.785+0000] {processor.py:830} INFO - Processing file /opt/airflow/dags/weather_etl_v2.py for tasks to queue
[2025-10-13T13:23:45.787+0000] {logging_mixin.py:188} INFO - [2025-10-13T13:23:45.787+0000] {dagbag.py:540} INFO - Filling up the DagBag from /opt/airflow/dags/weather_etl_v2.py
[2025-10-13T13:23:45.822+0000] {processor.py:840} INFO - DAG(s) 'weather_etl_v2' retrieved from /opt/airflow/dags/weather_etl_v2.py
[2025-10-13T13:23:45.894+0000] {logging_mixin.py:188} INFO - [2025-10-13T13:23:45.893+0000] {dag.py:3047} INFO - Sync 1 DAGs
[2025-10-13T13:23:45.943+0000] {logging_mixin.py:188} INFO - [2025-10-13T13:23:45.943+0000] {dag.py:3834} INFO - Setting next_dagrun for weather_etl_v2 to 2025-10-12 22:00:00+00:00, run_after=2025-10-13 22:00:00+00:00
[2025-10-13T13:23:46.007+0000] {processor.py:183} INFO - Processing /opt/airflow/dags/weather_etl_v2.py took 0.236 seconds
[2025-10-13T13:24:16.530+0000] {processor.py:161} INFO - Started process (PID=12754) to work on /opt/airflow/dags/weather_etl_v2.py
[2025-10-13T13:24:16.532+0000] {processor.py:830} INFO - Processing file /opt/airflow/dags/weather_etl_v2.py for tasks to queue
[2025-10-13T13:24:16.534+0000] {logging_mixin.py:188} INFO - [2025-10-13T13:24:16.533+0000] {dagbag.py:540} INFO - Filling up the DagBag from /opt/airflow/dags/weather_etl_v2.py
[2025-10-13T13:24:16.560+0000] {processor.py:840} INFO - DAG(s) 'weather_etl_v2' retrieved from /opt/airflow/dags/weather_etl_v2.py
[2025-10-13T13:24:16.616+0000] {logging_mixin.py:188} INFO - [2025-10-13T13:24:16.616+0000] {dag.py:3047} INFO - Sync 1 DAGs
[2025-10-13T13:24:16.662+0000] {logging_mixin.py:188} INFO - [2025-10-13T13:24:16.662+0000] {dag.py:3834} INFO - Setting next_dagrun for weather_etl_v2 to 2025-10-12 22:00:00+00:00, run_after=2025-10-13 22:00:00+00:00
[2025-10-13T13:24:16.713+0000] {processor.py:183} INFO - Processing /opt/airflow/dags/weather_etl_v2.py took 0.204 seconds
[2025-10-13T13:24:47.176+0000] {processor.py:161} INFO - Started process (PID=12769) to work on /opt/airflow/dags/weather_etl_v2.py
[2025-10-13T13:24:47.178+0000] {processor.py:830} INFO - Processing file /opt/airflow/dags/weather_etl_v2.py for tasks to queue
[2025-10-13T13:24:47.181+0000] {logging_mixin.py:188} INFO - [2025-10-13T13:24:47.180+0000] {dagbag.py:540} INFO - Filling up the DagBag from /opt/airflow/dags/weather_etl_v2.py
[2025-10-13T13:24:47.214+0000] {processor.py:840} INFO - DAG(s) 'weather_etl_v2' retrieved from /opt/airflow/dags/weather_etl_v2.py
[2025-10-13T13:24:47.275+0000] {logging_mixin.py:188} INFO - [2025-10-13T13:24:47.274+0000] {dag.py:3047} INFO - Sync 1 DAGs
[2025-10-13T13:24:47.321+0000] {logging_mixin.py:188} INFO - [2025-10-13T13:24:47.321+0000] {dag.py:3834} INFO - Setting next_dagrun for weather_etl_v2 to 2025-10-12 22:00:00+00:00, run_after=2025-10-13 22:00:00+00:00
[2025-10-13T13:24:47.388+0000] {processor.py:183} INFO - Processing /opt/airflow/dags/weather_etl_v2.py took 0.215 seconds
[2025-10-13T13:25:17.498+0000] {processor.py:161} INFO - Started process (PID=12784) to work on /opt/airflow/dags/weather_etl_v2.py
[2025-10-13T13:25:17.499+0000] {processor.py:830} INFO - Processing file /opt/airflow/dags/weather_etl_v2.py for tasks to queue
[2025-10-13T13:25:17.501+0000] {logging_mixin.py:188} INFO - [2025-10-13T13:25:17.501+0000] {dagbag.py:540} INFO - Filling up the DagBag from /opt/airflow/dags/weather_etl_v2.py
[2025-10-13T13:25:17.528+0000] {processor.py:840} INFO - DAG(s) 'weather_etl_v2' retrieved from /opt/airflow/dags/weather_etl_v2.py
[2025-10-13T13:25:17.590+0000] {logging_mixin.py:188} INFO - [2025-10-13T13:25:17.590+0000] {dag.py:3047} INFO - Sync 1 DAGs
[2025-10-13T13:25:17.633+0000] {logging_mixin.py:188} INFO - [2025-10-13T13:25:17.632+0000] {dag.py:3834} INFO - Setting next_dagrun for weather_etl_v2 to 2025-10-12 22:00:00+00:00, run_after=2025-10-13 22:00:00+00:00
[2025-10-13T13:25:17.685+0000] {processor.py:183} INFO - Processing /opt/airflow/dags/weather_etl_v2.py took 0.189 seconds
[2025-10-13T13:25:48.469+0000] {processor.py:161} INFO - Started process (PID=12799) to work on /opt/airflow/dags/weather_etl_v2.py
[2025-10-13T13:25:48.471+0000] {processor.py:830} INFO - Processing file /opt/airflow/dags/weather_etl_v2.py for tasks to queue
[2025-10-13T13:25:48.472+0000] {logging_mixin.py:188} INFO - [2025-10-13T13:25:48.472+0000] {dagbag.py:540} INFO - Filling up the DagBag from /opt/airflow/dags/weather_etl_v2.py
[2025-10-13T13:25:48.499+0000] {processor.py:840} INFO - DAG(s) 'weather_etl_v2' retrieved from /opt/airflow/dags/weather_etl_v2.py
[2025-10-13T13:25:48.557+0000] {logging_mixin.py:188} INFO - [2025-10-13T13:25:48.557+0000] {dag.py:3047} INFO - Sync 1 DAGs
[2025-10-13T13:25:48.603+0000] {logging_mixin.py:188} INFO - [2025-10-13T13:25:48.603+0000] {dag.py:3834} INFO - Setting next_dagrun for weather_etl_v2 to 2025-10-12 22:00:00+00:00, run_after=2025-10-13 22:00:00+00:00
[2025-10-13T13:25:48.663+0000] {processor.py:183} INFO - Processing /opt/airflow/dags/weather_etl_v2.py took 0.198 seconds
[2025-10-13T13:26:19.149+0000] {processor.py:161} INFO - Started process (PID=12814) to work on /opt/airflow/dags/weather_etl_v2.py
[2025-10-13T13:26:19.150+0000] {processor.py:830} INFO - Processing file /opt/airflow/dags/weather_etl_v2.py for tasks to queue
[2025-10-13T13:26:19.152+0000] {logging_mixin.py:188} INFO - [2025-10-13T13:26:19.152+0000] {dagbag.py:540} INFO - Filling up the DagBag from /opt/airflow/dags/weather_etl_v2.py
[2025-10-13T13:26:19.176+0000] {processor.py:840} INFO - DAG(s) 'weather_etl_v2' retrieved from /opt/airflow/dags/weather_etl_v2.py
[2025-10-13T13:26:19.232+0000] {logging_mixin.py:188} INFO - [2025-10-13T13:26:19.232+0000] {dag.py:3047} INFO - Sync 1 DAGs
[2025-10-13T13:26:19.274+0000] {logging_mixin.py:188} INFO - [2025-10-13T13:26:19.273+0000] {dag.py:3834} INFO - Setting next_dagrun for weather_etl_v2 to 2025-10-12 22:00:00+00:00, run_after=2025-10-13 22:00:00+00:00
[2025-10-13T13:26:19.329+0000] {processor.py:183} INFO - Processing /opt/airflow/dags/weather_etl_v2.py took 0.191 seconds
[2025-10-13T13:26:49.954+0000] {processor.py:161} INFO - Started process (PID=12829) to work on /opt/airflow/dags/weather_etl_v2.py
[2025-10-13T13:26:49.955+0000] {processor.py:830} INFO - Processing file /opt/airflow/dags/weather_etl_v2.py for tasks to queue
[2025-10-13T13:26:49.957+0000] {logging_mixin.py:188} INFO - [2025-10-13T13:26:49.956+0000] {dagbag.py:540} INFO - Filling up the DagBag from /opt/airflow/dags/weather_etl_v2.py
[2025-10-13T13:26:49.988+0000] {processor.py:840} INFO - DAG(s) 'weather_etl_v2' retrieved from /opt/airflow/dags/weather_etl_v2.py
[2025-10-13T13:26:50.053+0000] {logging_mixin.py:188} INFO - [2025-10-13T13:26:50.053+0000] {dag.py:3047} INFO - Sync 1 DAGs
[2025-10-13T13:26:50.101+0000] {logging_mixin.py:188} INFO - [2025-10-13T13:26:50.100+0000] {dag.py:3834} INFO - Setting next_dagrun for weather_etl_v2 to 2025-10-12 22:00:00+00:00, run_after=2025-10-13 22:00:00+00:00
[2025-10-13T13:26:50.165+0000] {processor.py:183} INFO - Processing /opt/airflow/dags/weather_etl_v2.py took 0.213 seconds
[2025-10-13T13:27:20.654+0000] {processor.py:161} INFO - Started process (PID=12844) to work on /opt/airflow/dags/weather_etl_v2.py
[2025-10-13T13:27:20.656+0000] {processor.py:830} INFO - Processing file /opt/airflow/dags/weather_etl_v2.py for tasks to queue
[2025-10-13T13:27:20.658+0000] {logging_mixin.py:188} INFO - [2025-10-13T13:27:20.657+0000] {dagbag.py:540} INFO - Filling up the DagBag from /opt/airflow/dags/weather_etl_v2.py
[2025-10-13T13:27:20.682+0000] {processor.py:840} INFO - DAG(s) 'weather_etl_v2' retrieved from /opt/airflow/dags/weather_etl_v2.py
[2025-10-13T13:27:20.739+0000] {logging_mixin.py:188} INFO - [2025-10-13T13:27:20.738+0000] {dag.py:3047} INFO - Sync 1 DAGs
[2025-10-13T13:27:20.781+0000] {logging_mixin.py:188} INFO - [2025-10-13T13:27:20.780+0000] {dag.py:3834} INFO - Setting next_dagrun for weather_etl_v2 to 2025-10-12 22:00:00+00:00, run_after=2025-10-13 22:00:00+00:00
[2025-10-13T13:27:20.835+0000] {processor.py:183} INFO - Processing /opt/airflow/dags/weather_etl_v2.py took 0.183 seconds
[2025-10-13T13:27:51.301+0000] {processor.py:161} INFO - Started process (PID=12859) to work on /opt/airflow/dags/weather_etl_v2.py
[2025-10-13T13:27:51.302+0000] {processor.py:830} INFO - Processing file /opt/airflow/dags/weather_etl_v2.py for tasks to queue
[2025-10-13T13:27:51.304+0000] {logging_mixin.py:188} INFO - [2025-10-13T13:27:51.303+0000] {dagbag.py:540} INFO - Filling up the DagBag from /opt/airflow/dags/weather_etl_v2.py
[2025-10-13T13:27:51.333+0000] {processor.py:840} INFO - DAG(s) 'weather_etl_v2' retrieved from /opt/airflow/dags/weather_etl_v2.py
[2025-10-13T13:27:51.398+0000] {logging_mixin.py:188} INFO - [2025-10-13T13:27:51.398+0000] {dag.py:3047} INFO - Sync 1 DAGs
[2025-10-13T13:27:51.448+0000] {logging_mixin.py:188} INFO - [2025-10-13T13:27:51.447+0000] {dag.py:3834} INFO - Setting next_dagrun for weather_etl_v2 to 2025-10-12 22:00:00+00:00, run_after=2025-10-13 22:00:00+00:00
[2025-10-13T13:27:51.500+0000] {processor.py:183} INFO - Processing /opt/airflow/dags/weather_etl_v2.py took 0.202 seconds
[2025-10-13T13:28:21.932+0000] {processor.py:161} INFO - Started process (PID=12874) to work on /opt/airflow/dags/weather_etl_v2.py
[2025-10-13T13:28:21.934+0000] {processor.py:830} INFO - Processing file /opt/airflow/dags/weather_etl_v2.py for tasks to queue
[2025-10-13T13:28:21.936+0000] {logging_mixin.py:188} INFO - [2025-10-13T13:28:21.935+0000] {dagbag.py:540} INFO - Filling up the DagBag from /opt/airflow/dags/weather_etl_v2.py
[2025-10-13T13:28:21.965+0000] {processor.py:840} INFO - DAG(s) 'weather_etl_v2' retrieved from /opt/airflow/dags/weather_etl_v2.py
[2025-10-13T13:28:22.030+0000] {logging_mixin.py:188} INFO - [2025-10-13T13:28:22.029+0000] {dag.py:3047} INFO - Sync 1 DAGs
[2025-10-13T13:28:22.075+0000] {logging_mixin.py:188} INFO - [2025-10-13T13:28:22.075+0000] {dag.py:3834} INFO - Setting next_dagrun for weather_etl_v2 to 2025-10-12 22:00:00+00:00, run_after=2025-10-13 22:00:00+00:00
[2025-10-13T13:28:22.135+0000] {processor.py:183} INFO - Processing /opt/airflow/dags/weather_etl_v2.py took 0.206 seconds
[2025-10-13T13:28:52.764+0000] {processor.py:161} INFO - Started process (PID=12889) to work on /opt/airflow/dags/weather_etl_v2.py
[2025-10-13T13:28:52.766+0000] {processor.py:830} INFO - Processing file /opt/airflow/dags/weather_etl_v2.py for tasks to queue
[2025-10-13T13:28:52.767+0000] {logging_mixin.py:188} INFO - [2025-10-13T13:28:52.767+0000] {dagbag.py:540} INFO - Filling up the DagBag from /opt/airflow/dags/weather_etl_v2.py
[2025-10-13T13:28:52.793+0000] {processor.py:840} INFO - DAG(s) 'weather_etl_v2' retrieved from /opt/airflow/dags/weather_etl_v2.py
[2025-10-13T13:28:52.849+0000] {logging_mixin.py:188} INFO - [2025-10-13T13:28:52.848+0000] {dag.py:3047} INFO - Sync 1 DAGs
[2025-10-13T13:28:52.888+0000] {logging_mixin.py:188} INFO - [2025-10-13T13:28:52.887+0000] {dag.py:3834} INFO - Setting next_dagrun for weather_etl_v2 to 2025-10-12 22:00:00+00:00, run_after=2025-10-13 22:00:00+00:00
[2025-10-13T13:28:52.937+0000] {processor.py:183} INFO - Processing /opt/airflow/dags/weather_etl_v2.py took 0.176 seconds
[2025-10-13T13:29:23.877+0000] {processor.py:161} INFO - Started process (PID=12904) to work on /opt/airflow/dags/weather_etl_v2.py
[2025-10-13T13:29:23.881+0000] {processor.py:830} INFO - Processing file /opt/airflow/dags/weather_etl_v2.py for tasks to queue
[2025-10-13T13:29:23.883+0000] {logging_mixin.py:188} INFO - [2025-10-13T13:29:23.883+0000] {dagbag.py:540} INFO - Filling up the DagBag from /opt/airflow/dags/weather_etl_v2.py
[2025-10-13T13:29:23.910+0000] {processor.py:840} INFO - DAG(s) 'weather_etl_v2' retrieved from /opt/airflow/dags/weather_etl_v2.py
[2025-10-13T13:29:23.971+0000] {logging_mixin.py:188} INFO - [2025-10-13T13:29:23.970+0000] {dag.py:3047} INFO - Sync 1 DAGs
[2025-10-13T13:29:24.013+0000] {logging_mixin.py:188} INFO - [2025-10-13T13:29:24.013+0000] {dag.py:3834} INFO - Setting next_dagrun for weather_etl_v2 to 2025-10-12 22:00:00+00:00, run_after=2025-10-13 22:00:00+00:00
[2025-10-13T13:29:24.067+0000] {processor.py:183} INFO - Processing /opt/airflow/dags/weather_etl_v2.py took 0.209 seconds
[2025-10-13T13:29:54.541+0000] {processor.py:161} INFO - Started process (PID=12919) to work on /opt/airflow/dags/weather_etl_v2.py
[2025-10-13T13:29:54.542+0000] {processor.py:830} INFO - Processing file /opt/airflow/dags/weather_etl_v2.py for tasks to queue
[2025-10-13T13:29:54.544+0000] {logging_mixin.py:188} INFO - [2025-10-13T13:29:54.543+0000] {dagbag.py:540} INFO - Filling up the DagBag from /opt/airflow/dags/weather_etl_v2.py
[2025-10-13T13:29:54.609+0000] {processor.py:840} INFO - DAG(s) 'weather_etl_v2' retrieved from /opt/airflow/dags/weather_etl_v2.py
[2025-10-13T13:29:55.016+0000] {logging_mixin.py:188} INFO - [2025-10-13T13:29:55.015+0000] {dag.py:3047} INFO - Sync 1 DAGs
[2025-10-13T13:29:55.207+0000] {logging_mixin.py:188} INFO - [2025-10-13T13:29:55.206+0000] {dag.py:3834} INFO - Setting next_dagrun for weather_etl_v2 to 2025-10-12 22:00:00+00:00, run_after=2025-10-13 22:00:00+00:00
[2025-10-13T13:29:55.373+0000] {processor.py:183} INFO - Processing /opt/airflow/dags/weather_etl_v2.py took 0.835 seconds
[2025-10-13T13:30:26.253+0000] {processor.py:161} INFO - Started process (PID=12934) to work on /opt/airflow/dags/weather_etl_v2.py
[2025-10-13T13:30:26.255+0000] {processor.py:830} INFO - Processing file /opt/airflow/dags/weather_etl_v2.py for tasks to queue
[2025-10-13T13:30:26.258+0000] {logging_mixin.py:188} INFO - [2025-10-13T13:30:26.257+0000] {dagbag.py:540} INFO - Filling up the DagBag from /opt/airflow/dags/weather_etl_v2.py
[2025-10-13T13:30:26.290+0000] {processor.py:840} INFO - DAG(s) 'weather_etl_v2' retrieved from /opt/airflow/dags/weather_etl_v2.py
[2025-10-13T13:30:26.361+0000] {logging_mixin.py:188} INFO - [2025-10-13T13:30:26.360+0000] {dag.py:3047} INFO - Sync 1 DAGs
[2025-10-13T13:30:26.410+0000] {logging_mixin.py:188} INFO - [2025-10-13T13:30:26.409+0000] {dag.py:3834} INFO - Setting next_dagrun for weather_etl_v2 to 2025-10-12 22:00:00+00:00, run_after=2025-10-13 22:00:00+00:00
[2025-10-13T13:30:26.466+0000] {processor.py:183} INFO - Processing /opt/airflow/dags/weather_etl_v2.py took 0.222 seconds
[2025-10-13T13:30:56.952+0000] {processor.py:161} INFO - Started process (PID=12949) to work on /opt/airflow/dags/weather_etl_v2.py
[2025-10-13T13:30:56.955+0000] {processor.py:830} INFO - Processing file /opt/airflow/dags/weather_etl_v2.py for tasks to queue
[2025-10-13T13:30:56.956+0000] {logging_mixin.py:188} INFO - [2025-10-13T13:30:56.956+0000] {dagbag.py:540} INFO - Filling up the DagBag from /opt/airflow/dags/weather_etl_v2.py
[2025-10-13T13:30:56.990+0000] {processor.py:840} INFO - DAG(s) 'weather_etl_v2' retrieved from /opt/airflow/dags/weather_etl_v2.py
[2025-10-13T13:30:57.067+0000] {logging_mixin.py:188} INFO - [2025-10-13T13:30:57.067+0000] {dag.py:3047} INFO - Sync 1 DAGs
[2025-10-13T13:30:57.122+0000] {logging_mixin.py:188} INFO - [2025-10-13T13:30:57.121+0000] {dag.py:3834} INFO - Setting next_dagrun for weather_etl_v2 to 2025-10-12 22:00:00+00:00, run_after=2025-10-13 22:00:00+00:00
[2025-10-13T13:30:57.182+0000] {processor.py:183} INFO - Processing /opt/airflow/dags/weather_etl_v2.py took 0.234 seconds
[2025-10-13T13:31:27.566+0000] {processor.py:161} INFO - Started process (PID=12964) to work on /opt/airflow/dags/weather_etl_v2.py
[2025-10-13T13:31:27.568+0000] {processor.py:830} INFO - Processing file /opt/airflow/dags/weather_etl_v2.py for tasks to queue
[2025-10-13T13:31:27.570+0000] {logging_mixin.py:188} INFO - [2025-10-13T13:31:27.569+0000] {dagbag.py:540} INFO - Filling up the DagBag from /opt/airflow/dags/weather_etl_v2.py
[2025-10-13T13:31:27.596+0000] {processor.py:840} INFO - DAG(s) 'weather_etl_v2' retrieved from /opt/airflow/dags/weather_etl_v2.py
[2025-10-13T13:31:27.658+0000] {logging_mixin.py:188} INFO - [2025-10-13T13:31:27.657+0000] {dag.py:3047} INFO - Sync 1 DAGs
[2025-10-13T13:31:27.703+0000] {logging_mixin.py:188} INFO - [2025-10-13T13:31:27.703+0000] {dag.py:3834} INFO - Setting next_dagrun for weather_etl_v2 to 2025-10-12 22:00:00+00:00, run_after=2025-10-13 22:00:00+00:00
[2025-10-13T13:31:27.754+0000] {processor.py:183} INFO - Processing /opt/airflow/dags/weather_etl_v2.py took 0.191 seconds
[2025-10-13T13:31:58.773+0000] {processor.py:161} INFO - Started process (PID=12979) to work on /opt/airflow/dags/weather_etl_v2.py
[2025-10-13T13:31:58.774+0000] {processor.py:830} INFO - Processing file /opt/airflow/dags/weather_etl_v2.py for tasks to queue
[2025-10-13T13:31:58.776+0000] {logging_mixin.py:188} INFO - [2025-10-13T13:31:58.775+0000] {dagbag.py:540} INFO - Filling up the DagBag from /opt/airflow/dags/weather_etl_v2.py
[2025-10-13T13:31:58.802+0000] {processor.py:840} INFO - DAG(s) 'weather_etl_v2' retrieved from /opt/airflow/dags/weather_etl_v2.py
[2025-10-13T13:31:58.863+0000] {logging_mixin.py:188} INFO - [2025-10-13T13:31:58.862+0000] {dag.py:3047} INFO - Sync 1 DAGs
[2025-10-13T13:31:58.909+0000] {logging_mixin.py:188} INFO - [2025-10-13T13:31:58.909+0000] {dag.py:3834} INFO - Setting next_dagrun for weather_etl_v2 to 2025-10-12 22:00:00+00:00, run_after=2025-10-13 22:00:00+00:00
[2025-10-13T13:31:58.961+0000] {processor.py:183} INFO - Processing /opt/airflow/dags/weather_etl_v2.py took 0.191 seconds
[2025-10-13T13:32:29.447+0000] {processor.py:161} INFO - Started process (PID=12994) to work on /opt/airflow/dags/weather_etl_v2.py
[2025-10-13T13:32:29.448+0000] {processor.py:830} INFO - Processing file /opt/airflow/dags/weather_etl_v2.py for tasks to queue
[2025-10-13T13:32:29.450+0000] {logging_mixin.py:188} INFO - [2025-10-13T13:32:29.449+0000] {dagbag.py:540} INFO - Filling up the DagBag from /opt/airflow/dags/weather_etl_v2.py
[2025-10-13T13:32:29.476+0000] {processor.py:840} INFO - DAG(s) 'weather_etl_v2' retrieved from /opt/airflow/dags/weather_etl_v2.py
[2025-10-13T13:32:29.535+0000] {logging_mixin.py:188} INFO - [2025-10-13T13:32:29.535+0000] {dag.py:3047} INFO - Sync 1 DAGs
[2025-10-13T13:32:29.578+0000] {logging_mixin.py:188} INFO - [2025-10-13T13:32:29.578+0000] {dag.py:3834} INFO - Setting next_dagrun for weather_etl_v2 to 2025-10-12 22:00:00+00:00, run_after=2025-10-13 22:00:00+00:00
[2025-10-13T13:32:29.634+0000] {processor.py:183} INFO - Processing /opt/airflow/dags/weather_etl_v2.py took 0.189 seconds
[2025-10-13T13:32:59.786+0000] {processor.py:161} INFO - Started process (PID=13009) to work on /opt/airflow/dags/weather_etl_v2.py
[2025-10-13T13:32:59.788+0000] {processor.py:830} INFO - Processing file /opt/airflow/dags/weather_etl_v2.py for tasks to queue
[2025-10-13T13:32:59.789+0000] {logging_mixin.py:188} INFO - [2025-10-13T13:32:59.789+0000] {dagbag.py:540} INFO - Filling up the DagBag from /opt/airflow/dags/weather_etl_v2.py
[2025-10-13T13:32:59.813+0000] {processor.py:840} INFO - DAG(s) 'weather_etl_v2' retrieved from /opt/airflow/dags/weather_etl_v2.py
[2025-10-13T13:32:59.870+0000] {logging_mixin.py:188} INFO - [2025-10-13T13:32:59.869+0000] {dag.py:3047} INFO - Sync 1 DAGs
[2025-10-13T13:32:59.910+0000] {logging_mixin.py:188} INFO - [2025-10-13T13:32:59.910+0000] {dag.py:3834} INFO - Setting next_dagrun for weather_etl_v2 to 2025-10-12 22:00:00+00:00, run_after=2025-10-13 22:00:00+00:00
[2025-10-13T13:32:59.962+0000] {processor.py:183} INFO - Processing /opt/airflow/dags/weather_etl_v2.py took 0.178 seconds
[2025-10-13T13:33:30.434+0000] {processor.py:161} INFO - Started process (PID=13024) to work on /opt/airflow/dags/weather_etl_v2.py
[2025-10-13T13:33:30.436+0000] {processor.py:830} INFO - Processing file /opt/airflow/dags/weather_etl_v2.py for tasks to queue
[2025-10-13T13:33:30.437+0000] {logging_mixin.py:188} INFO - [2025-10-13T13:33:30.437+0000] {dagbag.py:540} INFO - Filling up the DagBag from /opt/airflow/dags/weather_etl_v2.py
[2025-10-13T13:33:30.471+0000] {processor.py:840} INFO - DAG(s) 'weather_etl_v2' retrieved from /opt/airflow/dags/weather_etl_v2.py
[2025-10-13T13:33:30.536+0000] {logging_mixin.py:188} INFO - [2025-10-13T13:33:30.536+0000] {dag.py:3047} INFO - Sync 1 DAGs
[2025-10-13T13:33:30.578+0000] {logging_mixin.py:188} INFO - [2025-10-13T13:33:30.578+0000] {dag.py:3834} INFO - Setting next_dagrun for weather_etl_v2 to 2025-10-12 22:00:00+00:00, run_after=2025-10-13 22:00:00+00:00
[2025-10-13T13:33:30.632+0000] {processor.py:183} INFO - Processing /opt/airflow/dags/weather_etl_v2.py took 0.201 seconds
[2025-10-13T13:34:01.021+0000] {processor.py:161} INFO - Started process (PID=13039) to work on /opt/airflow/dags/weather_etl_v2.py
[2025-10-13T13:34:01.023+0000] {processor.py:830} INFO - Processing file /opt/airflow/dags/weather_etl_v2.py for tasks to queue
[2025-10-13T13:34:01.024+0000] {logging_mixin.py:188} INFO - [2025-10-13T13:34:01.024+0000] {dagbag.py:540} INFO - Filling up the DagBag from /opt/airflow/dags/weather_etl_v2.py
[2025-10-13T13:34:01.049+0000] {processor.py:840} INFO - DAG(s) 'weather_etl_v2' retrieved from /opt/airflow/dags/weather_etl_v2.py
[2025-10-13T13:34:01.107+0000] {logging_mixin.py:188} INFO - [2025-10-13T13:34:01.107+0000] {dag.py:3047} INFO - Sync 1 DAGs
[2025-10-13T13:34:01.147+0000] {logging_mixin.py:188} INFO - [2025-10-13T13:34:01.146+0000] {dag.py:3834} INFO - Setting next_dagrun for weather_etl_v2 to 2025-10-12 22:00:00+00:00, run_after=2025-10-13 22:00:00+00:00
[2025-10-13T13:34:01.201+0000] {processor.py:183} INFO - Processing /opt/airflow/dags/weather_etl_v2.py took 0.182 seconds
[2025-10-13T13:34:31.729+0000] {processor.py:161} INFO - Started process (PID=13054) to work on /opt/airflow/dags/weather_etl_v2.py
[2025-10-13T13:34:31.730+0000] {processor.py:830} INFO - Processing file /opt/airflow/dags/weather_etl_v2.py for tasks to queue
[2025-10-13T13:34:31.732+0000] {logging_mixin.py:188} INFO - [2025-10-13T13:34:31.731+0000] {dagbag.py:540} INFO - Filling up the DagBag from /opt/airflow/dags/weather_etl_v2.py
[2025-10-13T13:34:31.758+0000] {processor.py:840} INFO - DAG(s) 'weather_etl_v2' retrieved from /opt/airflow/dags/weather_etl_v2.py
[2025-10-13T13:34:31.813+0000] {logging_mixin.py:188} INFO - [2025-10-13T13:34:31.812+0000] {dag.py:3047} INFO - Sync 1 DAGs
[2025-10-13T13:34:31.854+0000] {logging_mixin.py:188} INFO - [2025-10-13T13:34:31.854+0000] {dag.py:3834} INFO - Setting next_dagrun for weather_etl_v2 to 2025-10-12 22:00:00+00:00, run_after=2025-10-13 22:00:00+00:00
[2025-10-13T13:34:31.905+0000] {processor.py:183} INFO - Processing /opt/airflow/dags/weather_etl_v2.py took 0.178 seconds
[2025-10-13T13:35:02.356+0000] {processor.py:161} INFO - Started process (PID=13069) to work on /opt/airflow/dags/weather_etl_v2.py
[2025-10-13T13:35:02.357+0000] {processor.py:830} INFO - Processing file /opt/airflow/dags/weather_etl_v2.py for tasks to queue
[2025-10-13T13:35:02.359+0000] {logging_mixin.py:188} INFO - [2025-10-13T13:35:02.358+0000] {dagbag.py:540} INFO - Filling up the DagBag from /opt/airflow/dags/weather_etl_v2.py
[2025-10-13T13:35:02.384+0000] {processor.py:840} INFO - DAG(s) 'weather_etl_v2' retrieved from /opt/airflow/dags/weather_etl_v2.py
[2025-10-13T13:35:02.437+0000] {logging_mixin.py:188} INFO - [2025-10-13T13:35:02.437+0000] {dag.py:3047} INFO - Sync 1 DAGs
[2025-10-13T13:35:02.479+0000] {logging_mixin.py:188} INFO - [2025-10-13T13:35:02.479+0000] {dag.py:3834} INFO - Setting next_dagrun for weather_etl_v2 to 2025-10-12 22:00:00+00:00, run_after=2025-10-13 22:00:00+00:00
[2025-10-13T13:35:02.531+0000] {processor.py:183} INFO - Processing /opt/airflow/dags/weather_etl_v2.py took 0.178 seconds
[2025-10-13T13:35:32.977+0000] {processor.py:161} INFO - Started process (PID=13084) to work on /opt/airflow/dags/weather_etl_v2.py
[2025-10-13T13:35:32.978+0000] {processor.py:830} INFO - Processing file /opt/airflow/dags/weather_etl_v2.py for tasks to queue
[2025-10-13T13:35:32.980+0000] {logging_mixin.py:188} INFO - [2025-10-13T13:35:32.980+0000] {dagbag.py:540} INFO - Filling up the DagBag from /opt/airflow/dags/weather_etl_v2.py
[2025-10-13T13:35:33.008+0000] {processor.py:840} INFO - DAG(s) 'weather_etl_v2' retrieved from /opt/airflow/dags/weather_etl_v2.py
[2025-10-13T13:35:33.072+0000] {logging_mixin.py:188} INFO - [2025-10-13T13:35:33.072+0000] {dag.py:3047} INFO - Sync 1 DAGs
[2025-10-13T13:35:33.120+0000] {logging_mixin.py:188} INFO - [2025-10-13T13:35:33.120+0000] {dag.py:3834} INFO - Setting next_dagrun for weather_etl_v2 to 2025-10-12 22:00:00+00:00, run_after=2025-10-13 22:00:00+00:00
[2025-10-13T13:35:33.182+0000] {processor.py:183} INFO - Processing /opt/airflow/dags/weather_etl_v2.py took 0.209 seconds
[2025-10-13T13:36:03.676+0000] {processor.py:161} INFO - Started process (PID=13099) to work on /opt/airflow/dags/weather_etl_v2.py
[2025-10-13T13:36:03.677+0000] {processor.py:830} INFO - Processing file /opt/airflow/dags/weather_etl_v2.py for tasks to queue
[2025-10-13T13:36:03.679+0000] {logging_mixin.py:188} INFO - [2025-10-13T13:36:03.679+0000] {dagbag.py:540} INFO - Filling up the DagBag from /opt/airflow/dags/weather_etl_v2.py
[2025-10-13T13:36:03.703+0000] {processor.py:840} INFO - DAG(s) 'weather_etl_v2' retrieved from /opt/airflow/dags/weather_etl_v2.py
[2025-10-13T13:36:03.769+0000] {logging_mixin.py:188} INFO - [2025-10-13T13:36:03.769+0000] {dag.py:3047} INFO - Sync 1 DAGs
[2025-10-13T13:36:03.813+0000] {logging_mixin.py:188} INFO - [2025-10-13T13:36:03.813+0000] {dag.py:3834} INFO - Setting next_dagrun for weather_etl_v2 to 2025-10-12 22:00:00+00:00, run_after=2025-10-13 22:00:00+00:00
[2025-10-13T13:36:03.866+0000] {processor.py:183} INFO - Processing /opt/airflow/dags/weather_etl_v2.py took 0.193 seconds
[2025-10-13T13:36:34.283+0000] {processor.py:161} INFO - Started process (PID=13114) to work on /opt/airflow/dags/weather_etl_v2.py
[2025-10-13T13:36:34.284+0000] {processor.py:830} INFO - Processing file /opt/airflow/dags/weather_etl_v2.py for tasks to queue
[2025-10-13T13:36:34.287+0000] {logging_mixin.py:188} INFO - [2025-10-13T13:36:34.286+0000] {dagbag.py:540} INFO - Filling up the DagBag from /opt/airflow/dags/weather_etl_v2.py
[2025-10-13T13:36:34.316+0000] {processor.py:840} INFO - DAG(s) 'weather_etl_v2' retrieved from /opt/airflow/dags/weather_etl_v2.py
[2025-10-13T13:36:34.382+0000] {logging_mixin.py:188} INFO - [2025-10-13T13:36:34.381+0000] {dag.py:3047} INFO - Sync 1 DAGs
[2025-10-13T13:36:34.426+0000] {logging_mixin.py:188} INFO - [2025-10-13T13:36:34.426+0000] {dag.py:3834} INFO - Setting next_dagrun for weather_etl_v2 to 2025-10-12 22:00:00+00:00, run_after=2025-10-13 22:00:00+00:00
[2025-10-13T13:36:34.483+0000] {processor.py:183} INFO - Processing /opt/airflow/dags/weather_etl_v2.py took 0.203 seconds
[2025-10-13T13:37:04.852+0000] {processor.py:161} INFO - Started process (PID=13129) to work on /opt/airflow/dags/weather_etl_v2.py
[2025-10-13T13:37:04.853+0000] {processor.py:830} INFO - Processing file /opt/airflow/dags/weather_etl_v2.py for tasks to queue
[2025-10-13T13:37:04.855+0000] {logging_mixin.py:188} INFO - [2025-10-13T13:37:04.854+0000] {dagbag.py:540} INFO - Filling up the DagBag from /opt/airflow/dags/weather_etl_v2.py
[2025-10-13T13:37:04.944+0000] {processor.py:840} INFO - DAG(s) 'weather_etl_v2' retrieved from /opt/airflow/dags/weather_etl_v2.py
[2025-10-13T13:37:05.257+0000] {logging_mixin.py:188} INFO - [2025-10-13T13:37:05.257+0000] {dag.py:3047} INFO - Sync 1 DAGs
[2025-10-13T13:37:05.425+0000] {logging_mixin.py:188} INFO - [2025-10-13T13:37:05.425+0000] {dag.py:3834} INFO - Setting next_dagrun for weather_etl_v2 to 2025-10-12 22:00:00+00:00, run_after=2025-10-13 22:00:00+00:00
[2025-10-13T13:37:05.611+0000] {processor.py:183} INFO - Processing /opt/airflow/dags/weather_etl_v2.py took 0.767 seconds
[2025-10-13T13:37:36.449+0000] {processor.py:161} INFO - Started process (PID=13144) to work on /opt/airflow/dags/weather_etl_v2.py
[2025-10-13T13:37:36.451+0000] {processor.py:830} INFO - Processing file /opt/airflow/dags/weather_etl_v2.py for tasks to queue
[2025-10-13T13:37:36.454+0000] {logging_mixin.py:188} INFO - [2025-10-13T13:37:36.453+0000] {dagbag.py:540} INFO - Filling up the DagBag from /opt/airflow/dags/weather_etl_v2.py
[2025-10-13T13:37:36.483+0000] {processor.py:840} INFO - DAG(s) 'weather_etl_v2' retrieved from /opt/airflow/dags/weather_etl_v2.py
[2025-10-13T13:37:36.546+0000] {logging_mixin.py:188} INFO - [2025-10-13T13:37:36.545+0000] {dag.py:3047} INFO - Sync 1 DAGs
[2025-10-13T13:37:36.594+0000] {logging_mixin.py:188} INFO - [2025-10-13T13:37:36.594+0000] {dag.py:3834} INFO - Setting next_dagrun for weather_etl_v2 to 2025-10-12 22:00:00+00:00, run_after=2025-10-13 22:00:00+00:00
[2025-10-13T13:37:36.660+0000] {processor.py:183} INFO - Processing /opt/airflow/dags/weather_etl_v2.py took 0.215 seconds
[2025-10-13T13:38:07.221+0000] {processor.py:161} INFO - Started process (PID=13159) to work on /opt/airflow/dags/weather_etl_v2.py
[2025-10-13T13:38:07.223+0000] {processor.py:830} INFO - Processing file /opt/airflow/dags/weather_etl_v2.py for tasks to queue
[2025-10-13T13:38:07.225+0000] {logging_mixin.py:188} INFO - [2025-10-13T13:38:07.224+0000] {dagbag.py:540} INFO - Filling up the DagBag from /opt/airflow/dags/weather_etl_v2.py
[2025-10-13T13:38:07.261+0000] {processor.py:840} INFO - DAG(s) 'weather_etl_v2' retrieved from /opt/airflow/dags/weather_etl_v2.py
[2025-10-13T13:38:07.328+0000] {logging_mixin.py:188} INFO - [2025-10-13T13:38:07.327+0000] {dag.py:3047} INFO - Sync 1 DAGs
[2025-10-13T13:38:07.379+0000] {logging_mixin.py:188} INFO - [2025-10-13T13:38:07.379+0000] {dag.py:3834} INFO - Setting next_dagrun for weather_etl_v2 to 2025-10-12 22:00:00+00:00, run_after=2025-10-13 22:00:00+00:00
[2025-10-13T13:38:07.441+0000] {processor.py:183} INFO - Processing /opt/airflow/dags/weather_etl_v2.py took 0.223 seconds
[2025-10-13T13:38:38.040+0000] {processor.py:161} INFO - Started process (PID=13174) to work on /opt/airflow/dags/weather_etl_v2.py
[2025-10-13T13:38:38.061+0000] {processor.py:830} INFO - Processing file /opt/airflow/dags/weather_etl_v2.py for tasks to queue
[2025-10-13T13:38:38.067+0000] {logging_mixin.py:188} INFO - [2025-10-13T13:38:38.064+0000] {dagbag.py:540} INFO - Filling up the DagBag from /opt/airflow/dags/weather_etl_v2.py
[2025-10-13T13:38:38.144+0000] {processor.py:840} INFO - DAG(s) 'weather_etl_v2' retrieved from /opt/airflow/dags/weather_etl_v2.py
[2025-10-13T13:38:38.245+0000] {logging_mixin.py:188} INFO - [2025-10-13T13:38:38.244+0000] {dag.py:3047} INFO - Sync 1 DAGs
[2025-10-13T13:38:38.516+0000] {logging_mixin.py:188} INFO - [2025-10-13T13:38:38.515+0000] {dag.py:3834} INFO - Setting next_dagrun for weather_etl_v2 to 2025-10-12 22:00:00+00:00, run_after=2025-10-13 22:00:00+00:00
[2025-10-13T13:38:39.471+0000] {processor.py:183} INFO - Processing /opt/airflow/dags/weather_etl_v2.py took 1.438 seconds
[2025-10-13T13:39:13.050+0000] {processor.py:161} INFO - Started process (PID=13189) to work on /opt/airflow/dags/weather_etl_v2.py
[2025-10-13T13:39:13.753+0000] {processor.py:830} INFO - Processing file /opt/airflow/dags/weather_etl_v2.py for tasks to queue
[2025-10-13T13:39:13.755+0000] {logging_mixin.py:188} INFO - [2025-10-13T13:39:13.755+0000] {dagbag.py:540} INFO - Filling up the DagBag from /opt/airflow/dags/weather_etl_v2.py
[2025-10-13T13:39:13.922+0000] {processor.py:840} INFO - DAG(s) 'weather_etl_v2' retrieved from /opt/airflow/dags/weather_etl_v2.py
[2025-10-13T13:39:14.449+0000] {logging_mixin.py:188} INFO - [2025-10-13T13:39:14.449+0000] {dag.py:3047} INFO - Sync 1 DAGs
[2025-10-13T13:39:14.531+0000] {logging_mixin.py:188} INFO - [2025-10-13T13:39:14.531+0000] {dag.py:3834} INFO - Setting next_dagrun for weather_etl_v2 to 2025-10-12 22:00:00+00:00, run_after=2025-10-13 22:00:00+00:00
[2025-10-13T13:39:15.095+0000] {processor.py:183} INFO - Processing /opt/airflow/dags/weather_etl_v2.py took 3.424 seconds
[2025-10-13T13:39:46.230+0000] {processor.py:161} INFO - Started process (PID=13204) to work on /opt/airflow/dags/weather_etl_v2.py
[2025-10-13T13:39:46.232+0000] {processor.py:830} INFO - Processing file /opt/airflow/dags/weather_etl_v2.py for tasks to queue
[2025-10-13T13:39:46.235+0000] {logging_mixin.py:188} INFO - [2025-10-13T13:39:46.234+0000] {dagbag.py:540} INFO - Filling up the DagBag from /opt/airflow/dags/weather_etl_v2.py
[2025-10-13T13:39:46.274+0000] {processor.py:840} INFO - DAG(s) 'weather_etl_v2' retrieved from /opt/airflow/dags/weather_etl_v2.py
[2025-10-13T13:39:46.370+0000] {logging_mixin.py:188} INFO - [2025-10-13T13:39:46.370+0000] {dag.py:3047} INFO - Sync 1 DAGs
[2025-10-13T13:39:46.443+0000] {logging_mixin.py:188} INFO - [2025-10-13T13:39:46.443+0000] {dag.py:3834} INFO - Setting next_dagrun for weather_etl_v2 to 2025-10-12 22:00:00+00:00, run_after=2025-10-13 22:00:00+00:00
[2025-10-13T13:39:46.522+0000] {processor.py:183} INFO - Processing /opt/airflow/dags/weather_etl_v2.py took 0.297 seconds
[2025-10-13T13:40:17.115+0000] {processor.py:161} INFO - Started process (PID=13219) to work on /opt/airflow/dags/weather_etl_v2.py
[2025-10-13T13:40:17.117+0000] {processor.py:830} INFO - Processing file /opt/airflow/dags/weather_etl_v2.py for tasks to queue
[2025-10-13T13:40:17.120+0000] {logging_mixin.py:188} INFO - [2025-10-13T13:40:17.119+0000] {dagbag.py:540} INFO - Filling up the DagBag from /opt/airflow/dags/weather_etl_v2.py
[2025-10-13T13:40:17.160+0000] {processor.py:840} INFO - DAG(s) 'weather_etl_v2' retrieved from /opt/airflow/dags/weather_etl_v2.py
[2025-10-13T13:40:17.358+0000] {logging_mixin.py:188} INFO - [2025-10-13T13:40:17.357+0000] {dag.py:3047} INFO - Sync 1 DAGs
[2025-10-13T13:40:17.505+0000] {logging_mixin.py:188} INFO - [2025-10-13T13:40:17.505+0000] {dag.py:3834} INFO - Setting next_dagrun for weather_etl_v2 to 2025-10-12 22:00:00+00:00, run_after=2025-10-13 22:00:00+00:00
[2025-10-13T13:40:17.608+0000] {processor.py:183} INFO - Processing /opt/airflow/dags/weather_etl_v2.py took 0.499 seconds
[2025-10-13T13:40:48.714+0000] {processor.py:161} INFO - Started process (PID=13234) to work on /opt/airflow/dags/weather_etl_v2.py
[2025-10-13T13:40:48.717+0000] {processor.py:830} INFO - Processing file /opt/airflow/dags/weather_etl_v2.py for tasks to queue
[2025-10-13T13:40:48.721+0000] {logging_mixin.py:188} INFO - [2025-10-13T13:40:48.720+0000] {dagbag.py:540} INFO - Filling up the DagBag from /opt/airflow/dags/weather_etl_v2.py
[2025-10-13T13:40:48.769+0000] {processor.py:840} INFO - DAG(s) 'weather_etl_v2' retrieved from /opt/airflow/dags/weather_etl_v2.py
[2025-10-13T13:40:48.881+0000] {logging_mixin.py:188} INFO - [2025-10-13T13:40:48.880+0000] {dag.py:3047} INFO - Sync 1 DAGs
[2025-10-13T13:40:48.945+0000] {logging_mixin.py:188} INFO - [2025-10-13T13:40:48.944+0000] {dag.py:3834} INFO - Setting next_dagrun for weather_etl_v2 to 2025-10-12 22:00:00+00:00, run_after=2025-10-13 22:00:00+00:00
[2025-10-13T13:40:49.020+0000] {processor.py:183} INFO - Processing /opt/airflow/dags/weather_etl_v2.py took 0.325 seconds
[2025-10-13T13:41:19.626+0000] {processor.py:161} INFO - Started process (PID=13249) to work on /opt/airflow/dags/weather_etl_v2.py
[2025-10-13T13:41:19.628+0000] {processor.py:830} INFO - Processing file /opt/airflow/dags/weather_etl_v2.py for tasks to queue
[2025-10-13T13:41:19.629+0000] {logging_mixin.py:188} INFO - [2025-10-13T13:41:19.629+0000] {dagbag.py:540} INFO - Filling up the DagBag from /opt/airflow/dags/weather_etl_v2.py
[2025-10-13T13:41:19.660+0000] {processor.py:840} INFO - DAG(s) 'weather_etl_v2' retrieved from /opt/airflow/dags/weather_etl_v2.py
[2025-10-13T13:41:19.741+0000] {logging_mixin.py:188} INFO - [2025-10-13T13:41:19.740+0000] {dag.py:3047} INFO - Sync 1 DAGs
[2025-10-13T13:41:19.798+0000] {logging_mixin.py:188} INFO - [2025-10-13T13:41:19.797+0000] {dag.py:3834} INFO - Setting next_dagrun for weather_etl_v2 to 2025-10-12 22:00:00+00:00, run_after=2025-10-13 22:00:00+00:00
[2025-10-13T13:41:19.859+0000] {processor.py:183} INFO - Processing /opt/airflow/dags/weather_etl_v2.py took 0.237 seconds
[2025-10-13T13:41:50.486+0000] {processor.py:161} INFO - Started process (PID=13264) to work on /opt/airflow/dags/weather_etl_v2.py
[2025-10-13T13:41:50.489+0000] {processor.py:830} INFO - Processing file /opt/airflow/dags/weather_etl_v2.py for tasks to queue
[2025-10-13T13:41:50.492+0000] {logging_mixin.py:188} INFO - [2025-10-13T13:41:50.491+0000] {dagbag.py:540} INFO - Filling up the DagBag from /opt/airflow/dags/weather_etl_v2.py
[2025-10-13T13:41:50.570+0000] {processor.py:840} INFO - DAG(s) 'weather_etl_v2' retrieved from /opt/airflow/dags/weather_etl_v2.py
[2025-10-13T13:41:50.677+0000] {logging_mixin.py:188} INFO - [2025-10-13T13:41:50.677+0000] {dag.py:3047} INFO - Sync 1 DAGs
[2025-10-13T13:41:50.831+0000] {logging_mixin.py:188} INFO - [2025-10-13T13:41:50.831+0000] {dag.py:3834} INFO - Setting next_dagrun for weather_etl_v2 to 2025-10-12 22:00:00+00:00, run_after=2025-10-13 22:00:00+00:00
[2025-10-13T13:41:51.003+0000] {processor.py:183} INFO - Processing /opt/airflow/dags/weather_etl_v2.py took 0.524 seconds
[2025-10-13T13:42:21.993+0000] {processor.py:161} INFO - Started process (PID=13279) to work on /opt/airflow/dags/weather_etl_v2.py
[2025-10-13T13:42:21.995+0000] {processor.py:830} INFO - Processing file /opt/airflow/dags/weather_etl_v2.py for tasks to queue
[2025-10-13T13:42:21.998+0000] {logging_mixin.py:188} INFO - [2025-10-13T13:42:21.997+0000] {dagbag.py:540} INFO - Filling up the DagBag from /opt/airflow/dags/weather_etl_v2.py
[2025-10-13T13:42:22.045+0000] {processor.py:840} INFO - DAG(s) 'weather_etl_v2' retrieved from /opt/airflow/dags/weather_etl_v2.py
[2025-10-13T13:42:22.144+0000] {logging_mixin.py:188} INFO - [2025-10-13T13:42:22.143+0000] {dag.py:3047} INFO - Sync 1 DAGs
[2025-10-13T13:42:22.215+0000] {logging_mixin.py:188} INFO - [2025-10-13T13:42:22.214+0000] {dag.py:3834} INFO - Setting next_dagrun for weather_etl_v2 to 2025-10-12 22:00:00+00:00, run_after=2025-10-13 22:00:00+00:00
[2025-10-13T13:42:22.289+0000] {processor.py:183} INFO - Processing /opt/airflow/dags/weather_etl_v2.py took 0.302 seconds
[2025-10-13T13:42:53.171+0000] {processor.py:161} INFO - Started process (PID=13294) to work on /opt/airflow/dags/weather_etl_v2.py
[2025-10-13T13:42:53.173+0000] {processor.py:830} INFO - Processing file /opt/airflow/dags/weather_etl_v2.py for tasks to queue
[2025-10-13T13:42:53.175+0000] {logging_mixin.py:188} INFO - [2025-10-13T13:42:53.175+0000] {dagbag.py:540} INFO - Filling up the DagBag from /opt/airflow/dags/weather_etl_v2.py
[2025-10-13T13:42:53.220+0000] {processor.py:840} INFO - DAG(s) 'weather_etl_v2' retrieved from /opt/airflow/dags/weather_etl_v2.py
[2025-10-13T13:42:53.312+0000] {logging_mixin.py:188} INFO - [2025-10-13T13:42:53.311+0000] {dag.py:3047} INFO - Sync 1 DAGs
[2025-10-13T13:42:53.380+0000] {logging_mixin.py:188} INFO - [2025-10-13T13:42:53.379+0000] {dag.py:3834} INFO - Setting next_dagrun for weather_etl_v2 to 2025-10-12 22:00:00+00:00, run_after=2025-10-13 22:00:00+00:00
[2025-10-13T13:42:53.451+0000] {processor.py:183} INFO - Processing /opt/airflow/dags/weather_etl_v2.py took 0.286 seconds
[2025-10-13T13:43:24.006+0000] {processor.py:161} INFO - Started process (PID=13309) to work on /opt/airflow/dags/weather_etl_v2.py
[2025-10-13T13:43:24.016+0000] {processor.py:830} INFO - Processing file /opt/airflow/dags/weather_etl_v2.py for tasks to queue
[2025-10-13T13:43:24.020+0000] {logging_mixin.py:188} INFO - [2025-10-13T13:43:24.018+0000] {dagbag.py:540} INFO - Filling up the DagBag from /opt/airflow/dags/weather_etl_v2.py
[2025-10-13T13:43:24.089+0000] {processor.py:840} INFO - DAG(s) 'weather_etl_v2' retrieved from /opt/airflow/dags/weather_etl_v2.py
[2025-10-13T13:43:24.170+0000] {logging_mixin.py:188} INFO - [2025-10-13T13:43:24.169+0000] {dag.py:3047} INFO - Sync 1 DAGs
[2025-10-13T13:43:24.235+0000] {logging_mixin.py:188} INFO - [2025-10-13T13:43:24.234+0000] {dag.py:3834} INFO - Setting next_dagrun for weather_etl_v2 to 2025-10-12 22:00:00+00:00, run_after=2025-10-13 22:00:00+00:00
[2025-10-13T13:43:24.312+0000] {processor.py:183} INFO - Processing /opt/airflow/dags/weather_etl_v2.py took 0.312 seconds
[2025-10-13T13:43:55.213+0000] {processor.py:161} INFO - Started process (PID=13324) to work on /opt/airflow/dags/weather_etl_v2.py
[2025-10-13T13:43:55.216+0000] {processor.py:830} INFO - Processing file /opt/airflow/dags/weather_etl_v2.py for tasks to queue
[2025-10-13T13:43:55.220+0000] {logging_mixin.py:188} INFO - [2025-10-13T13:43:55.218+0000] {dagbag.py:540} INFO - Filling up the DagBag from /opt/airflow/dags/weather_etl_v2.py
[2025-10-13T13:43:55.277+0000] {processor.py:840} INFO - DAG(s) 'weather_etl_v2' retrieved from /opt/airflow/dags/weather_etl_v2.py
[2025-10-13T13:43:55.369+0000] {logging_mixin.py:188} INFO - [2025-10-13T13:43:55.368+0000] {dag.py:3047} INFO - Sync 1 DAGs
[2025-10-13T13:43:55.427+0000] {logging_mixin.py:188} INFO - [2025-10-13T13:43:55.427+0000] {dag.py:3834} INFO - Setting next_dagrun for weather_etl_v2 to 2025-10-12 22:00:00+00:00, run_after=2025-10-13 22:00:00+00:00
[2025-10-13T13:43:55.506+0000] {processor.py:183} INFO - Processing /opt/airflow/dags/weather_etl_v2.py took 0.299 seconds
[2025-10-13T13:44:26.090+0000] {processor.py:161} INFO - Started process (PID=13339) to work on /opt/airflow/dags/weather_etl_v2.py
[2025-10-13T13:44:26.092+0000] {processor.py:830} INFO - Processing file /opt/airflow/dags/weather_etl_v2.py for tasks to queue
[2025-10-13T13:44:26.094+0000] {logging_mixin.py:188} INFO - [2025-10-13T13:44:26.094+0000] {dagbag.py:540} INFO - Filling up the DagBag from /opt/airflow/dags/weather_etl_v2.py
[2025-10-13T13:44:26.128+0000] {processor.py:840} INFO - DAG(s) 'weather_etl_v2' retrieved from /opt/airflow/dags/weather_etl_v2.py
[2025-10-13T13:44:26.218+0000] {logging_mixin.py:188} INFO - [2025-10-13T13:44:26.217+0000] {dag.py:3047} INFO - Sync 1 DAGs
[2025-10-13T13:44:26.283+0000] {logging_mixin.py:188} INFO - [2025-10-13T13:44:26.282+0000] {dag.py:3834} INFO - Setting next_dagrun for weather_etl_v2 to 2025-10-12 22:00:00+00:00, run_after=2025-10-13 22:00:00+00:00
[2025-10-13T13:44:26.353+0000] {processor.py:183} INFO - Processing /opt/airflow/dags/weather_etl_v2.py took 0.267 seconds
[2025-10-13T13:44:56.921+0000] {processor.py:161} INFO - Started process (PID=13354) to work on /opt/airflow/dags/weather_etl_v2.py
[2025-10-13T13:44:56.923+0000] {processor.py:830} INFO - Processing file /opt/airflow/dags/weather_etl_v2.py for tasks to queue
[2025-10-13T13:44:56.925+0000] {logging_mixin.py:188} INFO - [2025-10-13T13:44:56.924+0000] {dagbag.py:540} INFO - Filling up the DagBag from /opt/airflow/dags/weather_etl_v2.py
[2025-10-13T13:44:56.963+0000] {processor.py:840} INFO - DAG(s) 'weather_etl_v2' retrieved from /opt/airflow/dags/weather_etl_v2.py
[2025-10-13T13:44:57.044+0000] {logging_mixin.py:188} INFO - [2025-10-13T13:44:57.043+0000] {dag.py:3047} INFO - Sync 1 DAGs
[2025-10-13T13:44:57.097+0000] {logging_mixin.py:188} INFO - [2025-10-13T13:44:57.096+0000] {dag.py:3834} INFO - Setting next_dagrun for weather_etl_v2 to 2025-10-12 22:00:00+00:00, run_after=2025-10-13 22:00:00+00:00
[2025-10-13T13:44:57.157+0000] {processor.py:183} INFO - Processing /opt/airflow/dags/weather_etl_v2.py took 0.241 seconds
[2025-10-13T13:45:27.885+0000] {processor.py:161} INFO - Started process (PID=13369) to work on /opt/airflow/dags/weather_etl_v2.py
[2025-10-13T13:45:27.887+0000] {processor.py:830} INFO - Processing file /opt/airflow/dags/weather_etl_v2.py for tasks to queue
[2025-10-13T13:45:27.889+0000] {logging_mixin.py:188} INFO - [2025-10-13T13:45:27.888+0000] {dagbag.py:540} INFO - Filling up the DagBag from /opt/airflow/dags/weather_etl_v2.py
[2025-10-13T13:45:27.930+0000] {processor.py:840} INFO - DAG(s) 'weather_etl_v2' retrieved from /opt/airflow/dags/weather_etl_v2.py
[2025-10-13T13:45:28.021+0000] {logging_mixin.py:188} INFO - [2025-10-13T13:45:28.020+0000] {dag.py:3047} INFO - Sync 1 DAGs
[2025-10-13T13:45:28.077+0000] {logging_mixin.py:188} INFO - [2025-10-13T13:45:28.077+0000] {dag.py:3834} INFO - Setting next_dagrun for weather_etl_v2 to 2025-10-12 22:00:00+00:00, run_after=2025-10-13 22:00:00+00:00
[2025-10-13T13:45:28.143+0000] {processor.py:183} INFO - Processing /opt/airflow/dags/weather_etl_v2.py took 0.263 seconds
[2025-10-13T13:45:59.170+0000] {processor.py:161} INFO - Started process (PID=13384) to work on /opt/airflow/dags/weather_etl_v2.py
[2025-10-13T13:45:59.175+0000] {processor.py:830} INFO - Processing file /opt/airflow/dags/weather_etl_v2.py for tasks to queue
[2025-10-13T13:45:59.180+0000] {logging_mixin.py:188} INFO - [2025-10-13T13:45:59.179+0000] {dagbag.py:540} INFO - Filling up the DagBag from /opt/airflow/dags/weather_etl_v2.py
[2025-10-13T13:45:59.228+0000] {processor.py:840} INFO - DAG(s) 'weather_etl_v2' retrieved from /opt/airflow/dags/weather_etl_v2.py
[2025-10-13T13:45:59.346+0000] {logging_mixin.py:188} INFO - [2025-10-13T13:45:59.345+0000] {dag.py:3047} INFO - Sync 1 DAGs
[2025-10-13T13:45:59.417+0000] {logging_mixin.py:188} INFO - [2025-10-13T13:45:59.416+0000] {dag.py:3834} INFO - Setting next_dagrun for weather_etl_v2 to 2025-10-12 22:00:00+00:00, run_after=2025-10-13 22:00:00+00:00
[2025-10-13T13:45:59.484+0000] {processor.py:183} INFO - Processing /opt/airflow/dags/weather_etl_v2.py took 0.321 seconds
[2025-10-13T13:46:30.008+0000] {processor.py:161} INFO - Started process (PID=13399) to work on /opt/airflow/dags/weather_etl_v2.py
[2025-10-13T13:46:30.010+0000] {processor.py:830} INFO - Processing file /opt/airflow/dags/weather_etl_v2.py for tasks to queue
[2025-10-13T13:46:30.013+0000] {logging_mixin.py:188} INFO - [2025-10-13T13:46:30.012+0000] {dagbag.py:540} INFO - Filling up the DagBag from /opt/airflow/dags/weather_etl_v2.py
[2025-10-13T13:46:30.054+0000] {processor.py:840} INFO - DAG(s) 'weather_etl_v2' retrieved from /opt/airflow/dags/weather_etl_v2.py
[2025-10-13T13:46:30.133+0000] {logging_mixin.py:188} INFO - [2025-10-13T13:46:30.133+0000] {dag.py:3047} INFO - Sync 1 DAGs
[2025-10-13T13:46:30.189+0000] {logging_mixin.py:188} INFO - [2025-10-13T13:46:30.189+0000] {dag.py:3834} INFO - Setting next_dagrun for weather_etl_v2 to 2025-10-12 22:00:00+00:00, run_after=2025-10-13 22:00:00+00:00
[2025-10-13T13:46:30.264+0000] {processor.py:183} INFO - Processing /opt/airflow/dags/weather_etl_v2.py took 0.260 seconds
[2025-10-13T13:47:01.272+0000] {processor.py:161} INFO - Started process (PID=13414) to work on /opt/airflow/dags/weather_etl_v2.py
[2025-10-13T13:47:01.288+0000] {processor.py:830} INFO - Processing file /opt/airflow/dags/weather_etl_v2.py for tasks to queue
[2025-10-13T13:47:01.292+0000] {logging_mixin.py:188} INFO - [2025-10-13T13:47:01.291+0000] {dagbag.py:540} INFO - Filling up the DagBag from /opt/airflow/dags/weather_etl_v2.py
[2025-10-13T13:47:01.367+0000] {processor.py:840} INFO - DAG(s) 'weather_etl_v2' retrieved from /opt/airflow/dags/weather_etl_v2.py
[2025-10-13T13:47:01.472+0000] {logging_mixin.py:188} INFO - [2025-10-13T13:47:01.471+0000] {dag.py:3047} INFO - Sync 1 DAGs
[2025-10-13T13:47:01.537+0000] {logging_mixin.py:188} INFO - [2025-10-13T13:47:01.537+0000] {dag.py:3834} INFO - Setting next_dagrun for weather_etl_v2 to 2025-10-12 22:00:00+00:00, run_after=2025-10-13 22:00:00+00:00
[2025-10-13T13:47:01.680+0000] {processor.py:183} INFO - Processing /opt/airflow/dags/weather_etl_v2.py took 0.456 seconds
[2025-10-13T13:47:32.702+0000] {processor.py:161} INFO - Started process (PID=13429) to work on /opt/airflow/dags/weather_etl_v2.py
[2025-10-13T13:47:32.705+0000] {processor.py:830} INFO - Processing file /opt/airflow/dags/weather_etl_v2.py for tasks to queue
[2025-10-13T13:47:32.707+0000] {logging_mixin.py:188} INFO - [2025-10-13T13:47:32.706+0000] {dagbag.py:540} INFO - Filling up the DagBag from /opt/airflow/dags/weather_etl_v2.py
[2025-10-13T13:47:32.750+0000] {processor.py:840} INFO - DAG(s) 'weather_etl_v2' retrieved from /opt/airflow/dags/weather_etl_v2.py
[2025-10-13T13:47:32.855+0000] {logging_mixin.py:188} INFO - [2025-10-13T13:47:32.855+0000] {dag.py:3047} INFO - Sync 1 DAGs
[2025-10-13T13:47:32.917+0000] {logging_mixin.py:188} INFO - [2025-10-13T13:47:32.917+0000] {dag.py:3834} INFO - Setting next_dagrun for weather_etl_v2 to 2025-10-12 22:00:00+00:00, run_after=2025-10-13 22:00:00+00:00
[2025-10-13T13:47:32.975+0000] {processor.py:183} INFO - Processing /opt/airflow/dags/weather_etl_v2.py took 0.291 seconds
[2025-10-13T13:48:03.521+0000] {processor.py:161} INFO - Started process (PID=13444) to work on /opt/airflow/dags/weather_etl_v2.py
[2025-10-13T13:48:03.523+0000] {processor.py:830} INFO - Processing file /opt/airflow/dags/weather_etl_v2.py for tasks to queue
[2025-10-13T13:48:03.525+0000] {logging_mixin.py:188} INFO - [2025-10-13T13:48:03.524+0000] {dagbag.py:540} INFO - Filling up the DagBag from /opt/airflow/dags/weather_etl_v2.py
[2025-10-13T13:48:03.561+0000] {processor.py:840} INFO - DAG(s) 'weather_etl_v2' retrieved from /opt/airflow/dags/weather_etl_v2.py
[2025-10-13T13:48:03.644+0000] {logging_mixin.py:188} INFO - [2025-10-13T13:48:03.644+0000] {dag.py:3047} INFO - Sync 1 DAGs
[2025-10-13T13:48:03.707+0000] {logging_mixin.py:188} INFO - [2025-10-13T13:48:03.707+0000] {dag.py:3834} INFO - Setting next_dagrun for weather_etl_v2 to 2025-10-12 22:00:00+00:00, run_after=2025-10-13 22:00:00+00:00
[2025-10-13T13:48:03.775+0000] {processor.py:183} INFO - Processing /opt/airflow/dags/weather_etl_v2.py took 0.259 seconds
[2025-10-13T13:48:34.540+0000] {processor.py:161} INFO - Started process (PID=13459) to work on /opt/airflow/dags/weather_etl_v2.py
[2025-10-13T13:48:34.542+0000] {processor.py:830} INFO - Processing file /opt/airflow/dags/weather_etl_v2.py for tasks to queue
[2025-10-13T13:48:34.544+0000] {logging_mixin.py:188} INFO - [2025-10-13T13:48:34.543+0000] {dagbag.py:540} INFO - Filling up the DagBag from /opt/airflow/dags/weather_etl_v2.py
[2025-10-13T13:48:34.580+0000] {processor.py:840} INFO - DAG(s) 'weather_etl_v2' retrieved from /opt/airflow/dags/weather_etl_v2.py
[2025-10-13T13:48:34.650+0000] {logging_mixin.py:188} INFO - [2025-10-13T13:48:34.650+0000] {dag.py:3047} INFO - Sync 1 DAGs
[2025-10-13T13:48:34.696+0000] {logging_mixin.py:188} INFO - [2025-10-13T13:48:34.696+0000] {dag.py:3834} INFO - Setting next_dagrun for weather_etl_v2 to 2025-10-12 22:00:00+00:00, run_after=2025-10-13 22:00:00+00:00
[2025-10-13T13:48:34.758+0000] {processor.py:183} INFO - Processing /opt/airflow/dags/weather_etl_v2.py took 0.221 seconds
[2025-10-13T13:49:05.459+0000] {processor.py:161} INFO - Started process (PID=13474) to work on /opt/airflow/dags/weather_etl_v2.py
[2025-10-13T13:49:05.461+0000] {processor.py:830} INFO - Processing file /opt/airflow/dags/weather_etl_v2.py for tasks to queue
[2025-10-13T13:49:05.463+0000] {logging_mixin.py:188} INFO - [2025-10-13T13:49:05.462+0000] {dagbag.py:540} INFO - Filling up the DagBag from /opt/airflow/dags/weather_etl_v2.py
[2025-10-13T13:49:05.506+0000] {processor.py:840} INFO - DAG(s) 'weather_etl_v2' retrieved from /opt/airflow/dags/weather_etl_v2.py
[2025-10-13T13:49:05.604+0000] {logging_mixin.py:188} INFO - [2025-10-13T13:49:05.603+0000] {dag.py:3047} INFO - Sync 1 DAGs
[2025-10-13T13:49:05.663+0000] {logging_mixin.py:188} INFO - [2025-10-13T13:49:05.663+0000] {dag.py:3834} INFO - Setting next_dagrun for weather_etl_v2 to 2025-10-12 22:00:00+00:00, run_after=2025-10-13 22:00:00+00:00
[2025-10-13T13:49:05.732+0000] {processor.py:183} INFO - Processing /opt/airflow/dags/weather_etl_v2.py took 0.277 seconds
[2025-10-13T13:49:36.342+0000] {processor.py:161} INFO - Started process (PID=13489) to work on /opt/airflow/dags/weather_etl_v2.py
[2025-10-13T13:49:36.345+0000] {processor.py:830} INFO - Processing file /opt/airflow/dags/weather_etl_v2.py for tasks to queue
[2025-10-13T13:49:36.349+0000] {logging_mixin.py:188} INFO - [2025-10-13T13:49:36.348+0000] {dagbag.py:540} INFO - Filling up the DagBag from /opt/airflow/dags/weather_etl_v2.py
[2025-10-13T13:49:36.406+0000] {processor.py:840} INFO - DAG(s) 'weather_etl_v2' retrieved from /opt/airflow/dags/weather_etl_v2.py
[2025-10-13T13:49:36.510+0000] {logging_mixin.py:188} INFO - [2025-10-13T13:49:36.509+0000] {dag.py:3047} INFO - Sync 1 DAGs
[2025-10-13T13:49:36.580+0000] {logging_mixin.py:188} INFO - [2025-10-13T13:49:36.579+0000] {dag.py:3834} INFO - Setting next_dagrun for weather_etl_v2 to 2025-10-12 22:00:00+00:00, run_after=2025-10-13 22:00:00+00:00
[2025-10-13T13:49:36.650+0000] {processor.py:183} INFO - Processing /opt/airflow/dags/weather_etl_v2.py took 0.327 seconds
[2025-10-13T13:50:07.197+0000] {processor.py:161} INFO - Started process (PID=13504) to work on /opt/airflow/dags/weather_etl_v2.py
[2025-10-13T13:50:07.199+0000] {processor.py:830} INFO - Processing file /opt/airflow/dags/weather_etl_v2.py for tasks to queue
[2025-10-13T13:50:07.202+0000] {logging_mixin.py:188} INFO - [2025-10-13T13:50:07.201+0000] {dagbag.py:540} INFO - Filling up the DagBag from /opt/airflow/dags/weather_etl_v2.py
[2025-10-13T13:50:07.245+0000] {processor.py:840} INFO - DAG(s) 'weather_etl_v2' retrieved from /opt/airflow/dags/weather_etl_v2.py
[2025-10-13T13:50:07.347+0000] {logging_mixin.py:188} INFO - [2025-10-13T13:50:07.347+0000] {dag.py:3047} INFO - Sync 1 DAGs
[2025-10-13T13:50:07.410+0000] {logging_mixin.py:188} INFO - [2025-10-13T13:50:07.410+0000] {dag.py:3834} INFO - Setting next_dagrun for weather_etl_v2 to 2025-10-12 22:00:00+00:00, run_after=2025-10-13 22:00:00+00:00
[2025-10-13T13:50:07.482+0000] {processor.py:183} INFO - Processing /opt/airflow/dags/weather_etl_v2.py took 0.291 seconds
[2025-10-13T13:50:38.114+0000] {processor.py:161} INFO - Started process (PID=13519) to work on /opt/airflow/dags/weather_etl_v2.py
[2025-10-13T13:50:38.116+0000] {processor.py:830} INFO - Processing file /opt/airflow/dags/weather_etl_v2.py for tasks to queue
[2025-10-13T13:50:38.119+0000] {logging_mixin.py:188} INFO - [2025-10-13T13:50:38.118+0000] {dagbag.py:540} INFO - Filling up the DagBag from /opt/airflow/dags/weather_etl_v2.py
[2025-10-13T13:50:38.173+0000] {processor.py:840} INFO - DAG(s) 'weather_etl_v2' retrieved from /opt/airflow/dags/weather_etl_v2.py
[2025-10-13T13:50:38.255+0000] {logging_mixin.py:188} INFO - [2025-10-13T13:50:38.255+0000] {dag.py:3047} INFO - Sync 1 DAGs
[2025-10-13T13:50:38.311+0000] {logging_mixin.py:188} INFO - [2025-10-13T13:50:38.311+0000] {dag.py:3834} INFO - Setting next_dagrun for weather_etl_v2 to 2025-10-12 22:00:00+00:00, run_after=2025-10-13 22:00:00+00:00
[2025-10-13T13:50:38.377+0000] {processor.py:183} INFO - Processing /opt/airflow/dags/weather_etl_v2.py took 0.268 seconds
[2025-10-13T13:51:09.001+0000] {processor.py:161} INFO - Started process (PID=13534) to work on /opt/airflow/dags/weather_etl_v2.py
[2025-10-13T13:51:09.004+0000] {processor.py:830} INFO - Processing file /opt/airflow/dags/weather_etl_v2.py for tasks to queue
[2025-10-13T13:51:09.007+0000] {logging_mixin.py:188} INFO - [2025-10-13T13:51:09.006+0000] {dagbag.py:540} INFO - Filling up the DagBag from /opt/airflow/dags/weather_etl_v2.py
[2025-10-13T13:51:09.050+0000] {processor.py:840} INFO - DAG(s) 'weather_etl_v2' retrieved from /opt/airflow/dags/weather_etl_v2.py
[2025-10-13T13:51:09.158+0000] {logging_mixin.py:188} INFO - [2025-10-13T13:51:09.157+0000] {dag.py:3047} INFO - Sync 1 DAGs
[2025-10-13T13:51:09.240+0000] {logging_mixin.py:188} INFO - [2025-10-13T13:51:09.240+0000] {dag.py:3834} INFO - Setting next_dagrun for weather_etl_v2 to 2025-10-12 22:00:00+00:00, run_after=2025-10-13 22:00:00+00:00
[2025-10-13T13:51:09.314+0000] {processor.py:183} INFO - Processing /opt/airflow/dags/weather_etl_v2.py took 0.317 seconds
[2025-10-13T13:51:40.124+0000] {processor.py:161} INFO - Started process (PID=13549) to work on /opt/airflow/dags/weather_etl_v2.py
[2025-10-13T13:51:40.126+0000] {processor.py:830} INFO - Processing file /opt/airflow/dags/weather_etl_v2.py for tasks to queue
[2025-10-13T13:51:40.127+0000] {logging_mixin.py:188} INFO - [2025-10-13T13:51:40.127+0000] {dagbag.py:540} INFO - Filling up the DagBag from /opt/airflow/dags/weather_etl_v2.py
[2025-10-13T13:51:40.162+0000] {processor.py:840} INFO - DAG(s) 'weather_etl_v2' retrieved from /opt/airflow/dags/weather_etl_v2.py
[2025-10-13T13:51:40.256+0000] {logging_mixin.py:188} INFO - [2025-10-13T13:51:40.256+0000] {dag.py:3047} INFO - Sync 1 DAGs
[2025-10-13T13:51:40.309+0000] {logging_mixin.py:188} INFO - [2025-10-13T13:51:40.309+0000] {dag.py:3834} INFO - Setting next_dagrun for weather_etl_v2 to 2025-10-12 22:00:00+00:00, run_after=2025-10-13 22:00:00+00:00
[2025-10-13T13:51:40.370+0000] {processor.py:183} INFO - Processing /opt/airflow/dags/weather_etl_v2.py took 0.251 seconds
[2025-10-13T13:52:11.366+0000] {processor.py:161} INFO - Started process (PID=13564) to work on /opt/airflow/dags/weather_etl_v2.py
[2025-10-13T13:52:11.369+0000] {processor.py:830} INFO - Processing file /opt/airflow/dags/weather_etl_v2.py for tasks to queue
[2025-10-13T13:52:11.374+0000] {logging_mixin.py:188} INFO - [2025-10-13T13:52:11.373+0000] {dagbag.py:540} INFO - Filling up the DagBag from /opt/airflow/dags/weather_etl_v2.py
[2025-10-13T13:52:11.520+0000] {processor.py:840} INFO - DAG(s) 'weather_etl_v2' retrieved from /opt/airflow/dags/weather_etl_v2.py
[2025-10-13T13:52:11.625+0000] {logging_mixin.py:188} INFO - [2025-10-13T13:52:11.624+0000] {dag.py:3047} INFO - Sync 1 DAGs
[2025-10-13T13:52:11.689+0000] {logging_mixin.py:188} INFO - [2025-10-13T13:52:11.689+0000] {dag.py:3834} INFO - Setting next_dagrun for weather_etl_v2 to 2025-10-12 22:00:00+00:00, run_after=2025-10-13 22:00:00+00:00
[2025-10-13T13:52:11.767+0000] {processor.py:183} INFO - Processing /opt/airflow/dags/weather_etl_v2.py took 0.407 seconds
[2025-10-13T13:52:42.710+0000] {processor.py:161} INFO - Started process (PID=13579) to work on /opt/airflow/dags/weather_etl_v2.py
[2025-10-13T13:52:42.712+0000] {processor.py:830} INFO - Processing file /opt/airflow/dags/weather_etl_v2.py for tasks to queue
[2025-10-13T13:52:42.715+0000] {logging_mixin.py:188} INFO - [2025-10-13T13:52:42.714+0000] {dagbag.py:540} INFO - Filling up the DagBag from /opt/airflow/dags/weather_etl_v2.py
[2025-10-13T13:52:42.767+0000] {processor.py:840} INFO - DAG(s) 'weather_etl_v2' retrieved from /opt/airflow/dags/weather_etl_v2.py
[2025-10-13T13:52:42.869+0000] {logging_mixin.py:188} INFO - [2025-10-13T13:52:42.868+0000] {dag.py:3047} INFO - Sync 1 DAGs
[2025-10-13T13:52:42.940+0000] {logging_mixin.py:188} INFO - [2025-10-13T13:52:42.939+0000] {dag.py:3834} INFO - Setting next_dagrun for weather_etl_v2 to 2025-10-12 22:00:00+00:00, run_after=2025-10-13 22:00:00+00:00
[2025-10-13T13:52:43.025+0000] {processor.py:183} INFO - Processing /opt/airflow/dags/weather_etl_v2.py took 0.321 seconds
[2025-10-13T13:53:13.723+0000] {processor.py:161} INFO - Started process (PID=13594) to work on /opt/airflow/dags/weather_etl_v2.py
[2025-10-13T13:53:13.727+0000] {processor.py:830} INFO - Processing file /opt/airflow/dags/weather_etl_v2.py for tasks to queue
[2025-10-13T13:53:13.729+0000] {logging_mixin.py:188} INFO - [2025-10-13T13:53:13.728+0000] {dagbag.py:540} INFO - Filling up the DagBag from /opt/airflow/dags/weather_etl_v2.py
[2025-10-13T13:53:13.767+0000] {processor.py:840} INFO - DAG(s) 'weather_etl_v2' retrieved from /opt/airflow/dags/weather_etl_v2.py
[2025-10-13T13:53:13.860+0000] {logging_mixin.py:188} INFO - [2025-10-13T13:53:13.859+0000] {dag.py:3047} INFO - Sync 1 DAGs
[2025-10-13T13:53:13.930+0000] {logging_mixin.py:188} INFO - [2025-10-13T13:53:13.929+0000] {dag.py:3834} INFO - Setting next_dagrun for weather_etl_v2 to 2025-10-12 22:00:00+00:00, run_after=2025-10-13 22:00:00+00:00
[2025-10-13T13:53:14.007+0000] {processor.py:183} INFO - Processing /opt/airflow/dags/weather_etl_v2.py took 0.316 seconds
[2025-10-13T13:53:44.756+0000] {processor.py:161} INFO - Started process (PID=13609) to work on /opt/airflow/dags/weather_etl_v2.py
[2025-10-13T13:53:44.759+0000] {processor.py:830} INFO - Processing file /opt/airflow/dags/weather_etl_v2.py for tasks to queue
[2025-10-13T13:53:44.762+0000] {logging_mixin.py:188} INFO - [2025-10-13T13:53:44.761+0000] {dagbag.py:540} INFO - Filling up the DagBag from /opt/airflow/dags/weather_etl_v2.py
[2025-10-13T13:53:44.830+0000] {processor.py:840} INFO - DAG(s) 'weather_etl_v2' retrieved from /opt/airflow/dags/weather_etl_v2.py
[2025-10-13T13:53:44.962+0000] {logging_mixin.py:188} INFO - [2025-10-13T13:53:44.962+0000] {dag.py:3047} INFO - Sync 1 DAGs
[2025-10-13T13:53:45.449+0000] {logging_mixin.py:188} INFO - [2025-10-13T13:53:45.449+0000] {dag.py:3834} INFO - Setting next_dagrun for weather_etl_v2 to 2025-10-12 22:00:00+00:00, run_after=2025-10-13 22:00:00+00:00
[2025-10-13T13:53:45.561+0000] {processor.py:183} INFO - Processing /opt/airflow/dags/weather_etl_v2.py took 0.811 seconds
[2025-10-13T13:54:15.865+0000] {processor.py:161} INFO - Started process (PID=13624) to work on /opt/airflow/dags/weather_etl_v2.py
[2025-10-13T13:54:15.868+0000] {processor.py:830} INFO - Processing file /opt/airflow/dags/weather_etl_v2.py for tasks to queue
[2025-10-13T13:54:15.871+0000] {logging_mixin.py:188} INFO - [2025-10-13T13:54:15.870+0000] {dagbag.py:540} INFO - Filling up the DagBag from /opt/airflow/dags/weather_etl_v2.py
[2025-10-13T13:54:15.924+0000] {processor.py:840} INFO - DAG(s) 'weather_etl_v2' retrieved from /opt/airflow/dags/weather_etl_v2.py
[2025-10-13T13:54:16.047+0000] {logging_mixin.py:188} INFO - [2025-10-13T13:54:16.046+0000] {dag.py:3047} INFO - Sync 1 DAGs
[2025-10-13T13:54:16.122+0000] {logging_mixin.py:188} INFO - [2025-10-13T13:54:16.121+0000] {dag.py:3834} INFO - Setting next_dagrun for weather_etl_v2 to 2025-10-12 22:00:00+00:00, run_after=2025-10-13 22:00:00+00:00
[2025-10-13T13:54:16.206+0000] {processor.py:183} INFO - Processing /opt/airflow/dags/weather_etl_v2.py took 0.348 seconds
[2025-10-13T13:54:46.853+0000] {processor.py:161} INFO - Started process (PID=13639) to work on /opt/airflow/dags/weather_etl_v2.py
[2025-10-13T13:54:46.855+0000] {processor.py:830} INFO - Processing file /opt/airflow/dags/weather_etl_v2.py for tasks to queue
[2025-10-13T13:54:46.861+0000] {logging_mixin.py:188} INFO - [2025-10-13T13:54:46.860+0000] {dagbag.py:540} INFO - Filling up the DagBag from /opt/airflow/dags/weather_etl_v2.py
[2025-10-13T13:54:46.932+0000] {processor.py:840} INFO - DAG(s) 'weather_etl_v2' retrieved from /opt/airflow/dags/weather_etl_v2.py
[2025-10-13T13:54:47.041+0000] {logging_mixin.py:188} INFO - [2025-10-13T13:54:47.040+0000] {dag.py:3047} INFO - Sync 1 DAGs
[2025-10-13T13:54:47.126+0000] {logging_mixin.py:188} INFO - [2025-10-13T13:54:47.125+0000] {dag.py:3834} INFO - Setting next_dagrun for weather_etl_v2 to 2025-10-12 22:00:00+00:00, run_after=2025-10-13 22:00:00+00:00
[2025-10-13T13:54:47.230+0000] {processor.py:183} INFO - Processing /opt/airflow/dags/weather_etl_v2.py took 0.381 seconds
[2025-10-13T13:55:17.951+0000] {processor.py:161} INFO - Started process (PID=13654) to work on /opt/airflow/dags/weather_etl_v2.py
[2025-10-13T13:55:17.963+0000] {processor.py:830} INFO - Processing file /opt/airflow/dags/weather_etl_v2.py for tasks to queue
[2025-10-13T13:55:17.984+0000] {logging_mixin.py:188} INFO - [2025-10-13T13:55:17.982+0000] {dagbag.py:540} INFO - Filling up the DagBag from /opt/airflow/dags/weather_etl_v2.py
[2025-10-13T13:55:18.206+0000] {processor.py:840} INFO - DAG(s) 'weather_etl_v2' retrieved from /opt/airflow/dags/weather_etl_v2.py
[2025-10-13T13:55:18.363+0000] {logging_mixin.py:188} INFO - [2025-10-13T13:55:18.362+0000] {dag.py:3047} INFO - Sync 1 DAGs
[2025-10-13T13:55:18.456+0000] {logging_mixin.py:188} INFO - [2025-10-13T13:55:18.456+0000] {dag.py:3834} INFO - Setting next_dagrun for weather_etl_v2 to 2025-10-12 22:00:00+00:00, run_after=2025-10-13 22:00:00+00:00
[2025-10-13T13:55:18.547+0000] {processor.py:183} INFO - Processing /opt/airflow/dags/weather_etl_v2.py took 0.606 seconds
[2025-10-13T13:55:49.659+0000] {processor.py:161} INFO - Started process (PID=13669) to work on /opt/airflow/dags/weather_etl_v2.py
[2025-10-13T13:55:49.661+0000] {processor.py:830} INFO - Processing file /opt/airflow/dags/weather_etl_v2.py for tasks to queue
[2025-10-13T13:55:49.663+0000] {logging_mixin.py:188} INFO - [2025-10-13T13:55:49.662+0000] {dagbag.py:540} INFO - Filling up the DagBag from /opt/airflow/dags/weather_etl_v2.py
[2025-10-13T13:55:49.709+0000] {processor.py:840} INFO - DAG(s) 'weather_etl_v2' retrieved from /opt/airflow/dags/weather_etl_v2.py
[2025-10-13T13:55:49.808+0000] {logging_mixin.py:188} INFO - [2025-10-13T13:55:49.808+0000] {dag.py:3047} INFO - Sync 1 DAGs
[2025-10-13T13:55:49.866+0000] {logging_mixin.py:188} INFO - [2025-10-13T13:55:49.866+0000] {dag.py:3834} INFO - Setting next_dagrun for weather_etl_v2 to 2025-10-12 22:00:00+00:00, run_after=2025-10-13 22:00:00+00:00
[2025-10-13T13:55:49.939+0000] {processor.py:183} INFO - Processing /opt/airflow/dags/weather_etl_v2.py took 0.283 seconds
[2025-10-13T13:56:20.484+0000] {processor.py:161} INFO - Started process (PID=13684) to work on /opt/airflow/dags/weather_etl_v2.py
[2025-10-13T13:56:20.486+0000] {processor.py:830} INFO - Processing file /opt/airflow/dags/weather_etl_v2.py for tasks to queue
[2025-10-13T13:56:20.489+0000] {logging_mixin.py:188} INFO - [2025-10-13T13:56:20.488+0000] {dagbag.py:540} INFO - Filling up the DagBag from /opt/airflow/dags/weather_etl_v2.py
[2025-10-13T13:56:20.542+0000] {processor.py:840} INFO - DAG(s) 'weather_etl_v2' retrieved from /opt/airflow/dags/weather_etl_v2.py
[2025-10-13T13:56:20.629+0000] {logging_mixin.py:188} INFO - [2025-10-13T13:56:20.629+0000] {dag.py:3047} INFO - Sync 1 DAGs
[2025-10-13T13:56:20.689+0000] {logging_mixin.py:188} INFO - [2025-10-13T13:56:20.689+0000] {dag.py:3834} INFO - Setting next_dagrun for weather_etl_v2 to 2025-10-12 22:00:00+00:00, run_after=2025-10-13 22:00:00+00:00
[2025-10-13T13:56:20.758+0000] {processor.py:183} INFO - Processing /opt/airflow/dags/weather_etl_v2.py took 0.277 seconds
[2025-10-13T13:56:51.323+0000] {processor.py:161} INFO - Started process (PID=13699) to work on /opt/airflow/dags/weather_etl_v2.py
[2025-10-13T13:56:51.333+0000] {processor.py:830} INFO - Processing file /opt/airflow/dags/weather_etl_v2.py for tasks to queue
[2025-10-13T13:56:51.336+0000] {logging_mixin.py:188} INFO - [2025-10-13T13:56:51.336+0000] {dagbag.py:540} INFO - Filling up the DagBag from /opt/airflow/dags/weather_etl_v2.py
[2025-10-13T13:56:51.388+0000] {processor.py:840} INFO - DAG(s) 'weather_etl_v2' retrieved from /opt/airflow/dags/weather_etl_v2.py
[2025-10-13T13:56:51.779+0000] {logging_mixin.py:188} INFO - [2025-10-13T13:56:51.779+0000] {dag.py:3047} INFO - Sync 1 DAGs
[2025-10-13T13:56:51.851+0000] {logging_mixin.py:188} INFO - [2025-10-13T13:56:51.851+0000] {dag.py:3834} INFO - Setting next_dagrun for weather_etl_v2 to 2025-10-12 22:00:00+00:00, run_after=2025-10-13 22:00:00+00:00
[2025-10-13T13:56:51.936+0000] {processor.py:183} INFO - Processing /opt/airflow/dags/weather_etl_v2.py took 0.618 seconds
[2025-10-13T13:57:22.438+0000] {processor.py:161} INFO - Started process (PID=13714) to work on /opt/airflow/dags/weather_etl_v2.py
[2025-10-13T13:57:22.442+0000] {processor.py:830} INFO - Processing file /opt/airflow/dags/weather_etl_v2.py for tasks to queue
[2025-10-13T13:57:22.446+0000] {logging_mixin.py:188} INFO - [2025-10-13T13:57:22.445+0000] {dagbag.py:540} INFO - Filling up the DagBag from /opt/airflow/dags/weather_etl_v2.py
[2025-10-13T13:57:22.511+0000] {processor.py:840} INFO - DAG(s) 'weather_etl_v2' retrieved from /opt/airflow/dags/weather_etl_v2.py
[2025-10-13T13:57:22.656+0000] {logging_mixin.py:188} INFO - [2025-10-13T13:57:22.655+0000] {dag.py:3047} INFO - Sync 1 DAGs
[2025-10-13T13:57:22.729+0000] {logging_mixin.py:188} INFO - [2025-10-13T13:57:22.729+0000] {dag.py:3834} INFO - Setting next_dagrun for weather_etl_v2 to 2025-10-12 22:00:00+00:00, run_after=2025-10-13 22:00:00+00:00
[2025-10-13T13:57:22.811+0000] {processor.py:183} INFO - Processing /opt/airflow/dags/weather_etl_v2.py took 0.407 seconds
[2025-10-13T13:57:52.916+0000] {processor.py:161} INFO - Started process (PID=13729) to work on /opt/airflow/dags/weather_etl_v2.py
[2025-10-13T13:57:52.919+0000] {processor.py:830} INFO - Processing file /opt/airflow/dags/weather_etl_v2.py for tasks to queue
[2025-10-13T13:57:52.921+0000] {logging_mixin.py:188} INFO - [2025-10-13T13:57:52.921+0000] {dagbag.py:540} INFO - Filling up the DagBag from /opt/airflow/dags/weather_etl_v2.py
[2025-10-13T13:57:52.959+0000] {processor.py:840} INFO - DAG(s) 'weather_etl_v2' retrieved from /opt/airflow/dags/weather_etl_v2.py
[2025-10-13T13:57:53.059+0000] {logging_mixin.py:188} INFO - [2025-10-13T13:57:53.058+0000] {dag.py:3047} INFO - Sync 1 DAGs
[2025-10-13T13:57:53.124+0000] {logging_mixin.py:188} INFO - [2025-10-13T13:57:53.123+0000] {dag.py:3834} INFO - Setting next_dagrun for weather_etl_v2 to 2025-10-12 22:00:00+00:00, run_after=2025-10-13 22:00:00+00:00
[2025-10-13T13:57:53.194+0000] {processor.py:183} INFO - Processing /opt/airflow/dags/weather_etl_v2.py took 0.283 seconds
[2025-10-13T13:58:23.702+0000] {processor.py:161} INFO - Started process (PID=13744) to work on /opt/airflow/dags/weather_etl_v2.py
[2025-10-13T13:58:23.706+0000] {processor.py:830} INFO - Processing file /opt/airflow/dags/weather_etl_v2.py for tasks to queue
[2025-10-13T13:58:23.707+0000] {logging_mixin.py:188} INFO - [2025-10-13T13:58:23.707+0000] {dagbag.py:540} INFO - Filling up the DagBag from /opt/airflow/dags/weather_etl_v2.py
[2025-10-13T13:58:23.734+0000] {processor.py:840} INFO - DAG(s) 'weather_etl_v2' retrieved from /opt/airflow/dags/weather_etl_v2.py
[2025-10-13T13:58:23.804+0000] {logging_mixin.py:188} INFO - [2025-10-13T13:58:23.803+0000] {dag.py:3047} INFO - Sync 1 DAGs
[2025-10-13T13:58:23.853+0000] {logging_mixin.py:188} INFO - [2025-10-13T13:58:23.853+0000] {dag.py:3834} INFO - Setting next_dagrun for weather_etl_v2 to 2025-10-12 22:00:00+00:00, run_after=2025-10-13 22:00:00+00:00
[2025-10-13T13:58:23.906+0000] {processor.py:183} INFO - Processing /opt/airflow/dags/weather_etl_v2.py took 0.214 seconds
[2025-10-13T13:58:54.630+0000] {processor.py:161} INFO - Started process (PID=13759) to work on /opt/airflow/dags/weather_etl_v2.py
[2025-10-13T13:58:54.632+0000] {processor.py:830} INFO - Processing file /opt/airflow/dags/weather_etl_v2.py for tasks to queue
[2025-10-13T13:58:54.635+0000] {logging_mixin.py:188} INFO - [2025-10-13T13:58:54.635+0000] {dagbag.py:540} INFO - Filling up the DagBag from /opt/airflow/dags/weather_etl_v2.py
[2025-10-13T13:58:54.687+0000] {processor.py:840} INFO - DAG(s) 'weather_etl_v2' retrieved from /opt/airflow/dags/weather_etl_v2.py
[2025-10-13T13:58:54.778+0000] {logging_mixin.py:188} INFO - [2025-10-13T13:58:54.778+0000] {dag.py:3047} INFO - Sync 1 DAGs
[2025-10-13T13:58:54.843+0000] {logging_mixin.py:188} INFO - [2025-10-13T13:58:54.842+0000] {dag.py:3834} INFO - Setting next_dagrun for weather_etl_v2 to 2025-10-12 22:00:00+00:00, run_after=2025-10-13 22:00:00+00:00
[2025-10-13T13:58:54.938+0000] {processor.py:183} INFO - Processing /opt/airflow/dags/weather_etl_v2.py took 0.313 seconds
[2025-10-13T13:59:26.022+0000] {processor.py:161} INFO - Started process (PID=13774) to work on /opt/airflow/dags/weather_etl_v2.py
[2025-10-13T13:59:26.024+0000] {processor.py:830} INFO - Processing file /opt/airflow/dags/weather_etl_v2.py for tasks to queue
[2025-10-13T13:59:26.026+0000] {logging_mixin.py:188} INFO - [2025-10-13T13:59:26.025+0000] {dagbag.py:540} INFO - Filling up the DagBag from /opt/airflow/dags/weather_etl_v2.py
[2025-10-13T13:59:26.056+0000] {processor.py:840} INFO - DAG(s) 'weather_etl_v2' retrieved from /opt/airflow/dags/weather_etl_v2.py
[2025-10-13T13:59:26.118+0000] {logging_mixin.py:188} INFO - [2025-10-13T13:59:26.117+0000] {dag.py:3047} INFO - Sync 1 DAGs
[2025-10-13T13:59:26.168+0000] {logging_mixin.py:188} INFO - [2025-10-13T13:59:26.168+0000] {dag.py:3834} INFO - Setting next_dagrun for weather_etl_v2 to 2025-10-12 22:00:00+00:00, run_after=2025-10-13 22:00:00+00:00
[2025-10-13T13:59:26.229+0000] {processor.py:183} INFO - Processing /opt/airflow/dags/weather_etl_v2.py took 0.211 seconds
[2025-10-13T13:59:57.079+0000] {processor.py:161} INFO - Started process (PID=13789) to work on /opt/airflow/dags/weather_etl_v2.py
[2025-10-13T13:59:57.082+0000] {processor.py:830} INFO - Processing file /opt/airflow/dags/weather_etl_v2.py for tasks to queue
[2025-10-13T13:59:57.085+0000] {logging_mixin.py:188} INFO - [2025-10-13T13:59:57.084+0000] {dagbag.py:540} INFO - Filling up the DagBag from /opt/airflow/dags/weather_etl_v2.py
[2025-10-13T13:59:57.128+0000] {processor.py:840} INFO - DAG(s) 'weather_etl_v2' retrieved from /opt/airflow/dags/weather_etl_v2.py
[2025-10-13T13:59:57.227+0000] {logging_mixin.py:188} INFO - [2025-10-13T13:59:57.227+0000] {dag.py:3047} INFO - Sync 1 DAGs
[2025-10-13T13:59:57.296+0000] {logging_mixin.py:188} INFO - [2025-10-13T13:59:57.295+0000] {dag.py:3834} INFO - Setting next_dagrun for weather_etl_v2 to 2025-10-12 22:00:00+00:00, run_after=2025-10-13 22:00:00+00:00
[2025-10-13T13:59:57.395+0000] {processor.py:183} INFO - Processing /opt/airflow/dags/weather_etl_v2.py took 0.325 seconds
[2025-10-13T14:00:28.372+0000] {processor.py:161} INFO - Started process (PID=13804) to work on /opt/airflow/dags/weather_etl_v2.py
[2025-10-13T14:00:28.390+0000] {processor.py:830} INFO - Processing file /opt/airflow/dags/weather_etl_v2.py for tasks to queue
[2025-10-13T14:00:28.400+0000] {logging_mixin.py:188} INFO - [2025-10-13T14:00:28.398+0000] {dagbag.py:540} INFO - Filling up the DagBag from /opt/airflow/dags/weather_etl_v2.py
[2025-10-13T14:00:28.530+0000] {processor.py:840} INFO - DAG(s) 'weather_etl_v2' retrieved from /opt/airflow/dags/weather_etl_v2.py
[2025-10-13T14:00:28.663+0000] {logging_mixin.py:188} INFO - [2025-10-13T14:00:28.662+0000] {dag.py:3047} INFO - Sync 1 DAGs
[2025-10-13T14:00:28.745+0000] {logging_mixin.py:188} INFO - [2025-10-13T14:00:28.744+0000] {dag.py:3834} INFO - Setting next_dagrun for weather_etl_v2 to 2025-10-12 22:00:00+00:00, run_after=2025-10-13 22:00:00+00:00
[2025-10-13T14:00:28.825+0000] {processor.py:183} INFO - Processing /opt/airflow/dags/weather_etl_v2.py took 0.462 seconds
[2025-10-13T14:00:59.635+0000] {processor.py:161} INFO - Started process (PID=13819) to work on /opt/airflow/dags/weather_etl_v2.py
[2025-10-13T14:00:59.637+0000] {processor.py:830} INFO - Processing file /opt/airflow/dags/weather_etl_v2.py for tasks to queue
[2025-10-13T14:00:59.639+0000] {logging_mixin.py:188} INFO - [2025-10-13T14:00:59.638+0000] {dagbag.py:540} INFO - Filling up the DagBag from /opt/airflow/dags/weather_etl_v2.py
[2025-10-13T14:00:59.681+0000] {processor.py:840} INFO - DAG(s) 'weather_etl_v2' retrieved from /opt/airflow/dags/weather_etl_v2.py
[2025-10-13T14:00:59.765+0000] {logging_mixin.py:188} INFO - [2025-10-13T14:00:59.765+0000] {dag.py:3047} INFO - Sync 1 DAGs
[2025-10-13T14:00:59.849+0000] {logging_mixin.py:188} INFO - [2025-10-13T14:00:59.849+0000] {dag.py:3834} INFO - Setting next_dagrun for weather_etl_v2 to 2025-10-12 22:00:00+00:00, run_after=2025-10-13 22:00:00+00:00
[2025-10-13T14:00:59.926+0000] {processor.py:183} INFO - Processing /opt/airflow/dags/weather_etl_v2.py took 0.296 seconds
[2025-10-13T14:01:30.672+0000] {processor.py:161} INFO - Started process (PID=13834) to work on /opt/airflow/dags/weather_etl_v2.py
[2025-10-13T14:01:30.686+0000] {processor.py:830} INFO - Processing file /opt/airflow/dags/weather_etl_v2.py for tasks to queue
[2025-10-13T14:01:30.696+0000] {logging_mixin.py:188} INFO - [2025-10-13T14:01:30.693+0000] {dagbag.py:540} INFO - Filling up the DagBag from /opt/airflow/dags/weather_etl_v2.py
[2025-10-13T14:01:30.830+0000] {processor.py:840} INFO - DAG(s) 'weather_etl_v2' retrieved from /opt/airflow/dags/weather_etl_v2.py
[2025-10-13T14:01:30.936+0000] {logging_mixin.py:188} INFO - [2025-10-13T14:01:30.935+0000] {dag.py:3047} INFO - Sync 1 DAGs
[2025-10-13T14:01:30.984+0000] {logging_mixin.py:188} INFO - [2025-10-13T14:01:30.984+0000] {dag.py:3834} INFO - Setting next_dagrun for weather_etl_v2 to 2025-10-12 22:00:00+00:00, run_after=2025-10-13 22:00:00+00:00
[2025-10-13T14:01:31.044+0000] {processor.py:183} INFO - Processing /opt/airflow/dags/weather_etl_v2.py took 0.421 seconds
[2025-10-13T14:02:01.578+0000] {processor.py:161} INFO - Started process (PID=13849) to work on /opt/airflow/dags/weather_etl_v2.py
[2025-10-13T14:02:01.581+0000] {processor.py:830} INFO - Processing file /opt/airflow/dags/weather_etl_v2.py for tasks to queue
[2025-10-13T14:02:01.584+0000] {logging_mixin.py:188} INFO - [2025-10-13T14:02:01.583+0000] {dagbag.py:540} INFO - Filling up the DagBag from /opt/airflow/dags/weather_etl_v2.py
[2025-10-13T14:02:01.628+0000] {processor.py:840} INFO - DAG(s) 'weather_etl_v2' retrieved from /opt/airflow/dags/weather_etl_v2.py
[2025-10-13T14:02:01.838+0000] {logging_mixin.py:188} INFO - [2025-10-13T14:02:01.837+0000] {dag.py:3047} INFO - Sync 1 DAGs
[2025-10-13T14:02:02.011+0000] {logging_mixin.py:188} INFO - [2025-10-13T14:02:02.010+0000] {dag.py:3834} INFO - Setting next_dagrun for weather_etl_v2 to 2025-10-12 22:00:00+00:00, run_after=2025-10-13 22:00:00+00:00
[2025-10-13T14:02:02.099+0000] {processor.py:183} INFO - Processing /opt/airflow/dags/weather_etl_v2.py took 0.526 seconds
[2025-10-13T14:02:33.069+0000] {processor.py:161} INFO - Started process (PID=13864) to work on /opt/airflow/dags/weather_etl_v2.py
[2025-10-13T14:02:33.071+0000] {processor.py:830} INFO - Processing file /opt/airflow/dags/weather_etl_v2.py for tasks to queue
[2025-10-13T14:02:33.074+0000] {logging_mixin.py:188} INFO - [2025-10-13T14:02:33.073+0000] {dagbag.py:540} INFO - Filling up the DagBag from /opt/airflow/dags/weather_etl_v2.py
[2025-10-13T14:02:33.113+0000] {processor.py:840} INFO - DAG(s) 'weather_etl_v2' retrieved from /opt/airflow/dags/weather_etl_v2.py
[2025-10-13T14:02:33.201+0000] {logging_mixin.py:188} INFO - [2025-10-13T14:02:33.201+0000] {dag.py:3047} INFO - Sync 1 DAGs
[2025-10-13T14:02:33.274+0000] {logging_mixin.py:188} INFO - [2025-10-13T14:02:33.274+0000] {dag.py:3834} INFO - Setting next_dagrun for weather_etl_v2 to 2025-10-12 22:00:00+00:00, run_after=2025-10-13 22:00:00+00:00
[2025-10-13T14:02:33.362+0000] {processor.py:183} INFO - Processing /opt/airflow/dags/weather_etl_v2.py took 0.297 seconds
[2025-10-13T14:03:03.843+0000] {processor.py:161} INFO - Started process (PID=13879) to work on /opt/airflow/dags/weather_etl_v2.py
[2025-10-13T14:03:03.846+0000] {processor.py:830} INFO - Processing file /opt/airflow/dags/weather_etl_v2.py for tasks to queue
[2025-10-13T14:03:03.848+0000] {logging_mixin.py:188} INFO - [2025-10-13T14:03:03.847+0000] {dagbag.py:540} INFO - Filling up the DagBag from /opt/airflow/dags/weather_etl_v2.py
[2025-10-13T14:03:03.893+0000] {processor.py:840} INFO - DAG(s) 'weather_etl_v2' retrieved from /opt/airflow/dags/weather_etl_v2.py
[2025-10-13T14:03:03.970+0000] {logging_mixin.py:188} INFO - [2025-10-13T14:03:03.969+0000] {dag.py:3047} INFO - Sync 1 DAGs
[2025-10-13T14:03:04.015+0000] {logging_mixin.py:188} INFO - [2025-10-13T14:03:04.015+0000] {dag.py:3834} INFO - Setting next_dagrun for weather_etl_v2 to 2025-10-12 22:00:00+00:00, run_after=2025-10-13 22:00:00+00:00
[2025-10-13T14:03:04.075+0000] {processor.py:183} INFO - Processing /opt/airflow/dags/weather_etl_v2.py took 0.237 seconds
[2025-10-13T14:03:34.736+0000] {processor.py:161} INFO - Started process (PID=13894) to work on /opt/airflow/dags/weather_etl_v2.py
[2025-10-13T14:03:34.738+0000] {processor.py:830} INFO - Processing file /opt/airflow/dags/weather_etl_v2.py for tasks to queue
[2025-10-13T14:03:34.740+0000] {logging_mixin.py:188} INFO - [2025-10-13T14:03:34.739+0000] {dagbag.py:540} INFO - Filling up the DagBag from /opt/airflow/dags/weather_etl_v2.py
[2025-10-13T14:03:34.783+0000] {processor.py:840} INFO - DAG(s) 'weather_etl_v2' retrieved from /opt/airflow/dags/weather_etl_v2.py
[2025-10-13T14:03:34.879+0000] {logging_mixin.py:188} INFO - [2025-10-13T14:03:34.879+0000] {dag.py:3047} INFO - Sync 1 DAGs
[2025-10-13T14:03:34.946+0000] {logging_mixin.py:188} INFO - [2025-10-13T14:03:34.945+0000] {dag.py:3834} INFO - Setting next_dagrun for weather_etl_v2 to 2025-10-12 22:00:00+00:00, run_after=2025-10-13 22:00:00+00:00
[2025-10-13T14:03:35.010+0000] {processor.py:183} INFO - Processing /opt/airflow/dags/weather_etl_v2.py took 0.278 seconds
[2025-10-13T14:04:05.707+0000] {processor.py:161} INFO - Started process (PID=13909) to work on /opt/airflow/dags/weather_etl_v2.py
[2025-10-13T14:04:05.709+0000] {processor.py:830} INFO - Processing file /opt/airflow/dags/weather_etl_v2.py for tasks to queue
[2025-10-13T14:04:05.711+0000] {logging_mixin.py:188} INFO - [2025-10-13T14:04:05.711+0000] {dagbag.py:540} INFO - Filling up the DagBag from /opt/airflow/dags/weather_etl_v2.py
[2025-10-13T14:04:05.759+0000] {processor.py:840} INFO - DAG(s) 'weather_etl_v2' retrieved from /opt/airflow/dags/weather_etl_v2.py
[2025-10-13T14:04:05.859+0000] {logging_mixin.py:188} INFO - [2025-10-13T14:04:05.859+0000] {dag.py:3047} INFO - Sync 1 DAGs
[2025-10-13T14:04:05.925+0000] {logging_mixin.py:188} INFO - [2025-10-13T14:04:05.925+0000] {dag.py:3834} INFO - Setting next_dagrun for weather_etl_v2 to 2025-10-12 22:00:00+00:00, run_after=2025-10-13 22:00:00+00:00
[2025-10-13T14:04:06.018+0000] {processor.py:183} INFO - Processing /opt/airflow/dags/weather_etl_v2.py took 0.316 seconds
[2025-10-13T14:04:36.720+0000] {processor.py:161} INFO - Started process (PID=13924) to work on /opt/airflow/dags/weather_etl_v2.py
[2025-10-13T14:04:36.721+0000] {processor.py:830} INFO - Processing file /opt/airflow/dags/weather_etl_v2.py for tasks to queue
[2025-10-13T14:04:36.724+0000] {logging_mixin.py:188} INFO - [2025-10-13T14:04:36.724+0000] {dagbag.py:540} INFO - Filling up the DagBag from /opt/airflow/dags/weather_etl_v2.py
[2025-10-13T14:04:36.767+0000] {processor.py:840} INFO - DAG(s) 'weather_etl_v2' retrieved from /opt/airflow/dags/weather_etl_v2.py
[2025-10-13T14:04:36.858+0000] {logging_mixin.py:188} INFO - [2025-10-13T14:04:36.858+0000] {dag.py:3047} INFO - Sync 1 DAGs
[2025-10-13T14:04:36.927+0000] {logging_mixin.py:188} INFO - [2025-10-13T14:04:36.927+0000] {dag.py:3834} INFO - Setting next_dagrun for weather_etl_v2 to 2025-10-12 22:00:00+00:00, run_after=2025-10-13 22:00:00+00:00
[2025-10-13T14:04:37.005+0000] {processor.py:183} INFO - Processing /opt/airflow/dags/weather_etl_v2.py took 0.291 seconds
[2025-10-13T14:05:07.543+0000] {processor.py:161} INFO - Started process (PID=13939) to work on /opt/airflow/dags/weather_etl_v2.py
[2025-10-13T14:05:07.547+0000] {processor.py:830} INFO - Processing file /opt/airflow/dags/weather_etl_v2.py for tasks to queue
[2025-10-13T14:05:07.550+0000] {logging_mixin.py:188} INFO - [2025-10-13T14:05:07.548+0000] {dagbag.py:540} INFO - Filling up the DagBag from /opt/airflow/dags/weather_etl_v2.py
[2025-10-13T14:05:07.605+0000] {processor.py:840} INFO - DAG(s) 'weather_etl_v2' retrieved from /opt/airflow/dags/weather_etl_v2.py
[2025-10-13T14:05:07.729+0000] {logging_mixin.py:188} INFO - [2025-10-13T14:05:07.728+0000] {dag.py:3047} INFO - Sync 1 DAGs
[2025-10-13T14:05:07.811+0000] {logging_mixin.py:188} INFO - [2025-10-13T14:05:07.811+0000] {dag.py:3834} INFO - Setting next_dagrun for weather_etl_v2 to 2025-10-12 22:00:00+00:00, run_after=2025-10-13 22:00:00+00:00
[2025-10-13T14:05:07.897+0000] {processor.py:183} INFO - Processing /opt/airflow/dags/weather_etl_v2.py took 0.359 seconds
[2025-10-13T14:05:38.521+0000] {processor.py:161} INFO - Started process (PID=13954) to work on /opt/airflow/dags/weather_etl_v2.py
[2025-10-13T14:05:38.529+0000] {processor.py:830} INFO - Processing file /opt/airflow/dags/weather_etl_v2.py for tasks to queue
[2025-10-13T14:05:38.533+0000] {logging_mixin.py:188} INFO - [2025-10-13T14:05:38.532+0000] {dagbag.py:540} INFO - Filling up the DagBag from /opt/airflow/dags/weather_etl_v2.py
[2025-10-13T14:05:38.676+0000] {processor.py:840} INFO - DAG(s) 'weather_etl_v2' retrieved from /opt/airflow/dags/weather_etl_v2.py
[2025-10-13T14:05:38.772+0000] {logging_mixin.py:188} INFO - [2025-10-13T14:05:38.771+0000] {dag.py:3047} INFO - Sync 1 DAGs
[2025-10-13T14:05:38.837+0000] {logging_mixin.py:188} INFO - [2025-10-13T14:05:38.836+0000] {dag.py:3834} INFO - Setting next_dagrun for weather_etl_v2 to 2025-10-12 22:00:00+00:00, run_after=2025-10-13 22:00:00+00:00
[2025-10-13T14:05:38.907+0000] {processor.py:183} INFO - Processing /opt/airflow/dags/weather_etl_v2.py took 0.391 seconds
[2025-10-13T14:06:09.182+0000] {processor.py:161} INFO - Started process (PID=13969) to work on /opt/airflow/dags/weather_etl_v2.py
[2025-10-13T14:06:09.184+0000] {processor.py:830} INFO - Processing file /opt/airflow/dags/weather_etl_v2.py for tasks to queue
[2025-10-13T14:06:09.186+0000] {logging_mixin.py:188} INFO - [2025-10-13T14:06:09.186+0000] {dagbag.py:540} INFO - Filling up the DagBag from /opt/airflow/dags/weather_etl_v2.py
[2025-10-13T14:06:09.227+0000] {processor.py:840} INFO - DAG(s) 'weather_etl_v2' retrieved from /opt/airflow/dags/weather_etl_v2.py
[2025-10-13T14:06:09.322+0000] {logging_mixin.py:188} INFO - [2025-10-13T14:06:09.321+0000] {dag.py:3047} INFO - Sync 1 DAGs
[2025-10-13T14:06:09.382+0000] {logging_mixin.py:188} INFO - [2025-10-13T14:06:09.382+0000] {dag.py:3834} INFO - Setting next_dagrun for weather_etl_v2 to 2025-10-12 22:00:00+00:00, run_after=2025-10-13 22:00:00+00:00
[2025-10-13T14:06:09.461+0000] {processor.py:183} INFO - Processing /opt/airflow/dags/weather_etl_v2.py took 0.284 seconds
[2025-10-13T14:06:39.994+0000] {processor.py:161} INFO - Started process (PID=13984) to work on /opt/airflow/dags/weather_etl_v2.py
[2025-10-13T14:06:39.996+0000] {processor.py:830} INFO - Processing file /opt/airflow/dags/weather_etl_v2.py for tasks to queue
[2025-10-13T14:06:39.998+0000] {logging_mixin.py:188} INFO - [2025-10-13T14:06:39.998+0000] {dagbag.py:540} INFO - Filling up the DagBag from /opt/airflow/dags/weather_etl_v2.py
[2025-10-13T14:06:40.036+0000] {processor.py:840} INFO - DAG(s) 'weather_etl_v2' retrieved from /opt/airflow/dags/weather_etl_v2.py
[2025-10-13T14:06:40.116+0000] {logging_mixin.py:188} INFO - [2025-10-13T14:06:40.116+0000] {dag.py:3047} INFO - Sync 1 DAGs
[2025-10-13T14:06:40.169+0000] {logging_mixin.py:188} INFO - [2025-10-13T14:06:40.169+0000] {dag.py:3834} INFO - Setting next_dagrun for weather_etl_v2 to 2025-10-12 22:00:00+00:00, run_after=2025-10-13 22:00:00+00:00
[2025-10-13T14:06:40.236+0000] {processor.py:183} INFO - Processing /opt/airflow/dags/weather_etl_v2.py took 0.246 seconds
[2025-10-13T14:07:10.736+0000] {processor.py:161} INFO - Started process (PID=13999) to work on /opt/airflow/dags/weather_etl_v2.py
[2025-10-13T14:07:10.738+0000] {processor.py:830} INFO - Processing file /opt/airflow/dags/weather_etl_v2.py for tasks to queue
[2025-10-13T14:07:10.742+0000] {logging_mixin.py:188} INFO - [2025-10-13T14:07:10.740+0000] {dagbag.py:540} INFO - Filling up the DagBag from /opt/airflow/dags/weather_etl_v2.py
[2025-10-13T14:07:10.786+0000] {processor.py:840} INFO - DAG(s) 'weather_etl_v2' retrieved from /opt/airflow/dags/weather_etl_v2.py
[2025-10-13T14:07:10.890+0000] {logging_mixin.py:188} INFO - [2025-10-13T14:07:10.889+0000] {dag.py:3047} INFO - Sync 1 DAGs
[2025-10-13T14:07:10.983+0000] {logging_mixin.py:188} INFO - [2025-10-13T14:07:10.983+0000] {dag.py:3834} INFO - Setting next_dagrun for weather_etl_v2 to 2025-10-12 22:00:00+00:00, run_after=2025-10-13 22:00:00+00:00
[2025-10-13T14:07:11.078+0000] {processor.py:183} INFO - Processing /opt/airflow/dags/weather_etl_v2.py took 0.350 seconds
[2025-10-13T14:07:41.269+0000] {processor.py:161} INFO - Started process (PID=14014) to work on /opt/airflow/dags/weather_etl_v2.py
[2025-10-13T14:07:41.272+0000] {processor.py:830} INFO - Processing file /opt/airflow/dags/weather_etl_v2.py for tasks to queue
[2025-10-13T14:07:41.276+0000] {logging_mixin.py:188} INFO - [2025-10-13T14:07:41.275+0000] {dagbag.py:540} INFO - Filling up the DagBag from /opt/airflow/dags/weather_etl_v2.py
[2025-10-13T14:07:41.321+0000] {processor.py:840} INFO - DAG(s) 'weather_etl_v2' retrieved from /opt/airflow/dags/weather_etl_v2.py
[2025-10-13T14:07:41.436+0000] {logging_mixin.py:188} INFO - [2025-10-13T14:07:41.435+0000] {dag.py:3047} INFO - Sync 1 DAGs
[2025-10-13T14:07:41.532+0000] {logging_mixin.py:188} INFO - [2025-10-13T14:07:41.532+0000] {dag.py:3834} INFO - Setting next_dagrun for weather_etl_v2 to 2025-10-12 22:00:00+00:00, run_after=2025-10-13 22:00:00+00:00
[2025-10-13T14:07:41.621+0000] {processor.py:183} INFO - Processing /opt/airflow/dags/weather_etl_v2.py took 0.361 seconds
[2025-10-13T14:08:11.734+0000] {processor.py:161} INFO - Started process (PID=14029) to work on /opt/airflow/dags/weather_etl_v2.py
[2025-10-13T14:08:11.737+0000] {processor.py:830} INFO - Processing file /opt/airflow/dags/weather_etl_v2.py for tasks to queue
[2025-10-13T14:08:11.740+0000] {logging_mixin.py:188} INFO - [2025-10-13T14:08:11.739+0000] {dagbag.py:540} INFO - Filling up the DagBag from /opt/airflow/dags/weather_etl_v2.py
[2025-10-13T14:08:11.790+0000] {processor.py:840} INFO - DAG(s) 'weather_etl_v2' retrieved from /opt/airflow/dags/weather_etl_v2.py
[2025-10-13T14:08:11.926+0000] {logging_mixin.py:188} INFO - [2025-10-13T14:08:11.925+0000] {dag.py:3047} INFO - Sync 1 DAGs
[2025-10-13T14:08:12.126+0000] {logging_mixin.py:188} INFO - [2025-10-13T14:08:12.125+0000] {dag.py:3834} INFO - Setting next_dagrun for weather_etl_v2 to 2025-10-12 22:00:00+00:00, run_after=2025-10-13 22:00:00+00:00
[2025-10-13T14:08:12.317+0000] {processor.py:183} INFO - Processing /opt/airflow/dags/weather_etl_v2.py took 0.589 seconds
[2025-10-13T14:08:42.424+0000] {processor.py:161} INFO - Started process (PID=14044) to work on /opt/airflow/dags/weather_etl_v2.py
[2025-10-13T14:08:42.427+0000] {processor.py:830} INFO - Processing file /opt/airflow/dags/weather_etl_v2.py for tasks to queue
[2025-10-13T14:08:42.428+0000] {logging_mixin.py:188} INFO - [2025-10-13T14:08:42.428+0000] {dagbag.py:540} INFO - Filling up the DagBag from /opt/airflow/dags/weather_etl_v2.py
[2025-10-13T14:08:42.476+0000] {processor.py:840} INFO - DAG(s) 'weather_etl_v2' retrieved from /opt/airflow/dags/weather_etl_v2.py
[2025-10-13T14:08:42.571+0000] {logging_mixin.py:188} INFO - [2025-10-13T14:08:42.570+0000] {dag.py:3047} INFO - Sync 1 DAGs
[2025-10-13T14:08:42.691+0000] {logging_mixin.py:188} INFO - [2025-10-13T14:08:42.691+0000] {dag.py:3834} INFO - Setting next_dagrun for weather_etl_v2 to 2025-10-12 22:00:00+00:00, run_after=2025-10-13 22:00:00+00:00
[2025-10-13T14:08:42.865+0000] {processor.py:183} INFO - Processing /opt/airflow/dags/weather_etl_v2.py took 0.449 seconds
[2025-10-13T14:09:13.392+0000] {processor.py:161} INFO - Started process (PID=14059) to work on /opt/airflow/dags/weather_etl_v2.py
[2025-10-13T14:09:13.394+0000] {processor.py:830} INFO - Processing file /opt/airflow/dags/weather_etl_v2.py for tasks to queue
[2025-10-13T14:09:13.396+0000] {logging_mixin.py:188} INFO - [2025-10-13T14:09:13.395+0000] {dagbag.py:540} INFO - Filling up the DagBag from /opt/airflow/dags/weather_etl_v2.py
[2025-10-13T14:09:13.436+0000] {processor.py:840} INFO - DAG(s) 'weather_etl_v2' retrieved from /opt/airflow/dags/weather_etl_v2.py
[2025-10-13T14:09:13.557+0000] {logging_mixin.py:188} INFO - [2025-10-13T14:09:13.556+0000] {dag.py:3047} INFO - Sync 1 DAGs
[2025-10-13T14:09:13.628+0000] {logging_mixin.py:188} INFO - [2025-10-13T14:09:13.627+0000] {dag.py:3834} INFO - Setting next_dagrun for weather_etl_v2 to 2025-10-12 22:00:00+00:00, run_after=2025-10-13 22:00:00+00:00
[2025-10-13T14:09:13.719+0000] {processor.py:183} INFO - Processing /opt/airflow/dags/weather_etl_v2.py took 0.331 seconds
[2025-10-13T14:09:44.263+0000] {processor.py:161} INFO - Started process (PID=14074) to work on /opt/airflow/dags/weather_etl_v2.py
[2025-10-13T14:09:44.265+0000] {processor.py:830} INFO - Processing file /opt/airflow/dags/weather_etl_v2.py for tasks to queue
[2025-10-13T14:09:44.267+0000] {logging_mixin.py:188} INFO - [2025-10-13T14:09:44.267+0000] {dagbag.py:540} INFO - Filling up the DagBag from /opt/airflow/dags/weather_etl_v2.py
[2025-10-13T14:09:44.305+0000] {processor.py:840} INFO - DAG(s) 'weather_etl_v2' retrieved from /opt/airflow/dags/weather_etl_v2.py
[2025-10-13T14:09:44.402+0000] {logging_mixin.py:188} INFO - [2025-10-13T14:09:44.402+0000] {dag.py:3047} INFO - Sync 1 DAGs
[2025-10-13T14:09:44.488+0000] {logging_mixin.py:188} INFO - [2025-10-13T14:09:44.487+0000] {dag.py:3834} INFO - Setting next_dagrun for weather_etl_v2 to 2025-10-12 22:00:00+00:00, run_after=2025-10-13 22:00:00+00:00
[2025-10-13T14:09:44.564+0000] {processor.py:183} INFO - Processing /opt/airflow/dags/weather_etl_v2.py took 0.304 seconds
[2025-10-13T14:10:15.224+0000] {processor.py:161} INFO - Started process (PID=14089) to work on /opt/airflow/dags/weather_etl_v2.py
[2025-10-13T14:10:15.225+0000] {processor.py:830} INFO - Processing file /opt/airflow/dags/weather_etl_v2.py for tasks to queue
[2025-10-13T14:10:15.228+0000] {logging_mixin.py:188} INFO - [2025-10-13T14:10:15.227+0000] {dagbag.py:540} INFO - Filling up the DagBag from /opt/airflow/dags/weather_etl_v2.py
[2025-10-13T14:10:15.268+0000] {processor.py:840} INFO - DAG(s) 'weather_etl_v2' retrieved from /opt/airflow/dags/weather_etl_v2.py
[2025-10-13T14:10:15.358+0000] {logging_mixin.py:188} INFO - [2025-10-13T14:10:15.358+0000] {dag.py:3047} INFO - Sync 1 DAGs
[2025-10-13T14:10:15.420+0000] {logging_mixin.py:188} INFO - [2025-10-13T14:10:15.420+0000] {dag.py:3834} INFO - Setting next_dagrun for weather_etl_v2 to 2025-10-12 22:00:00+00:00, run_after=2025-10-13 22:00:00+00:00
[2025-10-13T14:10:15.495+0000] {processor.py:183} INFO - Processing /opt/airflow/dags/weather_etl_v2.py took 0.275 seconds
[2025-10-13T14:10:46.370+0000] {processor.py:161} INFO - Started process (PID=14104) to work on /opt/airflow/dags/weather_etl_v2.py
[2025-10-13T14:10:46.372+0000] {processor.py:830} INFO - Processing file /opt/airflow/dags/weather_etl_v2.py for tasks to queue
[2025-10-13T14:10:46.375+0000] {logging_mixin.py:188} INFO - [2025-10-13T14:10:46.374+0000] {dagbag.py:540} INFO - Filling up the DagBag from /opt/airflow/dags/weather_etl_v2.py
[2025-10-13T14:10:46.421+0000] {processor.py:840} INFO - DAG(s) 'weather_etl_v2' retrieved from /opt/airflow/dags/weather_etl_v2.py
[2025-10-13T14:10:46.523+0000] {logging_mixin.py:188} INFO - [2025-10-13T14:10:46.523+0000] {dag.py:3047} INFO - Sync 1 DAGs
[2025-10-13T14:10:46.589+0000] {logging_mixin.py:188} INFO - [2025-10-13T14:10:46.589+0000] {dag.py:3834} INFO - Setting next_dagrun for weather_etl_v2 to 2025-10-12 22:00:00+00:00, run_after=2025-10-13 22:00:00+00:00
[2025-10-13T14:10:46.685+0000] {processor.py:183} INFO - Processing /opt/airflow/dags/weather_etl_v2.py took 0.319 seconds
[2025-10-13T14:11:17.157+0000] {processor.py:161} INFO - Started process (PID=14119) to work on /opt/airflow/dags/weather_etl_v2.py
[2025-10-13T14:11:17.160+0000] {processor.py:830} INFO - Processing file /opt/airflow/dags/weather_etl_v2.py for tasks to queue
[2025-10-13T14:11:17.162+0000] {logging_mixin.py:188} INFO - [2025-10-13T14:11:17.162+0000] {dagbag.py:540} INFO - Filling up the DagBag from /opt/airflow/dags/weather_etl_v2.py
[2025-10-13T14:11:17.208+0000] {processor.py:840} INFO - DAG(s) 'weather_etl_v2' retrieved from /opt/airflow/dags/weather_etl_v2.py
[2025-10-13T14:11:17.291+0000] {logging_mixin.py:188} INFO - [2025-10-13T14:11:17.291+0000] {dag.py:3047} INFO - Sync 1 DAGs
[2025-10-13T14:11:17.351+0000] {logging_mixin.py:188} INFO - [2025-10-13T14:11:17.351+0000] {dag.py:3834} INFO - Setting next_dagrun for weather_etl_v2 to 2025-10-12 22:00:00+00:00, run_after=2025-10-13 22:00:00+00:00
[2025-10-13T14:11:17.435+0000] {processor.py:183} INFO - Processing /opt/airflow/dags/weather_etl_v2.py took 0.283 seconds
[2025-10-13T14:11:47.964+0000] {processor.py:161} INFO - Started process (PID=14134) to work on /opt/airflow/dags/weather_etl_v2.py
[2025-10-13T14:11:47.968+0000] {processor.py:830} INFO - Processing file /opt/airflow/dags/weather_etl_v2.py for tasks to queue
[2025-10-13T14:11:47.972+0000] {logging_mixin.py:188} INFO - [2025-10-13T14:11:47.971+0000] {dagbag.py:540} INFO - Filling up the DagBag from /opt/airflow/dags/weather_etl_v2.py
[2025-10-13T14:11:48.032+0000] {processor.py:840} INFO - DAG(s) 'weather_etl_v2' retrieved from /opt/airflow/dags/weather_etl_v2.py
[2025-10-13T14:11:48.114+0000] {logging_mixin.py:188} INFO - [2025-10-13T14:11:48.113+0000] {dag.py:3047} INFO - Sync 1 DAGs
[2025-10-13T14:11:48.170+0000] {logging_mixin.py:188} INFO - [2025-10-13T14:11:48.170+0000] {dag.py:3834} INFO - Setting next_dagrun for weather_etl_v2 to 2025-10-12 22:00:00+00:00, run_after=2025-10-13 22:00:00+00:00
[2025-10-13T14:11:48.234+0000] {processor.py:183} INFO - Processing /opt/airflow/dags/weather_etl_v2.py took 0.276 seconds
[2025-10-13T14:12:18.961+0000] {processor.py:161} INFO - Started process (PID=14149) to work on /opt/airflow/dags/weather_etl_v2.py
[2025-10-13T14:12:18.964+0000] {processor.py:830} INFO - Processing file /opt/airflow/dags/weather_etl_v2.py for tasks to queue
[2025-10-13T14:12:18.967+0000] {logging_mixin.py:188} INFO - [2025-10-13T14:12:18.966+0000] {dagbag.py:540} INFO - Filling up the DagBag from /opt/airflow/dags/weather_etl_v2.py
[2025-10-13T14:12:19.006+0000] {processor.py:840} INFO - DAG(s) 'weather_etl_v2' retrieved from /opt/airflow/dags/weather_etl_v2.py
[2025-10-13T14:12:19.095+0000] {logging_mixin.py:188} INFO - [2025-10-13T14:12:19.095+0000] {dag.py:3047} INFO - Sync 1 DAGs
[2025-10-13T14:12:19.153+0000] {logging_mixin.py:188} INFO - [2025-10-13T14:12:19.152+0000] {dag.py:3834} INFO - Setting next_dagrun for weather_etl_v2 to 2025-10-12 22:00:00+00:00, run_after=2025-10-13 22:00:00+00:00
[2025-10-13T14:12:19.234+0000] {processor.py:183} INFO - Processing /opt/airflow/dags/weather_etl_v2.py took 0.282 seconds
[2025-10-13T14:12:50.208+0000] {processor.py:161} INFO - Started process (PID=14164) to work on /opt/airflow/dags/weather_etl_v2.py
[2025-10-13T14:12:50.212+0000] {processor.py:830} INFO - Processing file /opt/airflow/dags/weather_etl_v2.py for tasks to queue
[2025-10-13T14:12:50.215+0000] {logging_mixin.py:188} INFO - [2025-10-13T14:12:50.214+0000] {dagbag.py:540} INFO - Filling up the DagBag from /opt/airflow/dags/weather_etl_v2.py
[2025-10-13T14:12:50.276+0000] {processor.py:840} INFO - DAG(s) 'weather_etl_v2' retrieved from /opt/airflow/dags/weather_etl_v2.py
[2025-10-13T14:12:50.383+0000] {logging_mixin.py:188} INFO - [2025-10-13T14:12:50.382+0000] {dag.py:3047} INFO - Sync 1 DAGs
[2025-10-13T14:12:50.436+0000] {logging_mixin.py:188} INFO - [2025-10-13T14:12:50.436+0000] {dag.py:3834} INFO - Setting next_dagrun for weather_etl_v2 to 2025-10-12 22:00:00+00:00, run_after=2025-10-13 22:00:00+00:00
[2025-10-13T14:12:50.502+0000] {processor.py:183} INFO - Processing /opt/airflow/dags/weather_etl_v2.py took 0.301 seconds
[2025-10-13T14:13:21.145+0000] {processor.py:161} INFO - Started process (PID=14179) to work on /opt/airflow/dags/weather_etl_v2.py
[2025-10-13T14:13:21.148+0000] {processor.py:830} INFO - Processing file /opt/airflow/dags/weather_etl_v2.py for tasks to queue
[2025-10-13T14:13:21.150+0000] {logging_mixin.py:188} INFO - [2025-10-13T14:13:21.149+0000] {dagbag.py:540} INFO - Filling up the DagBag from /opt/airflow/dags/weather_etl_v2.py
[2025-10-13T14:13:21.204+0000] {processor.py:840} INFO - DAG(s) 'weather_etl_v2' retrieved from /opt/airflow/dags/weather_etl_v2.py
[2025-10-13T14:13:21.313+0000] {logging_mixin.py:188} INFO - [2025-10-13T14:13:21.311+0000] {dag.py:3047} INFO - Sync 1 DAGs
[2025-10-13T14:13:21.381+0000] {logging_mixin.py:188} INFO - [2025-10-13T14:13:21.381+0000] {dag.py:3834} INFO - Setting next_dagrun for weather_etl_v2 to 2025-10-12 22:00:00+00:00, run_after=2025-10-13 22:00:00+00:00
[2025-10-13T14:13:21.456+0000] {processor.py:183} INFO - Processing /opt/airflow/dags/weather_etl_v2.py took 0.317 seconds
[2025-10-13T14:13:52.129+0000] {processor.py:161} INFO - Started process (PID=14194) to work on /opt/airflow/dags/weather_etl_v2.py
[2025-10-13T14:13:52.135+0000] {processor.py:830} INFO - Processing file /opt/airflow/dags/weather_etl_v2.py for tasks to queue
[2025-10-13T14:13:52.139+0000] {logging_mixin.py:188} INFO - [2025-10-13T14:13:52.138+0000] {dagbag.py:540} INFO - Filling up the DagBag from /opt/airflow/dags/weather_etl_v2.py
[2025-10-13T14:13:52.187+0000] {processor.py:840} INFO - DAG(s) 'weather_etl_v2' retrieved from /opt/airflow/dags/weather_etl_v2.py
[2025-10-13T14:13:52.409+0000] {logging_mixin.py:188} INFO - [2025-10-13T14:13:52.408+0000] {dag.py:3047} INFO - Sync 1 DAGs
[2025-10-13T14:13:52.530+0000] {logging_mixin.py:188} INFO - [2025-10-13T14:13:52.529+0000] {dag.py:3834} INFO - Setting next_dagrun for weather_etl_v2 to 2025-10-12 22:00:00+00:00, run_after=2025-10-13 22:00:00+00:00
[2025-10-13T14:13:52.599+0000] {processor.py:183} INFO - Processing /opt/airflow/dags/weather_etl_v2.py took 0.477 seconds
[2025-10-13T14:14:23.235+0000] {processor.py:161} INFO - Started process (PID=14209) to work on /opt/airflow/dags/weather_etl_v2.py
[2025-10-13T14:14:23.237+0000] {processor.py:830} INFO - Processing file /opt/airflow/dags/weather_etl_v2.py for tasks to queue
[2025-10-13T14:14:23.240+0000] {logging_mixin.py:188} INFO - [2025-10-13T14:14:23.239+0000] {dagbag.py:540} INFO - Filling up the DagBag from /opt/airflow/dags/weather_etl_v2.py
[2025-10-13T14:14:23.281+0000] {processor.py:840} INFO - DAG(s) 'weather_etl_v2' retrieved from /opt/airflow/dags/weather_etl_v2.py
[2025-10-13T14:14:23.369+0000] {logging_mixin.py:188} INFO - [2025-10-13T14:14:23.368+0000] {dag.py:3047} INFO - Sync 1 DAGs
[2025-10-13T14:14:23.437+0000] {logging_mixin.py:188} INFO - [2025-10-13T14:14:23.437+0000] {dag.py:3834} INFO - Setting next_dagrun for weather_etl_v2 to 2025-10-12 22:00:00+00:00, run_after=2025-10-13 22:00:00+00:00
[2025-10-13T14:14:23.530+0000] {processor.py:183} INFO - Processing /opt/airflow/dags/weather_etl_v2.py took 0.300 seconds
[2025-10-13T14:14:54.225+0000] {processor.py:161} INFO - Started process (PID=14224) to work on /opt/airflow/dags/weather_etl_v2.py
[2025-10-13T14:14:54.228+0000] {processor.py:830} INFO - Processing file /opt/airflow/dags/weather_etl_v2.py for tasks to queue
[2025-10-13T14:14:54.231+0000] {logging_mixin.py:188} INFO - [2025-10-13T14:14:54.230+0000] {dagbag.py:540} INFO - Filling up the DagBag from /opt/airflow/dags/weather_etl_v2.py
[2025-10-13T14:14:54.276+0000] {processor.py:840} INFO - DAG(s) 'weather_etl_v2' retrieved from /opt/airflow/dags/weather_etl_v2.py
[2025-10-13T14:14:54.373+0000] {logging_mixin.py:188} INFO - [2025-10-13T14:14:54.372+0000] {dag.py:3047} INFO - Sync 1 DAGs
[2025-10-13T14:14:54.436+0000] {logging_mixin.py:188} INFO - [2025-10-13T14:14:54.436+0000] {dag.py:3834} INFO - Setting next_dagrun for weather_etl_v2 to 2025-10-12 22:00:00+00:00, run_after=2025-10-13 22:00:00+00:00
[2025-10-13T14:14:54.505+0000] {processor.py:183} INFO - Processing /opt/airflow/dags/weather_etl_v2.py took 0.287 seconds
[2025-10-13T14:15:25.007+0000] {processor.py:161} INFO - Started process (PID=14239) to work on /opt/airflow/dags/weather_etl_v2.py
[2025-10-13T14:15:25.009+0000] {processor.py:830} INFO - Processing file /opt/airflow/dags/weather_etl_v2.py for tasks to queue
[2025-10-13T14:15:25.011+0000] {logging_mixin.py:188} INFO - [2025-10-13T14:15:25.011+0000] {dagbag.py:540} INFO - Filling up the DagBag from /opt/airflow/dags/weather_etl_v2.py
[2025-10-13T14:15:25.054+0000] {processor.py:840} INFO - DAG(s) 'weather_etl_v2' retrieved from /opt/airflow/dags/weather_etl_v2.py
[2025-10-13T14:15:25.156+0000] {logging_mixin.py:188} INFO - [2025-10-13T14:15:25.155+0000] {dag.py:3047} INFO - Sync 1 DAGs
[2025-10-13T14:15:25.221+0000] {logging_mixin.py:188} INFO - [2025-10-13T14:15:25.220+0000] {dag.py:3834} INFO - Setting next_dagrun for weather_etl_v2 to 2025-10-12 22:00:00+00:00, run_after=2025-10-13 22:00:00+00:00
[2025-10-13T14:15:25.290+0000] {processor.py:183} INFO - Processing /opt/airflow/dags/weather_etl_v2.py took 0.287 seconds
[2025-10-13T14:15:55.908+0000] {processor.py:161} INFO - Started process (PID=14254) to work on /opt/airflow/dags/weather_etl_v2.py
[2025-10-13T14:15:55.910+0000] {processor.py:830} INFO - Processing file /opt/airflow/dags/weather_etl_v2.py for tasks to queue
[2025-10-13T14:15:55.912+0000] {logging_mixin.py:188} INFO - [2025-10-13T14:15:55.911+0000] {dagbag.py:540} INFO - Filling up the DagBag from /opt/airflow/dags/weather_etl_v2.py
[2025-10-13T14:15:55.975+0000] {processor.py:840} INFO - DAG(s) 'weather_etl_v2' retrieved from /opt/airflow/dags/weather_etl_v2.py
[2025-10-13T14:15:56.075+0000] {logging_mixin.py:188} INFO - [2025-10-13T14:15:56.075+0000] {dag.py:3047} INFO - Sync 1 DAGs
[2025-10-13T14:15:56.139+0000] {logging_mixin.py:188} INFO - [2025-10-13T14:15:56.139+0000] {dag.py:3834} INFO - Setting next_dagrun for weather_etl_v2 to 2025-10-12 22:00:00+00:00, run_after=2025-10-13 22:00:00+00:00
[2025-10-13T14:15:56.210+0000] {processor.py:183} INFO - Processing /opt/airflow/dags/weather_etl_v2.py took 0.306 seconds
[2025-10-13T14:16:26.809+0000] {processor.py:161} INFO - Started process (PID=14269) to work on /opt/airflow/dags/weather_etl_v2.py
[2025-10-13T14:16:26.811+0000] {processor.py:830} INFO - Processing file /opt/airflow/dags/weather_etl_v2.py for tasks to queue
[2025-10-13T14:16:26.814+0000] {logging_mixin.py:188} INFO - [2025-10-13T14:16:26.813+0000] {dagbag.py:540} INFO - Filling up the DagBag from /opt/airflow/dags/weather_etl_v2.py
[2025-10-13T14:16:26.867+0000] {processor.py:840} INFO - DAG(s) 'weather_etl_v2' retrieved from /opt/airflow/dags/weather_etl_v2.py
[2025-10-13T14:16:26.970+0000] {logging_mixin.py:188} INFO - [2025-10-13T14:16:26.970+0000] {dag.py:3047} INFO - Sync 1 DAGs
[2025-10-13T14:16:27.037+0000] {logging_mixin.py:188} INFO - [2025-10-13T14:16:27.037+0000] {dag.py:3834} INFO - Setting next_dagrun for weather_etl_v2 to 2025-10-12 22:00:00+00:00, run_after=2025-10-13 22:00:00+00:00
[2025-10-13T14:16:27.104+0000] {processor.py:183} INFO - Processing /opt/airflow/dags/weather_etl_v2.py took 0.315 seconds
[2025-10-13T14:16:57.674+0000] {processor.py:161} INFO - Started process (PID=14284) to work on /opt/airflow/dags/weather_etl_v2.py
[2025-10-13T14:16:57.676+0000] {processor.py:830} INFO - Processing file /opt/airflow/dags/weather_etl_v2.py for tasks to queue
[2025-10-13T14:16:57.679+0000] {logging_mixin.py:188} INFO - [2025-10-13T14:16:57.678+0000] {dagbag.py:540} INFO - Filling up the DagBag from /opt/airflow/dags/weather_etl_v2.py
[2025-10-13T14:16:57.718+0000] {processor.py:840} INFO - DAG(s) 'weather_etl_v2' retrieved from /opt/airflow/dags/weather_etl_v2.py
[2025-10-13T14:16:57.831+0000] {logging_mixin.py:188} INFO - [2025-10-13T14:16:57.830+0000] {dag.py:3047} INFO - Sync 1 DAGs
[2025-10-13T14:16:57.889+0000] {logging_mixin.py:188} INFO - [2025-10-13T14:16:57.887+0000] {dag.py:3834} INFO - Setting next_dagrun for weather_etl_v2 to 2025-10-12 22:00:00+00:00, run_after=2025-10-13 22:00:00+00:00
[2025-10-13T14:16:57.974+0000] {processor.py:183} INFO - Processing /opt/airflow/dags/weather_etl_v2.py took 0.303 seconds
[2025-10-13T14:17:28.533+0000] {processor.py:161} INFO - Started process (PID=14299) to work on /opt/airflow/dags/weather_etl_v2.py
[2025-10-13T14:17:28.535+0000] {processor.py:830} INFO - Processing file /opt/airflow/dags/weather_etl_v2.py for tasks to queue
[2025-10-13T14:17:28.538+0000] {logging_mixin.py:188} INFO - [2025-10-13T14:17:28.537+0000] {dagbag.py:540} INFO - Filling up the DagBag from /opt/airflow/dags/weather_etl_v2.py
[2025-10-13T14:17:28.573+0000] {processor.py:840} INFO - DAG(s) 'weather_etl_v2' retrieved from /opt/airflow/dags/weather_etl_v2.py
[2025-10-13T14:17:28.653+0000] {logging_mixin.py:188} INFO - [2025-10-13T14:17:28.653+0000] {dag.py:3047} INFO - Sync 1 DAGs
[2025-10-13T14:17:28.709+0000] {logging_mixin.py:188} INFO - [2025-10-13T14:17:28.709+0000] {dag.py:3834} INFO - Setting next_dagrun for weather_etl_v2 to 2025-10-12 22:00:00+00:00, run_after=2025-10-13 22:00:00+00:00
[2025-10-13T14:17:28.769+0000] {processor.py:183} INFO - Processing /opt/airflow/dags/weather_etl_v2.py took 0.239 seconds
[2025-10-13T14:17:59.408+0000] {processor.py:161} INFO - Started process (PID=14314) to work on /opt/airflow/dags/weather_etl_v2.py
[2025-10-13T14:17:59.410+0000] {processor.py:830} INFO - Processing file /opt/airflow/dags/weather_etl_v2.py for tasks to queue
[2025-10-13T14:17:59.413+0000] {logging_mixin.py:188} INFO - [2025-10-13T14:17:59.412+0000] {dagbag.py:540} INFO - Filling up the DagBag from /opt/airflow/dags/weather_etl_v2.py
[2025-10-13T14:17:59.464+0000] {processor.py:840} INFO - DAG(s) 'weather_etl_v2' retrieved from /opt/airflow/dags/weather_etl_v2.py
[2025-10-13T14:17:59.561+0000] {logging_mixin.py:188} INFO - [2025-10-13T14:17:59.560+0000] {dag.py:3047} INFO - Sync 1 DAGs
[2025-10-13T14:17:59.626+0000] {logging_mixin.py:188} INFO - [2025-10-13T14:17:59.625+0000] {dag.py:3834} INFO - Setting next_dagrun for weather_etl_v2 to 2025-10-12 22:00:00+00:00, run_after=2025-10-13 22:00:00+00:00
[2025-10-13T14:17:59.700+0000] {processor.py:183} INFO - Processing /opt/airflow/dags/weather_etl_v2.py took 0.297 seconds
[2025-10-13T14:18:30.615+0000] {processor.py:161} INFO - Started process (PID=14329) to work on /opt/airflow/dags/weather_etl_v2.py
[2025-10-13T14:18:30.617+0000] {processor.py:830} INFO - Processing file /opt/airflow/dags/weather_etl_v2.py for tasks to queue
[2025-10-13T14:18:30.621+0000] {logging_mixin.py:188} INFO - [2025-10-13T14:18:30.620+0000] {dagbag.py:540} INFO - Filling up the DagBag from /opt/airflow/dags/weather_etl_v2.py
[2025-10-13T14:18:30.676+0000] {processor.py:840} INFO - DAG(s) 'weather_etl_v2' retrieved from /opt/airflow/dags/weather_etl_v2.py
[2025-10-13T14:18:30.769+0000] {logging_mixin.py:188} INFO - [2025-10-13T14:18:30.769+0000] {dag.py:3047} INFO - Sync 1 DAGs
[2025-10-13T14:18:30.830+0000] {logging_mixin.py:188} INFO - [2025-10-13T14:18:30.830+0000] {dag.py:3834} INFO - Setting next_dagrun for weather_etl_v2 to 2025-10-12 22:00:00+00:00, run_after=2025-10-13 22:00:00+00:00
[2025-10-13T14:18:30.908+0000] {processor.py:183} INFO - Processing /opt/airflow/dags/weather_etl_v2.py took 0.296 seconds
[2025-10-13T14:19:01.588+0000] {processor.py:161} INFO - Started process (PID=14344) to work on /opt/airflow/dags/weather_etl_v2.py
[2025-10-13T14:19:01.590+0000] {processor.py:830} INFO - Processing file /opt/airflow/dags/weather_etl_v2.py for tasks to queue
[2025-10-13T14:19:01.592+0000] {logging_mixin.py:188} INFO - [2025-10-13T14:19:01.592+0000] {dagbag.py:540} INFO - Filling up the DagBag from /opt/airflow/dags/weather_etl_v2.py
[2025-10-13T14:19:01.631+0000] {processor.py:840} INFO - DAG(s) 'weather_etl_v2' retrieved from /opt/airflow/dags/weather_etl_v2.py
[2025-10-13T14:19:01.747+0000] {logging_mixin.py:188} INFO - [2025-10-13T14:19:01.747+0000] {dag.py:3047} INFO - Sync 1 DAGs
[2025-10-13T14:19:01.813+0000] {logging_mixin.py:188} INFO - [2025-10-13T14:19:01.813+0000] {dag.py:3834} INFO - Setting next_dagrun for weather_etl_v2 to 2025-10-12 22:00:00+00:00, run_after=2025-10-13 22:00:00+00:00
[2025-10-13T14:19:01.886+0000] {processor.py:183} INFO - Processing /opt/airflow/dags/weather_etl_v2.py took 0.303 seconds
[2025-10-13T14:19:32.499+0000] {processor.py:161} INFO - Started process (PID=14359) to work on /opt/airflow/dags/weather_etl_v2.py
[2025-10-13T14:19:32.504+0000] {processor.py:830} INFO - Processing file /opt/airflow/dags/weather_etl_v2.py for tasks to queue
[2025-10-13T14:19:32.512+0000] {logging_mixin.py:188} INFO - [2025-10-13T14:19:32.511+0000] {dagbag.py:540} INFO - Filling up the DagBag from /opt/airflow/dags/weather_etl_v2.py
[2025-10-13T14:19:32.695+0000] {processor.py:840} INFO - DAG(s) 'weather_etl_v2' retrieved from /opt/airflow/dags/weather_etl_v2.py
[2025-10-13T14:19:32.961+0000] {logging_mixin.py:188} INFO - [2025-10-13T14:19:32.960+0000] {dag.py:3047} INFO - Sync 1 DAGs
[2025-10-13T14:19:33.067+0000] {logging_mixin.py:188} INFO - [2025-10-13T14:19:33.067+0000] {dag.py:3834} INFO - Setting next_dagrun for weather_etl_v2 to 2025-10-12 22:00:00+00:00, run_after=2025-10-13 22:00:00+00:00
[2025-10-13T14:19:33.175+0000] {processor.py:183} INFO - Processing /opt/airflow/dags/weather_etl_v2.py took 0.682 seconds
[2025-10-13T14:20:04.172+0000] {processor.py:161} INFO - Started process (PID=14374) to work on /opt/airflow/dags/weather_etl_v2.py
[2025-10-13T14:20:04.176+0000] {processor.py:830} INFO - Processing file /opt/airflow/dags/weather_etl_v2.py for tasks to queue
[2025-10-13T14:20:04.180+0000] {logging_mixin.py:188} INFO - [2025-10-13T14:20:04.178+0000] {dagbag.py:540} INFO - Filling up the DagBag from /opt/airflow/dags/weather_etl_v2.py
[2025-10-13T14:20:04.231+0000] {processor.py:840} INFO - DAG(s) 'weather_etl_v2' retrieved from /opt/airflow/dags/weather_etl_v2.py
[2025-10-13T14:20:04.304+0000] {logging_mixin.py:188} INFO - [2025-10-13T14:20:04.303+0000] {dag.py:3047} INFO - Sync 1 DAGs
[2025-10-13T14:20:04.373+0000] {logging_mixin.py:188} INFO - [2025-10-13T14:20:04.372+0000] {dag.py:3834} INFO - Setting next_dagrun for weather_etl_v2 to 2025-10-12 22:00:00+00:00, run_after=2025-10-13 22:00:00+00:00
[2025-10-13T14:20:04.456+0000] {processor.py:183} INFO - Processing /opt/airflow/dags/weather_etl_v2.py took 0.309 seconds
[2025-10-13T14:20:35.061+0000] {processor.py:161} INFO - Started process (PID=14389) to work on /opt/airflow/dags/weather_etl_v2.py
[2025-10-13T14:20:35.064+0000] {processor.py:830} INFO - Processing file /opt/airflow/dags/weather_etl_v2.py for tasks to queue
[2025-10-13T14:20:35.066+0000] {logging_mixin.py:188} INFO - [2025-10-13T14:20:35.065+0000] {dagbag.py:540} INFO - Filling up the DagBag from /opt/airflow/dags/weather_etl_v2.py
[2025-10-13T14:20:35.100+0000] {processor.py:840} INFO - DAG(s) 'weather_etl_v2' retrieved from /opt/airflow/dags/weather_etl_v2.py
[2025-10-13T14:20:35.170+0000] {logging_mixin.py:188} INFO - [2025-10-13T14:20:35.169+0000] {dag.py:3047} INFO - Sync 1 DAGs
[2025-10-13T14:20:35.222+0000] {logging_mixin.py:188} INFO - [2025-10-13T14:20:35.222+0000] {dag.py:3834} INFO - Setting next_dagrun for weather_etl_v2 to 2025-10-12 22:00:00+00:00, run_after=2025-10-13 22:00:00+00:00
[2025-10-13T14:20:35.278+0000] {processor.py:183} INFO - Processing /opt/airflow/dags/weather_etl_v2.py took 0.220 seconds
[2025-10-13T14:21:07.003+0000] {processor.py:161} INFO - Started process (PID=14404) to work on /opt/airflow/dags/weather_etl_v2.py
[2025-10-13T14:21:07.004+0000] {processor.py:830} INFO - Processing file /opt/airflow/dags/weather_etl_v2.py for tasks to queue
[2025-10-13T14:21:07.007+0000] {logging_mixin.py:188} INFO - [2025-10-13T14:21:07.006+0000] {dagbag.py:540} INFO - Filling up the DagBag from /opt/airflow/dags/weather_etl_v2.py
[2025-10-13T14:21:07.043+0000] {processor.py:840} INFO - DAG(s) 'weather_etl_v2' retrieved from /opt/airflow/dags/weather_etl_v2.py
[2025-10-13T14:21:07.119+0000] {logging_mixin.py:188} INFO - [2025-10-13T14:21:07.119+0000] {dag.py:3047} INFO - Sync 1 DAGs
[2025-10-13T14:21:07.172+0000] {logging_mixin.py:188} INFO - [2025-10-13T14:21:07.172+0000] {dag.py:3834} INFO - Setting next_dagrun for weather_etl_v2 to 2025-10-12 22:00:00+00:00, run_after=2025-10-13 22:00:00+00:00
[2025-10-13T14:21:07.229+0000] {processor.py:183} INFO - Processing /opt/airflow/dags/weather_etl_v2.py took 0.232 seconds
[2025-10-13T14:21:37.947+0000] {processor.py:161} INFO - Started process (PID=14419) to work on /opt/airflow/dags/weather_etl_v2.py
[2025-10-13T14:21:37.951+0000] {processor.py:830} INFO - Processing file /opt/airflow/dags/weather_etl_v2.py for tasks to queue
[2025-10-13T14:21:37.955+0000] {logging_mixin.py:188} INFO - [2025-10-13T14:21:37.953+0000] {dagbag.py:540} INFO - Filling up the DagBag from /opt/airflow/dags/weather_etl_v2.py
[2025-10-13T14:21:38.012+0000] {processor.py:840} INFO - DAG(s) 'weather_etl_v2' retrieved from /opt/airflow/dags/weather_etl_v2.py
[2025-10-13T14:21:38.139+0000] {logging_mixin.py:188} INFO - [2025-10-13T14:21:38.138+0000] {dag.py:3047} INFO - Sync 1 DAGs
[2025-10-13T14:21:38.219+0000] {logging_mixin.py:188} INFO - [2025-10-13T14:21:38.218+0000] {dag.py:3834} INFO - Setting next_dagrun for weather_etl_v2 to 2025-10-12 22:00:00+00:00, run_after=2025-10-13 22:00:00+00:00
[2025-10-13T14:21:38.307+0000] {processor.py:183} INFO - Processing /opt/airflow/dags/weather_etl_v2.py took 0.371 seconds
[2025-10-13T14:22:09.516+0000] {processor.py:161} INFO - Started process (PID=14434) to work on /opt/airflow/dags/weather_etl_v2.py
[2025-10-13T14:22:09.521+0000] {processor.py:830} INFO - Processing file /opt/airflow/dags/weather_etl_v2.py for tasks to queue
[2025-10-13T14:22:09.524+0000] {logging_mixin.py:188} INFO - [2025-10-13T14:22:09.523+0000] {dagbag.py:540} INFO - Filling up the DagBag from /opt/airflow/dags/weather_etl_v2.py
[2025-10-13T14:22:09.571+0000] {processor.py:840} INFO - DAG(s) 'weather_etl_v2' retrieved from /opt/airflow/dags/weather_etl_v2.py
[2025-10-13T14:22:09.689+0000] {logging_mixin.py:188} INFO - [2025-10-13T14:22:09.689+0000] {dag.py:3047} INFO - Sync 1 DAGs
[2025-10-13T14:22:09.777+0000] {logging_mixin.py:188} INFO - [2025-10-13T14:22:09.776+0000] {dag.py:3834} INFO - Setting next_dagrun for weather_etl_v2 to 2025-10-12 22:00:00+00:00, run_after=2025-10-13 22:00:00+00:00
[2025-10-13T14:22:09.859+0000] {processor.py:183} INFO - Processing /opt/airflow/dags/weather_etl_v2.py took 0.354 seconds
[2025-10-13T14:22:40.012+0000] {processor.py:161} INFO - Started process (PID=14449) to work on /opt/airflow/dags/weather_etl_v2.py
[2025-10-13T14:22:40.016+0000] {processor.py:830} INFO - Processing file /opt/airflow/dags/weather_etl_v2.py for tasks to queue
[2025-10-13T14:22:40.020+0000] {logging_mixin.py:188} INFO - [2025-10-13T14:22:40.019+0000] {dagbag.py:540} INFO - Filling up the DagBag from /opt/airflow/dags/weather_etl_v2.py
[2025-10-13T14:22:40.091+0000] {processor.py:840} INFO - DAG(s) 'weather_etl_v2' retrieved from /opt/airflow/dags/weather_etl_v2.py
[2025-10-13T14:22:40.233+0000] {logging_mixin.py:188} INFO - [2025-10-13T14:22:40.232+0000] {dag.py:3047} INFO - Sync 1 DAGs
[2025-10-13T14:22:40.331+0000] {logging_mixin.py:188} INFO - [2025-10-13T14:22:40.331+0000] {dag.py:3834} INFO - Setting next_dagrun for weather_etl_v2 to 2025-10-12 22:00:00+00:00, run_after=2025-10-13 22:00:00+00:00
[2025-10-13T14:22:40.424+0000] {processor.py:183} INFO - Processing /opt/airflow/dags/weather_etl_v2.py took 0.421 seconds
[2025-10-13T14:23:11.485+0000] {processor.py:161} INFO - Started process (PID=14464) to work on /opt/airflow/dags/weather_etl_v2.py
[2025-10-13T14:23:11.489+0000] {processor.py:830} INFO - Processing file /opt/airflow/dags/weather_etl_v2.py for tasks to queue
[2025-10-13T14:23:11.493+0000] {logging_mixin.py:188} INFO - [2025-10-13T14:23:11.492+0000] {dagbag.py:540} INFO - Filling up the DagBag from /opt/airflow/dags/weather_etl_v2.py
[2025-10-13T14:23:11.552+0000] {processor.py:840} INFO - DAG(s) 'weather_etl_v2' retrieved from /opt/airflow/dags/weather_etl_v2.py
[2025-10-13T14:23:11.657+0000] {logging_mixin.py:188} INFO - [2025-10-13T14:23:11.656+0000] {dag.py:3047} INFO - Sync 1 DAGs
[2025-10-13T14:23:11.740+0000] {logging_mixin.py:188} INFO - [2025-10-13T14:23:11.740+0000] {dag.py:3834} INFO - Setting next_dagrun for weather_etl_v2 to 2025-10-12 22:00:00+00:00, run_after=2025-10-13 22:00:00+00:00
[2025-10-13T14:23:11.837+0000] {processor.py:183} INFO - Processing /opt/airflow/dags/weather_etl_v2.py took 0.365 seconds
[2025-10-13T14:23:42.313+0000] {processor.py:161} INFO - Started process (PID=14479) to work on /opt/airflow/dags/weather_etl_v2.py
[2025-10-13T14:23:42.315+0000] {processor.py:830} INFO - Processing file /opt/airflow/dags/weather_etl_v2.py for tasks to queue
[2025-10-13T14:23:42.317+0000] {logging_mixin.py:188} INFO - [2025-10-13T14:23:42.317+0000] {dagbag.py:540} INFO - Filling up the DagBag from /opt/airflow/dags/weather_etl_v2.py
[2025-10-13T14:23:42.354+0000] {processor.py:840} INFO - DAG(s) 'weather_etl_v2' retrieved from /opt/airflow/dags/weather_etl_v2.py
[2025-10-13T14:23:42.459+0000] {logging_mixin.py:188} INFO - [2025-10-13T14:23:42.459+0000] {dag.py:3047} INFO - Sync 1 DAGs
[2025-10-13T14:23:42.517+0000] {logging_mixin.py:188} INFO - [2025-10-13T14:23:42.516+0000] {dag.py:3834} INFO - Setting next_dagrun for weather_etl_v2 to 2025-10-12 22:00:00+00:00, run_after=2025-10-13 22:00:00+00:00
[2025-10-13T14:23:42.592+0000] {processor.py:183} INFO - Processing /opt/airflow/dags/weather_etl_v2.py took 0.286 seconds
[2025-10-13T14:24:13.280+0000] {processor.py:161} INFO - Started process (PID=14494) to work on /opt/airflow/dags/weather_etl_v2.py
[2025-10-13T14:24:13.282+0000] {processor.py:830} INFO - Processing file /opt/airflow/dags/weather_etl_v2.py for tasks to queue
[2025-10-13T14:24:13.284+0000] {logging_mixin.py:188} INFO - [2025-10-13T14:24:13.283+0000] {dagbag.py:540} INFO - Filling up the DagBag from /opt/airflow/dags/weather_etl_v2.py
[2025-10-13T14:24:13.322+0000] {processor.py:840} INFO - DAG(s) 'weather_etl_v2' retrieved from /opt/airflow/dags/weather_etl_v2.py
[2025-10-13T14:24:13.419+0000] {logging_mixin.py:188} INFO - [2025-10-13T14:24:13.418+0000] {dag.py:3047} INFO - Sync 1 DAGs
[2025-10-13T14:24:13.470+0000] {logging_mixin.py:188} INFO - [2025-10-13T14:24:13.470+0000] {dag.py:3834} INFO - Setting next_dagrun for weather_etl_v2 to 2025-10-12 22:00:00+00:00, run_after=2025-10-13 22:00:00+00:00
[2025-10-13T14:24:13.531+0000] {processor.py:183} INFO - Processing /opt/airflow/dags/weather_etl_v2.py took 0.255 seconds
[2025-10-13T14:24:44.169+0000] {processor.py:161} INFO - Started process (PID=14509) to work on /opt/airflow/dags/weather_etl_v2.py
[2025-10-13T14:24:44.172+0000] {processor.py:830} INFO - Processing file /opt/airflow/dags/weather_etl_v2.py for tasks to queue
[2025-10-13T14:24:44.175+0000] {logging_mixin.py:188} INFO - [2025-10-13T14:24:44.174+0000] {dagbag.py:540} INFO - Filling up the DagBag from /opt/airflow/dags/weather_etl_v2.py
[2025-10-13T14:24:44.214+0000] {processor.py:840} INFO - DAG(s) 'weather_etl_v2' retrieved from /opt/airflow/dags/weather_etl_v2.py
[2025-10-13T14:24:44.295+0000] {logging_mixin.py:188} INFO - [2025-10-13T14:24:44.295+0000] {dag.py:3047} INFO - Sync 1 DAGs
[2025-10-13T14:24:44.359+0000] {logging_mixin.py:188} INFO - [2025-10-13T14:24:44.358+0000] {dag.py:3834} INFO - Setting next_dagrun for weather_etl_v2 to 2025-10-12 22:00:00+00:00, run_after=2025-10-13 22:00:00+00:00
[2025-10-13T14:24:44.436+0000] {processor.py:183} INFO - Processing /opt/airflow/dags/weather_etl_v2.py took 0.273 seconds
[2025-10-13T14:25:14.922+0000] {processor.py:161} INFO - Started process (PID=14524) to work on /opt/airflow/dags/weather_etl_v2.py
[2025-10-13T14:25:14.925+0000] {processor.py:830} INFO - Processing file /opt/airflow/dags/weather_etl_v2.py for tasks to queue
[2025-10-13T14:25:14.927+0000] {logging_mixin.py:188} INFO - [2025-10-13T14:25:14.926+0000] {dagbag.py:540} INFO - Filling up the DagBag from /opt/airflow/dags/weather_etl_v2.py
[2025-10-13T14:25:14.966+0000] {processor.py:840} INFO - DAG(s) 'weather_etl_v2' retrieved from /opt/airflow/dags/weather_etl_v2.py
[2025-10-13T14:25:15.075+0000] {logging_mixin.py:188} INFO - [2025-10-13T14:25:15.075+0000] {dag.py:3047} INFO - Sync 1 DAGs
[2025-10-13T14:25:15.152+0000] {logging_mixin.py:188} INFO - [2025-10-13T14:25:15.151+0000] {dag.py:3834} INFO - Setting next_dagrun for weather_etl_v2 to 2025-10-12 22:00:00+00:00, run_after=2025-10-13 22:00:00+00:00
[2025-10-13T14:25:15.263+0000] {processor.py:183} INFO - Processing /opt/airflow/dags/weather_etl_v2.py took 0.345 seconds
[2025-10-13T14:25:46.551+0000] {processor.py:161} INFO - Started process (PID=14539) to work on /opt/airflow/dags/weather_etl_v2.py
[2025-10-13T14:25:46.699+0000] {processor.py:830} INFO - Processing file /opt/airflow/dags/weather_etl_v2.py for tasks to queue
[2025-10-13T14:25:46.701+0000] {logging_mixin.py:188} INFO - [2025-10-13T14:25:46.701+0000] {dagbag.py:540} INFO - Filling up the DagBag from /opt/airflow/dags/weather_etl_v2.py
[2025-10-13T14:25:47.080+0000] {processor.py:840} INFO - DAG(s) 'weather_etl_v2' retrieved from /opt/airflow/dags/weather_etl_v2.py
[2025-10-13T14:25:47.864+0000] {logging_mixin.py:188} INFO - [2025-10-13T14:25:47.864+0000] {dag.py:3047} INFO - Sync 1 DAGs
[2025-10-13T14:25:48.033+0000] {logging_mixin.py:188} INFO - [2025-10-13T14:25:48.032+0000] {dag.py:3834} INFO - Setting next_dagrun for weather_etl_v2 to 2025-10-12 22:00:00+00:00, run_after=2025-10-13 22:00:00+00:00
[2025-10-13T14:25:48.192+0000] {processor.py:183} INFO - Processing /opt/airflow/dags/weather_etl_v2.py took 1.656 seconds
[2025-10-13T14:26:18.865+0000] {processor.py:161} INFO - Started process (PID=14554) to work on /opt/airflow/dags/weather_etl_v2.py
[2025-10-13T14:26:18.892+0000] {processor.py:830} INFO - Processing file /opt/airflow/dags/weather_etl_v2.py for tasks to queue
[2025-10-13T14:26:18.918+0000] {logging_mixin.py:188} INFO - [2025-10-13T14:26:18.907+0000] {dagbag.py:540} INFO - Filling up the DagBag from /opt/airflow/dags/weather_etl_v2.py
[2025-10-13T14:26:20.630+0000] {processor.py:840} INFO - DAG(s) 'weather_etl_v2' retrieved from /opt/airflow/dags/weather_etl_v2.py
[2025-10-13T14:26:21.993+0000] {logging_mixin.py:188} INFO - [2025-10-13T14:26:21.992+0000] {dag.py:3047} INFO - Sync 1 DAGs
[2025-10-13T14:26:22.489+0000] {logging_mixin.py:188} INFO - [2025-10-13T14:26:22.488+0000] {dag.py:3834} INFO - Setting next_dagrun for weather_etl_v2 to 2025-10-12 22:00:00+00:00, run_after=2025-10-13 22:00:00+00:00
[2025-10-13T14:26:22.735+0000] {processor.py:183} INFO - Processing /opt/airflow/dags/weather_etl_v2.py took 4.039 seconds
[2025-10-13T14:26:53.735+0000] {processor.py:161} INFO - Started process (PID=14569) to work on /opt/airflow/dags/weather_etl_v2.py
[2025-10-13T14:26:53.738+0000] {processor.py:830} INFO - Processing file /opt/airflow/dags/weather_etl_v2.py for tasks to queue
[2025-10-13T14:26:53.740+0000] {logging_mixin.py:188} INFO - [2025-10-13T14:26:53.739+0000] {dagbag.py:540} INFO - Filling up the DagBag from /opt/airflow/dags/weather_etl_v2.py
[2025-10-13T14:26:53.785+0000] {processor.py:840} INFO - DAG(s) 'weather_etl_v2' retrieved from /opt/airflow/dags/weather_etl_v2.py
[2025-10-13T14:26:53.954+0000] {logging_mixin.py:188} INFO - [2025-10-13T14:26:53.953+0000] {dag.py:3047} INFO - Sync 1 DAGs
[2025-10-13T14:26:54.109+0000] {logging_mixin.py:188} INFO - [2025-10-13T14:26:54.108+0000] {dag.py:3834} INFO - Setting next_dagrun for weather_etl_v2 to 2025-10-12 22:00:00+00:00, run_after=2025-10-13 22:00:00+00:00
[2025-10-13T14:26:54.186+0000] {processor.py:183} INFO - Processing /opt/airflow/dags/weather_etl_v2.py took 0.454 seconds
[2025-10-13T14:27:24.608+0000] {processor.py:161} INFO - Started process (PID=14584) to work on /opt/airflow/dags/weather_etl_v2.py
[2025-10-13T14:27:24.610+0000] {processor.py:830} INFO - Processing file /opt/airflow/dags/weather_etl_v2.py for tasks to queue
[2025-10-13T14:27:24.612+0000] {logging_mixin.py:188} INFO - [2025-10-13T14:27:24.611+0000] {dagbag.py:540} INFO - Filling up the DagBag from /opt/airflow/dags/weather_etl_v2.py
[2025-10-13T14:27:24.650+0000] {processor.py:840} INFO - DAG(s) 'weather_etl_v2' retrieved from /opt/airflow/dags/weather_etl_v2.py
[2025-10-13T14:27:24.729+0000] {logging_mixin.py:188} INFO - [2025-10-13T14:27:24.729+0000] {dag.py:3047} INFO - Sync 1 DAGs
[2025-10-13T14:27:24.793+0000] {logging_mixin.py:188} INFO - [2025-10-13T14:27:24.792+0000] {dag.py:3834} INFO - Setting next_dagrun for weather_etl_v2 to 2025-10-12 22:00:00+00:00, run_after=2025-10-13 22:00:00+00:00
[2025-10-13T14:27:24.874+0000] {processor.py:183} INFO - Processing /opt/airflow/dags/weather_etl_v2.py took 0.271 seconds
[2025-10-13T14:27:55.208+0000] {processor.py:161} INFO - Started process (PID=14599) to work on /opt/airflow/dags/weather_etl_v2.py
[2025-10-13T14:27:55.210+0000] {processor.py:830} INFO - Processing file /opt/airflow/dags/weather_etl_v2.py for tasks to queue
[2025-10-13T14:27:55.213+0000] {logging_mixin.py:188} INFO - [2025-10-13T14:27:55.213+0000] {dagbag.py:540} INFO - Filling up the DagBag from /opt/airflow/dags/weather_etl_v2.py
[2025-10-13T14:27:55.264+0000] {processor.py:840} INFO - DAG(s) 'weather_etl_v2' retrieved from /opt/airflow/dags/weather_etl_v2.py
[2025-10-13T14:27:55.394+0000] {logging_mixin.py:188} INFO - [2025-10-13T14:27:55.393+0000] {dag.py:3047} INFO - Sync 1 DAGs
[2025-10-13T14:27:55.462+0000] {logging_mixin.py:188} INFO - [2025-10-13T14:27:55.462+0000] {dag.py:3834} INFO - Setting next_dagrun for weather_etl_v2 to 2025-10-12 22:00:00+00:00, run_after=2025-10-13 22:00:00+00:00
[2025-10-13T14:27:55.528+0000] {processor.py:183} INFO - Processing /opt/airflow/dags/weather_etl_v2.py took 0.327 seconds
[2025-10-13T14:28:26.430+0000] {processor.py:161} INFO - Started process (PID=14614) to work on /opt/airflow/dags/weather_etl_v2.py
[2025-10-13T14:28:26.432+0000] {processor.py:830} INFO - Processing file /opt/airflow/dags/weather_etl_v2.py for tasks to queue
[2025-10-13T14:28:26.435+0000] {logging_mixin.py:188} INFO - [2025-10-13T14:28:26.434+0000] {dagbag.py:540} INFO - Filling up the DagBag from /opt/airflow/dags/weather_etl_v2.py
[2025-10-13T14:28:26.474+0000] {processor.py:840} INFO - DAG(s) 'weather_etl_v2' retrieved from /opt/airflow/dags/weather_etl_v2.py
[2025-10-13T14:28:26.573+0000] {logging_mixin.py:188} INFO - [2025-10-13T14:28:26.573+0000] {dag.py:3047} INFO - Sync 1 DAGs
[2025-10-13T14:28:26.630+0000] {logging_mixin.py:188} INFO - [2025-10-13T14:28:26.630+0000] {dag.py:3834} INFO - Setting next_dagrun for weather_etl_v2 to 2025-10-12 22:00:00+00:00, run_after=2025-10-13 22:00:00+00:00
[2025-10-13T14:28:26.749+0000] {processor.py:183} INFO - Processing /opt/airflow/dags/weather_etl_v2.py took 0.324 seconds
[2025-10-13T14:28:57.641+0000] {processor.py:161} INFO - Started process (PID=14629) to work on /opt/airflow/dags/weather_etl_v2.py
[2025-10-13T14:28:57.643+0000] {processor.py:830} INFO - Processing file /opt/airflow/dags/weather_etl_v2.py for tasks to queue
[2025-10-13T14:28:57.645+0000] {logging_mixin.py:188} INFO - [2025-10-13T14:28:57.644+0000] {dagbag.py:540} INFO - Filling up the DagBag from /opt/airflow/dags/weather_etl_v2.py
[2025-10-13T14:28:57.689+0000] {processor.py:840} INFO - DAG(s) 'weather_etl_v2' retrieved from /opt/airflow/dags/weather_etl_v2.py
[2025-10-13T14:28:57.779+0000] {logging_mixin.py:188} INFO - [2025-10-13T14:28:57.779+0000] {dag.py:3047} INFO - Sync 1 DAGs
[2025-10-13T14:28:57.834+0000] {logging_mixin.py:188} INFO - [2025-10-13T14:28:57.833+0000] {dag.py:3834} INFO - Setting next_dagrun for weather_etl_v2 to 2025-10-12 22:00:00+00:00, run_after=2025-10-13 22:00:00+00:00
[2025-10-13T14:28:57.903+0000] {processor.py:183} INFO - Processing /opt/airflow/dags/weather_etl_v2.py took 0.269 seconds
[2025-10-13T14:29:28.132+0000] {processor.py:161} INFO - Started process (PID=14644) to work on /opt/airflow/dags/weather_etl_v2.py
[2025-10-13T14:29:28.135+0000] {processor.py:830} INFO - Processing file /opt/airflow/dags/weather_etl_v2.py for tasks to queue
[2025-10-13T14:29:28.138+0000] {logging_mixin.py:188} INFO - [2025-10-13T14:29:28.137+0000] {dagbag.py:540} INFO - Filling up the DagBag from /opt/airflow/dags/weather_etl_v2.py
[2025-10-13T14:29:28.184+0000] {processor.py:840} INFO - DAG(s) 'weather_etl_v2' retrieved from /opt/airflow/dags/weather_etl_v2.py
[2025-10-13T14:29:28.309+0000] {logging_mixin.py:188} INFO - [2025-10-13T14:29:28.309+0000] {dag.py:3047} INFO - Sync 1 DAGs
[2025-10-13T14:29:28.391+0000] {logging_mixin.py:188} INFO - [2025-10-13T14:29:28.391+0000] {dag.py:3834} INFO - Setting next_dagrun for weather_etl_v2 to 2025-10-12 22:00:00+00:00, run_after=2025-10-13 22:00:00+00:00
[2025-10-13T14:29:28.489+0000] {processor.py:183} INFO - Processing /opt/airflow/dags/weather_etl_v2.py took 0.366 seconds
[2025-10-13T14:29:59.525+0000] {processor.py:161} INFO - Started process (PID=14659) to work on /opt/airflow/dags/weather_etl_v2.py
[2025-10-13T14:29:59.539+0000] {processor.py:830} INFO - Processing file /opt/airflow/dags/weather_etl_v2.py for tasks to queue
[2025-10-13T14:29:59.569+0000] {logging_mixin.py:188} INFO - [2025-10-13T14:29:59.568+0000] {dagbag.py:540} INFO - Filling up the DagBag from /opt/airflow/dags/weather_etl_v2.py
[2025-10-13T14:29:59.758+0000] {processor.py:840} INFO - DAG(s) 'weather_etl_v2' retrieved from /opt/airflow/dags/weather_etl_v2.py
[2025-10-13T14:29:59.864+0000] {logging_mixin.py:188} INFO - [2025-10-13T14:29:59.863+0000] {dag.py:3047} INFO - Sync 1 DAGs
[2025-10-13T14:29:59.943+0000] {logging_mixin.py:188} INFO - [2025-10-13T14:29:59.943+0000] {dag.py:3834} INFO - Setting next_dagrun for weather_etl_v2 to 2025-10-12 22:00:00+00:00, run_after=2025-10-13 22:00:00+00:00
[2025-10-13T14:30:00.017+0000] {processor.py:183} INFO - Processing /opt/airflow/dags/weather_etl_v2.py took 0.509 seconds
[2025-10-13T14:30:30.401+0000] {processor.py:161} INFO - Started process (PID=14674) to work on /opt/airflow/dags/weather_etl_v2.py
[2025-10-13T14:30:30.403+0000] {processor.py:830} INFO - Processing file /opt/airflow/dags/weather_etl_v2.py for tasks to queue
[2025-10-13T14:30:30.405+0000] {logging_mixin.py:188} INFO - [2025-10-13T14:30:30.405+0000] {dagbag.py:540} INFO - Filling up the DagBag from /opt/airflow/dags/weather_etl_v2.py
[2025-10-13T14:30:30.452+0000] {processor.py:840} INFO - DAG(s) 'weather_etl_v2' retrieved from /opt/airflow/dags/weather_etl_v2.py
[2025-10-13T14:30:30.540+0000] {logging_mixin.py:188} INFO - [2025-10-13T14:30:30.540+0000] {dag.py:3047} INFO - Sync 1 DAGs
[2025-10-13T14:30:30.597+0000] {logging_mixin.py:188} INFO - [2025-10-13T14:30:30.597+0000] {dag.py:3834} INFO - Setting next_dagrun for weather_etl_v2 to 2025-10-12 22:00:00+00:00, run_after=2025-10-13 22:00:00+00:00
[2025-10-13T14:30:30.659+0000] {processor.py:183} INFO - Processing /opt/airflow/dags/weather_etl_v2.py took 0.261 seconds
[2025-10-13T14:31:01.297+0000] {processor.py:161} INFO - Started process (PID=14689) to work on /opt/airflow/dags/weather_etl_v2.py
[2025-10-13T14:31:01.299+0000] {processor.py:830} INFO - Processing file /opt/airflow/dags/weather_etl_v2.py for tasks to queue
[2025-10-13T14:31:01.301+0000] {logging_mixin.py:188} INFO - [2025-10-13T14:31:01.301+0000] {dagbag.py:540} INFO - Filling up the DagBag from /opt/airflow/dags/weather_etl_v2.py
[2025-10-13T14:31:01.342+0000] {processor.py:840} INFO - DAG(s) 'weather_etl_v2' retrieved from /opt/airflow/dags/weather_etl_v2.py
[2025-10-13T14:31:01.433+0000] {logging_mixin.py:188} INFO - [2025-10-13T14:31:01.432+0000] {dag.py:3047} INFO - Sync 1 DAGs
[2025-10-13T14:31:01.490+0000] {logging_mixin.py:188} INFO - [2025-10-13T14:31:01.490+0000] {dag.py:3834} INFO - Setting next_dagrun for weather_etl_v2 to 2025-10-12 22:00:00+00:00, run_after=2025-10-13 22:00:00+00:00
[2025-10-13T14:31:01.555+0000] {processor.py:183} INFO - Processing /opt/airflow/dags/weather_etl_v2.py took 0.262 seconds
[2025-10-13T14:31:32.261+0000] {processor.py:161} INFO - Started process (PID=14704) to work on /opt/airflow/dags/weather_etl_v2.py
[2025-10-13T14:31:32.264+0000] {processor.py:830} INFO - Processing file /opt/airflow/dags/weather_etl_v2.py for tasks to queue
[2025-10-13T14:31:32.268+0000] {logging_mixin.py:188} INFO - [2025-10-13T14:31:32.267+0000] {dagbag.py:540} INFO - Filling up the DagBag from /opt/airflow/dags/weather_etl_v2.py
[2025-10-13T14:31:32.320+0000] {processor.py:840} INFO - DAG(s) 'weather_etl_v2' retrieved from /opt/airflow/dags/weather_etl_v2.py
[2025-10-13T14:31:32.417+0000] {logging_mixin.py:188} INFO - [2025-10-13T14:31:32.416+0000] {dag.py:3047} INFO - Sync 1 DAGs
[2025-10-13T14:31:32.474+0000] {logging_mixin.py:188} INFO - [2025-10-13T14:31:32.474+0000] {dag.py:3834} INFO - Setting next_dagrun for weather_etl_v2 to 2025-10-12 22:00:00+00:00, run_after=2025-10-13 22:00:00+00:00
[2025-10-13T14:31:32.554+0000] {processor.py:183} INFO - Processing /opt/airflow/dags/weather_etl_v2.py took 0.303 seconds
[2025-10-13T14:32:03.164+0000] {processor.py:161} INFO - Started process (PID=14719) to work on /opt/airflow/dags/weather_etl_v2.py
[2025-10-13T14:32:03.166+0000] {processor.py:830} INFO - Processing file /opt/airflow/dags/weather_etl_v2.py for tasks to queue
[2025-10-13T14:32:03.169+0000] {logging_mixin.py:188} INFO - [2025-10-13T14:32:03.168+0000] {dagbag.py:540} INFO - Filling up the DagBag from /opt/airflow/dags/weather_etl_v2.py
[2025-10-13T14:32:03.208+0000] {processor.py:840} INFO - DAG(s) 'weather_etl_v2' retrieved from /opt/airflow/dags/weather_etl_v2.py
[2025-10-13T14:32:03.295+0000] {logging_mixin.py:188} INFO - [2025-10-13T14:32:03.294+0000] {dag.py:3047} INFO - Sync 1 DAGs
[2025-10-13T14:32:03.350+0000] {logging_mixin.py:188} INFO - [2025-10-13T14:32:03.350+0000] {dag.py:3834} INFO - Setting next_dagrun for weather_etl_v2 to 2025-10-12 22:00:00+00:00, run_after=2025-10-13 22:00:00+00:00
[2025-10-13T14:32:03.422+0000] {processor.py:183} INFO - Processing /opt/airflow/dags/weather_etl_v2.py took 0.266 seconds
[2025-10-13T14:32:34.123+0000] {processor.py:161} INFO - Started process (PID=14734) to work on /opt/airflow/dags/weather_etl_v2.py
[2025-10-13T14:32:34.125+0000] {processor.py:830} INFO - Processing file /opt/airflow/dags/weather_etl_v2.py for tasks to queue
[2025-10-13T14:32:34.128+0000] {logging_mixin.py:188} INFO - [2025-10-13T14:32:34.127+0000] {dagbag.py:540} INFO - Filling up the DagBag from /opt/airflow/dags/weather_etl_v2.py
[2025-10-13T14:32:34.181+0000] {processor.py:840} INFO - DAG(s) 'weather_etl_v2' retrieved from /opt/airflow/dags/weather_etl_v2.py
[2025-10-13T14:32:34.276+0000] {logging_mixin.py:188} INFO - [2025-10-13T14:32:34.275+0000] {dag.py:3047} INFO - Sync 1 DAGs
[2025-10-13T14:32:34.336+0000] {logging_mixin.py:188} INFO - [2025-10-13T14:32:34.336+0000] {dag.py:3834} INFO - Setting next_dagrun for weather_etl_v2 to 2025-10-12 22:00:00+00:00, run_after=2025-10-13 22:00:00+00:00
[2025-10-13T14:32:34.465+0000] {processor.py:183} INFO - Processing /opt/airflow/dags/weather_etl_v2.py took 0.348 seconds
[2025-10-13T14:33:05.328+0000] {processor.py:161} INFO - Started process (PID=14749) to work on /opt/airflow/dags/weather_etl_v2.py
[2025-10-13T14:33:05.331+0000] {processor.py:830} INFO - Processing file /opt/airflow/dags/weather_etl_v2.py for tasks to queue
[2025-10-13T14:33:05.334+0000] {logging_mixin.py:188} INFO - [2025-10-13T14:33:05.333+0000] {dagbag.py:540} INFO - Filling up the DagBag from /opt/airflow/dags/weather_etl_v2.py
[2025-10-13T14:33:05.387+0000] {processor.py:840} INFO - DAG(s) 'weather_etl_v2' retrieved from /opt/airflow/dags/weather_etl_v2.py
[2025-10-13T14:33:05.482+0000] {logging_mixin.py:188} INFO - [2025-10-13T14:33:05.481+0000] {dag.py:3047} INFO - Sync 1 DAGs
[2025-10-13T14:33:05.547+0000] {logging_mixin.py:188} INFO - [2025-10-13T14:33:05.547+0000] {dag.py:3834} INFO - Setting next_dagrun for weather_etl_v2 to 2025-10-12 22:00:00+00:00, run_after=2025-10-13 22:00:00+00:00
[2025-10-13T14:33:05.618+0000] {processor.py:183} INFO - Processing /opt/airflow/dags/weather_etl_v2.py took 0.299 seconds
[2025-10-13T14:33:36.123+0000] {processor.py:161} INFO - Started process (PID=14764) to work on /opt/airflow/dags/weather_etl_v2.py
[2025-10-13T14:33:36.126+0000] {processor.py:830} INFO - Processing file /opt/airflow/dags/weather_etl_v2.py for tasks to queue
[2025-10-13T14:33:36.129+0000] {logging_mixin.py:188} INFO - [2025-10-13T14:33:36.128+0000] {dagbag.py:540} INFO - Filling up the DagBag from /opt/airflow/dags/weather_etl_v2.py
[2025-10-13T14:33:36.185+0000] {processor.py:840} INFO - DAG(s) 'weather_etl_v2' retrieved from /opt/airflow/dags/weather_etl_v2.py
[2025-10-13T14:33:36.293+0000] {logging_mixin.py:188} INFO - [2025-10-13T14:33:36.293+0000] {dag.py:3047} INFO - Sync 1 DAGs
[2025-10-13T14:33:36.361+0000] {logging_mixin.py:188} INFO - [2025-10-13T14:33:36.360+0000] {dag.py:3834} INFO - Setting next_dagrun for weather_etl_v2 to 2025-10-12 22:00:00+00:00, run_after=2025-10-13 22:00:00+00:00
[2025-10-13T14:33:36.427+0000] {processor.py:183} INFO - Processing /opt/airflow/dags/weather_etl_v2.py took 0.312 seconds
[2025-10-13T14:34:07.350+0000] {processor.py:161} INFO - Started process (PID=14779) to work on /opt/airflow/dags/weather_etl_v2.py
[2025-10-13T14:34:07.362+0000] {processor.py:830} INFO - Processing file /opt/airflow/dags/weather_etl_v2.py for tasks to queue
[2025-10-13T14:34:07.373+0000] {logging_mixin.py:188} INFO - [2025-10-13T14:34:07.369+0000] {dagbag.py:540} INFO - Filling up the DagBag from /opt/airflow/dags/weather_etl_v2.py
[2025-10-13T14:34:07.446+0000] {processor.py:840} INFO - DAG(s) 'weather_etl_v2' retrieved from /opt/airflow/dags/weather_etl_v2.py
[2025-10-13T14:34:07.561+0000] {logging_mixin.py:188} INFO - [2025-10-13T14:34:07.560+0000] {dag.py:3047} INFO - Sync 1 DAGs
[2025-10-13T14:34:07.642+0000] {logging_mixin.py:188} INFO - [2025-10-13T14:34:07.642+0000] {dag.py:3834} INFO - Setting next_dagrun for weather_etl_v2 to 2025-10-12 22:00:00+00:00, run_after=2025-10-13 22:00:00+00:00
[2025-10-13T14:34:07.714+0000] {processor.py:183} INFO - Processing /opt/airflow/dags/weather_etl_v2.py took 0.400 seconds
[2025-10-13T14:34:38.154+0000] {processor.py:161} INFO - Started process (PID=14794) to work on /opt/airflow/dags/weather_etl_v2.py
[2025-10-13T14:34:38.157+0000] {processor.py:830} INFO - Processing file /opt/airflow/dags/weather_etl_v2.py for tasks to queue
[2025-10-13T14:34:38.159+0000] {logging_mixin.py:188} INFO - [2025-10-13T14:34:38.159+0000] {dagbag.py:540} INFO - Filling up the DagBag from /opt/airflow/dags/weather_etl_v2.py
[2025-10-13T14:34:38.205+0000] {processor.py:840} INFO - DAG(s) 'weather_etl_v2' retrieved from /opt/airflow/dags/weather_etl_v2.py
[2025-10-13T14:34:38.308+0000] {logging_mixin.py:188} INFO - [2025-10-13T14:34:38.308+0000] {dag.py:3047} INFO - Sync 1 DAGs
[2025-10-13T14:34:38.372+0000] {logging_mixin.py:188} INFO - [2025-10-13T14:34:38.371+0000] {dag.py:3834} INFO - Setting next_dagrun for weather_etl_v2 to 2025-10-12 22:00:00+00:00, run_after=2025-10-13 22:00:00+00:00
[2025-10-13T14:34:38.438+0000] {processor.py:183} INFO - Processing /opt/airflow/dags/weather_etl_v2.py took 0.288 seconds
[2025-10-13T14:35:08.989+0000] {processor.py:161} INFO - Started process (PID=14809) to work on /opt/airflow/dags/weather_etl_v2.py
[2025-10-13T14:35:08.992+0000] {processor.py:830} INFO - Processing file /opt/airflow/dags/weather_etl_v2.py for tasks to queue
[2025-10-13T14:35:08.993+0000] {logging_mixin.py:188} INFO - [2025-10-13T14:35:08.993+0000] {dagbag.py:540} INFO - Filling up the DagBag from /opt/airflow/dags/weather_etl_v2.py
[2025-10-13T14:35:09.037+0000] {processor.py:840} INFO - DAG(s) 'weather_etl_v2' retrieved from /opt/airflow/dags/weather_etl_v2.py
[2025-10-13T14:35:09.183+0000] {logging_mixin.py:188} INFO - [2025-10-13T14:35:09.183+0000] {dag.py:3047} INFO - Sync 1 DAGs
[2025-10-13T14:35:09.312+0000] {logging_mixin.py:188} INFO - [2025-10-13T14:35:09.311+0000] {dag.py:3834} INFO - Setting next_dagrun for weather_etl_v2 to 2025-10-12 22:00:00+00:00, run_after=2025-10-13 22:00:00+00:00
[2025-10-13T14:35:09.435+0000] {processor.py:183} INFO - Processing /opt/airflow/dags/weather_etl_v2.py took 0.450 seconds
[2025-10-13T14:35:39.813+0000] {processor.py:161} INFO - Started process (PID=14824) to work on /opt/airflow/dags/weather_etl_v2.py
[2025-10-13T14:35:39.815+0000] {processor.py:830} INFO - Processing file /opt/airflow/dags/weather_etl_v2.py for tasks to queue
[2025-10-13T14:35:39.818+0000] {logging_mixin.py:188} INFO - [2025-10-13T14:35:39.817+0000] {dagbag.py:540} INFO - Filling up the DagBag from /opt/airflow/dags/weather_etl_v2.py
[2025-10-13T14:35:39.925+0000] {processor.py:840} INFO - DAG(s) 'weather_etl_v2' retrieved from /opt/airflow/dags/weather_etl_v2.py
[2025-10-13T14:35:40.040+0000] {logging_mixin.py:188} INFO - [2025-10-13T14:35:40.040+0000] {dag.py:3047} INFO - Sync 1 DAGs
[2025-10-13T14:35:40.120+0000] {logging_mixin.py:188} INFO - [2025-10-13T14:35:40.120+0000] {dag.py:3834} INFO - Setting next_dagrun for weather_etl_v2 to 2025-10-12 22:00:00+00:00, run_after=2025-10-13 22:00:00+00:00
[2025-10-13T14:35:40.202+0000] {processor.py:183} INFO - Processing /opt/airflow/dags/weather_etl_v2.py took 0.405 seconds
[2025-10-13T14:49:21.708+0000] {processor.py:161} INFO - Started process (PID=14850) to work on /opt/airflow/dags/weather_etl_v2.py
[2025-10-13T14:49:21.722+0000] {processor.py:830} INFO - Processing file /opt/airflow/dags/weather_etl_v2.py for tasks to queue
[2025-10-13T14:49:21.726+0000] {logging_mixin.py:188} INFO - [2025-10-13T14:49:21.725+0000] {dagbag.py:540} INFO - Filling up the DagBag from /opt/airflow/dags/weather_etl_v2.py
[2025-10-13T14:49:21.872+0000] {processor.py:840} INFO - DAG(s) 'weather_etl_v2' retrieved from /opt/airflow/dags/weather_etl_v2.py
[2025-10-13T14:49:22.414+0000] {logging_mixin.py:188} INFO - [2025-10-13T14:49:22.413+0000] {dag.py:3047} INFO - Sync 1 DAGs
[2025-10-13T14:49:23.109+0000] {logging_mixin.py:188} INFO - [2025-10-13T14:49:23.086+0000] {dag.py:3834} INFO - Setting next_dagrun for weather_etl_v2 to 2025-10-12 22:00:00+00:00, run_after=2025-10-13 22:00:00+00:00
[2025-10-13T14:49:23.918+0000] {processor.py:183} INFO - Processing /opt/airflow/dags/weather_etl_v2.py took 2.218 seconds
[2025-10-13T14:49:55.470+0000] {processor.py:161} INFO - Started process (PID=14865) to work on /opt/airflow/dags/weather_etl_v2.py
[2025-10-13T14:49:55.472+0000] {processor.py:830} INFO - Processing file /opt/airflow/dags/weather_etl_v2.py for tasks to queue
[2025-10-13T14:49:55.473+0000] {logging_mixin.py:188} INFO - [2025-10-13T14:49:55.473+0000] {dagbag.py:540} INFO - Filling up the DagBag from /opt/airflow/dags/weather_etl_v2.py
[2025-10-13T14:49:55.515+0000] {processor.py:840} INFO - DAG(s) 'weather_etl_v2' retrieved from /opt/airflow/dags/weather_etl_v2.py
[2025-10-13T14:49:55.659+0000] {logging_mixin.py:188} INFO - [2025-10-13T14:49:55.658+0000] {dag.py:3047} INFO - Sync 1 DAGs
[2025-10-13T14:49:55.738+0000] {logging_mixin.py:188} INFO - [2025-10-13T14:49:55.738+0000] {dag.py:3834} INFO - Setting next_dagrun for weather_etl_v2 to 2025-10-12 22:00:00+00:00, run_after=2025-10-13 22:00:00+00:00
[2025-10-13T14:49:55.807+0000] {processor.py:183} INFO - Processing /opt/airflow/dags/weather_etl_v2.py took 0.360 seconds
[2025-10-13T14:50:26.605+0000] {processor.py:161} INFO - Started process (PID=14880) to work on /opt/airflow/dags/weather_etl_v2.py
[2025-10-13T14:50:26.607+0000] {processor.py:830} INFO - Processing file /opt/airflow/dags/weather_etl_v2.py for tasks to queue
[2025-10-13T14:50:26.609+0000] {logging_mixin.py:188} INFO - [2025-10-13T14:50:26.608+0000] {dagbag.py:540} INFO - Filling up the DagBag from /opt/airflow/dags/weather_etl_v2.py
[2025-10-13T14:50:26.643+0000] {processor.py:840} INFO - DAG(s) 'weather_etl_v2' retrieved from /opt/airflow/dags/weather_etl_v2.py
[2025-10-13T14:50:26.734+0000] {logging_mixin.py:188} INFO - [2025-10-13T14:50:26.733+0000] {dag.py:3047} INFO - Sync 1 DAGs
[2025-10-13T14:50:26.789+0000] {logging_mixin.py:188} INFO - [2025-10-13T14:50:26.789+0000] {dag.py:3834} INFO - Setting next_dagrun for weather_etl_v2 to 2025-10-12 22:00:00+00:00, run_after=2025-10-13 22:00:00+00:00
[2025-10-13T14:50:26.856+0000] {processor.py:183} INFO - Processing /opt/airflow/dags/weather_etl_v2.py took 0.255 seconds
[2025-10-13T14:50:57.383+0000] {processor.py:161} INFO - Started process (PID=14895) to work on /opt/airflow/dags/weather_etl_v2.py
[2025-10-13T14:50:57.384+0000] {processor.py:830} INFO - Processing file /opt/airflow/dags/weather_etl_v2.py for tasks to queue
[2025-10-13T14:50:57.386+0000] {logging_mixin.py:188} INFO - [2025-10-13T14:50:57.385+0000] {dagbag.py:540} INFO - Filling up the DagBag from /opt/airflow/dags/weather_etl_v2.py
[2025-10-13T14:50:57.415+0000] {processor.py:840} INFO - DAG(s) 'weather_etl_v2' retrieved from /opt/airflow/dags/weather_etl_v2.py
[2025-10-13T14:50:57.493+0000] {logging_mixin.py:188} INFO - [2025-10-13T14:50:57.492+0000] {dag.py:3047} INFO - Sync 1 DAGs
[2025-10-13T14:50:57.548+0000] {logging_mixin.py:188} INFO - [2025-10-13T14:50:57.548+0000] {dag.py:3834} INFO - Setting next_dagrun for weather_etl_v2 to 2025-10-12 22:00:00+00:00, run_after=2025-10-13 22:00:00+00:00
[2025-10-13T14:50:57.615+0000] {processor.py:183} INFO - Processing /opt/airflow/dags/weather_etl_v2.py took 0.236 seconds
[2025-10-13T14:51:30.893+0000] {processor.py:161} INFO - Started process (PID=14910) to work on /opt/airflow/dags/weather_etl_v2.py
[2025-10-13T14:51:30.897+0000] {processor.py:830} INFO - Processing file /opt/airflow/dags/weather_etl_v2.py for tasks to queue
[2025-10-13T14:51:30.899+0000] {logging_mixin.py:188} INFO - [2025-10-13T14:51:30.899+0000] {dagbag.py:540} INFO - Filling up the DagBag from /opt/airflow/dags/weather_etl_v2.py
[2025-10-13T14:51:30.949+0000] {processor.py:840} INFO - DAG(s) 'weather_etl_v2' retrieved from /opt/airflow/dags/weather_etl_v2.py
[2025-10-13T14:51:31.057+0000] {logging_mixin.py:188} INFO - [2025-10-13T14:51:31.057+0000] {dag.py:3047} INFO - Sync 1 DAGs
[2025-10-13T14:51:31.126+0000] {logging_mixin.py:188} INFO - [2025-10-13T14:51:31.126+0000] {dag.py:3834} INFO - Setting next_dagrun for weather_etl_v2 to 2025-10-12 22:00:00+00:00, run_after=2025-10-13 22:00:00+00:00
[2025-10-13T14:51:31.203+0000] {processor.py:183} INFO - Processing /opt/airflow/dags/weather_etl_v2.py took 0.316 seconds
[2025-10-13T14:52:01.832+0000] {processor.py:161} INFO - Started process (PID=14925) to work on /opt/airflow/dags/weather_etl_v2.py
[2025-10-13T14:52:01.834+0000] {processor.py:830} INFO - Processing file /opt/airflow/dags/weather_etl_v2.py for tasks to queue
[2025-10-13T14:52:01.836+0000] {logging_mixin.py:188} INFO - [2025-10-13T14:52:01.835+0000] {dagbag.py:540} INFO - Filling up the DagBag from /opt/airflow/dags/weather_etl_v2.py
[2025-10-13T14:52:01.872+0000] {processor.py:840} INFO - DAG(s) 'weather_etl_v2' retrieved from /opt/airflow/dags/weather_etl_v2.py
[2025-10-13T14:52:01.984+0000] {logging_mixin.py:188} INFO - [2025-10-13T14:52:01.983+0000] {dag.py:3047} INFO - Sync 1 DAGs
[2025-10-13T14:52:02.063+0000] {logging_mixin.py:188} INFO - [2025-10-13T14:52:02.063+0000] {dag.py:3834} INFO - Setting next_dagrun for weather_etl_v2 to 2025-10-12 22:00:00+00:00, run_after=2025-10-13 22:00:00+00:00
[2025-10-13T14:52:02.127+0000] {processor.py:183} INFO - Processing /opt/airflow/dags/weather_etl_v2.py took 0.299 seconds
[2025-10-13T14:52:33.597+0000] {processor.py:161} INFO - Started process (PID=14940) to work on /opt/airflow/dags/weather_etl_v2.py
[2025-10-13T14:52:33.600+0000] {processor.py:830} INFO - Processing file /opt/airflow/dags/weather_etl_v2.py for tasks to queue
[2025-10-13T14:52:33.603+0000] {logging_mixin.py:188} INFO - [2025-10-13T14:52:33.602+0000] {dagbag.py:540} INFO - Filling up the DagBag from /opt/airflow/dags/weather_etl_v2.py
[2025-10-13T14:52:33.653+0000] {processor.py:840} INFO - DAG(s) 'weather_etl_v2' retrieved from /opt/airflow/dags/weather_etl_v2.py
[2025-10-13T14:52:33.772+0000] {logging_mixin.py:188} INFO - [2025-10-13T14:52:33.772+0000] {dag.py:3047} INFO - Sync 1 DAGs
[2025-10-13T14:52:33.852+0000] {logging_mixin.py:188} INFO - [2025-10-13T14:52:33.851+0000] {dag.py:3834} INFO - Setting next_dagrun for weather_etl_v2 to 2025-10-12 22:00:00+00:00, run_after=2025-10-13 22:00:00+00:00
[2025-10-13T14:52:33.911+0000] {processor.py:183} INFO - Processing /opt/airflow/dags/weather_etl_v2.py took 0.321 seconds
[2025-10-13T14:53:04.946+0000] {processor.py:161} INFO - Started process (PID=14955) to work on /opt/airflow/dags/weather_etl_v2.py
[2025-10-13T14:53:04.948+0000] {processor.py:830} INFO - Processing file /opt/airflow/dags/weather_etl_v2.py for tasks to queue
[2025-10-13T14:53:04.951+0000] {logging_mixin.py:188} INFO - [2025-10-13T14:53:04.950+0000] {dagbag.py:540} INFO - Filling up the DagBag from /opt/airflow/dags/weather_etl_v2.py
[2025-10-13T14:53:04.991+0000] {processor.py:840} INFO - DAG(s) 'weather_etl_v2' retrieved from /opt/airflow/dags/weather_etl_v2.py
[2025-10-13T14:53:05.118+0000] {logging_mixin.py:188} INFO - [2025-10-13T14:53:05.118+0000] {dag.py:3047} INFO - Sync 1 DAGs
[2025-10-13T14:53:05.192+0000] {logging_mixin.py:188} INFO - [2025-10-13T14:53:05.192+0000] {dag.py:3834} INFO - Setting next_dagrun for weather_etl_v2 to 2025-10-12 22:00:00+00:00, run_after=2025-10-13 22:00:00+00:00
[2025-10-13T14:53:05.288+0000] {processor.py:183} INFO - Processing /opt/airflow/dags/weather_etl_v2.py took 0.347 seconds
[2025-10-13T14:53:35.847+0000] {processor.py:161} INFO - Started process (PID=14970) to work on /opt/airflow/dags/weather_etl_v2.py
[2025-10-13T14:53:35.850+0000] {processor.py:830} INFO - Processing file /opt/airflow/dags/weather_etl_v2.py for tasks to queue
[2025-10-13T14:53:35.852+0000] {logging_mixin.py:188} INFO - [2025-10-13T14:53:35.852+0000] {dagbag.py:540} INFO - Filling up the DagBag from /opt/airflow/dags/weather_etl_v2.py
[2025-10-13T14:53:35.892+0000] {processor.py:840} INFO - DAG(s) 'weather_etl_v2' retrieved from /opt/airflow/dags/weather_etl_v2.py
[2025-10-13T14:53:35.976+0000] {logging_mixin.py:188} INFO - [2025-10-13T14:53:35.975+0000] {dag.py:3047} INFO - Sync 1 DAGs
[2025-10-13T14:53:36.175+0000] {logging_mixin.py:188} INFO - [2025-10-13T14:53:36.175+0000] {dag.py:3834} INFO - Setting next_dagrun for weather_etl_v2 to 2025-10-12 22:00:00+00:00, run_after=2025-10-13 22:00:00+00:00
[2025-10-13T14:53:36.498+0000] {processor.py:183} INFO - Processing /opt/airflow/dags/weather_etl_v2.py took 0.655 seconds
[2025-10-13T14:54:08.722+0000] {processor.py:161} INFO - Started process (PID=14983) to work on /opt/airflow/dags/weather_etl_v2.py
[2025-10-13T14:54:08.727+0000] {processor.py:830} INFO - Processing file /opt/airflow/dags/weather_etl_v2.py for tasks to queue
[2025-10-13T14:54:08.729+0000] {logging_mixin.py:188} INFO - [2025-10-13T14:54:08.729+0000] {dagbag.py:540} INFO - Filling up the DagBag from /opt/airflow/dags/weather_etl_v2.py
[2025-10-13T14:54:08.770+0000] {processor.py:840} INFO - DAG(s) 'weather_etl_v2' retrieved from /opt/airflow/dags/weather_etl_v2.py
[2025-10-13T14:54:08.857+0000] {logging_mixin.py:188} INFO - [2025-10-13T14:54:08.856+0000] {dag.py:3047} INFO - Sync 1 DAGs
[2025-10-13T14:54:08.919+0000] {logging_mixin.py:188} INFO - [2025-10-13T14:54:08.919+0000] {dag.py:3834} INFO - Setting next_dagrun for weather_etl_v2 to 2025-10-12 22:00:00+00:00, run_after=2025-10-13 22:00:00+00:00
[2025-10-13T14:54:08.987+0000] {processor.py:183} INFO - Processing /opt/airflow/dags/weather_etl_v2.py took 0.270 seconds
[2025-10-13T14:54:40.440+0000] {processor.py:161} INFO - Started process (PID=15000) to work on /opt/airflow/dags/weather_etl_v2.py
[2025-10-13T14:54:40.442+0000] {processor.py:830} INFO - Processing file /opt/airflow/dags/weather_etl_v2.py for tasks to queue
[2025-10-13T14:54:40.445+0000] {logging_mixin.py:188} INFO - [2025-10-13T14:54:40.444+0000] {dagbag.py:540} INFO - Filling up the DagBag from /opt/airflow/dags/weather_etl_v2.py
[2025-10-13T14:54:40.492+0000] {processor.py:840} INFO - DAG(s) 'weather_etl_v2' retrieved from /opt/airflow/dags/weather_etl_v2.py
[2025-10-13T14:54:40.569+0000] {logging_mixin.py:188} INFO - [2025-10-13T14:54:40.569+0000] {dag.py:3047} INFO - Sync 1 DAGs
[2025-10-13T14:54:40.633+0000] {logging_mixin.py:188} INFO - [2025-10-13T14:54:40.632+0000] {dag.py:3834} INFO - Setting next_dagrun for weather_etl_v2 to 2025-10-12 22:00:00+00:00, run_after=2025-10-13 22:00:00+00:00
[2025-10-13T14:54:40.719+0000] {processor.py:183} INFO - Processing /opt/airflow/dags/weather_etl_v2.py took 0.313 seconds
[2025-10-13T14:55:11.700+0000] {processor.py:161} INFO - Started process (PID=15015) to work on /opt/airflow/dags/weather_etl_v2.py
[2025-10-13T14:55:11.702+0000] {processor.py:830} INFO - Processing file /opt/airflow/dags/weather_etl_v2.py for tasks to queue
[2025-10-13T14:55:11.704+0000] {logging_mixin.py:188} INFO - [2025-10-13T14:55:11.704+0000] {dagbag.py:540} INFO - Filling up the DagBag from /opt/airflow/dags/weather_etl_v2.py
[2025-10-13T14:55:11.743+0000] {processor.py:840} INFO - DAG(s) 'weather_etl_v2' retrieved from /opt/airflow/dags/weather_etl_v2.py
[2025-10-13T14:55:11.830+0000] {logging_mixin.py:188} INFO - [2025-10-13T14:55:11.830+0000] {dag.py:3047} INFO - Sync 1 DAGs
[2025-10-13T14:55:11.903+0000] {logging_mixin.py:188} INFO - [2025-10-13T14:55:11.903+0000] {dag.py:3834} INFO - Setting next_dagrun for weather_etl_v2 to 2025-10-12 22:00:00+00:00, run_after=2025-10-13 22:00:00+00:00
[2025-10-13T14:55:11.959+0000] {processor.py:183} INFO - Processing /opt/airflow/dags/weather_etl_v2.py took 0.263 seconds
[2025-10-13T14:55:42.595+0000] {processor.py:161} INFO - Started process (PID=15028) to work on /opt/airflow/dags/weather_etl_v2.py
[2025-10-13T14:55:42.597+0000] {processor.py:830} INFO - Processing file /opt/airflow/dags/weather_etl_v2.py for tasks to queue
[2025-10-13T14:55:42.599+0000] {logging_mixin.py:188} INFO - [2025-10-13T14:55:42.599+0000] {dagbag.py:540} INFO - Filling up the DagBag from /opt/airflow/dags/weather_etl_v2.py
[2025-10-13T14:55:42.641+0000] {processor.py:840} INFO - DAG(s) 'weather_etl_v2' retrieved from /opt/airflow/dags/weather_etl_v2.py
[2025-10-13T14:55:42.732+0000] {logging_mixin.py:188} INFO - [2025-10-13T14:55:42.732+0000] {dag.py:3047} INFO - Sync 1 DAGs
[2025-10-13T14:55:42.798+0000] {logging_mixin.py:188} INFO - [2025-10-13T14:55:42.797+0000] {dag.py:3834} INFO - Setting next_dagrun for weather_etl_v2 to 2025-10-12 22:00:00+00:00, run_after=2025-10-13 22:00:00+00:00
[2025-10-13T14:55:42.862+0000] {processor.py:183} INFO - Processing /opt/airflow/dags/weather_etl_v2.py took 0.281 seconds
[2025-10-13T14:56:13.512+0000] {processor.py:161} INFO - Started process (PID=15043) to work on /opt/airflow/dags/weather_etl_v2.py
[2025-10-13T14:56:13.514+0000] {processor.py:830} INFO - Processing file /opt/airflow/dags/weather_etl_v2.py for tasks to queue
[2025-10-13T14:56:13.515+0000] {logging_mixin.py:188} INFO - [2025-10-13T14:56:13.515+0000] {dagbag.py:540} INFO - Filling up the DagBag from /opt/airflow/dags/weather_etl_v2.py
[2025-10-13T14:56:13.552+0000] {processor.py:840} INFO - DAG(s) 'weather_etl_v2' retrieved from /opt/airflow/dags/weather_etl_v2.py
[2025-10-13T14:56:13.636+0000] {logging_mixin.py:188} INFO - [2025-10-13T14:56:13.635+0000] {dag.py:3047} INFO - Sync 1 DAGs
[2025-10-13T14:56:13.697+0000] {logging_mixin.py:188} INFO - [2025-10-13T14:56:13.696+0000] {dag.py:3834} INFO - Setting next_dagrun for weather_etl_v2 to 2025-10-12 22:00:00+00:00, run_after=2025-10-13 22:00:00+00:00
[2025-10-13T14:56:13.757+0000] {processor.py:183} INFO - Processing /opt/airflow/dags/weather_etl_v2.py took 0.251 seconds
[2025-10-13T14:56:46.226+0000] {processor.py:161} INFO - Started process (PID=15060) to work on /opt/airflow/dags/weather_etl_v2.py
[2025-10-13T14:56:46.233+0000] {processor.py:830} INFO - Processing file /opt/airflow/dags/weather_etl_v2.py for tasks to queue
[2025-10-13T14:56:46.238+0000] {logging_mixin.py:188} INFO - [2025-10-13T14:56:46.237+0000] {dagbag.py:540} INFO - Filling up the DagBag from /opt/airflow/dags/weather_etl_v2.py
[2025-10-13T14:56:46.338+0000] {processor.py:840} INFO - DAG(s) 'weather_etl_v2' retrieved from /opt/airflow/dags/weather_etl_v2.py
[2025-10-13T14:56:46.476+0000] {logging_mixin.py:188} INFO - [2025-10-13T14:56:46.476+0000] {dag.py:3047} INFO - Sync 1 DAGs
[2025-10-13T14:56:46.531+0000] {logging_mixin.py:188} INFO - [2025-10-13T14:56:46.530+0000] {dag.py:3834} INFO - Setting next_dagrun for weather_etl_v2 to 2025-10-12 22:00:00+00:00, run_after=2025-10-13 22:00:00+00:00
[2025-10-13T14:56:46.585+0000] {processor.py:183} INFO - Processing /opt/airflow/dags/weather_etl_v2.py took 0.446 seconds
[2025-10-13T14:57:17.183+0000] {processor.py:161} INFO - Started process (PID=15073) to work on /opt/airflow/dags/weather_etl_v2.py
[2025-10-13T14:57:17.184+0000] {processor.py:830} INFO - Processing file /opt/airflow/dags/weather_etl_v2.py for tasks to queue
[2025-10-13T14:57:17.186+0000] {logging_mixin.py:188} INFO - [2025-10-13T14:57:17.186+0000] {dagbag.py:540} INFO - Filling up the DagBag from /opt/airflow/dags/weather_etl_v2.py
[2025-10-13T14:57:17.228+0000] {processor.py:840} INFO - DAG(s) 'weather_etl_v2' retrieved from /opt/airflow/dags/weather_etl_v2.py
[2025-10-13T14:57:17.315+0000] {logging_mixin.py:188} INFO - [2025-10-13T14:57:17.315+0000] {dag.py:3047} INFO - Sync 1 DAGs
[2025-10-13T14:57:17.376+0000] {logging_mixin.py:188} INFO - [2025-10-13T14:57:17.375+0000] {dag.py:3834} INFO - Setting next_dagrun for weather_etl_v2 to 2025-10-12 22:00:00+00:00, run_after=2025-10-13 22:00:00+00:00
[2025-10-13T14:57:17.444+0000] {processor.py:183} INFO - Processing /opt/airflow/dags/weather_etl_v2.py took 0.265 seconds
[2025-10-13T14:57:48.363+0000] {processor.py:161} INFO - Started process (PID=15090) to work on /opt/airflow/dags/weather_etl_v2.py
[2025-10-13T14:57:48.366+0000] {processor.py:830} INFO - Processing file /opt/airflow/dags/weather_etl_v2.py for tasks to queue
[2025-10-13T14:57:48.368+0000] {logging_mixin.py:188} INFO - [2025-10-13T14:57:48.368+0000] {dagbag.py:540} INFO - Filling up the DagBag from /opt/airflow/dags/weather_etl_v2.py
[2025-10-13T14:57:48.424+0000] {processor.py:840} INFO - DAG(s) 'weather_etl_v2' retrieved from /opt/airflow/dags/weather_etl_v2.py
[2025-10-13T14:57:48.512+0000] {logging_mixin.py:188} INFO - [2025-10-13T14:57:48.512+0000] {dag.py:3047} INFO - Sync 1 DAGs
[2025-10-13T14:57:48.579+0000] {logging_mixin.py:188} INFO - [2025-10-13T14:57:48.578+0000] {dag.py:3834} INFO - Setting next_dagrun for weather_etl_v2 to 2025-10-12 22:00:00+00:00, run_after=2025-10-13 22:00:00+00:00
[2025-10-13T14:57:48.657+0000] {processor.py:183} INFO - Processing /opt/airflow/dags/weather_etl_v2.py took 0.300 seconds
[2025-10-13T14:58:19.132+0000] {processor.py:161} INFO - Started process (PID=15105) to work on /opt/airflow/dags/weather_etl_v2.py
[2025-10-13T14:58:19.134+0000] {processor.py:830} INFO - Processing file /opt/airflow/dags/weather_etl_v2.py for tasks to queue
[2025-10-13T14:58:19.136+0000] {logging_mixin.py:188} INFO - [2025-10-13T14:58:19.135+0000] {dagbag.py:540} INFO - Filling up the DagBag from /opt/airflow/dags/weather_etl_v2.py
[2025-10-13T14:58:19.167+0000] {processor.py:840} INFO - DAG(s) 'weather_etl_v2' retrieved from /opt/airflow/dags/weather_etl_v2.py
[2025-10-13T14:58:19.238+0000] {logging_mixin.py:188} INFO - [2025-10-13T14:58:19.238+0000] {dag.py:3047} INFO - Sync 1 DAGs
[2025-10-13T14:58:19.290+0000] {logging_mixin.py:188} INFO - [2025-10-13T14:58:19.290+0000] {dag.py:3834} INFO - Setting next_dagrun for weather_etl_v2 to 2025-10-12 22:00:00+00:00, run_after=2025-10-13 22:00:00+00:00
[2025-10-13T14:58:19.341+0000] {processor.py:183} INFO - Processing /opt/airflow/dags/weather_etl_v2.py took 0.212 seconds
[2025-10-13T14:58:50.088+0000] {processor.py:161} INFO - Started process (PID=15120) to work on /opt/airflow/dags/weather_etl_v2.py
[2025-10-13T14:58:50.093+0000] {processor.py:830} INFO - Processing file /opt/airflow/dags/weather_etl_v2.py for tasks to queue
[2025-10-13T14:58:50.097+0000] {logging_mixin.py:188} INFO - [2025-10-13T14:58:50.096+0000] {dagbag.py:540} INFO - Filling up the DagBag from /opt/airflow/dags/weather_etl_v2.py
[2025-10-13T14:58:50.153+0000] {processor.py:840} INFO - DAG(s) 'weather_etl_v2' retrieved from /opt/airflow/dags/weather_etl_v2.py
[2025-10-13T14:58:50.250+0000] {logging_mixin.py:188} INFO - [2025-10-13T14:58:50.250+0000] {dag.py:3047} INFO - Sync 1 DAGs
[2025-10-13T14:58:50.322+0000] {logging_mixin.py:188} INFO - [2025-10-13T14:58:50.322+0000] {dag.py:3834} INFO - Setting next_dagrun for weather_etl_v2 to 2025-10-12 22:00:00+00:00, run_after=2025-10-13 22:00:00+00:00
[2025-10-13T14:58:50.392+0000] {processor.py:183} INFO - Processing /opt/airflow/dags/weather_etl_v2.py took 0.312 seconds
[2025-10-13T14:59:26.105+0000] {processor.py:161} INFO - Started process (PID=15133) to work on /opt/airflow/dags/weather_etl_v2.py
[2025-10-13T14:59:26.107+0000] {processor.py:830} INFO - Processing file /opt/airflow/dags/weather_etl_v2.py for tasks to queue
[2025-10-13T14:59:26.111+0000] {logging_mixin.py:188} INFO - [2025-10-13T14:59:26.110+0000] {dagbag.py:540} INFO - Filling up the DagBag from /opt/airflow/dags/weather_etl_v2.py
[2025-10-13T14:59:26.157+0000] {processor.py:840} INFO - DAG(s) 'weather_etl_v2' retrieved from /opt/airflow/dags/weather_etl_v2.py
[2025-10-13T14:59:26.279+0000] {logging_mixin.py:188} INFO - [2025-10-13T14:59:26.279+0000] {dag.py:3047} INFO - Sync 1 DAGs
[2025-10-13T14:59:26.351+0000] {logging_mixin.py:188} INFO - [2025-10-13T14:59:26.351+0000] {dag.py:3834} INFO - Setting next_dagrun for weather_etl_v2 to 2025-10-12 22:00:00+00:00, run_after=2025-10-13 22:00:00+00:00
[2025-10-13T14:59:26.401+0000] {processor.py:183} INFO - Processing /opt/airflow/dags/weather_etl_v2.py took 0.303 seconds
[2025-10-13T14:59:56.853+0000] {processor.py:161} INFO - Started process (PID=15150) to work on /opt/airflow/dags/weather_etl_v2.py
[2025-10-13T14:59:56.855+0000] {processor.py:830} INFO - Processing file /opt/airflow/dags/weather_etl_v2.py for tasks to queue
[2025-10-13T14:59:56.857+0000] {logging_mixin.py:188} INFO - [2025-10-13T14:59:56.857+0000] {dagbag.py:540} INFO - Filling up the DagBag from /opt/airflow/dags/weather_etl_v2.py
[2025-10-13T14:59:56.892+0000] {processor.py:840} INFO - DAG(s) 'weather_etl_v2' retrieved from /opt/airflow/dags/weather_etl_v2.py
[2025-10-13T14:59:56.958+0000] {logging_mixin.py:188} INFO - [2025-10-13T14:59:56.958+0000] {dag.py:3047} INFO - Sync 1 DAGs
[2025-10-13T14:59:57.007+0000] {logging_mixin.py:188} INFO - [2025-10-13T14:59:57.006+0000] {dag.py:3834} INFO - Setting next_dagrun for weather_etl_v2 to 2025-10-12 22:00:00+00:00, run_after=2025-10-13 22:00:00+00:00
[2025-10-13T14:59:57.050+0000] {processor.py:183} INFO - Processing /opt/airflow/dags/weather_etl_v2.py took 0.200 seconds
[2025-10-13T15:00:27.742+0000] {processor.py:161} INFO - Started process (PID=15165) to work on /opt/airflow/dags/weather_etl_v2.py
[2025-10-13T15:00:27.744+0000] {processor.py:830} INFO - Processing file /opt/airflow/dags/weather_etl_v2.py for tasks to queue
[2025-10-13T15:00:27.746+0000] {logging_mixin.py:188} INFO - [2025-10-13T15:00:27.745+0000] {dagbag.py:540} INFO - Filling up the DagBag from /opt/airflow/dags/weather_etl_v2.py
[2025-10-13T15:00:27.776+0000] {processor.py:840} INFO - DAG(s) 'weather_etl_v2' retrieved from /opt/airflow/dags/weather_etl_v2.py
[2025-10-13T15:00:27.857+0000] {logging_mixin.py:188} INFO - [2025-10-13T15:00:27.856+0000] {dag.py:3047} INFO - Sync 1 DAGs
[2025-10-13T15:00:27.912+0000] {logging_mixin.py:188} INFO - [2025-10-13T15:00:27.912+0000] {dag.py:3834} INFO - Setting next_dagrun for weather_etl_v2 to 2025-10-12 22:00:00+00:00, run_after=2025-10-13 22:00:00+00:00
[2025-10-13T15:00:27.970+0000] {processor.py:183} INFO - Processing /opt/airflow/dags/weather_etl_v2.py took 0.231 seconds
[2025-10-13T15:00:58.594+0000] {processor.py:161} INFO - Started process (PID=15180) to work on /opt/airflow/dags/weather_etl_v2.py
[2025-10-13T15:00:58.596+0000] {processor.py:830} INFO - Processing file /opt/airflow/dags/weather_etl_v2.py for tasks to queue
[2025-10-13T15:00:58.598+0000] {logging_mixin.py:188} INFO - [2025-10-13T15:00:58.597+0000] {dagbag.py:540} INFO - Filling up the DagBag from /opt/airflow/dags/weather_etl_v2.py
[2025-10-13T15:00:58.632+0000] {processor.py:840} INFO - DAG(s) 'weather_etl_v2' retrieved from /opt/airflow/dags/weather_etl_v2.py
[2025-10-13T15:00:58.707+0000] {logging_mixin.py:188} INFO - [2025-10-13T15:00:58.707+0000] {dag.py:3047} INFO - Sync 1 DAGs
[2025-10-13T15:00:58.760+0000] {logging_mixin.py:188} INFO - [2025-10-13T15:00:58.759+0000] {dag.py:3834} INFO - Setting next_dagrun for weather_etl_v2 to 2025-10-12 22:00:00+00:00, run_after=2025-10-13 22:00:00+00:00
[2025-10-13T15:00:58.805+0000] {processor.py:183} INFO - Processing /opt/airflow/dags/weather_etl_v2.py took 0.215 seconds
[2025-10-13T15:01:29.842+0000] {processor.py:161} INFO - Started process (PID=15195) to work on /opt/airflow/dags/weather_etl_v2.py
[2025-10-13T15:01:29.873+0000] {processor.py:830} INFO - Processing file /opt/airflow/dags/weather_etl_v2.py for tasks to queue
[2025-10-13T15:01:29.890+0000] {logging_mixin.py:188} INFO - [2025-10-13T15:01:29.890+0000] {dagbag.py:540} INFO - Filling up the DagBag from /opt/airflow/dags/weather_etl_v2.py
[2025-10-13T15:01:30.202+0000] {processor.py:840} INFO - DAG(s) 'weather_etl_v2' retrieved from /opt/airflow/dags/weather_etl_v2.py
[2025-10-13T15:01:30.601+0000] {logging_mixin.py:188} INFO - [2025-10-13T15:01:30.600+0000] {dag.py:3047} INFO - Sync 1 DAGs
[2025-10-13T15:01:30.687+0000] {logging_mixin.py:188} INFO - [2025-10-13T15:01:30.686+0000] {dag.py:3834} INFO - Setting next_dagrun for weather_etl_v2 to 2025-10-12 22:00:00+00:00, run_after=2025-10-13 22:00:00+00:00
[2025-10-13T15:01:30.781+0000] {processor.py:183} INFO - Processing /opt/airflow/dags/weather_etl_v2.py took 0.950 seconds
[2025-10-13T15:02:01.156+0000] {processor.py:161} INFO - Started process (PID=15210) to work on /opt/airflow/dags/weather_etl_v2.py
[2025-10-13T15:02:01.158+0000] {processor.py:830} INFO - Processing file /opt/airflow/dags/weather_etl_v2.py for tasks to queue
[2025-10-13T15:02:01.161+0000] {logging_mixin.py:188} INFO - [2025-10-13T15:02:01.160+0000] {dagbag.py:540} INFO - Filling up the DagBag from /opt/airflow/dags/weather_etl_v2.py
[2025-10-13T15:02:01.259+0000] {processor.py:840} INFO - DAG(s) 'weather_etl_v2' retrieved from /opt/airflow/dags/weather_etl_v2.py
[2025-10-13T15:02:01.352+0000] {logging_mixin.py:188} INFO - [2025-10-13T15:02:01.352+0000] {dag.py:3047} INFO - Sync 1 DAGs
[2025-10-13T15:02:01.419+0000] {logging_mixin.py:188} INFO - [2025-10-13T15:02:01.419+0000] {dag.py:3834} INFO - Setting next_dagrun for weather_etl_v2 to 2025-10-12 22:00:00+00:00, run_after=2025-10-13 22:00:00+00:00
[2025-10-13T15:02:01.484+0000] {processor.py:183} INFO - Processing /opt/airflow/dags/weather_etl_v2.py took 0.333 seconds
[2025-10-13T15:02:32.094+0000] {processor.py:161} INFO - Started process (PID=15225) to work on /opt/airflow/dags/weather_etl_v2.py
[2025-10-13T15:02:32.096+0000] {processor.py:830} INFO - Processing file /opt/airflow/dags/weather_etl_v2.py for tasks to queue
[2025-10-13T15:02:32.099+0000] {logging_mixin.py:188} INFO - [2025-10-13T15:02:32.098+0000] {dagbag.py:540} INFO - Filling up the DagBag from /opt/airflow/dags/weather_etl_v2.py
[2025-10-13T15:02:32.145+0000] {processor.py:840} INFO - DAG(s) 'weather_etl_v2' retrieved from /opt/airflow/dags/weather_etl_v2.py
[2025-10-13T15:02:32.223+0000] {logging_mixin.py:188} INFO - [2025-10-13T15:02:32.223+0000] {dag.py:3047} INFO - Sync 1 DAGs
[2025-10-13T15:02:32.281+0000] {logging_mixin.py:188} INFO - [2025-10-13T15:02:32.280+0000] {dag.py:3834} INFO - Setting next_dagrun for weather_etl_v2 to 2025-10-12 22:00:00+00:00, run_after=2025-10-13 22:00:00+00:00
[2025-10-13T15:02:32.353+0000] {processor.py:183} INFO - Processing /opt/airflow/dags/weather_etl_v2.py took 0.265 seconds
[2025-10-13T15:03:02.672+0000] {processor.py:161} INFO - Started process (PID=15238) to work on /opt/airflow/dags/weather_etl_v2.py
[2025-10-13T15:03:02.675+0000] {processor.py:830} INFO - Processing file /opt/airflow/dags/weather_etl_v2.py for tasks to queue
[2025-10-13T15:03:02.679+0000] {logging_mixin.py:188} INFO - [2025-10-13T15:03:02.678+0000] {dagbag.py:540} INFO - Filling up the DagBag from /opt/airflow/dags/weather_etl_v2.py
[2025-10-13T15:03:02.800+0000] {processor.py:840} INFO - DAG(s) 'weather_etl_v2' retrieved from /opt/airflow/dags/weather_etl_v2.py
[2025-10-13T15:03:02.975+0000] {logging_mixin.py:188} INFO - [2025-10-13T15:03:02.975+0000] {dag.py:3047} INFO - Sync 1 DAGs
[2025-10-13T15:03:03.141+0000] {logging_mixin.py:188} INFO - [2025-10-13T15:03:03.140+0000] {dag.py:3834} INFO - Setting next_dagrun for weather_etl_v2 to 2025-10-12 22:00:00+00:00, run_after=2025-10-13 22:00:00+00:00
[2025-10-13T15:03:03.207+0000] {processor.py:183} INFO - Processing /opt/airflow/dags/weather_etl_v2.py took 0.541 seconds
[2025-10-13T15:03:33.790+0000] {processor.py:161} INFO - Started process (PID=15253) to work on /opt/airflow/dags/weather_etl_v2.py
[2025-10-13T15:03:33.793+0000] {processor.py:830} INFO - Processing file /opt/airflow/dags/weather_etl_v2.py for tasks to queue
[2025-10-13T15:03:33.796+0000] {logging_mixin.py:188} INFO - [2025-10-13T15:03:33.795+0000] {dagbag.py:540} INFO - Filling up the DagBag from /opt/airflow/dags/weather_etl_v2.py
[2025-10-13T15:03:33.836+0000] {processor.py:840} INFO - DAG(s) 'weather_etl_v2' retrieved from /opt/airflow/dags/weather_etl_v2.py
[2025-10-13T15:03:33.924+0000] {logging_mixin.py:188} INFO - [2025-10-13T15:03:33.923+0000] {dag.py:3047} INFO - Sync 1 DAGs
[2025-10-13T15:03:34.008+0000] {logging_mixin.py:188} INFO - [2025-10-13T15:03:34.008+0000] {dag.py:3834} INFO - Setting next_dagrun for weather_etl_v2 to 2025-10-12 22:00:00+00:00, run_after=2025-10-13 22:00:00+00:00
[2025-10-13T15:03:34.117+0000] {processor.py:183} INFO - Processing /opt/airflow/dags/weather_etl_v2.py took 0.331 seconds
[2025-10-13T15:04:04.766+0000] {processor.py:161} INFO - Started process (PID=15268) to work on /opt/airflow/dags/weather_etl_v2.py
[2025-10-13T15:04:04.768+0000] {processor.py:830} INFO - Processing file /opt/airflow/dags/weather_etl_v2.py for tasks to queue
[2025-10-13T15:04:04.772+0000] {logging_mixin.py:188} INFO - [2025-10-13T15:04:04.771+0000] {dagbag.py:540} INFO - Filling up the DagBag from /opt/airflow/dags/weather_etl_v2.py
[2025-10-13T15:04:04.821+0000] {processor.py:840} INFO - DAG(s) 'weather_etl_v2' retrieved from /opt/airflow/dags/weather_etl_v2.py
[2025-10-13T15:04:04.921+0000] {logging_mixin.py:188} INFO - [2025-10-13T15:04:04.920+0000] {dag.py:3047} INFO - Sync 1 DAGs
[2025-10-13T15:04:05.008+0000] {logging_mixin.py:188} INFO - [2025-10-13T15:04:05.008+0000] {dag.py:3834} INFO - Setting next_dagrun for weather_etl_v2 to 2025-10-12 22:00:00+00:00, run_after=2025-10-13 22:00:00+00:00
[2025-10-13T15:04:05.137+0000] {processor.py:183} INFO - Processing /opt/airflow/dags/weather_etl_v2.py took 0.379 seconds
[2025-10-13T15:04:35.340+0000] {processor.py:161} INFO - Started process (PID=15283) to work on /opt/airflow/dags/weather_etl_v2.py
[2025-10-13T15:04:35.341+0000] {processor.py:830} INFO - Processing file /opt/airflow/dags/weather_etl_v2.py for tasks to queue
[2025-10-13T15:04:35.343+0000] {logging_mixin.py:188} INFO - [2025-10-13T15:04:35.343+0000] {dagbag.py:540} INFO - Filling up the DagBag from /opt/airflow/dags/weather_etl_v2.py
[2025-10-13T15:04:35.386+0000] {processor.py:840} INFO - DAG(s) 'weather_etl_v2' retrieved from /opt/airflow/dags/weather_etl_v2.py
[2025-10-13T15:04:35.486+0000] {logging_mixin.py:188} INFO - [2025-10-13T15:04:35.486+0000] {dag.py:3047} INFO - Sync 1 DAGs
[2025-10-13T15:04:35.546+0000] {logging_mixin.py:188} INFO - [2025-10-13T15:04:35.546+0000] {dag.py:3834} INFO - Setting next_dagrun for weather_etl_v2 to 2025-10-12 22:00:00+00:00, run_after=2025-10-13 22:00:00+00:00
[2025-10-13T15:04:35.609+0000] {processor.py:183} INFO - Processing /opt/airflow/dags/weather_etl_v2.py took 0.286 seconds
[2025-10-13T15:05:06.734+0000] {processor.py:161} INFO - Started process (PID=15300) to work on /opt/airflow/dags/weather_etl_v2.py
[2025-10-13T15:05:06.736+0000] {processor.py:830} INFO - Processing file /opt/airflow/dags/weather_etl_v2.py for tasks to queue
[2025-10-13T15:05:06.738+0000] {logging_mixin.py:188} INFO - [2025-10-13T15:05:06.737+0000] {dagbag.py:540} INFO - Filling up the DagBag from /opt/airflow/dags/weather_etl_v2.py
[2025-10-13T15:05:06.776+0000] {processor.py:840} INFO - DAG(s) 'weather_etl_v2' retrieved from /opt/airflow/dags/weather_etl_v2.py
[2025-10-13T15:05:06.860+0000] {logging_mixin.py:188} INFO - [2025-10-13T15:05:06.860+0000] {dag.py:3047} INFO - Sync 1 DAGs
[2025-10-13T15:05:06.914+0000] {logging_mixin.py:188} INFO - [2025-10-13T15:05:06.914+0000] {dag.py:3834} INFO - Setting next_dagrun for weather_etl_v2 to 2025-10-12 22:00:00+00:00, run_after=2025-10-13 22:00:00+00:00
[2025-10-13T15:05:06.990+0000] {processor.py:183} INFO - Processing /opt/airflow/dags/weather_etl_v2.py took 0.260 seconds
[2025-10-13T15:05:37.916+0000] {processor.py:161} INFO - Started process (PID=15315) to work on /opt/airflow/dags/weather_etl_v2.py
[2025-10-13T15:05:37.918+0000] {processor.py:830} INFO - Processing file /opt/airflow/dags/weather_etl_v2.py for tasks to queue
[2025-10-13T15:05:37.920+0000] {logging_mixin.py:188} INFO - [2025-10-13T15:05:37.919+0000] {dagbag.py:540} INFO - Filling up the DagBag from /opt/airflow/dags/weather_etl_v2.py
[2025-10-13T15:05:37.960+0000] {processor.py:840} INFO - DAG(s) 'weather_etl_v2' retrieved from /opt/airflow/dags/weather_etl_v2.py
[2025-10-13T15:05:38.068+0000] {logging_mixin.py:188} INFO - [2025-10-13T15:05:38.067+0000] {dag.py:3047} INFO - Sync 1 DAGs
[2025-10-13T15:05:38.132+0000] {logging_mixin.py:188} INFO - [2025-10-13T15:05:38.132+0000] {dag.py:3834} INFO - Setting next_dagrun for weather_etl_v2 to 2025-10-12 22:00:00+00:00, run_after=2025-10-13 22:00:00+00:00
[2025-10-13T15:05:38.195+0000] {processor.py:183} INFO - Processing /opt/airflow/dags/weather_etl_v2.py took 0.284 seconds
[2025-10-13T15:06:08.799+0000] {processor.py:161} INFO - Started process (PID=15330) to work on /opt/airflow/dags/weather_etl_v2.py
[2025-10-13T15:06:08.801+0000] {processor.py:830} INFO - Processing file /opt/airflow/dags/weather_etl_v2.py for tasks to queue
[2025-10-13T15:06:08.803+0000] {logging_mixin.py:188} INFO - [2025-10-13T15:06:08.802+0000] {dagbag.py:540} INFO - Filling up the DagBag from /opt/airflow/dags/weather_etl_v2.py
[2025-10-13T15:06:08.844+0000] {processor.py:840} INFO - DAG(s) 'weather_etl_v2' retrieved from /opt/airflow/dags/weather_etl_v2.py
[2025-10-13T15:06:08.937+0000] {logging_mixin.py:188} INFO - [2025-10-13T15:06:08.937+0000] {dag.py:3047} INFO - Sync 1 DAGs
[2025-10-13T15:06:09.005+0000] {logging_mixin.py:188} INFO - [2025-10-13T15:06:09.005+0000] {dag.py:3834} INFO - Setting next_dagrun for weather_etl_v2 to 2025-10-12 22:00:00+00:00, run_after=2025-10-13 22:00:00+00:00
[2025-10-13T15:06:09.063+0000] {processor.py:183} INFO - Processing /opt/airflow/dags/weather_etl_v2.py took 0.268 seconds
[2025-10-13T15:06:40.012+0000] {processor.py:161} INFO - Started process (PID=15345) to work on /opt/airflow/dags/weather_etl_v2.py
[2025-10-13T15:06:40.022+0000] {processor.py:830} INFO - Processing file /opt/airflow/dags/weather_etl_v2.py for tasks to queue
[2025-10-13T15:06:40.039+0000] {logging_mixin.py:188} INFO - [2025-10-13T15:06:40.038+0000] {dagbag.py:540} INFO - Filling up the DagBag from /opt/airflow/dags/weather_etl_v2.py
[2025-10-13T15:06:40.231+0000] {processor.py:840} INFO - DAG(s) 'weather_etl_v2' retrieved from /opt/airflow/dags/weather_etl_v2.py
[2025-10-13T15:06:40.577+0000] {logging_mixin.py:188} INFO - [2025-10-13T15:06:40.569+0000] {dag.py:3047} INFO - Sync 1 DAGs
[2025-10-13T15:06:40.697+0000] {logging_mixin.py:188} INFO - [2025-10-13T15:06:40.696+0000] {dag.py:3834} INFO - Setting next_dagrun for weather_etl_v2 to 2025-10-12 22:00:00+00:00, run_after=2025-10-13 22:00:00+00:00
[2025-10-13T15:06:40.795+0000] {processor.py:183} INFO - Processing /opt/airflow/dags/weather_etl_v2.py took 0.788 seconds
[2025-10-13T15:07:11.288+0000] {processor.py:161} INFO - Started process (PID=15360) to work on /opt/airflow/dags/weather_etl_v2.py
[2025-10-13T15:07:11.292+0000] {processor.py:830} INFO - Processing file /opt/airflow/dags/weather_etl_v2.py for tasks to queue
[2025-10-13T15:07:11.295+0000] {logging_mixin.py:188} INFO - [2025-10-13T15:07:11.294+0000] {dagbag.py:540} INFO - Filling up the DagBag from /opt/airflow/dags/weather_etl_v2.py
[2025-10-13T15:07:11.347+0000] {processor.py:840} INFO - DAG(s) 'weather_etl_v2' retrieved from /opt/airflow/dags/weather_etl_v2.py
[2025-10-13T15:07:11.467+0000] {logging_mixin.py:188} INFO - [2025-10-13T15:07:11.466+0000] {dag.py:3047} INFO - Sync 1 DAGs
[2025-10-13T15:07:11.537+0000] {logging_mixin.py:188} INFO - [2025-10-13T15:07:11.536+0000] {dag.py:3834} INFO - Setting next_dagrun for weather_etl_v2 to 2025-10-12 22:00:00+00:00, run_after=2025-10-13 22:00:00+00:00
[2025-10-13T15:07:11.625+0000] {processor.py:183} INFO - Processing /opt/airflow/dags/weather_etl_v2.py took 0.341 seconds
[2025-10-13T15:07:42.421+0000] {processor.py:161} INFO - Started process (PID=15375) to work on /opt/airflow/dags/weather_etl_v2.py
[2025-10-13T15:07:42.428+0000] {processor.py:830} INFO - Processing file /opt/airflow/dags/weather_etl_v2.py for tasks to queue
[2025-10-13T15:07:42.431+0000] {logging_mixin.py:188} INFO - [2025-10-13T15:07:42.430+0000] {dagbag.py:540} INFO - Filling up the DagBag from /opt/airflow/dags/weather_etl_v2.py
[2025-10-13T15:07:42.482+0000] {processor.py:840} INFO - DAG(s) 'weather_etl_v2' retrieved from /opt/airflow/dags/weather_etl_v2.py
[2025-10-13T15:07:42.577+0000] {logging_mixin.py:188} INFO - [2025-10-13T15:07:42.576+0000] {dag.py:3047} INFO - Sync 1 DAGs
[2025-10-13T15:07:42.644+0000] {logging_mixin.py:188} INFO - [2025-10-13T15:07:42.643+0000] {dag.py:3834} INFO - Setting next_dagrun for weather_etl_v2 to 2025-10-12 22:00:00+00:00, run_after=2025-10-13 22:00:00+00:00
[2025-10-13T15:07:42.701+0000] {processor.py:183} INFO - Processing /opt/airflow/dags/weather_etl_v2.py took 0.304 seconds
[2025-10-13T15:08:13.199+0000] {processor.py:161} INFO - Started process (PID=15390) to work on /opt/airflow/dags/weather_etl_v2.py
[2025-10-13T15:08:13.201+0000] {processor.py:830} INFO - Processing file /opt/airflow/dags/weather_etl_v2.py for tasks to queue
[2025-10-13T15:08:13.203+0000] {logging_mixin.py:188} INFO - [2025-10-13T15:08:13.203+0000] {dagbag.py:540} INFO - Filling up the DagBag from /opt/airflow/dags/weather_etl_v2.py
[2025-10-13T15:08:13.245+0000] {processor.py:840} INFO - DAG(s) 'weather_etl_v2' retrieved from /opt/airflow/dags/weather_etl_v2.py
[2025-10-13T15:08:13.332+0000] {logging_mixin.py:188} INFO - [2025-10-13T15:08:13.331+0000] {dag.py:3047} INFO - Sync 1 DAGs
[2025-10-13T15:08:13.394+0000] {logging_mixin.py:188} INFO - [2025-10-13T15:08:13.394+0000] {dag.py:3834} INFO - Setting next_dagrun for weather_etl_v2 to 2025-10-12 22:00:00+00:00, run_after=2025-10-13 22:00:00+00:00
[2025-10-13T15:08:13.441+0000] {processor.py:183} INFO - Processing /opt/airflow/dags/weather_etl_v2.py took 0.246 seconds
[2025-10-13T15:08:44.162+0000] {processor.py:161} INFO - Started process (PID=15405) to work on /opt/airflow/dags/weather_etl_v2.py
[2025-10-13T15:08:44.164+0000] {processor.py:830} INFO - Processing file /opt/airflow/dags/weather_etl_v2.py for tasks to queue
[2025-10-13T15:08:44.166+0000] {logging_mixin.py:188} INFO - [2025-10-13T15:08:44.166+0000] {dagbag.py:540} INFO - Filling up the DagBag from /opt/airflow/dags/weather_etl_v2.py
[2025-10-13T15:08:44.202+0000] {processor.py:840} INFO - DAG(s) 'weather_etl_v2' retrieved from /opt/airflow/dags/weather_etl_v2.py
[2025-10-13T15:08:44.303+0000] {logging_mixin.py:188} INFO - [2025-10-13T15:08:44.303+0000] {dag.py:3047} INFO - Sync 1 DAGs
[2025-10-13T15:08:44.401+0000] {logging_mixin.py:188} INFO - [2025-10-13T15:08:44.400+0000] {dag.py:3834} INFO - Setting next_dagrun for weather_etl_v2 to 2025-10-12 22:00:00+00:00, run_after=2025-10-13 22:00:00+00:00
[2025-10-13T15:08:44.588+0000] {processor.py:183} INFO - Processing /opt/airflow/dags/weather_etl_v2.py took 0.430 seconds
[2025-10-13T15:09:56.098+0000] {processor.py:161} INFO - Started process (PID=15420) to work on /opt/airflow/dags/weather_etl_v2.py
[2025-10-13T15:09:56.102+0000] {processor.py:830} INFO - Processing file /opt/airflow/dags/weather_etl_v2.py for tasks to queue
[2025-10-13T15:09:56.115+0000] {logging_mixin.py:188} INFO - [2025-10-13T15:09:56.113+0000] {dagbag.py:540} INFO - Filling up the DagBag from /opt/airflow/dags/weather_etl_v2.py
[2025-10-13T15:09:56.220+0000] {processor.py:840} INFO - DAG(s) 'weather_etl_v2' retrieved from /opt/airflow/dags/weather_etl_v2.py
[2025-10-13T15:09:56.564+0000] {logging_mixin.py:188} INFO - [2025-10-13T15:09:56.561+0000] {dag.py:3047} INFO - Sync 1 DAGs
[2025-10-13T15:09:56.737+0000] {logging_mixin.py:188} INFO - [2025-10-13T15:09:56.730+0000] {dag.py:3834} INFO - Setting next_dagrun for weather_etl_v2 to 2025-10-12 22:00:00+00:00, run_after=2025-10-13 22:00:00+00:00
[2025-10-13T15:09:56.889+0000] {processor.py:183} INFO - Processing /opt/airflow/dags/weather_etl_v2.py took 0.811 seconds
[2025-10-13T15:10:38.540+0000] {processor.py:161} INFO - Started process (PID=15435) to work on /opt/airflow/dags/weather_etl_v2.py
[2025-10-13T15:10:38.550+0000] {processor.py:830} INFO - Processing file /opt/airflow/dags/weather_etl_v2.py for tasks to queue
[2025-10-13T15:10:38.556+0000] {logging_mixin.py:188} INFO - [2025-10-13T15:10:38.554+0000] {dagbag.py:540} INFO - Filling up the DagBag from /opt/airflow/dags/weather_etl_v2.py
[2025-10-13T15:10:38.714+0000] {processor.py:840} INFO - DAG(s) 'weather_etl_v2' retrieved from /opt/airflow/dags/weather_etl_v2.py
[2025-10-13T15:10:39.014+0000] {logging_mixin.py:188} INFO - [2025-10-13T15:10:39.014+0000] {dag.py:3047} INFO - Sync 1 DAGs
[2025-10-13T15:10:39.100+0000] {logging_mixin.py:188} INFO - [2025-10-13T15:10:39.100+0000] {dag.py:3834} INFO - Setting next_dagrun for weather_etl_v2 to 2025-10-12 22:00:00+00:00, run_after=2025-10-13 22:00:00+00:00
[2025-10-13T15:10:39.190+0000] {processor.py:183} INFO - Processing /opt/airflow/dags/weather_etl_v2.py took 0.672 seconds
[2025-10-13T15:12:09.432+0000] {processor.py:161} INFO - Started process (PID=15448) to work on /opt/airflow/dags/weather_etl_v2.py
[2025-10-13T15:12:09.452+0000] {processor.py:830} INFO - Processing file /opt/airflow/dags/weather_etl_v2.py for tasks to queue
[2025-10-13T15:12:09.463+0000] {logging_mixin.py:188} INFO - [2025-10-13T15:12:09.460+0000] {dagbag.py:540} INFO - Filling up the DagBag from /opt/airflow/dags/weather_etl_v2.py
[2025-10-13T15:12:09.713+0000] {processor.py:840} INFO - DAG(s) 'weather_etl_v2' retrieved from /opt/airflow/dags/weather_etl_v2.py
[2025-10-13T15:12:10.372+0000] {logging_mixin.py:188} INFO - [2025-10-13T15:12:10.371+0000] {dag.py:3047} INFO - Sync 1 DAGs
[2025-10-13T15:12:10.569+0000] {logging_mixin.py:188} INFO - [2025-10-13T15:12:10.568+0000] {dag.py:3834} INFO - Setting next_dagrun for weather_etl_v2 to 2025-10-12 22:00:00+00:00, run_after=2025-10-13 22:00:00+00:00
[2025-10-13T15:12:10.701+0000] {processor.py:183} INFO - Processing /opt/airflow/dags/weather_etl_v2.py took 1.345 seconds
[2025-10-13T15:12:58.681+0000] {processor.py:161} INFO - Started process (PID=15461) to work on /opt/airflow/dags/weather_etl_v2.py
[2025-10-13T15:12:58.684+0000] {processor.py:830} INFO - Processing file /opt/airflow/dags/weather_etl_v2.py for tasks to queue
[2025-10-13T15:12:58.694+0000] {logging_mixin.py:188} INFO - [2025-10-13T15:12:58.687+0000] {dagbag.py:540} INFO - Filling up the DagBag from /opt/airflow/dags/weather_etl_v2.py
[2025-10-13T15:12:58.785+0000] {processor.py:840} INFO - DAG(s) 'weather_etl_v2' retrieved from /opt/airflow/dags/weather_etl_v2.py
[2025-10-13T15:12:59.031+0000] {logging_mixin.py:188} INFO - [2025-10-13T15:12:59.030+0000] {dag.py:3047} INFO - Sync 1 DAGs
[2025-10-13T15:12:59.375+0000] {logging_mixin.py:188} INFO - [2025-10-13T15:12:59.373+0000] {dag.py:3834} INFO - Setting next_dagrun for weather_etl_v2 to 2025-10-12 22:00:00+00:00, run_after=2025-10-13 22:00:00+00:00
[2025-10-13T15:12:59.672+0000] {processor.py:183} INFO - Processing /opt/airflow/dags/weather_etl_v2.py took 1.015 seconds
[2025-10-13T15:13:32.488+0000] {processor.py:161} INFO - Started process (PID=15470) to work on /opt/airflow/dags/weather_etl_v2.py
[2025-10-13T15:13:32.504+0000] {processor.py:830} INFO - Processing file /opt/airflow/dags/weather_etl_v2.py for tasks to queue
[2025-10-13T15:13:32.526+0000] {logging_mixin.py:188} INFO - [2025-10-13T15:13:32.513+0000] {dagbag.py:540} INFO - Filling up the DagBag from /opt/airflow/dags/weather_etl_v2.py
[2025-10-13T15:13:32.914+0000] {processor.py:840} INFO - DAG(s) 'weather_etl_v2' retrieved from /opt/airflow/dags/weather_etl_v2.py
[2025-10-13T15:13:33.554+0000] {logging_mixin.py:188} INFO - [2025-10-13T15:13:33.554+0000] {dag.py:3047} INFO - Sync 1 DAGs
[2025-10-13T15:13:33.918+0000] {logging_mixin.py:188} INFO - [2025-10-13T15:13:33.917+0000] {dag.py:3834} INFO - Setting next_dagrun for weather_etl_v2 to 2025-10-12 22:00:00+00:00, run_after=2025-10-13 22:00:00+00:00
[2025-10-13T15:13:34.168+0000] {processor.py:183} INFO - Processing /opt/airflow/dags/weather_etl_v2.py took 1.846 seconds
[2025-10-13T15:14:16.031+0000] {processor.py:161} INFO - Started process (PID=15493) to work on /opt/airflow/dags/weather_etl_v2.py
[2025-10-13T15:14:16.035+0000] {processor.py:830} INFO - Processing file /opt/airflow/dags/weather_etl_v2.py for tasks to queue
[2025-10-13T15:14:16.043+0000] {logging_mixin.py:188} INFO - [2025-10-13T15:14:16.041+0000] {dagbag.py:540} INFO - Filling up the DagBag from /opt/airflow/dags/weather_etl_v2.py
[2025-10-13T15:14:16.116+0000] {processor.py:840} INFO - DAG(s) 'weather_etl_v2' retrieved from /opt/airflow/dags/weather_etl_v2.py
[2025-10-13T15:14:16.387+0000] {logging_mixin.py:188} INFO - [2025-10-13T15:14:16.386+0000] {dag.py:3047} INFO - Sync 1 DAGs
[2025-10-13T15:14:16.519+0000] {logging_mixin.py:188} INFO - [2025-10-13T15:14:16.519+0000] {dag.py:3834} INFO - Setting next_dagrun for weather_etl_v2 to 2025-10-12 22:00:00+00:00, run_after=2025-10-13 22:00:00+00:00
[2025-10-13T15:14:16.654+0000] {processor.py:183} INFO - Processing /opt/airflow/dags/weather_etl_v2.py took 0.630 seconds
[2025-10-13T15:15:00.441+0000] {processor.py:161} INFO - Started process (PID=15508) to work on /opt/airflow/dags/weather_etl_v2.py
[2025-10-13T15:15:00.927+0000] {processor.py:830} INFO - Processing file /opt/airflow/dags/weather_etl_v2.py for tasks to queue
[2025-10-13T15:15:00.959+0000] {logging_mixin.py:188} INFO - [2025-10-13T15:15:00.942+0000] {dagbag.py:540} INFO - Filling up the DagBag from /opt/airflow/dags/weather_etl_v2.py
[2025-10-13T15:15:03.646+0000] {processor.py:840} INFO - DAG(s) 'weather_etl_v2' retrieved from /opt/airflow/dags/weather_etl_v2.py
[2025-10-13T15:15:07.051+0000] {logging_mixin.py:188} INFO - [2025-10-13T15:15:06.646+0000] {dag.py:3047} INFO - Sync 1 DAGs
[2025-10-13T15:15:09.649+0000] {logging_mixin.py:188} INFO - [2025-10-13T15:15:09.648+0000] {dag.py:3834} INFO - Setting next_dagrun for weather_etl_v2 to 2025-10-12 22:00:00+00:00, run_after=2025-10-13 22:00:00+00:00
[2025-10-13T15:15:10.573+0000] {processor.py:183} INFO - Processing /opt/airflow/dags/weather_etl_v2.py took 11.099 seconds
[2025-10-13T15:15:44.837+0000] {processor.py:161} INFO - Started process (PID=15523) to work on /opt/airflow/dags/weather_etl_v2.py
[2025-10-13T15:15:44.847+0000] {processor.py:830} INFO - Processing file /opt/airflow/dags/weather_etl_v2.py for tasks to queue
[2025-10-13T15:15:44.857+0000] {logging_mixin.py:188} INFO - [2025-10-13T15:15:44.855+0000] {dagbag.py:540} INFO - Filling up the DagBag from /opt/airflow/dags/weather_etl_v2.py
[2025-10-13T15:15:45.081+0000] {processor.py:840} INFO - DAG(s) 'weather_etl_v2' retrieved from /opt/airflow/dags/weather_etl_v2.py
[2025-10-13T15:15:45.425+0000] {logging_mixin.py:188} INFO - [2025-10-13T15:15:45.424+0000] {dag.py:3047} INFO - Sync 1 DAGs
[2025-10-13T15:15:45.580+0000] {logging_mixin.py:188} INFO - [2025-10-13T15:15:45.579+0000] {dag.py:3834} INFO - Setting next_dagrun for weather_etl_v2 to 2025-10-12 22:00:00+00:00, run_after=2025-10-13 22:00:00+00:00
[2025-10-13T15:15:45.705+0000] {processor.py:183} INFO - Processing /opt/airflow/dags/weather_etl_v2.py took 0.912 seconds
[2025-10-13T15:16:19.905+0000] {processor.py:161} INFO - Started process (PID=15538) to work on /opt/airflow/dags/weather_etl_v2.py
[2025-10-13T15:16:19.909+0000] {processor.py:830} INFO - Processing file /opt/airflow/dags/weather_etl_v2.py for tasks to queue
[2025-10-13T15:16:19.914+0000] {logging_mixin.py:188} INFO - [2025-10-13T15:16:19.912+0000] {dagbag.py:540} INFO - Filling up the DagBag from /opt/airflow/dags/weather_etl_v2.py
[2025-10-13T15:16:20.002+0000] {processor.py:840} INFO - DAG(s) 'weather_etl_v2' retrieved from /opt/airflow/dags/weather_etl_v2.py
[2025-10-13T15:16:20.212+0000] {logging_mixin.py:188} INFO - [2025-10-13T15:16:20.211+0000] {dag.py:3047} INFO - Sync 1 DAGs
[2025-10-13T15:16:20.300+0000] {logging_mixin.py:188} INFO - [2025-10-13T15:16:20.298+0000] {dag.py:3834} INFO - Setting next_dagrun for weather_etl_v2 to 2025-10-12 22:00:00+00:00, run_after=2025-10-13 22:00:00+00:00
[2025-10-13T15:16:20.389+0000] {processor.py:183} INFO - Processing /opt/airflow/dags/weather_etl_v2.py took 0.502 seconds
[2025-10-13T15:16:51.533+0000] {processor.py:161} INFO - Started process (PID=15553) to work on /opt/airflow/dags/weather_etl_v2.py
[2025-10-13T15:16:51.537+0000] {processor.py:830} INFO - Processing file /opt/airflow/dags/weather_etl_v2.py for tasks to queue
[2025-10-13T15:16:51.549+0000] {logging_mixin.py:188} INFO - [2025-10-13T15:16:51.548+0000] {dagbag.py:540} INFO - Filling up the DagBag from /opt/airflow/dags/weather_etl_v2.py
[2025-10-13T15:16:51.744+0000] {processor.py:840} INFO - DAG(s) 'weather_etl_v2' retrieved from /opt/airflow/dags/weather_etl_v2.py
[2025-10-13T15:16:52.051+0000] {logging_mixin.py:188} INFO - [2025-10-13T15:16:52.049+0000] {dag.py:3047} INFO - Sync 1 DAGs
[2025-10-13T15:16:52.139+0000] {logging_mixin.py:188} INFO - [2025-10-13T15:16:52.138+0000] {dag.py:3834} INFO - Setting next_dagrun for weather_etl_v2 to 2025-10-12 22:00:00+00:00, run_after=2025-10-13 22:00:00+00:00
[2025-10-13T15:16:52.236+0000] {processor.py:183} INFO - Processing /opt/airflow/dags/weather_etl_v2.py took 0.710 seconds
[2025-10-13T15:17:24.869+0000] {processor.py:161} INFO - Started process (PID=15566) to work on /opt/airflow/dags/weather_etl_v2.py
[2025-10-13T15:17:24.873+0000] {processor.py:830} INFO - Processing file /opt/airflow/dags/weather_etl_v2.py for tasks to queue
[2025-10-13T15:17:24.879+0000] {logging_mixin.py:188} INFO - [2025-10-13T15:17:24.877+0000] {dagbag.py:540} INFO - Filling up the DagBag from /opt/airflow/dags/weather_etl_v2.py
[2025-10-13T15:17:24.986+0000] {processor.py:840} INFO - DAG(s) 'weather_etl_v2' retrieved from /opt/airflow/dags/weather_etl_v2.py
[2025-10-13T15:17:25.151+0000] {logging_mixin.py:188} INFO - [2025-10-13T15:17:25.147+0000] {dag.py:3047} INFO - Sync 1 DAGs
[2025-10-13T15:17:25.283+0000] {logging_mixin.py:188} INFO - [2025-10-13T15:17:25.282+0000] {dag.py:3834} INFO - Setting next_dagrun for weather_etl_v2 to 2025-10-12 22:00:00+00:00, run_after=2025-10-13 22:00:00+00:00
[2025-10-13T15:17:25.372+0000] {processor.py:183} INFO - Processing /opt/airflow/dags/weather_etl_v2.py took 0.520 seconds
[2025-10-13T15:17:56.847+0000] {processor.py:161} INFO - Started process (PID=15581) to work on /opt/airflow/dags/weather_etl_v2.py
[2025-10-13T15:17:56.851+0000] {processor.py:830} INFO - Processing file /opt/airflow/dags/weather_etl_v2.py for tasks to queue
[2025-10-13T15:17:56.854+0000] {logging_mixin.py:188} INFO - [2025-10-13T15:17:56.853+0000] {dagbag.py:540} INFO - Filling up the DagBag from /opt/airflow/dags/weather_etl_v2.py
[2025-10-13T15:17:56.914+0000] {processor.py:840} INFO - DAG(s) 'weather_etl_v2' retrieved from /opt/airflow/dags/weather_etl_v2.py
[2025-10-13T15:17:57.017+0000] {logging_mixin.py:188} INFO - [2025-10-13T15:17:57.016+0000] {dag.py:3047} INFO - Sync 1 DAGs
[2025-10-13T15:17:57.113+0000] {logging_mixin.py:188} INFO - [2025-10-13T15:17:57.112+0000] {dag.py:3834} INFO - Setting next_dagrun for weather_etl_v2 to 2025-10-12 22:00:00+00:00, run_after=2025-10-13 22:00:00+00:00
[2025-10-13T15:17:57.176+0000] {processor.py:183} INFO - Processing /opt/airflow/dags/weather_etl_v2.py took 0.337 seconds
[2025-10-13T15:18:27.561+0000] {processor.py:161} INFO - Started process (PID=15598) to work on /opt/airflow/dags/weather_etl_v2.py
[2025-10-13T15:18:27.563+0000] {processor.py:830} INFO - Processing file /opt/airflow/dags/weather_etl_v2.py for tasks to queue
[2025-10-13T15:18:27.566+0000] {logging_mixin.py:188} INFO - [2025-10-13T15:18:27.565+0000] {dagbag.py:540} INFO - Filling up the DagBag from /opt/airflow/dags/weather_etl_v2.py
[2025-10-13T15:18:27.607+0000] {processor.py:840} INFO - DAG(s) 'weather_etl_v2' retrieved from /opt/airflow/dags/weather_etl_v2.py
[2025-10-13T15:18:27.698+0000] {logging_mixin.py:188} INFO - [2025-10-13T15:18:27.697+0000] {dag.py:3047} INFO - Sync 1 DAGs
[2025-10-13T15:18:27.764+0000] {logging_mixin.py:188} INFO - [2025-10-13T15:18:27.764+0000] {dag.py:3834} INFO - Setting next_dagrun for weather_etl_v2 to 2025-10-12 22:00:00+00:00, run_after=2025-10-13 22:00:00+00:00
[2025-10-13T15:18:27.912+0000] {processor.py:183} INFO - Processing /opt/airflow/dags/weather_etl_v2.py took 0.355 seconds
[2025-10-13T15:18:59.163+0000] {processor.py:161} INFO - Started process (PID=15613) to work on /opt/airflow/dags/weather_etl_v2.py
[2025-10-13T15:18:59.164+0000] {processor.py:830} INFO - Processing file /opt/airflow/dags/weather_etl_v2.py for tasks to queue
[2025-10-13T15:18:59.167+0000] {logging_mixin.py:188} INFO - [2025-10-13T15:18:59.166+0000] {dagbag.py:540} INFO - Filling up the DagBag from /opt/airflow/dags/weather_etl_v2.py
[2025-10-13T15:18:59.207+0000] {processor.py:840} INFO - DAG(s) 'weather_etl_v2' retrieved from /opt/airflow/dags/weather_etl_v2.py
[2025-10-13T15:18:59.285+0000] {logging_mixin.py:188} INFO - [2025-10-13T15:18:59.285+0000] {dag.py:3047} INFO - Sync 1 DAGs
[2025-10-13T15:18:59.344+0000] {logging_mixin.py:188} INFO - [2025-10-13T15:18:59.343+0000] {dag.py:3834} INFO - Setting next_dagrun for weather_etl_v2 to 2025-10-12 22:00:00+00:00, run_after=2025-10-13 22:00:00+00:00
[2025-10-13T15:18:59.402+0000] {processor.py:183} INFO - Processing /opt/airflow/dags/weather_etl_v2.py took 0.244 seconds
[2025-10-13T15:19:30.293+0000] {processor.py:161} INFO - Started process (PID=15628) to work on /opt/airflow/dags/weather_etl_v2.py
[2025-10-13T15:19:30.295+0000] {processor.py:830} INFO - Processing file /opt/airflow/dags/weather_etl_v2.py for tasks to queue
[2025-10-13T15:19:30.297+0000] {logging_mixin.py:188} INFO - [2025-10-13T15:19:30.297+0000] {dagbag.py:540} INFO - Filling up the DagBag from /opt/airflow/dags/weather_etl_v2.py
[2025-10-13T15:19:30.336+0000] {processor.py:840} INFO - DAG(s) 'weather_etl_v2' retrieved from /opt/airflow/dags/weather_etl_v2.py
[2025-10-13T15:19:30.424+0000] {logging_mixin.py:188} INFO - [2025-10-13T15:19:30.424+0000] {dag.py:3047} INFO - Sync 1 DAGs
[2025-10-13T15:19:30.480+0000] {logging_mixin.py:188} INFO - [2025-10-13T15:19:30.480+0000] {dag.py:3834} INFO - Setting next_dagrun for weather_etl_v2 to 2025-10-12 22:00:00+00:00, run_after=2025-10-13 22:00:00+00:00
[2025-10-13T15:19:30.555+0000] {processor.py:183} INFO - Processing /opt/airflow/dags/weather_etl_v2.py took 0.266 seconds
[2025-10-13T15:20:01.237+0000] {processor.py:161} INFO - Started process (PID=15643) to work on /opt/airflow/dags/weather_etl_v2.py
[2025-10-13T15:20:01.239+0000] {processor.py:830} INFO - Processing file /opt/airflow/dags/weather_etl_v2.py for tasks to queue
[2025-10-13T15:20:01.241+0000] {logging_mixin.py:188} INFO - [2025-10-13T15:20:01.241+0000] {dagbag.py:540} INFO - Filling up the DagBag from /opt/airflow/dags/weather_etl_v2.py
[2025-10-13T15:20:01.287+0000] {processor.py:840} INFO - DAG(s) 'weather_etl_v2' retrieved from /opt/airflow/dags/weather_etl_v2.py
[2025-10-13T15:20:01.391+0000] {logging_mixin.py:188} INFO - [2025-10-13T15:20:01.390+0000] {dag.py:3047} INFO - Sync 1 DAGs
[2025-10-13T15:20:01.466+0000] {logging_mixin.py:188} INFO - [2025-10-13T15:20:01.466+0000] {dag.py:3834} INFO - Setting next_dagrun for weather_etl_v2 to 2025-10-12 22:00:00+00:00, run_after=2025-10-13 22:00:00+00:00
[2025-10-13T15:20:01.542+0000] {processor.py:183} INFO - Processing /opt/airflow/dags/weather_etl_v2.py took 0.316 seconds
[2025-10-13T15:20:32.169+0000] {processor.py:161} INFO - Started process (PID=15658) to work on /opt/airflow/dags/weather_etl_v2.py
[2025-10-13T15:20:32.171+0000] {processor.py:830} INFO - Processing file /opt/airflow/dags/weather_etl_v2.py for tasks to queue
[2025-10-13T15:20:32.173+0000] {logging_mixin.py:188} INFO - [2025-10-13T15:20:32.172+0000] {dagbag.py:540} INFO - Filling up the DagBag from /opt/airflow/dags/weather_etl_v2.py
[2025-10-13T15:20:32.215+0000] {processor.py:840} INFO - DAG(s) 'weather_etl_v2' retrieved from /opt/airflow/dags/weather_etl_v2.py
[2025-10-13T15:20:32.278+0000] {logging_mixin.py:188} INFO - [2025-10-13T15:20:32.278+0000] {dag.py:3047} INFO - Sync 1 DAGs
[2025-10-13T15:20:32.330+0000] {logging_mixin.py:188} INFO - [2025-10-13T15:20:32.329+0000] {dag.py:3834} INFO - Setting next_dagrun for weather_etl_v2 to 2025-10-12 22:00:00+00:00, run_after=2025-10-13 22:00:00+00:00
[2025-10-13T15:20:32.392+0000] {processor.py:183} INFO - Processing /opt/airflow/dags/weather_etl_v2.py took 0.227 seconds
[2025-10-13T15:21:03.177+0000] {processor.py:161} INFO - Started process (PID=15673) to work on /opt/airflow/dags/weather_etl_v2.py
[2025-10-13T15:21:03.180+0000] {processor.py:830} INFO - Processing file /opt/airflow/dags/weather_etl_v2.py for tasks to queue
[2025-10-13T15:21:03.183+0000] {logging_mixin.py:188} INFO - [2025-10-13T15:21:03.182+0000] {dagbag.py:540} INFO - Filling up the DagBag from /opt/airflow/dags/weather_etl_v2.py
[2025-10-13T15:21:03.233+0000] {processor.py:840} INFO - DAG(s) 'weather_etl_v2' retrieved from /opt/airflow/dags/weather_etl_v2.py
[2025-10-13T15:21:03.321+0000] {logging_mixin.py:188} INFO - [2025-10-13T15:21:03.320+0000] {dag.py:3047} INFO - Sync 1 DAGs
[2025-10-13T15:21:03.387+0000] {logging_mixin.py:188} INFO - [2025-10-13T15:21:03.386+0000] {dag.py:3834} INFO - Setting next_dagrun for weather_etl_v2 to 2025-10-12 22:00:00+00:00, run_after=2025-10-13 22:00:00+00:00
[2025-10-13T15:21:03.482+0000] {processor.py:183} INFO - Processing /opt/airflow/dags/weather_etl_v2.py took 0.311 seconds
[2025-10-13T15:21:33.637+0000] {processor.py:161} INFO - Started process (PID=15688) to work on /opt/airflow/dags/weather_etl_v2.py
[2025-10-13T15:21:33.640+0000] {processor.py:830} INFO - Processing file /opt/airflow/dags/weather_etl_v2.py for tasks to queue
[2025-10-13T15:21:33.643+0000] {logging_mixin.py:188} INFO - [2025-10-13T15:21:33.642+0000] {dagbag.py:540} INFO - Filling up the DagBag from /opt/airflow/dags/weather_etl_v2.py
[2025-10-13T15:21:33.688+0000] {processor.py:840} INFO - DAG(s) 'weather_etl_v2' retrieved from /opt/airflow/dags/weather_etl_v2.py
[2025-10-13T15:21:33.802+0000] {logging_mixin.py:188} INFO - [2025-10-13T15:21:33.802+0000] {dag.py:3047} INFO - Sync 1 DAGs
[2025-10-13T15:21:33.874+0000] {logging_mixin.py:188} INFO - [2025-10-13T15:21:33.874+0000] {dag.py:3834} INFO - Setting next_dagrun for weather_etl_v2 to 2025-10-12 22:00:00+00:00, run_after=2025-10-13 22:00:00+00:00
[2025-10-13T15:21:33.962+0000] {processor.py:183} INFO - Processing /opt/airflow/dags/weather_etl_v2.py took 0.329 seconds
[2025-10-13T15:22:05.194+0000] {processor.py:161} INFO - Started process (PID=15703) to work on /opt/airflow/dags/weather_etl_v2.py
[2025-10-13T15:22:05.198+0000] {processor.py:830} INFO - Processing file /opt/airflow/dags/weather_etl_v2.py for tasks to queue
[2025-10-13T15:22:05.205+0000] {logging_mixin.py:188} INFO - [2025-10-13T15:22:05.203+0000] {dagbag.py:540} INFO - Filling up the DagBag from /opt/airflow/dags/weather_etl_v2.py
[2025-10-13T15:22:05.430+0000] {processor.py:840} INFO - DAG(s) 'weather_etl_v2' retrieved from /opt/airflow/dags/weather_etl_v2.py
[2025-10-13T15:22:05.888+0000] {logging_mixin.py:188} INFO - [2025-10-13T15:22:05.887+0000] {dag.py:3047} INFO - Sync 1 DAGs
[2025-10-13T15:22:05.994+0000] {logging_mixin.py:188} INFO - [2025-10-13T15:22:05.994+0000] {dag.py:3834} INFO - Setting next_dagrun for weather_etl_v2 to 2025-10-12 22:00:00+00:00, run_after=2025-10-13 22:00:00+00:00
[2025-10-13T15:22:06.081+0000] {processor.py:183} INFO - Processing /opt/airflow/dags/weather_etl_v2.py took 0.908 seconds
[2025-10-13T15:22:36.390+0000] {processor.py:161} INFO - Started process (PID=15718) to work on /opt/airflow/dags/weather_etl_v2.py
[2025-10-13T15:22:36.391+0000] {processor.py:830} INFO - Processing file /opt/airflow/dags/weather_etl_v2.py for tasks to queue
[2025-10-13T15:22:36.393+0000] {logging_mixin.py:188} INFO - [2025-10-13T15:22:36.392+0000] {dagbag.py:540} INFO - Filling up the DagBag from /opt/airflow/dags/weather_etl_v2.py
[2025-10-13T15:22:36.431+0000] {processor.py:840} INFO - DAG(s) 'weather_etl_v2' retrieved from /opt/airflow/dags/weather_etl_v2.py
[2025-10-13T15:22:36.518+0000] {logging_mixin.py:188} INFO - [2025-10-13T15:22:36.518+0000] {dag.py:3047} INFO - Sync 1 DAGs
[2025-10-13T15:22:36.578+0000] {logging_mixin.py:188} INFO - [2025-10-13T15:22:36.578+0000] {dag.py:3834} INFO - Setting next_dagrun for weather_etl_v2 to 2025-10-12 22:00:00+00:00, run_after=2025-10-13 22:00:00+00:00
[2025-10-13T15:22:36.661+0000] {processor.py:183} INFO - Processing /opt/airflow/dags/weather_etl_v2.py took 0.275 seconds
[2025-10-13T18:22:41.901+0000] {processor.py:161} INFO - Started process (PID=15733) to work on /opt/airflow/dags/weather_etl_v2.py
[2025-10-13T18:22:41.904+0000] {processor.py:830} INFO - Processing file /opt/airflow/dags/weather_etl_v2.py for tasks to queue
[2025-10-13T18:22:41.908+0000] {logging_mixin.py:188} INFO - [2025-10-13T18:22:41.907+0000] {dagbag.py:540} INFO - Filling up the DagBag from /opt/airflow/dags/weather_etl_v2.py
[2025-10-13T18:22:42.078+0000] {processor.py:840} INFO - DAG(s) 'weather_etl_v2' retrieved from /opt/airflow/dags/weather_etl_v2.py
[2025-10-13T18:22:43.062+0000] {logging_mixin.py:188} INFO - [2025-10-13T18:22:43.061+0000] {dag.py:3047} INFO - Sync 1 DAGs
[2025-10-13T18:22:43.225+0000] {logging_mixin.py:188} INFO - [2025-10-13T18:22:43.224+0000] {dag.py:3834} INFO - Setting next_dagrun for weather_etl_v2 to 2025-10-12 22:00:00+00:00, run_after=2025-10-13 22:00:00+00:00
[2025-10-13T18:22:43.419+0000] {processor.py:183} INFO - Processing /opt/airflow/dags/weather_etl_v2.py took 1.538 seconds
[2025-10-13T18:23:13.580+0000] {processor.py:161} INFO - Started process (PID=15750) to work on /opt/airflow/dags/weather_etl_v2.py
[2025-10-13T18:23:13.583+0000] {processor.py:830} INFO - Processing file /opt/airflow/dags/weather_etl_v2.py for tasks to queue
[2025-10-13T18:23:13.586+0000] {logging_mixin.py:188} INFO - [2025-10-13T18:23:13.586+0000] {dagbag.py:540} INFO - Filling up the DagBag from /opt/airflow/dags/weather_etl_v2.py
[2025-10-13T18:23:13.622+0000] {processor.py:840} INFO - DAG(s) 'weather_etl_v2' retrieved from /opt/airflow/dags/weather_etl_v2.py
[2025-10-13T18:23:13.766+0000] {logging_mixin.py:188} INFO - [2025-10-13T18:23:13.765+0000] {dag.py:3047} INFO - Sync 1 DAGs
[2025-10-13T18:23:13.825+0000] {logging_mixin.py:188} INFO - [2025-10-13T18:23:13.825+0000] {dag.py:3834} INFO - Setting next_dagrun for weather_etl_v2 to 2025-10-12 22:00:00+00:00, run_after=2025-10-13 22:00:00+00:00
[2025-10-13T18:23:13.890+0000] {processor.py:183} INFO - Processing /opt/airflow/dags/weather_etl_v2.py took 0.314 seconds
[2025-10-13T18:23:44.737+0000] {processor.py:161} INFO - Started process (PID=15765) to work on /opt/airflow/dags/weather_etl_v2.py
[2025-10-13T18:23:44.741+0000] {processor.py:830} INFO - Processing file /opt/airflow/dags/weather_etl_v2.py for tasks to queue
[2025-10-13T18:23:44.743+0000] {logging_mixin.py:188} INFO - [2025-10-13T18:23:44.742+0000] {dagbag.py:540} INFO - Filling up the DagBag from /opt/airflow/dags/weather_etl_v2.py
[2025-10-13T18:23:44.776+0000] {processor.py:840} INFO - DAG(s) 'weather_etl_v2' retrieved from /opt/airflow/dags/weather_etl_v2.py
[2025-10-13T18:23:44.849+0000] {logging_mixin.py:188} INFO - [2025-10-13T18:23:44.849+0000] {dag.py:3047} INFO - Sync 1 DAGs
[2025-10-13T18:23:44.896+0000] {logging_mixin.py:188} INFO - [2025-10-13T18:23:44.895+0000] {dag.py:3834} INFO - Setting next_dagrun for weather_etl_v2 to 2025-10-12 22:00:00+00:00, run_after=2025-10-13 22:00:00+00:00
[2025-10-13T18:23:44.943+0000] {processor.py:183} INFO - Processing /opt/airflow/dags/weather_etl_v2.py took 0.217 seconds
[2025-10-13T18:24:19.831+0000] {processor.py:161} INFO - Started process (PID=15780) to work on /opt/airflow/dags/weather_etl_v2.py
[2025-10-13T18:24:19.836+0000] {processor.py:830} INFO - Processing file /opt/airflow/dags/weather_etl_v2.py for tasks to queue
[2025-10-13T18:24:19.841+0000] {logging_mixin.py:188} INFO - [2025-10-13T18:24:19.840+0000] {dagbag.py:540} INFO - Filling up the DagBag from /opt/airflow/dags/weather_etl_v2.py
[2025-10-13T18:24:20.021+0000] {processor.py:840} INFO - DAG(s) 'weather_etl_v2' retrieved from /opt/airflow/dags/weather_etl_v2.py
[2025-10-13T18:24:20.197+0000] {logging_mixin.py:188} INFO - [2025-10-13T18:24:20.196+0000] {dag.py:3047} INFO - Sync 1 DAGs
[2025-10-13T18:24:20.594+0000] {logging_mixin.py:188} INFO - [2025-10-13T18:24:20.594+0000] {dag.py:3834} INFO - Setting next_dagrun for weather_etl_v2 to 2025-10-12 22:00:00+00:00, run_after=2025-10-13 22:00:00+00:00
[2025-10-13T18:24:20.699+0000] {processor.py:183} INFO - Processing /opt/airflow/dags/weather_etl_v2.py took 0.874 seconds
[2025-10-13T18:24:50.967+0000] {processor.py:161} INFO - Started process (PID=15795) to work on /opt/airflow/dags/weather_etl_v2.py
[2025-10-13T18:24:50.971+0000] {processor.py:830} INFO - Processing file /opt/airflow/dags/weather_etl_v2.py for tasks to queue
[2025-10-13T18:24:50.973+0000] {logging_mixin.py:188} INFO - [2025-10-13T18:24:50.973+0000] {dagbag.py:540} INFO - Filling up the DagBag from /opt/airflow/dags/weather_etl_v2.py
[2025-10-13T18:24:51.025+0000] {processor.py:840} INFO - DAG(s) 'weather_etl_v2' retrieved from /opt/airflow/dags/weather_etl_v2.py
[2025-10-13T18:24:51.117+0000] {logging_mixin.py:188} INFO - [2025-10-13T18:24:51.116+0000] {dag.py:3047} INFO - Sync 1 DAGs
[2025-10-13T18:24:51.179+0000] {logging_mixin.py:188} INFO - [2025-10-13T18:24:51.179+0000] {dag.py:3834} INFO - Setting next_dagrun for weather_etl_v2 to 2025-10-12 22:00:00+00:00, run_after=2025-10-13 22:00:00+00:00
[2025-10-13T18:24:51.235+0000] {processor.py:183} INFO - Processing /opt/airflow/dags/weather_etl_v2.py took 0.273 seconds
[2025-10-13T18:25:22.009+0000] {processor.py:161} INFO - Started process (PID=15810) to work on /opt/airflow/dags/weather_etl_v2.py
[2025-10-13T18:25:22.011+0000] {processor.py:830} INFO - Processing file /opt/airflow/dags/weather_etl_v2.py for tasks to queue
[2025-10-13T18:25:22.013+0000] {logging_mixin.py:188} INFO - [2025-10-13T18:25:22.013+0000] {dagbag.py:540} INFO - Filling up the DagBag from /opt/airflow/dags/weather_etl_v2.py
[2025-10-13T18:25:22.052+0000] {processor.py:840} INFO - DAG(s) 'weather_etl_v2' retrieved from /opt/airflow/dags/weather_etl_v2.py
[2025-10-13T18:25:22.150+0000] {logging_mixin.py:188} INFO - [2025-10-13T18:25:22.150+0000] {dag.py:3047} INFO - Sync 1 DAGs
[2025-10-13T18:25:22.216+0000] {logging_mixin.py:188} INFO - [2025-10-13T18:25:22.216+0000] {dag.py:3834} INFO - Setting next_dagrun for weather_etl_v2 to 2025-10-12 22:00:00+00:00, run_after=2025-10-13 22:00:00+00:00
[2025-10-13T18:25:22.276+0000] {processor.py:183} INFO - Processing /opt/airflow/dags/weather_etl_v2.py took 0.273 seconds
[2025-10-13T18:25:52.906+0000] {processor.py:161} INFO - Started process (PID=15825) to work on /opt/airflow/dags/weather_etl_v2.py
[2025-10-13T18:25:52.908+0000] {processor.py:830} INFO - Processing file /opt/airflow/dags/weather_etl_v2.py for tasks to queue
[2025-10-13T18:25:52.910+0000] {logging_mixin.py:188} INFO - [2025-10-13T18:25:52.910+0000] {dagbag.py:540} INFO - Filling up the DagBag from /opt/airflow/dags/weather_etl_v2.py
[2025-10-13T18:25:52.954+0000] {processor.py:840} INFO - DAG(s) 'weather_etl_v2' retrieved from /opt/airflow/dags/weather_etl_v2.py
[2025-10-13T18:25:53.040+0000] {logging_mixin.py:188} INFO - [2025-10-13T18:25:53.040+0000] {dag.py:3047} INFO - Sync 1 DAGs
[2025-10-13T18:25:53.111+0000] {logging_mixin.py:188} INFO - [2025-10-13T18:25:53.111+0000] {dag.py:3834} INFO - Setting next_dagrun for weather_etl_v2 to 2025-10-12 22:00:00+00:00, run_after=2025-10-13 22:00:00+00:00
[2025-10-13T18:25:53.173+0000] {processor.py:183} INFO - Processing /opt/airflow/dags/weather_etl_v2.py took 0.271 seconds
[2025-10-13T18:26:24.375+0000] {processor.py:161} INFO - Started process (PID=15840) to work on /opt/airflow/dags/weather_etl_v2.py
[2025-10-13T18:26:24.377+0000] {processor.py:830} INFO - Processing file /opt/airflow/dags/weather_etl_v2.py for tasks to queue
[2025-10-13T18:26:24.380+0000] {logging_mixin.py:188} INFO - [2025-10-13T18:26:24.379+0000] {dagbag.py:540} INFO - Filling up the DagBag from /opt/airflow/dags/weather_etl_v2.py
[2025-10-13T18:26:24.443+0000] {processor.py:840} INFO - DAG(s) 'weather_etl_v2' retrieved from /opt/airflow/dags/weather_etl_v2.py
[2025-10-13T18:26:24.579+0000] {logging_mixin.py:188} INFO - [2025-10-13T18:26:24.578+0000] {dag.py:3047} INFO - Sync 1 DAGs
[2025-10-13T18:26:24.647+0000] {logging_mixin.py:188} INFO - [2025-10-13T18:26:24.646+0000] {dag.py:3834} INFO - Setting next_dagrun for weather_etl_v2 to 2025-10-12 22:00:00+00:00, run_after=2025-10-13 22:00:00+00:00
[2025-10-13T18:26:24.713+0000] {processor.py:183} INFO - Processing /opt/airflow/dags/weather_etl_v2.py took 0.343 seconds
[2025-10-13T18:26:55.630+0000] {processor.py:161} INFO - Started process (PID=15855) to work on /opt/airflow/dags/weather_etl_v2.py
[2025-10-13T18:26:55.638+0000] {processor.py:830} INFO - Processing file /opt/airflow/dags/weather_etl_v2.py for tasks to queue
[2025-10-13T18:26:55.642+0000] {logging_mixin.py:188} INFO - [2025-10-13T18:26:55.641+0000] {dagbag.py:540} INFO - Filling up the DagBag from /opt/airflow/dags/weather_etl_v2.py
[2025-10-13T18:26:55.688+0000] {processor.py:840} INFO - DAG(s) 'weather_etl_v2' retrieved from /opt/airflow/dags/weather_etl_v2.py
[2025-10-13T18:26:55.788+0000] {logging_mixin.py:188} INFO - [2025-10-13T18:26:55.787+0000] {dag.py:3047} INFO - Sync 1 DAGs
[2025-10-13T18:26:55.846+0000] {logging_mixin.py:188} INFO - [2025-10-13T18:26:55.845+0000] {dag.py:3834} INFO - Setting next_dagrun for weather_etl_v2 to 2025-10-12 22:00:00+00:00, run_after=2025-10-13 22:00:00+00:00
[2025-10-13T18:26:55.911+0000] {processor.py:183} INFO - Processing /opt/airflow/dags/weather_etl_v2.py took 0.288 seconds
[2025-10-13T18:27:27.913+0000] {processor.py:161} INFO - Started process (PID=15870) to work on /opt/airflow/dags/weather_etl_v2.py
[2025-10-13T18:27:27.915+0000] {processor.py:830} INFO - Processing file /opt/airflow/dags/weather_etl_v2.py for tasks to queue
[2025-10-13T18:27:27.917+0000] {logging_mixin.py:188} INFO - [2025-10-13T18:27:27.917+0000] {dagbag.py:540} INFO - Filling up the DagBag from /opt/airflow/dags/weather_etl_v2.py
[2025-10-13T18:27:27.955+0000] {processor.py:840} INFO - DAG(s) 'weather_etl_v2' retrieved from /opt/airflow/dags/weather_etl_v2.py
[2025-10-13T18:27:28.038+0000] {logging_mixin.py:188} INFO - [2025-10-13T18:27:28.038+0000] {dag.py:3047} INFO - Sync 1 DAGs
[2025-10-13T18:27:28.100+0000] {logging_mixin.py:188} INFO - [2025-10-13T18:27:28.099+0000] {dag.py:3834} INFO - Setting next_dagrun for weather_etl_v2 to 2025-10-12 22:00:00+00:00, run_after=2025-10-13 22:00:00+00:00
[2025-10-13T18:27:28.175+0000] {processor.py:183} INFO - Processing /opt/airflow/dags/weather_etl_v2.py took 0.265 seconds
[2025-10-13T18:27:59.685+0000] {processor.py:161} INFO - Started process (PID=15885) to work on /opt/airflow/dags/weather_etl_v2.py
[2025-10-13T18:27:59.688+0000] {processor.py:830} INFO - Processing file /opt/airflow/dags/weather_etl_v2.py for tasks to queue
[2025-10-13T18:27:59.692+0000] {logging_mixin.py:188} INFO - [2025-10-13T18:27:59.691+0000] {dagbag.py:540} INFO - Filling up the DagBag from /opt/airflow/dags/weather_etl_v2.py
[2025-10-13T18:27:59.738+0000] {processor.py:840} INFO - DAG(s) 'weather_etl_v2' retrieved from /opt/airflow/dags/weather_etl_v2.py
[2025-10-13T18:27:59.853+0000] {logging_mixin.py:188} INFO - [2025-10-13T18:27:59.852+0000] {dag.py:3047} INFO - Sync 1 DAGs
[2025-10-13T18:27:59.930+0000] {logging_mixin.py:188} INFO - [2025-10-13T18:27:59.929+0000] {dag.py:3834} INFO - Setting next_dagrun for weather_etl_v2 to 2025-10-12 22:00:00+00:00, run_after=2025-10-13 22:00:00+00:00
[2025-10-13T18:27:59.993+0000] {processor.py:183} INFO - Processing /opt/airflow/dags/weather_etl_v2.py took 0.314 seconds
[2025-10-13T18:28:31.244+0000] {processor.py:161} INFO - Started process (PID=15900) to work on /opt/airflow/dags/weather_etl_v2.py
[2025-10-13T18:28:31.246+0000] {processor.py:830} INFO - Processing file /opt/airflow/dags/weather_etl_v2.py for tasks to queue
[2025-10-13T18:28:31.248+0000] {logging_mixin.py:188} INFO - [2025-10-13T18:28:31.247+0000] {dagbag.py:540} INFO - Filling up the DagBag from /opt/airflow/dags/weather_etl_v2.py
[2025-10-13T18:28:31.348+0000] {processor.py:840} INFO - DAG(s) 'weather_etl_v2' retrieved from /opt/airflow/dags/weather_etl_v2.py
[2025-10-13T18:28:31.474+0000] {logging_mixin.py:188} INFO - [2025-10-13T18:28:31.473+0000] {dag.py:3047} INFO - Sync 1 DAGs
[2025-10-13T18:28:31.543+0000] {logging_mixin.py:188} INFO - [2025-10-13T18:28:31.542+0000] {dag.py:3834} INFO - Setting next_dagrun for weather_etl_v2 to 2025-10-12 22:00:00+00:00, run_after=2025-10-13 22:00:00+00:00
[2025-10-13T18:28:31.605+0000] {processor.py:183} INFO - Processing /opt/airflow/dags/weather_etl_v2.py took 0.370 seconds
[2025-10-13T18:29:02.213+0000] {processor.py:161} INFO - Started process (PID=15915) to work on /opt/airflow/dags/weather_etl_v2.py
[2025-10-13T18:29:02.216+0000] {processor.py:830} INFO - Processing file /opt/airflow/dags/weather_etl_v2.py for tasks to queue
[2025-10-13T18:29:02.218+0000] {logging_mixin.py:188} INFO - [2025-10-13T18:29:02.217+0000] {dagbag.py:540} INFO - Filling up the DagBag from /opt/airflow/dags/weather_etl_v2.py
[2025-10-13T18:29:02.260+0000] {processor.py:840} INFO - DAG(s) 'weather_etl_v2' retrieved from /opt/airflow/dags/weather_etl_v2.py
[2025-10-13T18:29:02.351+0000] {logging_mixin.py:188} INFO - [2025-10-13T18:29:02.351+0000] {dag.py:3047} INFO - Sync 1 DAGs
[2025-10-13T18:29:02.413+0000] {logging_mixin.py:188} INFO - [2025-10-13T18:29:02.413+0000] {dag.py:3834} INFO - Setting next_dagrun for weather_etl_v2 to 2025-10-12 22:00:00+00:00, run_after=2025-10-13 22:00:00+00:00
[2025-10-13T18:29:02.477+0000] {processor.py:183} INFO - Processing /opt/airflow/dags/weather_etl_v2.py took 0.268 seconds
[2025-10-13T18:29:33.101+0000] {processor.py:161} INFO - Started process (PID=15928) to work on /opt/airflow/dags/weather_etl_v2.py
[2025-10-13T18:29:33.103+0000] {processor.py:830} INFO - Processing file /opt/airflow/dags/weather_etl_v2.py for tasks to queue
[2025-10-13T18:29:33.106+0000] {logging_mixin.py:188} INFO - [2025-10-13T18:29:33.105+0000] {dagbag.py:540} INFO - Filling up the DagBag from /opt/airflow/dags/weather_etl_v2.py
[2025-10-13T18:29:33.142+0000] {processor.py:840} INFO - DAG(s) 'weather_etl_v2' retrieved from /opt/airflow/dags/weather_etl_v2.py
[2025-10-13T18:29:33.227+0000] {logging_mixin.py:188} INFO - [2025-10-13T18:29:33.227+0000] {dag.py:3047} INFO - Sync 1 DAGs
[2025-10-13T18:29:33.295+0000] {logging_mixin.py:188} INFO - [2025-10-13T18:29:33.295+0000] {dag.py:3834} INFO - Setting next_dagrun for weather_etl_v2 to 2025-10-12 22:00:00+00:00, run_after=2025-10-13 22:00:00+00:00
[2025-10-13T18:29:33.366+0000] {processor.py:183} INFO - Processing /opt/airflow/dags/weather_etl_v2.py took 0.287 seconds
[2025-10-13T18:30:04.007+0000] {processor.py:161} INFO - Started process (PID=15945) to work on /opt/airflow/dags/weather_etl_v2.py
[2025-10-13T18:30:04.008+0000] {processor.py:830} INFO - Processing file /opt/airflow/dags/weather_etl_v2.py for tasks to queue
[2025-10-13T18:30:04.011+0000] {logging_mixin.py:188} INFO - [2025-10-13T18:30:04.010+0000] {dagbag.py:540} INFO - Filling up the DagBag from /opt/airflow/dags/weather_etl_v2.py
[2025-10-13T18:30:04.052+0000] {processor.py:840} INFO - DAG(s) 'weather_etl_v2' retrieved from /opt/airflow/dags/weather_etl_v2.py
[2025-10-13T18:30:04.138+0000] {logging_mixin.py:188} INFO - [2025-10-13T18:30:04.137+0000] {dag.py:3047} INFO - Sync 1 DAGs
[2025-10-13T18:30:04.196+0000] {logging_mixin.py:188} INFO - [2025-10-13T18:30:04.196+0000] {dag.py:3834} INFO - Setting next_dagrun for weather_etl_v2 to 2025-10-12 22:00:00+00:00, run_after=2025-10-13 22:00:00+00:00
[2025-10-13T18:30:04.257+0000] {processor.py:183} INFO - Processing /opt/airflow/dags/weather_etl_v2.py took 0.254 seconds
[2025-10-13T18:30:34.710+0000] {processor.py:161} INFO - Started process (PID=15960) to work on /opt/airflow/dags/weather_etl_v2.py
[2025-10-13T18:30:34.712+0000] {processor.py:830} INFO - Processing file /opt/airflow/dags/weather_etl_v2.py for tasks to queue
[2025-10-13T18:30:34.714+0000] {logging_mixin.py:188} INFO - [2025-10-13T18:30:34.713+0000] {dagbag.py:540} INFO - Filling up the DagBag from /opt/airflow/dags/weather_etl_v2.py
[2025-10-13T18:30:34.753+0000] {processor.py:840} INFO - DAG(s) 'weather_etl_v2' retrieved from /opt/airflow/dags/weather_etl_v2.py
[2025-10-13T18:30:34.836+0000] {logging_mixin.py:188} INFO - [2025-10-13T18:30:34.836+0000] {dag.py:3047} INFO - Sync 1 DAGs
[2025-10-13T18:30:34.898+0000] {logging_mixin.py:188} INFO - [2025-10-13T18:30:34.897+0000] {dag.py:3834} INFO - Setting next_dagrun for weather_etl_v2 to 2025-10-12 22:00:00+00:00, run_after=2025-10-13 22:00:00+00:00
[2025-10-13T18:30:34.965+0000] {processor.py:183} INFO - Processing /opt/airflow/dags/weather_etl_v2.py took 0.259 seconds
[2025-10-13T18:31:05.523+0000] {processor.py:161} INFO - Started process (PID=15975) to work on /opt/airflow/dags/weather_etl_v2.py
[2025-10-13T18:31:05.525+0000] {processor.py:830} INFO - Processing file /opt/airflow/dags/weather_etl_v2.py for tasks to queue
[2025-10-13T18:31:05.528+0000] {logging_mixin.py:188} INFO - [2025-10-13T18:31:05.528+0000] {dagbag.py:540} INFO - Filling up the DagBag from /opt/airflow/dags/weather_etl_v2.py
[2025-10-13T18:31:05.573+0000] {processor.py:840} INFO - DAG(s) 'weather_etl_v2' retrieved from /opt/airflow/dags/weather_etl_v2.py
[2025-10-13T18:31:05.653+0000] {logging_mixin.py:188} INFO - [2025-10-13T18:31:05.652+0000] {dag.py:3047} INFO - Sync 1 DAGs
[2025-10-13T18:31:05.714+0000] {logging_mixin.py:188} INFO - [2025-10-13T18:31:05.714+0000] {dag.py:3834} INFO - Setting next_dagrun for weather_etl_v2 to 2025-10-12 22:00:00+00:00, run_after=2025-10-13 22:00:00+00:00
[2025-10-13T18:31:05.779+0000] {processor.py:183} INFO - Processing /opt/airflow/dags/weather_etl_v2.py took 0.263 seconds
[2025-10-13T18:31:36.463+0000] {processor.py:161} INFO - Started process (PID=15990) to work on /opt/airflow/dags/weather_etl_v2.py
[2025-10-13T18:31:36.464+0000] {processor.py:830} INFO - Processing file /opt/airflow/dags/weather_etl_v2.py for tasks to queue
[2025-10-13T18:31:36.466+0000] {logging_mixin.py:188} INFO - [2025-10-13T18:31:36.466+0000] {dagbag.py:540} INFO - Filling up the DagBag from /opt/airflow/dags/weather_etl_v2.py
[2025-10-13T18:31:36.503+0000] {processor.py:840} INFO - DAG(s) 'weather_etl_v2' retrieved from /opt/airflow/dags/weather_etl_v2.py
[2025-10-13T18:31:36.582+0000] {logging_mixin.py:188} INFO - [2025-10-13T18:31:36.582+0000] {dag.py:3047} INFO - Sync 1 DAGs
[2025-10-13T18:31:36.641+0000] {logging_mixin.py:188} INFO - [2025-10-13T18:31:36.641+0000] {dag.py:3834} INFO - Setting next_dagrun for weather_etl_v2 to 2025-10-12 22:00:00+00:00, run_after=2025-10-13 22:00:00+00:00
[2025-10-13T18:31:36.697+0000] {processor.py:183} INFO - Processing /opt/airflow/dags/weather_etl_v2.py took 0.238 seconds
[2025-10-13T18:32:07.467+0000] {processor.py:161} INFO - Started process (PID=16005) to work on /opt/airflow/dags/weather_etl_v2.py
[2025-10-13T18:32:07.469+0000] {processor.py:830} INFO - Processing file /opt/airflow/dags/weather_etl_v2.py for tasks to queue
[2025-10-13T18:32:07.471+0000] {logging_mixin.py:188} INFO - [2025-10-13T18:32:07.470+0000] {dagbag.py:540} INFO - Filling up the DagBag from /opt/airflow/dags/weather_etl_v2.py
[2025-10-13T18:32:07.513+0000] {processor.py:840} INFO - DAG(s) 'weather_etl_v2' retrieved from /opt/airflow/dags/weather_etl_v2.py
[2025-10-13T18:32:07.600+0000] {logging_mixin.py:188} INFO - [2025-10-13T18:32:07.600+0000] {dag.py:3047} INFO - Sync 1 DAGs
[2025-10-13T18:32:07.660+0000] {logging_mixin.py:188} INFO - [2025-10-13T18:32:07.660+0000] {dag.py:3834} INFO - Setting next_dagrun for weather_etl_v2 to 2025-10-12 22:00:00+00:00, run_after=2025-10-13 22:00:00+00:00
[2025-10-13T18:32:07.719+0000] {processor.py:183} INFO - Processing /opt/airflow/dags/weather_etl_v2.py took 0.257 seconds
[2025-10-13T18:32:38.410+0000] {processor.py:161} INFO - Started process (PID=16018) to work on /opt/airflow/dags/weather_etl_v2.py
[2025-10-13T18:32:38.412+0000] {processor.py:830} INFO - Processing file /opt/airflow/dags/weather_etl_v2.py for tasks to queue
[2025-10-13T18:32:38.414+0000] {logging_mixin.py:188} INFO - [2025-10-13T18:32:38.413+0000] {dagbag.py:540} INFO - Filling up the DagBag from /opt/airflow/dags/weather_etl_v2.py
[2025-10-13T18:32:38.581+0000] {processor.py:840} INFO - DAG(s) 'weather_etl_v2' retrieved from /opt/airflow/dags/weather_etl_v2.py
[2025-10-13T18:32:38.772+0000] {logging_mixin.py:188} INFO - [2025-10-13T18:32:38.771+0000] {dag.py:3047} INFO - Sync 1 DAGs
[2025-10-13T18:32:38.832+0000] {logging_mixin.py:188} INFO - [2025-10-13T18:32:38.831+0000] {dag.py:3834} INFO - Setting next_dagrun for weather_etl_v2 to 2025-10-12 22:00:00+00:00, run_after=2025-10-13 22:00:00+00:00
[2025-10-13T18:32:38.903+0000] {processor.py:183} INFO - Processing /opt/airflow/dags/weather_etl_v2.py took 0.498 seconds
[2025-10-13T18:33:09.519+0000] {processor.py:161} INFO - Started process (PID=16035) to work on /opt/airflow/dags/weather_etl_v2.py
[2025-10-13T18:33:09.521+0000] {processor.py:830} INFO - Processing file /opt/airflow/dags/weather_etl_v2.py for tasks to queue
[2025-10-13T18:33:09.525+0000] {logging_mixin.py:188} INFO - [2025-10-13T18:33:09.524+0000] {dagbag.py:540} INFO - Filling up the DagBag from /opt/airflow/dags/weather_etl_v2.py
[2025-10-13T18:33:09.578+0000] {processor.py:840} INFO - DAG(s) 'weather_etl_v2' retrieved from /opt/airflow/dags/weather_etl_v2.py
[2025-10-13T18:33:09.668+0000] {logging_mixin.py:188} INFO - [2025-10-13T18:33:09.667+0000] {dag.py:3047} INFO - Sync 1 DAGs
[2025-10-13T18:33:09.728+0000] {logging_mixin.py:188} INFO - [2025-10-13T18:33:09.727+0000] {dag.py:3834} INFO - Setting next_dagrun for weather_etl_v2 to 2025-10-12 22:00:00+00:00, run_after=2025-10-13 22:00:00+00:00
[2025-10-13T18:33:09.782+0000] {processor.py:183} INFO - Processing /opt/airflow/dags/weather_etl_v2.py took 0.268 seconds
[2025-10-13T18:33:40.973+0000] {processor.py:161} INFO - Started process (PID=16050) to work on /opt/airflow/dags/weather_etl_v2.py
[2025-10-13T18:33:40.976+0000] {processor.py:830} INFO - Processing file /opt/airflow/dags/weather_etl_v2.py for tasks to queue
[2025-10-13T18:33:40.980+0000] {logging_mixin.py:188} INFO - [2025-10-13T18:33:40.979+0000] {dagbag.py:540} INFO - Filling up the DagBag from /opt/airflow/dags/weather_etl_v2.py
[2025-10-13T18:33:41.037+0000] {processor.py:840} INFO - DAG(s) 'weather_etl_v2' retrieved from /opt/airflow/dags/weather_etl_v2.py
[2025-10-13T18:33:41.143+0000] {logging_mixin.py:188} INFO - [2025-10-13T18:33:41.143+0000] {dag.py:3047} INFO - Sync 1 DAGs
[2025-10-13T18:33:41.231+0000] {logging_mixin.py:188} INFO - [2025-10-13T18:33:41.230+0000] {dag.py:3834} INFO - Setting next_dagrun for weather_etl_v2 to 2025-10-12 22:00:00+00:00, run_after=2025-10-13 22:00:00+00:00
[2025-10-13T18:33:41.299+0000] {processor.py:183} INFO - Processing /opt/airflow/dags/weather_etl_v2.py took 0.335 seconds
[2025-10-13T19:22:47.969+0000] {processor.py:161} INFO - Started process (PID=16067) to work on /opt/airflow/dags/weather_etl_v2.py
[2025-10-13T19:22:47.985+0000] {processor.py:830} INFO - Processing file /opt/airflow/dags/weather_etl_v2.py for tasks to queue
[2025-10-13T19:22:47.989+0000] {logging_mixin.py:188} INFO - [2025-10-13T19:22:47.988+0000] {dagbag.py:540} INFO - Filling up the DagBag from /opt/airflow/dags/weather_etl_v2.py
[2025-10-13T19:22:48.276+0000] {processor.py:840} INFO - DAG(s) 'weather_etl_v2' retrieved from /opt/airflow/dags/weather_etl_v2.py
[2025-10-13T19:22:48.600+0000] {logging_mixin.py:188} INFO - [2025-10-13T19:22:48.600+0000] {dag.py:3047} INFO - Sync 1 DAGs
[2025-10-13T19:22:48.805+0000] {logging_mixin.py:188} INFO - [2025-10-13T19:22:48.804+0000] {dag.py:3834} INFO - Setting next_dagrun for weather_etl_v2 to 2025-10-12 22:00:00+00:00, run_after=2025-10-13 22:00:00+00:00
[2025-10-13T19:22:48.935+0000] {processor.py:183} INFO - Processing /opt/airflow/dags/weather_etl_v2.py took 0.974 seconds
[2025-10-13T19:23:19.825+0000] {processor.py:161} INFO - Started process (PID=16082) to work on /opt/airflow/dags/weather_etl_v2.py
[2025-10-13T19:23:19.833+0000] {processor.py:830} INFO - Processing file /opt/airflow/dags/weather_etl_v2.py for tasks to queue
[2025-10-13T19:23:19.837+0000] {logging_mixin.py:188} INFO - [2025-10-13T19:23:19.835+0000] {dagbag.py:540} INFO - Filling up the DagBag from /opt/airflow/dags/weather_etl_v2.py
[2025-10-13T19:23:19.910+0000] {processor.py:840} INFO - DAG(s) 'weather_etl_v2' retrieved from /opt/airflow/dags/weather_etl_v2.py
[2025-10-13T19:23:20.021+0000] {logging_mixin.py:188} INFO - [2025-10-13T19:23:20.021+0000] {dag.py:3047} INFO - Sync 1 DAGs
[2025-10-13T19:23:20.104+0000] {logging_mixin.py:188} INFO - [2025-10-13T19:23:20.104+0000] {dag.py:3834} INFO - Setting next_dagrun for weather_etl_v2 to 2025-10-12 22:00:00+00:00, run_after=2025-10-13 22:00:00+00:00
[2025-10-13T19:23:20.175+0000] {processor.py:183} INFO - Processing /opt/airflow/dags/weather_etl_v2.py took 0.355 seconds
[2025-10-13T19:23:50.646+0000] {processor.py:161} INFO - Started process (PID=16097) to work on /opt/airflow/dags/weather_etl_v2.py
[2025-10-13T19:23:50.649+0000] {processor.py:830} INFO - Processing file /opt/airflow/dags/weather_etl_v2.py for tasks to queue
[2025-10-13T19:23:50.650+0000] {logging_mixin.py:188} INFO - [2025-10-13T19:23:50.650+0000] {dagbag.py:540} INFO - Filling up the DagBag from /opt/airflow/dags/weather_etl_v2.py
[2025-10-13T19:23:50.682+0000] {processor.py:840} INFO - DAG(s) 'weather_etl_v2' retrieved from /opt/airflow/dags/weather_etl_v2.py
[2025-10-13T19:23:50.749+0000] {logging_mixin.py:188} INFO - [2025-10-13T19:23:50.748+0000] {dag.py:3047} INFO - Sync 1 DAGs
[2025-10-13T19:23:50.799+0000] {logging_mixin.py:188} INFO - [2025-10-13T19:23:50.799+0000] {dag.py:3834} INFO - Setting next_dagrun for weather_etl_v2 to 2025-10-12 22:00:00+00:00, run_after=2025-10-13 22:00:00+00:00
[2025-10-13T19:23:50.851+0000] {processor.py:183} INFO - Processing /opt/airflow/dags/weather_etl_v2.py took 0.209 seconds
[2025-10-13T19:24:21.812+0000] {processor.py:161} INFO - Started process (PID=16112) to work on /opt/airflow/dags/weather_etl_v2.py
[2025-10-13T19:24:21.814+0000] {processor.py:830} INFO - Processing file /opt/airflow/dags/weather_etl_v2.py for tasks to queue
[2025-10-13T19:24:21.816+0000] {logging_mixin.py:188} INFO - [2025-10-13T19:24:21.815+0000] {dagbag.py:540} INFO - Filling up the DagBag from /opt/airflow/dags/weather_etl_v2.py
[2025-10-13T19:24:21.851+0000] {processor.py:840} INFO - DAG(s) 'weather_etl_v2' retrieved from /opt/airflow/dags/weather_etl_v2.py
[2025-10-13T19:24:21.946+0000] {logging_mixin.py:188} INFO - [2025-10-13T19:24:21.946+0000] {dag.py:3047} INFO - Sync 1 DAGs
[2025-10-13T19:24:22.011+0000] {logging_mixin.py:188} INFO - [2025-10-13T19:24:22.011+0000] {dag.py:3834} INFO - Setting next_dagrun for weather_etl_v2 to 2025-10-12 22:00:00+00:00, run_after=2025-10-13 22:00:00+00:00
[2025-10-13T19:24:22.076+0000] {processor.py:183} INFO - Processing /opt/airflow/dags/weather_etl_v2.py took 0.269 seconds
[2025-10-13T19:24:52.720+0000] {processor.py:161} INFO - Started process (PID=16127) to work on /opt/airflow/dags/weather_etl_v2.py
[2025-10-13T19:24:52.721+0000] {processor.py:830} INFO - Processing file /opt/airflow/dags/weather_etl_v2.py for tasks to queue
[2025-10-13T19:24:52.724+0000] {logging_mixin.py:188} INFO - [2025-10-13T19:24:52.723+0000] {dagbag.py:540} INFO - Filling up the DagBag from /opt/airflow/dags/weather_etl_v2.py
[2025-10-13T19:24:52.772+0000] {processor.py:840} INFO - DAG(s) 'weather_etl_v2' retrieved from /opt/airflow/dags/weather_etl_v2.py
[2025-10-13T19:24:52.875+0000] {logging_mixin.py:188} INFO - [2025-10-13T19:24:52.874+0000] {dag.py:3047} INFO - Sync 1 DAGs
[2025-10-13T19:24:52.952+0000] {logging_mixin.py:188} INFO - [2025-10-13T19:24:52.951+0000] {dag.py:3834} INFO - Setting next_dagrun for weather_etl_v2 to 2025-10-12 22:00:00+00:00, run_after=2025-10-13 22:00:00+00:00
[2025-10-13T19:24:53.036+0000] {processor.py:183} INFO - Processing /opt/airflow/dags/weather_etl_v2.py took 0.320 seconds
[2025-10-13T19:25:23.630+0000] {processor.py:161} INFO - Started process (PID=16142) to work on /opt/airflow/dags/weather_etl_v2.py
[2025-10-13T19:25:23.632+0000] {processor.py:830} INFO - Processing file /opt/airflow/dags/weather_etl_v2.py for tasks to queue
[2025-10-13T19:25:23.634+0000] {logging_mixin.py:188} INFO - [2025-10-13T19:25:23.633+0000] {dagbag.py:540} INFO - Filling up the DagBag from /opt/airflow/dags/weather_etl_v2.py
[2025-10-13T19:25:23.665+0000] {processor.py:840} INFO - DAG(s) 'weather_etl_v2' retrieved from /opt/airflow/dags/weather_etl_v2.py
[2025-10-13T19:25:23.732+0000] {logging_mixin.py:188} INFO - [2025-10-13T19:25:23.732+0000] {dag.py:3047} INFO - Sync 1 DAGs
[2025-10-13T19:25:23.793+0000] {logging_mixin.py:188} INFO - [2025-10-13T19:25:23.793+0000] {dag.py:3834} INFO - Setting next_dagrun for weather_etl_v2 to 2025-10-12 22:00:00+00:00, run_after=2025-10-13 22:00:00+00:00
[2025-10-13T19:25:23.853+0000] {processor.py:183} INFO - Processing /opt/airflow/dags/weather_etl_v2.py took 0.226 seconds
[2025-10-13T19:25:54.669+0000] {processor.py:161} INFO - Started process (PID=16157) to work on /opt/airflow/dags/weather_etl_v2.py
[2025-10-13T19:25:54.671+0000] {processor.py:830} INFO - Processing file /opt/airflow/dags/weather_etl_v2.py for tasks to queue
[2025-10-13T19:25:54.674+0000] {logging_mixin.py:188} INFO - [2025-10-13T19:25:54.673+0000] {dagbag.py:540} INFO - Filling up the DagBag from /opt/airflow/dags/weather_etl_v2.py
[2025-10-13T19:25:54.733+0000] {processor.py:840} INFO - DAG(s) 'weather_etl_v2' retrieved from /opt/airflow/dags/weather_etl_v2.py
[2025-10-13T19:25:54.820+0000] {logging_mixin.py:188} INFO - [2025-10-13T19:25:54.820+0000] {dag.py:3047} INFO - Sync 1 DAGs
[2025-10-13T19:25:54.896+0000] {logging_mixin.py:188} INFO - [2025-10-13T19:25:54.895+0000] {dag.py:3834} INFO - Setting next_dagrun for weather_etl_v2 to 2025-10-12 22:00:00+00:00, run_after=2025-10-13 22:00:00+00:00
[2025-10-13T19:25:54.993+0000] {processor.py:183} INFO - Processing /opt/airflow/dags/weather_etl_v2.py took 0.328 seconds
[2025-10-13T19:26:25.118+0000] {processor.py:161} INFO - Started process (PID=16172) to work on /opt/airflow/dags/weather_etl_v2.py
[2025-10-13T19:26:25.120+0000] {processor.py:830} INFO - Processing file /opt/airflow/dags/weather_etl_v2.py for tasks to queue
[2025-10-13T19:26:25.123+0000] {logging_mixin.py:188} INFO - [2025-10-13T19:26:25.122+0000] {dagbag.py:540} INFO - Filling up the DagBag from /opt/airflow/dags/weather_etl_v2.py
[2025-10-13T19:26:25.164+0000] {processor.py:840} INFO - DAG(s) 'weather_etl_v2' retrieved from /opt/airflow/dags/weather_etl_v2.py
[2025-10-13T19:26:25.252+0000] {logging_mixin.py:188} INFO - [2025-10-13T19:26:25.252+0000] {dag.py:3047} INFO - Sync 1 DAGs
[2025-10-13T19:26:25.320+0000] {logging_mixin.py:188} INFO - [2025-10-13T19:26:25.320+0000] {dag.py:3834} INFO - Setting next_dagrun for weather_etl_v2 to 2025-10-12 22:00:00+00:00, run_after=2025-10-13 22:00:00+00:00
[2025-10-13T19:26:25.372+0000] {processor.py:183} INFO - Processing /opt/airflow/dags/weather_etl_v2.py took 0.258 seconds
[2025-10-13T19:26:56.009+0000] {processor.py:161} INFO - Started process (PID=16187) to work on /opt/airflow/dags/weather_etl_v2.py
[2025-10-13T19:26:56.011+0000] {processor.py:830} INFO - Processing file /opt/airflow/dags/weather_etl_v2.py for tasks to queue
[2025-10-13T19:26:56.013+0000] {logging_mixin.py:188} INFO - [2025-10-13T19:26:56.013+0000] {dagbag.py:540} INFO - Filling up the DagBag from /opt/airflow/dags/weather_etl_v2.py
[2025-10-13T19:26:56.049+0000] {processor.py:840} INFO - DAG(s) 'weather_etl_v2' retrieved from /opt/airflow/dags/weather_etl_v2.py
[2025-10-13T19:26:56.132+0000] {logging_mixin.py:188} INFO - [2025-10-13T19:26:56.131+0000] {dag.py:3047} INFO - Sync 1 DAGs
[2025-10-13T19:26:56.183+0000] {logging_mixin.py:188} INFO - [2025-10-13T19:26:56.183+0000] {dag.py:3834} INFO - Setting next_dagrun for weather_etl_v2 to 2025-10-12 22:00:00+00:00, run_after=2025-10-13 22:00:00+00:00
[2025-10-13T19:26:56.238+0000] {processor.py:183} INFO - Processing /opt/airflow/dags/weather_etl_v2.py took 0.234 seconds
[2025-10-13T19:27:27.026+0000] {processor.py:161} INFO - Started process (PID=16202) to work on /opt/airflow/dags/weather_etl_v2.py
[2025-10-13T19:27:27.029+0000] {processor.py:830} INFO - Processing file /opt/airflow/dags/weather_etl_v2.py for tasks to queue
[2025-10-13T19:27:27.032+0000] {logging_mixin.py:188} INFO - [2025-10-13T19:27:27.032+0000] {dagbag.py:540} INFO - Filling up the DagBag from /opt/airflow/dags/weather_etl_v2.py
[2025-10-13T19:27:27.075+0000] {processor.py:840} INFO - DAG(s) 'weather_etl_v2' retrieved from /opt/airflow/dags/weather_etl_v2.py
[2025-10-13T19:27:27.162+0000] {logging_mixin.py:188} INFO - [2025-10-13T19:27:27.161+0000] {dag.py:3047} INFO - Sync 1 DAGs
[2025-10-13T19:27:27.222+0000] {logging_mixin.py:188} INFO - [2025-10-13T19:27:27.221+0000] {dag.py:3834} INFO - Setting next_dagrun for weather_etl_v2 to 2025-10-12 22:00:00+00:00, run_after=2025-10-13 22:00:00+00:00
[2025-10-13T19:27:27.291+0000] {processor.py:183} INFO - Processing /opt/airflow/dags/weather_etl_v2.py took 0.270 seconds
[2025-10-13T19:27:57.866+0000] {processor.py:161} INFO - Started process (PID=16217) to work on /opt/airflow/dags/weather_etl_v2.py
[2025-10-13T19:27:57.868+0000] {processor.py:830} INFO - Processing file /opt/airflow/dags/weather_etl_v2.py for tasks to queue
[2025-10-13T19:27:57.870+0000] {logging_mixin.py:188} INFO - [2025-10-13T19:27:57.870+0000] {dagbag.py:540} INFO - Filling up the DagBag from /opt/airflow/dags/weather_etl_v2.py
[2025-10-13T19:27:57.904+0000] {processor.py:840} INFO - DAG(s) 'weather_etl_v2' retrieved from /opt/airflow/dags/weather_etl_v2.py
[2025-10-13T19:27:57.979+0000] {logging_mixin.py:188} INFO - [2025-10-13T19:27:57.978+0000] {dag.py:3047} INFO - Sync 1 DAGs
[2025-10-13T19:27:58.028+0000] {logging_mixin.py:188} INFO - [2025-10-13T19:27:58.028+0000] {dag.py:3834} INFO - Setting next_dagrun for weather_etl_v2 to 2025-10-12 22:00:00+00:00, run_after=2025-10-13 22:00:00+00:00
[2025-10-13T19:27:58.088+0000] {processor.py:183} INFO - Processing /opt/airflow/dags/weather_etl_v2.py took 0.224 seconds
[2025-10-13T19:28:29.139+0000] {processor.py:161} INFO - Started process (PID=16232) to work on /opt/airflow/dags/weather_etl_v2.py
[2025-10-13T19:28:29.140+0000] {processor.py:830} INFO - Processing file /opt/airflow/dags/weather_etl_v2.py for tasks to queue
[2025-10-13T19:28:29.142+0000] {logging_mixin.py:188} INFO - [2025-10-13T19:28:29.142+0000] {dagbag.py:540} INFO - Filling up the DagBag from /opt/airflow/dags/weather_etl_v2.py
[2025-10-13T19:28:29.203+0000] {processor.py:840} INFO - DAG(s) 'weather_etl_v2' retrieved from /opt/airflow/dags/weather_etl_v2.py
[2025-10-13T19:28:29.325+0000] {logging_mixin.py:188} INFO - [2025-10-13T19:28:29.324+0000] {dag.py:3047} INFO - Sync 1 DAGs
[2025-10-13T19:28:29.388+0000] {logging_mixin.py:188} INFO - [2025-10-13T19:28:29.388+0000] {dag.py:3834} INFO - Setting next_dagrun for weather_etl_v2 to 2025-10-12 22:00:00+00:00, run_after=2025-10-13 22:00:00+00:00
[2025-10-13T19:28:29.468+0000] {processor.py:183} INFO - Processing /opt/airflow/dags/weather_etl_v2.py took 0.333 seconds
[2025-10-13T19:29:00.058+0000] {processor.py:161} INFO - Started process (PID=16247) to work on /opt/airflow/dags/weather_etl_v2.py
[2025-10-13T19:29:00.061+0000] {processor.py:830} INFO - Processing file /opt/airflow/dags/weather_etl_v2.py for tasks to queue
[2025-10-13T19:29:00.064+0000] {logging_mixin.py:188} INFO - [2025-10-13T19:29:00.063+0000] {dagbag.py:540} INFO - Filling up the DagBag from /opt/airflow/dags/weather_etl_v2.py
[2025-10-13T19:29:00.103+0000] {processor.py:840} INFO - DAG(s) 'weather_etl_v2' retrieved from /opt/airflow/dags/weather_etl_v2.py
[2025-10-13T19:29:00.179+0000] {logging_mixin.py:188} INFO - [2025-10-13T19:29:00.178+0000] {dag.py:3047} INFO - Sync 1 DAGs
[2025-10-13T19:29:00.229+0000] {logging_mixin.py:188} INFO - [2025-10-13T19:29:00.228+0000] {dag.py:3834} INFO - Setting next_dagrun for weather_etl_v2 to 2025-10-12 22:00:00+00:00, run_after=2025-10-13 22:00:00+00:00
[2025-10-13T19:29:00.274+0000] {processor.py:183} INFO - Processing /opt/airflow/dags/weather_etl_v2.py took 0.220 seconds
[2025-10-13T19:29:31.375+0000] {processor.py:161} INFO - Started process (PID=16262) to work on /opt/airflow/dags/weather_etl_v2.py
[2025-10-13T19:29:31.378+0000] {processor.py:830} INFO - Processing file /opt/airflow/dags/weather_etl_v2.py for tasks to queue
[2025-10-13T19:29:31.381+0000] {logging_mixin.py:188} INFO - [2025-10-13T19:29:31.380+0000] {dagbag.py:540} INFO - Filling up the DagBag from /opt/airflow/dags/weather_etl_v2.py
[2025-10-13T19:29:31.432+0000] {processor.py:840} INFO - DAG(s) 'weather_etl_v2' retrieved from /opt/airflow/dags/weather_etl_v2.py
[2025-10-13T19:29:31.554+0000] {logging_mixin.py:188} INFO - [2025-10-13T19:29:31.553+0000] {dag.py:3047} INFO - Sync 1 DAGs
[2025-10-13T19:29:31.623+0000] {logging_mixin.py:188} INFO - [2025-10-13T19:29:31.623+0000] {dag.py:3834} INFO - Setting next_dagrun for weather_etl_v2 to 2025-10-12 22:00:00+00:00, run_after=2025-10-13 22:00:00+00:00
[2025-10-13T19:29:31.681+0000] {processor.py:183} INFO - Processing /opt/airflow/dags/weather_etl_v2.py took 0.311 seconds
[2025-10-13T19:30:02.265+0000] {processor.py:161} INFO - Started process (PID=16277) to work on /opt/airflow/dags/weather_etl_v2.py
[2025-10-13T19:30:02.266+0000] {processor.py:830} INFO - Processing file /opt/airflow/dags/weather_etl_v2.py for tasks to queue
[2025-10-13T19:30:02.269+0000] {logging_mixin.py:188} INFO - [2025-10-13T19:30:02.268+0000] {dagbag.py:540} INFO - Filling up the DagBag from /opt/airflow/dags/weather_etl_v2.py
[2025-10-13T19:30:02.309+0000] {processor.py:840} INFO - DAG(s) 'weather_etl_v2' retrieved from /opt/airflow/dags/weather_etl_v2.py
[2025-10-13T19:30:02.396+0000] {logging_mixin.py:188} INFO - [2025-10-13T19:30:02.395+0000] {dag.py:3047} INFO - Sync 1 DAGs
[2025-10-13T19:30:02.459+0000] {logging_mixin.py:188} INFO - [2025-10-13T19:30:02.458+0000] {dag.py:3834} INFO - Setting next_dagrun for weather_etl_v2 to 2025-10-12 22:00:00+00:00, run_after=2025-10-13 22:00:00+00:00
[2025-10-13T19:30:02.520+0000] {processor.py:183} INFO - Processing /opt/airflow/dags/weather_etl_v2.py took 0.259 seconds
[2025-10-13T19:30:33.165+0000] {processor.py:161} INFO - Started process (PID=16290) to work on /opt/airflow/dags/weather_etl_v2.py
[2025-10-13T19:30:33.167+0000] {processor.py:830} INFO - Processing file /opt/airflow/dags/weather_etl_v2.py for tasks to queue
[2025-10-13T19:30:33.170+0000] {logging_mixin.py:188} INFO - [2025-10-13T19:30:33.169+0000] {dagbag.py:540} INFO - Filling up the DagBag from /opt/airflow/dags/weather_etl_v2.py
[2025-10-13T19:30:33.212+0000] {processor.py:840} INFO - DAG(s) 'weather_etl_v2' retrieved from /opt/airflow/dags/weather_etl_v2.py
[2025-10-13T19:30:33.302+0000] {logging_mixin.py:188} INFO - [2025-10-13T19:30:33.301+0000] {dag.py:3047} INFO - Sync 1 DAGs
[2025-10-13T19:30:33.362+0000] {logging_mixin.py:188} INFO - [2025-10-13T19:30:33.361+0000] {dag.py:3834} INFO - Setting next_dagrun for weather_etl_v2 to 2025-10-12 22:00:00+00:00, run_after=2025-10-13 22:00:00+00:00
[2025-10-13T19:30:33.427+0000] {processor.py:183} INFO - Processing /opt/airflow/dags/weather_etl_v2.py took 0.270 seconds
[2025-10-13T19:31:04.963+0000] {processor.py:161} INFO - Started process (PID=16307) to work on /opt/airflow/dags/weather_etl_v2.py
[2025-10-13T19:31:04.975+0000] {processor.py:830} INFO - Processing file /opt/airflow/dags/weather_etl_v2.py for tasks to queue
[2025-10-13T19:31:04.985+0000] {logging_mixin.py:188} INFO - [2025-10-13T19:31:04.984+0000] {dagbag.py:540} INFO - Filling up the DagBag from /opt/airflow/dags/weather_etl_v2.py
[2025-10-13T19:31:05.138+0000] {processor.py:840} INFO - DAG(s) 'weather_etl_v2' retrieved from /opt/airflow/dags/weather_etl_v2.py
[2025-10-13T19:31:05.363+0000] {logging_mixin.py:188} INFO - [2025-10-13T19:31:05.362+0000] {dag.py:3047} INFO - Sync 1 DAGs
[2025-10-13T19:31:05.507+0000] {logging_mixin.py:188} INFO - [2025-10-13T19:31:05.506+0000] {dag.py:3834} INFO - Setting next_dagrun for weather_etl_v2 to 2025-10-12 22:00:00+00:00, run_after=2025-10-13 22:00:00+00:00
[2025-10-13T19:31:05.639+0000] {processor.py:183} INFO - Processing /opt/airflow/dags/weather_etl_v2.py took 0.686 seconds
[2025-10-13T19:31:35.846+0000] {processor.py:161} INFO - Started process (PID=16322) to work on /opt/airflow/dags/weather_etl_v2.py
[2025-10-13T19:31:35.848+0000] {processor.py:830} INFO - Processing file /opt/airflow/dags/weather_etl_v2.py for tasks to queue
[2025-10-13T19:31:35.850+0000] {logging_mixin.py:188} INFO - [2025-10-13T19:31:35.850+0000] {dagbag.py:540} INFO - Filling up the DagBag from /opt/airflow/dags/weather_etl_v2.py
[2025-10-13T19:31:35.884+0000] {processor.py:840} INFO - DAG(s) 'weather_etl_v2' retrieved from /opt/airflow/dags/weather_etl_v2.py
[2025-10-13T19:31:35.963+0000] {logging_mixin.py:188} INFO - [2025-10-13T19:31:35.963+0000] {dag.py:3047} INFO - Sync 1 DAGs
[2025-10-13T19:31:36.018+0000] {logging_mixin.py:188} INFO - [2025-10-13T19:31:36.018+0000] {dag.py:3834} INFO - Setting next_dagrun for weather_etl_v2 to 2025-10-12 22:00:00+00:00, run_after=2025-10-13 22:00:00+00:00
[2025-10-13T19:31:36.090+0000] {processor.py:183} INFO - Processing /opt/airflow/dags/weather_etl_v2.py took 0.257 seconds
[2025-10-13T19:32:07.246+0000] {processor.py:161} INFO - Started process (PID=16337) to work on /opt/airflow/dags/weather_etl_v2.py
[2025-10-13T19:32:07.248+0000] {processor.py:830} INFO - Processing file /opt/airflow/dags/weather_etl_v2.py for tasks to queue
[2025-10-13T19:32:07.250+0000] {logging_mixin.py:188} INFO - [2025-10-13T19:32:07.250+0000] {dagbag.py:540} INFO - Filling up the DagBag from /opt/airflow/dags/weather_etl_v2.py
[2025-10-13T19:32:07.301+0000] {processor.py:840} INFO - DAG(s) 'weather_etl_v2' retrieved from /opt/airflow/dags/weather_etl_v2.py
[2025-10-13T19:32:07.379+0000] {logging_mixin.py:188} INFO - [2025-10-13T19:32:07.379+0000] {dag.py:3047} INFO - Sync 1 DAGs
[2025-10-13T19:32:07.436+0000] {logging_mixin.py:188} INFO - [2025-10-13T19:32:07.436+0000] {dag.py:3834} INFO - Setting next_dagrun for weather_etl_v2 to 2025-10-12 22:00:00+00:00, run_after=2025-10-13 22:00:00+00:00
[2025-10-13T19:32:07.501+0000] {processor.py:183} INFO - Processing /opt/airflow/dags/weather_etl_v2.py took 0.259 seconds
[2025-10-13T19:32:38.385+0000] {processor.py:161} INFO - Started process (PID=16352) to work on /opt/airflow/dags/weather_etl_v2.py
[2025-10-13T19:32:38.387+0000] {processor.py:830} INFO - Processing file /opt/airflow/dags/weather_etl_v2.py for tasks to queue
[2025-10-13T19:32:38.389+0000] {logging_mixin.py:188} INFO - [2025-10-13T19:32:38.389+0000] {dagbag.py:540} INFO - Filling up the DagBag from /opt/airflow/dags/weather_etl_v2.py
[2025-10-13T19:32:38.429+0000] {processor.py:840} INFO - DAG(s) 'weather_etl_v2' retrieved from /opt/airflow/dags/weather_etl_v2.py
[2025-10-13T19:32:38.540+0000] {logging_mixin.py:188} INFO - [2025-10-13T19:32:38.539+0000] {dag.py:3047} INFO - Sync 1 DAGs
[2025-10-13T19:32:38.640+0000] {logging_mixin.py:188} INFO - [2025-10-13T19:32:38.639+0000] {dag.py:3834} INFO - Setting next_dagrun for weather_etl_v2 to 2025-10-12 22:00:00+00:00, run_after=2025-10-13 22:00:00+00:00
[2025-10-13T19:32:38.715+0000] {processor.py:183} INFO - Processing /opt/airflow/dags/weather_etl_v2.py took 0.335 seconds
[2025-10-13T19:33:09.623+0000] {processor.py:161} INFO - Started process (PID=16367) to work on /opt/airflow/dags/weather_etl_v2.py
[2025-10-13T19:33:09.626+0000] {processor.py:830} INFO - Processing file /opt/airflow/dags/weather_etl_v2.py for tasks to queue
[2025-10-13T19:33:09.628+0000] {logging_mixin.py:188} INFO - [2025-10-13T19:33:09.628+0000] {dagbag.py:540} INFO - Filling up the DagBag from /opt/airflow/dags/weather_etl_v2.py
[2025-10-13T19:33:09.681+0000] {processor.py:840} INFO - DAG(s) 'weather_etl_v2' retrieved from /opt/airflow/dags/weather_etl_v2.py
[2025-10-13T19:33:09.775+0000] {logging_mixin.py:188} INFO - [2025-10-13T19:33:09.774+0000] {dag.py:3047} INFO - Sync 1 DAGs
[2025-10-13T19:33:09.835+0000] {logging_mixin.py:188} INFO - [2025-10-13T19:33:09.834+0000] {dag.py:3834} INFO - Setting next_dagrun for weather_etl_v2 to 2025-10-12 22:00:00+00:00, run_after=2025-10-13 22:00:00+00:00
[2025-10-13T19:33:09.896+0000] {processor.py:183} INFO - Processing /opt/airflow/dags/weather_etl_v2.py took 0.279 seconds
[2025-10-13T19:33:40.516+0000] {processor.py:161} INFO - Started process (PID=16382) to work on /opt/airflow/dags/weather_etl_v2.py
[2025-10-13T19:33:40.518+0000] {processor.py:830} INFO - Processing file /opt/airflow/dags/weather_etl_v2.py for tasks to queue
[2025-10-13T19:33:40.520+0000] {logging_mixin.py:188} INFO - [2025-10-13T19:33:40.519+0000] {dagbag.py:540} INFO - Filling up the DagBag from /opt/airflow/dags/weather_etl_v2.py
[2025-10-13T19:33:40.560+0000] {processor.py:840} INFO - DAG(s) 'weather_etl_v2' retrieved from /opt/airflow/dags/weather_etl_v2.py
[2025-10-13T19:33:40.658+0000] {logging_mixin.py:188} INFO - [2025-10-13T19:33:40.657+0000] {dag.py:3047} INFO - Sync 1 DAGs
[2025-10-13T19:33:40.718+0000] {logging_mixin.py:188} INFO - [2025-10-13T19:33:40.718+0000] {dag.py:3834} INFO - Setting next_dagrun for weather_etl_v2 to 2025-10-12 22:00:00+00:00, run_after=2025-10-13 22:00:00+00:00
[2025-10-13T19:33:40.782+0000] {processor.py:183} INFO - Processing /opt/airflow/dags/weather_etl_v2.py took 0.270 seconds
[2025-10-13T19:34:10.974+0000] {processor.py:161} INFO - Started process (PID=16395) to work on /opt/airflow/dags/weather_etl_v2.py
[2025-10-13T19:34:10.975+0000] {processor.py:830} INFO - Processing file /opt/airflow/dags/weather_etl_v2.py for tasks to queue
[2025-10-13T19:34:10.978+0000] {logging_mixin.py:188} INFO - [2025-10-13T19:34:10.977+0000] {dagbag.py:540} INFO - Filling up the DagBag from /opt/airflow/dags/weather_etl_v2.py
[2025-10-13T19:34:11.026+0000] {processor.py:840} INFO - DAG(s) 'weather_etl_v2' retrieved from /opt/airflow/dags/weather_etl_v2.py
[2025-10-13T19:34:11.120+0000] {logging_mixin.py:188} INFO - [2025-10-13T19:34:11.119+0000] {dag.py:3047} INFO - Sync 1 DAGs
[2025-10-13T19:34:11.179+0000] {logging_mixin.py:188} INFO - [2025-10-13T19:34:11.179+0000] {dag.py:3834} INFO - Setting next_dagrun for weather_etl_v2 to 2025-10-12 22:00:00+00:00, run_after=2025-10-13 22:00:00+00:00
[2025-10-13T19:34:11.250+0000] {processor.py:183} INFO - Processing /opt/airflow/dags/weather_etl_v2.py took 0.280 seconds
[2025-10-13T19:34:42.149+0000] {processor.py:161} INFO - Started process (PID=16412) to work on /opt/airflow/dags/weather_etl_v2.py
[2025-10-13T19:34:42.151+0000] {processor.py:830} INFO - Processing file /opt/airflow/dags/weather_etl_v2.py for tasks to queue
[2025-10-13T19:34:42.154+0000] {logging_mixin.py:188} INFO - [2025-10-13T19:34:42.153+0000] {dagbag.py:540} INFO - Filling up the DagBag from /opt/airflow/dags/weather_etl_v2.py
[2025-10-13T19:34:42.199+0000] {processor.py:840} INFO - DAG(s) 'weather_etl_v2' retrieved from /opt/airflow/dags/weather_etl_v2.py
[2025-10-13T19:34:42.288+0000] {logging_mixin.py:188} INFO - [2025-10-13T19:34:42.288+0000] {dag.py:3047} INFO - Sync 1 DAGs
[2025-10-13T19:34:42.345+0000] {logging_mixin.py:188} INFO - [2025-10-13T19:34:42.345+0000] {dag.py:3834} INFO - Setting next_dagrun for weather_etl_v2 to 2025-10-12 22:00:00+00:00, run_after=2025-10-13 22:00:00+00:00
[2025-10-13T19:34:42.401+0000] {processor.py:183} INFO - Processing /opt/airflow/dags/weather_etl_v2.py took 0.256 seconds
[2025-10-13T19:35:13.059+0000] {processor.py:161} INFO - Started process (PID=16427) to work on /opt/airflow/dags/weather_etl_v2.py
[2025-10-13T19:35:13.061+0000] {processor.py:830} INFO - Processing file /opt/airflow/dags/weather_etl_v2.py for tasks to queue
[2025-10-13T19:35:13.063+0000] {logging_mixin.py:188} INFO - [2025-10-13T19:35:13.062+0000] {dagbag.py:540} INFO - Filling up the DagBag from /opt/airflow/dags/weather_etl_v2.py
[2025-10-13T19:35:13.099+0000] {processor.py:840} INFO - DAG(s) 'weather_etl_v2' retrieved from /opt/airflow/dags/weather_etl_v2.py
[2025-10-13T19:35:13.173+0000] {logging_mixin.py:188} INFO - [2025-10-13T19:35:13.171+0000] {dag.py:3047} INFO - Sync 1 DAGs
[2025-10-13T19:35:13.232+0000] {logging_mixin.py:188} INFO - [2025-10-13T19:35:13.232+0000] {dag.py:3834} INFO - Setting next_dagrun for weather_etl_v2 to 2025-10-12 22:00:00+00:00, run_after=2025-10-13 22:00:00+00:00
[2025-10-13T19:35:13.278+0000] {processor.py:183} INFO - Processing /opt/airflow/dags/weather_etl_v2.py took 0.222 seconds
[2025-10-13T19:35:44.150+0000] {processor.py:161} INFO - Started process (PID=16442) to work on /opt/airflow/dags/weather_etl_v2.py
[2025-10-13T19:35:44.153+0000] {processor.py:830} INFO - Processing file /opt/airflow/dags/weather_etl_v2.py for tasks to queue
[2025-10-13T19:35:44.155+0000] {logging_mixin.py:188} INFO - [2025-10-13T19:35:44.154+0000] {dagbag.py:540} INFO - Filling up the DagBag from /opt/airflow/dags/weather_etl_v2.py
[2025-10-13T19:35:44.193+0000] {processor.py:840} INFO - DAG(s) 'weather_etl_v2' retrieved from /opt/airflow/dags/weather_etl_v2.py
[2025-10-13T19:35:44.286+0000] {logging_mixin.py:188} INFO - [2025-10-13T19:35:44.285+0000] {dag.py:3047} INFO - Sync 1 DAGs
[2025-10-13T19:35:44.348+0000] {logging_mixin.py:188} INFO - [2025-10-13T19:35:44.348+0000] {dag.py:3834} INFO - Setting next_dagrun for weather_etl_v2 to 2025-10-12 22:00:00+00:00, run_after=2025-10-13 22:00:00+00:00
[2025-10-13T19:35:44.408+0000] {processor.py:183} INFO - Processing /opt/airflow/dags/weather_etl_v2.py took 0.263 seconds
[2025-10-13T19:36:15.148+0000] {processor.py:161} INFO - Started process (PID=16457) to work on /opt/airflow/dags/weather_etl_v2.py
[2025-10-13T19:36:15.150+0000] {processor.py:830} INFO - Processing file /opt/airflow/dags/weather_etl_v2.py for tasks to queue
[2025-10-13T19:36:15.152+0000] {logging_mixin.py:188} INFO - [2025-10-13T19:36:15.152+0000] {dagbag.py:540} INFO - Filling up the DagBag from /opt/airflow/dags/weather_etl_v2.py
[2025-10-13T19:36:15.197+0000] {processor.py:840} INFO - DAG(s) 'weather_etl_v2' retrieved from /opt/airflow/dags/weather_etl_v2.py
[2025-10-13T19:36:15.291+0000] {logging_mixin.py:188} INFO - [2025-10-13T19:36:15.291+0000] {dag.py:3047} INFO - Sync 1 DAGs
[2025-10-13T19:36:15.356+0000] {logging_mixin.py:188} INFO - [2025-10-13T19:36:15.356+0000] {dag.py:3834} INFO - Setting next_dagrun for weather_etl_v2 to 2025-10-12 22:00:00+00:00, run_after=2025-10-13 22:00:00+00:00
[2025-10-13T19:36:15.453+0000] {processor.py:183} INFO - Processing /opt/airflow/dags/weather_etl_v2.py took 0.311 seconds
[2025-10-13T19:36:46.099+0000] {processor.py:161} INFO - Started process (PID=16472) to work on /opt/airflow/dags/weather_etl_v2.py
[2025-10-13T19:36:46.101+0000] {processor.py:830} INFO - Processing file /opt/airflow/dags/weather_etl_v2.py for tasks to queue
[2025-10-13T19:36:46.104+0000] {logging_mixin.py:188} INFO - [2025-10-13T19:36:46.103+0000] {dagbag.py:540} INFO - Filling up the DagBag from /opt/airflow/dags/weather_etl_v2.py
[2025-10-13T19:36:46.147+0000] {processor.py:840} INFO - DAG(s) 'weather_etl_v2' retrieved from /opt/airflow/dags/weather_etl_v2.py
[2025-10-13T19:36:46.249+0000] {logging_mixin.py:188} INFO - [2025-10-13T19:36:46.248+0000] {dag.py:3047} INFO - Sync 1 DAGs
[2025-10-13T19:36:46.319+0000] {logging_mixin.py:188} INFO - [2025-10-13T19:36:46.319+0000] {dag.py:3834} INFO - Setting next_dagrun for weather_etl_v2 to 2025-10-12 22:00:00+00:00, run_after=2025-10-13 22:00:00+00:00
[2025-10-13T19:36:46.383+0000] {processor.py:183} INFO - Processing /opt/airflow/dags/weather_etl_v2.py took 0.289 seconds
[2025-10-13T19:37:16.987+0000] {processor.py:161} INFO - Started process (PID=16487) to work on /opt/airflow/dags/weather_etl_v2.py
[2025-10-13T19:37:16.989+0000] {processor.py:830} INFO - Processing file /opt/airflow/dags/weather_etl_v2.py for tasks to queue
[2025-10-13T19:37:16.991+0000] {logging_mixin.py:188} INFO - [2025-10-13T19:37:16.991+0000] {dagbag.py:540} INFO - Filling up the DagBag from /opt/airflow/dags/weather_etl_v2.py
[2025-10-13T19:37:17.031+0000] {processor.py:840} INFO - DAG(s) 'weather_etl_v2' retrieved from /opt/airflow/dags/weather_etl_v2.py
[2025-10-13T19:37:17.131+0000] {logging_mixin.py:188} INFO - [2025-10-13T19:37:17.130+0000] {dag.py:3047} INFO - Sync 1 DAGs
[2025-10-13T19:37:17.196+0000] {logging_mixin.py:188} INFO - [2025-10-13T19:37:17.196+0000] {dag.py:3834} INFO - Setting next_dagrun for weather_etl_v2 to 2025-10-12 22:00:00+00:00, run_after=2025-10-13 22:00:00+00:00
[2025-10-13T19:37:17.265+0000] {processor.py:183} INFO - Processing /opt/airflow/dags/weather_etl_v2.py took 0.285 seconds
[2025-10-13T19:37:47.807+0000] {processor.py:161} INFO - Started process (PID=16502) to work on /opt/airflow/dags/weather_etl_v2.py
[2025-10-13T19:37:47.809+0000] {processor.py:830} INFO - Processing file /opt/airflow/dags/weather_etl_v2.py for tasks to queue
[2025-10-13T19:37:47.811+0000] {logging_mixin.py:188} INFO - [2025-10-13T19:37:47.810+0000] {dagbag.py:540} INFO - Filling up the DagBag from /opt/airflow/dags/weather_etl_v2.py
[2025-10-13T19:37:47.846+0000] {processor.py:840} INFO - DAG(s) 'weather_etl_v2' retrieved from /opt/airflow/dags/weather_etl_v2.py
[2025-10-13T19:37:47.957+0000] {logging_mixin.py:188} INFO - [2025-10-13T19:37:47.956+0000] {dag.py:3047} INFO - Sync 1 DAGs
[2025-10-13T19:37:48.021+0000] {logging_mixin.py:188} INFO - [2025-10-13T19:37:48.021+0000] {dag.py:3834} INFO - Setting next_dagrun for weather_etl_v2 to 2025-10-12 22:00:00+00:00, run_after=2025-10-13 22:00:00+00:00
[2025-10-13T19:37:48.093+0000] {processor.py:183} INFO - Processing /opt/airflow/dags/weather_etl_v2.py took 0.292 seconds
[2025-10-13T19:38:19.490+0000] {processor.py:161} INFO - Started process (PID=16517) to work on /opt/airflow/dags/weather_etl_v2.py
[2025-10-13T19:38:19.504+0000] {processor.py:830} INFO - Processing file /opt/airflow/dags/weather_etl_v2.py for tasks to queue
[2025-10-13T19:38:19.508+0000] {logging_mixin.py:188} INFO - [2025-10-13T19:38:19.507+0000] {dagbag.py:540} INFO - Filling up the DagBag from /opt/airflow/dags/weather_etl_v2.py
[2025-10-13T19:38:19.702+0000] {processor.py:840} INFO - DAG(s) 'weather_etl_v2' retrieved from /opt/airflow/dags/weather_etl_v2.py
[2025-10-13T19:38:19.860+0000] {logging_mixin.py:188} INFO - [2025-10-13T19:38:19.859+0000] {dag.py:3047} INFO - Sync 1 DAGs
[2025-10-13T19:38:19.927+0000] {logging_mixin.py:188} INFO - [2025-10-13T19:38:19.927+0000] {dag.py:3834} INFO - Setting next_dagrun for weather_etl_v2 to 2025-10-12 22:00:00+00:00, run_after=2025-10-13 22:00:00+00:00
[2025-10-13T19:38:19.997+0000] {processor.py:183} INFO - Processing /opt/airflow/dags/weather_etl_v2.py took 0.514 seconds
[2025-10-13T19:38:50.213+0000] {processor.py:161} INFO - Started process (PID=16532) to work on /opt/airflow/dags/weather_etl_v2.py
[2025-10-13T19:38:50.215+0000] {processor.py:830} INFO - Processing file /opt/airflow/dags/weather_etl_v2.py for tasks to queue
[2025-10-13T19:38:50.218+0000] {logging_mixin.py:188} INFO - [2025-10-13T19:38:50.217+0000] {dagbag.py:540} INFO - Filling up the DagBag from /opt/airflow/dags/weather_etl_v2.py
[2025-10-13T19:38:50.256+0000] {processor.py:840} INFO - DAG(s) 'weather_etl_v2' retrieved from /opt/airflow/dags/weather_etl_v2.py
[2025-10-13T19:38:50.335+0000] {logging_mixin.py:188} INFO - [2025-10-13T19:38:50.335+0000] {dag.py:3047} INFO - Sync 1 DAGs
[2025-10-13T19:38:50.388+0000] {logging_mixin.py:188} INFO - [2025-10-13T19:38:50.388+0000] {dag.py:3834} INFO - Setting next_dagrun for weather_etl_v2 to 2025-10-12 22:00:00+00:00, run_after=2025-10-13 22:00:00+00:00
[2025-10-13T19:38:50.438+0000] {processor.py:183} INFO - Processing /opt/airflow/dags/weather_etl_v2.py took 0.233 seconds
[2025-10-13T19:39:20.790+0000] {processor.py:161} INFO - Started process (PID=16547) to work on /opt/airflow/dags/weather_etl_v2.py
[2025-10-13T19:39:20.792+0000] {processor.py:830} INFO - Processing file /opt/airflow/dags/weather_etl_v2.py for tasks to queue
[2025-10-13T19:39:20.794+0000] {logging_mixin.py:188} INFO - [2025-10-13T19:39:20.794+0000] {dagbag.py:540} INFO - Filling up the DagBag from /opt/airflow/dags/weather_etl_v2.py
[2025-10-13T19:39:20.836+0000] {processor.py:840} INFO - DAG(s) 'weather_etl_v2' retrieved from /opt/airflow/dags/weather_etl_v2.py
[2025-10-13T19:39:20.934+0000] {logging_mixin.py:188} INFO - [2025-10-13T19:39:20.933+0000] {dag.py:3047} INFO - Sync 1 DAGs
[2025-10-13T19:39:20.992+0000] {logging_mixin.py:188} INFO - [2025-10-13T19:39:20.992+0000] {dag.py:3834} INFO - Setting next_dagrun for weather_etl_v2 to 2025-10-12 22:00:00+00:00, run_after=2025-10-13 22:00:00+00:00
[2025-10-13T19:39:21.044+0000] {processor.py:183} INFO - Processing /opt/airflow/dags/weather_etl_v2.py took 0.258 seconds
[2025-10-13T19:39:51.145+0000] {processor.py:161} INFO - Started process (PID=16562) to work on /opt/airflow/dags/weather_etl_v2.py
[2025-10-13T19:39:51.147+0000] {processor.py:830} INFO - Processing file /opt/airflow/dags/weather_etl_v2.py for tasks to queue
[2025-10-13T19:39:51.149+0000] {logging_mixin.py:188} INFO - [2025-10-13T19:39:51.148+0000] {dagbag.py:540} INFO - Filling up the DagBag from /opt/airflow/dags/weather_etl_v2.py
[2025-10-13T19:39:51.182+0000] {processor.py:840} INFO - DAG(s) 'weather_etl_v2' retrieved from /opt/airflow/dags/weather_etl_v2.py
[2025-10-13T19:39:51.254+0000] {logging_mixin.py:188} INFO - [2025-10-13T19:39:51.254+0000] {dag.py:3047} INFO - Sync 1 DAGs
[2025-10-13T19:39:51.309+0000] {logging_mixin.py:188} INFO - [2025-10-13T19:39:51.309+0000] {dag.py:3834} INFO - Setting next_dagrun for weather_etl_v2 to 2025-10-12 22:00:00+00:00, run_after=2025-10-13 22:00:00+00:00
[2025-10-13T19:39:51.384+0000] {processor.py:183} INFO - Processing /opt/airflow/dags/weather_etl_v2.py took 0.242 seconds
[2025-10-13T19:40:21.680+0000] {processor.py:161} INFO - Started process (PID=16577) to work on /opt/airflow/dags/weather_etl_v2.py
[2025-10-13T19:40:21.681+0000] {processor.py:830} INFO - Processing file /opt/airflow/dags/weather_etl_v2.py for tasks to queue
[2025-10-13T19:40:21.683+0000] {logging_mixin.py:188} INFO - [2025-10-13T19:40:21.683+0000] {dagbag.py:540} INFO - Filling up the DagBag from /opt/airflow/dags/weather_etl_v2.py
[2025-10-13T19:40:21.723+0000] {processor.py:840} INFO - DAG(s) 'weather_etl_v2' retrieved from /opt/airflow/dags/weather_etl_v2.py
[2025-10-13T19:40:21.801+0000] {logging_mixin.py:188} INFO - [2025-10-13T19:40:21.800+0000] {dag.py:3047} INFO - Sync 1 DAGs
[2025-10-13T19:40:21.891+0000] {logging_mixin.py:188} INFO - [2025-10-13T19:40:21.890+0000] {dag.py:3834} INFO - Setting next_dagrun for weather_etl_v2 to 2025-10-12 22:00:00+00:00, run_after=2025-10-13 22:00:00+00:00
[2025-10-13T19:40:21.999+0000] {processor.py:183} INFO - Processing /opt/airflow/dags/weather_etl_v2.py took 0.324 seconds
[2025-10-13T19:40:52.300+0000] {processor.py:161} INFO - Started process (PID=16592) to work on /opt/airflow/dags/weather_etl_v2.py
[2025-10-13T19:40:52.310+0000] {processor.py:830} INFO - Processing file /opt/airflow/dags/weather_etl_v2.py for tasks to queue
[2025-10-13T19:40:52.324+0000] {logging_mixin.py:188} INFO - [2025-10-13T19:40:52.323+0000] {dagbag.py:540} INFO - Filling up the DagBag from /opt/airflow/dags/weather_etl_v2.py
[2025-10-13T19:40:52.367+0000] {processor.py:840} INFO - DAG(s) 'weather_etl_v2' retrieved from /opt/airflow/dags/weather_etl_v2.py
[2025-10-13T19:40:52.452+0000] {logging_mixin.py:188} INFO - [2025-10-13T19:40:52.452+0000] {dag.py:3047} INFO - Sync 1 DAGs
[2025-10-13T19:40:52.510+0000] {logging_mixin.py:188} INFO - [2025-10-13T19:40:52.510+0000] {dag.py:3834} INFO - Setting next_dagrun for weather_etl_v2 to 2025-10-12 22:00:00+00:00, run_after=2025-10-13 22:00:00+00:00
[2025-10-13T19:40:52.575+0000] {processor.py:183} INFO - Processing /opt/airflow/dags/weather_etl_v2.py took 0.279 seconds
[2025-10-13T19:41:22.999+0000] {processor.py:161} INFO - Started process (PID=16607) to work on /opt/airflow/dags/weather_etl_v2.py
[2025-10-13T19:41:23.002+0000] {processor.py:830} INFO - Processing file /opt/airflow/dags/weather_etl_v2.py for tasks to queue
[2025-10-13T19:41:23.005+0000] {logging_mixin.py:188} INFO - [2025-10-13T19:41:23.004+0000] {dagbag.py:540} INFO - Filling up the DagBag from /opt/airflow/dags/weather_etl_v2.py
[2025-10-13T19:41:23.053+0000] {processor.py:840} INFO - DAG(s) 'weather_etl_v2' retrieved from /opt/airflow/dags/weather_etl_v2.py
[2025-10-13T19:41:23.154+0000] {logging_mixin.py:188} INFO - [2025-10-13T19:41:23.154+0000] {dag.py:3047} INFO - Sync 1 DAGs
[2025-10-13T19:41:23.213+0000] {logging_mixin.py:188} INFO - [2025-10-13T19:41:23.213+0000] {dag.py:3834} INFO - Setting next_dagrun for weather_etl_v2 to 2025-10-12 22:00:00+00:00, run_after=2025-10-13 22:00:00+00:00
[2025-10-13T19:41:23.316+0000] {processor.py:183} INFO - Processing /opt/airflow/dags/weather_etl_v2.py took 0.322 seconds
[2025-10-13T19:41:53.760+0000] {processor.py:161} INFO - Started process (PID=16622) to work on /opt/airflow/dags/weather_etl_v2.py
[2025-10-13T19:41:53.762+0000] {processor.py:830} INFO - Processing file /opt/airflow/dags/weather_etl_v2.py for tasks to queue
[2025-10-13T19:41:53.764+0000] {logging_mixin.py:188} INFO - [2025-10-13T19:41:53.764+0000] {dagbag.py:540} INFO - Filling up the DagBag from /opt/airflow/dags/weather_etl_v2.py
[2025-10-13T19:41:53.826+0000] {processor.py:840} INFO - DAG(s) 'weather_etl_v2' retrieved from /opt/airflow/dags/weather_etl_v2.py
[2025-10-13T19:41:53.930+0000] {logging_mixin.py:188} INFO - [2025-10-13T19:41:53.929+0000] {dag.py:3047} INFO - Sync 1 DAGs
[2025-10-13T19:41:54.009+0000] {logging_mixin.py:188} INFO - [2025-10-13T19:41:54.009+0000] {dag.py:3834} INFO - Setting next_dagrun for weather_etl_v2 to 2025-10-12 22:00:00+00:00, run_after=2025-10-13 22:00:00+00:00
[2025-10-13T19:41:54.108+0000] {processor.py:183} INFO - Processing /opt/airflow/dags/weather_etl_v2.py took 0.354 seconds
[2025-10-13T19:42:24.176+0000] {processor.py:161} INFO - Started process (PID=16637) to work on /opt/airflow/dags/weather_etl_v2.py
[2025-10-13T19:42:24.177+0000] {processor.py:830} INFO - Processing file /opt/airflow/dags/weather_etl_v2.py for tasks to queue
[2025-10-13T19:42:24.179+0000] {logging_mixin.py:188} INFO - [2025-10-13T19:42:24.179+0000] {dagbag.py:540} INFO - Filling up the DagBag from /opt/airflow/dags/weather_etl_v2.py
[2025-10-13T19:42:24.217+0000] {processor.py:840} INFO - DAG(s) 'weather_etl_v2' retrieved from /opt/airflow/dags/weather_etl_v2.py
[2025-10-13T19:42:24.281+0000] {logging_mixin.py:188} INFO - [2025-10-13T19:42:24.281+0000] {dag.py:3047} INFO - Sync 1 DAGs
[2025-10-13T19:42:24.346+0000] {logging_mixin.py:188} INFO - [2025-10-13T19:42:24.346+0000] {dag.py:3834} INFO - Setting next_dagrun for weather_etl_v2 to 2025-10-12 22:00:00+00:00, run_after=2025-10-13 22:00:00+00:00
[2025-10-13T19:42:24.405+0000] {processor.py:183} INFO - Processing /opt/airflow/dags/weather_etl_v2.py took 0.233 seconds
[2025-10-13T19:42:54.745+0000] {processor.py:161} INFO - Started process (PID=16652) to work on /opt/airflow/dags/weather_etl_v2.py
[2025-10-13T19:42:54.747+0000] {processor.py:830} INFO - Processing file /opt/airflow/dags/weather_etl_v2.py for tasks to queue
[2025-10-13T19:42:54.749+0000] {logging_mixin.py:188} INFO - [2025-10-13T19:42:54.748+0000] {dagbag.py:540} INFO - Filling up the DagBag from /opt/airflow/dags/weather_etl_v2.py
[2025-10-13T19:42:54.786+0000] {processor.py:840} INFO - DAG(s) 'weather_etl_v2' retrieved from /opt/airflow/dags/weather_etl_v2.py
[2025-10-13T19:42:54.874+0000] {logging_mixin.py:188} INFO - [2025-10-13T19:42:54.874+0000] {dag.py:3047} INFO - Sync 1 DAGs
[2025-10-13T19:42:54.949+0000] {logging_mixin.py:188} INFO - [2025-10-13T19:42:54.948+0000] {dag.py:3834} INFO - Setting next_dagrun for weather_etl_v2 to 2025-10-12 22:00:00+00:00, run_after=2025-10-13 22:00:00+00:00
[2025-10-13T19:42:55.031+0000] {processor.py:183} INFO - Processing /opt/airflow/dags/weather_etl_v2.py took 0.290 seconds
[2025-10-13T19:43:25.270+0000] {processor.py:161} INFO - Started process (PID=16667) to work on /opt/airflow/dags/weather_etl_v2.py
[2025-10-13T19:43:25.282+0000] {processor.py:830} INFO - Processing file /opt/airflow/dags/weather_etl_v2.py for tasks to queue
[2025-10-13T19:43:25.290+0000] {logging_mixin.py:188} INFO - [2025-10-13T19:43:25.288+0000] {dagbag.py:540} INFO - Filling up the DagBag from /opt/airflow/dags/weather_etl_v2.py
[2025-10-13T19:43:25.333+0000] {processor.py:840} INFO - DAG(s) 'weather_etl_v2' retrieved from /opt/airflow/dags/weather_etl_v2.py
[2025-10-13T19:43:25.417+0000] {logging_mixin.py:188} INFO - [2025-10-13T19:43:25.417+0000] {dag.py:3047} INFO - Sync 1 DAGs
[2025-10-13T19:43:25.494+0000] {logging_mixin.py:188} INFO - [2025-10-13T19:43:25.494+0000] {dag.py:3834} INFO - Setting next_dagrun for weather_etl_v2 to 2025-10-12 22:00:00+00:00, run_after=2025-10-13 22:00:00+00:00
[2025-10-13T19:43:25.562+0000] {processor.py:183} INFO - Processing /opt/airflow/dags/weather_etl_v2.py took 0.315 seconds
[2025-10-13T19:43:56.042+0000] {processor.py:161} INFO - Started process (PID=16682) to work on /opt/airflow/dags/weather_etl_v2.py
[2025-10-13T19:43:56.044+0000] {processor.py:830} INFO - Processing file /opt/airflow/dags/weather_etl_v2.py for tasks to queue
[2025-10-13T19:43:56.046+0000] {logging_mixin.py:188} INFO - [2025-10-13T19:43:56.046+0000] {dagbag.py:540} INFO - Filling up the DagBag from /opt/airflow/dags/weather_etl_v2.py
[2025-10-13T19:43:56.106+0000] {processor.py:840} INFO - DAG(s) 'weather_etl_v2' retrieved from /opt/airflow/dags/weather_etl_v2.py
[2025-10-13T19:43:56.207+0000] {logging_mixin.py:188} INFO - [2025-10-13T19:43:56.206+0000] {dag.py:3047} INFO - Sync 1 DAGs
[2025-10-13T19:43:56.272+0000] {logging_mixin.py:188} INFO - [2025-10-13T19:43:56.272+0000] {dag.py:3834} INFO - Setting next_dagrun for weather_etl_v2 to 2025-10-12 22:00:00+00:00, run_after=2025-10-13 22:00:00+00:00
[2025-10-13T19:43:56.322+0000] {processor.py:183} INFO - Processing /opt/airflow/dags/weather_etl_v2.py took 0.285 seconds
[2025-10-13T19:44:26.635+0000] {processor.py:161} INFO - Started process (PID=16697) to work on /opt/airflow/dags/weather_etl_v2.py
[2025-10-13T19:44:26.637+0000] {processor.py:830} INFO - Processing file /opt/airflow/dags/weather_etl_v2.py for tasks to queue
[2025-10-13T19:44:26.639+0000] {logging_mixin.py:188} INFO - [2025-10-13T19:44:26.639+0000] {dagbag.py:540} INFO - Filling up the DagBag from /opt/airflow/dags/weather_etl_v2.py
[2025-10-13T19:44:26.685+0000] {processor.py:840} INFO - DAG(s) 'weather_etl_v2' retrieved from /opt/airflow/dags/weather_etl_v2.py
[2025-10-13T19:44:26.775+0000] {logging_mixin.py:188} INFO - [2025-10-13T19:44:26.775+0000] {dag.py:3047} INFO - Sync 1 DAGs
[2025-10-13T19:44:26.837+0000] {logging_mixin.py:188} INFO - [2025-10-13T19:44:26.836+0000] {dag.py:3834} INFO - Setting next_dagrun for weather_etl_v2 to 2025-10-12 22:00:00+00:00, run_after=2025-10-13 22:00:00+00:00
[2025-10-13T19:44:26.896+0000] {processor.py:183} INFO - Processing /opt/airflow/dags/weather_etl_v2.py took 0.270 seconds
[2025-10-13T19:46:00.427+0000] {processor.py:161} INFO - Started process (PID=16714) to work on /opt/airflow/dags/weather_etl_v2.py
[2025-10-13T19:46:00.444+0000] {processor.py:830} INFO - Processing file /opt/airflow/dags/weather_etl_v2.py for tasks to queue
[2025-10-13T19:46:00.461+0000] {logging_mixin.py:188} INFO - [2025-10-13T19:46:00.456+0000] {dagbag.py:540} INFO - Filling up the DagBag from /opt/airflow/dags/weather_etl_v2.py
[2025-10-13T19:46:00.892+0000] {processor.py:840} INFO - DAG(s) 'weather_etl_v2' retrieved from /opt/airflow/dags/weather_etl_v2.py
[2025-10-13T19:46:01.160+0000] {logging_mixin.py:188} INFO - [2025-10-13T19:46:01.159+0000] {dag.py:3047} INFO - Sync 1 DAGs
[2025-10-13T19:46:01.318+0000] {logging_mixin.py:188} INFO - [2025-10-13T19:46:01.317+0000] {dag.py:3834} INFO - Setting next_dagrun for weather_etl_v2 to 2025-10-12 22:00:00+00:00, run_after=2025-10-13 22:00:00+00:00
[2025-10-13T19:46:01.418+0000] {processor.py:183} INFO - Processing /opt/airflow/dags/weather_etl_v2.py took 1.039 seconds
[2025-10-13T19:46:32.416+0000] {processor.py:161} INFO - Started process (PID=16729) to work on /opt/airflow/dags/weather_etl_v2.py
[2025-10-13T19:46:32.419+0000] {processor.py:830} INFO - Processing file /opt/airflow/dags/weather_etl_v2.py for tasks to queue
[2025-10-13T19:46:32.421+0000] {logging_mixin.py:188} INFO - [2025-10-13T19:46:32.420+0000] {dagbag.py:540} INFO - Filling up the DagBag from /opt/airflow/dags/weather_etl_v2.py
[2025-10-13T19:46:32.456+0000] {processor.py:840} INFO - DAG(s) 'weather_etl_v2' retrieved from /opt/airflow/dags/weather_etl_v2.py
[2025-10-13T19:46:32.534+0000] {logging_mixin.py:188} INFO - [2025-10-13T19:46:32.533+0000] {dag.py:3047} INFO - Sync 1 DAGs
[2025-10-13T19:46:32.585+0000] {logging_mixin.py:188} INFO - [2025-10-13T19:46:32.585+0000] {dag.py:3834} INFO - Setting next_dagrun for weather_etl_v2 to 2025-10-12 22:00:00+00:00, run_after=2025-10-13 22:00:00+00:00
[2025-10-13T19:46:32.652+0000] {processor.py:183} INFO - Processing /opt/airflow/dags/weather_etl_v2.py took 0.239 seconds
[2025-10-13T19:47:03.187+0000] {processor.py:161} INFO - Started process (PID=16744) to work on /opt/airflow/dags/weather_etl_v2.py
[2025-10-13T19:47:03.189+0000] {processor.py:830} INFO - Processing file /opt/airflow/dags/weather_etl_v2.py for tasks to queue
[2025-10-13T19:47:03.193+0000] {logging_mixin.py:188} INFO - [2025-10-13T19:47:03.192+0000] {dagbag.py:540} INFO - Filling up the DagBag from /opt/airflow/dags/weather_etl_v2.py
[2025-10-13T19:47:03.225+0000] {processor.py:840} INFO - DAG(s) 'weather_etl_v2' retrieved from /opt/airflow/dags/weather_etl_v2.py
[2025-10-13T19:47:03.310+0000] {logging_mixin.py:188} INFO - [2025-10-13T19:47:03.310+0000] {dag.py:3047} INFO - Sync 1 DAGs
[2025-10-13T19:47:03.361+0000] {logging_mixin.py:188} INFO - [2025-10-13T19:47:03.360+0000] {dag.py:3834} INFO - Setting next_dagrun for weather_etl_v2 to 2025-10-12 22:00:00+00:00, run_after=2025-10-13 22:00:00+00:00
[2025-10-13T19:47:03.422+0000] {processor.py:183} INFO - Processing /opt/airflow/dags/weather_etl_v2.py took 0.238 seconds
[2025-10-13T19:47:34.270+0000] {processor.py:161} INFO - Started process (PID=16759) to work on /opt/airflow/dags/weather_etl_v2.py
[2025-10-13T19:47:34.272+0000] {processor.py:830} INFO - Processing file /opt/airflow/dags/weather_etl_v2.py for tasks to queue
[2025-10-13T19:47:34.274+0000] {logging_mixin.py:188} INFO - [2025-10-13T19:47:34.273+0000] {dagbag.py:540} INFO - Filling up the DagBag from /opt/airflow/dags/weather_etl_v2.py
[2025-10-13T19:47:34.389+0000] {processor.py:840} INFO - DAG(s) 'weather_etl_v2' retrieved from /opt/airflow/dags/weather_etl_v2.py
[2025-10-13T19:47:34.881+0000] {logging_mixin.py:188} INFO - [2025-10-13T19:47:34.880+0000] {dag.py:3047} INFO - Sync 1 DAGs
[2025-10-13T19:47:35.221+0000] {logging_mixin.py:188} INFO - [2025-10-13T19:47:35.220+0000] {dag.py:3834} INFO - Setting next_dagrun for weather_etl_v2 to 2025-10-12 22:00:00+00:00, run_after=2025-10-13 22:00:00+00:00
[2025-10-13T19:47:35.356+0000] {processor.py:183} INFO - Processing /opt/airflow/dags/weather_etl_v2.py took 1.091 seconds
[2025-10-13T19:48:06.041+0000] {processor.py:161} INFO - Started process (PID=16774) to work on /opt/airflow/dags/weather_etl_v2.py
[2025-10-13T19:48:06.047+0000] {processor.py:830} INFO - Processing file /opt/airflow/dags/weather_etl_v2.py for tasks to queue
[2025-10-13T19:48:06.051+0000] {logging_mixin.py:188} INFO - [2025-10-13T19:48:06.050+0000] {dagbag.py:540} INFO - Filling up the DagBag from /opt/airflow/dags/weather_etl_v2.py
[2025-10-13T19:48:06.168+0000] {processor.py:840} INFO - DAG(s) 'weather_etl_v2' retrieved from /opt/airflow/dags/weather_etl_v2.py
[2025-10-13T19:48:06.416+0000] {logging_mixin.py:188} INFO - [2025-10-13T19:48:06.415+0000] {dag.py:3047} INFO - Sync 1 DAGs
[2025-10-13T19:48:06.564+0000] {logging_mixin.py:188} INFO - [2025-10-13T19:48:06.563+0000] {dag.py:3834} INFO - Setting next_dagrun for weather_etl_v2 to 2025-10-12 22:00:00+00:00, run_after=2025-10-13 22:00:00+00:00
[2025-10-13T19:48:06.705+0000] {processor.py:183} INFO - Processing /opt/airflow/dags/weather_etl_v2.py took 0.671 seconds
[2025-10-13T19:48:37.149+0000] {processor.py:161} INFO - Started process (PID=16789) to work on /opt/airflow/dags/weather_etl_v2.py
[2025-10-13T19:48:37.155+0000] {processor.py:830} INFO - Processing file /opt/airflow/dags/weather_etl_v2.py for tasks to queue
[2025-10-13T19:48:37.157+0000] {logging_mixin.py:188} INFO - [2025-10-13T19:48:37.157+0000] {dagbag.py:540} INFO - Filling up the DagBag from /opt/airflow/dags/weather_etl_v2.py
[2025-10-13T19:48:37.197+0000] {processor.py:840} INFO - DAG(s) 'weather_etl_v2' retrieved from /opt/airflow/dags/weather_etl_v2.py
[2025-10-13T19:48:37.282+0000] {logging_mixin.py:188} INFO - [2025-10-13T19:48:37.281+0000] {dag.py:3047} INFO - Sync 1 DAGs
[2025-10-13T19:48:37.337+0000] {logging_mixin.py:188} INFO - [2025-10-13T19:48:37.337+0000] {dag.py:3834} INFO - Setting next_dagrun for weather_etl_v2 to 2025-10-12 22:00:00+00:00, run_after=2025-10-13 22:00:00+00:00
[2025-10-13T19:48:37.403+0000] {processor.py:183} INFO - Processing /opt/airflow/dags/weather_etl_v2.py took 0.274 seconds
[2025-10-13T19:49:08.171+0000] {processor.py:161} INFO - Started process (PID=16804) to work on /opt/airflow/dags/weather_etl_v2.py
[2025-10-13T19:49:08.173+0000] {processor.py:830} INFO - Processing file /opt/airflow/dags/weather_etl_v2.py for tasks to queue
[2025-10-13T19:49:08.176+0000] {logging_mixin.py:188} INFO - [2025-10-13T19:49:08.175+0000] {dagbag.py:540} INFO - Filling up the DagBag from /opt/airflow/dags/weather_etl_v2.py
[2025-10-13T19:49:08.215+0000] {processor.py:840} INFO - DAG(s) 'weather_etl_v2' retrieved from /opt/airflow/dags/weather_etl_v2.py
[2025-10-13T19:49:08.311+0000] {logging_mixin.py:188} INFO - [2025-10-13T19:49:08.311+0000] {dag.py:3047} INFO - Sync 1 DAGs
[2025-10-13T19:49:08.371+0000] {logging_mixin.py:188} INFO - [2025-10-13T19:49:08.371+0000] {dag.py:3834} INFO - Setting next_dagrun for weather_etl_v2 to 2025-10-12 22:00:00+00:00, run_after=2025-10-13 22:00:00+00:00
[2025-10-13T19:49:08.434+0000] {processor.py:183} INFO - Processing /opt/airflow/dags/weather_etl_v2.py took 0.267 seconds
[2025-10-13T19:49:38.987+0000] {processor.py:161} INFO - Started process (PID=16819) to work on /opt/airflow/dags/weather_etl_v2.py
[2025-10-13T19:49:38.989+0000] {processor.py:830} INFO - Processing file /opt/airflow/dags/weather_etl_v2.py for tasks to queue
[2025-10-13T19:49:38.991+0000] {logging_mixin.py:188} INFO - [2025-10-13T19:49:38.990+0000] {dagbag.py:540} INFO - Filling up the DagBag from /opt/airflow/dags/weather_etl_v2.py
[2025-10-13T19:49:39.024+0000] {processor.py:840} INFO - DAG(s) 'weather_etl_v2' retrieved from /opt/airflow/dags/weather_etl_v2.py
[2025-10-13T19:49:39.105+0000] {logging_mixin.py:188} INFO - [2025-10-13T19:49:39.104+0000] {dag.py:3047} INFO - Sync 1 DAGs
[2025-10-13T19:49:39.157+0000] {logging_mixin.py:188} INFO - [2025-10-13T19:49:39.157+0000] {dag.py:3834} INFO - Setting next_dagrun for weather_etl_v2 to 2025-10-12 22:00:00+00:00, run_after=2025-10-13 22:00:00+00:00
[2025-10-13T19:49:39.227+0000] {processor.py:183} INFO - Processing /opt/airflow/dags/weather_etl_v2.py took 0.244 seconds
[2025-10-13T19:50:09.441+0000] {processor.py:161} INFO - Started process (PID=16834) to work on /opt/airflow/dags/weather_etl_v2.py
[2025-10-13T19:50:09.453+0000] {processor.py:830} INFO - Processing file /opt/airflow/dags/weather_etl_v2.py for tasks to queue
[2025-10-13T19:50:09.456+0000] {logging_mixin.py:188} INFO - [2025-10-13T19:50:09.455+0000] {dagbag.py:540} INFO - Filling up the DagBag from /opt/airflow/dags/weather_etl_v2.py
[2025-10-13T19:50:09.660+0000] {processor.py:840} INFO - DAG(s) 'weather_etl_v2' retrieved from /opt/airflow/dags/weather_etl_v2.py
[2025-10-13T19:50:10.095+0000] {logging_mixin.py:188} INFO - [2025-10-13T19:50:10.091+0000] {dag.py:3047} INFO - Sync 1 DAGs
[2025-10-13T19:50:10.238+0000] {logging_mixin.py:188} INFO - [2025-10-13T19:50:10.238+0000] {dag.py:3834} INFO - Setting next_dagrun for weather_etl_v2 to 2025-10-12 22:00:00+00:00, run_after=2025-10-13 22:00:00+00:00
[2025-10-13T19:50:10.354+0000] {processor.py:183} INFO - Processing /opt/airflow/dags/weather_etl_v2.py took 0.921 seconds
[2025-10-13T19:50:41.414+0000] {processor.py:161} INFO - Started process (PID=16849) to work on /opt/airflow/dags/weather_etl_v2.py
[2025-10-13T19:50:41.416+0000] {processor.py:830} INFO - Processing file /opt/airflow/dags/weather_etl_v2.py for tasks to queue
[2025-10-13T19:50:41.418+0000] {logging_mixin.py:188} INFO - [2025-10-13T19:50:41.417+0000] {dagbag.py:540} INFO - Filling up the DagBag from /opt/airflow/dags/weather_etl_v2.py
[2025-10-13T19:50:41.462+0000] {processor.py:840} INFO - DAG(s) 'weather_etl_v2' retrieved from /opt/airflow/dags/weather_etl_v2.py
[2025-10-13T19:50:41.542+0000] {logging_mixin.py:188} INFO - [2025-10-13T19:50:41.542+0000] {dag.py:3047} INFO - Sync 1 DAGs
[2025-10-13T19:50:41.611+0000] {logging_mixin.py:188} INFO - [2025-10-13T19:50:41.610+0000] {dag.py:3834} INFO - Setting next_dagrun for weather_etl_v2 to 2025-10-12 22:00:00+00:00, run_after=2025-10-13 22:00:00+00:00
[2025-10-13T19:50:41.684+0000] {processor.py:183} INFO - Processing /opt/airflow/dags/weather_etl_v2.py took 0.275 seconds
[2025-10-13T19:51:12.065+0000] {processor.py:161} INFO - Started process (PID=16864) to work on /opt/airflow/dags/weather_etl_v2.py
[2025-10-13T19:51:12.069+0000] {processor.py:830} INFO - Processing file /opt/airflow/dags/weather_etl_v2.py for tasks to queue
[2025-10-13T19:51:12.073+0000] {logging_mixin.py:188} INFO - [2025-10-13T19:51:12.072+0000] {dagbag.py:540} INFO - Filling up the DagBag from /opt/airflow/dags/weather_etl_v2.py
[2025-10-13T19:51:12.122+0000] {processor.py:840} INFO - DAG(s) 'weather_etl_v2' retrieved from /opt/airflow/dags/weather_etl_v2.py
[2025-10-13T19:51:12.217+0000] {logging_mixin.py:188} INFO - [2025-10-13T19:51:12.216+0000] {dag.py:3047} INFO - Sync 1 DAGs
[2025-10-13T19:51:12.302+0000] {logging_mixin.py:188} INFO - [2025-10-13T19:51:12.302+0000] {dag.py:3834} INFO - Setting next_dagrun for weather_etl_v2 to 2025-10-12 22:00:00+00:00, run_after=2025-10-13 22:00:00+00:00
[2025-10-13T19:51:12.390+0000] {processor.py:183} INFO - Processing /opt/airflow/dags/weather_etl_v2.py took 0.330 seconds
[2025-10-13T19:51:43.023+0000] {processor.py:161} INFO - Started process (PID=16879) to work on /opt/airflow/dags/weather_etl_v2.py
[2025-10-13T19:51:43.033+0000] {processor.py:830} INFO - Processing file /opt/airflow/dags/weather_etl_v2.py for tasks to queue
[2025-10-13T19:51:43.039+0000] {logging_mixin.py:188} INFO - [2025-10-13T19:51:43.037+0000] {dagbag.py:540} INFO - Filling up the DagBag from /opt/airflow/dags/weather_etl_v2.py
[2025-10-13T19:51:43.088+0000] {processor.py:840} INFO - DAG(s) 'weather_etl_v2' retrieved from /opt/airflow/dags/weather_etl_v2.py
[2025-10-13T19:51:43.177+0000] {logging_mixin.py:188} INFO - [2025-10-13T19:51:43.177+0000] {dag.py:3047} INFO - Sync 1 DAGs
[2025-10-13T19:51:43.238+0000] {logging_mixin.py:188} INFO - [2025-10-13T19:51:43.238+0000] {dag.py:3834} INFO - Setting next_dagrun for weather_etl_v2 to 2025-10-12 22:00:00+00:00, run_after=2025-10-13 22:00:00+00:00
[2025-10-13T19:51:43.314+0000] {processor.py:183} INFO - Processing /opt/airflow/dags/weather_etl_v2.py took 0.335 seconds
[2025-10-13T19:52:13.837+0000] {processor.py:161} INFO - Started process (PID=16894) to work on /opt/airflow/dags/weather_etl_v2.py
[2025-10-13T19:52:13.843+0000] {processor.py:830} INFO - Processing file /opt/airflow/dags/weather_etl_v2.py for tasks to queue
[2025-10-13T19:52:13.848+0000] {logging_mixin.py:188} INFO - [2025-10-13T19:52:13.847+0000] {dagbag.py:540} INFO - Filling up the DagBag from /opt/airflow/dags/weather_etl_v2.py
[2025-10-13T19:52:13.903+0000] {processor.py:840} INFO - DAG(s) 'weather_etl_v2' retrieved from /opt/airflow/dags/weather_etl_v2.py
[2025-10-13T19:52:13.979+0000] {logging_mixin.py:188} INFO - [2025-10-13T19:52:13.978+0000] {dag.py:3047} INFO - Sync 1 DAGs
[2025-10-13T19:52:14.029+0000] {logging_mixin.py:188} INFO - [2025-10-13T19:52:14.029+0000] {dag.py:3834} INFO - Setting next_dagrun for weather_etl_v2 to 2025-10-12 22:00:00+00:00, run_after=2025-10-13 22:00:00+00:00
[2025-10-13T19:52:14.080+0000] {processor.py:183} INFO - Processing /opt/airflow/dags/weather_etl_v2.py took 0.259 seconds
[2025-10-13T19:52:48.912+0000] {processor.py:161} INFO - Started process (PID=16907) to work on /opt/airflow/dags/weather_etl_v2.py
[2025-10-13T19:52:48.920+0000] {processor.py:830} INFO - Processing file /opt/airflow/dags/weather_etl_v2.py for tasks to queue
[2025-10-13T19:52:48.928+0000] {logging_mixin.py:188} INFO - [2025-10-13T19:52:48.924+0000] {dagbag.py:540} INFO - Filling up the DagBag from /opt/airflow/dags/weather_etl_v2.py
[2025-10-13T19:52:49.063+0000] {processor.py:840} INFO - DAG(s) 'weather_etl_v2' retrieved from /opt/airflow/dags/weather_etl_v2.py
[2025-10-13T19:52:49.311+0000] {logging_mixin.py:188} INFO - [2025-10-13T19:52:49.311+0000] {dag.py:3047} INFO - Sync 1 DAGs
[2025-10-13T19:52:49.458+0000] {logging_mixin.py:188} INFO - [2025-10-13T19:52:49.457+0000] {dag.py:3834} INFO - Setting next_dagrun for weather_etl_v2 to 2025-10-12 22:00:00+00:00, run_after=2025-10-13 22:00:00+00:00
[2025-10-13T19:52:49.619+0000] {processor.py:183} INFO - Processing /opt/airflow/dags/weather_etl_v2.py took 0.712 seconds
[2025-10-13T19:53:19.810+0000] {processor.py:161} INFO - Started process (PID=16924) to work on /opt/airflow/dags/weather_etl_v2.py
[2025-10-13T19:53:19.814+0000] {processor.py:830} INFO - Processing file /opt/airflow/dags/weather_etl_v2.py for tasks to queue
[2025-10-13T19:53:19.816+0000] {logging_mixin.py:188} INFO - [2025-10-13T19:53:19.815+0000] {dagbag.py:540} INFO - Filling up the DagBag from /opt/airflow/dags/weather_etl_v2.py
[2025-10-13T19:53:19.853+0000] {processor.py:840} INFO - DAG(s) 'weather_etl_v2' retrieved from /opt/airflow/dags/weather_etl_v2.py
[2025-10-13T19:53:19.946+0000] {logging_mixin.py:188} INFO - [2025-10-13T19:53:19.946+0000] {dag.py:3047} INFO - Sync 1 DAGs
[2025-10-13T19:53:19.998+0000] {logging_mixin.py:188} INFO - [2025-10-13T19:53:19.998+0000] {dag.py:3834} INFO - Setting next_dagrun for weather_etl_v2 to 2025-10-12 22:00:00+00:00, run_after=2025-10-13 22:00:00+00:00
[2025-10-13T19:53:20.046+0000] {processor.py:183} INFO - Processing /opt/airflow/dags/weather_etl_v2.py took 0.239 seconds
[2025-10-13T19:53:50.524+0000] {processor.py:161} INFO - Started process (PID=16939) to work on /opt/airflow/dags/weather_etl_v2.py
[2025-10-13T19:53:50.529+0000] {processor.py:830} INFO - Processing file /opt/airflow/dags/weather_etl_v2.py for tasks to queue
[2025-10-13T19:53:50.534+0000] {logging_mixin.py:188} INFO - [2025-10-13T19:53:50.532+0000] {dagbag.py:540} INFO - Filling up the DagBag from /opt/airflow/dags/weather_etl_v2.py
[2025-10-13T19:53:50.584+0000] {processor.py:840} INFO - DAG(s) 'weather_etl_v2' retrieved from /opt/airflow/dags/weather_etl_v2.py
[2025-10-13T19:53:50.671+0000] {logging_mixin.py:188} INFO - [2025-10-13T19:53:50.671+0000] {dag.py:3047} INFO - Sync 1 DAGs
[2025-10-13T19:53:50.731+0000] {logging_mixin.py:188} INFO - [2025-10-13T19:53:50.731+0000] {dag.py:3834} INFO - Setting next_dagrun for weather_etl_v2 to 2025-10-12 22:00:00+00:00, run_after=2025-10-13 22:00:00+00:00
[2025-10-13T19:53:50.792+0000] {processor.py:183} INFO - Processing /opt/airflow/dags/weather_etl_v2.py took 0.273 seconds
[2025-10-13T19:54:22.029+0000] {processor.py:161} INFO - Started process (PID=16954) to work on /opt/airflow/dags/weather_etl_v2.py
[2025-10-13T19:54:22.033+0000] {processor.py:830} INFO - Processing file /opt/airflow/dags/weather_etl_v2.py for tasks to queue
[2025-10-13T19:54:22.038+0000] {logging_mixin.py:188} INFO - [2025-10-13T19:54:22.037+0000] {dagbag.py:540} INFO - Filling up the DagBag from /opt/airflow/dags/weather_etl_v2.py
[2025-10-13T19:54:22.077+0000] {processor.py:840} INFO - DAG(s) 'weather_etl_v2' retrieved from /opt/airflow/dags/weather_etl_v2.py
[2025-10-13T19:54:22.156+0000] {logging_mixin.py:188} INFO - [2025-10-13T19:54:22.155+0000] {dag.py:3047} INFO - Sync 1 DAGs
[2025-10-13T19:54:22.205+0000] {logging_mixin.py:188} INFO - [2025-10-13T19:54:22.205+0000] {dag.py:3834} INFO - Setting next_dagrun for weather_etl_v2 to 2025-10-12 22:00:00+00:00, run_after=2025-10-13 22:00:00+00:00
[2025-10-13T19:54:22.250+0000] {processor.py:183} INFO - Processing /opt/airflow/dags/weather_etl_v2.py took 0.225 seconds
[2025-10-13T19:54:53.002+0000] {processor.py:161} INFO - Started process (PID=16969) to work on /opt/airflow/dags/weather_etl_v2.py
[2025-10-13T19:54:53.004+0000] {processor.py:830} INFO - Processing file /opt/airflow/dags/weather_etl_v2.py for tasks to queue
[2025-10-13T19:54:53.006+0000] {logging_mixin.py:188} INFO - [2025-10-13T19:54:53.006+0000] {dagbag.py:540} INFO - Filling up the DagBag from /opt/airflow/dags/weather_etl_v2.py
[2025-10-13T19:54:53.061+0000] {processor.py:840} INFO - DAG(s) 'weather_etl_v2' retrieved from /opt/airflow/dags/weather_etl_v2.py
[2025-10-13T19:54:53.169+0000] {logging_mixin.py:188} INFO - [2025-10-13T19:54:53.168+0000] {dag.py:3047} INFO - Sync 1 DAGs
[2025-10-13T19:54:53.261+0000] {logging_mixin.py:188} INFO - [2025-10-13T19:54:53.260+0000] {dag.py:3834} INFO - Setting next_dagrun for weather_etl_v2 to 2025-10-12 22:00:00+00:00, run_after=2025-10-13 22:00:00+00:00
[2025-10-13T19:54:53.328+0000] {processor.py:183} INFO - Processing /opt/airflow/dags/weather_etl_v2.py took 0.331 seconds
[2025-10-13T19:55:24.024+0000] {processor.py:161} INFO - Started process (PID=16984) to work on /opt/airflow/dags/weather_etl_v2.py
[2025-10-13T19:55:24.026+0000] {processor.py:830} INFO - Processing file /opt/airflow/dags/weather_etl_v2.py for tasks to queue
[2025-10-13T19:55:24.028+0000] {logging_mixin.py:188} INFO - [2025-10-13T19:55:24.028+0000] {dagbag.py:540} INFO - Filling up the DagBag from /opt/airflow/dags/weather_etl_v2.py
[2025-10-13T19:55:24.065+0000] {processor.py:840} INFO - DAG(s) 'weather_etl_v2' retrieved from /opt/airflow/dags/weather_etl_v2.py
[2025-10-13T19:55:24.166+0000] {logging_mixin.py:188} INFO - [2025-10-13T19:55:24.166+0000] {dag.py:3047} INFO - Sync 1 DAGs
[2025-10-13T19:55:24.227+0000] {logging_mixin.py:188} INFO - [2025-10-13T19:55:24.227+0000] {dag.py:3834} INFO - Setting next_dagrun for weather_etl_v2 to 2025-10-12 22:00:00+00:00, run_after=2025-10-13 22:00:00+00:00
[2025-10-13T19:55:24.299+0000] {processor.py:183} INFO - Processing /opt/airflow/dags/weather_etl_v2.py took 0.280 seconds
