[2025-10-10T01:55:46.784+0000] {processor.py:161} INFO - Started process (PID=1143) to work on /opt/airflow/dags/Airflow/dags/extract_open_meteo_dag.py
[2025-10-10T01:55:46.806+0000] {processor.py:830} INFO - Processing file /opt/airflow/dags/Airflow/dags/extract_open_meteo_dag.py for tasks to queue
[2025-10-10T01:55:46.811+0000] {logging_mixin.py:188} INFO - [2025-10-10T01:55:46.810+0000] {dagbag.py:540} INFO - Filling up the DagBag from /opt/airflow/dags/Airflow/dags/extract_open_meteo_dag.py
[2025-10-10T01:55:47.015+0000] {processor.py:840} INFO - DAG(s) 'extract_open_meteo_v1' retrieved from /opt/airflow/dags/Airflow/dags/extract_open_meteo_dag.py
[2025-10-10T01:55:47.582+0000] {logging_mixin.py:188} INFO - [2025-10-10T01:55:47.582+0000] {dag.py:3047} INFO - Sync 1 DAGs
[2025-10-10T01:55:47.771+0000] {logging_mixin.py:188} INFO - [2025-10-10T01:55:47.770+0000] {dag.py:3834} INFO - Setting next_dagrun for extract_open_meteo_v1 to 2025-10-10 00:00:00+00:00, run_after=2025-10-11 00:00:00+00:00
[2025-10-10T01:55:47.958+0000] {processor.py:183} INFO - Processing /opt/airflow/dags/Airflow/dags/extract_open_meteo_dag.py took 1.194 seconds
[2025-10-10T06:58:01.495+0000] {processor.py:161} INFO - Started process (PID=1153) to work on /opt/airflow/dags/Airflow/dags/extract_open_meteo_dag.py
[2025-10-10T06:58:02.443+0000] {processor.py:830} INFO - Processing file /opt/airflow/dags/Airflow/dags/extract_open_meteo_dag.py for tasks to queue
[2025-10-10T06:58:02.602+0000] {logging_mixin.py:188} INFO - [2025-10-10T06:58:02.587+0000] {dagbag.py:540} INFO - Filling up the DagBag from /opt/airflow/dags/Airflow/dags/extract_open_meteo_dag.py
[2025-10-10T06:58:03.589+0000] {processor.py:840} INFO - DAG(s) 'extract_open_meteo_v1' retrieved from /opt/airflow/dags/Airflow/dags/extract_open_meteo_dag.py
[2025-10-10T06:58:04.702+0000] {logging_mixin.py:188} INFO - [2025-10-10T06:58:04.701+0000] {dag.py:3047} INFO - Sync 1 DAGs
[2025-10-10T06:58:05.121+0000] {logging_mixin.py:188} INFO - [2025-10-10T06:58:05.120+0000] {dag.py:3834} INFO - Setting next_dagrun for extract_open_meteo_v1 to 2025-10-10 00:00:00+00:00, run_after=2025-10-11 00:00:00+00:00
[2025-10-10T06:58:05.390+0000] {processor.py:183} INFO - Processing /opt/airflow/dags/Airflow/dags/extract_open_meteo_dag.py took 3.909 seconds
[2025-10-10T06:58:36.230+0000] {processor.py:161} INFO - Started process (PID=1158) to work on /opt/airflow/dags/Airflow/dags/extract_open_meteo_dag.py
[2025-10-10T06:58:36.232+0000] {processor.py:830} INFO - Processing file /opt/airflow/dags/Airflow/dags/extract_open_meteo_dag.py for tasks to queue
[2025-10-10T06:58:36.234+0000] {logging_mixin.py:188} INFO - [2025-10-10T06:58:36.233+0000] {dagbag.py:540} INFO - Filling up the DagBag from /opt/airflow/dags/Airflow/dags/extract_open_meteo_dag.py
[2025-10-10T06:58:36.401+0000] {processor.py:840} INFO - DAG(s) 'extract_open_meteo_v1' retrieved from /opt/airflow/dags/Airflow/dags/extract_open_meteo_dag.py
[2025-10-10T06:58:36.545+0000] {logging_mixin.py:188} INFO - [2025-10-10T06:58:36.545+0000] {dag.py:3047} INFO - Sync 1 DAGs
[2025-10-10T06:58:36.672+0000] {logging_mixin.py:188} INFO - [2025-10-10T06:58:36.672+0000] {dag.py:3834} INFO - Setting next_dagrun for extract_open_meteo_v1 to 2025-10-10 00:00:00+00:00, run_after=2025-10-11 00:00:00+00:00
[2025-10-10T06:58:36.759+0000] {processor.py:183} INFO - Processing /opt/airflow/dags/Airflow/dags/extract_open_meteo_dag.py took 0.536 seconds
[2025-10-10T06:59:07.504+0000] {processor.py:161} INFO - Started process (PID=1163) to work on /opt/airflow/dags/Airflow/dags/extract_open_meteo_dag.py
[2025-10-10T06:59:07.506+0000] {processor.py:830} INFO - Processing file /opt/airflow/dags/Airflow/dags/extract_open_meteo_dag.py for tasks to queue
[2025-10-10T06:59:07.507+0000] {logging_mixin.py:188} INFO - [2025-10-10T06:59:07.507+0000] {dagbag.py:540} INFO - Filling up the DagBag from /opt/airflow/dags/Airflow/dags/extract_open_meteo_dag.py
[2025-10-10T06:59:07.551+0000] {processor.py:840} INFO - DAG(s) 'extract_open_meteo_v1' retrieved from /opt/airflow/dags/Airflow/dags/extract_open_meteo_dag.py
[2025-10-10T06:59:07.623+0000] {logging_mixin.py:188} INFO - [2025-10-10T06:59:07.623+0000] {dag.py:3047} INFO - Sync 1 DAGs
[2025-10-10T06:59:07.816+0000] {logging_mixin.py:188} INFO - [2025-10-10T06:59:07.816+0000] {dag.py:3834} INFO - Setting next_dagrun for extract_open_meteo_v1 to 2025-10-10 00:00:00+00:00, run_after=2025-10-11 00:00:00+00:00
[2025-10-10T06:59:07.893+0000] {processor.py:183} INFO - Processing /opt/airflow/dags/Airflow/dags/extract_open_meteo_dag.py took 0.403 seconds
[2025-10-10T06:59:38.431+0000] {processor.py:161} INFO - Started process (PID=1168) to work on /opt/airflow/dags/Airflow/dags/extract_open_meteo_dag.py
[2025-10-10T06:59:38.433+0000] {processor.py:830} INFO - Processing file /opt/airflow/dags/Airflow/dags/extract_open_meteo_dag.py for tasks to queue
[2025-10-10T06:59:38.436+0000] {logging_mixin.py:188} INFO - [2025-10-10T06:59:38.435+0000] {dagbag.py:540} INFO - Filling up the DagBag from /opt/airflow/dags/Airflow/dags/extract_open_meteo_dag.py
[2025-10-10T06:59:38.526+0000] {processor.py:840} INFO - DAG(s) 'extract_open_meteo_v1' retrieved from /opt/airflow/dags/Airflow/dags/extract_open_meteo_dag.py
[2025-10-10T06:59:38.646+0000] {logging_mixin.py:188} INFO - [2025-10-10T06:59:38.645+0000] {dag.py:3047} INFO - Sync 1 DAGs
[2025-10-10T06:59:38.726+0000] {logging_mixin.py:188} INFO - [2025-10-10T06:59:38.726+0000] {dag.py:3834} INFO - Setting next_dagrun for extract_open_meteo_v1 to 2025-10-10 00:00:00+00:00, run_after=2025-10-11 00:00:00+00:00
[2025-10-10T06:59:38.813+0000] {processor.py:183} INFO - Processing /opt/airflow/dags/Airflow/dags/extract_open_meteo_dag.py took 0.388 seconds
[2025-10-10T07:00:09.236+0000] {processor.py:161} INFO - Started process (PID=1173) to work on /opt/airflow/dags/Airflow/dags/extract_open_meteo_dag.py
[2025-10-10T07:00:09.244+0000] {processor.py:830} INFO - Processing file /opt/airflow/dags/Airflow/dags/extract_open_meteo_dag.py for tasks to queue
[2025-10-10T07:00:09.251+0000] {logging_mixin.py:188} INFO - [2025-10-10T07:00:09.249+0000] {dagbag.py:540} INFO - Filling up the DagBag from /opt/airflow/dags/Airflow/dags/extract_open_meteo_dag.py
[2025-10-10T07:00:09.348+0000] {processor.py:840} INFO - DAG(s) 'extract_open_meteo_v1' retrieved from /opt/airflow/dags/Airflow/dags/extract_open_meteo_dag.py
[2025-10-10T07:00:09.511+0000] {logging_mixin.py:188} INFO - [2025-10-10T07:00:09.510+0000] {dag.py:3047} INFO - Sync 1 DAGs
[2025-10-10T07:00:09.620+0000] {logging_mixin.py:188} INFO - [2025-10-10T07:00:09.619+0000] {dag.py:3834} INFO - Setting next_dagrun for extract_open_meteo_v1 to 2025-10-10 00:00:00+00:00, run_after=2025-10-11 00:00:00+00:00
[2025-10-10T07:00:09.708+0000] {processor.py:183} INFO - Processing /opt/airflow/dags/Airflow/dags/extract_open_meteo_dag.py took 0.505 seconds
[2025-10-10T07:00:40.314+0000] {processor.py:161} INFO - Started process (PID=1178) to work on /opt/airflow/dags/Airflow/dags/extract_open_meteo_dag.py
[2025-10-10T07:00:40.321+0000] {processor.py:830} INFO - Processing file /opt/airflow/dags/Airflow/dags/extract_open_meteo_dag.py for tasks to queue
[2025-10-10T07:00:40.326+0000] {logging_mixin.py:188} INFO - [2025-10-10T07:00:40.325+0000] {dagbag.py:540} INFO - Filling up the DagBag from /opt/airflow/dags/Airflow/dags/extract_open_meteo_dag.py
[2025-10-10T07:00:40.492+0000] {processor.py:840} INFO - DAG(s) 'extract_open_meteo_v1' retrieved from /opt/airflow/dags/Airflow/dags/extract_open_meteo_dag.py
[2025-10-10T07:00:40.839+0000] {logging_mixin.py:188} INFO - [2025-10-10T07:00:40.839+0000] {dag.py:3047} INFO - Sync 1 DAGs
[2025-10-10T07:00:40.990+0000] {logging_mixin.py:188} INFO - [2025-10-10T07:00:40.990+0000] {dag.py:3834} INFO - Setting next_dagrun for extract_open_meteo_v1 to 2025-10-10 00:00:00+00:00, run_after=2025-10-11 00:00:00+00:00
[2025-10-10T07:00:41.120+0000] {processor.py:183} INFO - Processing /opt/airflow/dags/Airflow/dags/extract_open_meteo_dag.py took 0.822 seconds
[2025-10-10T07:01:11.779+0000] {processor.py:161} INFO - Started process (PID=1183) to work on /opt/airflow/dags/Airflow/dags/extract_open_meteo_dag.py
[2025-10-10T07:01:11.781+0000] {processor.py:830} INFO - Processing file /opt/airflow/dags/Airflow/dags/extract_open_meteo_dag.py for tasks to queue
[2025-10-10T07:01:11.783+0000] {logging_mixin.py:188} INFO - [2025-10-10T07:01:11.783+0000] {dagbag.py:540} INFO - Filling up the DagBag from /opt/airflow/dags/Airflow/dags/extract_open_meteo_dag.py
[2025-10-10T07:01:11.840+0000] {processor.py:840} INFO - DAG(s) 'extract_open_meteo_v1' retrieved from /opt/airflow/dags/Airflow/dags/extract_open_meteo_dag.py
[2025-10-10T07:01:11.937+0000] {logging_mixin.py:188} INFO - [2025-10-10T07:01:11.937+0000] {dag.py:3047} INFO - Sync 1 DAGs
[2025-10-10T07:01:12.016+0000] {logging_mixin.py:188} INFO - [2025-10-10T07:01:12.016+0000] {dag.py:3834} INFO - Setting next_dagrun for extract_open_meteo_v1 to 2025-10-10 00:00:00+00:00, run_after=2025-10-11 00:00:00+00:00
[2025-10-10T07:01:12.200+0000] {processor.py:183} INFO - Processing /opt/airflow/dags/Airflow/dags/extract_open_meteo_dag.py took 0.432 seconds
[2025-10-10T07:01:42.962+0000] {processor.py:161} INFO - Started process (PID=1188) to work on /opt/airflow/dags/Airflow/dags/extract_open_meteo_dag.py
[2025-10-10T07:01:42.964+0000] {processor.py:830} INFO - Processing file /opt/airflow/dags/Airflow/dags/extract_open_meteo_dag.py for tasks to queue
[2025-10-10T07:01:42.968+0000] {logging_mixin.py:188} INFO - [2025-10-10T07:01:42.967+0000] {dagbag.py:540} INFO - Filling up the DagBag from /opt/airflow/dags/Airflow/dags/extract_open_meteo_dag.py
[2025-10-10T07:01:43.060+0000] {processor.py:840} INFO - DAG(s) 'extract_open_meteo_v1' retrieved from /opt/airflow/dags/Airflow/dags/extract_open_meteo_dag.py
[2025-10-10T07:01:43.182+0000] {logging_mixin.py:188} INFO - [2025-10-10T07:01:43.181+0000] {dag.py:3047} INFO - Sync 1 DAGs
[2025-10-10T07:01:43.303+0000] {logging_mixin.py:188} INFO - [2025-10-10T07:01:43.303+0000] {dag.py:3834} INFO - Setting next_dagrun for extract_open_meteo_v1 to 2025-10-10 00:00:00+00:00, run_after=2025-10-11 00:00:00+00:00
[2025-10-10T07:01:43.396+0000] {processor.py:183} INFO - Processing /opt/airflow/dags/Airflow/dags/extract_open_meteo_dag.py took 0.447 seconds
[2025-10-10T07:02:13.793+0000] {processor.py:161} INFO - Started process (PID=1193) to work on /opt/airflow/dags/Airflow/dags/extract_open_meteo_dag.py
[2025-10-10T07:02:13.798+0000] {processor.py:830} INFO - Processing file /opt/airflow/dags/Airflow/dags/extract_open_meteo_dag.py for tasks to queue
[2025-10-10T07:02:13.814+0000] {logging_mixin.py:188} INFO - [2025-10-10T07:02:13.807+0000] {dagbag.py:540} INFO - Filling up the DagBag from /opt/airflow/dags/Airflow/dags/extract_open_meteo_dag.py
[2025-10-10T07:02:13.906+0000] {processor.py:840} INFO - DAG(s) 'extract_open_meteo_v1' retrieved from /opt/airflow/dags/Airflow/dags/extract_open_meteo_dag.py
[2025-10-10T07:02:14.004+0000] {logging_mixin.py:188} INFO - [2025-10-10T07:02:14.003+0000] {dag.py:3047} INFO - Sync 1 DAGs
[2025-10-10T07:02:14.097+0000] {logging_mixin.py:188} INFO - [2025-10-10T07:02:14.097+0000] {dag.py:3834} INFO - Setting next_dagrun for extract_open_meteo_v1 to 2025-10-10 00:00:00+00:00, run_after=2025-10-11 00:00:00+00:00
[2025-10-10T07:02:14.196+0000] {processor.py:183} INFO - Processing /opt/airflow/dags/Airflow/dags/extract_open_meteo_dag.py took 0.419 seconds
[2025-10-10T07:02:44.707+0000] {processor.py:161} INFO - Started process (PID=1198) to work on /opt/airflow/dags/Airflow/dags/extract_open_meteo_dag.py
[2025-10-10T07:02:44.710+0000] {processor.py:830} INFO - Processing file /opt/airflow/dags/Airflow/dags/extract_open_meteo_dag.py for tasks to queue
[2025-10-10T07:02:44.713+0000] {logging_mixin.py:188} INFO - [2025-10-10T07:02:44.712+0000] {dagbag.py:540} INFO - Filling up the DagBag from /opt/airflow/dags/Airflow/dags/extract_open_meteo_dag.py
[2025-10-10T07:02:44.785+0000] {processor.py:840} INFO - DAG(s) 'extract_open_meteo_v1' retrieved from /opt/airflow/dags/Airflow/dags/extract_open_meteo_dag.py
[2025-10-10T07:02:44.883+0000] {logging_mixin.py:188} INFO - [2025-10-10T07:02:44.882+0000] {dag.py:3047} INFO - Sync 1 DAGs
[2025-10-10T07:02:44.950+0000] {logging_mixin.py:188} INFO - [2025-10-10T07:02:44.949+0000] {dag.py:3834} INFO - Setting next_dagrun for extract_open_meteo_v1 to 2025-10-10 00:00:00+00:00, run_after=2025-10-11 00:00:00+00:00
[2025-10-10T07:02:45.036+0000] {processor.py:183} INFO - Processing /opt/airflow/dags/Airflow/dags/extract_open_meteo_dag.py took 0.351 seconds
[2025-10-10T07:03:15.181+0000] {processor.py:161} INFO - Started process (PID=1203) to work on /opt/airflow/dags/Airflow/dags/extract_open_meteo_dag.py
[2025-10-10T07:03:15.184+0000] {processor.py:830} INFO - Processing file /opt/airflow/dags/Airflow/dags/extract_open_meteo_dag.py for tasks to queue
[2025-10-10T07:03:15.187+0000] {logging_mixin.py:188} INFO - [2025-10-10T07:03:15.186+0000] {dagbag.py:540} INFO - Filling up the DagBag from /opt/airflow/dags/Airflow/dags/extract_open_meteo_dag.py
[2025-10-10T07:03:15.259+0000] {processor.py:840} INFO - DAG(s) 'extract_open_meteo_v1' retrieved from /opt/airflow/dags/Airflow/dags/extract_open_meteo_dag.py
[2025-10-10T07:03:15.358+0000] {logging_mixin.py:188} INFO - [2025-10-10T07:03:15.357+0000] {dag.py:3047} INFO - Sync 1 DAGs
[2025-10-10T07:03:15.433+0000] {logging_mixin.py:188} INFO - [2025-10-10T07:03:15.432+0000] {dag.py:3834} INFO - Setting next_dagrun for extract_open_meteo_v1 to 2025-10-10 00:00:00+00:00, run_after=2025-10-11 00:00:00+00:00
[2025-10-10T07:03:15.515+0000] {processor.py:183} INFO - Processing /opt/airflow/dags/Airflow/dags/extract_open_meteo_dag.py took 0.340 seconds
[2025-10-10T07:03:45.908+0000] {processor.py:161} INFO - Started process (PID=1208) to work on /opt/airflow/dags/Airflow/dags/extract_open_meteo_dag.py
[2025-10-10T07:03:45.909+0000] {processor.py:830} INFO - Processing file /opt/airflow/dags/Airflow/dags/extract_open_meteo_dag.py for tasks to queue
[2025-10-10T07:03:45.911+0000] {logging_mixin.py:188} INFO - [2025-10-10T07:03:45.911+0000] {dagbag.py:540} INFO - Filling up the DagBag from /opt/airflow/dags/Airflow/dags/extract_open_meteo_dag.py
[2025-10-10T07:03:45.972+0000] {processor.py:840} INFO - DAG(s) 'extract_open_meteo_v1' retrieved from /opt/airflow/dags/Airflow/dags/extract_open_meteo_dag.py
[2025-10-10T07:03:46.077+0000] {logging_mixin.py:188} INFO - [2025-10-10T07:03:46.076+0000] {dag.py:3047} INFO - Sync 1 DAGs
[2025-10-10T07:03:46.150+0000] {logging_mixin.py:188} INFO - [2025-10-10T07:03:46.149+0000] {dag.py:3834} INFO - Setting next_dagrun for extract_open_meteo_v1 to 2025-10-10 00:00:00+00:00, run_after=2025-10-11 00:00:00+00:00
[2025-10-10T07:03:46.231+0000] {processor.py:183} INFO - Processing /opt/airflow/dags/Airflow/dags/extract_open_meteo_dag.py took 0.327 seconds
[2025-10-10T07:04:16.671+0000] {processor.py:161} INFO - Started process (PID=1213) to work on /opt/airflow/dags/Airflow/dags/extract_open_meteo_dag.py
[2025-10-10T07:04:16.673+0000] {processor.py:830} INFO - Processing file /opt/airflow/dags/Airflow/dags/extract_open_meteo_dag.py for tasks to queue
[2025-10-10T07:04:16.675+0000] {logging_mixin.py:188} INFO - [2025-10-10T07:04:16.675+0000] {dagbag.py:540} INFO - Filling up the DagBag from /opt/airflow/dags/Airflow/dags/extract_open_meteo_dag.py
[2025-10-10T07:04:16.732+0000] {processor.py:840} INFO - DAG(s) 'extract_open_meteo_v1' retrieved from /opt/airflow/dags/Airflow/dags/extract_open_meteo_dag.py
[2025-10-10T07:04:16.821+0000] {logging_mixin.py:188} INFO - [2025-10-10T07:04:16.821+0000] {dag.py:3047} INFO - Sync 1 DAGs
[2025-10-10T07:04:16.908+0000] {logging_mixin.py:188} INFO - [2025-10-10T07:04:16.908+0000] {dag.py:3834} INFO - Setting next_dagrun for extract_open_meteo_v1 to 2025-10-10 00:00:00+00:00, run_after=2025-10-11 00:00:00+00:00
[2025-10-10T07:04:16.992+0000] {processor.py:183} INFO - Processing /opt/airflow/dags/Airflow/dags/extract_open_meteo_dag.py took 0.325 seconds
[2025-10-10T07:04:47.155+0000] {processor.py:161} INFO - Started process (PID=1218) to work on /opt/airflow/dags/Airflow/dags/extract_open_meteo_dag.py
[2025-10-10T07:04:47.158+0000] {processor.py:830} INFO - Processing file /opt/airflow/dags/Airflow/dags/extract_open_meteo_dag.py for tasks to queue
[2025-10-10T07:04:47.160+0000] {logging_mixin.py:188} INFO - [2025-10-10T07:04:47.159+0000] {dagbag.py:540} INFO - Filling up the DagBag from /opt/airflow/dags/Airflow/dags/extract_open_meteo_dag.py
[2025-10-10T07:04:47.243+0000] {processor.py:840} INFO - DAG(s) 'extract_open_meteo_v1' retrieved from /opt/airflow/dags/Airflow/dags/extract_open_meteo_dag.py
[2025-10-10T07:04:47.360+0000] {logging_mixin.py:188} INFO - [2025-10-10T07:04:47.359+0000] {dag.py:3047} INFO - Sync 1 DAGs
[2025-10-10T07:04:47.441+0000] {logging_mixin.py:188} INFO - [2025-10-10T07:04:47.441+0000] {dag.py:3834} INFO - Setting next_dagrun for extract_open_meteo_v1 to 2025-10-10 00:00:00+00:00, run_after=2025-10-11 00:00:00+00:00
[2025-10-10T07:04:47.532+0000] {processor.py:183} INFO - Processing /opt/airflow/dags/Airflow/dags/extract_open_meteo_dag.py took 0.387 seconds
[2025-10-10T07:05:18.011+0000] {processor.py:161} INFO - Started process (PID=1223) to work on /opt/airflow/dags/Airflow/dags/extract_open_meteo_dag.py
[2025-10-10T07:05:18.014+0000] {processor.py:830} INFO - Processing file /opt/airflow/dags/Airflow/dags/extract_open_meteo_dag.py for tasks to queue
[2025-10-10T07:05:18.017+0000] {logging_mixin.py:188} INFO - [2025-10-10T07:05:18.016+0000] {dagbag.py:540} INFO - Filling up the DagBag from /opt/airflow/dags/Airflow/dags/extract_open_meteo_dag.py
[2025-10-10T07:05:18.095+0000] {processor.py:840} INFO - DAG(s) 'extract_open_meteo_v1' retrieved from /opt/airflow/dags/Airflow/dags/extract_open_meteo_dag.py
[2025-10-10T07:05:18.193+0000] {logging_mixin.py:188} INFO - [2025-10-10T07:05:18.193+0000] {dag.py:3047} INFO - Sync 1 DAGs
[2025-10-10T07:05:18.272+0000] {logging_mixin.py:188} INFO - [2025-10-10T07:05:18.272+0000] {dag.py:3834} INFO - Setting next_dagrun for extract_open_meteo_v1 to 2025-10-10 00:00:00+00:00, run_after=2025-10-11 00:00:00+00:00
[2025-10-10T07:05:18.354+0000] {processor.py:183} INFO - Processing /opt/airflow/dags/Airflow/dags/extract_open_meteo_dag.py took 0.350 seconds
[2025-10-10T07:05:48.906+0000] {processor.py:161} INFO - Started process (PID=1228) to work on /opt/airflow/dags/Airflow/dags/extract_open_meteo_dag.py
[2025-10-10T07:05:48.909+0000] {processor.py:830} INFO - Processing file /opt/airflow/dags/Airflow/dags/extract_open_meteo_dag.py for tasks to queue
[2025-10-10T07:05:48.912+0000] {logging_mixin.py:188} INFO - [2025-10-10T07:05:48.911+0000] {dagbag.py:540} INFO - Filling up the DagBag from /opt/airflow/dags/Airflow/dags/extract_open_meteo_dag.py
[2025-10-10T07:05:48.964+0000] {processor.py:840} INFO - DAG(s) 'extract_open_meteo_v1' retrieved from /opt/airflow/dags/Airflow/dags/extract_open_meteo_dag.py
[2025-10-10T07:05:49.056+0000] {logging_mixin.py:188} INFO - [2025-10-10T07:05:49.056+0000] {dag.py:3047} INFO - Sync 1 DAGs
[2025-10-10T07:05:49.115+0000] {logging_mixin.py:188} INFO - [2025-10-10T07:05:49.115+0000] {dag.py:3834} INFO - Setting next_dagrun for extract_open_meteo_v1 to 2025-10-10 00:00:00+00:00, run_after=2025-10-11 00:00:00+00:00
[2025-10-10T07:05:49.191+0000] {processor.py:183} INFO - Processing /opt/airflow/dags/Airflow/dags/extract_open_meteo_dag.py took 0.291 seconds
[2025-10-10T07:06:19.328+0000] {processor.py:161} INFO - Started process (PID=1233) to work on /opt/airflow/dags/Airflow/dags/extract_open_meteo_dag.py
[2025-10-10T07:06:19.331+0000] {processor.py:830} INFO - Processing file /opt/airflow/dags/Airflow/dags/extract_open_meteo_dag.py for tasks to queue
[2025-10-10T07:06:19.333+0000] {logging_mixin.py:188} INFO - [2025-10-10T07:06:19.332+0000] {dagbag.py:540} INFO - Filling up the DagBag from /opt/airflow/dags/Airflow/dags/extract_open_meteo_dag.py
[2025-10-10T07:06:19.384+0000] {processor.py:840} INFO - DAG(s) 'extract_open_meteo_v1' retrieved from /opt/airflow/dags/Airflow/dags/extract_open_meteo_dag.py
[2025-10-10T07:06:19.465+0000] {logging_mixin.py:188} INFO - [2025-10-10T07:06:19.465+0000] {dag.py:3047} INFO - Sync 1 DAGs
[2025-10-10T07:06:19.522+0000] {logging_mixin.py:188} INFO - [2025-10-10T07:06:19.522+0000] {dag.py:3834} INFO - Setting next_dagrun for extract_open_meteo_v1 to 2025-10-10 00:00:00+00:00, run_after=2025-10-11 00:00:00+00:00
[2025-10-10T07:06:19.599+0000] {processor.py:183} INFO - Processing /opt/airflow/dags/Airflow/dags/extract_open_meteo_dag.py took 0.275 seconds
[2025-10-10T07:06:50.078+0000] {processor.py:161} INFO - Started process (PID=1238) to work on /opt/airflow/dags/Airflow/dags/extract_open_meteo_dag.py
[2025-10-10T07:06:50.081+0000] {processor.py:830} INFO - Processing file /opt/airflow/dags/Airflow/dags/extract_open_meteo_dag.py for tasks to queue
[2025-10-10T07:06:50.083+0000] {logging_mixin.py:188} INFO - [2025-10-10T07:06:50.083+0000] {dagbag.py:540} INFO - Filling up the DagBag from /opt/airflow/dags/Airflow/dags/extract_open_meteo_dag.py
[2025-10-10T07:06:50.138+0000] {processor.py:840} INFO - DAG(s) 'extract_open_meteo_v1' retrieved from /opt/airflow/dags/Airflow/dags/extract_open_meteo_dag.py
[2025-10-10T07:06:50.221+0000] {logging_mixin.py:188} INFO - [2025-10-10T07:06:50.220+0000] {dag.py:3047} INFO - Sync 1 DAGs
[2025-10-10T07:06:50.291+0000] {logging_mixin.py:188} INFO - [2025-10-10T07:06:50.290+0000] {dag.py:3834} INFO - Setting next_dagrun for extract_open_meteo_v1 to 2025-10-10 00:00:00+00:00, run_after=2025-10-11 00:00:00+00:00
[2025-10-10T07:06:50.368+0000] {processor.py:183} INFO - Processing /opt/airflow/dags/Airflow/dags/extract_open_meteo_dag.py took 0.294 seconds
[2025-10-10T07:07:20.470+0000] {processor.py:161} INFO - Started process (PID=1243) to work on /opt/airflow/dags/Airflow/dags/extract_open_meteo_dag.py
[2025-10-10T07:07:20.472+0000] {processor.py:830} INFO - Processing file /opt/airflow/dags/Airflow/dags/extract_open_meteo_dag.py for tasks to queue
[2025-10-10T07:07:20.475+0000] {logging_mixin.py:188} INFO - [2025-10-10T07:07:20.474+0000] {dagbag.py:540} INFO - Filling up the DagBag from /opt/airflow/dags/Airflow/dags/extract_open_meteo_dag.py
[2025-10-10T07:07:20.530+0000] {processor.py:840} INFO - DAG(s) 'extract_open_meteo_v1' retrieved from /opt/airflow/dags/Airflow/dags/extract_open_meteo_dag.py
[2025-10-10T07:07:20.623+0000] {logging_mixin.py:188} INFO - [2025-10-10T07:07:20.623+0000] {dag.py:3047} INFO - Sync 1 DAGs
[2025-10-10T07:07:20.686+0000] {logging_mixin.py:188} INFO - [2025-10-10T07:07:20.685+0000] {dag.py:3834} INFO - Setting next_dagrun for extract_open_meteo_v1 to 2025-10-10 00:00:00+00:00, run_after=2025-10-11 00:00:00+00:00
[2025-10-10T07:07:20.763+0000] {processor.py:183} INFO - Processing /opt/airflow/dags/Airflow/dags/extract_open_meteo_dag.py took 0.300 seconds
[2025-10-10T07:07:51.296+0000] {processor.py:161} INFO - Started process (PID=1248) to work on /opt/airflow/dags/Airflow/dags/extract_open_meteo_dag.py
[2025-10-10T07:07:51.299+0000] {processor.py:830} INFO - Processing file /opt/airflow/dags/Airflow/dags/extract_open_meteo_dag.py for tasks to queue
[2025-10-10T07:07:51.302+0000] {logging_mixin.py:188} INFO - [2025-10-10T07:07:51.301+0000] {dagbag.py:540} INFO - Filling up the DagBag from /opt/airflow/dags/Airflow/dags/extract_open_meteo_dag.py
[2025-10-10T07:07:51.365+0000] {processor.py:840} INFO - DAG(s) 'extract_open_meteo_v1' retrieved from /opt/airflow/dags/Airflow/dags/extract_open_meteo_dag.py
[2025-10-10T07:07:51.449+0000] {logging_mixin.py:188} INFO - [2025-10-10T07:07:51.448+0000] {dag.py:3047} INFO - Sync 1 DAGs
[2025-10-10T07:07:51.516+0000] {logging_mixin.py:188} INFO - [2025-10-10T07:07:51.516+0000] {dag.py:3834} INFO - Setting next_dagrun for extract_open_meteo_v1 to 2025-10-10 00:00:00+00:00, run_after=2025-10-11 00:00:00+00:00
[2025-10-10T07:07:51.592+0000] {processor.py:183} INFO - Processing /opt/airflow/dags/Airflow/dags/extract_open_meteo_dag.py took 0.301 seconds
[2025-10-10T07:08:21.865+0000] {processor.py:161} INFO - Started process (PID=1253) to work on /opt/airflow/dags/Airflow/dags/extract_open_meteo_dag.py
[2025-10-10T07:08:21.868+0000] {processor.py:830} INFO - Processing file /opt/airflow/dags/Airflow/dags/extract_open_meteo_dag.py for tasks to queue
[2025-10-10T07:08:21.871+0000] {logging_mixin.py:188} INFO - [2025-10-10T07:08:21.870+0000] {dagbag.py:540} INFO - Filling up the DagBag from /opt/airflow/dags/Airflow/dags/extract_open_meteo_dag.py
[2025-10-10T07:08:21.924+0000] {processor.py:840} INFO - DAG(s) 'extract_open_meteo_v1' retrieved from /opt/airflow/dags/Airflow/dags/extract_open_meteo_dag.py
[2025-10-10T07:08:22.007+0000] {logging_mixin.py:188} INFO - [2025-10-10T07:08:22.006+0000] {dag.py:3047} INFO - Sync 1 DAGs
[2025-10-10T07:08:22.068+0000] {logging_mixin.py:188} INFO - [2025-10-10T07:08:22.068+0000] {dag.py:3834} INFO - Setting next_dagrun for extract_open_meteo_v1 to 2025-10-10 00:00:00+00:00, run_after=2025-10-11 00:00:00+00:00
[2025-10-10T07:08:22.145+0000] {processor.py:183} INFO - Processing /opt/airflow/dags/Airflow/dags/extract_open_meteo_dag.py took 0.285 seconds
[2025-10-10T07:08:52.571+0000] {processor.py:161} INFO - Started process (PID=1258) to work on /opt/airflow/dags/Airflow/dags/extract_open_meteo_dag.py
[2025-10-10T07:08:52.576+0000] {processor.py:830} INFO - Processing file /opt/airflow/dags/Airflow/dags/extract_open_meteo_dag.py for tasks to queue
[2025-10-10T07:08:52.584+0000] {logging_mixin.py:188} INFO - [2025-10-10T07:08:52.582+0000] {dagbag.py:540} INFO - Filling up the DagBag from /opt/airflow/dags/Airflow/dags/extract_open_meteo_dag.py
[2025-10-10T07:08:52.814+0000] {processor.py:840} INFO - DAG(s) 'extract_open_meteo_v1' retrieved from /opt/airflow/dags/Airflow/dags/extract_open_meteo_dag.py
[2025-10-10T07:08:53.366+0000] {logging_mixin.py:188} INFO - [2025-10-10T07:08:53.362+0000] {dag.py:3047} INFO - Sync 1 DAGs
[2025-10-10T07:08:53.480+0000] {logging_mixin.py:188} INFO - [2025-10-10T07:08:53.479+0000] {dag.py:3834} INFO - Setting next_dagrun for extract_open_meteo_v1 to 2025-10-10 00:00:00+00:00, run_after=2025-10-11 00:00:00+00:00
[2025-10-10T07:08:53.632+0000] {processor.py:183} INFO - Processing /opt/airflow/dags/Airflow/dags/extract_open_meteo_dag.py took 1.066 seconds
[2025-10-10T07:09:24.111+0000] {processor.py:161} INFO - Started process (PID=1263) to work on /opt/airflow/dags/Airflow/dags/extract_open_meteo_dag.py
[2025-10-10T07:09:24.114+0000] {processor.py:830} INFO - Processing file /opt/airflow/dags/Airflow/dags/extract_open_meteo_dag.py for tasks to queue
[2025-10-10T07:09:24.117+0000] {logging_mixin.py:188} INFO - [2025-10-10T07:09:24.116+0000] {dagbag.py:540} INFO - Filling up the DagBag from /opt/airflow/dags/Airflow/dags/extract_open_meteo_dag.py
[2025-10-10T07:09:24.168+0000] {processor.py:840} INFO - DAG(s) 'extract_open_meteo_v1' retrieved from /opt/airflow/dags/Airflow/dags/extract_open_meteo_dag.py
[2025-10-10T07:09:24.244+0000] {logging_mixin.py:188} INFO - [2025-10-10T07:09:24.243+0000] {dag.py:3047} INFO - Sync 1 DAGs
[2025-10-10T07:09:24.298+0000] {logging_mixin.py:188} INFO - [2025-10-10T07:09:24.298+0000] {dag.py:3834} INFO - Setting next_dagrun for extract_open_meteo_v1 to 2025-10-10 00:00:00+00:00, run_after=2025-10-11 00:00:00+00:00
[2025-10-10T07:09:24.404+0000] {processor.py:183} INFO - Processing /opt/airflow/dags/Airflow/dags/extract_open_meteo_dag.py took 0.296 seconds
[2025-10-10T07:09:54.563+0000] {processor.py:161} INFO - Started process (PID=1268) to work on /opt/airflow/dags/Airflow/dags/extract_open_meteo_dag.py
[2025-10-10T07:09:54.565+0000] {processor.py:830} INFO - Processing file /opt/airflow/dags/Airflow/dags/extract_open_meteo_dag.py for tasks to queue
[2025-10-10T07:09:54.568+0000] {logging_mixin.py:188} INFO - [2025-10-10T07:09:54.567+0000] {dagbag.py:540} INFO - Filling up the DagBag from /opt/airflow/dags/Airflow/dags/extract_open_meteo_dag.py
[2025-10-10T07:09:54.648+0000] {processor.py:840} INFO - DAG(s) 'extract_open_meteo_v1' retrieved from /opt/airflow/dags/Airflow/dags/extract_open_meteo_dag.py
[2025-10-10T07:09:54.735+0000] {logging_mixin.py:188} INFO - [2025-10-10T07:09:54.735+0000] {dag.py:3047} INFO - Sync 1 DAGs
[2025-10-10T07:09:54.851+0000] {logging_mixin.py:188} INFO - [2025-10-10T07:09:54.851+0000] {dag.py:3834} INFO - Setting next_dagrun for extract_open_meteo_v1 to 2025-10-10 00:00:00+00:00, run_after=2025-10-11 00:00:00+00:00
[2025-10-10T07:09:54.920+0000] {processor.py:183} INFO - Processing /opt/airflow/dags/Airflow/dags/extract_open_meteo_dag.py took 0.366 seconds
[2025-10-10T07:10:25.321+0000] {processor.py:161} INFO - Started process (PID=1273) to work on /opt/airflow/dags/Airflow/dags/extract_open_meteo_dag.py
[2025-10-10T07:10:25.323+0000] {processor.py:830} INFO - Processing file /opt/airflow/dags/Airflow/dags/extract_open_meteo_dag.py for tasks to queue
[2025-10-10T07:10:25.325+0000] {logging_mixin.py:188} INFO - [2025-10-10T07:10:25.325+0000] {dagbag.py:540} INFO - Filling up the DagBag from /opt/airflow/dags/Airflow/dags/extract_open_meteo_dag.py
[2025-10-10T07:10:25.376+0000] {processor.py:840} INFO - DAG(s) 'extract_open_meteo_v1' retrieved from /opt/airflow/dags/Airflow/dags/extract_open_meteo_dag.py
[2025-10-10T07:10:25.468+0000] {logging_mixin.py:188} INFO - [2025-10-10T07:10:25.467+0000] {dag.py:3047} INFO - Sync 1 DAGs
[2025-10-10T07:10:25.565+0000] {logging_mixin.py:188} INFO - [2025-10-10T07:10:25.564+0000] {dag.py:3834} INFO - Setting next_dagrun for extract_open_meteo_v1 to 2025-10-10 00:00:00+00:00, run_after=2025-10-11 00:00:00+00:00
[2025-10-10T07:10:25.653+0000] {processor.py:183} INFO - Processing /opt/airflow/dags/Airflow/dags/extract_open_meteo_dag.py took 0.336 seconds
[2025-10-10T07:10:56.127+0000] {processor.py:161} INFO - Started process (PID=1278) to work on /opt/airflow/dags/Airflow/dags/extract_open_meteo_dag.py
[2025-10-10T07:10:56.129+0000] {processor.py:830} INFO - Processing file /opt/airflow/dags/Airflow/dags/extract_open_meteo_dag.py for tasks to queue
[2025-10-10T07:10:56.132+0000] {logging_mixin.py:188} INFO - [2025-10-10T07:10:56.131+0000] {dagbag.py:540} INFO - Filling up the DagBag from /opt/airflow/dags/Airflow/dags/extract_open_meteo_dag.py
[2025-10-10T07:10:56.191+0000] {processor.py:840} INFO - DAG(s) 'extract_open_meteo_v1' retrieved from /opt/airflow/dags/Airflow/dags/extract_open_meteo_dag.py
[2025-10-10T07:10:56.288+0000] {logging_mixin.py:188} INFO - [2025-10-10T07:10:56.288+0000] {dag.py:3047} INFO - Sync 1 DAGs
[2025-10-10T07:10:56.355+0000] {logging_mixin.py:188} INFO - [2025-10-10T07:10:56.355+0000] {dag.py:3834} INFO - Setting next_dagrun for extract_open_meteo_v1 to 2025-10-10 00:00:00+00:00, run_after=2025-10-11 00:00:00+00:00
[2025-10-10T07:10:56.445+0000] {processor.py:183} INFO - Processing /opt/airflow/dags/Airflow/dags/extract_open_meteo_dag.py took 0.323 seconds
[2025-10-10T07:11:26.928+0000] {processor.py:161} INFO - Started process (PID=1283) to work on /opt/airflow/dags/Airflow/dags/extract_open_meteo_dag.py
[2025-10-10T07:11:26.931+0000] {processor.py:830} INFO - Processing file /opt/airflow/dags/Airflow/dags/extract_open_meteo_dag.py for tasks to queue
[2025-10-10T07:11:26.934+0000] {logging_mixin.py:188} INFO - [2025-10-10T07:11:26.933+0000] {dagbag.py:540} INFO - Filling up the DagBag from /opt/airflow/dags/Airflow/dags/extract_open_meteo_dag.py
[2025-10-10T07:11:26.986+0000] {processor.py:840} INFO - DAG(s) 'extract_open_meteo_v1' retrieved from /opt/airflow/dags/Airflow/dags/extract_open_meteo_dag.py
[2025-10-10T07:11:27.069+0000] {logging_mixin.py:188} INFO - [2025-10-10T07:11:27.068+0000] {dag.py:3047} INFO - Sync 1 DAGs
[2025-10-10T07:11:27.144+0000] {logging_mixin.py:188} INFO - [2025-10-10T07:11:27.143+0000] {dag.py:3834} INFO - Setting next_dagrun for extract_open_meteo_v1 to 2025-10-10 00:00:00+00:00, run_after=2025-10-11 00:00:00+00:00
[2025-10-10T07:11:27.244+0000] {processor.py:183} INFO - Processing /opt/airflow/dags/Airflow/dags/extract_open_meteo_dag.py took 0.322 seconds
[2025-10-10T07:11:57.675+0000] {processor.py:161} INFO - Started process (PID=1288) to work on /opt/airflow/dags/Airflow/dags/extract_open_meteo_dag.py
[2025-10-10T07:11:57.676+0000] {processor.py:830} INFO - Processing file /opt/airflow/dags/Airflow/dags/extract_open_meteo_dag.py for tasks to queue
[2025-10-10T07:11:57.679+0000] {logging_mixin.py:188} INFO - [2025-10-10T07:11:57.678+0000] {dagbag.py:540} INFO - Filling up the DagBag from /opt/airflow/dags/Airflow/dags/extract_open_meteo_dag.py
[2025-10-10T07:11:57.725+0000] {processor.py:840} INFO - DAG(s) 'extract_open_meteo_v1' retrieved from /opt/airflow/dags/Airflow/dags/extract_open_meteo_dag.py
[2025-10-10T07:11:57.795+0000] {logging_mixin.py:188} INFO - [2025-10-10T07:11:57.795+0000] {dag.py:3047} INFO - Sync 1 DAGs
[2025-10-10T07:11:57.849+0000] {logging_mixin.py:188} INFO - [2025-10-10T07:11:57.849+0000] {dag.py:3834} INFO - Setting next_dagrun for extract_open_meteo_v1 to 2025-10-10 00:00:00+00:00, run_after=2025-10-11 00:00:00+00:00
[2025-10-10T07:11:57.912+0000] {processor.py:183} INFO - Processing /opt/airflow/dags/Airflow/dags/extract_open_meteo_dag.py took 0.241 seconds
[2025-10-10T07:12:28.071+0000] {processor.py:161} INFO - Started process (PID=1293) to work on /opt/airflow/dags/Airflow/dags/extract_open_meteo_dag.py
[2025-10-10T07:12:28.073+0000] {processor.py:830} INFO - Processing file /opt/airflow/dags/Airflow/dags/extract_open_meteo_dag.py for tasks to queue
[2025-10-10T07:12:28.075+0000] {logging_mixin.py:188} INFO - [2025-10-10T07:12:28.074+0000] {dagbag.py:540} INFO - Filling up the DagBag from /opt/airflow/dags/Airflow/dags/extract_open_meteo_dag.py
[2025-10-10T07:12:28.131+0000] {processor.py:840} INFO - DAG(s) 'extract_open_meteo_v1' retrieved from /opt/airflow/dags/Airflow/dags/extract_open_meteo_dag.py
[2025-10-10T07:12:28.220+0000] {logging_mixin.py:188} INFO - [2025-10-10T07:12:28.220+0000] {dag.py:3047} INFO - Sync 1 DAGs
[2025-10-10T07:12:28.285+0000] {logging_mixin.py:188} INFO - [2025-10-10T07:12:28.284+0000] {dag.py:3834} INFO - Setting next_dagrun for extract_open_meteo_v1 to 2025-10-10 00:00:00+00:00, run_after=2025-10-11 00:00:00+00:00
[2025-10-10T07:12:28.365+0000] {processor.py:183} INFO - Processing /opt/airflow/dags/Airflow/dags/extract_open_meteo_dag.py took 0.300 seconds
[2025-10-10T07:12:58.889+0000] {processor.py:161} INFO - Started process (PID=1298) to work on /opt/airflow/dags/Airflow/dags/extract_open_meteo_dag.py
[2025-10-10T07:12:58.891+0000] {processor.py:830} INFO - Processing file /opt/airflow/dags/Airflow/dags/extract_open_meteo_dag.py for tasks to queue
[2025-10-10T07:12:58.894+0000] {logging_mixin.py:188} INFO - [2025-10-10T07:12:58.893+0000] {dagbag.py:540} INFO - Filling up the DagBag from /opt/airflow/dags/Airflow/dags/extract_open_meteo_dag.py
[2025-10-10T07:12:58.975+0000] {processor.py:840} INFO - DAG(s) 'extract_open_meteo_v1' retrieved from /opt/airflow/dags/Airflow/dags/extract_open_meteo_dag.py
[2025-10-10T07:12:59.051+0000] {logging_mixin.py:188} INFO - [2025-10-10T07:12:59.051+0000] {dag.py:3047} INFO - Sync 1 DAGs
[2025-10-10T07:12:59.110+0000] {logging_mixin.py:188} INFO - [2025-10-10T07:12:59.110+0000] {dag.py:3834} INFO - Setting next_dagrun for extract_open_meteo_v1 to 2025-10-10 00:00:00+00:00, run_after=2025-10-11 00:00:00+00:00
[2025-10-10T07:12:59.186+0000] {processor.py:183} INFO - Processing /opt/airflow/dags/Airflow/dags/extract_open_meteo_dag.py took 0.302 seconds
[2025-10-10T07:13:29.337+0000] {processor.py:161} INFO - Started process (PID=1303) to work on /opt/airflow/dags/Airflow/dags/extract_open_meteo_dag.py
[2025-10-10T07:13:29.340+0000] {processor.py:830} INFO - Processing file /opt/airflow/dags/Airflow/dags/extract_open_meteo_dag.py for tasks to queue
[2025-10-10T07:13:29.342+0000] {logging_mixin.py:188} INFO - [2025-10-10T07:13:29.342+0000] {dagbag.py:540} INFO - Filling up the DagBag from /opt/airflow/dags/Airflow/dags/extract_open_meteo_dag.py
[2025-10-10T07:13:29.401+0000] {processor.py:840} INFO - DAG(s) 'extract_open_meteo_v1' retrieved from /opt/airflow/dags/Airflow/dags/extract_open_meteo_dag.py
[2025-10-10T07:13:29.493+0000] {logging_mixin.py:188} INFO - [2025-10-10T07:13:29.493+0000] {dag.py:3047} INFO - Sync 1 DAGs
[2025-10-10T07:13:29.571+0000] {logging_mixin.py:188} INFO - [2025-10-10T07:13:29.570+0000] {dag.py:3834} INFO - Setting next_dagrun for extract_open_meteo_v1 to 2025-10-10 00:00:00+00:00, run_after=2025-10-11 00:00:00+00:00
[2025-10-10T07:13:29.661+0000] {processor.py:183} INFO - Processing /opt/airflow/dags/Airflow/dags/extract_open_meteo_dag.py took 0.328 seconds
[2025-10-10T07:14:00.005+0000] {processor.py:161} INFO - Started process (PID=1308) to work on /opt/airflow/dags/Airflow/dags/extract_open_meteo_dag.py
[2025-10-10T07:14:00.008+0000] {processor.py:830} INFO - Processing file /opt/airflow/dags/Airflow/dags/extract_open_meteo_dag.py for tasks to queue
[2025-10-10T07:14:00.015+0000] {logging_mixin.py:188} INFO - [2025-10-10T07:14:00.014+0000] {dagbag.py:540} INFO - Filling up the DagBag from /opt/airflow/dags/Airflow/dags/extract_open_meteo_dag.py
[2025-10-10T07:14:00.069+0000] {processor.py:840} INFO - DAG(s) 'extract_open_meteo_v1' retrieved from /opt/airflow/dags/Airflow/dags/extract_open_meteo_dag.py
[2025-10-10T07:14:00.144+0000] {logging_mixin.py:188} INFO - [2025-10-10T07:14:00.144+0000] {dag.py:3047} INFO - Sync 1 DAGs
[2025-10-10T07:14:00.202+0000] {logging_mixin.py:188} INFO - [2025-10-10T07:14:00.202+0000] {dag.py:3834} INFO - Setting next_dagrun for extract_open_meteo_v1 to 2025-10-10 00:00:00+00:00, run_after=2025-10-11 00:00:00+00:00
[2025-10-10T07:14:00.271+0000] {processor.py:183} INFO - Processing /opt/airflow/dags/Airflow/dags/extract_open_meteo_dag.py took 0.272 seconds
[2025-10-10T07:14:30.533+0000] {processor.py:161} INFO - Started process (PID=1313) to work on /opt/airflow/dags/Airflow/dags/extract_open_meteo_dag.py
[2025-10-10T07:14:30.535+0000] {processor.py:830} INFO - Processing file /opt/airflow/dags/Airflow/dags/extract_open_meteo_dag.py for tasks to queue
[2025-10-10T07:14:30.538+0000] {logging_mixin.py:188} INFO - [2025-10-10T07:14:30.537+0000] {dagbag.py:540} INFO - Filling up the DagBag from /opt/airflow/dags/Airflow/dags/extract_open_meteo_dag.py
[2025-10-10T07:14:30.597+0000] {processor.py:840} INFO - DAG(s) 'extract_open_meteo_v1' retrieved from /opt/airflow/dags/Airflow/dags/extract_open_meteo_dag.py
[2025-10-10T07:14:30.673+0000] {logging_mixin.py:188} INFO - [2025-10-10T07:14:30.673+0000] {dag.py:3047} INFO - Sync 1 DAGs
[2025-10-10T07:14:30.730+0000] {logging_mixin.py:188} INFO - [2025-10-10T07:14:30.730+0000] {dag.py:3834} INFO - Setting next_dagrun for extract_open_meteo_v1 to 2025-10-10 00:00:00+00:00, run_after=2025-10-11 00:00:00+00:00
[2025-10-10T07:14:30.836+0000] {processor.py:183} INFO - Processing /opt/airflow/dags/Airflow/dags/extract_open_meteo_dag.py took 0.307 seconds
[2025-10-10T07:15:01.048+0000] {processor.py:161} INFO - Started process (PID=1318) to work on /opt/airflow/dags/Airflow/dags/extract_open_meteo_dag.py
[2025-10-10T07:15:01.049+0000] {processor.py:830} INFO - Processing file /opt/airflow/dags/Airflow/dags/extract_open_meteo_dag.py for tasks to queue
[2025-10-10T07:15:01.051+0000] {logging_mixin.py:188} INFO - [2025-10-10T07:15:01.050+0000] {dagbag.py:540} INFO - Filling up the DagBag from /opt/airflow/dags/Airflow/dags/extract_open_meteo_dag.py
[2025-10-10T07:15:01.109+0000] {processor.py:840} INFO - DAG(s) 'extract_open_meteo_v1' retrieved from /opt/airflow/dags/Airflow/dags/extract_open_meteo_dag.py
[2025-10-10T07:15:01.322+0000] {logging_mixin.py:188} INFO - [2025-10-10T07:15:01.322+0000] {dag.py:3047} INFO - Sync 1 DAGs
[2025-10-10T07:15:01.591+0000] {logging_mixin.py:188} INFO - [2025-10-10T07:15:01.591+0000] {dag.py:3834} INFO - Setting next_dagrun for extract_open_meteo_v1 to 2025-10-10 00:00:00+00:00, run_after=2025-10-11 00:00:00+00:00
[2025-10-10T07:15:01.754+0000] {processor.py:183} INFO - Processing /opt/airflow/dags/Airflow/dags/extract_open_meteo_dag.py took 0.712 seconds
[2025-10-10T07:15:32.205+0000] {processor.py:161} INFO - Started process (PID=1323) to work on /opt/airflow/dags/Airflow/dags/extract_open_meteo_dag.py
[2025-10-10T07:15:32.207+0000] {processor.py:830} INFO - Processing file /opt/airflow/dags/Airflow/dags/extract_open_meteo_dag.py for tasks to queue
[2025-10-10T07:15:32.210+0000] {logging_mixin.py:188} INFO - [2025-10-10T07:15:32.209+0000] {dagbag.py:540} INFO - Filling up the DagBag from /opt/airflow/dags/Airflow/dags/extract_open_meteo_dag.py
[2025-10-10T07:15:32.258+0000] {processor.py:840} INFO - DAG(s) 'extract_open_meteo_v1' retrieved from /opt/airflow/dags/Airflow/dags/extract_open_meteo_dag.py
[2025-10-10T07:15:32.340+0000] {logging_mixin.py:188} INFO - [2025-10-10T07:15:32.339+0000] {dag.py:3047} INFO - Sync 1 DAGs
[2025-10-10T07:15:32.400+0000] {logging_mixin.py:188} INFO - [2025-10-10T07:15:32.399+0000] {dag.py:3834} INFO - Setting next_dagrun for extract_open_meteo_v1 to 2025-10-10 00:00:00+00:00, run_after=2025-10-11 00:00:00+00:00
[2025-10-10T07:15:32.486+0000] {processor.py:183} INFO - Processing /opt/airflow/dags/Airflow/dags/extract_open_meteo_dag.py took 0.286 seconds
[2025-10-10T07:16:02.598+0000] {processor.py:161} INFO - Started process (PID=1328) to work on /opt/airflow/dags/Airflow/dags/extract_open_meteo_dag.py
[2025-10-10T07:16:02.600+0000] {processor.py:830} INFO - Processing file /opt/airflow/dags/Airflow/dags/extract_open_meteo_dag.py for tasks to queue
[2025-10-10T07:16:02.602+0000] {logging_mixin.py:188} INFO - [2025-10-10T07:16:02.602+0000] {dagbag.py:540} INFO - Filling up the DagBag from /opt/airflow/dags/Airflow/dags/extract_open_meteo_dag.py
[2025-10-10T07:16:02.648+0000] {processor.py:840} INFO - DAG(s) 'extract_open_meteo_v1' retrieved from /opt/airflow/dags/Airflow/dags/extract_open_meteo_dag.py
[2025-10-10T07:16:02.724+0000] {logging_mixin.py:188} INFO - [2025-10-10T07:16:02.723+0000] {dag.py:3047} INFO - Sync 1 DAGs
[2025-10-10T07:16:02.812+0000] {logging_mixin.py:188} INFO - [2025-10-10T07:16:02.812+0000] {dag.py:3834} INFO - Setting next_dagrun for extract_open_meteo_v1 to 2025-10-10 00:00:00+00:00, run_after=2025-10-11 00:00:00+00:00
[2025-10-10T07:16:02.966+0000] {processor.py:183} INFO - Processing /opt/airflow/dags/Airflow/dags/extract_open_meteo_dag.py took 0.372 seconds
[2025-10-10T07:16:33.292+0000] {processor.py:161} INFO - Started process (PID=1333) to work on /opt/airflow/dags/Airflow/dags/extract_open_meteo_dag.py
[2025-10-10T07:16:33.301+0000] {processor.py:830} INFO - Processing file /opt/airflow/dags/Airflow/dags/extract_open_meteo_dag.py for tasks to queue
[2025-10-10T07:16:33.311+0000] {logging_mixin.py:188} INFO - [2025-10-10T07:16:33.310+0000] {dagbag.py:540} INFO - Filling up the DagBag from /opt/airflow/dags/Airflow/dags/extract_open_meteo_dag.py
[2025-10-10T07:16:33.533+0000] {processor.py:840} INFO - DAG(s) 'extract_open_meteo_v1' retrieved from /opt/airflow/dags/Airflow/dags/extract_open_meteo_dag.py
[2025-10-10T07:16:33.655+0000] {logging_mixin.py:188} INFO - [2025-10-10T07:16:33.655+0000] {dag.py:3047} INFO - Sync 1 DAGs
[2025-10-10T07:16:33.715+0000] {logging_mixin.py:188} INFO - [2025-10-10T07:16:33.715+0000] {dag.py:3834} INFO - Setting next_dagrun for extract_open_meteo_v1 to 2025-10-10 00:00:00+00:00, run_after=2025-10-11 00:00:00+00:00
[2025-10-10T07:16:33.797+0000] {processor.py:183} INFO - Processing /opt/airflow/dags/Airflow/dags/extract_open_meteo_dag.py took 0.520 seconds
[2025-10-10T07:17:04.200+0000] {processor.py:161} INFO - Started process (PID=1338) to work on /opt/airflow/dags/Airflow/dags/extract_open_meteo_dag.py
[2025-10-10T07:17:04.203+0000] {processor.py:830} INFO - Processing file /opt/airflow/dags/Airflow/dags/extract_open_meteo_dag.py for tasks to queue
[2025-10-10T07:17:04.205+0000] {logging_mixin.py:188} INFO - [2025-10-10T07:17:04.204+0000] {dagbag.py:540} INFO - Filling up the DagBag from /opt/airflow/dags/Airflow/dags/extract_open_meteo_dag.py
[2025-10-10T07:17:04.268+0000] {processor.py:840} INFO - DAG(s) 'extract_open_meteo_v1' retrieved from /opt/airflow/dags/Airflow/dags/extract_open_meteo_dag.py
[2025-10-10T07:17:04.345+0000] {logging_mixin.py:188} INFO - [2025-10-10T07:17:04.345+0000] {dag.py:3047} INFO - Sync 1 DAGs
[2025-10-10T07:17:04.407+0000] {logging_mixin.py:188} INFO - [2025-10-10T07:17:04.406+0000] {dag.py:3834} INFO - Setting next_dagrun for extract_open_meteo_v1 to 2025-10-10 00:00:00+00:00, run_after=2025-10-11 00:00:00+00:00
[2025-10-10T07:17:04.472+0000] {processor.py:183} INFO - Processing /opt/airflow/dags/Airflow/dags/extract_open_meteo_dag.py took 0.275 seconds
[2025-10-10T07:17:34.823+0000] {processor.py:161} INFO - Started process (PID=1343) to work on /opt/airflow/dags/Airflow/dags/extract_open_meteo_dag.py
[2025-10-10T07:17:34.825+0000] {processor.py:830} INFO - Processing file /opt/airflow/dags/Airflow/dags/extract_open_meteo_dag.py for tasks to queue
[2025-10-10T07:17:34.827+0000] {logging_mixin.py:188} INFO - [2025-10-10T07:17:34.826+0000] {dagbag.py:540} INFO - Filling up the DagBag from /opt/airflow/dags/Airflow/dags/extract_open_meteo_dag.py
[2025-10-10T07:17:34.874+0000] {processor.py:840} INFO - DAG(s) 'extract_open_meteo_v1' retrieved from /opt/airflow/dags/Airflow/dags/extract_open_meteo_dag.py
[2025-10-10T07:17:34.956+0000] {logging_mixin.py:188} INFO - [2025-10-10T07:17:34.956+0000] {dag.py:3047} INFO - Sync 1 DAGs
[2025-10-10T07:17:35.008+0000] {logging_mixin.py:188} INFO - [2025-10-10T07:17:35.008+0000] {dag.py:3834} INFO - Setting next_dagrun for extract_open_meteo_v1 to 2025-10-10 00:00:00+00:00, run_after=2025-10-11 00:00:00+00:00
[2025-10-10T07:17:35.086+0000] {processor.py:183} INFO - Processing /opt/airflow/dags/Airflow/dags/extract_open_meteo_dag.py took 0.267 seconds
[2025-10-10T07:18:05.299+0000] {processor.py:161} INFO - Started process (PID=1348) to work on /opt/airflow/dags/Airflow/dags/extract_open_meteo_dag.py
[2025-10-10T07:18:05.301+0000] {processor.py:830} INFO - Processing file /opt/airflow/dags/Airflow/dags/extract_open_meteo_dag.py for tasks to queue
[2025-10-10T07:18:05.304+0000] {logging_mixin.py:188} INFO - [2025-10-10T07:18:05.303+0000] {dagbag.py:540} INFO - Filling up the DagBag from /opt/airflow/dags/Airflow/dags/extract_open_meteo_dag.py
[2025-10-10T07:18:05.352+0000] {processor.py:840} INFO - DAG(s) 'extract_open_meteo_v1' retrieved from /opt/airflow/dags/Airflow/dags/extract_open_meteo_dag.py
[2025-10-10T07:18:05.449+0000] {logging_mixin.py:188} INFO - [2025-10-10T07:18:05.448+0000] {dag.py:3047} INFO - Sync 1 DAGs
[2025-10-10T07:18:05.503+0000] {logging_mixin.py:188} INFO - [2025-10-10T07:18:05.503+0000] {dag.py:3834} INFO - Setting next_dagrun for extract_open_meteo_v1 to 2025-10-10 00:00:00+00:00, run_after=2025-10-11 00:00:00+00:00
[2025-10-10T07:18:05.582+0000] {processor.py:183} INFO - Processing /opt/airflow/dags/Airflow/dags/extract_open_meteo_dag.py took 0.289 seconds
[2025-10-10T07:18:35.866+0000] {processor.py:161} INFO - Started process (PID=1353) to work on /opt/airflow/dags/Airflow/dags/extract_open_meteo_dag.py
[2025-10-10T07:18:35.867+0000] {processor.py:830} INFO - Processing file /opt/airflow/dags/Airflow/dags/extract_open_meteo_dag.py for tasks to queue
[2025-10-10T07:18:35.869+0000] {logging_mixin.py:188} INFO - [2025-10-10T07:18:35.868+0000] {dagbag.py:540} INFO - Filling up the DagBag from /opt/airflow/dags/Airflow/dags/extract_open_meteo_dag.py
[2025-10-10T07:18:35.914+0000] {processor.py:840} INFO - DAG(s) 'extract_open_meteo_v1' retrieved from /opt/airflow/dags/Airflow/dags/extract_open_meteo_dag.py
[2025-10-10T07:18:35.988+0000] {logging_mixin.py:188} INFO - [2025-10-10T07:18:35.987+0000] {dag.py:3047} INFO - Sync 1 DAGs
[2025-10-10T07:18:36.058+0000] {logging_mixin.py:188} INFO - [2025-10-10T07:18:36.057+0000] {dag.py:3834} INFO - Setting next_dagrun for extract_open_meteo_v1 to 2025-10-10 00:00:00+00:00, run_after=2025-10-11 00:00:00+00:00
[2025-10-10T07:18:36.137+0000] {processor.py:183} INFO - Processing /opt/airflow/dags/Airflow/dags/extract_open_meteo_dag.py took 0.277 seconds
[2025-10-10T07:19:06.255+0000] {processor.py:161} INFO - Started process (PID=1358) to work on /opt/airflow/dags/Airflow/dags/extract_open_meteo_dag.py
[2025-10-10T07:19:06.257+0000] {processor.py:830} INFO - Processing file /opt/airflow/dags/Airflow/dags/extract_open_meteo_dag.py for tasks to queue
[2025-10-10T07:19:06.259+0000] {logging_mixin.py:188} INFO - [2025-10-10T07:19:06.259+0000] {dagbag.py:540} INFO - Filling up the DagBag from /opt/airflow/dags/Airflow/dags/extract_open_meteo_dag.py
[2025-10-10T07:19:06.307+0000] {processor.py:840} INFO - DAG(s) 'extract_open_meteo_v1' retrieved from /opt/airflow/dags/Airflow/dags/extract_open_meteo_dag.py
[2025-10-10T07:19:06.395+0000] {logging_mixin.py:188} INFO - [2025-10-10T07:19:06.395+0000] {dag.py:3047} INFO - Sync 1 DAGs
[2025-10-10T07:19:06.449+0000] {logging_mixin.py:188} INFO - [2025-10-10T07:19:06.449+0000] {dag.py:3834} INFO - Setting next_dagrun for extract_open_meteo_v1 to 2025-10-10 00:00:00+00:00, run_after=2025-10-11 00:00:00+00:00
[2025-10-10T07:19:06.521+0000] {processor.py:183} INFO - Processing /opt/airflow/dags/Airflow/dags/extract_open_meteo_dag.py took 0.271 seconds
[2025-10-10T07:19:36.884+0000] {processor.py:161} INFO - Started process (PID=1363) to work on /opt/airflow/dags/Airflow/dags/extract_open_meteo_dag.py
[2025-10-10T07:19:36.886+0000] {processor.py:830} INFO - Processing file /opt/airflow/dags/Airflow/dags/extract_open_meteo_dag.py for tasks to queue
[2025-10-10T07:19:36.889+0000] {logging_mixin.py:188} INFO - [2025-10-10T07:19:36.888+0000] {dagbag.py:540} INFO - Filling up the DagBag from /opt/airflow/dags/Airflow/dags/extract_open_meteo_dag.py
[2025-10-10T07:19:36.962+0000] {processor.py:840} INFO - DAG(s) 'extract_open_meteo_v1' retrieved from /opt/airflow/dags/Airflow/dags/extract_open_meteo_dag.py
[2025-10-10T07:19:37.062+0000] {logging_mixin.py:188} INFO - [2025-10-10T07:19:37.062+0000] {dag.py:3047} INFO - Sync 1 DAGs
[2025-10-10T07:19:37.128+0000] {logging_mixin.py:188} INFO - [2025-10-10T07:19:37.128+0000] {dag.py:3834} INFO - Setting next_dagrun for extract_open_meteo_v1 to 2025-10-10 00:00:00+00:00, run_after=2025-10-11 00:00:00+00:00
[2025-10-10T07:19:37.219+0000] {processor.py:183} INFO - Processing /opt/airflow/dags/Airflow/dags/extract_open_meteo_dag.py took 0.341 seconds
[2025-10-10T07:20:07.772+0000] {processor.py:161} INFO - Started process (PID=1368) to work on /opt/airflow/dags/Airflow/dags/extract_open_meteo_dag.py
[2025-10-10T07:20:07.774+0000] {processor.py:830} INFO - Processing file /opt/airflow/dags/Airflow/dags/extract_open_meteo_dag.py for tasks to queue
[2025-10-10T07:20:07.777+0000] {logging_mixin.py:188} INFO - [2025-10-10T07:20:07.776+0000] {dagbag.py:540} INFO - Filling up the DagBag from /opt/airflow/dags/Airflow/dags/extract_open_meteo_dag.py
[2025-10-10T07:20:07.829+0000] {processor.py:840} INFO - DAG(s) 'extract_open_meteo_v1' retrieved from /opt/airflow/dags/Airflow/dags/extract_open_meteo_dag.py
[2025-10-10T07:20:07.971+0000] {logging_mixin.py:188} INFO - [2025-10-10T07:20:07.970+0000] {dag.py:3047} INFO - Sync 1 DAGs
[2025-10-10T07:20:08.066+0000] {logging_mixin.py:188} INFO - [2025-10-10T07:20:08.065+0000] {dag.py:3834} INFO - Setting next_dagrun for extract_open_meteo_v1 to 2025-10-10 00:00:00+00:00, run_after=2025-10-11 00:00:00+00:00
[2025-10-10T07:20:08.167+0000] {processor.py:183} INFO - Processing /opt/airflow/dags/Airflow/dags/extract_open_meteo_dag.py took 0.400 seconds
[2025-10-10T07:20:38.647+0000] {processor.py:161} INFO - Started process (PID=1373) to work on /opt/airflow/dags/Airflow/dags/extract_open_meteo_dag.py
[2025-10-10T07:20:38.649+0000] {processor.py:830} INFO - Processing file /opt/airflow/dags/Airflow/dags/extract_open_meteo_dag.py for tasks to queue
[2025-10-10T07:20:38.652+0000] {logging_mixin.py:188} INFO - [2025-10-10T07:20:38.651+0000] {dagbag.py:540} INFO - Filling up the DagBag from /opt/airflow/dags/Airflow/dags/extract_open_meteo_dag.py
[2025-10-10T07:20:38.707+0000] {processor.py:840} INFO - DAG(s) 'extract_open_meteo_v1' retrieved from /opt/airflow/dags/Airflow/dags/extract_open_meteo_dag.py
[2025-10-10T07:20:38.828+0000] {logging_mixin.py:188} INFO - [2025-10-10T07:20:38.827+0000] {dag.py:3047} INFO - Sync 1 DAGs
[2025-10-10T07:20:39.034+0000] {logging_mixin.py:188} INFO - [2025-10-10T07:20:39.034+0000] {dag.py:3834} INFO - Setting next_dagrun for extract_open_meteo_v1 to 2025-10-10 00:00:00+00:00, run_after=2025-10-11 00:00:00+00:00
[2025-10-10T07:20:39.177+0000] {processor.py:183} INFO - Processing /opt/airflow/dags/Airflow/dags/extract_open_meteo_dag.py took 0.535 seconds
[2025-10-10T07:21:09.700+0000] {processor.py:161} INFO - Started process (PID=1378) to work on /opt/airflow/dags/Airflow/dags/extract_open_meteo_dag.py
[2025-10-10T07:21:09.702+0000] {processor.py:830} INFO - Processing file /opt/airflow/dags/Airflow/dags/extract_open_meteo_dag.py for tasks to queue
[2025-10-10T07:21:09.704+0000] {logging_mixin.py:188} INFO - [2025-10-10T07:21:09.704+0000] {dagbag.py:540} INFO - Filling up the DagBag from /opt/airflow/dags/Airflow/dags/extract_open_meteo_dag.py
[2025-10-10T07:21:09.759+0000] {processor.py:840} INFO - DAG(s) 'extract_open_meteo_v1' retrieved from /opt/airflow/dags/Airflow/dags/extract_open_meteo_dag.py
[2025-10-10T07:21:09.849+0000] {logging_mixin.py:188} INFO - [2025-10-10T07:21:09.848+0000] {dag.py:3047} INFO - Sync 1 DAGs
[2025-10-10T07:21:09.915+0000] {logging_mixin.py:188} INFO - [2025-10-10T07:21:09.914+0000] {dag.py:3834} INFO - Setting next_dagrun for extract_open_meteo_v1 to 2025-10-10 00:00:00+00:00, run_after=2025-10-11 00:00:00+00:00
[2025-10-10T07:21:09.989+0000] {processor.py:183} INFO - Processing /opt/airflow/dags/Airflow/dags/extract_open_meteo_dag.py took 0.295 seconds
[2025-10-10T07:21:40.476+0000] {processor.py:161} INFO - Started process (PID=1383) to work on /opt/airflow/dags/Airflow/dags/extract_open_meteo_dag.py
[2025-10-10T07:21:40.478+0000] {processor.py:830} INFO - Processing file /opt/airflow/dags/Airflow/dags/extract_open_meteo_dag.py for tasks to queue
[2025-10-10T07:21:40.481+0000] {logging_mixin.py:188} INFO - [2025-10-10T07:21:40.480+0000] {dagbag.py:540} INFO - Filling up the DagBag from /opt/airflow/dags/Airflow/dags/extract_open_meteo_dag.py
[2025-10-10T07:21:40.539+0000] {processor.py:840} INFO - DAG(s) 'extract_open_meteo_v1' retrieved from /opt/airflow/dags/Airflow/dags/extract_open_meteo_dag.py
[2025-10-10T07:21:40.630+0000] {logging_mixin.py:188} INFO - [2025-10-10T07:21:40.629+0000] {dag.py:3047} INFO - Sync 1 DAGs
[2025-10-10T07:21:40.734+0000] {logging_mixin.py:188} INFO - [2025-10-10T07:21:40.734+0000] {dag.py:3834} INFO - Setting next_dagrun for extract_open_meteo_v1 to 2025-10-10 00:00:00+00:00, run_after=2025-10-11 00:00:00+00:00
[2025-10-10T07:21:40.877+0000] {processor.py:183} INFO - Processing /opt/airflow/dags/Airflow/dags/extract_open_meteo_dag.py took 0.406 seconds
[2025-10-10T07:22:11.378+0000] {processor.py:161} INFO - Started process (PID=1388) to work on /opt/airflow/dags/Airflow/dags/extract_open_meteo_dag.py
[2025-10-10T07:22:11.380+0000] {processor.py:830} INFO - Processing file /opt/airflow/dags/Airflow/dags/extract_open_meteo_dag.py for tasks to queue
[2025-10-10T07:22:11.383+0000] {logging_mixin.py:188} INFO - [2025-10-10T07:22:11.382+0000] {dagbag.py:540} INFO - Filling up the DagBag from /opt/airflow/dags/Airflow/dags/extract_open_meteo_dag.py
[2025-10-10T07:22:11.437+0000] {processor.py:840} INFO - DAG(s) 'extract_open_meteo_v1' retrieved from /opt/airflow/dags/Airflow/dags/extract_open_meteo_dag.py
[2025-10-10T07:22:11.528+0000] {logging_mixin.py:188} INFO - [2025-10-10T07:22:11.527+0000] {dag.py:3047} INFO - Sync 1 DAGs
[2025-10-10T07:22:11.628+0000] {logging_mixin.py:188} INFO - [2025-10-10T07:22:11.627+0000] {dag.py:3834} INFO - Setting next_dagrun for extract_open_meteo_v1 to 2025-10-10 00:00:00+00:00, run_after=2025-10-11 00:00:00+00:00
[2025-10-10T07:22:11.717+0000] {processor.py:183} INFO - Processing /opt/airflow/dags/Airflow/dags/extract_open_meteo_dag.py took 0.345 seconds
[2025-10-10T07:22:42.145+0000] {processor.py:161} INFO - Started process (PID=1393) to work on /opt/airflow/dags/Airflow/dags/extract_open_meteo_dag.py
[2025-10-10T07:22:42.147+0000] {processor.py:830} INFO - Processing file /opt/airflow/dags/Airflow/dags/extract_open_meteo_dag.py for tasks to queue
[2025-10-10T07:22:42.149+0000] {logging_mixin.py:188} INFO - [2025-10-10T07:22:42.149+0000] {dagbag.py:540} INFO - Filling up the DagBag from /opt/airflow/dags/Airflow/dags/extract_open_meteo_dag.py
[2025-10-10T07:22:42.198+0000] {processor.py:840} INFO - DAG(s) 'extract_open_meteo_v1' retrieved from /opt/airflow/dags/Airflow/dags/extract_open_meteo_dag.py
[2025-10-10T07:22:42.283+0000] {logging_mixin.py:188} INFO - [2025-10-10T07:22:42.282+0000] {dag.py:3047} INFO - Sync 1 DAGs
[2025-10-10T07:22:42.342+0000] {logging_mixin.py:188} INFO - [2025-10-10T07:22:42.342+0000] {dag.py:3834} INFO - Setting next_dagrun for extract_open_meteo_v1 to 2025-10-10 00:00:00+00:00, run_after=2025-10-11 00:00:00+00:00
[2025-10-10T07:22:42.423+0000] {processor.py:183} INFO - Processing /opt/airflow/dags/Airflow/dags/extract_open_meteo_dag.py took 0.283 seconds
[2025-10-10T07:23:12.657+0000] {processor.py:161} INFO - Started process (PID=1398) to work on /opt/airflow/dags/Airflow/dags/extract_open_meteo_dag.py
[2025-10-10T07:23:12.660+0000] {processor.py:830} INFO - Processing file /opt/airflow/dags/Airflow/dags/extract_open_meteo_dag.py for tasks to queue
[2025-10-10T07:23:12.663+0000] {logging_mixin.py:188} INFO - [2025-10-10T07:23:12.662+0000] {dagbag.py:540} INFO - Filling up the DagBag from /opt/airflow/dags/Airflow/dags/extract_open_meteo_dag.py
[2025-10-10T07:23:12.719+0000] {processor.py:840} INFO - DAG(s) 'extract_open_meteo_v1' retrieved from /opt/airflow/dags/Airflow/dags/extract_open_meteo_dag.py
[2025-10-10T07:23:12.818+0000] {logging_mixin.py:188} INFO - [2025-10-10T07:23:12.817+0000] {dag.py:3047} INFO - Sync 1 DAGs
[2025-10-10T07:23:12.899+0000] {logging_mixin.py:188} INFO - [2025-10-10T07:23:12.898+0000] {dag.py:3834} INFO - Setting next_dagrun for extract_open_meteo_v1 to 2025-10-10 00:00:00+00:00, run_after=2025-10-11 00:00:00+00:00
[2025-10-10T07:23:12.979+0000] {processor.py:183} INFO - Processing /opt/airflow/dags/Airflow/dags/extract_open_meteo_dag.py took 0.328 seconds
[2025-10-10T07:23:43.397+0000] {processor.py:161} INFO - Started process (PID=1403) to work on /opt/airflow/dags/Airflow/dags/extract_open_meteo_dag.py
[2025-10-10T07:23:43.401+0000] {processor.py:830} INFO - Processing file /opt/airflow/dags/Airflow/dags/extract_open_meteo_dag.py for tasks to queue
[2025-10-10T07:23:43.404+0000] {logging_mixin.py:188} INFO - [2025-10-10T07:23:43.403+0000] {dagbag.py:540} INFO - Filling up the DagBag from /opt/airflow/dags/Airflow/dags/extract_open_meteo_dag.py
[2025-10-10T07:23:43.677+0000] {processor.py:840} INFO - DAG(s) 'extract_open_meteo_v1' retrieved from /opt/airflow/dags/Airflow/dags/extract_open_meteo_dag.py
[2025-10-10T07:23:43.918+0000] {logging_mixin.py:188} INFO - [2025-10-10T07:23:43.917+0000] {dag.py:3047} INFO - Sync 1 DAGs
[2025-10-10T07:23:43.977+0000] {logging_mixin.py:188} INFO - [2025-10-10T07:23:43.977+0000] {dag.py:3834} INFO - Setting next_dagrun for extract_open_meteo_v1 to 2025-10-10 00:00:00+00:00, run_after=2025-10-11 00:00:00+00:00
[2025-10-10T07:23:44.060+0000] {processor.py:183} INFO - Processing /opt/airflow/dags/Airflow/dags/extract_open_meteo_dag.py took 0.672 seconds
[2025-10-10T07:24:14.627+0000] {processor.py:161} INFO - Started process (PID=1408) to work on /opt/airflow/dags/Airflow/dags/extract_open_meteo_dag.py
[2025-10-10T07:24:14.629+0000] {processor.py:830} INFO - Processing file /opt/airflow/dags/Airflow/dags/extract_open_meteo_dag.py for tasks to queue
[2025-10-10T07:24:14.632+0000] {logging_mixin.py:188} INFO - [2025-10-10T07:24:14.631+0000] {dagbag.py:540} INFO - Filling up the DagBag from /opt/airflow/dags/Airflow/dags/extract_open_meteo_dag.py
[2025-10-10T07:24:14.697+0000] {processor.py:840} INFO - DAG(s) 'extract_open_meteo_v1' retrieved from /opt/airflow/dags/Airflow/dags/extract_open_meteo_dag.py
[2025-10-10T07:24:14.799+0000] {logging_mixin.py:188} INFO - [2025-10-10T07:24:14.799+0000] {dag.py:3047} INFO - Sync 1 DAGs
[2025-10-10T07:24:14.863+0000] {logging_mixin.py:188} INFO - [2025-10-10T07:24:14.863+0000] {dag.py:3834} INFO - Setting next_dagrun for extract_open_meteo_v1 to 2025-10-10 00:00:00+00:00, run_after=2025-10-11 00:00:00+00:00
[2025-10-10T07:24:14.945+0000] {processor.py:183} INFO - Processing /opt/airflow/dags/Airflow/dags/extract_open_meteo_dag.py took 0.324 seconds
[2025-10-10T07:24:45.203+0000] {processor.py:161} INFO - Started process (PID=1413) to work on /opt/airflow/dags/Airflow/dags/extract_open_meteo_dag.py
[2025-10-10T07:24:45.205+0000] {processor.py:830} INFO - Processing file /opt/airflow/dags/Airflow/dags/extract_open_meteo_dag.py for tasks to queue
[2025-10-10T07:24:45.208+0000] {logging_mixin.py:188} INFO - [2025-10-10T07:24:45.207+0000] {dagbag.py:540} INFO - Filling up the DagBag from /opt/airflow/dags/Airflow/dags/extract_open_meteo_dag.py
[2025-10-10T07:24:45.272+0000] {processor.py:840} INFO - DAG(s) 'extract_open_meteo_v1' retrieved from /opt/airflow/dags/Airflow/dags/extract_open_meteo_dag.py
[2025-10-10T07:24:45.357+0000] {logging_mixin.py:188} INFO - [2025-10-10T07:24:45.357+0000] {dag.py:3047} INFO - Sync 1 DAGs
[2025-10-10T07:24:45.419+0000] {logging_mixin.py:188} INFO - [2025-10-10T07:24:45.418+0000] {dag.py:3834} INFO - Setting next_dagrun for extract_open_meteo_v1 to 2025-10-10 00:00:00+00:00, run_after=2025-10-11 00:00:00+00:00
[2025-10-10T07:24:45.491+0000] {processor.py:183} INFO - Processing /opt/airflow/dags/Airflow/dags/extract_open_meteo_dag.py took 0.296 seconds
[2025-10-10T07:25:15.769+0000] {processor.py:161} INFO - Started process (PID=1418) to work on /opt/airflow/dags/Airflow/dags/extract_open_meteo_dag.py
[2025-10-10T07:25:15.772+0000] {processor.py:830} INFO - Processing file /opt/airflow/dags/Airflow/dags/extract_open_meteo_dag.py for tasks to queue
[2025-10-10T07:25:15.775+0000] {logging_mixin.py:188} INFO - [2025-10-10T07:25:15.774+0000] {dagbag.py:540} INFO - Filling up the DagBag from /opt/airflow/dags/Airflow/dags/extract_open_meteo_dag.py
[2025-10-10T07:25:15.827+0000] {processor.py:840} INFO - DAG(s) 'extract_open_meteo_v1' retrieved from /opt/airflow/dags/Airflow/dags/extract_open_meteo_dag.py
[2025-10-10T07:25:15.925+0000] {logging_mixin.py:188} INFO - [2025-10-10T07:25:15.925+0000] {dag.py:3047} INFO - Sync 1 DAGs
[2025-10-10T07:25:15.997+0000] {logging_mixin.py:188} INFO - [2025-10-10T07:25:15.996+0000] {dag.py:3834} INFO - Setting next_dagrun for extract_open_meteo_v1 to 2025-10-10 00:00:00+00:00, run_after=2025-10-11 00:00:00+00:00
[2025-10-10T07:25:16.097+0000] {processor.py:183} INFO - Processing /opt/airflow/dags/Airflow/dags/extract_open_meteo_dag.py took 0.337 seconds
[2025-10-10T07:25:46.291+0000] {processor.py:161} INFO - Started process (PID=1423) to work on /opt/airflow/dags/Airflow/dags/extract_open_meteo_dag.py
[2025-10-10T07:25:46.294+0000] {processor.py:830} INFO - Processing file /opt/airflow/dags/Airflow/dags/extract_open_meteo_dag.py for tasks to queue
[2025-10-10T07:25:46.297+0000] {logging_mixin.py:188} INFO - [2025-10-10T07:25:46.296+0000] {dagbag.py:540} INFO - Filling up the DagBag from /opt/airflow/dags/Airflow/dags/extract_open_meteo_dag.py
[2025-10-10T07:25:46.359+0000] {processor.py:840} INFO - DAG(s) 'extract_open_meteo_v1' retrieved from /opt/airflow/dags/Airflow/dags/extract_open_meteo_dag.py
[2025-10-10T07:25:46.443+0000] {logging_mixin.py:188} INFO - [2025-10-10T07:25:46.443+0000] {dag.py:3047} INFO - Sync 1 DAGs
[2025-10-10T07:25:46.506+0000] {logging_mixin.py:188} INFO - [2025-10-10T07:25:46.505+0000] {dag.py:3834} INFO - Setting next_dagrun for extract_open_meteo_v1 to 2025-10-10 00:00:00+00:00, run_after=2025-10-11 00:00:00+00:00
[2025-10-10T07:25:46.620+0000] {processor.py:183} INFO - Processing /opt/airflow/dags/Airflow/dags/extract_open_meteo_dag.py took 0.333 seconds
[2025-10-10T07:26:16.991+0000] {processor.py:161} INFO - Started process (PID=1428) to work on /opt/airflow/dags/Airflow/dags/extract_open_meteo_dag.py
[2025-10-10T07:26:16.993+0000] {processor.py:830} INFO - Processing file /opt/airflow/dags/Airflow/dags/extract_open_meteo_dag.py for tasks to queue
[2025-10-10T07:26:16.996+0000] {logging_mixin.py:188} INFO - [2025-10-10T07:26:16.995+0000] {dagbag.py:540} INFO - Filling up the DagBag from /opt/airflow/dags/Airflow/dags/extract_open_meteo_dag.py
[2025-10-10T07:26:17.071+0000] {processor.py:840} INFO - DAG(s) 'extract_open_meteo_v1' retrieved from /opt/airflow/dags/Airflow/dags/extract_open_meteo_dag.py
[2025-10-10T07:26:17.204+0000] {logging_mixin.py:188} INFO - [2025-10-10T07:26:17.203+0000] {dag.py:3047} INFO - Sync 1 DAGs
[2025-10-10T07:26:17.306+0000] {logging_mixin.py:188} INFO - [2025-10-10T07:26:17.306+0000] {dag.py:3834} INFO - Setting next_dagrun for extract_open_meteo_v1 to 2025-10-10 00:00:00+00:00, run_after=2025-10-11 00:00:00+00:00
[2025-10-10T07:26:17.432+0000] {processor.py:183} INFO - Processing /opt/airflow/dags/Airflow/dags/extract_open_meteo_dag.py took 0.447 seconds
[2025-10-10T07:26:48.003+0000] {processor.py:161} INFO - Started process (PID=1433) to work on /opt/airflow/dags/Airflow/dags/extract_open_meteo_dag.py
[2025-10-10T07:26:48.005+0000] {processor.py:830} INFO - Processing file /opt/airflow/dags/Airflow/dags/extract_open_meteo_dag.py for tasks to queue
[2025-10-10T07:26:48.007+0000] {logging_mixin.py:188} INFO - [2025-10-10T07:26:48.007+0000] {dagbag.py:540} INFO - Filling up the DagBag from /opt/airflow/dags/Airflow/dags/extract_open_meteo_dag.py
[2025-10-10T07:26:48.061+0000] {processor.py:840} INFO - DAG(s) 'extract_open_meteo_v1' retrieved from /opt/airflow/dags/Airflow/dags/extract_open_meteo_dag.py
[2025-10-10T07:26:48.154+0000] {logging_mixin.py:188} INFO - [2025-10-10T07:26:48.153+0000] {dag.py:3047} INFO - Sync 1 DAGs
[2025-10-10T07:26:48.215+0000] {logging_mixin.py:188} INFO - [2025-10-10T07:26:48.214+0000] {dag.py:3834} INFO - Setting next_dagrun for extract_open_meteo_v1 to 2025-10-10 00:00:00+00:00, run_after=2025-10-11 00:00:00+00:00
[2025-10-10T07:26:48.303+0000] {processor.py:183} INFO - Processing /opt/airflow/dags/Airflow/dags/extract_open_meteo_dag.py took 0.305 seconds
[2025-10-10T07:27:18.423+0000] {processor.py:161} INFO - Started process (PID=1438) to work on /opt/airflow/dags/Airflow/dags/extract_open_meteo_dag.py
[2025-10-10T07:27:18.426+0000] {processor.py:830} INFO - Processing file /opt/airflow/dags/Airflow/dags/extract_open_meteo_dag.py for tasks to queue
[2025-10-10T07:27:18.428+0000] {logging_mixin.py:188} INFO - [2025-10-10T07:27:18.427+0000] {dagbag.py:540} INFO - Filling up the DagBag from /opt/airflow/dags/Airflow/dags/extract_open_meteo_dag.py
[2025-10-10T07:27:18.490+0000] {processor.py:840} INFO - DAG(s) 'extract_open_meteo_v1' retrieved from /opt/airflow/dags/Airflow/dags/extract_open_meteo_dag.py
[2025-10-10T07:27:18.583+0000] {logging_mixin.py:188} INFO - [2025-10-10T07:27:18.583+0000] {dag.py:3047} INFO - Sync 1 DAGs
[2025-10-10T07:27:18.646+0000] {logging_mixin.py:188} INFO - [2025-10-10T07:27:18.645+0000] {dag.py:3834} INFO - Setting next_dagrun for extract_open_meteo_v1 to 2025-10-10 00:00:00+00:00, run_after=2025-10-11 00:00:00+00:00
[2025-10-10T07:27:18.716+0000] {processor.py:183} INFO - Processing /opt/airflow/dags/Airflow/dags/extract_open_meteo_dag.py took 0.298 seconds
[2025-10-10T07:27:49.437+0000] {processor.py:161} INFO - Started process (PID=1443) to work on /opt/airflow/dags/Airflow/dags/extract_open_meteo_dag.py
[2025-10-10T07:27:49.439+0000] {processor.py:830} INFO - Processing file /opt/airflow/dags/Airflow/dags/extract_open_meteo_dag.py for tasks to queue
[2025-10-10T07:27:49.441+0000] {logging_mixin.py:188} INFO - [2025-10-10T07:27:49.440+0000] {dagbag.py:540} INFO - Filling up the DagBag from /opt/airflow/dags/Airflow/dags/extract_open_meteo_dag.py
[2025-10-10T07:27:49.492+0000] {processor.py:840} INFO - DAG(s) 'extract_open_meteo_v1' retrieved from /opt/airflow/dags/Airflow/dags/extract_open_meteo_dag.py
[2025-10-10T07:27:49.590+0000] {logging_mixin.py:188} INFO - [2025-10-10T07:27:49.589+0000] {dag.py:3047} INFO - Sync 1 DAGs
[2025-10-10T07:27:49.665+0000] {logging_mixin.py:188} INFO - [2025-10-10T07:27:49.665+0000] {dag.py:3834} INFO - Setting next_dagrun for extract_open_meteo_v1 to 2025-10-10 00:00:00+00:00, run_after=2025-10-11 00:00:00+00:00
[2025-10-10T07:27:49.740+0000] {processor.py:183} INFO - Processing /opt/airflow/dags/Airflow/dags/extract_open_meteo_dag.py took 0.314 seconds
[2025-10-10T07:30:42.757+0000] {processor.py:161} INFO - Started process (PID=170) to work on /opt/airflow/dags/Airflow/dags/extract_open_meteo_dag.py
[2025-10-10T07:30:42.762+0000] {processor.py:830} INFO - Processing file /opt/airflow/dags/Airflow/dags/extract_open_meteo_dag.py for tasks to queue
[2025-10-10T07:30:42.766+0000] {logging_mixin.py:188} INFO - [2025-10-10T07:30:42.765+0000] {dagbag.py:540} INFO - Filling up the DagBag from /opt/airflow/dags/Airflow/dags/extract_open_meteo_dag.py
[2025-10-10T07:30:42.830+0000] {processor.py:840} INFO - DAG(s) 'extract_open_meteo_v1' retrieved from /opt/airflow/dags/Airflow/dags/extract_open_meteo_dag.py
[2025-10-10T07:30:42.996+0000] {logging_mixin.py:188} INFO - [2025-10-10T07:30:42.996+0000] {dag.py:3047} INFO - Sync 1 DAGs
[2025-10-10T07:30:43.043+0000] {logging_mixin.py:188} INFO - [2025-10-10T07:30:43.043+0000] {dag.py:3834} INFO - Setting next_dagrun for extract_open_meteo_v1 to 2025-10-10 00:00:00+00:00, run_after=2025-10-11 00:00:00+00:00
[2025-10-10T07:30:43.100+0000] {processor.py:183} INFO - Processing /opt/airflow/dags/Airflow/dags/extract_open_meteo_dag.py took 0.374 seconds
[2025-10-10T07:31:13.272+0000] {processor.py:161} INFO - Started process (PID=176) to work on /opt/airflow/dags/Airflow/dags/extract_open_meteo_dag.py
[2025-10-10T07:31:13.274+0000] {processor.py:830} INFO - Processing file /opt/airflow/dags/Airflow/dags/extract_open_meteo_dag.py for tasks to queue
[2025-10-10T07:31:13.277+0000] {logging_mixin.py:188} INFO - [2025-10-10T07:31:13.276+0000] {dagbag.py:540} INFO - Filling up the DagBag from /opt/airflow/dags/Airflow/dags/extract_open_meteo_dag.py
[2025-10-10T07:31:13.334+0000] {processor.py:840} INFO - DAG(s) 'extract_open_meteo_v1' retrieved from /opt/airflow/dags/Airflow/dags/extract_open_meteo_dag.py
[2025-10-10T07:31:13.792+0000] {logging_mixin.py:188} INFO - [2025-10-10T07:31:13.792+0000] {dag.py:3047} INFO - Sync 1 DAGs
[2025-10-10T07:31:13.858+0000] {logging_mixin.py:188} INFO - [2025-10-10T07:31:13.858+0000] {dag.py:3834} INFO - Setting next_dagrun for extract_open_meteo_v1 to 2025-10-10 00:00:00+00:00, run_after=2025-10-11 00:00:00+00:00
[2025-10-10T07:31:13.957+0000] {processor.py:183} INFO - Processing /opt/airflow/dags/Airflow/dags/extract_open_meteo_dag.py took 0.691 seconds
[2025-10-10T07:31:44.485+0000] {processor.py:161} INFO - Started process (PID=181) to work on /opt/airflow/dags/Airflow/dags/extract_open_meteo_dag.py
[2025-10-10T07:31:44.487+0000] {processor.py:830} INFO - Processing file /opt/airflow/dags/Airflow/dags/extract_open_meteo_dag.py for tasks to queue
[2025-10-10T07:31:44.489+0000] {logging_mixin.py:188} INFO - [2025-10-10T07:31:44.488+0000] {dagbag.py:540} INFO - Filling up the DagBag from /opt/airflow/dags/Airflow/dags/extract_open_meteo_dag.py
[2025-10-10T07:31:44.586+0000] {processor.py:840} INFO - DAG(s) 'extract_open_meteo_v1' retrieved from /opt/airflow/dags/Airflow/dags/extract_open_meteo_dag.py
[2025-10-10T07:31:44.701+0000] {logging_mixin.py:188} INFO - [2025-10-10T07:31:44.700+0000] {dag.py:3047} INFO - Sync 1 DAGs
[2025-10-10T07:31:44.770+0000] {logging_mixin.py:188} INFO - [2025-10-10T07:31:44.770+0000] {dag.py:3834} INFO - Setting next_dagrun for extract_open_meteo_v1 to 2025-10-10 00:00:00+00:00, run_after=2025-10-11 00:00:00+00:00
[2025-10-10T07:31:45.300+0000] {processor.py:183} INFO - Processing /opt/airflow/dags/Airflow/dags/extract_open_meteo_dag.py took 0.820 seconds
[2025-10-10T07:32:15.762+0000] {processor.py:161} INFO - Started process (PID=186) to work on /opt/airflow/dags/Airflow/dags/extract_open_meteo_dag.py
[2025-10-10T07:32:15.766+0000] {processor.py:830} INFO - Processing file /opt/airflow/dags/Airflow/dags/extract_open_meteo_dag.py for tasks to queue
[2025-10-10T07:32:15.769+0000] {logging_mixin.py:188} INFO - [2025-10-10T07:32:15.768+0000] {dagbag.py:540} INFO - Filling up the DagBag from /opt/airflow/dags/Airflow/dags/extract_open_meteo_dag.py
[2025-10-10T07:32:15.834+0000] {processor.py:840} INFO - DAG(s) 'extract_open_meteo_v1' retrieved from /opt/airflow/dags/Airflow/dags/extract_open_meteo_dag.py
[2025-10-10T07:32:15.931+0000] {logging_mixin.py:188} INFO - [2025-10-10T07:32:15.931+0000] {dag.py:3047} INFO - Sync 1 DAGs
[2025-10-10T07:32:15.993+0000] {logging_mixin.py:188} INFO - [2025-10-10T07:32:15.993+0000] {dag.py:3834} INFO - Setting next_dagrun for extract_open_meteo_v1 to 2025-10-10 00:00:00+00:00, run_after=2025-10-11 00:00:00+00:00
[2025-10-10T07:32:16.066+0000] {processor.py:183} INFO - Processing /opt/airflow/dags/Airflow/dags/extract_open_meteo_dag.py took 0.309 seconds
[2025-10-10T07:32:46.403+0000] {processor.py:161} INFO - Started process (PID=191) to work on /opt/airflow/dags/Airflow/dags/extract_open_meteo_dag.py
[2025-10-10T07:32:46.405+0000] {processor.py:830} INFO - Processing file /opt/airflow/dags/Airflow/dags/extract_open_meteo_dag.py for tasks to queue
[2025-10-10T07:32:46.408+0000] {logging_mixin.py:188} INFO - [2025-10-10T07:32:46.407+0000] {dagbag.py:540} INFO - Filling up the DagBag from /opt/airflow/dags/Airflow/dags/extract_open_meteo_dag.py
[2025-10-10T07:32:46.460+0000] {processor.py:840} INFO - DAG(s) 'extract_open_meteo_v1' retrieved from /opt/airflow/dags/Airflow/dags/extract_open_meteo_dag.py
[2025-10-10T07:32:46.603+0000] {logging_mixin.py:188} INFO - [2025-10-10T07:32:46.603+0000] {dag.py:3047} INFO - Sync 1 DAGs
[2025-10-10T07:32:46.845+0000] {logging_mixin.py:188} INFO - [2025-10-10T07:32:46.844+0000] {dag.py:3834} INFO - Setting next_dagrun for extract_open_meteo_v1 to 2025-10-10 00:00:00+00:00, run_after=2025-10-11 00:00:00+00:00
[2025-10-10T07:32:46.981+0000] {processor.py:183} INFO - Processing /opt/airflow/dags/Airflow/dags/extract_open_meteo_dag.py took 0.582 seconds
[2025-10-10T07:33:17.511+0000] {processor.py:161} INFO - Started process (PID=196) to work on /opt/airflow/dags/Airflow/dags/extract_open_meteo_dag.py
[2025-10-10T07:33:17.513+0000] {processor.py:830} INFO - Processing file /opt/airflow/dags/Airflow/dags/extract_open_meteo_dag.py for tasks to queue
[2025-10-10T07:33:17.515+0000] {logging_mixin.py:188} INFO - [2025-10-10T07:33:17.515+0000] {dagbag.py:540} INFO - Filling up the DagBag from /opt/airflow/dags/Airflow/dags/extract_open_meteo_dag.py
[2025-10-10T07:33:17.579+0000] {processor.py:840} INFO - DAG(s) 'extract_open_meteo_v1' retrieved from /opt/airflow/dags/Airflow/dags/extract_open_meteo_dag.py
[2025-10-10T07:33:17.695+0000] {logging_mixin.py:188} INFO - [2025-10-10T07:33:17.694+0000] {dag.py:3047} INFO - Sync 1 DAGs
[2025-10-10T07:33:17.760+0000] {logging_mixin.py:188} INFO - [2025-10-10T07:33:17.759+0000] {dag.py:3834} INFO - Setting next_dagrun for extract_open_meteo_v1 to 2025-10-10 00:00:00+00:00, run_after=2025-10-11 00:00:00+00:00
[2025-10-10T07:33:17.830+0000] {processor.py:183} INFO - Processing /opt/airflow/dags/Airflow/dags/extract_open_meteo_dag.py took 0.325 seconds
[2025-10-10T07:33:48.049+0000] {processor.py:161} INFO - Started process (PID=201) to work on /opt/airflow/dags/Airflow/dags/extract_open_meteo_dag.py
[2025-10-10T07:33:48.051+0000] {processor.py:830} INFO - Processing file /opt/airflow/dags/Airflow/dags/extract_open_meteo_dag.py for tasks to queue
[2025-10-10T07:33:48.053+0000] {logging_mixin.py:188} INFO - [2025-10-10T07:33:48.053+0000] {dagbag.py:540} INFO - Filling up the DagBag from /opt/airflow/dags/Airflow/dags/extract_open_meteo_dag.py
[2025-10-10T07:33:48.116+0000] {processor.py:840} INFO - DAG(s) 'extract_open_meteo_v1' retrieved from /opt/airflow/dags/Airflow/dags/extract_open_meteo_dag.py
[2025-10-10T07:33:48.216+0000] {logging_mixin.py:188} INFO - [2025-10-10T07:33:48.215+0000] {dag.py:3047} INFO - Sync 1 DAGs
[2025-10-10T07:33:48.281+0000] {logging_mixin.py:188} INFO - [2025-10-10T07:33:48.280+0000] {dag.py:3834} INFO - Setting next_dagrun for extract_open_meteo_v1 to 2025-10-10 00:00:00+00:00, run_after=2025-10-11 00:00:00+00:00
[2025-10-10T07:33:48.372+0000] {processor.py:183} INFO - Processing /opt/airflow/dags/Airflow/dags/extract_open_meteo_dag.py took 0.329 seconds
[2025-10-10T07:34:18.698+0000] {processor.py:161} INFO - Started process (PID=206) to work on /opt/airflow/dags/Airflow/dags/extract_open_meteo_dag.py
[2025-10-10T07:34:18.700+0000] {processor.py:830} INFO - Processing file /opt/airflow/dags/Airflow/dags/extract_open_meteo_dag.py for tasks to queue
[2025-10-10T07:34:18.702+0000] {logging_mixin.py:188} INFO - [2025-10-10T07:34:18.702+0000] {dagbag.py:540} INFO - Filling up the DagBag from /opt/airflow/dags/Airflow/dags/extract_open_meteo_dag.py
[2025-10-10T07:34:18.742+0000] {processor.py:840} INFO - DAG(s) 'extract_open_meteo_v1' retrieved from /opt/airflow/dags/Airflow/dags/extract_open_meteo_dag.py
[2025-10-10T07:34:18.814+0000] {logging_mixin.py:188} INFO - [2025-10-10T07:34:18.813+0000] {dag.py:3047} INFO - Sync 1 DAGs
[2025-10-10T07:34:18.865+0000] {logging_mixin.py:188} INFO - [2025-10-10T07:34:18.865+0000] {dag.py:3834} INFO - Setting next_dagrun for extract_open_meteo_v1 to 2025-10-10 00:00:00+00:00, run_after=2025-10-11 00:00:00+00:00
[2025-10-10T07:34:18.934+0000] {processor.py:183} INFO - Processing /opt/airflow/dags/Airflow/dags/extract_open_meteo_dag.py took 0.238 seconds
[2025-10-10T07:34:49.200+0000] {processor.py:161} INFO - Started process (PID=211) to work on /opt/airflow/dags/Airflow/dags/extract_open_meteo_dag.py
[2025-10-10T07:34:49.202+0000] {processor.py:830} INFO - Processing file /opt/airflow/dags/Airflow/dags/extract_open_meteo_dag.py for tasks to queue
[2025-10-10T07:34:49.205+0000] {logging_mixin.py:188} INFO - [2025-10-10T07:34:49.204+0000] {dagbag.py:540} INFO - Filling up the DagBag from /opt/airflow/dags/Airflow/dags/extract_open_meteo_dag.py
[2025-10-10T07:34:49.259+0000] {processor.py:840} INFO - DAG(s) 'extract_open_meteo_v1' retrieved from /opt/airflow/dags/Airflow/dags/extract_open_meteo_dag.py
[2025-10-10T07:34:49.375+0000] {logging_mixin.py:188} INFO - [2025-10-10T07:34:49.374+0000] {dag.py:3047} INFO - Sync 1 DAGs
[2025-10-10T07:34:49.461+0000] {logging_mixin.py:188} INFO - [2025-10-10T07:34:49.460+0000] {dag.py:3834} INFO - Setting next_dagrun for extract_open_meteo_v1 to 2025-10-10 00:00:00+00:00, run_after=2025-10-11 00:00:00+00:00
[2025-10-10T07:34:49.543+0000] {processor.py:183} INFO - Processing /opt/airflow/dags/Airflow/dags/extract_open_meteo_dag.py took 0.350 seconds
[2025-10-10T07:35:19.766+0000] {processor.py:161} INFO - Started process (PID=216) to work on /opt/airflow/dags/Airflow/dags/extract_open_meteo_dag.py
[2025-10-10T07:35:19.768+0000] {processor.py:830} INFO - Processing file /opt/airflow/dags/Airflow/dags/extract_open_meteo_dag.py for tasks to queue
[2025-10-10T07:35:19.771+0000] {logging_mixin.py:188} INFO - [2025-10-10T07:35:19.770+0000] {dagbag.py:540} INFO - Filling up the DagBag from /opt/airflow/dags/Airflow/dags/extract_open_meteo_dag.py
[2025-10-10T07:35:19.846+0000] {processor.py:840} INFO - DAG(s) 'extract_open_meteo_v1' retrieved from /opt/airflow/dags/Airflow/dags/extract_open_meteo_dag.py
[2025-10-10T07:35:19.979+0000] {logging_mixin.py:188} INFO - [2025-10-10T07:35:19.978+0000] {dag.py:3047} INFO - Sync 1 DAGs
[2025-10-10T07:35:20.047+0000] {logging_mixin.py:188} INFO - [2025-10-10T07:35:20.046+0000] {dag.py:3834} INFO - Setting next_dagrun for extract_open_meteo_v1 to 2025-10-10 00:00:00+00:00, run_after=2025-10-11 00:00:00+00:00
[2025-10-10T07:35:20.129+0000] {processor.py:183} INFO - Processing /opt/airflow/dags/Airflow/dags/extract_open_meteo_dag.py took 0.370 seconds
[2025-10-10T07:35:50.379+0000] {processor.py:161} INFO - Started process (PID=221) to work on /opt/airflow/dags/Airflow/dags/extract_open_meteo_dag.py
[2025-10-10T07:35:50.382+0000] {processor.py:830} INFO - Processing file /opt/airflow/dags/Airflow/dags/extract_open_meteo_dag.py for tasks to queue
[2025-10-10T07:35:50.384+0000] {logging_mixin.py:188} INFO - [2025-10-10T07:35:50.384+0000] {dagbag.py:540} INFO - Filling up the DagBag from /opt/airflow/dags/Airflow/dags/extract_open_meteo_dag.py
[2025-10-10T07:35:50.438+0000] {processor.py:840} INFO - DAG(s) 'extract_open_meteo_v1' retrieved from /opt/airflow/dags/Airflow/dags/extract_open_meteo_dag.py
[2025-10-10T07:35:50.539+0000] {logging_mixin.py:188} INFO - [2025-10-10T07:35:50.538+0000] {dag.py:3047} INFO - Sync 1 DAGs
[2025-10-10T07:35:50.626+0000] {logging_mixin.py:188} INFO - [2025-10-10T07:35:50.626+0000] {dag.py:3834} INFO - Setting next_dagrun for extract_open_meteo_v1 to 2025-10-10 00:00:00+00:00, run_after=2025-10-11 00:00:00+00:00
[2025-10-10T07:35:50.727+0000] {processor.py:183} INFO - Processing /opt/airflow/dags/Airflow/dags/extract_open_meteo_dag.py took 0.357 seconds
[2025-10-10T07:36:21.110+0000] {processor.py:161} INFO - Started process (PID=226) to work on /opt/airflow/dags/Airflow/dags/extract_open_meteo_dag.py
[2025-10-10T07:36:21.112+0000] {processor.py:830} INFO - Processing file /opt/airflow/dags/Airflow/dags/extract_open_meteo_dag.py for tasks to queue
[2025-10-10T07:36:21.114+0000] {logging_mixin.py:188} INFO - [2025-10-10T07:36:21.114+0000] {dagbag.py:540} INFO - Filling up the DagBag from /opt/airflow/dags/Airflow/dags/extract_open_meteo_dag.py
[2025-10-10T07:36:21.178+0000] {processor.py:840} INFO - DAG(s) 'extract_open_meteo_v1' retrieved from /opt/airflow/dags/Airflow/dags/extract_open_meteo_dag.py
[2025-10-10T07:36:21.265+0000] {logging_mixin.py:188} INFO - [2025-10-10T07:36:21.264+0000] {dag.py:3047} INFO - Sync 1 DAGs
[2025-10-10T07:36:21.327+0000] {logging_mixin.py:188} INFO - [2025-10-10T07:36:21.326+0000] {dag.py:3834} INFO - Setting next_dagrun for extract_open_meteo_v1 to 2025-10-10 00:00:00+00:00, run_after=2025-10-11 00:00:00+00:00
[2025-10-10T07:36:21.414+0000] {processor.py:183} INFO - Processing /opt/airflow/dags/Airflow/dags/extract_open_meteo_dag.py took 0.308 seconds
[2025-10-10T07:36:51.568+0000] {processor.py:161} INFO - Started process (PID=231) to work on /opt/airflow/dags/Airflow/dags/extract_open_meteo_dag.py
[2025-10-10T07:36:51.570+0000] {processor.py:830} INFO - Processing file /opt/airflow/dags/Airflow/dags/extract_open_meteo_dag.py for tasks to queue
[2025-10-10T07:36:51.573+0000] {logging_mixin.py:188} INFO - [2025-10-10T07:36:51.572+0000] {dagbag.py:540} INFO - Filling up the DagBag from /opt/airflow/dags/Airflow/dags/extract_open_meteo_dag.py
[2025-10-10T07:36:51.625+0000] {processor.py:840} INFO - DAG(s) 'extract_open_meteo_v1' retrieved from /opt/airflow/dags/Airflow/dags/extract_open_meteo_dag.py
[2025-10-10T07:36:51.722+0000] {logging_mixin.py:188} INFO - [2025-10-10T07:36:51.722+0000] {dag.py:3047} INFO - Sync 1 DAGs
[2025-10-10T07:36:51.791+0000] {logging_mixin.py:188} INFO - [2025-10-10T07:36:51.791+0000] {dag.py:3834} INFO - Setting next_dagrun for extract_open_meteo_v1 to 2025-10-10 00:00:00+00:00, run_after=2025-10-11 00:00:00+00:00
[2025-10-10T07:36:51.881+0000] {processor.py:183} INFO - Processing /opt/airflow/dags/Airflow/dags/extract_open_meteo_dag.py took 0.318 seconds
[2025-10-10T07:37:22.288+0000] {processor.py:161} INFO - Started process (PID=236) to work on /opt/airflow/dags/Airflow/dags/extract_open_meteo_dag.py
[2025-10-10T07:37:22.291+0000] {processor.py:830} INFO - Processing file /opt/airflow/dags/Airflow/dags/extract_open_meteo_dag.py for tasks to queue
[2025-10-10T07:37:22.293+0000] {logging_mixin.py:188} INFO - [2025-10-10T07:37:22.292+0000] {dagbag.py:540} INFO - Filling up the DagBag from /opt/airflow/dags/Airflow/dags/extract_open_meteo_dag.py
[2025-10-10T07:37:22.350+0000] {processor.py:840} INFO - DAG(s) 'extract_open_meteo_v1' retrieved from /opt/airflow/dags/Airflow/dags/extract_open_meteo_dag.py
[2025-10-10T07:37:22.441+0000] {logging_mixin.py:188} INFO - [2025-10-10T07:37:22.441+0000] {dag.py:3047} INFO - Sync 1 DAGs
[2025-10-10T07:37:22.511+0000] {logging_mixin.py:188} INFO - [2025-10-10T07:37:22.510+0000] {dag.py:3834} INFO - Setting next_dagrun for extract_open_meteo_v1 to 2025-10-10 00:00:00+00:00, run_after=2025-10-11 00:00:00+00:00
[2025-10-10T07:37:22.600+0000] {processor.py:183} INFO - Processing /opt/airflow/dags/Airflow/dags/extract_open_meteo_dag.py took 0.316 seconds
[2025-10-10T07:37:52.738+0000] {processor.py:161} INFO - Started process (PID=241) to work on /opt/airflow/dags/Airflow/dags/extract_open_meteo_dag.py
[2025-10-10T07:37:52.740+0000] {processor.py:830} INFO - Processing file /opt/airflow/dags/Airflow/dags/extract_open_meteo_dag.py for tasks to queue
[2025-10-10T07:37:52.742+0000] {logging_mixin.py:188} INFO - [2025-10-10T07:37:52.742+0000] {dagbag.py:540} INFO - Filling up the DagBag from /opt/airflow/dags/Airflow/dags/extract_open_meteo_dag.py
[2025-10-10T07:37:52.788+0000] {processor.py:840} INFO - DAG(s) 'extract_open_meteo_v1' retrieved from /opt/airflow/dags/Airflow/dags/extract_open_meteo_dag.py
[2025-10-10T07:37:52.869+0000] {logging_mixin.py:188} INFO - [2025-10-10T07:37:52.868+0000] {dag.py:3047} INFO - Sync 1 DAGs
[2025-10-10T07:37:52.929+0000] {logging_mixin.py:188} INFO - [2025-10-10T07:37:52.928+0000] {dag.py:3834} INFO - Setting next_dagrun for extract_open_meteo_v1 to 2025-10-10 00:00:00+00:00, run_after=2025-10-11 00:00:00+00:00
[2025-10-10T07:37:52.994+0000] {processor.py:183} INFO - Processing /opt/airflow/dags/Airflow/dags/extract_open_meteo_dag.py took 0.260 seconds
[2025-10-10T07:38:23.115+0000] {processor.py:161} INFO - Started process (PID=246) to work on /opt/airflow/dags/Airflow/dags/extract_open_meteo_dag.py
[2025-10-10T07:38:23.117+0000] {processor.py:830} INFO - Processing file /opt/airflow/dags/Airflow/dags/extract_open_meteo_dag.py for tasks to queue
[2025-10-10T07:38:23.119+0000] {logging_mixin.py:188} INFO - [2025-10-10T07:38:23.119+0000] {dagbag.py:540} INFO - Filling up the DagBag from /opt/airflow/dags/Airflow/dags/extract_open_meteo_dag.py
[2025-10-10T07:38:23.169+0000] {processor.py:840} INFO - DAG(s) 'extract_open_meteo_v1' retrieved from /opt/airflow/dags/Airflow/dags/extract_open_meteo_dag.py
[2025-10-10T07:38:23.253+0000] {logging_mixin.py:188} INFO - [2025-10-10T07:38:23.253+0000] {dag.py:3047} INFO - Sync 1 DAGs
[2025-10-10T07:38:23.313+0000] {logging_mixin.py:188} INFO - [2025-10-10T07:38:23.313+0000] {dag.py:3834} INFO - Setting next_dagrun for extract_open_meteo_v1 to 2025-10-10 00:00:00+00:00, run_after=2025-10-11 00:00:00+00:00
[2025-10-10T07:38:23.397+0000] {processor.py:183} INFO - Processing /opt/airflow/dags/Airflow/dags/extract_open_meteo_dag.py took 0.291 seconds
[2025-10-10T07:38:53.561+0000] {processor.py:161} INFO - Started process (PID=251) to work on /opt/airflow/dags/Airflow/dags/extract_open_meteo_dag.py
[2025-10-10T07:38:53.563+0000] {processor.py:830} INFO - Processing file /opt/airflow/dags/Airflow/dags/extract_open_meteo_dag.py for tasks to queue
[2025-10-10T07:38:53.566+0000] {logging_mixin.py:188} INFO - [2025-10-10T07:38:53.565+0000] {dagbag.py:540} INFO - Filling up the DagBag from /opt/airflow/dags/Airflow/dags/extract_open_meteo_dag.py
[2025-10-10T07:38:53.623+0000] {processor.py:840} INFO - DAG(s) 'extract_open_meteo_v1' retrieved from /opt/airflow/dags/Airflow/dags/extract_open_meteo_dag.py
[2025-10-10T07:38:53.717+0000] {logging_mixin.py:188} INFO - [2025-10-10T07:38:53.716+0000] {dag.py:3047} INFO - Sync 1 DAGs
[2025-10-10T07:38:53.782+0000] {logging_mixin.py:188} INFO - [2025-10-10T07:38:53.781+0000] {dag.py:3834} INFO - Setting next_dagrun for extract_open_meteo_v1 to 2025-10-10 00:00:00+00:00, run_after=2025-10-11 00:00:00+00:00
[2025-10-10T07:38:53.863+0000] {processor.py:183} INFO - Processing /opt/airflow/dags/Airflow/dags/extract_open_meteo_dag.py took 0.307 seconds
[2025-10-10T07:39:24.324+0000] {processor.py:161} INFO - Started process (PID=256) to work on /opt/airflow/dags/Airflow/dags/extract_open_meteo_dag.py
[2025-10-10T07:39:24.327+0000] {processor.py:830} INFO - Processing file /opt/airflow/dags/Airflow/dags/extract_open_meteo_dag.py for tasks to queue
[2025-10-10T07:39:24.329+0000] {logging_mixin.py:188} INFO - [2025-10-10T07:39:24.329+0000] {dagbag.py:540} INFO - Filling up the DagBag from /opt/airflow/dags/Airflow/dags/extract_open_meteo_dag.py
[2025-10-10T07:39:24.381+0000] {processor.py:840} INFO - DAG(s) 'extract_open_meteo_v1' retrieved from /opt/airflow/dags/Airflow/dags/extract_open_meteo_dag.py
[2025-10-10T07:39:24.476+0000] {logging_mixin.py:188} INFO - [2025-10-10T07:39:24.476+0000] {dag.py:3047} INFO - Sync 1 DAGs
[2025-10-10T07:39:24.541+0000] {logging_mixin.py:188} INFO - [2025-10-10T07:39:24.540+0000] {dag.py:3834} INFO - Setting next_dagrun for extract_open_meteo_v1 to 2025-10-10 00:00:00+00:00, run_after=2025-10-11 00:00:00+00:00
[2025-10-10T07:39:24.624+0000] {processor.py:183} INFO - Processing /opt/airflow/dags/Airflow/dags/extract_open_meteo_dag.py took 0.305 seconds
[2025-10-10T07:39:54.748+0000] {processor.py:161} INFO - Started process (PID=261) to work on /opt/airflow/dags/Airflow/dags/extract_open_meteo_dag.py
[2025-10-10T07:39:54.751+0000] {processor.py:830} INFO - Processing file /opt/airflow/dags/Airflow/dags/extract_open_meteo_dag.py for tasks to queue
[2025-10-10T07:39:54.754+0000] {logging_mixin.py:188} INFO - [2025-10-10T07:39:54.753+0000] {dagbag.py:540} INFO - Filling up the DagBag from /opt/airflow/dags/Airflow/dags/extract_open_meteo_dag.py
[2025-10-10T07:39:54.810+0000] {processor.py:840} INFO - DAG(s) 'extract_open_meteo_v1' retrieved from /opt/airflow/dags/Airflow/dags/extract_open_meteo_dag.py
[2025-10-10T07:39:54.911+0000] {logging_mixin.py:188} INFO - [2025-10-10T07:39:54.911+0000] {dag.py:3047} INFO - Sync 1 DAGs
[2025-10-10T07:39:55.014+0000] {logging_mixin.py:188} INFO - [2025-10-10T07:39:55.012+0000] {dag.py:3834} INFO - Setting next_dagrun for extract_open_meteo_v1 to 2025-10-10 00:00:00+00:00, run_after=2025-10-11 00:00:00+00:00
[2025-10-10T07:39:55.101+0000] {processor.py:183} INFO - Processing /opt/airflow/dags/Airflow/dags/extract_open_meteo_dag.py took 0.359 seconds
[2025-10-10T07:40:25.584+0000] {processor.py:161} INFO - Started process (PID=266) to work on /opt/airflow/dags/Airflow/dags/extract_open_meteo_dag.py
[2025-10-10T07:40:25.586+0000] {processor.py:830} INFO - Processing file /opt/airflow/dags/Airflow/dags/extract_open_meteo_dag.py for tasks to queue
[2025-10-10T07:40:25.589+0000] {logging_mixin.py:188} INFO - [2025-10-10T07:40:25.588+0000] {dagbag.py:540} INFO - Filling up the DagBag from /opt/airflow/dags/Airflow/dags/extract_open_meteo_dag.py
[2025-10-10T07:40:25.641+0000] {processor.py:840} INFO - DAG(s) 'extract_open_meteo_v1' retrieved from /opt/airflow/dags/Airflow/dags/extract_open_meteo_dag.py
[2025-10-10T07:40:25.733+0000] {logging_mixin.py:188} INFO - [2025-10-10T07:40:25.732+0000] {dag.py:3047} INFO - Sync 1 DAGs
[2025-10-10T07:40:25.808+0000] {logging_mixin.py:188} INFO - [2025-10-10T07:40:25.808+0000] {dag.py:3834} INFO - Setting next_dagrun for extract_open_meteo_v1 to 2025-10-10 00:00:00+00:00, run_after=2025-10-11 00:00:00+00:00
[2025-10-10T07:40:25.891+0000] {processor.py:183} INFO - Processing /opt/airflow/dags/Airflow/dags/extract_open_meteo_dag.py took 0.312 seconds
[2025-10-10T07:40:56.205+0000] {processor.py:161} INFO - Started process (PID=271) to work on /opt/airflow/dags/Airflow/dags/extract_open_meteo_dag.py
[2025-10-10T07:40:56.208+0000] {processor.py:830} INFO - Processing file /opt/airflow/dags/Airflow/dags/extract_open_meteo_dag.py for tasks to queue
[2025-10-10T07:40:56.211+0000] {logging_mixin.py:188} INFO - [2025-10-10T07:40:56.210+0000] {dagbag.py:540} INFO - Filling up the DagBag from /opt/airflow/dags/Airflow/dags/extract_open_meteo_dag.py
[2025-10-10T07:40:56.300+0000] {processor.py:840} INFO - DAG(s) 'extract_open_meteo_v1' retrieved from /opt/airflow/dags/Airflow/dags/extract_open_meteo_dag.py
[2025-10-10T07:40:56.427+0000] {logging_mixin.py:188} INFO - [2025-10-10T07:40:56.426+0000] {dag.py:3047} INFO - Sync 1 DAGs
[2025-10-10T07:40:56.504+0000] {logging_mixin.py:188} INFO - [2025-10-10T07:40:56.503+0000] {dag.py:3834} INFO - Setting next_dagrun for extract_open_meteo_v1 to 2025-10-10 00:00:00+00:00, run_after=2025-10-11 00:00:00+00:00
[2025-10-10T07:40:56.588+0000] {processor.py:183} INFO - Processing /opt/airflow/dags/Airflow/dags/extract_open_meteo_dag.py took 0.391 seconds
[2025-10-10T07:41:26.812+0000] {processor.py:161} INFO - Started process (PID=276) to work on /opt/airflow/dags/Airflow/dags/extract_open_meteo_dag.py
[2025-10-10T07:41:26.814+0000] {processor.py:830} INFO - Processing file /opt/airflow/dags/Airflow/dags/extract_open_meteo_dag.py for tasks to queue
[2025-10-10T07:41:26.817+0000] {logging_mixin.py:188} INFO - [2025-10-10T07:41:26.817+0000] {dagbag.py:540} INFO - Filling up the DagBag from /opt/airflow/dags/Airflow/dags/extract_open_meteo_dag.py
[2025-10-10T07:41:26.869+0000] {processor.py:840} INFO - DAG(s) 'extract_open_meteo_v1' retrieved from /opt/airflow/dags/Airflow/dags/extract_open_meteo_dag.py
[2025-10-10T07:41:27.083+0000] {logging_mixin.py:188} INFO - [2025-10-10T07:41:27.082+0000] {dag.py:3047} INFO - Sync 1 DAGs
[2025-10-10T07:41:27.286+0000] {logging_mixin.py:188} INFO - [2025-10-10T07:41:27.286+0000] {dag.py:3834} INFO - Setting next_dagrun for extract_open_meteo_v1 to 2025-10-10 00:00:00+00:00, run_after=2025-10-11 00:00:00+00:00
[2025-10-10T07:41:27.553+0000] {processor.py:183} INFO - Processing /opt/airflow/dags/Airflow/dags/extract_open_meteo_dag.py took 0.747 seconds
[2025-10-10T07:41:58.064+0000] {processor.py:161} INFO - Started process (PID=281) to work on /opt/airflow/dags/Airflow/dags/extract_open_meteo_dag.py
[2025-10-10T07:41:58.066+0000] {processor.py:830} INFO - Processing file /opt/airflow/dags/Airflow/dags/extract_open_meteo_dag.py for tasks to queue
[2025-10-10T07:41:58.068+0000] {logging_mixin.py:188} INFO - [2025-10-10T07:41:58.068+0000] {dagbag.py:540} INFO - Filling up the DagBag from /opt/airflow/dags/Airflow/dags/extract_open_meteo_dag.py
[2025-10-10T07:41:58.124+0000] {processor.py:840} INFO - DAG(s) 'extract_open_meteo_v1' retrieved from /opt/airflow/dags/Airflow/dags/extract_open_meteo_dag.py
[2025-10-10T07:41:58.232+0000] {logging_mixin.py:188} INFO - [2025-10-10T07:41:58.231+0000] {dag.py:3047} INFO - Sync 1 DAGs
[2025-10-10T07:41:58.296+0000] {logging_mixin.py:188} INFO - [2025-10-10T07:41:58.296+0000] {dag.py:3834} INFO - Setting next_dagrun for extract_open_meteo_v1 to 2025-10-10 00:00:00+00:00, run_after=2025-10-11 00:00:00+00:00
[2025-10-10T07:41:58.377+0000] {processor.py:183} INFO - Processing /opt/airflow/dags/Airflow/dags/extract_open_meteo_dag.py took 0.319 seconds
[2025-10-10T07:42:28.739+0000] {processor.py:161} INFO - Started process (PID=286) to work on /opt/airflow/dags/Airflow/dags/extract_open_meteo_dag.py
[2025-10-10T07:42:28.741+0000] {processor.py:830} INFO - Processing file /opt/airflow/dags/Airflow/dags/extract_open_meteo_dag.py for tasks to queue
[2025-10-10T07:42:28.743+0000] {logging_mixin.py:188} INFO - [2025-10-10T07:42:28.742+0000] {dagbag.py:540} INFO - Filling up the DagBag from /opt/airflow/dags/Airflow/dags/extract_open_meteo_dag.py
[2025-10-10T07:42:28.799+0000] {processor.py:840} INFO - DAG(s) 'extract_open_meteo_v1' retrieved from /opt/airflow/dags/Airflow/dags/extract_open_meteo_dag.py
[2025-10-10T07:42:28.886+0000] {logging_mixin.py:188} INFO - [2025-10-10T07:42:28.885+0000] {dag.py:3047} INFO - Sync 1 DAGs
[2025-10-10T07:42:28.946+0000] {logging_mixin.py:188} INFO - [2025-10-10T07:42:28.945+0000] {dag.py:3834} INFO - Setting next_dagrun for extract_open_meteo_v1 to 2025-10-10 00:00:00+00:00, run_after=2025-10-11 00:00:00+00:00
[2025-10-10T07:42:29.048+0000] {processor.py:183} INFO - Processing /opt/airflow/dags/Airflow/dags/extract_open_meteo_dag.py took 0.314 seconds
[2025-10-10T07:42:59.225+0000] {processor.py:161} INFO - Started process (PID=291) to work on /opt/airflow/dags/Airflow/dags/extract_open_meteo_dag.py
[2025-10-10T07:42:59.228+0000] {processor.py:830} INFO - Processing file /opt/airflow/dags/Airflow/dags/extract_open_meteo_dag.py for tasks to queue
[2025-10-10T07:42:59.231+0000] {logging_mixin.py:188} INFO - [2025-10-10T07:42:59.230+0000] {dagbag.py:540} INFO - Filling up the DagBag from /opt/airflow/dags/Airflow/dags/extract_open_meteo_dag.py
[2025-10-10T07:42:59.287+0000] {processor.py:840} INFO - DAG(s) 'extract_open_meteo_v1' retrieved from /opt/airflow/dags/Airflow/dags/extract_open_meteo_dag.py
[2025-10-10T07:42:59.383+0000] {logging_mixin.py:188} INFO - [2025-10-10T07:42:59.382+0000] {dag.py:3047} INFO - Sync 1 DAGs
[2025-10-10T07:42:59.443+0000] {logging_mixin.py:188} INFO - [2025-10-10T07:42:59.442+0000] {dag.py:3834} INFO - Setting next_dagrun for extract_open_meteo_v1 to 2025-10-10 00:00:00+00:00, run_after=2025-10-11 00:00:00+00:00
[2025-10-10T07:42:59.527+0000] {processor.py:183} INFO - Processing /opt/airflow/dags/Airflow/dags/extract_open_meteo_dag.py took 0.308 seconds
[2025-10-10T07:43:29.868+0000] {processor.py:161} INFO - Started process (PID=296) to work on /opt/airflow/dags/Airflow/dags/extract_open_meteo_dag.py
[2025-10-10T07:43:29.871+0000] {processor.py:830} INFO - Processing file /opt/airflow/dags/Airflow/dags/extract_open_meteo_dag.py for tasks to queue
[2025-10-10T07:43:29.873+0000] {logging_mixin.py:188} INFO - [2025-10-10T07:43:29.872+0000] {dagbag.py:540} INFO - Filling up the DagBag from /opt/airflow/dags/Airflow/dags/extract_open_meteo_dag.py
[2025-10-10T07:43:29.928+0000] {processor.py:840} INFO - DAG(s) 'extract_open_meteo_v1' retrieved from /opt/airflow/dags/Airflow/dags/extract_open_meteo_dag.py
[2025-10-10T07:43:30.011+0000] {logging_mixin.py:188} INFO - [2025-10-10T07:43:30.010+0000] {dag.py:3047} INFO - Sync 1 DAGs
[2025-10-10T07:43:30.103+0000] {logging_mixin.py:188} INFO - [2025-10-10T07:43:30.102+0000] {dag.py:3834} INFO - Setting next_dagrun for extract_open_meteo_v1 to 2025-10-10 00:00:00+00:00, run_after=2025-10-11 00:00:00+00:00
[2025-10-10T07:43:30.185+0000] {processor.py:183} INFO - Processing /opt/airflow/dags/Airflow/dags/extract_open_meteo_dag.py took 0.321 seconds
[2025-10-10T07:44:00.361+0000] {processor.py:161} INFO - Started process (PID=301) to work on /opt/airflow/dags/Airflow/dags/extract_open_meteo_dag.py
[2025-10-10T07:44:00.364+0000] {processor.py:830} INFO - Processing file /opt/airflow/dags/Airflow/dags/extract_open_meteo_dag.py for tasks to queue
[2025-10-10T07:44:00.366+0000] {logging_mixin.py:188} INFO - [2025-10-10T07:44:00.366+0000] {dagbag.py:540} INFO - Filling up the DagBag from /opt/airflow/dags/Airflow/dags/extract_open_meteo_dag.py
[2025-10-10T07:44:00.425+0000] {processor.py:840} INFO - DAG(s) 'extract_open_meteo_v1' retrieved from /opt/airflow/dags/Airflow/dags/extract_open_meteo_dag.py
[2025-10-10T07:44:00.529+0000] {logging_mixin.py:188} INFO - [2025-10-10T07:44:00.528+0000] {dag.py:3047} INFO - Sync 1 DAGs
[2025-10-10T07:44:00.636+0000] {logging_mixin.py:188} INFO - [2025-10-10T07:44:00.635+0000] {dag.py:3834} INFO - Setting next_dagrun for extract_open_meteo_v1 to 2025-10-10 00:00:00+00:00, run_after=2025-10-11 00:00:00+00:00
[2025-10-10T07:44:00.736+0000] {processor.py:183} INFO - Processing /opt/airflow/dags/Airflow/dags/extract_open_meteo_dag.py took 0.381 seconds
[2025-10-10T07:44:31.024+0000] {processor.py:161} INFO - Started process (PID=306) to work on /opt/airflow/dags/Airflow/dags/extract_open_meteo_dag.py
[2025-10-10T07:44:31.026+0000] {processor.py:830} INFO - Processing file /opt/airflow/dags/Airflow/dags/extract_open_meteo_dag.py for tasks to queue
[2025-10-10T07:44:31.028+0000] {logging_mixin.py:188} INFO - [2025-10-10T07:44:31.027+0000] {dagbag.py:540} INFO - Filling up the DagBag from /opt/airflow/dags/Airflow/dags/extract_open_meteo_dag.py
[2025-10-10T07:44:31.078+0000] {processor.py:840} INFO - DAG(s) 'extract_open_meteo_v1' retrieved from /opt/airflow/dags/Airflow/dags/extract_open_meteo_dag.py
[2025-10-10T07:44:31.174+0000] {logging_mixin.py:188} INFO - [2025-10-10T07:44:31.174+0000] {dag.py:3047} INFO - Sync 1 DAGs
[2025-10-10T07:44:31.232+0000] {logging_mixin.py:188} INFO - [2025-10-10T07:44:31.232+0000] {dag.py:3834} INFO - Setting next_dagrun for extract_open_meteo_v1 to 2025-10-10 00:00:00+00:00, run_after=2025-10-11 00:00:00+00:00
[2025-10-10T07:44:31.299+0000] {processor.py:183} INFO - Processing /opt/airflow/dags/Airflow/dags/extract_open_meteo_dag.py took 0.281 seconds
[2025-10-10T07:45:01.639+0000] {processor.py:161} INFO - Started process (PID=311) to work on /opt/airflow/dags/Airflow/dags/extract_open_meteo_dag.py
[2025-10-10T07:45:01.641+0000] {processor.py:830} INFO - Processing file /opt/airflow/dags/Airflow/dags/extract_open_meteo_dag.py for tasks to queue
[2025-10-10T07:45:01.643+0000] {logging_mixin.py:188} INFO - [2025-10-10T07:45:01.642+0000] {dagbag.py:540} INFO - Filling up the DagBag from /opt/airflow/dags/Airflow/dags/extract_open_meteo_dag.py
[2025-10-10T07:45:01.693+0000] {processor.py:840} INFO - DAG(s) 'extract_open_meteo_v1' retrieved from /opt/airflow/dags/Airflow/dags/extract_open_meteo_dag.py
[2025-10-10T07:45:01.782+0000] {logging_mixin.py:188} INFO - [2025-10-10T07:45:01.781+0000] {dag.py:3047} INFO - Sync 1 DAGs
[2025-10-10T07:45:01.841+0000] {logging_mixin.py:188} INFO - [2025-10-10T07:45:01.840+0000] {dag.py:3834} INFO - Setting next_dagrun for extract_open_meteo_v1 to 2025-10-10 00:00:00+00:00, run_after=2025-10-11 00:00:00+00:00
[2025-10-10T07:45:01.915+0000] {processor.py:183} INFO - Processing /opt/airflow/dags/Airflow/dags/extract_open_meteo_dag.py took 0.281 seconds
[2025-10-10T07:45:32.101+0000] {processor.py:161} INFO - Started process (PID=316) to work on /opt/airflow/dags/Airflow/dags/extract_open_meteo_dag.py
[2025-10-10T07:45:32.103+0000] {processor.py:830} INFO - Processing file /opt/airflow/dags/Airflow/dags/extract_open_meteo_dag.py for tasks to queue
[2025-10-10T07:45:32.105+0000] {logging_mixin.py:188} INFO - [2025-10-10T07:45:32.105+0000] {dagbag.py:540} INFO - Filling up the DagBag from /opt/airflow/dags/Airflow/dags/extract_open_meteo_dag.py
[2025-10-10T07:45:32.154+0000] {processor.py:840} INFO - DAG(s) 'extract_open_meteo_v1' retrieved from /opt/airflow/dags/Airflow/dags/extract_open_meteo_dag.py
[2025-10-10T07:45:32.243+0000] {logging_mixin.py:188} INFO - [2025-10-10T07:45:32.242+0000] {dag.py:3047} INFO - Sync 1 DAGs
[2025-10-10T07:45:32.312+0000] {logging_mixin.py:188} INFO - [2025-10-10T07:45:32.311+0000] {dag.py:3834} INFO - Setting next_dagrun for extract_open_meteo_v1 to 2025-10-10 00:00:00+00:00, run_after=2025-10-11 00:00:00+00:00
[2025-10-10T07:45:32.395+0000] {processor.py:183} INFO - Processing /opt/airflow/dags/Airflow/dags/extract_open_meteo_dag.py took 0.299 seconds
[2025-10-10T07:46:02.863+0000] {processor.py:161} INFO - Started process (PID=321) to work on /opt/airflow/dags/Airflow/dags/extract_open_meteo_dag.py
[2025-10-10T07:46:02.867+0000] {processor.py:830} INFO - Processing file /opt/airflow/dags/Airflow/dags/extract_open_meteo_dag.py for tasks to queue
[2025-10-10T07:46:02.872+0000] {logging_mixin.py:188} INFO - [2025-10-10T07:46:02.871+0000] {dagbag.py:540} INFO - Filling up the DagBag from /opt/airflow/dags/Airflow/dags/extract_open_meteo_dag.py
[2025-10-10T07:46:02.951+0000] {processor.py:840} INFO - DAG(s) 'extract_open_meteo_v1' retrieved from /opt/airflow/dags/Airflow/dags/extract_open_meteo_dag.py
[2025-10-10T07:46:03.092+0000] {logging_mixin.py:188} INFO - [2025-10-10T07:46:03.092+0000] {dag.py:3047} INFO - Sync 1 DAGs
[2025-10-10T07:46:03.173+0000] {logging_mixin.py:188} INFO - [2025-10-10T07:46:03.172+0000] {dag.py:3834} INFO - Setting next_dagrun for extract_open_meteo_v1 to 2025-10-10 00:00:00+00:00, run_after=2025-10-11 00:00:00+00:00
[2025-10-10T07:46:03.277+0000] {processor.py:183} INFO - Processing /opt/airflow/dags/Airflow/dags/extract_open_meteo_dag.py took 0.420 seconds
[2025-10-10T07:46:33.754+0000] {processor.py:161} INFO - Started process (PID=326) to work on /opt/airflow/dags/Airflow/dags/extract_open_meteo_dag.py
[2025-10-10T07:46:33.757+0000] {processor.py:830} INFO - Processing file /opt/airflow/dags/Airflow/dags/extract_open_meteo_dag.py for tasks to queue
[2025-10-10T07:46:33.760+0000] {logging_mixin.py:188} INFO - [2025-10-10T07:46:33.760+0000] {dagbag.py:540} INFO - Filling up the DagBag from /opt/airflow/dags/Airflow/dags/extract_open_meteo_dag.py
[2025-10-10T07:46:33.827+0000] {processor.py:840} INFO - DAG(s) 'extract_open_meteo_v1' retrieved from /opt/airflow/dags/Airflow/dags/extract_open_meteo_dag.py
[2025-10-10T07:46:33.930+0000] {logging_mixin.py:188} INFO - [2025-10-10T07:46:33.929+0000] {dag.py:3047} INFO - Sync 1 DAGs
[2025-10-10T07:46:33.994+0000] {logging_mixin.py:188} INFO - [2025-10-10T07:46:33.993+0000] {dag.py:3834} INFO - Setting next_dagrun for extract_open_meteo_v1 to 2025-10-10 00:00:00+00:00, run_after=2025-10-11 00:00:00+00:00
[2025-10-10T07:46:34.067+0000] {processor.py:183} INFO - Processing /opt/airflow/dags/Airflow/dags/extract_open_meteo_dag.py took 0.320 seconds
[2025-10-10T07:47:04.566+0000] {processor.py:161} INFO - Started process (PID=331) to work on /opt/airflow/dags/Airflow/dags/extract_open_meteo_dag.py
[2025-10-10T07:47:04.575+0000] {processor.py:830} INFO - Processing file /opt/airflow/dags/Airflow/dags/extract_open_meteo_dag.py for tasks to queue
[2025-10-10T07:47:04.580+0000] {logging_mixin.py:188} INFO - [2025-10-10T07:47:04.579+0000] {dagbag.py:540} INFO - Filling up the DagBag from /opt/airflow/dags/Airflow/dags/extract_open_meteo_dag.py
[2025-10-10T07:47:04.699+0000] {processor.py:840} INFO - DAG(s) 'extract_open_meteo_v1' retrieved from /opt/airflow/dags/Airflow/dags/extract_open_meteo_dag.py
[2025-10-10T07:47:04.851+0000] {logging_mixin.py:188} INFO - [2025-10-10T07:47:04.850+0000] {dag.py:3047} INFO - Sync 1 DAGs
[2025-10-10T07:47:04.943+0000] {logging_mixin.py:188} INFO - [2025-10-10T07:47:04.942+0000] {dag.py:3834} INFO - Setting next_dagrun for extract_open_meteo_v1 to 2025-10-10 00:00:00+00:00, run_after=2025-10-11 00:00:00+00:00
[2025-10-10T07:47:05.050+0000] {processor.py:183} INFO - Processing /opt/airflow/dags/Airflow/dags/extract_open_meteo_dag.py took 0.510 seconds
[2025-10-10T07:47:35.616+0000] {processor.py:161} INFO - Started process (PID=336) to work on /opt/airflow/dags/Airflow/dags/extract_open_meteo_dag.py
[2025-10-10T07:47:35.624+0000] {processor.py:830} INFO - Processing file /opt/airflow/dags/Airflow/dags/extract_open_meteo_dag.py for tasks to queue
[2025-10-10T07:47:35.629+0000] {logging_mixin.py:188} INFO - [2025-10-10T07:47:35.628+0000] {dagbag.py:540} INFO - Filling up the DagBag from /opt/airflow/dags/Airflow/dags/extract_open_meteo_dag.py
[2025-10-10T07:47:35.703+0000] {processor.py:840} INFO - DAG(s) 'extract_open_meteo_v1' retrieved from /opt/airflow/dags/Airflow/dags/extract_open_meteo_dag.py
[2025-10-10T07:47:35.812+0000] {logging_mixin.py:188} INFO - [2025-10-10T07:47:35.812+0000] {dag.py:3047} INFO - Sync 1 DAGs
[2025-10-10T07:47:35.911+0000] {logging_mixin.py:188} INFO - [2025-10-10T07:47:35.911+0000] {dag.py:3834} INFO - Setting next_dagrun for extract_open_meteo_v1 to 2025-10-10 00:00:00+00:00, run_after=2025-10-11 00:00:00+00:00
[2025-10-10T07:47:35.999+0000] {processor.py:183} INFO - Processing /opt/airflow/dags/Airflow/dags/extract_open_meteo_dag.py took 0.405 seconds
[2025-10-10T07:48:06.491+0000] {processor.py:161} INFO - Started process (PID=341) to work on /opt/airflow/dags/Airflow/dags/extract_open_meteo_dag.py
[2025-10-10T07:48:06.496+0000] {processor.py:830} INFO - Processing file /opt/airflow/dags/Airflow/dags/extract_open_meteo_dag.py for tasks to queue
[2025-10-10T07:48:06.504+0000] {logging_mixin.py:188} INFO - [2025-10-10T07:48:06.501+0000] {dagbag.py:540} INFO - Filling up the DagBag from /opt/airflow/dags/Airflow/dags/extract_open_meteo_dag.py
[2025-10-10T07:48:06.584+0000] {processor.py:840} INFO - DAG(s) 'extract_open_meteo_v1' retrieved from /opt/airflow/dags/Airflow/dags/extract_open_meteo_dag.py
[2025-10-10T07:48:06.713+0000] {logging_mixin.py:188} INFO - [2025-10-10T07:48:06.712+0000] {dag.py:3047} INFO - Sync 1 DAGs
[2025-10-10T07:48:06.782+0000] {logging_mixin.py:188} INFO - [2025-10-10T07:48:06.781+0000] {dag.py:3834} INFO - Setting next_dagrun for extract_open_meteo_v1 to 2025-10-10 00:00:00+00:00, run_after=2025-10-11 00:00:00+00:00
[2025-10-10T07:48:06.871+0000] {processor.py:183} INFO - Processing /opt/airflow/dags/Airflow/dags/extract_open_meteo_dag.py took 0.389 seconds
[2025-10-10T07:48:37.256+0000] {processor.py:161} INFO - Started process (PID=346) to work on /opt/airflow/dags/Airflow/dags/extract_open_meteo_dag.py
[2025-10-10T07:48:37.258+0000] {processor.py:830} INFO - Processing file /opt/airflow/dags/Airflow/dags/extract_open_meteo_dag.py for tasks to queue
[2025-10-10T07:48:37.261+0000] {logging_mixin.py:188} INFO - [2025-10-10T07:48:37.259+0000] {dagbag.py:540} INFO - Filling up the DagBag from /opt/airflow/dags/Airflow/dags/extract_open_meteo_dag.py
[2025-10-10T07:48:37.426+0000] {processor.py:840} INFO - DAG(s) 'extract_open_meteo_v1' retrieved from /opt/airflow/dags/Airflow/dags/extract_open_meteo_dag.py
[2025-10-10T07:48:37.674+0000] {logging_mixin.py:188} INFO - [2025-10-10T07:48:37.673+0000] {dag.py:3047} INFO - Sync 1 DAGs
[2025-10-10T07:48:37.924+0000] {logging_mixin.py:188} INFO - [2025-10-10T07:48:37.914+0000] {dag.py:3834} INFO - Setting next_dagrun for extract_open_meteo_v1 to 2025-10-10 00:00:00+00:00, run_after=2025-10-11 00:00:00+00:00
[2025-10-10T07:48:38.118+0000] {processor.py:183} INFO - Processing /opt/airflow/dags/Airflow/dags/extract_open_meteo_dag.py took 0.868 seconds
[2025-10-10T07:49:08.407+0000] {processor.py:161} INFO - Started process (PID=351) to work on /opt/airflow/dags/Airflow/dags/extract_open_meteo_dag.py
[2025-10-10T07:49:08.411+0000] {processor.py:830} INFO - Processing file /opt/airflow/dags/Airflow/dags/extract_open_meteo_dag.py for tasks to queue
[2025-10-10T07:49:08.419+0000] {logging_mixin.py:188} INFO - [2025-10-10T07:49:08.417+0000] {dagbag.py:540} INFO - Filling up the DagBag from /opt/airflow/dags/Airflow/dags/extract_open_meteo_dag.py
[2025-10-10T07:49:08.496+0000] {processor.py:840} INFO - DAG(s) 'extract_open_meteo_v1' retrieved from /opt/airflow/dags/Airflow/dags/extract_open_meteo_dag.py
[2025-10-10T07:49:08.586+0000] {logging_mixin.py:188} INFO - [2025-10-10T07:49:08.586+0000] {dag.py:3047} INFO - Sync 1 DAGs
[2025-10-10T07:49:08.648+0000] {logging_mixin.py:188} INFO - [2025-10-10T07:49:08.647+0000] {dag.py:3834} INFO - Setting next_dagrun for extract_open_meteo_v1 to 2025-10-10 00:00:00+00:00, run_after=2025-10-11 00:00:00+00:00
[2025-10-10T07:49:08.714+0000] {processor.py:183} INFO - Processing /opt/airflow/dags/Airflow/dags/extract_open_meteo_dag.py took 0.350 seconds
[2025-10-10T07:49:39.134+0000] {processor.py:161} INFO - Started process (PID=356) to work on /opt/airflow/dags/Airflow/dags/extract_open_meteo_dag.py
[2025-10-10T07:49:39.136+0000] {processor.py:830} INFO - Processing file /opt/airflow/dags/Airflow/dags/extract_open_meteo_dag.py for tasks to queue
[2025-10-10T07:49:39.138+0000] {logging_mixin.py:188} INFO - [2025-10-10T07:49:39.137+0000] {dagbag.py:540} INFO - Filling up the DagBag from /opt/airflow/dags/Airflow/dags/extract_open_meteo_dag.py
[2025-10-10T07:49:39.188+0000] {processor.py:840} INFO - DAG(s) 'extract_open_meteo_v1' retrieved from /opt/airflow/dags/Airflow/dags/extract_open_meteo_dag.py
[2025-10-10T07:49:39.274+0000] {logging_mixin.py:188} INFO - [2025-10-10T07:49:39.274+0000] {dag.py:3047} INFO - Sync 1 DAGs
[2025-10-10T07:49:39.333+0000] {logging_mixin.py:188} INFO - [2025-10-10T07:49:39.332+0000] {dag.py:3834} INFO - Setting next_dagrun for extract_open_meteo_v1 to 2025-10-10 00:00:00+00:00, run_after=2025-10-11 00:00:00+00:00
[2025-10-10T07:49:39.399+0000] {processor.py:183} INFO - Processing /opt/airflow/dags/Airflow/dags/extract_open_meteo_dag.py took 0.269 seconds
[2025-10-10T07:50:09.534+0000] {processor.py:161} INFO - Started process (PID=361) to work on /opt/airflow/dags/Airflow/dags/extract_open_meteo_dag.py
[2025-10-10T07:50:09.536+0000] {processor.py:830} INFO - Processing file /opt/airflow/dags/Airflow/dags/extract_open_meteo_dag.py for tasks to queue
[2025-10-10T07:50:09.538+0000] {logging_mixin.py:188} INFO - [2025-10-10T07:50:09.537+0000] {dagbag.py:540} INFO - Filling up the DagBag from /opt/airflow/dags/Airflow/dags/extract_open_meteo_dag.py
[2025-10-10T07:50:09.588+0000] {processor.py:840} INFO - DAG(s) 'extract_open_meteo_v1' retrieved from /opt/airflow/dags/Airflow/dags/extract_open_meteo_dag.py
[2025-10-10T07:50:09.676+0000] {logging_mixin.py:188} INFO - [2025-10-10T07:50:09.676+0000] {dag.py:3047} INFO - Sync 1 DAGs
[2025-10-10T07:50:09.743+0000] {logging_mixin.py:188} INFO - [2025-10-10T07:50:09.742+0000] {dag.py:3834} INFO - Setting next_dagrun for extract_open_meteo_v1 to 2025-10-10 00:00:00+00:00, run_after=2025-10-11 00:00:00+00:00
[2025-10-10T07:50:09.826+0000] {processor.py:183} INFO - Processing /opt/airflow/dags/Airflow/dags/extract_open_meteo_dag.py took 0.297 seconds
[2025-10-10T07:50:40.201+0000] {processor.py:161} INFO - Started process (PID=366) to work on /opt/airflow/dags/Airflow/dags/extract_open_meteo_dag.py
[2025-10-10T07:50:40.203+0000] {processor.py:830} INFO - Processing file /opt/airflow/dags/Airflow/dags/extract_open_meteo_dag.py for tasks to queue
[2025-10-10T07:50:40.205+0000] {logging_mixin.py:188} INFO - [2025-10-10T07:50:40.204+0000] {dagbag.py:540} INFO - Filling up the DagBag from /opt/airflow/dags/Airflow/dags/extract_open_meteo_dag.py
[2025-10-10T07:50:40.242+0000] {processor.py:840} INFO - DAG(s) 'extract_open_meteo_v1' retrieved from /opt/airflow/dags/Airflow/dags/extract_open_meteo_dag.py
[2025-10-10T07:50:40.327+0000] {logging_mixin.py:188} INFO - [2025-10-10T07:50:40.327+0000] {dag.py:3047} INFO - Sync 1 DAGs
[2025-10-10T07:50:40.373+0000] {logging_mixin.py:188} INFO - [2025-10-10T07:50:40.373+0000] {dag.py:3834} INFO - Setting next_dagrun for extract_open_meteo_v1 to 2025-10-10 00:00:00+00:00, run_after=2025-10-11 00:00:00+00:00
[2025-10-10T07:50:40.434+0000] {processor.py:183} INFO - Processing /opt/airflow/dags/Airflow/dags/extract_open_meteo_dag.py took 0.240 seconds
[2025-10-10T07:51:10.623+0000] {processor.py:161} INFO - Started process (PID=371) to work on /opt/airflow/dags/Airflow/dags/extract_open_meteo_dag.py
[2025-10-10T07:51:10.625+0000] {processor.py:830} INFO - Processing file /opt/airflow/dags/Airflow/dags/extract_open_meteo_dag.py for tasks to queue
[2025-10-10T07:51:10.627+0000] {logging_mixin.py:188} INFO - [2025-10-10T07:51:10.626+0000] {dagbag.py:540} INFO - Filling up the DagBag from /opt/airflow/dags/Airflow/dags/extract_open_meteo_dag.py
[2025-10-10T07:51:10.677+0000] {processor.py:840} INFO - DAG(s) 'extract_open_meteo_v1' retrieved from /opt/airflow/dags/Airflow/dags/extract_open_meteo_dag.py
[2025-10-10T07:51:10.756+0000] {logging_mixin.py:188} INFO - [2025-10-10T07:51:10.756+0000] {dag.py:3047} INFO - Sync 1 DAGs
[2025-10-10T07:51:10.811+0000] {logging_mixin.py:188} INFO - [2025-10-10T07:51:10.810+0000] {dag.py:3834} INFO - Setting next_dagrun for extract_open_meteo_v1 to 2025-10-10 00:00:00+00:00, run_after=2025-10-11 00:00:00+00:00
[2025-10-10T07:51:10.882+0000] {processor.py:183} INFO - Processing /opt/airflow/dags/Airflow/dags/extract_open_meteo_dag.py took 0.264 seconds
[2025-10-10T07:51:41.089+0000] {processor.py:161} INFO - Started process (PID=376) to work on /opt/airflow/dags/Airflow/dags/extract_open_meteo_dag.py
[2025-10-10T07:51:41.091+0000] {processor.py:830} INFO - Processing file /opt/airflow/dags/Airflow/dags/extract_open_meteo_dag.py for tasks to queue
[2025-10-10T07:51:41.094+0000] {logging_mixin.py:188} INFO - [2025-10-10T07:51:41.094+0000] {dagbag.py:540} INFO - Filling up the DagBag from /opt/airflow/dags/Airflow/dags/extract_open_meteo_dag.py
[2025-10-10T07:51:41.155+0000] {processor.py:840} INFO - DAG(s) 'extract_open_meteo_v1' retrieved from /opt/airflow/dags/Airflow/dags/extract_open_meteo_dag.py
[2025-10-10T07:51:41.246+0000] {logging_mixin.py:188} INFO - [2025-10-10T07:51:41.245+0000] {dag.py:3047} INFO - Sync 1 DAGs
[2025-10-10T07:51:41.311+0000] {logging_mixin.py:188} INFO - [2025-10-10T07:51:41.311+0000] {dag.py:3834} INFO - Setting next_dagrun for extract_open_meteo_v1 to 2025-10-10 00:00:00+00:00, run_after=2025-10-11 00:00:00+00:00
[2025-10-10T07:51:41.387+0000] {processor.py:183} INFO - Processing /opt/airflow/dags/Airflow/dags/extract_open_meteo_dag.py took 0.304 seconds
[2025-10-10T07:52:11.650+0000] {processor.py:161} INFO - Started process (PID=381) to work on /opt/airflow/dags/Airflow/dags/extract_open_meteo_dag.py
[2025-10-10T07:52:11.652+0000] {processor.py:830} INFO - Processing file /opt/airflow/dags/Airflow/dags/extract_open_meteo_dag.py for tasks to queue
[2025-10-10T07:52:11.655+0000] {logging_mixin.py:188} INFO - [2025-10-10T07:52:11.654+0000] {dagbag.py:540} INFO - Filling up the DagBag from /opt/airflow/dags/Airflow/dags/extract_open_meteo_dag.py
[2025-10-10T07:52:11.708+0000] {processor.py:840} INFO - DAG(s) 'extract_open_meteo_v1' retrieved from /opt/airflow/dags/Airflow/dags/extract_open_meteo_dag.py
[2025-10-10T07:52:11.802+0000] {logging_mixin.py:188} INFO - [2025-10-10T07:52:11.801+0000] {dag.py:3047} INFO - Sync 1 DAGs
[2025-10-10T07:52:11.870+0000] {logging_mixin.py:188} INFO - [2025-10-10T07:52:11.869+0000] {dag.py:3834} INFO - Setting next_dagrun for extract_open_meteo_v1 to 2025-10-10 00:00:00+00:00, run_after=2025-10-11 00:00:00+00:00
[2025-10-10T07:52:11.953+0000] {processor.py:183} INFO - Processing /opt/airflow/dags/Airflow/dags/extract_open_meteo_dag.py took 0.308 seconds
[2025-10-10T07:52:42.269+0000] {processor.py:161} INFO - Started process (PID=386) to work on /opt/airflow/dags/Airflow/dags/extract_open_meteo_dag.py
[2025-10-10T07:52:42.271+0000] {processor.py:830} INFO - Processing file /opt/airflow/dags/Airflow/dags/extract_open_meteo_dag.py for tasks to queue
[2025-10-10T07:52:42.274+0000] {logging_mixin.py:188} INFO - [2025-10-10T07:52:42.273+0000] {dagbag.py:540} INFO - Filling up the DagBag from /opt/airflow/dags/Airflow/dags/extract_open_meteo_dag.py
[2025-10-10T07:52:42.339+0000] {processor.py:840} INFO - DAG(s) 'extract_open_meteo_v1' retrieved from /opt/airflow/dags/Airflow/dags/extract_open_meteo_dag.py
[2025-10-10T07:52:42.428+0000] {logging_mixin.py:188} INFO - [2025-10-10T07:52:42.428+0000] {dag.py:3047} INFO - Sync 1 DAGs
[2025-10-10T07:52:42.497+0000] {logging_mixin.py:188} INFO - [2025-10-10T07:52:42.496+0000] {dag.py:3834} INFO - Setting next_dagrun for extract_open_meteo_v1 to 2025-10-10 00:00:00+00:00, run_after=2025-10-11 00:00:00+00:00
[2025-10-10T07:52:42.564+0000] {processor.py:183} INFO - Processing /opt/airflow/dags/Airflow/dags/extract_open_meteo_dag.py took 0.301 seconds
[2025-10-10T07:53:12.755+0000] {processor.py:161} INFO - Started process (PID=391) to work on /opt/airflow/dags/Airflow/dags/extract_open_meteo_dag.py
[2025-10-10T07:53:12.757+0000] {processor.py:830} INFO - Processing file /opt/airflow/dags/Airflow/dags/extract_open_meteo_dag.py for tasks to queue
[2025-10-10T07:53:12.759+0000] {logging_mixin.py:188} INFO - [2025-10-10T07:53:12.758+0000] {dagbag.py:540} INFO - Filling up the DagBag from /opt/airflow/dags/Airflow/dags/extract_open_meteo_dag.py
[2025-10-10T07:53:12.814+0000] {processor.py:840} INFO - DAG(s) 'extract_open_meteo_v1' retrieved from /opt/airflow/dags/Airflow/dags/extract_open_meteo_dag.py
[2025-10-10T07:53:12.899+0000] {logging_mixin.py:188} INFO - [2025-10-10T07:53:12.898+0000] {dag.py:3047} INFO - Sync 1 DAGs
[2025-10-10T07:53:12.961+0000] {logging_mixin.py:188} INFO - [2025-10-10T07:53:12.961+0000] {dag.py:3834} INFO - Setting next_dagrun for extract_open_meteo_v1 to 2025-10-10 00:00:00+00:00, run_after=2025-10-11 00:00:00+00:00
[2025-10-10T07:53:13.042+0000] {processor.py:183} INFO - Processing /opt/airflow/dags/Airflow/dags/extract_open_meteo_dag.py took 0.293 seconds
[2025-10-10T07:53:43.427+0000] {processor.py:161} INFO - Started process (PID=396) to work on /opt/airflow/dags/Airflow/dags/extract_open_meteo_dag.py
[2025-10-10T07:53:43.429+0000] {processor.py:830} INFO - Processing file /opt/airflow/dags/Airflow/dags/extract_open_meteo_dag.py for tasks to queue
[2025-10-10T07:53:43.431+0000] {logging_mixin.py:188} INFO - [2025-10-10T07:53:43.431+0000] {dagbag.py:540} INFO - Filling up the DagBag from /opt/airflow/dags/Airflow/dags/extract_open_meteo_dag.py
[2025-10-10T07:53:43.478+0000] {processor.py:840} INFO - DAG(s) 'extract_open_meteo_v1' retrieved from /opt/airflow/dags/Airflow/dags/extract_open_meteo_dag.py
[2025-10-10T07:53:43.575+0000] {logging_mixin.py:188} INFO - [2025-10-10T07:53:43.574+0000] {dag.py:3047} INFO - Sync 1 DAGs
[2025-10-10T07:53:43.636+0000] {logging_mixin.py:188} INFO - [2025-10-10T07:53:43.636+0000] {dag.py:3834} INFO - Setting next_dagrun for extract_open_meteo_v1 to 2025-10-10 00:00:00+00:00, run_after=2025-10-11 00:00:00+00:00
[2025-10-10T07:53:43.723+0000] {processor.py:183} INFO - Processing /opt/airflow/dags/Airflow/dags/extract_open_meteo_dag.py took 0.300 seconds
[2025-10-10T07:54:13.878+0000] {processor.py:161} INFO - Started process (PID=401) to work on /opt/airflow/dags/Airflow/dags/extract_open_meteo_dag.py
[2025-10-10T07:54:13.880+0000] {processor.py:830} INFO - Processing file /opt/airflow/dags/Airflow/dags/extract_open_meteo_dag.py for tasks to queue
[2025-10-10T07:54:13.883+0000] {logging_mixin.py:188} INFO - [2025-10-10T07:54:13.882+0000] {dagbag.py:540} INFO - Filling up the DagBag from /opt/airflow/dags/Airflow/dags/extract_open_meteo_dag.py
[2025-10-10T07:54:13.934+0000] {processor.py:840} INFO - DAG(s) 'extract_open_meteo_v1' retrieved from /opt/airflow/dags/Airflow/dags/extract_open_meteo_dag.py
[2025-10-10T07:54:14.017+0000] {logging_mixin.py:188} INFO - [2025-10-10T07:54:14.017+0000] {dag.py:3047} INFO - Sync 1 DAGs
[2025-10-10T07:54:14.080+0000] {logging_mixin.py:188} INFO - [2025-10-10T07:54:14.079+0000] {dag.py:3834} INFO - Setting next_dagrun for extract_open_meteo_v1 to 2025-10-10 00:00:00+00:00, run_after=2025-10-11 00:00:00+00:00
[2025-10-10T07:54:14.164+0000] {processor.py:183} INFO - Processing /opt/airflow/dags/Airflow/dags/extract_open_meteo_dag.py took 0.291 seconds
[2025-10-10T07:54:44.553+0000] {processor.py:161} INFO - Started process (PID=406) to work on /opt/airflow/dags/Airflow/dags/extract_open_meteo_dag.py
[2025-10-10T07:54:44.560+0000] {processor.py:830} INFO - Processing file /opt/airflow/dags/Airflow/dags/extract_open_meteo_dag.py for tasks to queue
[2025-10-10T07:54:44.563+0000] {logging_mixin.py:188} INFO - [2025-10-10T07:54:44.563+0000] {dagbag.py:540} INFO - Filling up the DagBag from /opt/airflow/dags/Airflow/dags/extract_open_meteo_dag.py
[2025-10-10T07:54:44.629+0000] {processor.py:840} INFO - DAG(s) 'extract_open_meteo_v1' retrieved from /opt/airflow/dags/Airflow/dags/extract_open_meteo_dag.py
[2025-10-10T07:54:44.715+0000] {logging_mixin.py:188} INFO - [2025-10-10T07:54:44.714+0000] {dag.py:3047} INFO - Sync 1 DAGs
[2025-10-10T07:54:44.778+0000] {logging_mixin.py:188} INFO - [2025-10-10T07:54:44.778+0000] {dag.py:3834} INFO - Setting next_dagrun for extract_open_meteo_v1 to 2025-10-10 00:00:00+00:00, run_after=2025-10-11 00:00:00+00:00
[2025-10-10T07:54:44.858+0000] {processor.py:183} INFO - Processing /opt/airflow/dags/Airflow/dags/extract_open_meteo_dag.py took 0.312 seconds
[2025-10-10T07:55:15.070+0000] {processor.py:161} INFO - Started process (PID=411) to work on /opt/airflow/dags/Airflow/dags/extract_open_meteo_dag.py
[2025-10-10T07:55:15.072+0000] {processor.py:830} INFO - Processing file /opt/airflow/dags/Airflow/dags/extract_open_meteo_dag.py for tasks to queue
[2025-10-10T07:55:15.075+0000] {logging_mixin.py:188} INFO - [2025-10-10T07:55:15.074+0000] {dagbag.py:540} INFO - Filling up the DagBag from /opt/airflow/dags/Airflow/dags/extract_open_meteo_dag.py
[2025-10-10T07:55:15.130+0000] {processor.py:840} INFO - DAG(s) 'extract_open_meteo_v1' retrieved from /opt/airflow/dags/Airflow/dags/extract_open_meteo_dag.py
[2025-10-10T07:55:15.219+0000] {logging_mixin.py:188} INFO - [2025-10-10T07:55:15.219+0000] {dag.py:3047} INFO - Sync 1 DAGs
[2025-10-10T07:55:15.283+0000] {logging_mixin.py:188} INFO - [2025-10-10T07:55:15.283+0000] {dag.py:3834} INFO - Setting next_dagrun for extract_open_meteo_v1 to 2025-10-10 00:00:00+00:00, run_after=2025-10-11 00:00:00+00:00
[2025-10-10T07:55:15.364+0000] {processor.py:183} INFO - Processing /opt/airflow/dags/Airflow/dags/extract_open_meteo_dag.py took 0.299 seconds
[2025-10-10T07:55:45.807+0000] {processor.py:161} INFO - Started process (PID=416) to work on /opt/airflow/dags/Airflow/dags/extract_open_meteo_dag.py
[2025-10-10T07:55:45.809+0000] {processor.py:830} INFO - Processing file /opt/airflow/dags/Airflow/dags/extract_open_meteo_dag.py for tasks to queue
[2025-10-10T07:55:45.811+0000] {logging_mixin.py:188} INFO - [2025-10-10T07:55:45.811+0000] {dagbag.py:540} INFO - Filling up the DagBag from /opt/airflow/dags/Airflow/dags/extract_open_meteo_dag.py
[2025-10-10T07:55:45.862+0000] {processor.py:840} INFO - DAG(s) 'extract_open_meteo_v1' retrieved from /opt/airflow/dags/Airflow/dags/extract_open_meteo_dag.py
[2025-10-10T07:55:45.958+0000] {logging_mixin.py:188} INFO - [2025-10-10T07:55:45.958+0000] {dag.py:3047} INFO - Sync 1 DAGs
[2025-10-10T07:55:46.022+0000] {logging_mixin.py:188} INFO - [2025-10-10T07:55:46.021+0000] {dag.py:3834} INFO - Setting next_dagrun for extract_open_meteo_v1 to 2025-10-10 00:00:00+00:00, run_after=2025-10-11 00:00:00+00:00
[2025-10-10T07:55:46.101+0000] {processor.py:183} INFO - Processing /opt/airflow/dags/Airflow/dags/extract_open_meteo_dag.py took 0.299 seconds
[2025-10-10T07:56:16.276+0000] {processor.py:161} INFO - Started process (PID=421) to work on /opt/airflow/dags/Airflow/dags/extract_open_meteo_dag.py
[2025-10-10T07:56:16.278+0000] {processor.py:830} INFO - Processing file /opt/airflow/dags/Airflow/dags/extract_open_meteo_dag.py for tasks to queue
[2025-10-10T07:56:16.281+0000] {logging_mixin.py:188} INFO - [2025-10-10T07:56:16.280+0000] {dagbag.py:540} INFO - Filling up the DagBag from /opt/airflow/dags/Airflow/dags/extract_open_meteo_dag.py
[2025-10-10T07:56:16.338+0000] {processor.py:840} INFO - DAG(s) 'extract_open_meteo_v1' retrieved from /opt/airflow/dags/Airflow/dags/extract_open_meteo_dag.py
[2025-10-10T07:56:16.425+0000] {logging_mixin.py:188} INFO - [2025-10-10T07:56:16.424+0000] {dag.py:3047} INFO - Sync 1 DAGs
[2025-10-10T07:56:16.486+0000] {logging_mixin.py:188} INFO - [2025-10-10T07:56:16.485+0000] {dag.py:3834} INFO - Setting next_dagrun for extract_open_meteo_v1 to 2025-10-10 00:00:00+00:00, run_after=2025-10-11 00:00:00+00:00
[2025-10-10T07:56:16.563+0000] {processor.py:183} INFO - Processing /opt/airflow/dags/Airflow/dags/extract_open_meteo_dag.py took 0.295 seconds
[2025-10-10T07:56:46.934+0000] {processor.py:161} INFO - Started process (PID=426) to work on /opt/airflow/dags/Airflow/dags/extract_open_meteo_dag.py
[2025-10-10T07:56:46.936+0000] {processor.py:830} INFO - Processing file /opt/airflow/dags/Airflow/dags/extract_open_meteo_dag.py for tasks to queue
[2025-10-10T07:56:46.938+0000] {logging_mixin.py:188} INFO - [2025-10-10T07:56:46.938+0000] {dagbag.py:540} INFO - Filling up the DagBag from /opt/airflow/dags/Airflow/dags/extract_open_meteo_dag.py
[2025-10-10T07:56:46.995+0000] {processor.py:840} INFO - DAG(s) 'extract_open_meteo_v1' retrieved from /opt/airflow/dags/Airflow/dags/extract_open_meteo_dag.py
[2025-10-10T07:56:47.082+0000] {logging_mixin.py:188} INFO - [2025-10-10T07:56:47.081+0000] {dag.py:3047} INFO - Sync 1 DAGs
[2025-10-10T07:56:47.142+0000] {logging_mixin.py:188} INFO - [2025-10-10T07:56:47.142+0000] {dag.py:3834} INFO - Setting next_dagrun for extract_open_meteo_v1 to 2025-10-10 00:00:00+00:00, run_after=2025-10-11 00:00:00+00:00
[2025-10-10T07:56:47.225+0000] {processor.py:183} INFO - Processing /opt/airflow/dags/Airflow/dags/extract_open_meteo_dag.py took 0.296 seconds
[2025-10-10T07:57:17.394+0000] {processor.py:161} INFO - Started process (PID=431) to work on /opt/airflow/dags/Airflow/dags/extract_open_meteo_dag.py
[2025-10-10T07:57:17.397+0000] {processor.py:830} INFO - Processing file /opt/airflow/dags/Airflow/dags/extract_open_meteo_dag.py for tasks to queue
[2025-10-10T07:57:17.399+0000] {logging_mixin.py:188} INFO - [2025-10-10T07:57:17.398+0000] {dagbag.py:540} INFO - Filling up the DagBag from /opt/airflow/dags/Airflow/dags/extract_open_meteo_dag.py
[2025-10-10T07:57:17.457+0000] {processor.py:840} INFO - DAG(s) 'extract_open_meteo_v1' retrieved from /opt/airflow/dags/Airflow/dags/extract_open_meteo_dag.py
[2025-10-10T07:57:17.548+0000] {logging_mixin.py:188} INFO - [2025-10-10T07:57:17.548+0000] {dag.py:3047} INFO - Sync 1 DAGs
[2025-10-10T07:57:17.612+0000] {logging_mixin.py:188} INFO - [2025-10-10T07:57:17.611+0000] {dag.py:3834} INFO - Setting next_dagrun for extract_open_meteo_v1 to 2025-10-10 00:00:00+00:00, run_after=2025-10-11 00:00:00+00:00
[2025-10-10T07:57:17.700+0000] {processor.py:183} INFO - Processing /opt/airflow/dags/Airflow/dags/extract_open_meteo_dag.py took 0.312 seconds
[2025-10-10T07:57:48.274+0000] {processor.py:161} INFO - Started process (PID=436) to work on /opt/airflow/dags/Airflow/dags/extract_open_meteo_dag.py
[2025-10-10T07:57:48.286+0000] {processor.py:830} INFO - Processing file /opt/airflow/dags/Airflow/dags/extract_open_meteo_dag.py for tasks to queue
[2025-10-10T07:57:48.290+0000] {logging_mixin.py:188} INFO - [2025-10-10T07:57:48.289+0000] {dagbag.py:540} INFO - Filling up the DagBag from /opt/airflow/dags/Airflow/dags/extract_open_meteo_dag.py
[2025-10-10T07:57:48.530+0000] {processor.py:840} INFO - DAG(s) 'extract_open_meteo_v1' retrieved from /opt/airflow/dags/Airflow/dags/extract_open_meteo_dag.py
[2025-10-10T07:57:48.639+0000] {logging_mixin.py:188} INFO - [2025-10-10T07:57:48.639+0000] {dag.py:3047} INFO - Sync 1 DAGs
[2025-10-10T07:57:48.748+0000] {logging_mixin.py:188} INFO - [2025-10-10T07:57:48.747+0000] {dag.py:3834} INFO - Setting next_dagrun for extract_open_meteo_v1 to 2025-10-10 00:00:00+00:00, run_after=2025-10-11 00:00:00+00:00
[2025-10-10T07:57:48.829+0000] {processor.py:183} INFO - Processing /opt/airflow/dags/Airflow/dags/extract_open_meteo_dag.py took 0.561 seconds
[2025-10-10T07:58:19.262+0000] {processor.py:161} INFO - Started process (PID=441) to work on /opt/airflow/dags/Airflow/dags/extract_open_meteo_dag.py
[2025-10-10T07:58:19.264+0000] {processor.py:830} INFO - Processing file /opt/airflow/dags/Airflow/dags/extract_open_meteo_dag.py for tasks to queue
[2025-10-10T07:58:19.267+0000] {logging_mixin.py:188} INFO - [2025-10-10T07:58:19.266+0000] {dagbag.py:540} INFO - Filling up the DagBag from /opt/airflow/dags/Airflow/dags/extract_open_meteo_dag.py
[2025-10-10T07:58:19.329+0000] {processor.py:840} INFO - DAG(s) 'extract_open_meteo_v1' retrieved from /opt/airflow/dags/Airflow/dags/extract_open_meteo_dag.py
[2025-10-10T07:58:19.424+0000] {logging_mixin.py:188} INFO - [2025-10-10T07:58:19.423+0000] {dag.py:3047} INFO - Sync 1 DAGs
[2025-10-10T07:58:19.482+0000] {logging_mixin.py:188} INFO - [2025-10-10T07:58:19.482+0000] {dag.py:3834} INFO - Setting next_dagrun for extract_open_meteo_v1 to 2025-10-10 00:00:00+00:00, run_after=2025-10-11 00:00:00+00:00
[2025-10-10T07:58:19.555+0000] {processor.py:183} INFO - Processing /opt/airflow/dags/Airflow/dags/extract_open_meteo_dag.py took 0.298 seconds
[2025-10-10T07:58:49.665+0000] {processor.py:161} INFO - Started process (PID=446) to work on /opt/airflow/dags/Airflow/dags/extract_open_meteo_dag.py
[2025-10-10T07:58:49.667+0000] {processor.py:830} INFO - Processing file /opt/airflow/dags/Airflow/dags/extract_open_meteo_dag.py for tasks to queue
[2025-10-10T07:58:49.669+0000] {logging_mixin.py:188} INFO - [2025-10-10T07:58:49.669+0000] {dagbag.py:540} INFO - Filling up the DagBag from /opt/airflow/dags/Airflow/dags/extract_open_meteo_dag.py
[2025-10-10T07:58:49.731+0000] {processor.py:840} INFO - DAG(s) 'extract_open_meteo_v1' retrieved from /opt/airflow/dags/Airflow/dags/extract_open_meteo_dag.py
[2025-10-10T07:58:49.824+0000] {logging_mixin.py:188} INFO - [2025-10-10T07:58:49.823+0000] {dag.py:3047} INFO - Sync 1 DAGs
[2025-10-10T07:58:49.906+0000] {logging_mixin.py:188} INFO - [2025-10-10T07:58:49.906+0000] {dag.py:3834} INFO - Setting next_dagrun for extract_open_meteo_v1 to 2025-10-10 00:00:00+00:00, run_after=2025-10-11 00:00:00+00:00
[2025-10-10T07:58:49.980+0000] {processor.py:183} INFO - Processing /opt/airflow/dags/Airflow/dags/extract_open_meteo_dag.py took 0.319 seconds
[2025-10-10T07:59:20.368+0000] {processor.py:161} INFO - Started process (PID=451) to work on /opt/airflow/dags/Airflow/dags/extract_open_meteo_dag.py
[2025-10-10T07:59:20.371+0000] {processor.py:830} INFO - Processing file /opt/airflow/dags/Airflow/dags/extract_open_meteo_dag.py for tasks to queue
[2025-10-10T07:59:20.376+0000] {logging_mixin.py:188} INFO - [2025-10-10T07:59:20.375+0000] {dagbag.py:540} INFO - Filling up the DagBag from /opt/airflow/dags/Airflow/dags/extract_open_meteo_dag.py
[2025-10-10T07:59:20.446+0000] {processor.py:840} INFO - DAG(s) 'extract_open_meteo_v1' retrieved from /opt/airflow/dags/Airflow/dags/extract_open_meteo_dag.py
[2025-10-10T07:59:20.548+0000] {logging_mixin.py:188} INFO - [2025-10-10T07:59:20.547+0000] {dag.py:3047} INFO - Sync 1 DAGs
[2025-10-10T07:59:20.628+0000] {logging_mixin.py:188} INFO - [2025-10-10T07:59:20.627+0000] {dag.py:3834} INFO - Setting next_dagrun for extract_open_meteo_v1 to 2025-10-10 00:00:00+00:00, run_after=2025-10-11 00:00:00+00:00
[2025-10-10T07:59:20.724+0000] {processor.py:183} INFO - Processing /opt/airflow/dags/Airflow/dags/extract_open_meteo_dag.py took 0.361 seconds
[2025-10-10T07:59:50.914+0000] {processor.py:161} INFO - Started process (PID=456) to work on /opt/airflow/dags/Airflow/dags/extract_open_meteo_dag.py
[2025-10-10T07:59:50.916+0000] {processor.py:830} INFO - Processing file /opt/airflow/dags/Airflow/dags/extract_open_meteo_dag.py for tasks to queue
[2025-10-10T07:59:50.919+0000] {logging_mixin.py:188} INFO - [2025-10-10T07:59:50.918+0000] {dagbag.py:540} INFO - Filling up the DagBag from /opt/airflow/dags/Airflow/dags/extract_open_meteo_dag.py
[2025-10-10T07:59:50.982+0000] {processor.py:840} INFO - DAG(s) 'extract_open_meteo_v1' retrieved from /opt/airflow/dags/Airflow/dags/extract_open_meteo_dag.py
[2025-10-10T07:59:51.077+0000] {logging_mixin.py:188} INFO - [2025-10-10T07:59:51.077+0000] {dag.py:3047} INFO - Sync 1 DAGs
[2025-10-10T07:59:51.151+0000] {logging_mixin.py:188} INFO - [2025-10-10T07:59:51.151+0000] {dag.py:3834} INFO - Setting next_dagrun for extract_open_meteo_v1 to 2025-10-10 00:00:00+00:00, run_after=2025-10-11 00:00:00+00:00
[2025-10-10T07:59:51.229+0000] {processor.py:183} INFO - Processing /opt/airflow/dags/Airflow/dags/extract_open_meteo_dag.py took 0.320 seconds
[2025-10-10T08:00:21.659+0000] {processor.py:161} INFO - Started process (PID=461) to work on /opt/airflow/dags/Airflow/dags/extract_open_meteo_dag.py
[2025-10-10T08:00:21.661+0000] {processor.py:830} INFO - Processing file /opt/airflow/dags/Airflow/dags/extract_open_meteo_dag.py for tasks to queue
[2025-10-10T08:00:21.664+0000] {logging_mixin.py:188} INFO - [2025-10-10T08:00:21.663+0000] {dagbag.py:540} INFO - Filling up the DagBag from /opt/airflow/dags/Airflow/dags/extract_open_meteo_dag.py
[2025-10-10T08:00:21.727+0000] {processor.py:840} INFO - DAG(s) 'extract_open_meteo_v1' retrieved from /opt/airflow/dags/Airflow/dags/extract_open_meteo_dag.py
[2025-10-10T08:00:21.835+0000] {logging_mixin.py:188} INFO - [2025-10-10T08:00:21.834+0000] {dag.py:3047} INFO - Sync 1 DAGs
[2025-10-10T08:00:21.922+0000] {logging_mixin.py:188} INFO - [2025-10-10T08:00:21.922+0000] {dag.py:3834} INFO - Setting next_dagrun for extract_open_meteo_v1 to 2025-10-10 00:00:00+00:00, run_after=2025-10-11 00:00:00+00:00
[2025-10-10T08:00:22.015+0000] {processor.py:183} INFO - Processing /opt/airflow/dags/Airflow/dags/extract_open_meteo_dag.py took 0.363 seconds
[2025-10-10T08:00:52.181+0000] {processor.py:161} INFO - Started process (PID=466) to work on /opt/airflow/dags/Airflow/dags/extract_open_meteo_dag.py
[2025-10-10T08:00:52.183+0000] {processor.py:830} INFO - Processing file /opt/airflow/dags/Airflow/dags/extract_open_meteo_dag.py for tasks to queue
[2025-10-10T08:00:52.186+0000] {logging_mixin.py:188} INFO - [2025-10-10T08:00:52.185+0000] {dagbag.py:540} INFO - Filling up the DagBag from /opt/airflow/dags/Airflow/dags/extract_open_meteo_dag.py
[2025-10-10T08:00:52.242+0000] {processor.py:840} INFO - DAG(s) 'extract_open_meteo_v1' retrieved from /opt/airflow/dags/Airflow/dags/extract_open_meteo_dag.py
[2025-10-10T08:00:52.340+0000] {logging_mixin.py:188} INFO - [2025-10-10T08:00:52.339+0000] {dag.py:3047} INFO - Sync 1 DAGs
[2025-10-10T08:00:52.402+0000] {logging_mixin.py:188} INFO - [2025-10-10T08:00:52.401+0000] {dag.py:3834} INFO - Setting next_dagrun for extract_open_meteo_v1 to 2025-10-10 00:00:00+00:00, run_after=2025-10-11 00:00:00+00:00
[2025-10-10T08:00:52.483+0000] {processor.py:183} INFO - Processing /opt/airflow/dags/Airflow/dags/extract_open_meteo_dag.py took 0.307 seconds
[2025-10-10T08:01:22.590+0000] {processor.py:161} INFO - Started process (PID=471) to work on /opt/airflow/dags/Airflow/dags/extract_open_meteo_dag.py
[2025-10-10T08:01:22.593+0000] {processor.py:830} INFO - Processing file /opt/airflow/dags/Airflow/dags/extract_open_meteo_dag.py for tasks to queue
[2025-10-10T08:01:22.595+0000] {logging_mixin.py:188} INFO - [2025-10-10T08:01:22.594+0000] {dagbag.py:540} INFO - Filling up the DagBag from /opt/airflow/dags/Airflow/dags/extract_open_meteo_dag.py
[2025-10-10T08:01:22.647+0000] {processor.py:840} INFO - DAG(s) 'extract_open_meteo_v1' retrieved from /opt/airflow/dags/Airflow/dags/extract_open_meteo_dag.py
[2025-10-10T08:01:22.741+0000] {logging_mixin.py:188} INFO - [2025-10-10T08:01:22.740+0000] {dag.py:3047} INFO - Sync 1 DAGs
[2025-10-10T08:01:22.806+0000] {logging_mixin.py:188} INFO - [2025-10-10T08:01:22.805+0000] {dag.py:3834} INFO - Setting next_dagrun for extract_open_meteo_v1 to 2025-10-10 00:00:00+00:00, run_after=2025-10-11 00:00:00+00:00
[2025-10-10T08:01:22.888+0000] {processor.py:183} INFO - Processing /opt/airflow/dags/Airflow/dags/extract_open_meteo_dag.py took 0.303 seconds
[2025-10-10T08:01:53.271+0000] {processor.py:161} INFO - Started process (PID=476) to work on /opt/airflow/dags/Airflow/dags/extract_open_meteo_dag.py
[2025-10-10T08:01:53.273+0000] {processor.py:830} INFO - Processing file /opt/airflow/dags/Airflow/dags/extract_open_meteo_dag.py for tasks to queue
[2025-10-10T08:01:53.275+0000] {logging_mixin.py:188} INFO - [2025-10-10T08:01:53.274+0000] {dagbag.py:540} INFO - Filling up the DagBag from /opt/airflow/dags/Airflow/dags/extract_open_meteo_dag.py
[2025-10-10T08:01:53.330+0000] {processor.py:840} INFO - DAG(s) 'extract_open_meteo_v1' retrieved from /opt/airflow/dags/Airflow/dags/extract_open_meteo_dag.py
[2025-10-10T08:01:53.425+0000] {logging_mixin.py:188} INFO - [2025-10-10T08:01:53.424+0000] {dag.py:3047} INFO - Sync 1 DAGs
[2025-10-10T08:01:53.494+0000] {logging_mixin.py:188} INFO - [2025-10-10T08:01:53.493+0000] {dag.py:3834} INFO - Setting next_dagrun for extract_open_meteo_v1 to 2025-10-10 00:00:00+00:00, run_after=2025-10-11 00:00:00+00:00
[2025-10-10T08:01:53.573+0000] {processor.py:183} INFO - Processing /opt/airflow/dags/Airflow/dags/extract_open_meteo_dag.py took 0.308 seconds
[2025-10-10T08:02:23.751+0000] {processor.py:161} INFO - Started process (PID=481) to work on /opt/airflow/dags/Airflow/dags/extract_open_meteo_dag.py
[2025-10-10T08:02:23.754+0000] {processor.py:830} INFO - Processing file /opt/airflow/dags/Airflow/dags/extract_open_meteo_dag.py for tasks to queue
[2025-10-10T08:02:23.757+0000] {logging_mixin.py:188} INFO - [2025-10-10T08:02:23.756+0000] {dagbag.py:540} INFO - Filling up the DagBag from /opt/airflow/dags/Airflow/dags/extract_open_meteo_dag.py
[2025-10-10T08:02:23.816+0000] {processor.py:840} INFO - DAG(s) 'extract_open_meteo_v1' retrieved from /opt/airflow/dags/Airflow/dags/extract_open_meteo_dag.py
[2025-10-10T08:02:23.903+0000] {logging_mixin.py:188} INFO - [2025-10-10T08:02:23.903+0000] {dag.py:3047} INFO - Sync 1 DAGs
[2025-10-10T08:02:23.971+0000] {logging_mixin.py:188} INFO - [2025-10-10T08:02:23.970+0000] {dag.py:3834} INFO - Setting next_dagrun for extract_open_meteo_v1 to 2025-10-10 00:00:00+00:00, run_after=2025-10-11 00:00:00+00:00
[2025-10-10T08:02:24.056+0000] {processor.py:183} INFO - Processing /opt/airflow/dags/Airflow/dags/extract_open_meteo_dag.py took 0.312 seconds
[2025-10-10T08:02:54.378+0000] {processor.py:161} INFO - Started process (PID=486) to work on /opt/airflow/dags/Airflow/dags/extract_open_meteo_dag.py
[2025-10-10T08:02:54.380+0000] {processor.py:830} INFO - Processing file /opt/airflow/dags/Airflow/dags/extract_open_meteo_dag.py for tasks to queue
[2025-10-10T08:02:54.382+0000] {logging_mixin.py:188} INFO - [2025-10-10T08:02:54.381+0000] {dagbag.py:540} INFO - Filling up the DagBag from /opt/airflow/dags/Airflow/dags/extract_open_meteo_dag.py
[2025-10-10T08:02:54.435+0000] {processor.py:840} INFO - DAG(s) 'extract_open_meteo_v1' retrieved from /opt/airflow/dags/Airflow/dags/extract_open_meteo_dag.py
[2025-10-10T08:02:54.512+0000] {logging_mixin.py:188} INFO - [2025-10-10T08:02:54.512+0000] {dag.py:3047} INFO - Sync 1 DAGs
[2025-10-10T08:02:54.569+0000] {logging_mixin.py:188} INFO - [2025-10-10T08:02:54.569+0000] {dag.py:3834} INFO - Setting next_dagrun for extract_open_meteo_v1 to 2025-10-10 00:00:00+00:00, run_after=2025-10-11 00:00:00+00:00
[2025-10-10T08:02:54.642+0000] {processor.py:183} INFO - Processing /opt/airflow/dags/Airflow/dags/extract_open_meteo_dag.py took 0.268 seconds
[2025-10-10T08:03:24.936+0000] {processor.py:161} INFO - Started process (PID=491) to work on /opt/airflow/dags/Airflow/dags/extract_open_meteo_dag.py
[2025-10-10T08:03:24.938+0000] {processor.py:830} INFO - Processing file /opt/airflow/dags/Airflow/dags/extract_open_meteo_dag.py for tasks to queue
[2025-10-10T08:03:24.941+0000] {logging_mixin.py:188} INFO - [2025-10-10T08:03:24.940+0000] {dagbag.py:540} INFO - Filling up the DagBag from /opt/airflow/dags/Airflow/dags/extract_open_meteo_dag.py
[2025-10-10T08:03:25.002+0000] {processor.py:840} INFO - DAG(s) 'extract_open_meteo_v1' retrieved from /opt/airflow/dags/Airflow/dags/extract_open_meteo_dag.py
[2025-10-10T08:03:25.101+0000] {logging_mixin.py:188} INFO - [2025-10-10T08:03:25.101+0000] {dag.py:3047} INFO - Sync 1 DAGs
[2025-10-10T08:03:25.187+0000] {logging_mixin.py:188} INFO - [2025-10-10T08:03:25.186+0000] {dag.py:3834} INFO - Setting next_dagrun for extract_open_meteo_v1 to 2025-10-10 00:00:00+00:00, run_after=2025-10-11 00:00:00+00:00
[2025-10-10T08:03:25.276+0000] {processor.py:183} INFO - Processing /opt/airflow/dags/Airflow/dags/extract_open_meteo_dag.py took 0.345 seconds
[2025-10-10T08:03:55.470+0000] {processor.py:161} INFO - Started process (PID=496) to work on /opt/airflow/dags/Airflow/dags/extract_open_meteo_dag.py
[2025-10-10T08:03:55.473+0000] {processor.py:830} INFO - Processing file /opt/airflow/dags/Airflow/dags/extract_open_meteo_dag.py for tasks to queue
[2025-10-10T08:03:55.476+0000] {logging_mixin.py:188} INFO - [2025-10-10T08:03:55.475+0000] {dagbag.py:540} INFO - Filling up the DagBag from /opt/airflow/dags/Airflow/dags/extract_open_meteo_dag.py
[2025-10-10T08:03:55.527+0000] {processor.py:840} INFO - DAG(s) 'extract_open_meteo_v1' retrieved from /opt/airflow/dags/Airflow/dags/extract_open_meteo_dag.py
[2025-10-10T08:03:55.626+0000] {logging_mixin.py:188} INFO - [2025-10-10T08:03:55.625+0000] {dag.py:3047} INFO - Sync 1 DAGs
[2025-10-10T08:03:55.692+0000] {logging_mixin.py:188} INFO - [2025-10-10T08:03:55.690+0000] {dag.py:3834} INFO - Setting next_dagrun for extract_open_meteo_v1 to 2025-10-10 00:00:00+00:00, run_after=2025-10-11 00:00:00+00:00
[2025-10-10T08:03:55.786+0000] {processor.py:183} INFO - Processing /opt/airflow/dags/Airflow/dags/extract_open_meteo_dag.py took 0.320 seconds
[2025-10-10T08:04:26.198+0000] {processor.py:161} INFO - Started process (PID=501) to work on /opt/airflow/dags/Airflow/dags/extract_open_meteo_dag.py
[2025-10-10T08:04:26.201+0000] {processor.py:830} INFO - Processing file /opt/airflow/dags/Airflow/dags/extract_open_meteo_dag.py for tasks to queue
[2025-10-10T08:04:26.204+0000] {logging_mixin.py:188} INFO - [2025-10-10T08:04:26.203+0000] {dagbag.py:540} INFO - Filling up the DagBag from /opt/airflow/dags/Airflow/dags/extract_open_meteo_dag.py
[2025-10-10T08:04:26.254+0000] {processor.py:840} INFO - DAG(s) 'extract_open_meteo_v1' retrieved from /opt/airflow/dags/Airflow/dags/extract_open_meteo_dag.py
[2025-10-10T08:04:26.348+0000] {logging_mixin.py:188} INFO - [2025-10-10T08:04:26.348+0000] {dag.py:3047} INFO - Sync 1 DAGs
[2025-10-10T08:04:26.416+0000] {logging_mixin.py:188} INFO - [2025-10-10T08:04:26.416+0000] {dag.py:3834} INFO - Setting next_dagrun for extract_open_meteo_v1 to 2025-10-10 00:00:00+00:00, run_after=2025-10-11 00:00:00+00:00
[2025-10-10T08:04:26.496+0000] {processor.py:183} INFO - Processing /opt/airflow/dags/Airflow/dags/extract_open_meteo_dag.py took 0.302 seconds
[2025-10-10T08:04:56.738+0000] {processor.py:161} INFO - Started process (PID=506) to work on /opt/airflow/dags/Airflow/dags/extract_open_meteo_dag.py
[2025-10-10T08:04:56.741+0000] {processor.py:830} INFO - Processing file /opt/airflow/dags/Airflow/dags/extract_open_meteo_dag.py for tasks to queue
[2025-10-10T08:04:56.744+0000] {logging_mixin.py:188} INFO - [2025-10-10T08:04:56.743+0000] {dagbag.py:540} INFO - Filling up the DagBag from /opt/airflow/dags/Airflow/dags/extract_open_meteo_dag.py
[2025-10-10T08:04:56.810+0000] {processor.py:840} INFO - DAG(s) 'extract_open_meteo_v1' retrieved from /opt/airflow/dags/Airflow/dags/extract_open_meteo_dag.py
[2025-10-10T08:04:56.935+0000] {logging_mixin.py:188} INFO - [2025-10-10T08:04:56.935+0000] {dag.py:3047} INFO - Sync 1 DAGs
[2025-10-10T08:04:57.016+0000] {logging_mixin.py:188} INFO - [2025-10-10T08:04:57.016+0000] {dag.py:3834} INFO - Setting next_dagrun for extract_open_meteo_v1 to 2025-10-10 00:00:00+00:00, run_after=2025-10-11 00:00:00+00:00
[2025-10-10T08:04:57.113+0000] {processor.py:183} INFO - Processing /opt/airflow/dags/Airflow/dags/extract_open_meteo_dag.py took 0.383 seconds
[2025-10-10T08:05:27.364+0000] {processor.py:161} INFO - Started process (PID=511) to work on /opt/airflow/dags/Airflow/dags/extract_open_meteo_dag.py
[2025-10-10T08:05:27.366+0000] {processor.py:830} INFO - Processing file /opt/airflow/dags/Airflow/dags/extract_open_meteo_dag.py for tasks to queue
[2025-10-10T08:05:27.369+0000] {logging_mixin.py:188} INFO - [2025-10-10T08:05:27.368+0000] {dagbag.py:540} INFO - Filling up the DagBag from /opt/airflow/dags/Airflow/dags/extract_open_meteo_dag.py
[2025-10-10T08:05:27.434+0000] {processor.py:840} INFO - DAG(s) 'extract_open_meteo_v1' retrieved from /opt/airflow/dags/Airflow/dags/extract_open_meteo_dag.py
[2025-10-10T08:05:27.537+0000] {logging_mixin.py:188} INFO - [2025-10-10T08:05:27.536+0000] {dag.py:3047} INFO - Sync 1 DAGs
[2025-10-10T08:05:27.610+0000] {logging_mixin.py:188} INFO - [2025-10-10T08:05:27.609+0000] {dag.py:3834} INFO - Setting next_dagrun for extract_open_meteo_v1 to 2025-10-10 00:00:00+00:00, run_after=2025-10-11 00:00:00+00:00
[2025-10-10T08:05:27.698+0000] {processor.py:183} INFO - Processing /opt/airflow/dags/Airflow/dags/extract_open_meteo_dag.py took 0.340 seconds
[2025-10-10T08:05:57.990+0000] {processor.py:161} INFO - Started process (PID=516) to work on /opt/airflow/dags/Airflow/dags/extract_open_meteo_dag.py
[2025-10-10T08:05:57.992+0000] {processor.py:830} INFO - Processing file /opt/airflow/dags/Airflow/dags/extract_open_meteo_dag.py for tasks to queue
[2025-10-10T08:05:57.995+0000] {logging_mixin.py:188} INFO - [2025-10-10T08:05:57.993+0000] {dagbag.py:540} INFO - Filling up the DagBag from /opt/airflow/dags/Airflow/dags/extract_open_meteo_dag.py
[2025-10-10T08:05:58.045+0000] {processor.py:840} INFO - DAG(s) 'extract_open_meteo_v1' retrieved from /opt/airflow/dags/Airflow/dags/extract_open_meteo_dag.py
[2025-10-10T08:05:58.151+0000] {logging_mixin.py:188} INFO - [2025-10-10T08:05:58.150+0000] {dag.py:3047} INFO - Sync 1 DAGs
[2025-10-10T08:05:58.376+0000] {logging_mixin.py:188} INFO - [2025-10-10T08:05:58.376+0000] {dag.py:3834} INFO - Setting next_dagrun for extract_open_meteo_v1 to 2025-10-10 00:00:00+00:00, run_after=2025-10-11 00:00:00+00:00
[2025-10-10T08:05:58.626+0000] {processor.py:183} INFO - Processing /opt/airflow/dags/Airflow/dags/extract_open_meteo_dag.py took 0.641 seconds
[2025-10-10T08:06:29.153+0000] {processor.py:161} INFO - Started process (PID=521) to work on /opt/airflow/dags/Airflow/dags/extract_open_meteo_dag.py
[2025-10-10T08:06:29.157+0000] {processor.py:830} INFO - Processing file /opt/airflow/dags/Airflow/dags/extract_open_meteo_dag.py for tasks to queue
[2025-10-10T08:06:29.161+0000] {logging_mixin.py:188} INFO - [2025-10-10T08:06:29.160+0000] {dagbag.py:540} INFO - Filling up the DagBag from /opt/airflow/dags/Airflow/dags/extract_open_meteo_dag.py
[2025-10-10T08:06:29.268+0000] {processor.py:840} INFO - DAG(s) 'extract_open_meteo_v1' retrieved from /opt/airflow/dags/Airflow/dags/extract_open_meteo_dag.py
[2025-10-10T08:06:29.377+0000] {logging_mixin.py:188} INFO - [2025-10-10T08:06:29.376+0000] {dag.py:3047} INFO - Sync 1 DAGs
[2025-10-10T08:06:29.438+0000] {logging_mixin.py:188} INFO - [2025-10-10T08:06:29.437+0000] {dag.py:3834} INFO - Setting next_dagrun for extract_open_meteo_v1 to 2025-10-10 00:00:00+00:00, run_after=2025-10-11 00:00:00+00:00
[2025-10-10T08:06:29.511+0000] {processor.py:183} INFO - Processing /opt/airflow/dags/Airflow/dags/extract_open_meteo_dag.py took 0.366 seconds
[2025-10-10T08:06:59.971+0000] {processor.py:161} INFO - Started process (PID=526) to work on /opt/airflow/dags/Airflow/dags/extract_open_meteo_dag.py
[2025-10-10T08:06:59.973+0000] {processor.py:830} INFO - Processing file /opt/airflow/dags/Airflow/dags/extract_open_meteo_dag.py for tasks to queue
[2025-10-10T08:06:59.976+0000] {logging_mixin.py:188} INFO - [2025-10-10T08:06:59.975+0000] {dagbag.py:540} INFO - Filling up the DagBag from /opt/airflow/dags/Airflow/dags/extract_open_meteo_dag.py
[2025-10-10T08:07:00.043+0000] {processor.py:840} INFO - DAG(s) 'extract_open_meteo_v1' retrieved from /opt/airflow/dags/Airflow/dags/extract_open_meteo_dag.py
[2025-10-10T08:07:00.134+0000] {logging_mixin.py:188} INFO - [2025-10-10T08:07:00.134+0000] {dag.py:3047} INFO - Sync 1 DAGs
[2025-10-10T08:07:00.210+0000] {logging_mixin.py:188} INFO - [2025-10-10T08:07:00.209+0000] {dag.py:3834} INFO - Setting next_dagrun for extract_open_meteo_v1 to 2025-10-10 00:00:00+00:00, run_after=2025-10-11 00:00:00+00:00
[2025-10-10T08:07:00.291+0000] {processor.py:183} INFO - Processing /opt/airflow/dags/Airflow/dags/extract_open_meteo_dag.py took 0.325 seconds
[2025-10-10T08:07:30.759+0000] {processor.py:161} INFO - Started process (PID=531) to work on /opt/airflow/dags/Airflow/dags/extract_open_meteo_dag.py
[2025-10-10T08:07:30.762+0000] {processor.py:830} INFO - Processing file /opt/airflow/dags/Airflow/dags/extract_open_meteo_dag.py for tasks to queue
[2025-10-10T08:07:30.764+0000] {logging_mixin.py:188} INFO - [2025-10-10T08:07:30.763+0000] {dagbag.py:540} INFO - Filling up the DagBag from /opt/airflow/dags/Airflow/dags/extract_open_meteo_dag.py
[2025-10-10T08:07:30.814+0000] {processor.py:840} INFO - DAG(s) 'extract_open_meteo_v1' retrieved from /opt/airflow/dags/Airflow/dags/extract_open_meteo_dag.py
[2025-10-10T08:07:30.905+0000] {logging_mixin.py:188} INFO - [2025-10-10T08:07:30.904+0000] {dag.py:3047} INFO - Sync 1 DAGs
[2025-10-10T08:07:30.998+0000] {logging_mixin.py:188} INFO - [2025-10-10T08:07:30.998+0000] {dag.py:3834} INFO - Setting next_dagrun for extract_open_meteo_v1 to 2025-10-10 00:00:00+00:00, run_after=2025-10-11 00:00:00+00:00
[2025-10-10T08:07:31.099+0000] {processor.py:183} INFO - Processing /opt/airflow/dags/Airflow/dags/extract_open_meteo_dag.py took 0.344 seconds
[2025-10-10T08:08:01.639+0000] {processor.py:161} INFO - Started process (PID=536) to work on /opt/airflow/dags/Airflow/dags/extract_open_meteo_dag.py
[2025-10-10T08:08:01.642+0000] {processor.py:830} INFO - Processing file /opt/airflow/dags/Airflow/dags/extract_open_meteo_dag.py for tasks to queue
[2025-10-10T08:08:01.644+0000] {logging_mixin.py:188} INFO - [2025-10-10T08:08:01.644+0000] {dagbag.py:540} INFO - Filling up the DagBag from /opt/airflow/dags/Airflow/dags/extract_open_meteo_dag.py
[2025-10-10T08:08:01.697+0000] {processor.py:840} INFO - DAG(s) 'extract_open_meteo_v1' retrieved from /opt/airflow/dags/Airflow/dags/extract_open_meteo_dag.py
[2025-10-10T08:08:01.838+0000] {logging_mixin.py:188} INFO - [2025-10-10T08:08:01.837+0000] {dag.py:3047} INFO - Sync 1 DAGs
[2025-10-10T08:08:01.919+0000] {logging_mixin.py:188} INFO - [2025-10-10T08:08:01.918+0000] {dag.py:3834} INFO - Setting next_dagrun for extract_open_meteo_v1 to 2025-10-10 00:00:00+00:00, run_after=2025-10-11 00:00:00+00:00
[2025-10-10T08:08:02.011+0000] {processor.py:183} INFO - Processing /opt/airflow/dags/Airflow/dags/extract_open_meteo_dag.py took 0.378 seconds
[2025-10-10T08:08:32.431+0000] {processor.py:161} INFO - Started process (PID=541) to work on /opt/airflow/dags/Airflow/dags/extract_open_meteo_dag.py
[2025-10-10T08:08:32.433+0000] {processor.py:830} INFO - Processing file /opt/airflow/dags/Airflow/dags/extract_open_meteo_dag.py for tasks to queue
[2025-10-10T08:08:32.435+0000] {logging_mixin.py:188} INFO - [2025-10-10T08:08:32.435+0000] {dagbag.py:540} INFO - Filling up the DagBag from /opt/airflow/dags/Airflow/dags/extract_open_meteo_dag.py
[2025-10-10T08:08:32.496+0000] {processor.py:840} INFO - DAG(s) 'extract_open_meteo_v1' retrieved from /opt/airflow/dags/Airflow/dags/extract_open_meteo_dag.py
[2025-10-10T08:08:32.585+0000] {logging_mixin.py:188} INFO - [2025-10-10T08:08:32.585+0000] {dag.py:3047} INFO - Sync 1 DAGs
[2025-10-10T08:08:32.649+0000] {logging_mixin.py:188} INFO - [2025-10-10T08:08:32.649+0000] {dag.py:3834} INFO - Setting next_dagrun for extract_open_meteo_v1 to 2025-10-10 00:00:00+00:00, run_after=2025-10-11 00:00:00+00:00
[2025-10-10T08:08:32.728+0000] {processor.py:183} INFO - Processing /opt/airflow/dags/Airflow/dags/extract_open_meteo_dag.py took 0.303 seconds
[2025-10-10T08:09:02.869+0000] {processor.py:161} INFO - Started process (PID=546) to work on /opt/airflow/dags/Airflow/dags/extract_open_meteo_dag.py
[2025-10-10T08:09:02.871+0000] {processor.py:830} INFO - Processing file /opt/airflow/dags/Airflow/dags/extract_open_meteo_dag.py for tasks to queue
[2025-10-10T08:09:02.873+0000] {logging_mixin.py:188} INFO - [2025-10-10T08:09:02.872+0000] {dagbag.py:540} INFO - Filling up the DagBag from /opt/airflow/dags/Airflow/dags/extract_open_meteo_dag.py
[2025-10-10T08:09:02.925+0000] {processor.py:840} INFO - DAG(s) 'extract_open_meteo_v1' retrieved from /opt/airflow/dags/Airflow/dags/extract_open_meteo_dag.py
[2025-10-10T08:09:03.015+0000] {logging_mixin.py:188} INFO - [2025-10-10T08:09:03.014+0000] {dag.py:3047} INFO - Sync 1 DAGs
[2025-10-10T08:09:03.076+0000] {logging_mixin.py:188} INFO - [2025-10-10T08:09:03.075+0000] {dag.py:3834} INFO - Setting next_dagrun for extract_open_meteo_v1 to 2025-10-10 00:00:00+00:00, run_after=2025-10-11 00:00:00+00:00
[2025-10-10T08:09:03.149+0000] {processor.py:183} INFO - Processing /opt/airflow/dags/Airflow/dags/extract_open_meteo_dag.py took 0.285 seconds
[2025-10-10T08:09:33.628+0000] {processor.py:161} INFO - Started process (PID=551) to work on /opt/airflow/dags/Airflow/dags/extract_open_meteo_dag.py
[2025-10-10T08:09:33.631+0000] {processor.py:830} INFO - Processing file /opt/airflow/dags/Airflow/dags/extract_open_meteo_dag.py for tasks to queue
[2025-10-10T08:09:33.634+0000] {logging_mixin.py:188} INFO - [2025-10-10T08:09:33.633+0000] {dagbag.py:540} INFO - Filling up the DagBag from /opt/airflow/dags/Airflow/dags/extract_open_meteo_dag.py
[2025-10-10T08:09:33.694+0000] {processor.py:840} INFO - DAG(s) 'extract_open_meteo_v1' retrieved from /opt/airflow/dags/Airflow/dags/extract_open_meteo_dag.py
[2025-10-10T08:09:33.785+0000] {logging_mixin.py:188} INFO - [2025-10-10T08:09:33.784+0000] {dag.py:3047} INFO - Sync 1 DAGs
[2025-10-10T08:09:33.850+0000] {logging_mixin.py:188} INFO - [2025-10-10T08:09:33.849+0000] {dag.py:3834} INFO - Setting next_dagrun for extract_open_meteo_v1 to 2025-10-10 00:00:00+00:00, run_after=2025-10-11 00:00:00+00:00
[2025-10-10T08:09:33.928+0000] {processor.py:183} INFO - Processing /opt/airflow/dags/Airflow/dags/extract_open_meteo_dag.py took 0.305 seconds
[2025-10-10T08:10:04.112+0000] {processor.py:161} INFO - Started process (PID=556) to work on /opt/airflow/dags/Airflow/dags/extract_open_meteo_dag.py
[2025-10-10T08:10:04.114+0000] {processor.py:830} INFO - Processing file /opt/airflow/dags/Airflow/dags/extract_open_meteo_dag.py for tasks to queue
[2025-10-10T08:10:04.116+0000] {logging_mixin.py:188} INFO - [2025-10-10T08:10:04.116+0000] {dagbag.py:540} INFO - Filling up the DagBag from /opt/airflow/dags/Airflow/dags/extract_open_meteo_dag.py
[2025-10-10T08:10:04.168+0000] {processor.py:840} INFO - DAG(s) 'extract_open_meteo_v1' retrieved from /opt/airflow/dags/Airflow/dags/extract_open_meteo_dag.py
[2025-10-10T08:10:04.249+0000] {logging_mixin.py:188} INFO - [2025-10-10T08:10:04.249+0000] {dag.py:3047} INFO - Sync 1 DAGs
[2025-10-10T08:10:04.308+0000] {logging_mixin.py:188} INFO - [2025-10-10T08:10:04.308+0000] {dag.py:3834} INFO - Setting next_dagrun for extract_open_meteo_v1 to 2025-10-10 00:00:00+00:00, run_after=2025-10-11 00:00:00+00:00
[2025-10-10T08:10:04.380+0000] {processor.py:183} INFO - Processing /opt/airflow/dags/Airflow/dags/extract_open_meteo_dag.py took 0.273 seconds
[2025-10-10T08:10:34.831+0000] {processor.py:161} INFO - Started process (PID=561) to work on /opt/airflow/dags/Airflow/dags/extract_open_meteo_dag.py
[2025-10-10T08:10:34.833+0000] {processor.py:830} INFO - Processing file /opt/airflow/dags/Airflow/dags/extract_open_meteo_dag.py for tasks to queue
[2025-10-10T08:10:34.836+0000] {logging_mixin.py:188} INFO - [2025-10-10T08:10:34.835+0000] {dagbag.py:540} INFO - Filling up the DagBag from /opt/airflow/dags/Airflow/dags/extract_open_meteo_dag.py
[2025-10-10T08:10:34.894+0000] {processor.py:840} INFO - DAG(s) 'extract_open_meteo_v1' retrieved from /opt/airflow/dags/Airflow/dags/extract_open_meteo_dag.py
[2025-10-10T08:10:34.993+0000] {logging_mixin.py:188} INFO - [2025-10-10T08:10:34.993+0000] {dag.py:3047} INFO - Sync 1 DAGs
[2025-10-10T08:10:35.074+0000] {logging_mixin.py:188} INFO - [2025-10-10T08:10:35.074+0000] {dag.py:3834} INFO - Setting next_dagrun for extract_open_meteo_v1 to 2025-10-10 00:00:00+00:00, run_after=2025-10-11 00:00:00+00:00
[2025-10-10T08:10:35.175+0000] {processor.py:183} INFO - Processing /opt/airflow/dags/Airflow/dags/extract_open_meteo_dag.py took 0.351 seconds
[2025-10-10T08:11:05.305+0000] {processor.py:161} INFO - Started process (PID=566) to work on /opt/airflow/dags/Airflow/dags/extract_open_meteo_dag.py
[2025-10-10T08:11:05.308+0000] {processor.py:830} INFO - Processing file /opt/airflow/dags/Airflow/dags/extract_open_meteo_dag.py for tasks to queue
[2025-10-10T08:11:05.311+0000] {logging_mixin.py:188} INFO - [2025-10-10T08:11:05.310+0000] {dagbag.py:540} INFO - Filling up the DagBag from /opt/airflow/dags/Airflow/dags/extract_open_meteo_dag.py
[2025-10-10T08:11:05.395+0000] {processor.py:840} INFO - DAG(s) 'extract_open_meteo_v1' retrieved from /opt/airflow/dags/Airflow/dags/extract_open_meteo_dag.py
[2025-10-10T08:11:05.518+0000] {logging_mixin.py:188} INFO - [2025-10-10T08:11:05.518+0000] {dag.py:3047} INFO - Sync 1 DAGs
[2025-10-10T08:11:05.609+0000] {logging_mixin.py:188} INFO - [2025-10-10T08:11:05.609+0000] {dag.py:3834} INFO - Setting next_dagrun for extract_open_meteo_v1 to 2025-10-10 00:00:00+00:00, run_after=2025-10-11 00:00:00+00:00
[2025-10-10T08:11:05.712+0000] {processor.py:183} INFO - Processing /opt/airflow/dags/Airflow/dags/extract_open_meteo_dag.py took 0.412 seconds
[2025-10-10T08:11:36.176+0000] {processor.py:161} INFO - Started process (PID=571) to work on /opt/airflow/dags/Airflow/dags/extract_open_meteo_dag.py
[2025-10-10T08:11:36.178+0000] {processor.py:830} INFO - Processing file /opt/airflow/dags/Airflow/dags/extract_open_meteo_dag.py for tasks to queue
[2025-10-10T08:11:36.180+0000] {logging_mixin.py:188} INFO - [2025-10-10T08:11:36.180+0000] {dagbag.py:540} INFO - Filling up the DagBag from /opt/airflow/dags/Airflow/dags/extract_open_meteo_dag.py
[2025-10-10T08:11:36.236+0000] {processor.py:840} INFO - DAG(s) 'extract_open_meteo_v1' retrieved from /opt/airflow/dags/Airflow/dags/extract_open_meteo_dag.py
[2025-10-10T08:11:36.328+0000] {logging_mixin.py:188} INFO - [2025-10-10T08:11:36.328+0000] {dag.py:3047} INFO - Sync 1 DAGs
[2025-10-10T08:11:36.393+0000] {logging_mixin.py:188} INFO - [2025-10-10T08:11:36.393+0000] {dag.py:3834} INFO - Setting next_dagrun for extract_open_meteo_v1 to 2025-10-10 00:00:00+00:00, run_after=2025-10-11 00:00:00+00:00
[2025-10-10T08:11:36.480+0000] {processor.py:183} INFO - Processing /opt/airflow/dags/Airflow/dags/extract_open_meteo_dag.py took 0.309 seconds
[2025-10-10T08:12:06.995+0000] {processor.py:161} INFO - Started process (PID=576) to work on /opt/airflow/dags/Airflow/dags/extract_open_meteo_dag.py
[2025-10-10T08:12:06.998+0000] {processor.py:830} INFO - Processing file /opt/airflow/dags/Airflow/dags/extract_open_meteo_dag.py for tasks to queue
[2025-10-10T08:12:07.001+0000] {logging_mixin.py:188} INFO - [2025-10-10T08:12:07.000+0000] {dagbag.py:540} INFO - Filling up the DagBag from /opt/airflow/dags/Airflow/dags/extract_open_meteo_dag.py
[2025-10-10T08:12:07.075+0000] {processor.py:840} INFO - DAG(s) 'extract_open_meteo_v1' retrieved from /opt/airflow/dags/Airflow/dags/extract_open_meteo_dag.py
[2025-10-10T08:12:07.193+0000] {logging_mixin.py:188} INFO - [2025-10-10T08:12:07.192+0000] {dag.py:3047} INFO - Sync 1 DAGs
[2025-10-10T08:12:07.284+0000] {logging_mixin.py:188} INFO - [2025-10-10T08:12:07.284+0000] {dag.py:3834} INFO - Setting next_dagrun for extract_open_meteo_v1 to 2025-10-10 00:00:00+00:00, run_after=2025-10-11 00:00:00+00:00
[2025-10-10T08:12:07.382+0000] {processor.py:183} INFO - Processing /opt/airflow/dags/Airflow/dags/extract_open_meteo_dag.py took 0.392 seconds
[2025-10-10T08:12:37.903+0000] {processor.py:161} INFO - Started process (PID=581) to work on /opt/airflow/dags/Airflow/dags/extract_open_meteo_dag.py
[2025-10-10T08:12:37.906+0000] {processor.py:830} INFO - Processing file /opt/airflow/dags/Airflow/dags/extract_open_meteo_dag.py for tasks to queue
[2025-10-10T08:12:37.910+0000] {logging_mixin.py:188} INFO - [2025-10-10T08:12:37.909+0000] {dagbag.py:540} INFO - Filling up the DagBag from /opt/airflow/dags/Airflow/dags/extract_open_meteo_dag.py
[2025-10-10T08:12:37.983+0000] {processor.py:840} INFO - DAG(s) 'extract_open_meteo_v1' retrieved from /opt/airflow/dags/Airflow/dags/extract_open_meteo_dag.py
[2025-10-10T08:12:38.086+0000] {logging_mixin.py:188} INFO - [2025-10-10T08:12:38.086+0000] {dag.py:3047} INFO - Sync 1 DAGs
[2025-10-10T08:12:38.159+0000] {logging_mixin.py:188} INFO - [2025-10-10T08:12:38.158+0000] {dag.py:3834} INFO - Setting next_dagrun for extract_open_meteo_v1 to 2025-10-10 00:00:00+00:00, run_after=2025-10-11 00:00:00+00:00
[2025-10-10T08:12:38.251+0000] {processor.py:183} INFO - Processing /opt/airflow/dags/Airflow/dags/extract_open_meteo_dag.py took 0.356 seconds
[2025-10-10T08:13:08.807+0000] {processor.py:161} INFO - Started process (PID=586) to work on /opt/airflow/dags/Airflow/dags/extract_open_meteo_dag.py
[2025-10-10T08:13:08.825+0000] {processor.py:830} INFO - Processing file /opt/airflow/dags/Airflow/dags/extract_open_meteo_dag.py for tasks to queue
[2025-10-10T08:13:08.835+0000] {logging_mixin.py:188} INFO - [2025-10-10T08:13:08.833+0000] {dagbag.py:540} INFO - Filling up the DagBag from /opt/airflow/dags/Airflow/dags/extract_open_meteo_dag.py
[2025-10-10T08:13:09.011+0000] {processor.py:840} INFO - DAG(s) 'extract_open_meteo_v1' retrieved from /opt/airflow/dags/Airflow/dags/extract_open_meteo_dag.py
[2025-10-10T08:13:09.207+0000] {logging_mixin.py:188} INFO - [2025-10-10T08:13:09.207+0000] {dag.py:3047} INFO - Sync 1 DAGs
[2025-10-10T08:13:09.284+0000] {logging_mixin.py:188} INFO - [2025-10-10T08:13:09.283+0000] {dag.py:3834} INFO - Setting next_dagrun for extract_open_meteo_v1 to 2025-10-10 00:00:00+00:00, run_after=2025-10-11 00:00:00+00:00
[2025-10-10T08:13:09.367+0000] {processor.py:183} INFO - Processing /opt/airflow/dags/Airflow/dags/extract_open_meteo_dag.py took 0.568 seconds
[2025-10-10T08:13:39.714+0000] {processor.py:161} INFO - Started process (PID=591) to work on /opt/airflow/dags/Airflow/dags/extract_open_meteo_dag.py
[2025-10-10T08:13:39.716+0000] {processor.py:830} INFO - Processing file /opt/airflow/dags/Airflow/dags/extract_open_meteo_dag.py for tasks to queue
[2025-10-10T08:13:39.719+0000] {logging_mixin.py:188} INFO - [2025-10-10T08:13:39.718+0000] {dagbag.py:540} INFO - Filling up the DagBag from /opt/airflow/dags/Airflow/dags/extract_open_meteo_dag.py
[2025-10-10T08:13:39.774+0000] {processor.py:840} INFO - DAG(s) 'extract_open_meteo_v1' retrieved from /opt/airflow/dags/Airflow/dags/extract_open_meteo_dag.py
[2025-10-10T08:13:39.859+0000] {logging_mixin.py:188} INFO - [2025-10-10T08:13:39.858+0000] {dag.py:3047} INFO - Sync 1 DAGs
[2025-10-10T08:13:39.916+0000] {logging_mixin.py:188} INFO - [2025-10-10T08:13:39.916+0000] {dag.py:3834} INFO - Setting next_dagrun for extract_open_meteo_v1 to 2025-10-10 00:00:00+00:00, run_after=2025-10-11 00:00:00+00:00
[2025-10-10T08:13:39.980+0000] {processor.py:183} INFO - Processing /opt/airflow/dags/Airflow/dags/extract_open_meteo_dag.py took 0.272 seconds
[2025-10-10T08:14:10.324+0000] {processor.py:161} INFO - Started process (PID=596) to work on /opt/airflow/dags/Airflow/dags/extract_open_meteo_dag.py
[2025-10-10T08:14:10.326+0000] {processor.py:830} INFO - Processing file /opt/airflow/dags/Airflow/dags/extract_open_meteo_dag.py for tasks to queue
[2025-10-10T08:14:10.328+0000] {logging_mixin.py:188} INFO - [2025-10-10T08:14:10.327+0000] {dagbag.py:540} INFO - Filling up the DagBag from /opt/airflow/dags/Airflow/dags/extract_open_meteo_dag.py
[2025-10-10T08:14:10.380+0000] {processor.py:840} INFO - DAG(s) 'extract_open_meteo_v1' retrieved from /opt/airflow/dags/Airflow/dags/extract_open_meteo_dag.py
[2025-10-10T08:14:10.471+0000] {logging_mixin.py:188} INFO - [2025-10-10T08:14:10.471+0000] {dag.py:3047} INFO - Sync 1 DAGs
[2025-10-10T08:14:10.552+0000] {logging_mixin.py:188} INFO - [2025-10-10T08:14:10.551+0000] {dag.py:3834} INFO - Setting next_dagrun for extract_open_meteo_v1 to 2025-10-10 00:00:00+00:00, run_after=2025-10-11 00:00:00+00:00
[2025-10-10T08:14:10.646+0000] {processor.py:183} INFO - Processing /opt/airflow/dags/Airflow/dags/extract_open_meteo_dag.py took 0.327 seconds
[2025-10-10T08:14:40.934+0000] {processor.py:161} INFO - Started process (PID=601) to work on /opt/airflow/dags/Airflow/dags/extract_open_meteo_dag.py
[2025-10-10T08:14:40.937+0000] {processor.py:830} INFO - Processing file /opt/airflow/dags/Airflow/dags/extract_open_meteo_dag.py for tasks to queue
[2025-10-10T08:14:40.939+0000] {logging_mixin.py:188} INFO - [2025-10-10T08:14:40.938+0000] {dagbag.py:540} INFO - Filling up the DagBag from /opt/airflow/dags/Airflow/dags/extract_open_meteo_dag.py
[2025-10-10T08:14:40.998+0000] {processor.py:840} INFO - DAG(s) 'extract_open_meteo_v1' retrieved from /opt/airflow/dags/Airflow/dags/extract_open_meteo_dag.py
[2025-10-10T08:14:41.092+0000] {logging_mixin.py:188} INFO - [2025-10-10T08:14:41.091+0000] {dag.py:3047} INFO - Sync 1 DAGs
[2025-10-10T08:14:41.155+0000] {logging_mixin.py:188} INFO - [2025-10-10T08:14:41.154+0000] {dag.py:3834} INFO - Setting next_dagrun for extract_open_meteo_v1 to 2025-10-10 00:00:00+00:00, run_after=2025-10-11 00:00:00+00:00
[2025-10-10T08:14:41.230+0000] {processor.py:183} INFO - Processing /opt/airflow/dags/Airflow/dags/extract_open_meteo_dag.py took 0.301 seconds
[2025-10-10T08:15:11.566+0000] {processor.py:161} INFO - Started process (PID=606) to work on /opt/airflow/dags/Airflow/dags/extract_open_meteo_dag.py
[2025-10-10T08:15:11.568+0000] {processor.py:830} INFO - Processing file /opt/airflow/dags/Airflow/dags/extract_open_meteo_dag.py for tasks to queue
[2025-10-10T08:15:11.570+0000] {logging_mixin.py:188} INFO - [2025-10-10T08:15:11.570+0000] {dagbag.py:540} INFO - Filling up the DagBag from /opt/airflow/dags/Airflow/dags/extract_open_meteo_dag.py
[2025-10-10T08:15:11.631+0000] {processor.py:840} INFO - DAG(s) 'extract_open_meteo_v1' retrieved from /opt/airflow/dags/Airflow/dags/extract_open_meteo_dag.py
[2025-10-10T08:15:11.715+0000] {logging_mixin.py:188} INFO - [2025-10-10T08:15:11.715+0000] {dag.py:3047} INFO - Sync 1 DAGs
[2025-10-10T08:15:11.775+0000] {logging_mixin.py:188} INFO - [2025-10-10T08:15:11.775+0000] {dag.py:3834} INFO - Setting next_dagrun for extract_open_meteo_v1 to 2025-10-10 00:00:00+00:00, run_after=2025-10-11 00:00:00+00:00
[2025-10-10T08:15:11.843+0000] {processor.py:183} INFO - Processing /opt/airflow/dags/Airflow/dags/extract_open_meteo_dag.py took 0.282 seconds
[2025-10-10T08:15:42.146+0000] {processor.py:161} INFO - Started process (PID=611) to work on /opt/airflow/dags/Airflow/dags/extract_open_meteo_dag.py
[2025-10-10T08:15:42.149+0000] {processor.py:830} INFO - Processing file /opt/airflow/dags/Airflow/dags/extract_open_meteo_dag.py for tasks to queue
[2025-10-10T08:15:42.151+0000] {logging_mixin.py:188} INFO - [2025-10-10T08:15:42.150+0000] {dagbag.py:540} INFO - Filling up the DagBag from /opt/airflow/dags/Airflow/dags/extract_open_meteo_dag.py
[2025-10-10T08:15:42.205+0000] {processor.py:840} INFO - DAG(s) 'extract_open_meteo_v1' retrieved from /opt/airflow/dags/Airflow/dags/extract_open_meteo_dag.py
[2025-10-10T08:15:42.290+0000] {logging_mixin.py:188} INFO - [2025-10-10T08:15:42.290+0000] {dag.py:3047} INFO - Sync 1 DAGs
[2025-10-10T08:15:42.355+0000] {logging_mixin.py:188} INFO - [2025-10-10T08:15:42.355+0000] {dag.py:3834} INFO - Setting next_dagrun for extract_open_meteo_v1 to 2025-10-10 00:00:00+00:00, run_after=2025-10-11 00:00:00+00:00
[2025-10-10T08:15:42.441+0000] {processor.py:183} INFO - Processing /opt/airflow/dags/Airflow/dags/extract_open_meteo_dag.py took 0.301 seconds
[2025-10-10T08:16:12.651+0000] {processor.py:161} INFO - Started process (PID=616) to work on /opt/airflow/dags/Airflow/dags/extract_open_meteo_dag.py
[2025-10-10T08:16:12.653+0000] {processor.py:830} INFO - Processing file /opt/airflow/dags/Airflow/dags/extract_open_meteo_dag.py for tasks to queue
[2025-10-10T08:16:12.656+0000] {logging_mixin.py:188} INFO - [2025-10-10T08:16:12.656+0000] {dagbag.py:540} INFO - Filling up the DagBag from /opt/airflow/dags/Airflow/dags/extract_open_meteo_dag.py
[2025-10-10T08:16:12.703+0000] {processor.py:840} INFO - DAG(s) 'extract_open_meteo_v1' retrieved from /opt/airflow/dags/Airflow/dags/extract_open_meteo_dag.py
[2025-10-10T08:16:12.783+0000] {logging_mixin.py:188} INFO - [2025-10-10T08:16:12.783+0000] {dag.py:3047} INFO - Sync 1 DAGs
[2025-10-10T08:16:12.833+0000] {logging_mixin.py:188} INFO - [2025-10-10T08:16:12.833+0000] {dag.py:3834} INFO - Setting next_dagrun for extract_open_meteo_v1 to 2025-10-10 00:00:00+00:00, run_after=2025-10-11 00:00:00+00:00
[2025-10-10T08:16:12.899+0000] {processor.py:183} INFO - Processing /opt/airflow/dags/Airflow/dags/extract_open_meteo_dag.py took 0.251 seconds
[2025-10-10T08:16:42.976+0000] {processor.py:161} INFO - Started process (PID=621) to work on /opt/airflow/dags/Airflow/dags/extract_open_meteo_dag.py
[2025-10-10T08:16:42.977+0000] {processor.py:830} INFO - Processing file /opt/airflow/dags/Airflow/dags/extract_open_meteo_dag.py for tasks to queue
[2025-10-10T08:16:42.979+0000] {logging_mixin.py:188} INFO - [2025-10-10T08:16:42.978+0000] {dagbag.py:540} INFO - Filling up the DagBag from /opt/airflow/dags/Airflow/dags/extract_open_meteo_dag.py
[2025-10-10T08:16:43.027+0000] {processor.py:840} INFO - DAG(s) 'extract_open_meteo_v1' retrieved from /opt/airflow/dags/Airflow/dags/extract_open_meteo_dag.py
[2025-10-10T08:16:43.107+0000] {logging_mixin.py:188} INFO - [2025-10-10T08:16:43.107+0000] {dag.py:3047} INFO - Sync 1 DAGs
[2025-10-10T08:16:43.162+0000] {logging_mixin.py:188} INFO - [2025-10-10T08:16:43.161+0000] {dag.py:3834} INFO - Setting next_dagrun for extract_open_meteo_v1 to 2025-10-10 00:00:00+00:00, run_after=2025-10-11 00:00:00+00:00
[2025-10-10T08:16:43.231+0000] {processor.py:183} INFO - Processing /opt/airflow/dags/Airflow/dags/extract_open_meteo_dag.py took 0.259 seconds
[2025-10-10T08:17:13.573+0000] {processor.py:161} INFO - Started process (PID=626) to work on /opt/airflow/dags/Airflow/dags/extract_open_meteo_dag.py
[2025-10-10T08:17:13.575+0000] {processor.py:830} INFO - Processing file /opt/airflow/dags/Airflow/dags/extract_open_meteo_dag.py for tasks to queue
[2025-10-10T08:17:13.577+0000] {logging_mixin.py:188} INFO - [2025-10-10T08:17:13.576+0000] {dagbag.py:540} INFO - Filling up the DagBag from /opt/airflow/dags/Airflow/dags/extract_open_meteo_dag.py
[2025-10-10T08:17:13.623+0000] {processor.py:840} INFO - DAG(s) 'extract_open_meteo_v1' retrieved from /opt/airflow/dags/Airflow/dags/extract_open_meteo_dag.py
[2025-10-10T08:17:13.699+0000] {logging_mixin.py:188} INFO - [2025-10-10T08:17:13.699+0000] {dag.py:3047} INFO - Sync 1 DAGs
[2025-10-10T08:17:13.763+0000] {logging_mixin.py:188} INFO - [2025-10-10T08:17:13.762+0000] {dag.py:3834} INFO - Setting next_dagrun for extract_open_meteo_v1 to 2025-10-10 00:00:00+00:00, run_after=2025-10-11 00:00:00+00:00
[2025-10-10T08:17:13.834+0000] {processor.py:183} INFO - Processing /opt/airflow/dags/Airflow/dags/extract_open_meteo_dag.py took 0.267 seconds
[2025-10-10T08:17:43.951+0000] {processor.py:161} INFO - Started process (PID=631) to work on /opt/airflow/dags/Airflow/dags/extract_open_meteo_dag.py
[2025-10-10T08:17:43.952+0000] {processor.py:830} INFO - Processing file /opt/airflow/dags/Airflow/dags/extract_open_meteo_dag.py for tasks to queue
[2025-10-10T08:17:43.954+0000] {logging_mixin.py:188} INFO - [2025-10-10T08:17:43.954+0000] {dagbag.py:540} INFO - Filling up the DagBag from /opt/airflow/dags/Airflow/dags/extract_open_meteo_dag.py
[2025-10-10T08:17:43.999+0000] {processor.py:840} INFO - DAG(s) 'extract_open_meteo_v1' retrieved from /opt/airflow/dags/Airflow/dags/extract_open_meteo_dag.py
[2025-10-10T08:17:44.073+0000] {logging_mixin.py:188} INFO - [2025-10-10T08:17:44.072+0000] {dag.py:3047} INFO - Sync 1 DAGs
[2025-10-10T08:17:44.130+0000] {logging_mixin.py:188} INFO - [2025-10-10T08:17:44.130+0000] {dag.py:3834} INFO - Setting next_dagrun for extract_open_meteo_v1 to 2025-10-10 00:00:00+00:00, run_after=2025-10-11 00:00:00+00:00
[2025-10-10T08:17:44.201+0000] {processor.py:183} INFO - Processing /opt/airflow/dags/Airflow/dags/extract_open_meteo_dag.py took 0.254 seconds
[2025-10-10T08:18:14.603+0000] {processor.py:161} INFO - Started process (PID=636) to work on /opt/airflow/dags/Airflow/dags/extract_open_meteo_dag.py
[2025-10-10T08:18:14.606+0000] {processor.py:830} INFO - Processing file /opt/airflow/dags/Airflow/dags/extract_open_meteo_dag.py for tasks to queue
[2025-10-10T08:18:14.607+0000] {logging_mixin.py:188} INFO - [2025-10-10T08:18:14.607+0000] {dagbag.py:540} INFO - Filling up the DagBag from /opt/airflow/dags/Airflow/dags/extract_open_meteo_dag.py
[2025-10-10T08:18:14.659+0000] {processor.py:840} INFO - DAG(s) 'extract_open_meteo_v1' retrieved from /opt/airflow/dags/Airflow/dags/extract_open_meteo_dag.py
[2025-10-10T08:18:14.740+0000] {logging_mixin.py:188} INFO - [2025-10-10T08:18:14.740+0000] {dag.py:3047} INFO - Sync 1 DAGs
[2025-10-10T08:18:14.792+0000] {logging_mixin.py:188} INFO - [2025-10-10T08:18:14.792+0000] {dag.py:3834} INFO - Setting next_dagrun for extract_open_meteo_v1 to 2025-10-10 00:00:00+00:00, run_after=2025-10-11 00:00:00+00:00
[2025-10-10T08:18:14.857+0000] {processor.py:183} INFO - Processing /opt/airflow/dags/Airflow/dags/extract_open_meteo_dag.py took 0.260 seconds
[2025-10-10T08:18:44.970+0000] {processor.py:161} INFO - Started process (PID=641) to work on /opt/airflow/dags/Airflow/dags/extract_open_meteo_dag.py
[2025-10-10T08:18:44.973+0000] {processor.py:830} INFO - Processing file /opt/airflow/dags/Airflow/dags/extract_open_meteo_dag.py for tasks to queue
[2025-10-10T08:18:44.975+0000] {logging_mixin.py:188} INFO - [2025-10-10T08:18:44.975+0000] {dagbag.py:540} INFO - Filling up the DagBag from /opt/airflow/dags/Airflow/dags/extract_open_meteo_dag.py
[2025-10-10T08:18:45.027+0000] {processor.py:840} INFO - DAG(s) 'extract_open_meteo_v1' retrieved from /opt/airflow/dags/Airflow/dags/extract_open_meteo_dag.py
[2025-10-10T08:18:45.132+0000] {logging_mixin.py:188} INFO - [2025-10-10T08:18:45.131+0000] {dag.py:3047} INFO - Sync 1 DAGs
[2025-10-10T08:18:45.196+0000] {logging_mixin.py:188} INFO - [2025-10-10T08:18:45.195+0000] {dag.py:3834} INFO - Setting next_dagrun for extract_open_meteo_v1 to 2025-10-10 00:00:00+00:00, run_after=2025-10-11 00:00:00+00:00
[2025-10-10T08:18:45.259+0000] {processor.py:183} INFO - Processing /opt/airflow/dags/Airflow/dags/extract_open_meteo_dag.py took 0.295 seconds
[2025-10-10T08:19:15.581+0000] {processor.py:161} INFO - Started process (PID=646) to work on /opt/airflow/dags/Airflow/dags/extract_open_meteo_dag.py
[2025-10-10T08:19:15.583+0000] {processor.py:830} INFO - Processing file /opt/airflow/dags/Airflow/dags/extract_open_meteo_dag.py for tasks to queue
[2025-10-10T08:19:15.585+0000] {logging_mixin.py:188} INFO - [2025-10-10T08:19:15.584+0000] {dagbag.py:540} INFO - Filling up the DagBag from /opt/airflow/dags/Airflow/dags/extract_open_meteo_dag.py
[2025-10-10T08:19:15.630+0000] {processor.py:840} INFO - DAG(s) 'extract_open_meteo_v1' retrieved from /opt/airflow/dags/Airflow/dags/extract_open_meteo_dag.py
[2025-10-10T08:19:15.702+0000] {logging_mixin.py:188} INFO - [2025-10-10T08:19:15.702+0000] {dag.py:3047} INFO - Sync 1 DAGs
[2025-10-10T08:19:15.760+0000] {logging_mixin.py:188} INFO - [2025-10-10T08:19:15.760+0000] {dag.py:3834} INFO - Setting next_dagrun for extract_open_meteo_v1 to 2025-10-10 00:00:00+00:00, run_after=2025-10-11 00:00:00+00:00
[2025-10-10T08:19:15.822+0000] {processor.py:183} INFO - Processing /opt/airflow/dags/Airflow/dags/extract_open_meteo_dag.py took 0.245 seconds
[2025-10-10T08:19:46.170+0000] {processor.py:161} INFO - Started process (PID=651) to work on /opt/airflow/dags/Airflow/dags/extract_open_meteo_dag.py
[2025-10-10T08:19:46.172+0000] {processor.py:830} INFO - Processing file /opt/airflow/dags/Airflow/dags/extract_open_meteo_dag.py for tasks to queue
[2025-10-10T08:19:46.174+0000] {logging_mixin.py:188} INFO - [2025-10-10T08:19:46.174+0000] {dagbag.py:540} INFO - Filling up the DagBag from /opt/airflow/dags/Airflow/dags/extract_open_meteo_dag.py
[2025-10-10T08:19:46.223+0000] {processor.py:840} INFO - DAG(s) 'extract_open_meteo_v1' retrieved from /opt/airflow/dags/Airflow/dags/extract_open_meteo_dag.py
[2025-10-10T08:19:46.300+0000] {logging_mixin.py:188} INFO - [2025-10-10T08:19:46.300+0000] {dag.py:3047} INFO - Sync 1 DAGs
[2025-10-10T08:19:46.347+0000] {logging_mixin.py:188} INFO - [2025-10-10T08:19:46.347+0000] {dag.py:3834} INFO - Setting next_dagrun for extract_open_meteo_v1 to 2025-10-10 00:00:00+00:00, run_after=2025-10-11 00:00:00+00:00
[2025-10-10T08:19:46.409+0000] {processor.py:183} INFO - Processing /opt/airflow/dags/Airflow/dags/extract_open_meteo_dag.py took 0.243 seconds
[2025-10-10T08:20:16.528+0000] {processor.py:161} INFO - Started process (PID=656) to work on /opt/airflow/dags/Airflow/dags/extract_open_meteo_dag.py
[2025-10-10T08:20:16.532+0000] {processor.py:830} INFO - Processing file /opt/airflow/dags/Airflow/dags/extract_open_meteo_dag.py for tasks to queue
[2025-10-10T08:20:16.535+0000] {logging_mixin.py:188} INFO - [2025-10-10T08:20:16.534+0000] {dagbag.py:540} INFO - Filling up the DagBag from /opt/airflow/dags/Airflow/dags/extract_open_meteo_dag.py
[2025-10-10T08:20:16.583+0000] {processor.py:840} INFO - DAG(s) 'extract_open_meteo_v1' retrieved from /opt/airflow/dags/Airflow/dags/extract_open_meteo_dag.py
[2025-10-10T08:20:16.654+0000] {logging_mixin.py:188} INFO - [2025-10-10T08:20:16.654+0000] {dag.py:3047} INFO - Sync 1 DAGs
[2025-10-10T08:20:16.706+0000] {logging_mixin.py:188} INFO - [2025-10-10T08:20:16.706+0000] {dag.py:3834} INFO - Setting next_dagrun for extract_open_meteo_v1 to 2025-10-10 00:00:00+00:00, run_after=2025-10-11 00:00:00+00:00
[2025-10-10T08:20:16.776+0000] {processor.py:183} INFO - Processing /opt/airflow/dags/Airflow/dags/extract_open_meteo_dag.py took 0.254 seconds
[2025-10-10T08:20:47.135+0000] {processor.py:161} INFO - Started process (PID=661) to work on /opt/airflow/dags/Airflow/dags/extract_open_meteo_dag.py
[2025-10-10T08:20:47.137+0000] {processor.py:830} INFO - Processing file /opt/airflow/dags/Airflow/dags/extract_open_meteo_dag.py for tasks to queue
[2025-10-10T08:20:47.138+0000] {logging_mixin.py:188} INFO - [2025-10-10T08:20:47.138+0000] {dagbag.py:540} INFO - Filling up the DagBag from /opt/airflow/dags/Airflow/dags/extract_open_meteo_dag.py
[2025-10-10T08:20:47.182+0000] {processor.py:840} INFO - DAG(s) 'extract_open_meteo_v1' retrieved from /opt/airflow/dags/Airflow/dags/extract_open_meteo_dag.py
[2025-10-10T08:20:47.256+0000] {logging_mixin.py:188} INFO - [2025-10-10T08:20:47.255+0000] {dag.py:3047} INFO - Sync 1 DAGs
[2025-10-10T08:20:47.308+0000] {logging_mixin.py:188} INFO - [2025-10-10T08:20:47.307+0000] {dag.py:3834} INFO - Setting next_dagrun for extract_open_meteo_v1 to 2025-10-10 00:00:00+00:00, run_after=2025-10-11 00:00:00+00:00
[2025-10-10T08:20:47.371+0000] {processor.py:183} INFO - Processing /opt/airflow/dags/Airflow/dags/extract_open_meteo_dag.py took 0.241 seconds
[2025-10-10T08:21:17.531+0000] {processor.py:161} INFO - Started process (PID=666) to work on /opt/airflow/dags/Airflow/dags/extract_open_meteo_dag.py
[2025-10-10T08:21:17.533+0000] {processor.py:830} INFO - Processing file /opt/airflow/dags/Airflow/dags/extract_open_meteo_dag.py for tasks to queue
[2025-10-10T08:21:17.534+0000] {logging_mixin.py:188} INFO - [2025-10-10T08:21:17.534+0000] {dagbag.py:540} INFO - Filling up the DagBag from /opt/airflow/dags/Airflow/dags/extract_open_meteo_dag.py
[2025-10-10T08:21:17.579+0000] {processor.py:840} INFO - DAG(s) 'extract_open_meteo_v1' retrieved from /opt/airflow/dags/Airflow/dags/extract_open_meteo_dag.py
[2025-10-10T08:21:17.649+0000] {logging_mixin.py:188} INFO - [2025-10-10T08:21:17.649+0000] {dag.py:3047} INFO - Sync 1 DAGs
[2025-10-10T08:21:17.702+0000] {logging_mixin.py:188} INFO - [2025-10-10T08:21:17.702+0000] {dag.py:3834} INFO - Setting next_dagrun for extract_open_meteo_v1 to 2025-10-10 00:00:00+00:00, run_after=2025-10-11 00:00:00+00:00
[2025-10-10T08:21:17.771+0000] {processor.py:183} INFO - Processing /opt/airflow/dags/Airflow/dags/extract_open_meteo_dag.py took 0.246 seconds
[2025-10-10T08:21:48.086+0000] {processor.py:161} INFO - Started process (PID=671) to work on /opt/airflow/dags/Airflow/dags/extract_open_meteo_dag.py
[2025-10-10T08:21:48.088+0000] {processor.py:830} INFO - Processing file /opt/airflow/dags/Airflow/dags/extract_open_meteo_dag.py for tasks to queue
[2025-10-10T08:21:48.091+0000] {logging_mixin.py:188} INFO - [2025-10-10T08:21:48.090+0000] {dagbag.py:540} INFO - Filling up the DagBag from /opt/airflow/dags/Airflow/dags/extract_open_meteo_dag.py
[2025-10-10T08:21:48.171+0000] {processor.py:840} INFO - DAG(s) 'extract_open_meteo_v1' retrieved from /opt/airflow/dags/Airflow/dags/extract_open_meteo_dag.py
[2025-10-10T08:21:48.281+0000] {logging_mixin.py:188} INFO - [2025-10-10T08:21:48.281+0000] {dag.py:3047} INFO - Sync 1 DAGs
[2025-10-10T08:21:48.345+0000] {logging_mixin.py:188} INFO - [2025-10-10T08:21:48.345+0000] {dag.py:3834} INFO - Setting next_dagrun for extract_open_meteo_v1 to 2025-10-10 00:00:00+00:00, run_after=2025-10-11 00:00:00+00:00
[2025-10-10T08:21:48.431+0000] {processor.py:183} INFO - Processing /opt/airflow/dags/Airflow/dags/extract_open_meteo_dag.py took 0.351 seconds
[2025-10-10T08:22:18.646+0000] {processor.py:161} INFO - Started process (PID=676) to work on /opt/airflow/dags/Airflow/dags/extract_open_meteo_dag.py
[2025-10-10T08:22:18.648+0000] {processor.py:830} INFO - Processing file /opt/airflow/dags/Airflow/dags/extract_open_meteo_dag.py for tasks to queue
[2025-10-10T08:22:18.652+0000] {logging_mixin.py:188} INFO - [2025-10-10T08:22:18.650+0000] {dagbag.py:540} INFO - Filling up the DagBag from /opt/airflow/dags/Airflow/dags/extract_open_meteo_dag.py
[2025-10-10T08:22:18.706+0000] {processor.py:840} INFO - DAG(s) 'extract_open_meteo_v1' retrieved from /opt/airflow/dags/Airflow/dags/extract_open_meteo_dag.py
[2025-10-10T08:22:18.798+0000] {logging_mixin.py:188} INFO - [2025-10-10T08:22:18.798+0000] {dag.py:3047} INFO - Sync 1 DAGs
[2025-10-10T08:22:18.865+0000] {logging_mixin.py:188} INFO - [2025-10-10T08:22:18.864+0000] {dag.py:3834} INFO - Setting next_dagrun for extract_open_meteo_v1 to 2025-10-10 00:00:00+00:00, run_after=2025-10-11 00:00:00+00:00
[2025-10-10T08:22:19.028+0000] {processor.py:183} INFO - Processing /opt/airflow/dags/Airflow/dags/extract_open_meteo_dag.py took 0.387 seconds
[2025-10-10T08:22:49.437+0000] {processor.py:161} INFO - Started process (PID=681) to work on /opt/airflow/dags/Airflow/dags/extract_open_meteo_dag.py
[2025-10-10T08:22:49.440+0000] {processor.py:830} INFO - Processing file /opt/airflow/dags/Airflow/dags/extract_open_meteo_dag.py for tasks to queue
[2025-10-10T08:22:49.457+0000] {logging_mixin.py:188} INFO - [2025-10-10T08:22:49.456+0000] {dagbag.py:540} INFO - Filling up the DagBag from /opt/airflow/dags/Airflow/dags/extract_open_meteo_dag.py
[2025-10-10T08:22:49.674+0000] {processor.py:840} INFO - DAG(s) 'extract_open_meteo_v1' retrieved from /opt/airflow/dags/Airflow/dags/extract_open_meteo_dag.py
[2025-10-10T08:22:49.781+0000] {logging_mixin.py:188} INFO - [2025-10-10T08:22:49.781+0000] {dag.py:3047} INFO - Sync 1 DAGs
[2025-10-10T08:22:49.861+0000] {logging_mixin.py:188} INFO - [2025-10-10T08:22:49.861+0000] {dag.py:3834} INFO - Setting next_dagrun for extract_open_meteo_v1 to 2025-10-10 00:00:00+00:00, run_after=2025-10-11 00:00:00+00:00
[2025-10-10T08:22:49.973+0000] {processor.py:183} INFO - Processing /opt/airflow/dags/Airflow/dags/extract_open_meteo_dag.py took 0.543 seconds
[2025-10-10T08:23:20.491+0000] {processor.py:161} INFO - Started process (PID=686) to work on /opt/airflow/dags/Airflow/dags/extract_open_meteo_dag.py
[2025-10-10T08:23:20.493+0000] {processor.py:830} INFO - Processing file /opt/airflow/dags/Airflow/dags/extract_open_meteo_dag.py for tasks to queue
[2025-10-10T08:23:20.495+0000] {logging_mixin.py:188} INFO - [2025-10-10T08:23:20.495+0000] {dagbag.py:540} INFO - Filling up the DagBag from /opt/airflow/dags/Airflow/dags/extract_open_meteo_dag.py
[2025-10-10T08:23:20.554+0000] {processor.py:840} INFO - DAG(s) 'extract_open_meteo_v1' retrieved from /opt/airflow/dags/Airflow/dags/extract_open_meteo_dag.py
[2025-10-10T08:23:20.639+0000] {logging_mixin.py:188} INFO - [2025-10-10T08:23:20.638+0000] {dag.py:3047} INFO - Sync 1 DAGs
[2025-10-10T08:23:20.691+0000] {logging_mixin.py:188} INFO - [2025-10-10T08:23:20.690+0000] {dag.py:3834} INFO - Setting next_dagrun for extract_open_meteo_v1 to 2025-10-10 00:00:00+00:00, run_after=2025-10-11 00:00:00+00:00
[2025-10-10T08:23:20.756+0000] {processor.py:183} INFO - Processing /opt/airflow/dags/Airflow/dags/extract_open_meteo_dag.py took 0.272 seconds
[2025-10-10T08:23:50.849+0000] {processor.py:161} INFO - Started process (PID=691) to work on /opt/airflow/dags/Airflow/dags/extract_open_meteo_dag.py
[2025-10-10T08:23:50.850+0000] {processor.py:830} INFO - Processing file /opt/airflow/dags/Airflow/dags/extract_open_meteo_dag.py for tasks to queue
[2025-10-10T08:23:50.852+0000] {logging_mixin.py:188} INFO - [2025-10-10T08:23:50.852+0000] {dagbag.py:540} INFO - Filling up the DagBag from /opt/airflow/dags/Airflow/dags/extract_open_meteo_dag.py
[2025-10-10T08:23:50.909+0000] {processor.py:840} INFO - DAG(s) 'extract_open_meteo_v1' retrieved from /opt/airflow/dags/Airflow/dags/extract_open_meteo_dag.py
[2025-10-10T08:23:50.990+0000] {logging_mixin.py:188} INFO - [2025-10-10T08:23:50.989+0000] {dag.py:3047} INFO - Sync 1 DAGs
[2025-10-10T08:23:51.043+0000] {logging_mixin.py:188} INFO - [2025-10-10T08:23:51.042+0000] {dag.py:3834} INFO - Setting next_dagrun for extract_open_meteo_v1 to 2025-10-10 00:00:00+00:00, run_after=2025-10-11 00:00:00+00:00
[2025-10-10T08:23:51.125+0000] {processor.py:183} INFO - Processing /opt/airflow/dags/Airflow/dags/extract_open_meteo_dag.py took 0.280 seconds
[2025-10-10T08:24:21.215+0000] {processor.py:161} INFO - Started process (PID=696) to work on /opt/airflow/dags/Airflow/dags/extract_open_meteo_dag.py
[2025-10-10T08:24:21.216+0000] {processor.py:830} INFO - Processing file /opt/airflow/dags/Airflow/dags/extract_open_meteo_dag.py for tasks to queue
[2025-10-10T08:24:21.219+0000] {logging_mixin.py:188} INFO - [2025-10-10T08:24:21.218+0000] {dagbag.py:540} INFO - Filling up the DagBag from /opt/airflow/dags/Airflow/dags/extract_open_meteo_dag.py
[2025-10-10T08:24:21.276+0000] {processor.py:840} INFO - DAG(s) 'extract_open_meteo_v1' retrieved from /opt/airflow/dags/Airflow/dags/extract_open_meteo_dag.py
[2025-10-10T08:24:21.369+0000] {logging_mixin.py:188} INFO - [2025-10-10T08:24:21.368+0000] {dag.py:3047} INFO - Sync 1 DAGs
[2025-10-10T08:24:21.439+0000] {logging_mixin.py:188} INFO - [2025-10-10T08:24:21.439+0000] {dag.py:3834} INFO - Setting next_dagrun for extract_open_meteo_v1 to 2025-10-10 00:00:00+00:00, run_after=2025-10-11 00:00:00+00:00
[2025-10-10T08:24:21.525+0000] {processor.py:183} INFO - Processing /opt/airflow/dags/Airflow/dags/extract_open_meteo_dag.py took 0.316 seconds
[2025-10-10T08:24:51.715+0000] {processor.py:161} INFO - Started process (PID=701) to work on /opt/airflow/dags/Airflow/dags/extract_open_meteo_dag.py
[2025-10-10T08:24:51.717+0000] {processor.py:830} INFO - Processing file /opt/airflow/dags/Airflow/dags/extract_open_meteo_dag.py for tasks to queue
[2025-10-10T08:24:51.720+0000] {logging_mixin.py:188} INFO - [2025-10-10T08:24:51.719+0000] {dagbag.py:540} INFO - Filling up the DagBag from /opt/airflow/dags/Airflow/dags/extract_open_meteo_dag.py
[2025-10-10T08:24:51.773+0000] {processor.py:840} INFO - DAG(s) 'extract_open_meteo_v1' retrieved from /opt/airflow/dags/Airflow/dags/extract_open_meteo_dag.py
[2025-10-10T08:24:51.857+0000] {logging_mixin.py:188} INFO - [2025-10-10T08:24:51.856+0000] {dag.py:3047} INFO - Sync 1 DAGs
[2025-10-10T08:24:51.917+0000] {logging_mixin.py:188} INFO - [2025-10-10T08:24:51.917+0000] {dag.py:3834} INFO - Setting next_dagrun for extract_open_meteo_v1 to 2025-10-10 00:00:00+00:00, run_after=2025-10-11 00:00:00+00:00
[2025-10-10T08:24:52.002+0000] {processor.py:183} INFO - Processing /opt/airflow/dags/Airflow/dags/extract_open_meteo_dag.py took 0.291 seconds
[2025-10-10T08:25:22.338+0000] {processor.py:161} INFO - Started process (PID=706) to work on /opt/airflow/dags/Airflow/dags/extract_open_meteo_dag.py
[2025-10-10T08:25:22.340+0000] {processor.py:830} INFO - Processing file /opt/airflow/dags/Airflow/dags/extract_open_meteo_dag.py for tasks to queue
[2025-10-10T08:25:22.343+0000] {logging_mixin.py:188} INFO - [2025-10-10T08:25:22.342+0000] {dagbag.py:540} INFO - Filling up the DagBag from /opt/airflow/dags/Airflow/dags/extract_open_meteo_dag.py
[2025-10-10T08:25:22.395+0000] {processor.py:840} INFO - DAG(s) 'extract_open_meteo_v1' retrieved from /opt/airflow/dags/Airflow/dags/extract_open_meteo_dag.py
[2025-10-10T08:25:22.474+0000] {logging_mixin.py:188} INFO - [2025-10-10T08:25:22.473+0000] {dag.py:3047} INFO - Sync 1 DAGs
[2025-10-10T08:25:22.569+0000] {logging_mixin.py:188} INFO - [2025-10-10T08:25:22.568+0000] {dag.py:3834} INFO - Setting next_dagrun for extract_open_meteo_v1 to 2025-10-10 00:00:00+00:00, run_after=2025-10-11 00:00:00+00:00
[2025-10-10T08:25:22.644+0000] {processor.py:183} INFO - Processing /opt/airflow/dags/Airflow/dags/extract_open_meteo_dag.py took 0.311 seconds
[2025-10-10T08:25:52.934+0000] {processor.py:161} INFO - Started process (PID=711) to work on /opt/airflow/dags/Airflow/dags/extract_open_meteo_dag.py
[2025-10-10T08:25:52.936+0000] {processor.py:830} INFO - Processing file /opt/airflow/dags/Airflow/dags/extract_open_meteo_dag.py for tasks to queue
[2025-10-10T08:25:52.939+0000] {logging_mixin.py:188} INFO - [2025-10-10T08:25:52.938+0000] {dagbag.py:540} INFO - Filling up the DagBag from /opt/airflow/dags/Airflow/dags/extract_open_meteo_dag.py
[2025-10-10T08:25:52.995+0000] {processor.py:840} INFO - DAG(s) 'extract_open_meteo_v1' retrieved from /opt/airflow/dags/Airflow/dags/extract_open_meteo_dag.py
[2025-10-10T08:25:53.104+0000] {logging_mixin.py:188} INFO - [2025-10-10T08:25:53.104+0000] {dag.py:3047} INFO - Sync 1 DAGs
[2025-10-10T08:25:53.184+0000] {logging_mixin.py:188} INFO - [2025-10-10T08:25:53.184+0000] {dag.py:3834} INFO - Setting next_dagrun for extract_open_meteo_v1 to 2025-10-10 00:00:00+00:00, run_after=2025-10-11 00:00:00+00:00
[2025-10-10T08:25:53.271+0000] {processor.py:183} INFO - Processing /opt/airflow/dags/Airflow/dags/extract_open_meteo_dag.py took 0.343 seconds
[2025-10-10T08:26:23.570+0000] {processor.py:161} INFO - Started process (PID=716) to work on /opt/airflow/dags/Airflow/dags/extract_open_meteo_dag.py
[2025-10-10T08:26:23.573+0000] {processor.py:830} INFO - Processing file /opt/airflow/dags/Airflow/dags/extract_open_meteo_dag.py for tasks to queue
[2025-10-10T08:26:23.575+0000] {logging_mixin.py:188} INFO - [2025-10-10T08:26:23.575+0000] {dagbag.py:540} INFO - Filling up the DagBag from /opt/airflow/dags/Airflow/dags/extract_open_meteo_dag.py
[2025-10-10T08:26:23.638+0000] {processor.py:840} INFO - DAG(s) 'extract_open_meteo_v1' retrieved from /opt/airflow/dags/Airflow/dags/extract_open_meteo_dag.py
[2025-10-10T08:26:23.725+0000] {logging_mixin.py:188} INFO - [2025-10-10T08:26:23.725+0000] {dag.py:3047} INFO - Sync 1 DAGs
[2025-10-10T08:26:23.780+0000] {logging_mixin.py:188} INFO - [2025-10-10T08:26:23.780+0000] {dag.py:3834} INFO - Setting next_dagrun for extract_open_meteo_v1 to 2025-10-10 00:00:00+00:00, run_after=2025-10-11 00:00:00+00:00
[2025-10-10T08:26:23.852+0000] {processor.py:183} INFO - Processing /opt/airflow/dags/Airflow/dags/extract_open_meteo_dag.py took 0.287 seconds
[2025-10-10T08:26:54.153+0000] {processor.py:161} INFO - Started process (PID=721) to work on /opt/airflow/dags/Airflow/dags/extract_open_meteo_dag.py
[2025-10-10T08:26:54.156+0000] {processor.py:830} INFO - Processing file /opt/airflow/dags/Airflow/dags/extract_open_meteo_dag.py for tasks to queue
[2025-10-10T08:26:54.158+0000] {logging_mixin.py:188} INFO - [2025-10-10T08:26:54.157+0000] {dagbag.py:540} INFO - Filling up the DagBag from /opt/airflow/dags/Airflow/dags/extract_open_meteo_dag.py
[2025-10-10T08:26:54.215+0000] {processor.py:840} INFO - DAG(s) 'extract_open_meteo_v1' retrieved from /opt/airflow/dags/Airflow/dags/extract_open_meteo_dag.py
[2025-10-10T08:26:54.292+0000] {logging_mixin.py:188} INFO - [2025-10-10T08:26:54.292+0000] {dag.py:3047} INFO - Sync 1 DAGs
[2025-10-10T08:26:54.354+0000] {logging_mixin.py:188} INFO - [2025-10-10T08:26:54.353+0000] {dag.py:3834} INFO - Setting next_dagrun for extract_open_meteo_v1 to 2025-10-10 00:00:00+00:00, run_after=2025-10-11 00:00:00+00:00
[2025-10-10T08:26:54.436+0000] {processor.py:183} INFO - Processing /opt/airflow/dags/Airflow/dags/extract_open_meteo_dag.py took 0.287 seconds
[2025-10-10T08:27:24.710+0000] {processor.py:161} INFO - Started process (PID=726) to work on /opt/airflow/dags/Airflow/dags/extract_open_meteo_dag.py
[2025-10-10T08:27:24.712+0000] {processor.py:830} INFO - Processing file /opt/airflow/dags/Airflow/dags/extract_open_meteo_dag.py for tasks to queue
[2025-10-10T08:27:24.716+0000] {logging_mixin.py:188} INFO - [2025-10-10T08:27:24.715+0000] {dagbag.py:540} INFO - Filling up the DagBag from /opt/airflow/dags/Airflow/dags/extract_open_meteo_dag.py
[2025-10-10T08:27:24.772+0000] {processor.py:840} INFO - DAG(s) 'extract_open_meteo_v1' retrieved from /opt/airflow/dags/Airflow/dags/extract_open_meteo_dag.py
[2025-10-10T08:27:24.867+0000] {logging_mixin.py:188} INFO - [2025-10-10T08:27:24.867+0000] {dag.py:3047} INFO - Sync 1 DAGs
[2025-10-10T08:27:24.932+0000] {logging_mixin.py:188} INFO - [2025-10-10T08:27:24.932+0000] {dag.py:3834} INFO - Setting next_dagrun for extract_open_meteo_v1 to 2025-10-10 00:00:00+00:00, run_after=2025-10-11 00:00:00+00:00
[2025-10-10T08:27:25.016+0000] {processor.py:183} INFO - Processing /opt/airflow/dags/Airflow/dags/extract_open_meteo_dag.py took 0.310 seconds
[2025-10-10T08:27:55.248+0000] {processor.py:161} INFO - Started process (PID=731) to work on /opt/airflow/dags/Airflow/dags/extract_open_meteo_dag.py
[2025-10-10T08:27:55.250+0000] {processor.py:830} INFO - Processing file /opt/airflow/dags/Airflow/dags/extract_open_meteo_dag.py for tasks to queue
[2025-10-10T08:27:55.252+0000] {logging_mixin.py:188} INFO - [2025-10-10T08:27:55.252+0000] {dagbag.py:540} INFO - Filling up the DagBag from /opt/airflow/dags/Airflow/dags/extract_open_meteo_dag.py
[2025-10-10T08:27:55.302+0000] {processor.py:840} INFO - DAG(s) 'extract_open_meteo_v1' retrieved from /opt/airflow/dags/Airflow/dags/extract_open_meteo_dag.py
[2025-10-10T08:27:55.383+0000] {logging_mixin.py:188} INFO - [2025-10-10T08:27:55.382+0000] {dag.py:3047} INFO - Sync 1 DAGs
[2025-10-10T08:27:55.442+0000] {logging_mixin.py:188} INFO - [2025-10-10T08:27:55.441+0000] {dag.py:3834} INFO - Setting next_dagrun for extract_open_meteo_v1 to 2025-10-10 00:00:00+00:00, run_after=2025-10-11 00:00:00+00:00
[2025-10-10T08:27:55.534+0000] {processor.py:183} INFO - Processing /opt/airflow/dags/Airflow/dags/extract_open_meteo_dag.py took 0.290 seconds
[2025-10-10T08:28:25.995+0000] {processor.py:161} INFO - Started process (PID=736) to work on /opt/airflow/dags/Airflow/dags/extract_open_meteo_dag.py
[2025-10-10T08:28:25.997+0000] {processor.py:830} INFO - Processing file /opt/airflow/dags/Airflow/dags/extract_open_meteo_dag.py for tasks to queue
[2025-10-10T08:28:25.999+0000] {logging_mixin.py:188} INFO - [2025-10-10T08:28:25.999+0000] {dagbag.py:540} INFO - Filling up the DagBag from /opt/airflow/dags/Airflow/dags/extract_open_meteo_dag.py
[2025-10-10T08:28:26.049+0000] {processor.py:840} INFO - DAG(s) 'extract_open_meteo_v1' retrieved from /opt/airflow/dags/Airflow/dags/extract_open_meteo_dag.py
[2025-10-10T08:28:26.132+0000] {logging_mixin.py:188} INFO - [2025-10-10T08:28:26.132+0000] {dag.py:3047} INFO - Sync 1 DAGs
[2025-10-10T08:28:26.194+0000] {logging_mixin.py:188} INFO - [2025-10-10T08:28:26.193+0000] {dag.py:3834} INFO - Setting next_dagrun for extract_open_meteo_v1 to 2025-10-10 00:00:00+00:00, run_after=2025-10-11 00:00:00+00:00
[2025-10-10T08:28:26.276+0000] {processor.py:183} INFO - Processing /opt/airflow/dags/Airflow/dags/extract_open_meteo_dag.py took 0.287 seconds
[2025-10-10T08:28:56.396+0000] {processor.py:161} INFO - Started process (PID=741) to work on /opt/airflow/dags/Airflow/dags/extract_open_meteo_dag.py
[2025-10-10T08:28:56.398+0000] {processor.py:830} INFO - Processing file /opt/airflow/dags/Airflow/dags/extract_open_meteo_dag.py for tasks to queue
[2025-10-10T08:28:56.401+0000] {logging_mixin.py:188} INFO - [2025-10-10T08:28:56.400+0000] {dagbag.py:540} INFO - Filling up the DagBag from /opt/airflow/dags/Airflow/dags/extract_open_meteo_dag.py
[2025-10-10T08:28:56.450+0000] {processor.py:840} INFO - DAG(s) 'extract_open_meteo_v1' retrieved from /opt/airflow/dags/Airflow/dags/extract_open_meteo_dag.py
[2025-10-10T08:28:56.536+0000] {logging_mixin.py:188} INFO - [2025-10-10T08:28:56.535+0000] {dag.py:3047} INFO - Sync 1 DAGs
[2025-10-10T08:28:56.595+0000] {logging_mixin.py:188} INFO - [2025-10-10T08:28:56.594+0000] {dag.py:3834} INFO - Setting next_dagrun for extract_open_meteo_v1 to 2025-10-10 00:00:00+00:00, run_after=2025-10-11 00:00:00+00:00
[2025-10-10T08:28:56.673+0000] {processor.py:183} INFO - Processing /opt/airflow/dags/Airflow/dags/extract_open_meteo_dag.py took 0.281 seconds
[2025-10-10T08:29:27.124+0000] {processor.py:161} INFO - Started process (PID=746) to work on /opt/airflow/dags/Airflow/dags/extract_open_meteo_dag.py
[2025-10-10T08:29:27.126+0000] {processor.py:830} INFO - Processing file /opt/airflow/dags/Airflow/dags/extract_open_meteo_dag.py for tasks to queue
[2025-10-10T08:29:27.129+0000] {logging_mixin.py:188} INFO - [2025-10-10T08:29:27.128+0000] {dagbag.py:540} INFO - Filling up the DagBag from /opt/airflow/dags/Airflow/dags/extract_open_meteo_dag.py
[2025-10-10T08:29:27.183+0000] {processor.py:840} INFO - DAG(s) 'extract_open_meteo_v1' retrieved from /opt/airflow/dags/Airflow/dags/extract_open_meteo_dag.py
[2025-10-10T08:29:27.281+0000] {logging_mixin.py:188} INFO - [2025-10-10T08:29:27.280+0000] {dag.py:3047} INFO - Sync 1 DAGs
[2025-10-10T08:29:27.348+0000] {logging_mixin.py:188} INFO - [2025-10-10T08:29:27.347+0000] {dag.py:3834} INFO - Setting next_dagrun for extract_open_meteo_v1 to 2025-10-10 00:00:00+00:00, run_after=2025-10-11 00:00:00+00:00
[2025-10-10T08:29:27.431+0000] {processor.py:183} INFO - Processing /opt/airflow/dags/Airflow/dags/extract_open_meteo_dag.py took 0.311 seconds
[2025-10-10T08:29:57.526+0000] {processor.py:161} INFO - Started process (PID=751) to work on /opt/airflow/dags/Airflow/dags/extract_open_meteo_dag.py
[2025-10-10T08:29:57.529+0000] {processor.py:830} INFO - Processing file /opt/airflow/dags/Airflow/dags/extract_open_meteo_dag.py for tasks to queue
[2025-10-10T08:29:57.531+0000] {logging_mixin.py:188} INFO - [2025-10-10T08:29:57.530+0000] {dagbag.py:540} INFO - Filling up the DagBag from /opt/airflow/dags/Airflow/dags/extract_open_meteo_dag.py
[2025-10-10T08:29:57.586+0000] {processor.py:840} INFO - DAG(s) 'extract_open_meteo_v1' retrieved from /opt/airflow/dags/Airflow/dags/extract_open_meteo_dag.py
[2025-10-10T08:29:57.669+0000] {logging_mixin.py:188} INFO - [2025-10-10T08:29:57.669+0000] {dag.py:3047} INFO - Sync 1 DAGs
[2025-10-10T08:29:57.725+0000] {logging_mixin.py:188} INFO - [2025-10-10T08:29:57.725+0000] {dag.py:3834} INFO - Setting next_dagrun for extract_open_meteo_v1 to 2025-10-10 00:00:00+00:00, run_after=2025-10-11 00:00:00+00:00
[2025-10-10T08:29:57.813+0000] {processor.py:183} INFO - Processing /opt/airflow/dags/Airflow/dags/extract_open_meteo_dag.py took 0.292 seconds
[2025-10-10T08:30:27.946+0000] {processor.py:161} INFO - Started process (PID=756) to work on /opt/airflow/dags/Airflow/dags/extract_open_meteo_dag.py
[2025-10-10T08:30:27.948+0000] {processor.py:830} INFO - Processing file /opt/airflow/dags/Airflow/dags/extract_open_meteo_dag.py for tasks to queue
[2025-10-10T08:30:27.950+0000] {logging_mixin.py:188} INFO - [2025-10-10T08:30:27.949+0000] {dagbag.py:540} INFO - Filling up the DagBag from /opt/airflow/dags/Airflow/dags/extract_open_meteo_dag.py
[2025-10-10T08:30:28.009+0000] {processor.py:840} INFO - DAG(s) 'extract_open_meteo_v1' retrieved from /opt/airflow/dags/Airflow/dags/extract_open_meteo_dag.py
[2025-10-10T08:30:28.107+0000] {logging_mixin.py:188} INFO - [2025-10-10T08:30:28.106+0000] {dag.py:3047} INFO - Sync 1 DAGs
[2025-10-10T08:30:28.197+0000] {logging_mixin.py:188} INFO - [2025-10-10T08:30:28.196+0000] {dag.py:3834} INFO - Setting next_dagrun for extract_open_meteo_v1 to 2025-10-10 00:00:00+00:00, run_after=2025-10-11 00:00:00+00:00
[2025-10-10T08:30:28.303+0000] {processor.py:183} INFO - Processing /opt/airflow/dags/Airflow/dags/extract_open_meteo_dag.py took 0.362 seconds
[2025-10-10T08:30:58.795+0000] {processor.py:161} INFO - Started process (PID=761) to work on /opt/airflow/dags/Airflow/dags/extract_open_meteo_dag.py
[2025-10-10T08:30:58.797+0000] {processor.py:830} INFO - Processing file /opt/airflow/dags/Airflow/dags/extract_open_meteo_dag.py for tasks to queue
[2025-10-10T08:30:58.800+0000] {logging_mixin.py:188} INFO - [2025-10-10T08:30:58.799+0000] {dagbag.py:540} INFO - Filling up the DagBag from /opt/airflow/dags/Airflow/dags/extract_open_meteo_dag.py
[2025-10-10T08:30:58.859+0000] {processor.py:840} INFO - DAG(s) 'extract_open_meteo_v1' retrieved from /opt/airflow/dags/Airflow/dags/extract_open_meteo_dag.py
[2025-10-10T08:30:58.954+0000] {logging_mixin.py:188} INFO - [2025-10-10T08:30:58.953+0000] {dag.py:3047} INFO - Sync 1 DAGs
[2025-10-10T08:30:59.015+0000] {logging_mixin.py:188} INFO - [2025-10-10T08:30:59.014+0000] {dag.py:3834} INFO - Setting next_dagrun for extract_open_meteo_v1 to 2025-10-10 00:00:00+00:00, run_after=2025-10-11 00:00:00+00:00
[2025-10-10T08:30:59.095+0000] {processor.py:183} INFO - Processing /opt/airflow/dags/Airflow/dags/extract_open_meteo_dag.py took 0.304 seconds
[2025-10-10T08:31:29.204+0000] {processor.py:161} INFO - Started process (PID=766) to work on /opt/airflow/dags/Airflow/dags/extract_open_meteo_dag.py
[2025-10-10T08:31:29.206+0000] {processor.py:830} INFO - Processing file /opt/airflow/dags/Airflow/dags/extract_open_meteo_dag.py for tasks to queue
[2025-10-10T08:31:29.209+0000] {logging_mixin.py:188} INFO - [2025-10-10T08:31:29.208+0000] {dagbag.py:540} INFO - Filling up the DagBag from /opt/airflow/dags/Airflow/dags/extract_open_meteo_dag.py
[2025-10-10T08:31:29.262+0000] {processor.py:840} INFO - DAG(s) 'extract_open_meteo_v1' retrieved from /opt/airflow/dags/Airflow/dags/extract_open_meteo_dag.py
[2025-10-10T08:31:29.535+0000] {logging_mixin.py:188} INFO - [2025-10-10T08:31:29.534+0000] {dag.py:3047} INFO - Sync 1 DAGs
[2025-10-10T08:31:29.853+0000] {logging_mixin.py:188} INFO - [2025-10-10T08:31:29.852+0000] {dag.py:3834} INFO - Setting next_dagrun for extract_open_meteo_v1 to 2025-10-10 00:00:00+00:00, run_after=2025-10-11 00:00:00+00:00
[2025-10-10T08:31:30.075+0000] {processor.py:183} INFO - Processing /opt/airflow/dags/Airflow/dags/extract_open_meteo_dag.py took 0.875 seconds
[2025-10-10T08:32:00.547+0000] {processor.py:161} INFO - Started process (PID=771) to work on /opt/airflow/dags/Airflow/dags/extract_open_meteo_dag.py
[2025-10-10T08:32:00.548+0000] {processor.py:830} INFO - Processing file /opt/airflow/dags/Airflow/dags/extract_open_meteo_dag.py for tasks to queue
[2025-10-10T08:32:00.550+0000] {logging_mixin.py:188} INFO - [2025-10-10T08:32:00.550+0000] {dagbag.py:540} INFO - Filling up the DagBag from /opt/airflow/dags/Airflow/dags/extract_open_meteo_dag.py
[2025-10-10T08:32:00.606+0000] {processor.py:840} INFO - DAG(s) 'extract_open_meteo_v1' retrieved from /opt/airflow/dags/Airflow/dags/extract_open_meteo_dag.py
[2025-10-10T08:32:00.689+0000] {logging_mixin.py:188} INFO - [2025-10-10T08:32:00.688+0000] {dag.py:3047} INFO - Sync 1 DAGs
[2025-10-10T08:32:00.745+0000] {logging_mixin.py:188} INFO - [2025-10-10T08:32:00.745+0000] {dag.py:3834} INFO - Setting next_dagrun for extract_open_meteo_v1 to 2025-10-10 00:00:00+00:00, run_after=2025-10-11 00:00:00+00:00
[2025-10-10T08:32:00.819+0000] {processor.py:183} INFO - Processing /opt/airflow/dags/Airflow/dags/extract_open_meteo_dag.py took 0.277 seconds
[2025-10-10T08:32:31.258+0000] {processor.py:161} INFO - Started process (PID=776) to work on /opt/airflow/dags/Airflow/dags/extract_open_meteo_dag.py
[2025-10-10T08:32:31.260+0000] {processor.py:830} INFO - Processing file /opt/airflow/dags/Airflow/dags/extract_open_meteo_dag.py for tasks to queue
[2025-10-10T08:32:31.263+0000] {logging_mixin.py:188} INFO - [2025-10-10T08:32:31.262+0000] {dagbag.py:540} INFO - Filling up the DagBag from /opt/airflow/dags/Airflow/dags/extract_open_meteo_dag.py
[2025-10-10T08:32:31.311+0000] {processor.py:840} INFO - DAG(s) 'extract_open_meteo_v1' retrieved from /opt/airflow/dags/Airflow/dags/extract_open_meteo_dag.py
[2025-10-10T08:32:31.408+0000] {logging_mixin.py:188} INFO - [2025-10-10T08:32:31.407+0000] {dag.py:3047} INFO - Sync 1 DAGs
[2025-10-10T08:32:31.467+0000] {logging_mixin.py:188} INFO - [2025-10-10T08:32:31.466+0000] {dag.py:3834} INFO - Setting next_dagrun for extract_open_meteo_v1 to 2025-10-10 00:00:00+00:00, run_after=2025-10-11 00:00:00+00:00
[2025-10-10T08:32:31.556+0000] {processor.py:183} INFO - Processing /opt/airflow/dags/Airflow/dags/extract_open_meteo_dag.py took 0.304 seconds
[2025-10-10T08:33:01.720+0000] {processor.py:161} INFO - Started process (PID=781) to work on /opt/airflow/dags/Airflow/dags/extract_open_meteo_dag.py
[2025-10-10T08:33:01.722+0000] {processor.py:830} INFO - Processing file /opt/airflow/dags/Airflow/dags/extract_open_meteo_dag.py for tasks to queue
[2025-10-10T08:33:01.725+0000] {logging_mixin.py:188} INFO - [2025-10-10T08:33:01.724+0000] {dagbag.py:540} INFO - Filling up the DagBag from /opt/airflow/dags/Airflow/dags/extract_open_meteo_dag.py
[2025-10-10T08:33:01.778+0000] {processor.py:840} INFO - DAG(s) 'extract_open_meteo_v1' retrieved from /opt/airflow/dags/Airflow/dags/extract_open_meteo_dag.py
[2025-10-10T08:33:01.863+0000] {logging_mixin.py:188} INFO - [2025-10-10T08:33:01.862+0000] {dag.py:3047} INFO - Sync 1 DAGs
[2025-10-10T08:33:01.923+0000] {logging_mixin.py:188} INFO - [2025-10-10T08:33:01.922+0000] {dag.py:3834} INFO - Setting next_dagrun for extract_open_meteo_v1 to 2025-10-10 00:00:00+00:00, run_after=2025-10-11 00:00:00+00:00
[2025-10-10T08:33:02.001+0000] {processor.py:183} INFO - Processing /opt/airflow/dags/Airflow/dags/extract_open_meteo_dag.py took 0.285 seconds
[2025-10-10T08:33:32.419+0000] {processor.py:161} INFO - Started process (PID=786) to work on /opt/airflow/dags/Airflow/dags/extract_open_meteo_dag.py
[2025-10-10T08:33:32.421+0000] {processor.py:830} INFO - Processing file /opt/airflow/dags/Airflow/dags/extract_open_meteo_dag.py for tasks to queue
[2025-10-10T08:33:32.423+0000] {logging_mixin.py:188} INFO - [2025-10-10T08:33:32.422+0000] {dagbag.py:540} INFO - Filling up the DagBag from /opt/airflow/dags/Airflow/dags/extract_open_meteo_dag.py
[2025-10-10T08:33:32.481+0000] {processor.py:840} INFO - DAG(s) 'extract_open_meteo_v1' retrieved from /opt/airflow/dags/Airflow/dags/extract_open_meteo_dag.py
[2025-10-10T08:33:32.570+0000] {logging_mixin.py:188} INFO - [2025-10-10T08:33:32.569+0000] {dag.py:3047} INFO - Sync 1 DAGs
[2025-10-10T08:33:32.633+0000] {logging_mixin.py:188} INFO - [2025-10-10T08:33:32.632+0000] {dag.py:3834} INFO - Setting next_dagrun for extract_open_meteo_v1 to 2025-10-10 00:00:00+00:00, run_after=2025-10-11 00:00:00+00:00
[2025-10-10T08:33:32.713+0000] {processor.py:183} INFO - Processing /opt/airflow/dags/Airflow/dags/extract_open_meteo_dag.py took 0.298 seconds
[2025-10-10T08:34:02.870+0000] {processor.py:161} INFO - Started process (PID=791) to work on /opt/airflow/dags/Airflow/dags/extract_open_meteo_dag.py
[2025-10-10T08:34:02.873+0000] {processor.py:830} INFO - Processing file /opt/airflow/dags/Airflow/dags/extract_open_meteo_dag.py for tasks to queue
[2025-10-10T08:34:02.878+0000] {logging_mixin.py:188} INFO - [2025-10-10T08:34:02.876+0000] {dagbag.py:540} INFO - Filling up the DagBag from /opt/airflow/dags/Airflow/dags/extract_open_meteo_dag.py
[2025-10-10T08:34:02.953+0000] {processor.py:840} INFO - DAG(s) 'extract_open_meteo_v1' retrieved from /opt/airflow/dags/Airflow/dags/extract_open_meteo_dag.py
[2025-10-10T08:34:03.051+0000] {logging_mixin.py:188} INFO - [2025-10-10T08:34:03.050+0000] {dag.py:3047} INFO - Sync 1 DAGs
[2025-10-10T08:34:03.116+0000] {logging_mixin.py:188} INFO - [2025-10-10T08:34:03.115+0000] {dag.py:3834} INFO - Setting next_dagrun for extract_open_meteo_v1 to 2025-10-10 00:00:00+00:00, run_after=2025-10-11 00:00:00+00:00
[2025-10-10T08:34:03.197+0000] {processor.py:183} INFO - Processing /opt/airflow/dags/Airflow/dags/extract_open_meteo_dag.py took 0.333 seconds
[2025-10-10T08:34:33.584+0000] {processor.py:161} INFO - Started process (PID=796) to work on /opt/airflow/dags/Airflow/dags/extract_open_meteo_dag.py
[2025-10-10T08:34:33.586+0000] {processor.py:830} INFO - Processing file /opt/airflow/dags/Airflow/dags/extract_open_meteo_dag.py for tasks to queue
[2025-10-10T08:34:33.589+0000] {logging_mixin.py:188} INFO - [2025-10-10T08:34:33.588+0000] {dagbag.py:540} INFO - Filling up the DagBag from /opt/airflow/dags/Airflow/dags/extract_open_meteo_dag.py
[2025-10-10T08:34:33.648+0000] {processor.py:840} INFO - DAG(s) 'extract_open_meteo_v1' retrieved from /opt/airflow/dags/Airflow/dags/extract_open_meteo_dag.py
[2025-10-10T08:34:33.740+0000] {logging_mixin.py:188} INFO - [2025-10-10T08:34:33.739+0000] {dag.py:3047} INFO - Sync 1 DAGs
[2025-10-10T08:34:33.797+0000] {logging_mixin.py:188} INFO - [2025-10-10T08:34:33.796+0000] {dag.py:3834} INFO - Setting next_dagrun for extract_open_meteo_v1 to 2025-10-10 00:00:00+00:00, run_after=2025-10-11 00:00:00+00:00
[2025-10-10T08:34:33.872+0000] {processor.py:183} INFO - Processing /opt/airflow/dags/Airflow/dags/extract_open_meteo_dag.py took 0.293 seconds
[2025-10-10T08:35:04.058+0000] {processor.py:161} INFO - Started process (PID=801) to work on /opt/airflow/dags/Airflow/dags/extract_open_meteo_dag.py
[2025-10-10T08:35:04.061+0000] {processor.py:830} INFO - Processing file /opt/airflow/dags/Airflow/dags/extract_open_meteo_dag.py for tasks to queue
[2025-10-10T08:35:04.063+0000] {logging_mixin.py:188} INFO - [2025-10-10T08:35:04.062+0000] {dagbag.py:540} INFO - Filling up the DagBag from /opt/airflow/dags/Airflow/dags/extract_open_meteo_dag.py
[2025-10-10T08:35:04.115+0000] {processor.py:840} INFO - DAG(s) 'extract_open_meteo_v1' retrieved from /opt/airflow/dags/Airflow/dags/extract_open_meteo_dag.py
[2025-10-10T08:35:04.198+0000] {logging_mixin.py:188} INFO - [2025-10-10T08:35:04.198+0000] {dag.py:3047} INFO - Sync 1 DAGs
[2025-10-10T08:35:04.255+0000] {logging_mixin.py:188} INFO - [2025-10-10T08:35:04.255+0000] {dag.py:3834} INFO - Setting next_dagrun for extract_open_meteo_v1 to 2025-10-10 00:00:00+00:00, run_after=2025-10-11 00:00:00+00:00
[2025-10-10T08:35:04.344+0000] {processor.py:183} INFO - Processing /opt/airflow/dags/Airflow/dags/extract_open_meteo_dag.py took 0.292 seconds
[2025-10-10T08:35:34.720+0000] {processor.py:161} INFO - Started process (PID=806) to work on /opt/airflow/dags/Airflow/dags/extract_open_meteo_dag.py
[2025-10-10T08:35:34.722+0000] {processor.py:830} INFO - Processing file /opt/airflow/dags/Airflow/dags/extract_open_meteo_dag.py for tasks to queue
[2025-10-10T08:35:34.725+0000] {logging_mixin.py:188} INFO - [2025-10-10T08:35:34.724+0000] {dagbag.py:540} INFO - Filling up the DagBag from /opt/airflow/dags/Airflow/dags/extract_open_meteo_dag.py
[2025-10-10T08:35:34.783+0000] {processor.py:840} INFO - DAG(s) 'extract_open_meteo_v1' retrieved from /opt/airflow/dags/Airflow/dags/extract_open_meteo_dag.py
[2025-10-10T08:35:34.890+0000] {logging_mixin.py:188} INFO - [2025-10-10T08:35:34.890+0000] {dag.py:3047} INFO - Sync 1 DAGs
[2025-10-10T08:35:34.973+0000] {logging_mixin.py:188} INFO - [2025-10-10T08:35:34.972+0000] {dag.py:3834} INFO - Setting next_dagrun for extract_open_meteo_v1 to 2025-10-10 00:00:00+00:00, run_after=2025-10-11 00:00:00+00:00
[2025-10-10T08:35:35.074+0000] {processor.py:183} INFO - Processing /opt/airflow/dags/Airflow/dags/extract_open_meteo_dag.py took 0.359 seconds
[2025-10-10T08:36:05.275+0000] {processor.py:161} INFO - Started process (PID=811) to work on /opt/airflow/dags/Airflow/dags/extract_open_meteo_dag.py
[2025-10-10T08:36:05.277+0000] {processor.py:830} INFO - Processing file /opt/airflow/dags/Airflow/dags/extract_open_meteo_dag.py for tasks to queue
[2025-10-10T08:36:05.280+0000] {logging_mixin.py:188} INFO - [2025-10-10T08:36:05.279+0000] {dagbag.py:540} INFO - Filling up the DagBag from /opt/airflow/dags/Airflow/dags/extract_open_meteo_dag.py
[2025-10-10T08:36:05.335+0000] {processor.py:840} INFO - DAG(s) 'extract_open_meteo_v1' retrieved from /opt/airflow/dags/Airflow/dags/extract_open_meteo_dag.py
[2025-10-10T08:36:05.423+0000] {logging_mixin.py:188} INFO - [2025-10-10T08:36:05.422+0000] {dag.py:3047} INFO - Sync 1 DAGs
[2025-10-10T08:36:05.489+0000] {logging_mixin.py:188} INFO - [2025-10-10T08:36:05.488+0000] {dag.py:3834} INFO - Setting next_dagrun for extract_open_meteo_v1 to 2025-10-10 00:00:00+00:00, run_after=2025-10-11 00:00:00+00:00
[2025-10-10T08:36:05.588+0000] {processor.py:183} INFO - Processing /opt/airflow/dags/Airflow/dags/extract_open_meteo_dag.py took 0.318 seconds
[2025-10-10T08:36:35.972+0000] {processor.py:161} INFO - Started process (PID=816) to work on /opt/airflow/dags/Airflow/dags/extract_open_meteo_dag.py
[2025-10-10T08:36:35.974+0000] {processor.py:830} INFO - Processing file /opt/airflow/dags/Airflow/dags/extract_open_meteo_dag.py for tasks to queue
[2025-10-10T08:36:35.976+0000] {logging_mixin.py:188} INFO - [2025-10-10T08:36:35.975+0000] {dagbag.py:540} INFO - Filling up the DagBag from /opt/airflow/dags/Airflow/dags/extract_open_meteo_dag.py
[2025-10-10T08:36:36.011+0000] {processor.py:840} INFO - DAG(s) 'extract_open_meteo_v1' retrieved from /opt/airflow/dags/Airflow/dags/extract_open_meteo_dag.py
[2025-10-10T08:36:36.073+0000] {logging_mixin.py:188} INFO - [2025-10-10T08:36:36.073+0000] {dag.py:3047} INFO - Sync 1 DAGs
[2025-10-10T08:36:36.124+0000] {logging_mixin.py:188} INFO - [2025-10-10T08:36:36.124+0000] {dag.py:3834} INFO - Setting next_dagrun for extract_open_meteo_v1 to 2025-10-10 00:00:00+00:00, run_after=2025-10-11 00:00:00+00:00
[2025-10-10T08:36:36.192+0000] {processor.py:183} INFO - Processing /opt/airflow/dags/Airflow/dags/extract_open_meteo_dag.py took 0.223 seconds
[2025-10-10T08:37:06.316+0000] {processor.py:161} INFO - Started process (PID=821) to work on /opt/airflow/dags/Airflow/dags/extract_open_meteo_dag.py
[2025-10-10T08:37:06.318+0000] {processor.py:830} INFO - Processing file /opt/airflow/dags/Airflow/dags/extract_open_meteo_dag.py for tasks to queue
[2025-10-10T08:37:06.320+0000] {logging_mixin.py:188} INFO - [2025-10-10T08:37:06.320+0000] {dagbag.py:540} INFO - Filling up the DagBag from /opt/airflow/dags/Airflow/dags/extract_open_meteo_dag.py
[2025-10-10T08:37:06.362+0000] {processor.py:840} INFO - DAG(s) 'extract_open_meteo_v1' retrieved from /opt/airflow/dags/Airflow/dags/extract_open_meteo_dag.py
[2025-10-10T08:37:06.440+0000] {logging_mixin.py:188} INFO - [2025-10-10T08:37:06.439+0000] {dag.py:3047} INFO - Sync 1 DAGs
[2025-10-10T08:37:06.490+0000] {logging_mixin.py:188} INFO - [2025-10-10T08:37:06.490+0000] {dag.py:3834} INFO - Setting next_dagrun for extract_open_meteo_v1 to 2025-10-10 00:00:00+00:00, run_after=2025-10-11 00:00:00+00:00
[2025-10-10T08:37:06.552+0000] {processor.py:183} INFO - Processing /opt/airflow/dags/Airflow/dags/extract_open_meteo_dag.py took 0.240 seconds
[2025-10-10T08:37:36.893+0000] {processor.py:161} INFO - Started process (PID=826) to work on /opt/airflow/dags/Airflow/dags/extract_open_meteo_dag.py
[2025-10-10T08:37:36.895+0000] {processor.py:830} INFO - Processing file /opt/airflow/dags/Airflow/dags/extract_open_meteo_dag.py for tasks to queue
[2025-10-10T08:37:36.897+0000] {logging_mixin.py:188} INFO - [2025-10-10T08:37:36.896+0000] {dagbag.py:540} INFO - Filling up the DagBag from /opt/airflow/dags/Airflow/dags/extract_open_meteo_dag.py
[2025-10-10T08:37:36.942+0000] {processor.py:840} INFO - DAG(s) 'extract_open_meteo_v1' retrieved from /opt/airflow/dags/Airflow/dags/extract_open_meteo_dag.py
[2025-10-10T08:37:37.011+0000] {logging_mixin.py:188} INFO - [2025-10-10T08:37:37.011+0000] {dag.py:3047} INFO - Sync 1 DAGs
[2025-10-10T08:37:37.062+0000] {logging_mixin.py:188} INFO - [2025-10-10T08:37:37.062+0000] {dag.py:3834} INFO - Setting next_dagrun for extract_open_meteo_v1 to 2025-10-10 00:00:00+00:00, run_after=2025-10-11 00:00:00+00:00
[2025-10-10T08:37:37.128+0000] {processor.py:183} INFO - Processing /opt/airflow/dags/Airflow/dags/extract_open_meteo_dag.py took 0.239 seconds
[2025-10-10T08:38:07.290+0000] {processor.py:161} INFO - Started process (PID=831) to work on /opt/airflow/dags/Airflow/dags/extract_open_meteo_dag.py
[2025-10-10T08:38:07.291+0000] {processor.py:830} INFO - Processing file /opt/airflow/dags/Airflow/dags/extract_open_meteo_dag.py for tasks to queue
[2025-10-10T08:38:07.293+0000] {logging_mixin.py:188} INFO - [2025-10-10T08:38:07.293+0000] {dagbag.py:540} INFO - Filling up the DagBag from /opt/airflow/dags/Airflow/dags/extract_open_meteo_dag.py
[2025-10-10T08:38:07.331+0000] {processor.py:840} INFO - DAG(s) 'extract_open_meteo_v1' retrieved from /opt/airflow/dags/Airflow/dags/extract_open_meteo_dag.py
[2025-10-10T08:38:07.397+0000] {logging_mixin.py:188} INFO - [2025-10-10T08:38:07.397+0000] {dag.py:3047} INFO - Sync 1 DAGs
[2025-10-10T08:38:07.454+0000] {logging_mixin.py:188} INFO - [2025-10-10T08:38:07.454+0000] {dag.py:3834} INFO - Setting next_dagrun for extract_open_meteo_v1 to 2025-10-10 00:00:00+00:00, run_after=2025-10-11 00:00:00+00:00
[2025-10-10T08:38:07.557+0000] {processor.py:183} INFO - Processing /opt/airflow/dags/Airflow/dags/extract_open_meteo_dag.py took 0.271 seconds
[2025-10-10T08:38:37.917+0000] {processor.py:161} INFO - Started process (PID=836) to work on /opt/airflow/dags/Airflow/dags/extract_open_meteo_dag.py
[2025-10-10T08:38:37.920+0000] {processor.py:830} INFO - Processing file /opt/airflow/dags/Airflow/dags/extract_open_meteo_dag.py for tasks to queue
[2025-10-10T08:38:37.922+0000] {logging_mixin.py:188} INFO - [2025-10-10T08:38:37.921+0000] {dagbag.py:540} INFO - Filling up the DagBag from /opt/airflow/dags/Airflow/dags/extract_open_meteo_dag.py
[2025-10-10T08:38:37.998+0000] {processor.py:840} INFO - DAG(s) 'extract_open_meteo_v1' retrieved from /opt/airflow/dags/Airflow/dags/extract_open_meteo_dag.py
[2025-10-10T08:38:38.108+0000] {logging_mixin.py:188} INFO - [2025-10-10T08:38:38.107+0000] {dag.py:3047} INFO - Sync 1 DAGs
[2025-10-10T08:38:38.180+0000] {logging_mixin.py:188} INFO - [2025-10-10T08:38:38.179+0000] {dag.py:3834} INFO - Setting next_dagrun for extract_open_meteo_v1 to 2025-10-10 00:00:00+00:00, run_after=2025-10-11 00:00:00+00:00
[2025-10-10T08:38:38.268+0000] {processor.py:183} INFO - Processing /opt/airflow/dags/Airflow/dags/extract_open_meteo_dag.py took 0.355 seconds
[2025-10-10T08:39:08.856+0000] {processor.py:161} INFO - Started process (PID=841) to work on /opt/airflow/dags/Airflow/dags/extract_open_meteo_dag.py
[2025-10-10T08:39:08.861+0000] {processor.py:830} INFO - Processing file /opt/airflow/dags/Airflow/dags/extract_open_meteo_dag.py for tasks to queue
[2025-10-10T08:39:08.864+0000] {logging_mixin.py:188} INFO - [2025-10-10T08:39:08.863+0000] {dagbag.py:540} INFO - Filling up the DagBag from /opt/airflow/dags/Airflow/dags/extract_open_meteo_dag.py
[2025-10-10T08:39:08.929+0000] {processor.py:840} INFO - DAG(s) 'extract_open_meteo_v1' retrieved from /opt/airflow/dags/Airflow/dags/extract_open_meteo_dag.py
[2025-10-10T08:39:09.061+0000] {logging_mixin.py:188} INFO - [2025-10-10T08:39:09.061+0000] {dag.py:3047} INFO - Sync 1 DAGs
[2025-10-10T08:39:09.140+0000] {logging_mixin.py:188} INFO - [2025-10-10T08:39:09.140+0000] {dag.py:3834} INFO - Setting next_dagrun for extract_open_meteo_v1 to 2025-10-10 00:00:00+00:00, run_after=2025-10-11 00:00:00+00:00
[2025-10-10T08:39:09.232+0000] {processor.py:183} INFO - Processing /opt/airflow/dags/Airflow/dags/extract_open_meteo_dag.py took 0.385 seconds
[2025-10-10T08:39:39.861+0000] {processor.py:161} INFO - Started process (PID=846) to work on /opt/airflow/dags/Airflow/dags/extract_open_meteo_dag.py
[2025-10-10T08:39:39.871+0000] {processor.py:830} INFO - Processing file /opt/airflow/dags/Airflow/dags/extract_open_meteo_dag.py for tasks to queue
[2025-10-10T08:39:39.893+0000] {logging_mixin.py:188} INFO - [2025-10-10T08:39:39.884+0000] {dagbag.py:540} INFO - Filling up the DagBag from /opt/airflow/dags/Airflow/dags/extract_open_meteo_dag.py
[2025-10-10T08:39:40.151+0000] {processor.py:840} INFO - DAG(s) 'extract_open_meteo_v1' retrieved from /opt/airflow/dags/Airflow/dags/extract_open_meteo_dag.py
[2025-10-10T08:39:40.277+0000] {logging_mixin.py:188} INFO - [2025-10-10T08:39:40.276+0000] {dag.py:3047} INFO - Sync 1 DAGs
[2025-10-10T08:39:40.464+0000] {logging_mixin.py:188} INFO - [2025-10-10T08:39:40.463+0000] {dag.py:3834} INFO - Setting next_dagrun for extract_open_meteo_v1 to 2025-10-10 00:00:00+00:00, run_after=2025-10-11 00:00:00+00:00
[2025-10-10T08:39:40.554+0000] {processor.py:183} INFO - Processing /opt/airflow/dags/Airflow/dags/extract_open_meteo_dag.py took 0.727 seconds
[2025-10-10T08:40:10.940+0000] {processor.py:161} INFO - Started process (PID=851) to work on /opt/airflow/dags/Airflow/dags/extract_open_meteo_dag.py
[2025-10-10T08:40:10.943+0000] {processor.py:830} INFO - Processing file /opt/airflow/dags/Airflow/dags/extract_open_meteo_dag.py for tasks to queue
[2025-10-10T08:40:10.945+0000] {logging_mixin.py:188} INFO - [2025-10-10T08:40:10.944+0000] {dagbag.py:540} INFO - Filling up the DagBag from /opt/airflow/dags/Airflow/dags/extract_open_meteo_dag.py
[2025-10-10T08:40:10.986+0000] {processor.py:840} INFO - DAG(s) 'extract_open_meteo_v1' retrieved from /opt/airflow/dags/Airflow/dags/extract_open_meteo_dag.py
[2025-10-10T08:40:11.072+0000] {logging_mixin.py:188} INFO - [2025-10-10T08:40:11.072+0000] {dag.py:3047} INFO - Sync 1 DAGs
[2025-10-10T08:40:11.123+0000] {logging_mixin.py:188} INFO - [2025-10-10T08:40:11.123+0000] {dag.py:3834} INFO - Setting next_dagrun for extract_open_meteo_v1 to 2025-10-10 00:00:00+00:00, run_after=2025-10-11 00:00:00+00:00
[2025-10-10T08:40:11.186+0000] {processor.py:183} INFO - Processing /opt/airflow/dags/Airflow/dags/extract_open_meteo_dag.py took 0.256 seconds
[2025-10-10T08:40:41.539+0000] {processor.py:161} INFO - Started process (PID=856) to work on /opt/airflow/dags/Airflow/dags/extract_open_meteo_dag.py
[2025-10-10T08:40:41.541+0000] {processor.py:830} INFO - Processing file /opt/airflow/dags/Airflow/dags/extract_open_meteo_dag.py for tasks to queue
[2025-10-10T08:40:41.542+0000] {logging_mixin.py:188} INFO - [2025-10-10T08:40:41.542+0000] {dagbag.py:540} INFO - Filling up the DagBag from /opt/airflow/dags/Airflow/dags/extract_open_meteo_dag.py
[2025-10-10T08:40:41.609+0000] {processor.py:840} INFO - DAG(s) 'extract_open_meteo_v1' retrieved from /opt/airflow/dags/Airflow/dags/extract_open_meteo_dag.py
[2025-10-10T08:40:41.685+0000] {logging_mixin.py:188} INFO - [2025-10-10T08:40:41.684+0000] {dag.py:3047} INFO - Sync 1 DAGs
[2025-10-10T08:40:41.731+0000] {logging_mixin.py:188} INFO - [2025-10-10T08:40:41.731+0000] {dag.py:3834} INFO - Setting next_dagrun for extract_open_meteo_v1 to 2025-10-10 00:00:00+00:00, run_after=2025-10-11 00:00:00+00:00
[2025-10-10T08:40:41.793+0000] {processor.py:183} INFO - Processing /opt/airflow/dags/Airflow/dags/extract_open_meteo_dag.py took 0.258 seconds
[2025-10-10T08:41:11.954+0000] {processor.py:161} INFO - Started process (PID=861) to work on /opt/airflow/dags/Airflow/dags/extract_open_meteo_dag.py
[2025-10-10T08:41:11.956+0000] {processor.py:830} INFO - Processing file /opt/airflow/dags/Airflow/dags/extract_open_meteo_dag.py for tasks to queue
[2025-10-10T08:41:11.958+0000] {logging_mixin.py:188} INFO - [2025-10-10T08:41:11.958+0000] {dagbag.py:540} INFO - Filling up the DagBag from /opt/airflow/dags/Airflow/dags/extract_open_meteo_dag.py
[2025-10-10T08:41:12.004+0000] {processor.py:840} INFO - DAG(s) 'extract_open_meteo_v1' retrieved from /opt/airflow/dags/Airflow/dags/extract_open_meteo_dag.py
[2025-10-10T08:41:12.079+0000] {logging_mixin.py:188} INFO - [2025-10-10T08:41:12.078+0000] {dag.py:3047} INFO - Sync 1 DAGs
[2025-10-10T08:41:12.124+0000] {logging_mixin.py:188} INFO - [2025-10-10T08:41:12.124+0000] {dag.py:3834} INFO - Setting next_dagrun for extract_open_meteo_v1 to 2025-10-10 00:00:00+00:00, run_after=2025-10-11 00:00:00+00:00
[2025-10-10T08:41:12.189+0000] {processor.py:183} INFO - Processing /opt/airflow/dags/Airflow/dags/extract_open_meteo_dag.py took 0.242 seconds
[2025-10-10T08:41:42.478+0000] {processor.py:161} INFO - Started process (PID=866) to work on /opt/airflow/dags/Airflow/dags/extract_open_meteo_dag.py
[2025-10-10T08:41:42.480+0000] {processor.py:830} INFO - Processing file /opt/airflow/dags/Airflow/dags/extract_open_meteo_dag.py for tasks to queue
[2025-10-10T08:41:42.481+0000] {logging_mixin.py:188} INFO - [2025-10-10T08:41:42.481+0000] {dagbag.py:540} INFO - Filling up the DagBag from /opt/airflow/dags/Airflow/dags/extract_open_meteo_dag.py
[2025-10-10T08:41:42.517+0000] {processor.py:840} INFO - DAG(s) 'extract_open_meteo_v1' retrieved from /opt/airflow/dags/Airflow/dags/extract_open_meteo_dag.py
[2025-10-10T08:41:42.588+0000] {logging_mixin.py:188} INFO - [2025-10-10T08:41:42.587+0000] {dag.py:3047} INFO - Sync 1 DAGs
[2025-10-10T08:41:42.630+0000] {logging_mixin.py:188} INFO - [2025-10-10T08:41:42.629+0000] {dag.py:3834} INFO - Setting next_dagrun for extract_open_meteo_v1 to 2025-10-10 00:00:00+00:00, run_after=2025-10-11 00:00:00+00:00
[2025-10-10T08:41:42.685+0000] {processor.py:183} INFO - Processing /opt/airflow/dags/Airflow/dags/extract_open_meteo_dag.py took 0.211 seconds
[2025-10-10T08:42:12.897+0000] {processor.py:161} INFO - Started process (PID=871) to work on /opt/airflow/dags/Airflow/dags/extract_open_meteo_dag.py
[2025-10-10T08:42:12.899+0000] {processor.py:830} INFO - Processing file /opt/airflow/dags/Airflow/dags/extract_open_meteo_dag.py for tasks to queue
[2025-10-10T08:42:12.900+0000] {logging_mixin.py:188} INFO - [2025-10-10T08:42:12.900+0000] {dagbag.py:540} INFO - Filling up the DagBag from /opt/airflow/dags/Airflow/dags/extract_open_meteo_dag.py
[2025-10-10T08:42:12.934+0000] {processor.py:840} INFO - DAG(s) 'extract_open_meteo_v1' retrieved from /opt/airflow/dags/Airflow/dags/extract_open_meteo_dag.py
[2025-10-10T08:42:12.984+0000] {logging_mixin.py:188} INFO - [2025-10-10T08:42:12.984+0000] {dag.py:3047} INFO - Sync 1 DAGs
[2025-10-10T08:42:13.025+0000] {logging_mixin.py:188} INFO - [2025-10-10T08:42:13.024+0000] {dag.py:3834} INFO - Setting next_dagrun for extract_open_meteo_v1 to 2025-10-10 00:00:00+00:00, run_after=2025-10-11 00:00:00+00:00
[2025-10-10T08:42:13.101+0000] {processor.py:183} INFO - Processing /opt/airflow/dags/Airflow/dags/extract_open_meteo_dag.py took 0.207 seconds
[2025-10-10T08:42:43.286+0000] {processor.py:161} INFO - Started process (PID=876) to work on /opt/airflow/dags/Airflow/dags/extract_open_meteo_dag.py
[2025-10-10T08:42:43.288+0000] {processor.py:830} INFO - Processing file /opt/airflow/dags/Airflow/dags/extract_open_meteo_dag.py for tasks to queue
[2025-10-10T08:42:43.290+0000] {logging_mixin.py:188} INFO - [2025-10-10T08:42:43.290+0000] {dagbag.py:540} INFO - Filling up the DagBag from /opt/airflow/dags/Airflow/dags/extract_open_meteo_dag.py
[2025-10-10T08:42:43.333+0000] {processor.py:840} INFO - DAG(s) 'extract_open_meteo_v1' retrieved from /opt/airflow/dags/Airflow/dags/extract_open_meteo_dag.py
[2025-10-10T08:42:43.413+0000] {logging_mixin.py:188} INFO - [2025-10-10T08:42:43.412+0000] {dag.py:3047} INFO - Sync 1 DAGs
[2025-10-10T08:42:43.471+0000] {logging_mixin.py:188} INFO - [2025-10-10T08:42:43.470+0000] {dag.py:3834} INFO - Setting next_dagrun for extract_open_meteo_v1 to 2025-10-10 00:00:00+00:00, run_after=2025-10-11 00:00:00+00:00
[2025-10-10T08:42:43.544+0000] {processor.py:183} INFO - Processing /opt/airflow/dags/Airflow/dags/extract_open_meteo_dag.py took 0.262 seconds
[2025-10-10T08:43:13.776+0000] {processor.py:161} INFO - Started process (PID=881) to work on /opt/airflow/dags/Airflow/dags/extract_open_meteo_dag.py
[2025-10-10T08:43:13.778+0000] {processor.py:830} INFO - Processing file /opt/airflow/dags/Airflow/dags/extract_open_meteo_dag.py for tasks to queue
[2025-10-10T08:43:13.781+0000] {logging_mixin.py:188} INFO - [2025-10-10T08:43:13.780+0000] {dagbag.py:540} INFO - Filling up the DagBag from /opt/airflow/dags/Airflow/dags/extract_open_meteo_dag.py
[2025-10-10T08:43:13.831+0000] {processor.py:840} INFO - DAG(s) 'extract_open_meteo_v1' retrieved from /opt/airflow/dags/Airflow/dags/extract_open_meteo_dag.py
[2025-10-10T08:43:13.905+0000] {logging_mixin.py:188} INFO - [2025-10-10T08:43:13.905+0000] {dag.py:3047} INFO - Sync 1 DAGs
[2025-10-10T08:43:13.953+0000] {logging_mixin.py:188} INFO - [2025-10-10T08:43:13.953+0000] {dag.py:3834} INFO - Setting next_dagrun for extract_open_meteo_v1 to 2025-10-10 00:00:00+00:00, run_after=2025-10-11 00:00:00+00:00
[2025-10-10T08:43:14.017+0000] {processor.py:183} INFO - Processing /opt/airflow/dags/Airflow/dags/extract_open_meteo_dag.py took 0.246 seconds
[2025-10-10T08:43:44.120+0000] {processor.py:161} INFO - Started process (PID=886) to work on /opt/airflow/dags/Airflow/dags/extract_open_meteo_dag.py
[2025-10-10T08:43:44.122+0000] {processor.py:830} INFO - Processing file /opt/airflow/dags/Airflow/dags/extract_open_meteo_dag.py for tasks to queue
[2025-10-10T08:43:44.123+0000] {logging_mixin.py:188} INFO - [2025-10-10T08:43:44.123+0000] {dagbag.py:540} INFO - Filling up the DagBag from /opt/airflow/dags/Airflow/dags/extract_open_meteo_dag.py
[2025-10-10T08:43:44.163+0000] {processor.py:840} INFO - DAG(s) 'extract_open_meteo_v1' retrieved from /opt/airflow/dags/Airflow/dags/extract_open_meteo_dag.py
[2025-10-10T08:43:44.234+0000] {logging_mixin.py:188} INFO - [2025-10-10T08:43:44.233+0000] {dag.py:3047} INFO - Sync 1 DAGs
[2025-10-10T08:43:44.278+0000] {logging_mixin.py:188} INFO - [2025-10-10T08:43:44.278+0000] {dag.py:3834} INFO - Setting next_dagrun for extract_open_meteo_v1 to 2025-10-10 00:00:00+00:00, run_after=2025-10-11 00:00:00+00:00
[2025-10-10T08:43:44.338+0000] {processor.py:183} INFO - Processing /opt/airflow/dags/Airflow/dags/extract_open_meteo_dag.py took 0.221 seconds
[2025-10-10T08:44:14.704+0000] {processor.py:161} INFO - Started process (PID=891) to work on /opt/airflow/dags/Airflow/dags/extract_open_meteo_dag.py
[2025-10-10T08:44:14.708+0000] {processor.py:830} INFO - Processing file /opt/airflow/dags/Airflow/dags/extract_open_meteo_dag.py for tasks to queue
[2025-10-10T08:44:14.710+0000] {logging_mixin.py:188} INFO - [2025-10-10T08:44:14.709+0000] {dagbag.py:540} INFO - Filling up the DagBag from /opt/airflow/dags/Airflow/dags/extract_open_meteo_dag.py
[2025-10-10T08:44:14.753+0000] {processor.py:840} INFO - DAG(s) 'extract_open_meteo_v1' retrieved from /opt/airflow/dags/Airflow/dags/extract_open_meteo_dag.py
[2025-10-10T08:44:14.822+0000] {logging_mixin.py:188} INFO - [2025-10-10T08:44:14.822+0000] {dag.py:3047} INFO - Sync 1 DAGs
[2025-10-10T08:44:14.870+0000] {logging_mixin.py:188} INFO - [2025-10-10T08:44:14.870+0000] {dag.py:3834} INFO - Setting next_dagrun for extract_open_meteo_v1 to 2025-10-10 00:00:00+00:00, run_after=2025-10-11 00:00:00+00:00
[2025-10-10T08:44:14.925+0000] {processor.py:183} INFO - Processing /opt/airflow/dags/Airflow/dags/extract_open_meteo_dag.py took 0.237 seconds
[2025-10-10T08:44:45.335+0000] {processor.py:161} INFO - Started process (PID=896) to work on /opt/airflow/dags/Airflow/dags/extract_open_meteo_dag.py
[2025-10-10T08:44:45.337+0000] {processor.py:830} INFO - Processing file /opt/airflow/dags/Airflow/dags/extract_open_meteo_dag.py for tasks to queue
[2025-10-10T08:44:45.339+0000] {logging_mixin.py:188} INFO - [2025-10-10T08:44:45.338+0000] {dagbag.py:540} INFO - Filling up the DagBag from /opt/airflow/dags/Airflow/dags/extract_open_meteo_dag.py
[2025-10-10T08:44:45.375+0000] {processor.py:840} INFO - DAG(s) 'extract_open_meteo_v1' retrieved from /opt/airflow/dags/Airflow/dags/extract_open_meteo_dag.py
[2025-10-10T08:44:45.438+0000] {logging_mixin.py:188} INFO - [2025-10-10T08:44:45.438+0000] {dag.py:3047} INFO - Sync 1 DAGs
[2025-10-10T08:44:45.483+0000] {logging_mixin.py:188} INFO - [2025-10-10T08:44:45.483+0000] {dag.py:3834} INFO - Setting next_dagrun for extract_open_meteo_v1 to 2025-10-10 00:00:00+00:00, run_after=2025-10-11 00:00:00+00:00
[2025-10-10T08:44:45.535+0000] {processor.py:183} INFO - Processing /opt/airflow/dags/Airflow/dags/extract_open_meteo_dag.py took 0.210 seconds
[2025-10-10T08:45:15.846+0000] {processor.py:161} INFO - Started process (PID=901) to work on /opt/airflow/dags/Airflow/dags/extract_open_meteo_dag.py
[2025-10-10T08:45:15.848+0000] {processor.py:830} INFO - Processing file /opt/airflow/dags/Airflow/dags/extract_open_meteo_dag.py for tasks to queue
[2025-10-10T08:45:15.850+0000] {logging_mixin.py:188} INFO - [2025-10-10T08:45:15.850+0000] {dagbag.py:540} INFO - Filling up the DagBag from /opt/airflow/dags/Airflow/dags/extract_open_meteo_dag.py
[2025-10-10T08:45:15.887+0000] {processor.py:840} INFO - DAG(s) 'extract_open_meteo_v1' retrieved from /opt/airflow/dags/Airflow/dags/extract_open_meteo_dag.py
[2025-10-10T08:45:15.948+0000] {logging_mixin.py:188} INFO - [2025-10-10T08:45:15.948+0000] {dag.py:3047} INFO - Sync 1 DAGs
[2025-10-10T08:45:15.990+0000] {logging_mixin.py:188} INFO - [2025-10-10T08:45:15.990+0000] {dag.py:3834} INFO - Setting next_dagrun for extract_open_meteo_v1 to 2025-10-10 00:00:00+00:00, run_after=2025-10-11 00:00:00+00:00
[2025-10-10T08:45:16.046+0000] {processor.py:183} INFO - Processing /opt/airflow/dags/Airflow/dags/extract_open_meteo_dag.py took 0.202 seconds
[2025-10-10T08:45:46.119+0000] {processor.py:161} INFO - Started process (PID=906) to work on /opt/airflow/dags/Airflow/dags/extract_open_meteo_dag.py
[2025-10-10T08:45:46.120+0000] {processor.py:830} INFO - Processing file /opt/airflow/dags/Airflow/dags/extract_open_meteo_dag.py for tasks to queue
[2025-10-10T08:45:46.122+0000] {logging_mixin.py:188} INFO - [2025-10-10T08:45:46.121+0000] {dagbag.py:540} INFO - Filling up the DagBag from /opt/airflow/dags/Airflow/dags/extract_open_meteo_dag.py
[2025-10-10T08:45:46.157+0000] {processor.py:840} INFO - DAG(s) 'extract_open_meteo_v1' retrieved from /opt/airflow/dags/Airflow/dags/extract_open_meteo_dag.py
[2025-10-10T08:45:46.217+0000] {logging_mixin.py:188} INFO - [2025-10-10T08:45:46.217+0000] {dag.py:3047} INFO - Sync 1 DAGs
[2025-10-10T08:45:46.259+0000] {logging_mixin.py:188} INFO - [2025-10-10T08:45:46.259+0000] {dag.py:3834} INFO - Setting next_dagrun for extract_open_meteo_v1 to 2025-10-10 00:00:00+00:00, run_after=2025-10-11 00:00:00+00:00
[2025-10-10T08:45:46.309+0000] {processor.py:183} INFO - Processing /opt/airflow/dags/Airflow/dags/extract_open_meteo_dag.py took 0.194 seconds
[2025-10-10T08:46:16.496+0000] {processor.py:161} INFO - Started process (PID=911) to work on /opt/airflow/dags/Airflow/dags/extract_open_meteo_dag.py
[2025-10-10T08:46:16.498+0000] {processor.py:830} INFO - Processing file /opt/airflow/dags/Airflow/dags/extract_open_meteo_dag.py for tasks to queue
[2025-10-10T08:46:16.499+0000] {logging_mixin.py:188} INFO - [2025-10-10T08:46:16.499+0000] {dagbag.py:540} INFO - Filling up the DagBag from /opt/airflow/dags/Airflow/dags/extract_open_meteo_dag.py
[2025-10-10T08:46:16.535+0000] {processor.py:840} INFO - DAG(s) 'extract_open_meteo_v1' retrieved from /opt/airflow/dags/Airflow/dags/extract_open_meteo_dag.py
[2025-10-10T08:46:16.596+0000] {logging_mixin.py:188} INFO - [2025-10-10T08:46:16.596+0000] {dag.py:3047} INFO - Sync 1 DAGs
[2025-10-10T08:46:16.634+0000] {logging_mixin.py:188} INFO - [2025-10-10T08:46:16.634+0000] {dag.py:3834} INFO - Setting next_dagrun for extract_open_meteo_v1 to 2025-10-10 00:00:00+00:00, run_after=2025-10-11 00:00:00+00:00
[2025-10-10T08:46:16.685+0000] {processor.py:183} INFO - Processing /opt/airflow/dags/Airflow/dags/extract_open_meteo_dag.py took 0.193 seconds
[2025-10-10T08:46:46.902+0000] {processor.py:161} INFO - Started process (PID=916) to work on /opt/airflow/dags/Airflow/dags/extract_open_meteo_dag.py
[2025-10-10T08:46:46.903+0000] {processor.py:830} INFO - Processing file /opt/airflow/dags/Airflow/dags/extract_open_meteo_dag.py for tasks to queue
[2025-10-10T08:46:46.905+0000] {logging_mixin.py:188} INFO - [2025-10-10T08:46:46.904+0000] {dagbag.py:540} INFO - Filling up the DagBag from /opt/airflow/dags/Airflow/dags/extract_open_meteo_dag.py
[2025-10-10T08:46:46.942+0000] {processor.py:840} INFO - DAG(s) 'extract_open_meteo_v1' retrieved from /opt/airflow/dags/Airflow/dags/extract_open_meteo_dag.py
[2025-10-10T08:46:47.004+0000] {logging_mixin.py:188} INFO - [2025-10-10T08:46:47.004+0000] {dag.py:3047} INFO - Sync 1 DAGs
[2025-10-10T08:46:47.042+0000] {logging_mixin.py:188} INFO - [2025-10-10T08:46:47.041+0000] {dag.py:3834} INFO - Setting next_dagrun for extract_open_meteo_v1 to 2025-10-10 00:00:00+00:00, run_after=2025-10-11 00:00:00+00:00
[2025-10-10T08:46:47.096+0000] {processor.py:183} INFO - Processing /opt/airflow/dags/Airflow/dags/extract_open_meteo_dag.py took 0.198 seconds
[2025-10-10T08:47:17.256+0000] {processor.py:161} INFO - Started process (PID=921) to work on /opt/airflow/dags/Airflow/dags/extract_open_meteo_dag.py
[2025-10-10T08:47:17.258+0000] {processor.py:830} INFO - Processing file /opt/airflow/dags/Airflow/dags/extract_open_meteo_dag.py for tasks to queue
[2025-10-10T08:47:17.259+0000] {logging_mixin.py:188} INFO - [2025-10-10T08:47:17.259+0000] {dagbag.py:540} INFO - Filling up the DagBag from /opt/airflow/dags/Airflow/dags/extract_open_meteo_dag.py
[2025-10-10T08:47:17.293+0000] {processor.py:840} INFO - DAG(s) 'extract_open_meteo_v1' retrieved from /opt/airflow/dags/Airflow/dags/extract_open_meteo_dag.py
[2025-10-10T08:47:17.346+0000] {logging_mixin.py:188} INFO - [2025-10-10T08:47:17.346+0000] {dag.py:3047} INFO - Sync 1 DAGs
[2025-10-10T08:47:17.387+0000] {logging_mixin.py:188} INFO - [2025-10-10T08:47:17.387+0000] {dag.py:3834} INFO - Setting next_dagrun for extract_open_meteo_v1 to 2025-10-10 00:00:00+00:00, run_after=2025-10-11 00:00:00+00:00
[2025-10-10T08:47:17.440+0000] {processor.py:183} INFO - Processing /opt/airflow/dags/Airflow/dags/extract_open_meteo_dag.py took 0.187 seconds
[2025-10-10T08:47:47.757+0000] {processor.py:161} INFO - Started process (PID=926) to work on /opt/airflow/dags/Airflow/dags/extract_open_meteo_dag.py
[2025-10-10T08:47:47.758+0000] {processor.py:830} INFO - Processing file /opt/airflow/dags/Airflow/dags/extract_open_meteo_dag.py for tasks to queue
[2025-10-10T08:47:47.760+0000] {logging_mixin.py:188} INFO - [2025-10-10T08:47:47.760+0000] {dagbag.py:540} INFO - Filling up the DagBag from /opt/airflow/dags/Airflow/dags/extract_open_meteo_dag.py
[2025-10-10T08:47:47.793+0000] {processor.py:840} INFO - DAG(s) 'extract_open_meteo_v1' retrieved from /opt/airflow/dags/Airflow/dags/extract_open_meteo_dag.py
[2025-10-10T08:47:47.849+0000] {logging_mixin.py:188} INFO - [2025-10-10T08:47:47.848+0000] {dag.py:3047} INFO - Sync 1 DAGs
[2025-10-10T08:47:47.892+0000] {logging_mixin.py:188} INFO - [2025-10-10T08:47:47.892+0000] {dag.py:3834} INFO - Setting next_dagrun for extract_open_meteo_v1 to 2025-10-10 00:00:00+00:00, run_after=2025-10-11 00:00:00+00:00
[2025-10-10T08:47:47.948+0000] {processor.py:183} INFO - Processing /opt/airflow/dags/Airflow/dags/extract_open_meteo_dag.py took 0.193 seconds
[2025-10-10T08:48:18.071+0000] {processor.py:161} INFO - Started process (PID=931) to work on /opt/airflow/dags/Airflow/dags/extract_open_meteo_dag.py
[2025-10-10T08:48:18.073+0000] {processor.py:830} INFO - Processing file /opt/airflow/dags/Airflow/dags/extract_open_meteo_dag.py for tasks to queue
[2025-10-10T08:48:18.074+0000] {logging_mixin.py:188} INFO - [2025-10-10T08:48:18.074+0000] {dagbag.py:540} INFO - Filling up the DagBag from /opt/airflow/dags/Airflow/dags/extract_open_meteo_dag.py
[2025-10-10T08:48:18.113+0000] {processor.py:840} INFO - DAG(s) 'extract_open_meteo_v1' retrieved from /opt/airflow/dags/Airflow/dags/extract_open_meteo_dag.py
[2025-10-10T08:48:18.188+0000] {logging_mixin.py:188} INFO - [2025-10-10T08:48:18.188+0000] {dag.py:3047} INFO - Sync 1 DAGs
[2025-10-10T08:48:18.239+0000] {logging_mixin.py:188} INFO - [2025-10-10T08:48:18.239+0000] {dag.py:3834} INFO - Setting next_dagrun for extract_open_meteo_v1 to 2025-10-10 00:00:00+00:00, run_after=2025-10-11 00:00:00+00:00
[2025-10-10T08:48:18.301+0000] {processor.py:183} INFO - Processing /opt/airflow/dags/Airflow/dags/extract_open_meteo_dag.py took 0.234 seconds
[2025-10-10T08:48:48.573+0000] {processor.py:161} INFO - Started process (PID=936) to work on /opt/airflow/dags/Airflow/dags/extract_open_meteo_dag.py
[2025-10-10T08:48:48.574+0000] {processor.py:830} INFO - Processing file /opt/airflow/dags/Airflow/dags/extract_open_meteo_dag.py for tasks to queue
[2025-10-10T08:48:48.576+0000] {logging_mixin.py:188} INFO - [2025-10-10T08:48:48.576+0000] {dagbag.py:540} INFO - Filling up the DagBag from /opt/airflow/dags/Airflow/dags/extract_open_meteo_dag.py
[2025-10-10T08:48:48.615+0000] {processor.py:840} INFO - DAG(s) 'extract_open_meteo_v1' retrieved from /opt/airflow/dags/Airflow/dags/extract_open_meteo_dag.py
[2025-10-10T08:48:48.670+0000] {logging_mixin.py:188} INFO - [2025-10-10T08:48:48.670+0000] {dag.py:3047} INFO - Sync 1 DAGs
[2025-10-10T08:48:48.714+0000] {logging_mixin.py:188} INFO - [2025-10-10T08:48:48.713+0000] {dag.py:3834} INFO - Setting next_dagrun for extract_open_meteo_v1 to 2025-10-10 00:00:00+00:00, run_after=2025-10-11 00:00:00+00:00
[2025-10-10T08:48:48.769+0000] {processor.py:183} INFO - Processing /opt/airflow/dags/Airflow/dags/extract_open_meteo_dag.py took 0.199 seconds
[2025-10-10T08:49:18.971+0000] {processor.py:161} INFO - Started process (PID=941) to work on /opt/airflow/dags/Airflow/dags/extract_open_meteo_dag.py
[2025-10-10T08:49:18.972+0000] {processor.py:830} INFO - Processing file /opt/airflow/dags/Airflow/dags/extract_open_meteo_dag.py for tasks to queue
[2025-10-10T08:49:18.973+0000] {logging_mixin.py:188} INFO - [2025-10-10T08:49:18.973+0000] {dagbag.py:540} INFO - Filling up the DagBag from /opt/airflow/dags/Airflow/dags/extract_open_meteo_dag.py
[2025-10-10T08:49:19.009+0000] {processor.py:840} INFO - DAG(s) 'extract_open_meteo_v1' retrieved from /opt/airflow/dags/Airflow/dags/extract_open_meteo_dag.py
[2025-10-10T08:49:19.066+0000] {logging_mixin.py:188} INFO - [2025-10-10T08:49:19.066+0000] {dag.py:3047} INFO - Sync 1 DAGs
[2025-10-10T08:49:19.106+0000] {logging_mixin.py:188} INFO - [2025-10-10T08:49:19.105+0000] {dag.py:3834} INFO - Setting next_dagrun for extract_open_meteo_v1 to 2025-10-10 00:00:00+00:00, run_after=2025-10-11 00:00:00+00:00
[2025-10-10T08:49:19.160+0000] {processor.py:183} INFO - Processing /opt/airflow/dags/Airflow/dags/extract_open_meteo_dag.py took 0.192 seconds
[2025-10-10T08:49:49.350+0000] {processor.py:161} INFO - Started process (PID=946) to work on /opt/airflow/dags/Airflow/dags/extract_open_meteo_dag.py
[2025-10-10T08:49:49.351+0000] {processor.py:830} INFO - Processing file /opt/airflow/dags/Airflow/dags/extract_open_meteo_dag.py for tasks to queue
[2025-10-10T08:49:49.353+0000] {logging_mixin.py:188} INFO - [2025-10-10T08:49:49.352+0000] {dagbag.py:540} INFO - Filling up the DagBag from /opt/airflow/dags/Airflow/dags/extract_open_meteo_dag.py
[2025-10-10T08:49:49.386+0000] {processor.py:840} INFO - DAG(s) 'extract_open_meteo_v1' retrieved from /opt/airflow/dags/Airflow/dags/extract_open_meteo_dag.py
[2025-10-10T08:49:49.448+0000] {logging_mixin.py:188} INFO - [2025-10-10T08:49:49.447+0000] {dag.py:3047} INFO - Sync 1 DAGs
[2025-10-10T08:49:49.491+0000] {logging_mixin.py:188} INFO - [2025-10-10T08:49:49.491+0000] {dag.py:3834} INFO - Setting next_dagrun for extract_open_meteo_v1 to 2025-10-10 00:00:00+00:00, run_after=2025-10-11 00:00:00+00:00
[2025-10-10T08:49:49.547+0000] {processor.py:183} INFO - Processing /opt/airflow/dags/Airflow/dags/extract_open_meteo_dag.py took 0.200 seconds
[2025-10-10T08:50:19.771+0000] {processor.py:161} INFO - Started process (PID=951) to work on /opt/airflow/dags/Airflow/dags/extract_open_meteo_dag.py
[2025-10-10T08:50:19.772+0000] {processor.py:830} INFO - Processing file /opt/airflow/dags/Airflow/dags/extract_open_meteo_dag.py for tasks to queue
[2025-10-10T08:50:19.774+0000] {logging_mixin.py:188} INFO - [2025-10-10T08:50:19.774+0000] {dagbag.py:540} INFO - Filling up the DagBag from /opt/airflow/dags/Airflow/dags/extract_open_meteo_dag.py
[2025-10-10T08:50:19.813+0000] {processor.py:840} INFO - DAG(s) 'extract_open_meteo_v1' retrieved from /opt/airflow/dags/Airflow/dags/extract_open_meteo_dag.py
[2025-10-10T08:50:19.871+0000] {logging_mixin.py:188} INFO - [2025-10-10T08:50:19.870+0000] {dag.py:3047} INFO - Sync 1 DAGs
[2025-10-10T08:50:19.912+0000] {logging_mixin.py:188} INFO - [2025-10-10T08:50:19.912+0000] {dag.py:3834} INFO - Setting next_dagrun for extract_open_meteo_v1 to 2025-10-10 00:00:00+00:00, run_after=2025-10-11 00:00:00+00:00
[2025-10-10T08:50:19.965+0000] {processor.py:183} INFO - Processing /opt/airflow/dags/Airflow/dags/extract_open_meteo_dag.py took 0.197 seconds
[2025-10-10T08:50:50.153+0000] {processor.py:161} INFO - Started process (PID=956) to work on /opt/airflow/dags/Airflow/dags/extract_open_meteo_dag.py
[2025-10-10T08:50:50.154+0000] {processor.py:830} INFO - Processing file /opt/airflow/dags/Airflow/dags/extract_open_meteo_dag.py for tasks to queue
[2025-10-10T08:50:50.156+0000] {logging_mixin.py:188} INFO - [2025-10-10T08:50:50.156+0000] {dagbag.py:540} INFO - Filling up the DagBag from /opt/airflow/dags/Airflow/dags/extract_open_meteo_dag.py
[2025-10-10T08:50:50.193+0000] {processor.py:840} INFO - DAG(s) 'extract_open_meteo_v1' retrieved from /opt/airflow/dags/Airflow/dags/extract_open_meteo_dag.py
[2025-10-10T08:50:50.291+0000] {logging_mixin.py:188} INFO - [2025-10-10T08:50:50.290+0000] {dag.py:3047} INFO - Sync 1 DAGs
[2025-10-10T08:50:50.456+0000] {logging_mixin.py:188} INFO - [2025-10-10T08:50:50.455+0000] {dag.py:3834} INFO - Setting next_dagrun for extract_open_meteo_v1 to 2025-10-10 00:00:00+00:00, run_after=2025-10-11 00:00:00+00:00
[2025-10-10T08:50:50.598+0000] {processor.py:183} INFO - Processing /opt/airflow/dags/Airflow/dags/extract_open_meteo_dag.py took 0.449 seconds
[2025-10-10T08:51:20.962+0000] {processor.py:161} INFO - Started process (PID=961) to work on /opt/airflow/dags/Airflow/dags/extract_open_meteo_dag.py
[2025-10-10T08:51:20.964+0000] {processor.py:830} INFO - Processing file /opt/airflow/dags/Airflow/dags/extract_open_meteo_dag.py for tasks to queue
[2025-10-10T08:51:20.966+0000] {logging_mixin.py:188} INFO - [2025-10-10T08:51:20.966+0000] {dagbag.py:540} INFO - Filling up the DagBag from /opt/airflow/dags/Airflow/dags/extract_open_meteo_dag.py
[2025-10-10T08:51:21.000+0000] {processor.py:840} INFO - DAG(s) 'extract_open_meteo_v1' retrieved from /opt/airflow/dags/Airflow/dags/extract_open_meteo_dag.py
[2025-10-10T08:51:21.069+0000] {logging_mixin.py:188} INFO - [2025-10-10T08:51:21.069+0000] {dag.py:3047} INFO - Sync 1 DAGs
[2025-10-10T08:51:21.111+0000] {logging_mixin.py:188} INFO - [2025-10-10T08:51:21.110+0000] {dag.py:3834} INFO - Setting next_dagrun for extract_open_meteo_v1 to 2025-10-10 00:00:00+00:00, run_after=2025-10-11 00:00:00+00:00
[2025-10-10T08:51:21.164+0000] {processor.py:183} INFO - Processing /opt/airflow/dags/Airflow/dags/extract_open_meteo_dag.py took 0.205 seconds
[2025-10-10T08:51:51.245+0000] {processor.py:161} INFO - Started process (PID=966) to work on /opt/airflow/dags/Airflow/dags/extract_open_meteo_dag.py
[2025-10-10T08:51:51.247+0000] {processor.py:830} INFO - Processing file /opt/airflow/dags/Airflow/dags/extract_open_meteo_dag.py for tasks to queue
[2025-10-10T08:51:51.249+0000] {logging_mixin.py:188} INFO - [2025-10-10T08:51:51.249+0000] {dagbag.py:540} INFO - Filling up the DagBag from /opt/airflow/dags/Airflow/dags/extract_open_meteo_dag.py
[2025-10-10T08:51:51.288+0000] {processor.py:840} INFO - DAG(s) 'extract_open_meteo_v1' retrieved from /opt/airflow/dags/Airflow/dags/extract_open_meteo_dag.py
[2025-10-10T08:51:51.359+0000] {logging_mixin.py:188} INFO - [2025-10-10T08:51:51.359+0000] {dag.py:3047} INFO - Sync 1 DAGs
[2025-10-10T08:51:51.404+0000] {logging_mixin.py:188} INFO - [2025-10-10T08:51:51.404+0000] {dag.py:3834} INFO - Setting next_dagrun for extract_open_meteo_v1 to 2025-10-10 00:00:00+00:00, run_after=2025-10-11 00:00:00+00:00
[2025-10-10T08:51:51.469+0000] {processor.py:183} INFO - Processing /opt/airflow/dags/Airflow/dags/extract_open_meteo_dag.py took 0.227 seconds
[2025-10-10T08:52:21.790+0000] {processor.py:161} INFO - Started process (PID=971) to work on /opt/airflow/dags/Airflow/dags/extract_open_meteo_dag.py
[2025-10-10T08:52:21.791+0000] {processor.py:830} INFO - Processing file /opt/airflow/dags/Airflow/dags/extract_open_meteo_dag.py for tasks to queue
[2025-10-10T08:52:21.792+0000] {logging_mixin.py:188} INFO - [2025-10-10T08:52:21.792+0000] {dagbag.py:540} INFO - Filling up the DagBag from /opt/airflow/dags/Airflow/dags/extract_open_meteo_dag.py
[2025-10-10T08:52:21.824+0000] {processor.py:840} INFO - DAG(s) 'extract_open_meteo_v1' retrieved from /opt/airflow/dags/Airflow/dags/extract_open_meteo_dag.py
[2025-10-10T08:52:21.879+0000] {logging_mixin.py:188} INFO - [2025-10-10T08:52:21.879+0000] {dag.py:3047} INFO - Sync 1 DAGs
[2025-10-10T08:52:21.920+0000] {logging_mixin.py:188} INFO - [2025-10-10T08:52:21.919+0000] {dag.py:3834} INFO - Setting next_dagrun for extract_open_meteo_v1 to 2025-10-10 00:00:00+00:00, run_after=2025-10-11 00:00:00+00:00
[2025-10-10T08:52:21.970+0000] {processor.py:183} INFO - Processing /opt/airflow/dags/Airflow/dags/extract_open_meteo_dag.py took 0.183 seconds
[2025-10-10T08:52:52.106+0000] {processor.py:161} INFO - Started process (PID=976) to work on /opt/airflow/dags/Airflow/dags/extract_open_meteo_dag.py
[2025-10-10T08:52:52.108+0000] {processor.py:830} INFO - Processing file /opt/airflow/dags/Airflow/dags/extract_open_meteo_dag.py for tasks to queue
[2025-10-10T08:52:52.109+0000] {logging_mixin.py:188} INFO - [2025-10-10T08:52:52.109+0000] {dagbag.py:540} INFO - Filling up the DagBag from /opt/airflow/dags/Airflow/dags/extract_open_meteo_dag.py
[2025-10-10T08:52:52.143+0000] {processor.py:840} INFO - DAG(s) 'extract_open_meteo_v1' retrieved from /opt/airflow/dags/Airflow/dags/extract_open_meteo_dag.py
[2025-10-10T08:52:52.207+0000] {logging_mixin.py:188} INFO - [2025-10-10T08:52:52.207+0000] {dag.py:3047} INFO - Sync 1 DAGs
[2025-10-10T08:52:52.249+0000] {logging_mixin.py:188} INFO - [2025-10-10T08:52:52.248+0000] {dag.py:3834} INFO - Setting next_dagrun for extract_open_meteo_v1 to 2025-10-10 00:00:00+00:00, run_after=2025-10-11 00:00:00+00:00
[2025-10-10T08:52:52.300+0000] {processor.py:183} INFO - Processing /opt/airflow/dags/Airflow/dags/extract_open_meteo_dag.py took 0.198 seconds
[2025-10-10T08:53:22.578+0000] {processor.py:161} INFO - Started process (PID=981) to work on /opt/airflow/dags/Airflow/dags/extract_open_meteo_dag.py
[2025-10-10T08:53:22.580+0000] {processor.py:830} INFO - Processing file /opt/airflow/dags/Airflow/dags/extract_open_meteo_dag.py for tasks to queue
[2025-10-10T08:53:22.582+0000] {logging_mixin.py:188} INFO - [2025-10-10T08:53:22.582+0000] {dagbag.py:540} INFO - Filling up the DagBag from /opt/airflow/dags/Airflow/dags/extract_open_meteo_dag.py
[2025-10-10T08:53:22.615+0000] {processor.py:840} INFO - DAG(s) 'extract_open_meteo_v1' retrieved from /opt/airflow/dags/Airflow/dags/extract_open_meteo_dag.py
[2025-10-10T08:53:22.670+0000] {logging_mixin.py:188} INFO - [2025-10-10T08:53:22.670+0000] {dag.py:3047} INFO - Sync 1 DAGs
[2025-10-10T08:53:22.708+0000] {logging_mixin.py:188} INFO - [2025-10-10T08:53:22.708+0000] {dag.py:3834} INFO - Setting next_dagrun for extract_open_meteo_v1 to 2025-10-10 00:00:00+00:00, run_after=2025-10-11 00:00:00+00:00
[2025-10-10T08:53:22.764+0000] {processor.py:183} INFO - Processing /opt/airflow/dags/Airflow/dags/extract_open_meteo_dag.py took 0.188 seconds
[2025-10-10T08:53:52.925+0000] {processor.py:161} INFO - Started process (PID=986) to work on /opt/airflow/dags/Airflow/dags/extract_open_meteo_dag.py
[2025-10-10T08:53:52.927+0000] {processor.py:830} INFO - Processing file /opt/airflow/dags/Airflow/dags/extract_open_meteo_dag.py for tasks to queue
[2025-10-10T08:53:52.928+0000] {logging_mixin.py:188} INFO - [2025-10-10T08:53:52.928+0000] {dagbag.py:540} INFO - Filling up the DagBag from /opt/airflow/dags/Airflow/dags/extract_open_meteo_dag.py
[2025-10-10T08:53:52.960+0000] {processor.py:840} INFO - DAG(s) 'extract_open_meteo_v1' retrieved from /opt/airflow/dags/Airflow/dags/extract_open_meteo_dag.py
[2025-10-10T08:53:53.017+0000] {logging_mixin.py:188} INFO - [2025-10-10T08:53:53.017+0000] {dag.py:3047} INFO - Sync 1 DAGs
[2025-10-10T08:53:53.059+0000] {logging_mixin.py:188} INFO - [2025-10-10T08:53:53.059+0000] {dag.py:3834} INFO - Setting next_dagrun for extract_open_meteo_v1 to 2025-10-10 00:00:00+00:00, run_after=2025-10-11 00:00:00+00:00
[2025-10-10T08:53:53.116+0000] {processor.py:183} INFO - Processing /opt/airflow/dags/Airflow/dags/extract_open_meteo_dag.py took 0.195 seconds
[2025-10-10T08:54:23.394+0000] {processor.py:161} INFO - Started process (PID=991) to work on /opt/airflow/dags/Airflow/dags/extract_open_meteo_dag.py
[2025-10-10T08:54:23.395+0000] {processor.py:830} INFO - Processing file /opt/airflow/dags/Airflow/dags/extract_open_meteo_dag.py for tasks to queue
[2025-10-10T08:54:23.397+0000] {logging_mixin.py:188} INFO - [2025-10-10T08:54:23.397+0000] {dagbag.py:540} INFO - Filling up the DagBag from /opt/airflow/dags/Airflow/dags/extract_open_meteo_dag.py
[2025-10-10T08:54:23.436+0000] {processor.py:840} INFO - DAG(s) 'extract_open_meteo_v1' retrieved from /opt/airflow/dags/Airflow/dags/extract_open_meteo_dag.py
[2025-10-10T08:54:23.508+0000] {logging_mixin.py:188} INFO - [2025-10-10T08:54:23.508+0000] {dag.py:3047} INFO - Sync 1 DAGs
[2025-10-10T08:54:23.565+0000] {logging_mixin.py:188} INFO - [2025-10-10T08:54:23.564+0000] {dag.py:3834} INFO - Setting next_dagrun for extract_open_meteo_v1 to 2025-10-10 00:00:00+00:00, run_after=2025-10-11 00:00:00+00:00
[2025-10-10T08:54:23.632+0000] {processor.py:183} INFO - Processing /opt/airflow/dags/Airflow/dags/extract_open_meteo_dag.py took 0.241 seconds
[2025-10-10T08:54:53.956+0000] {processor.py:161} INFO - Started process (PID=996) to work on /opt/airflow/dags/Airflow/dags/extract_open_meteo_dag.py
[2025-10-10T08:54:53.957+0000] {processor.py:830} INFO - Processing file /opt/airflow/dags/Airflow/dags/extract_open_meteo_dag.py for tasks to queue
[2025-10-10T08:54:53.959+0000] {logging_mixin.py:188} INFO - [2025-10-10T08:54:53.958+0000] {dagbag.py:540} INFO - Filling up the DagBag from /opt/airflow/dags/Airflow/dags/extract_open_meteo_dag.py
[2025-10-10T08:54:53.992+0000] {processor.py:840} INFO - DAG(s) 'extract_open_meteo_v1' retrieved from /opt/airflow/dags/Airflow/dags/extract_open_meteo_dag.py
[2025-10-10T08:54:54.050+0000] {logging_mixin.py:188} INFO - [2025-10-10T08:54:54.050+0000] {dag.py:3047} INFO - Sync 1 DAGs
[2025-10-10T08:54:54.090+0000] {logging_mixin.py:188} INFO - [2025-10-10T08:54:54.090+0000] {dag.py:3834} INFO - Setting next_dagrun for extract_open_meteo_v1 to 2025-10-10 00:00:00+00:00, run_after=2025-10-11 00:00:00+00:00
[2025-10-10T08:54:54.145+0000] {processor.py:183} INFO - Processing /opt/airflow/dags/Airflow/dags/extract_open_meteo_dag.py took 0.195 seconds
[2025-10-10T08:55:24.259+0000] {processor.py:161} INFO - Started process (PID=1001) to work on /opt/airflow/dags/Airflow/dags/extract_open_meteo_dag.py
[2025-10-10T08:55:24.261+0000] {processor.py:830} INFO - Processing file /opt/airflow/dags/Airflow/dags/extract_open_meteo_dag.py for tasks to queue
[2025-10-10T08:55:24.262+0000] {logging_mixin.py:188} INFO - [2025-10-10T08:55:24.262+0000] {dagbag.py:540} INFO - Filling up the DagBag from /opt/airflow/dags/Airflow/dags/extract_open_meteo_dag.py
[2025-10-10T08:55:24.321+0000] {processor.py:840} INFO - DAG(s) 'extract_open_meteo_v1' retrieved from /opt/airflow/dags/Airflow/dags/extract_open_meteo_dag.py
[2025-10-10T08:55:24.408+0000] {logging_mixin.py:188} INFO - [2025-10-10T08:55:24.408+0000] {dag.py:3047} INFO - Sync 1 DAGs
[2025-10-10T08:55:24.457+0000] {logging_mixin.py:188} INFO - [2025-10-10T08:55:24.457+0000] {dag.py:3834} INFO - Setting next_dagrun for extract_open_meteo_v1 to 2025-10-10 00:00:00+00:00, run_after=2025-10-11 00:00:00+00:00
[2025-10-10T08:55:24.519+0000] {processor.py:183} INFO - Processing /opt/airflow/dags/Airflow/dags/extract_open_meteo_dag.py took 0.264 seconds
[2025-10-10T08:55:54.779+0000] {processor.py:161} INFO - Started process (PID=1006) to work on /opt/airflow/dags/Airflow/dags/extract_open_meteo_dag.py
[2025-10-10T08:55:54.781+0000] {processor.py:830} INFO - Processing file /opt/airflow/dags/Airflow/dags/extract_open_meteo_dag.py for tasks to queue
[2025-10-10T08:55:54.783+0000] {logging_mixin.py:188} INFO - [2025-10-10T08:55:54.782+0000] {dagbag.py:540} INFO - Filling up the DagBag from /opt/airflow/dags/Airflow/dags/extract_open_meteo_dag.py
[2025-10-10T08:55:54.812+0000] {processor.py:840} INFO - DAG(s) 'extract_open_meteo_v1' retrieved from /opt/airflow/dags/Airflow/dags/extract_open_meteo_dag.py
[2025-10-10T08:55:54.872+0000] {logging_mixin.py:188} INFO - [2025-10-10T08:55:54.871+0000] {dag.py:3047} INFO - Sync 1 DAGs
[2025-10-10T08:55:54.910+0000] {logging_mixin.py:188} INFO - [2025-10-10T08:55:54.910+0000] {dag.py:3834} INFO - Setting next_dagrun for extract_open_meteo_v1 to 2025-10-10 00:00:00+00:00, run_after=2025-10-11 00:00:00+00:00
[2025-10-10T08:55:54.964+0000] {processor.py:183} INFO - Processing /opt/airflow/dags/Airflow/dags/extract_open_meteo_dag.py took 0.187 seconds
[2025-10-10T08:56:25.078+0000] {processor.py:161} INFO - Started process (PID=1011) to work on /opt/airflow/dags/Airflow/dags/extract_open_meteo_dag.py
[2025-10-10T08:56:25.079+0000] {processor.py:830} INFO - Processing file /opt/airflow/dags/Airflow/dags/extract_open_meteo_dag.py for tasks to queue
[2025-10-10T08:56:25.081+0000] {logging_mixin.py:188} INFO - [2025-10-10T08:56:25.081+0000] {dagbag.py:540} INFO - Filling up the DagBag from /opt/airflow/dags/Airflow/dags/extract_open_meteo_dag.py
[2025-10-10T08:56:25.112+0000] {processor.py:840} INFO - DAG(s) 'extract_open_meteo_v1' retrieved from /opt/airflow/dags/Airflow/dags/extract_open_meteo_dag.py
[2025-10-10T08:56:25.185+0000] {logging_mixin.py:188} INFO - [2025-10-10T08:56:25.184+0000] {dag.py:3047} INFO - Sync 1 DAGs
[2025-10-10T08:56:25.226+0000] {logging_mixin.py:188} INFO - [2025-10-10T08:56:25.226+0000] {dag.py:3834} INFO - Setting next_dagrun for extract_open_meteo_v1 to 2025-10-10 00:00:00+00:00, run_after=2025-10-11 00:00:00+00:00
[2025-10-10T08:56:25.284+0000] {processor.py:183} INFO - Processing /opt/airflow/dags/Airflow/dags/extract_open_meteo_dag.py took 0.210 seconds
[2025-10-10T08:56:55.522+0000] {processor.py:161} INFO - Started process (PID=1016) to work on /opt/airflow/dags/Airflow/dags/extract_open_meteo_dag.py
[2025-10-10T08:56:55.524+0000] {processor.py:830} INFO - Processing file /opt/airflow/dags/Airflow/dags/extract_open_meteo_dag.py for tasks to queue
[2025-10-10T08:56:55.526+0000] {logging_mixin.py:188} INFO - [2025-10-10T08:56:55.525+0000] {dagbag.py:540} INFO - Filling up the DagBag from /opt/airflow/dags/Airflow/dags/extract_open_meteo_dag.py
[2025-10-10T08:56:55.558+0000] {processor.py:840} INFO - DAG(s) 'extract_open_meteo_v1' retrieved from /opt/airflow/dags/Airflow/dags/extract_open_meteo_dag.py
[2025-10-10T08:56:55.615+0000] {logging_mixin.py:188} INFO - [2025-10-10T08:56:55.615+0000] {dag.py:3047} INFO - Sync 1 DAGs
[2025-10-10T08:56:55.658+0000] {logging_mixin.py:188} INFO - [2025-10-10T08:56:55.658+0000] {dag.py:3834} INFO - Setting next_dagrun for extract_open_meteo_v1 to 2025-10-10 00:00:00+00:00, run_after=2025-10-11 00:00:00+00:00
[2025-10-10T08:56:55.713+0000] {processor.py:183} INFO - Processing /opt/airflow/dags/Airflow/dags/extract_open_meteo_dag.py took 0.194 seconds
[2025-10-10T08:57:25.856+0000] {processor.py:161} INFO - Started process (PID=1021) to work on /opt/airflow/dags/Airflow/dags/extract_open_meteo_dag.py
[2025-10-10T08:57:25.857+0000] {processor.py:830} INFO - Processing file /opt/airflow/dags/Airflow/dags/extract_open_meteo_dag.py for tasks to queue
[2025-10-10T08:57:25.859+0000] {logging_mixin.py:188} INFO - [2025-10-10T08:57:25.858+0000] {dagbag.py:540} INFO - Filling up the DagBag from /opt/airflow/dags/Airflow/dags/extract_open_meteo_dag.py
[2025-10-10T08:57:25.892+0000] {processor.py:840} INFO - DAG(s) 'extract_open_meteo_v1' retrieved from /opt/airflow/dags/Airflow/dags/extract_open_meteo_dag.py
[2025-10-10T08:57:25.949+0000] {logging_mixin.py:188} INFO - [2025-10-10T08:57:25.949+0000] {dag.py:3047} INFO - Sync 1 DAGs
[2025-10-10T08:57:25.992+0000] {logging_mixin.py:188} INFO - [2025-10-10T08:57:25.991+0000] {dag.py:3834} INFO - Setting next_dagrun for extract_open_meteo_v1 to 2025-10-10 00:00:00+00:00, run_after=2025-10-11 00:00:00+00:00
[2025-10-10T08:57:26.044+0000] {processor.py:183} INFO - Processing /opt/airflow/dags/Airflow/dags/extract_open_meteo_dag.py took 0.190 seconds
[2025-10-10T08:57:56.401+0000] {processor.py:161} INFO - Started process (PID=1026) to work on /opt/airflow/dags/Airflow/dags/extract_open_meteo_dag.py
[2025-10-10T08:57:56.402+0000] {processor.py:830} INFO - Processing file /opt/airflow/dags/Airflow/dags/extract_open_meteo_dag.py for tasks to queue
[2025-10-10T08:57:56.403+0000] {logging_mixin.py:188} INFO - [2025-10-10T08:57:56.403+0000] {dagbag.py:540} INFO - Filling up the DagBag from /opt/airflow/dags/Airflow/dags/extract_open_meteo_dag.py
[2025-10-10T08:57:56.432+0000] {processor.py:840} INFO - DAG(s) 'extract_open_meteo_v1' retrieved from /opt/airflow/dags/Airflow/dags/extract_open_meteo_dag.py
[2025-10-10T08:57:56.487+0000] {logging_mixin.py:188} INFO - [2025-10-10T08:57:56.486+0000] {dag.py:3047} INFO - Sync 1 DAGs
[2025-10-10T08:57:56.527+0000] {logging_mixin.py:188} INFO - [2025-10-10T08:57:56.526+0000] {dag.py:3834} INFO - Setting next_dagrun for extract_open_meteo_v1 to 2025-10-10 00:00:00+00:00, run_after=2025-10-11 00:00:00+00:00
[2025-10-10T08:57:56.582+0000] {processor.py:183} INFO - Processing /opt/airflow/dags/Airflow/dags/extract_open_meteo_dag.py took 0.184 seconds
[2025-10-10T08:58:26.693+0000] {processor.py:161} INFO - Started process (PID=1031) to work on /opt/airflow/dags/Airflow/dags/extract_open_meteo_dag.py
[2025-10-10T08:58:26.695+0000] {processor.py:830} INFO - Processing file /opt/airflow/dags/Airflow/dags/extract_open_meteo_dag.py for tasks to queue
[2025-10-10T08:58:26.697+0000] {logging_mixin.py:188} INFO - [2025-10-10T08:58:26.697+0000] {dagbag.py:540} INFO - Filling up the DagBag from /opt/airflow/dags/Airflow/dags/extract_open_meteo_dag.py
[2025-10-10T08:58:26.741+0000] {processor.py:840} INFO - DAG(s) 'extract_open_meteo_v1' retrieved from /opt/airflow/dags/Airflow/dags/extract_open_meteo_dag.py
[2025-10-10T08:58:26.808+0000] {logging_mixin.py:188} INFO - [2025-10-10T08:58:26.807+0000] {dag.py:3047} INFO - Sync 1 DAGs
[2025-10-10T08:58:26.861+0000] {logging_mixin.py:188} INFO - [2025-10-10T08:58:26.860+0000] {dag.py:3834} INFO - Setting next_dagrun for extract_open_meteo_v1 to 2025-10-10 00:00:00+00:00, run_after=2025-10-11 00:00:00+00:00
[2025-10-10T08:58:26.919+0000] {processor.py:183} INFO - Processing /opt/airflow/dags/Airflow/dags/extract_open_meteo_dag.py took 0.229 seconds
[2025-10-10T08:58:57.201+0000] {processor.py:161} INFO - Started process (PID=1036) to work on /opt/airflow/dags/Airflow/dags/extract_open_meteo_dag.py
[2025-10-10T08:58:57.202+0000] {processor.py:830} INFO - Processing file /opt/airflow/dags/Airflow/dags/extract_open_meteo_dag.py for tasks to queue
[2025-10-10T08:58:57.204+0000] {logging_mixin.py:188} INFO - [2025-10-10T08:58:57.203+0000] {dagbag.py:540} INFO - Filling up the DagBag from /opt/airflow/dags/Airflow/dags/extract_open_meteo_dag.py
[2025-10-10T08:58:57.237+0000] {processor.py:840} INFO - DAG(s) 'extract_open_meteo_v1' retrieved from /opt/airflow/dags/Airflow/dags/extract_open_meteo_dag.py
[2025-10-10T08:58:57.292+0000] {logging_mixin.py:188} INFO - [2025-10-10T08:58:57.292+0000] {dag.py:3047} INFO - Sync 1 DAGs
[2025-10-10T08:58:57.333+0000] {logging_mixin.py:188} INFO - [2025-10-10T08:58:57.333+0000] {dag.py:3834} INFO - Setting next_dagrun for extract_open_meteo_v1 to 2025-10-10 00:00:00+00:00, run_after=2025-10-11 00:00:00+00:00
[2025-10-10T08:58:57.387+0000] {processor.py:183} INFO - Processing /opt/airflow/dags/Airflow/dags/extract_open_meteo_dag.py took 0.188 seconds
[2025-10-10T08:59:27.495+0000] {processor.py:161} INFO - Started process (PID=1041) to work on /opt/airflow/dags/Airflow/dags/extract_open_meteo_dag.py
[2025-10-10T08:59:27.496+0000] {processor.py:830} INFO - Processing file /opt/airflow/dags/Airflow/dags/extract_open_meteo_dag.py for tasks to queue
[2025-10-10T08:59:27.498+0000] {logging_mixin.py:188} INFO - [2025-10-10T08:59:27.497+0000] {dagbag.py:540} INFO - Filling up the DagBag from /opt/airflow/dags/Airflow/dags/extract_open_meteo_dag.py
[2025-10-10T08:59:27.534+0000] {processor.py:840} INFO - DAG(s) 'extract_open_meteo_v1' retrieved from /opt/airflow/dags/Airflow/dags/extract_open_meteo_dag.py
[2025-10-10T08:59:27.593+0000] {logging_mixin.py:188} INFO - [2025-10-10T08:59:27.593+0000] {dag.py:3047} INFO - Sync 1 DAGs
[2025-10-10T08:59:27.637+0000] {logging_mixin.py:188} INFO - [2025-10-10T08:59:27.637+0000] {dag.py:3834} INFO - Setting next_dagrun for extract_open_meteo_v1 to 2025-10-10 00:00:00+00:00, run_after=2025-10-11 00:00:00+00:00
[2025-10-10T08:59:27.690+0000] {processor.py:183} INFO - Processing /opt/airflow/dags/Airflow/dags/extract_open_meteo_dag.py took 0.198 seconds
[2025-10-10T08:59:57.955+0000] {processor.py:161} INFO - Started process (PID=1046) to work on /opt/airflow/dags/Airflow/dags/extract_open_meteo_dag.py
[2025-10-10T08:59:57.957+0000] {processor.py:830} INFO - Processing file /opt/airflow/dags/Airflow/dags/extract_open_meteo_dag.py for tasks to queue
[2025-10-10T08:59:57.958+0000] {logging_mixin.py:188} INFO - [2025-10-10T08:59:57.958+0000] {dagbag.py:540} INFO - Filling up the DagBag from /opt/airflow/dags/Airflow/dags/extract_open_meteo_dag.py
[2025-10-10T08:59:57.991+0000] {processor.py:840} INFO - DAG(s) 'extract_open_meteo_v1' retrieved from /opt/airflow/dags/Airflow/dags/extract_open_meteo_dag.py
[2025-10-10T08:59:58.051+0000] {logging_mixin.py:188} INFO - [2025-10-10T08:59:58.051+0000] {dag.py:3047} INFO - Sync 1 DAGs
[2025-10-10T08:59:58.089+0000] {logging_mixin.py:188} INFO - [2025-10-10T08:59:58.089+0000] {dag.py:3834} INFO - Setting next_dagrun for extract_open_meteo_v1 to 2025-10-10 00:00:00+00:00, run_after=2025-10-11 00:00:00+00:00
[2025-10-10T08:59:58.146+0000] {processor.py:183} INFO - Processing /opt/airflow/dags/Airflow/dags/extract_open_meteo_dag.py took 0.193 seconds
[2025-10-10T09:00:28.283+0000] {processor.py:161} INFO - Started process (PID=1051) to work on /opt/airflow/dags/Airflow/dags/extract_open_meteo_dag.py
[2025-10-10T09:00:28.284+0000] {processor.py:830} INFO - Processing file /opt/airflow/dags/Airflow/dags/extract_open_meteo_dag.py for tasks to queue
[2025-10-10T09:00:28.286+0000] {logging_mixin.py:188} INFO - [2025-10-10T09:00:28.286+0000] {dagbag.py:540} INFO - Filling up the DagBag from /opt/airflow/dags/Airflow/dags/extract_open_meteo_dag.py
[2025-10-10T09:00:28.326+0000] {processor.py:840} INFO - DAG(s) 'extract_open_meteo_v1' retrieved from /opt/airflow/dags/Airflow/dags/extract_open_meteo_dag.py
[2025-10-10T09:00:28.381+0000] {logging_mixin.py:188} INFO - [2025-10-10T09:00:28.381+0000] {dag.py:3047} INFO - Sync 1 DAGs
[2025-10-10T09:00:28.419+0000] {logging_mixin.py:188} INFO - [2025-10-10T09:00:28.419+0000] {dag.py:3834} INFO - Setting next_dagrun for extract_open_meteo_v1 to 2025-10-10 00:00:00+00:00, run_after=2025-10-11 00:00:00+00:00
[2025-10-10T09:00:28.468+0000] {processor.py:183} INFO - Processing /opt/airflow/dags/Airflow/dags/extract_open_meteo_dag.py took 0.188 seconds
[2025-10-10T09:00:58.880+0000] {processor.py:161} INFO - Started process (PID=1056) to work on /opt/airflow/dags/Airflow/dags/extract_open_meteo_dag.py
[2025-10-10T09:00:58.882+0000] {processor.py:830} INFO - Processing file /opt/airflow/dags/Airflow/dags/extract_open_meteo_dag.py for tasks to queue
[2025-10-10T09:00:58.884+0000] {logging_mixin.py:188} INFO - [2025-10-10T09:00:58.883+0000] {dagbag.py:540} INFO - Filling up the DagBag from /opt/airflow/dags/Airflow/dags/extract_open_meteo_dag.py
[2025-10-10T09:00:58.918+0000] {processor.py:840} INFO - DAG(s) 'extract_open_meteo_v1' retrieved from /opt/airflow/dags/Airflow/dags/extract_open_meteo_dag.py
[2025-10-10T09:00:58.988+0000] {logging_mixin.py:188} INFO - [2025-10-10T09:00:58.987+0000] {dag.py:3047} INFO - Sync 1 DAGs
[2025-10-10T09:00:59.026+0000] {logging_mixin.py:188} INFO - [2025-10-10T09:00:59.025+0000] {dag.py:3834} INFO - Setting next_dagrun for extract_open_meteo_v1 to 2025-10-10 00:00:00+00:00, run_after=2025-10-11 00:00:00+00:00
[2025-10-10T09:00:59.078+0000] {processor.py:183} INFO - Processing /opt/airflow/dags/Airflow/dags/extract_open_meteo_dag.py took 0.202 seconds
[2025-10-10T09:01:29.180+0000] {processor.py:161} INFO - Started process (PID=1061) to work on /opt/airflow/dags/Airflow/dags/extract_open_meteo_dag.py
[2025-10-10T09:01:29.182+0000] {processor.py:830} INFO - Processing file /opt/airflow/dags/Airflow/dags/extract_open_meteo_dag.py for tasks to queue
[2025-10-10T09:01:29.183+0000] {logging_mixin.py:188} INFO - [2025-10-10T09:01:29.183+0000] {dagbag.py:540} INFO - Filling up the DagBag from /opt/airflow/dags/Airflow/dags/extract_open_meteo_dag.py
[2025-10-10T09:01:29.215+0000] {processor.py:840} INFO - DAG(s) 'extract_open_meteo_v1' retrieved from /opt/airflow/dags/Airflow/dags/extract_open_meteo_dag.py
[2025-10-10T09:01:29.273+0000] {logging_mixin.py:188} INFO - [2025-10-10T09:01:29.273+0000] {dag.py:3047} INFO - Sync 1 DAGs
[2025-10-10T09:01:29.311+0000] {logging_mixin.py:188} INFO - [2025-10-10T09:01:29.311+0000] {dag.py:3834} INFO - Setting next_dagrun for extract_open_meteo_v1 to 2025-10-10 00:00:00+00:00, run_after=2025-10-11 00:00:00+00:00
[2025-10-10T09:01:29.365+0000] {processor.py:183} INFO - Processing /opt/airflow/dags/Airflow/dags/extract_open_meteo_dag.py took 0.188 seconds
[2025-10-10T09:01:59.644+0000] {processor.py:161} INFO - Started process (PID=1066) to work on /opt/airflow/dags/Airflow/dags/extract_open_meteo_dag.py
[2025-10-10T09:01:59.645+0000] {processor.py:830} INFO - Processing file /opt/airflow/dags/Airflow/dags/extract_open_meteo_dag.py for tasks to queue
[2025-10-10T09:01:59.646+0000] {logging_mixin.py:188} INFO - [2025-10-10T09:01:59.646+0000] {dagbag.py:540} INFO - Filling up the DagBag from /opt/airflow/dags/Airflow/dags/extract_open_meteo_dag.py
[2025-10-10T09:01:59.676+0000] {processor.py:840} INFO - DAG(s) 'extract_open_meteo_v1' retrieved from /opt/airflow/dags/Airflow/dags/extract_open_meteo_dag.py
[2025-10-10T09:01:59.730+0000] {logging_mixin.py:188} INFO - [2025-10-10T09:01:59.730+0000] {dag.py:3047} INFO - Sync 1 DAGs
[2025-10-10T09:01:59.770+0000] {logging_mixin.py:188} INFO - [2025-10-10T09:01:59.770+0000] {dag.py:3834} INFO - Setting next_dagrun for extract_open_meteo_v1 to 2025-10-10 00:00:00+00:00, run_after=2025-10-11 00:00:00+00:00
[2025-10-10T09:01:59.825+0000] {processor.py:183} INFO - Processing /opt/airflow/dags/Airflow/dags/extract_open_meteo_dag.py took 0.184 seconds
[2025-10-10T09:02:29.931+0000] {processor.py:161} INFO - Started process (PID=1071) to work on /opt/airflow/dags/Airflow/dags/extract_open_meteo_dag.py
[2025-10-10T09:02:29.933+0000] {processor.py:830} INFO - Processing file /opt/airflow/dags/Airflow/dags/extract_open_meteo_dag.py for tasks to queue
[2025-10-10T09:02:29.934+0000] {logging_mixin.py:188} INFO - [2025-10-10T09:02:29.934+0000] {dagbag.py:540} INFO - Filling up the DagBag from /opt/airflow/dags/Airflow/dags/extract_open_meteo_dag.py
[2025-10-10T09:02:29.968+0000] {processor.py:840} INFO - DAG(s) 'extract_open_meteo_v1' retrieved from /opt/airflow/dags/Airflow/dags/extract_open_meteo_dag.py
[2025-10-10T09:02:30.032+0000] {logging_mixin.py:188} INFO - [2025-10-10T09:02:30.032+0000] {dag.py:3047} INFO - Sync 1 DAGs
[2025-10-10T09:02:30.071+0000] {logging_mixin.py:188} INFO - [2025-10-10T09:02:30.071+0000] {dag.py:3834} INFO - Setting next_dagrun for extract_open_meteo_v1 to 2025-10-10 00:00:00+00:00, run_after=2025-10-11 00:00:00+00:00
[2025-10-10T09:02:30.127+0000] {processor.py:183} INFO - Processing /opt/airflow/dags/Airflow/dags/extract_open_meteo_dag.py took 0.199 seconds
[2025-10-10T09:03:00.416+0000] {processor.py:161} INFO - Started process (PID=1076) to work on /opt/airflow/dags/Airflow/dags/extract_open_meteo_dag.py
[2025-10-10T09:03:00.418+0000] {processor.py:830} INFO - Processing file /opt/airflow/dags/Airflow/dags/extract_open_meteo_dag.py for tasks to queue
[2025-10-10T09:03:00.420+0000] {logging_mixin.py:188} INFO - [2025-10-10T09:03:00.419+0000] {dagbag.py:540} INFO - Filling up the DagBag from /opt/airflow/dags/Airflow/dags/extract_open_meteo_dag.py
[2025-10-10T09:03:00.455+0000] {processor.py:840} INFO - DAG(s) 'extract_open_meteo_v1' retrieved from /opt/airflow/dags/Airflow/dags/extract_open_meteo_dag.py
[2025-10-10T09:03:00.514+0000] {logging_mixin.py:188} INFO - [2025-10-10T09:03:00.513+0000] {dag.py:3047} INFO - Sync 1 DAGs
[2025-10-10T09:03:00.554+0000] {logging_mixin.py:188} INFO - [2025-10-10T09:03:00.554+0000] {dag.py:3834} INFO - Setting next_dagrun for extract_open_meteo_v1 to 2025-10-10 00:00:00+00:00, run_after=2025-10-11 00:00:00+00:00
[2025-10-10T09:03:00.610+0000] {processor.py:183} INFO - Processing /opt/airflow/dags/Airflow/dags/extract_open_meteo_dag.py took 0.198 seconds
[2025-10-10T09:03:30.720+0000] {processor.py:161} INFO - Started process (PID=1081) to work on /opt/airflow/dags/Airflow/dags/extract_open_meteo_dag.py
[2025-10-10T09:03:30.722+0000] {processor.py:830} INFO - Processing file /opt/airflow/dags/Airflow/dags/extract_open_meteo_dag.py for tasks to queue
[2025-10-10T09:03:30.724+0000] {logging_mixin.py:188} INFO - [2025-10-10T09:03:30.724+0000] {dagbag.py:540} INFO - Filling up the DagBag from /opt/airflow/dags/Airflow/dags/extract_open_meteo_dag.py
[2025-10-10T09:03:30.761+0000] {processor.py:840} INFO - DAG(s) 'extract_open_meteo_v1' retrieved from /opt/airflow/dags/Airflow/dags/extract_open_meteo_dag.py
[2025-10-10T09:03:30.880+0000] {logging_mixin.py:188} INFO - [2025-10-10T09:03:30.879+0000] {dag.py:3047} INFO - Sync 1 DAGs
[2025-10-10T09:03:31.066+0000] {logging_mixin.py:188} INFO - [2025-10-10T09:03:31.065+0000] {dag.py:3834} INFO - Setting next_dagrun for extract_open_meteo_v1 to 2025-10-10 00:00:00+00:00, run_after=2025-10-11 00:00:00+00:00
[2025-10-10T09:03:31.161+0000] {processor.py:183} INFO - Processing /opt/airflow/dags/Airflow/dags/extract_open_meteo_dag.py took 0.444 seconds
[2025-10-10T09:04:01.334+0000] {processor.py:161} INFO - Started process (PID=1086) to work on /opt/airflow/dags/Airflow/dags/extract_open_meteo_dag.py
[2025-10-10T09:04:01.337+0000] {processor.py:830} INFO - Processing file /opt/airflow/dags/Airflow/dags/extract_open_meteo_dag.py for tasks to queue
[2025-10-10T09:04:01.340+0000] {logging_mixin.py:188} INFO - [2025-10-10T09:04:01.339+0000] {dagbag.py:540} INFO - Filling up the DagBag from /opt/airflow/dags/Airflow/dags/extract_open_meteo_dag.py
[2025-10-10T09:04:01.418+0000] {processor.py:840} INFO - DAG(s) 'extract_open_meteo_v1' retrieved from /opt/airflow/dags/Airflow/dags/extract_open_meteo_dag.py
[2025-10-10T09:04:01.639+0000] {logging_mixin.py:188} INFO - [2025-10-10T09:04:01.639+0000] {dag.py:3047} INFO - Sync 1 DAGs
[2025-10-10T09:04:01.704+0000] {logging_mixin.py:188} INFO - [2025-10-10T09:04:01.703+0000] {dag.py:3834} INFO - Setting next_dagrun for extract_open_meteo_v1 to 2025-10-10 00:00:00+00:00, run_after=2025-10-11 00:00:00+00:00
[2025-10-10T09:04:01.777+0000] {processor.py:183} INFO - Processing /opt/airflow/dags/Airflow/dags/extract_open_meteo_dag.py took 0.449 seconds
[2025-10-10T09:04:32.114+0000] {processor.py:161} INFO - Started process (PID=1091) to work on /opt/airflow/dags/Airflow/dags/extract_open_meteo_dag.py
[2025-10-10T09:04:32.116+0000] {processor.py:830} INFO - Processing file /opt/airflow/dags/Airflow/dags/extract_open_meteo_dag.py for tasks to queue
[2025-10-10T09:04:32.118+0000] {logging_mixin.py:188} INFO - [2025-10-10T09:04:32.117+0000] {dagbag.py:540} INFO - Filling up the DagBag from /opt/airflow/dags/Airflow/dags/extract_open_meteo_dag.py
[2025-10-10T09:04:32.155+0000] {processor.py:840} INFO - DAG(s) 'extract_open_meteo_v1' retrieved from /opt/airflow/dags/Airflow/dags/extract_open_meteo_dag.py
[2025-10-10T09:04:32.225+0000] {logging_mixin.py:188} INFO - [2025-10-10T09:04:32.224+0000] {dag.py:3047} INFO - Sync 1 DAGs
[2025-10-10T09:04:32.278+0000] {logging_mixin.py:188} INFO - [2025-10-10T09:04:32.277+0000] {dag.py:3834} INFO - Setting next_dagrun for extract_open_meteo_v1 to 2025-10-10 00:00:00+00:00, run_after=2025-10-11 00:00:00+00:00
[2025-10-10T09:04:32.336+0000] {processor.py:183} INFO - Processing /opt/airflow/dags/Airflow/dags/extract_open_meteo_dag.py took 0.225 seconds
[2025-10-10T09:05:02.644+0000] {processor.py:161} INFO - Started process (PID=1096) to work on /opt/airflow/dags/Airflow/dags/extract_open_meteo_dag.py
[2025-10-10T09:05:02.646+0000] {processor.py:830} INFO - Processing file /opt/airflow/dags/Airflow/dags/extract_open_meteo_dag.py for tasks to queue
[2025-10-10T09:05:02.649+0000] {logging_mixin.py:188} INFO - [2025-10-10T09:05:02.648+0000] {dagbag.py:540} INFO - Filling up the DagBag from /opt/airflow/dags/Airflow/dags/extract_open_meteo_dag.py
[2025-10-10T09:05:02.693+0000] {processor.py:840} INFO - DAG(s) 'extract_open_meteo_v1' retrieved from /opt/airflow/dags/Airflow/dags/extract_open_meteo_dag.py
[2025-10-10T09:05:02.771+0000] {logging_mixin.py:188} INFO - [2025-10-10T09:05:02.771+0000] {dag.py:3047} INFO - Sync 1 DAGs
[2025-10-10T09:05:02.828+0000] {logging_mixin.py:188} INFO - [2025-10-10T09:05:02.827+0000] {dag.py:3834} INFO - Setting next_dagrun for extract_open_meteo_v1 to 2025-10-10 00:00:00+00:00, run_after=2025-10-11 00:00:00+00:00
[2025-10-10T09:05:02.892+0000] {processor.py:183} INFO - Processing /opt/airflow/dags/Airflow/dags/extract_open_meteo_dag.py took 0.255 seconds
[2025-10-10T09:05:33.254+0000] {processor.py:161} INFO - Started process (PID=1101) to work on /opt/airflow/dags/Airflow/dags/extract_open_meteo_dag.py
[2025-10-10T09:05:33.256+0000] {processor.py:830} INFO - Processing file /opt/airflow/dags/Airflow/dags/extract_open_meteo_dag.py for tasks to queue
[2025-10-10T09:05:33.258+0000] {logging_mixin.py:188} INFO - [2025-10-10T09:05:33.257+0000] {dagbag.py:540} INFO - Filling up the DagBag from /opt/airflow/dags/Airflow/dags/extract_open_meteo_dag.py
[2025-10-10T09:05:33.298+0000] {processor.py:840} INFO - DAG(s) 'extract_open_meteo_v1' retrieved from /opt/airflow/dags/Airflow/dags/extract_open_meteo_dag.py
[2025-10-10T09:05:33.366+0000] {logging_mixin.py:188} INFO - [2025-10-10T09:05:33.366+0000] {dag.py:3047} INFO - Sync 1 DAGs
[2025-10-10T09:05:33.418+0000] {logging_mixin.py:188} INFO - [2025-10-10T09:05:33.417+0000] {dag.py:3834} INFO - Setting next_dagrun for extract_open_meteo_v1 to 2025-10-10 00:00:00+00:00, run_after=2025-10-11 00:00:00+00:00
[2025-10-10T09:05:33.476+0000] {processor.py:183} INFO - Processing /opt/airflow/dags/Airflow/dags/extract_open_meteo_dag.py took 0.227 seconds
[2025-10-10T09:06:03.572+0000] {processor.py:161} INFO - Started process (PID=1106) to work on /opt/airflow/dags/Airflow/dags/extract_open_meteo_dag.py
[2025-10-10T09:06:03.574+0000] {processor.py:830} INFO - Processing file /opt/airflow/dags/Airflow/dags/extract_open_meteo_dag.py for tasks to queue
[2025-10-10T09:06:03.575+0000] {logging_mixin.py:188} INFO - [2025-10-10T09:06:03.575+0000] {dagbag.py:540} INFO - Filling up the DagBag from /opt/airflow/dags/Airflow/dags/extract_open_meteo_dag.py
[2025-10-10T09:06:03.609+0000] {processor.py:840} INFO - DAG(s) 'extract_open_meteo_v1' retrieved from /opt/airflow/dags/Airflow/dags/extract_open_meteo_dag.py
[2025-10-10T09:06:03.673+0000] {logging_mixin.py:188} INFO - [2025-10-10T09:06:03.673+0000] {dag.py:3047} INFO - Sync 1 DAGs
[2025-10-10T09:06:03.720+0000] {logging_mixin.py:188} INFO - [2025-10-10T09:06:03.720+0000] {dag.py:3834} INFO - Setting next_dagrun for extract_open_meteo_v1 to 2025-10-10 00:00:00+00:00, run_after=2025-10-11 00:00:00+00:00
[2025-10-10T09:06:03.781+0000] {processor.py:183} INFO - Processing /opt/airflow/dags/Airflow/dags/extract_open_meteo_dag.py took 0.214 seconds
[2025-10-10T09:06:34.051+0000] {processor.py:161} INFO - Started process (PID=1111) to work on /opt/airflow/dags/Airflow/dags/extract_open_meteo_dag.py
[2025-10-10T09:06:34.052+0000] {processor.py:830} INFO - Processing file /opt/airflow/dags/Airflow/dags/extract_open_meteo_dag.py for tasks to queue
[2025-10-10T09:06:34.055+0000] {logging_mixin.py:188} INFO - [2025-10-10T09:06:34.054+0000] {dagbag.py:540} INFO - Filling up the DagBag from /opt/airflow/dags/Airflow/dags/extract_open_meteo_dag.py
[2025-10-10T09:06:34.092+0000] {processor.py:840} INFO - DAG(s) 'extract_open_meteo_v1' retrieved from /opt/airflow/dags/Airflow/dags/extract_open_meteo_dag.py
[2025-10-10T09:06:34.165+0000] {logging_mixin.py:188} INFO - [2025-10-10T09:06:34.165+0000] {dag.py:3047} INFO - Sync 1 DAGs
[2025-10-10T09:06:34.213+0000] {logging_mixin.py:188} INFO - [2025-10-10T09:06:34.213+0000] {dag.py:3834} INFO - Setting next_dagrun for extract_open_meteo_v1 to 2025-10-10 00:00:00+00:00, run_after=2025-10-11 00:00:00+00:00
[2025-10-10T09:06:34.265+0000] {processor.py:183} INFO - Processing /opt/airflow/dags/Airflow/dags/extract_open_meteo_dag.py took 0.217 seconds
[2025-10-10T09:07:04.365+0000] {processor.py:161} INFO - Started process (PID=1116) to work on /opt/airflow/dags/Airflow/dags/extract_open_meteo_dag.py
[2025-10-10T09:07:04.367+0000] {processor.py:830} INFO - Processing file /opt/airflow/dags/Airflow/dags/extract_open_meteo_dag.py for tasks to queue
[2025-10-10T09:07:04.369+0000] {logging_mixin.py:188} INFO - [2025-10-10T09:07:04.369+0000] {dagbag.py:540} INFO - Filling up the DagBag from /opt/airflow/dags/Airflow/dags/extract_open_meteo_dag.py
[2025-10-10T09:07:04.401+0000] {processor.py:840} INFO - DAG(s) 'extract_open_meteo_v1' retrieved from /opt/airflow/dags/Airflow/dags/extract_open_meteo_dag.py
[2025-10-10T09:07:04.462+0000] {logging_mixin.py:188} INFO - [2025-10-10T09:07:04.461+0000] {dag.py:3047} INFO - Sync 1 DAGs
[2025-10-10T09:07:04.501+0000] {logging_mixin.py:188} INFO - [2025-10-10T09:07:04.501+0000] {dag.py:3834} INFO - Setting next_dagrun for extract_open_meteo_v1 to 2025-10-10 00:00:00+00:00, run_after=2025-10-11 00:00:00+00:00
[2025-10-10T09:07:04.562+0000] {processor.py:183} INFO - Processing /opt/airflow/dags/Airflow/dags/extract_open_meteo_dag.py took 0.200 seconds
[2025-10-10T09:07:34.846+0000] {processor.py:161} INFO - Started process (PID=1121) to work on /opt/airflow/dags/Airflow/dags/extract_open_meteo_dag.py
[2025-10-10T09:07:34.847+0000] {processor.py:830} INFO - Processing file /opt/airflow/dags/Airflow/dags/extract_open_meteo_dag.py for tasks to queue
[2025-10-10T09:07:34.848+0000] {logging_mixin.py:188} INFO - [2025-10-10T09:07:34.848+0000] {dagbag.py:540} INFO - Filling up the DagBag from /opt/airflow/dags/Airflow/dags/extract_open_meteo_dag.py
[2025-10-10T09:07:34.878+0000] {processor.py:840} INFO - DAG(s) 'extract_open_meteo_v1' retrieved from /opt/airflow/dags/Airflow/dags/extract_open_meteo_dag.py
[2025-10-10T09:07:34.930+0000] {logging_mixin.py:188} INFO - [2025-10-10T09:07:34.930+0000] {dag.py:3047} INFO - Sync 1 DAGs
[2025-10-10T09:07:34.972+0000] {logging_mixin.py:188} INFO - [2025-10-10T09:07:34.972+0000] {dag.py:3834} INFO - Setting next_dagrun for extract_open_meteo_v1 to 2025-10-10 00:00:00+00:00, run_after=2025-10-11 00:00:00+00:00
[2025-10-10T09:07:35.033+0000] {processor.py:183} INFO - Processing /opt/airflow/dags/Airflow/dags/extract_open_meteo_dag.py took 0.189 seconds
[2025-10-10T09:08:05.173+0000] {processor.py:161} INFO - Started process (PID=1126) to work on /opt/airflow/dags/Airflow/dags/extract_open_meteo_dag.py
[2025-10-10T09:08:05.174+0000] {processor.py:830} INFO - Processing file /opt/airflow/dags/Airflow/dags/extract_open_meteo_dag.py for tasks to queue
[2025-10-10T09:08:05.176+0000] {logging_mixin.py:188} INFO - [2025-10-10T09:08:05.176+0000] {dagbag.py:540} INFO - Filling up the DagBag from /opt/airflow/dags/Airflow/dags/extract_open_meteo_dag.py
[2025-10-10T09:08:05.209+0000] {processor.py:840} INFO - DAG(s) 'extract_open_meteo_v1' retrieved from /opt/airflow/dags/Airflow/dags/extract_open_meteo_dag.py
[2025-10-10T09:08:05.264+0000] {logging_mixin.py:188} INFO - [2025-10-10T09:08:05.264+0000] {dag.py:3047} INFO - Sync 1 DAGs
[2025-10-10T09:08:05.308+0000] {logging_mixin.py:188} INFO - [2025-10-10T09:08:05.308+0000] {dag.py:3834} INFO - Setting next_dagrun for extract_open_meteo_v1 to 2025-10-10 00:00:00+00:00, run_after=2025-10-11 00:00:00+00:00
[2025-10-10T09:08:05.362+0000] {processor.py:183} INFO - Processing /opt/airflow/dags/Airflow/dags/extract_open_meteo_dag.py took 0.193 seconds
[2025-10-10T09:08:35.672+0000] {processor.py:161} INFO - Started process (PID=1131) to work on /opt/airflow/dags/Airflow/dags/extract_open_meteo_dag.py
[2025-10-10T09:08:35.673+0000] {processor.py:830} INFO - Processing file /opt/airflow/dags/Airflow/dags/extract_open_meteo_dag.py for tasks to queue
[2025-10-10T09:08:35.675+0000] {logging_mixin.py:188} INFO - [2025-10-10T09:08:35.675+0000] {dagbag.py:540} INFO - Filling up the DagBag from /opt/airflow/dags/Airflow/dags/extract_open_meteo_dag.py
[2025-10-10T09:08:35.711+0000] {processor.py:840} INFO - DAG(s) 'extract_open_meteo_v1' retrieved from /opt/airflow/dags/Airflow/dags/extract_open_meteo_dag.py
[2025-10-10T09:08:35.770+0000] {logging_mixin.py:188} INFO - [2025-10-10T09:08:35.770+0000] {dag.py:3047} INFO - Sync 1 DAGs
[2025-10-10T09:08:35.812+0000] {logging_mixin.py:188} INFO - [2025-10-10T09:08:35.811+0000] {dag.py:3834} INFO - Setting next_dagrun for extract_open_meteo_v1 to 2025-10-10 00:00:00+00:00, run_after=2025-10-11 00:00:00+00:00
[2025-10-10T09:08:35.860+0000] {processor.py:183} INFO - Processing /opt/airflow/dags/Airflow/dags/extract_open_meteo_dag.py took 0.194 seconds
[2025-10-10T09:09:05.980+0000] {processor.py:161} INFO - Started process (PID=1136) to work on /opt/airflow/dags/Airflow/dags/extract_open_meteo_dag.py
[2025-10-10T09:09:05.982+0000] {processor.py:830} INFO - Processing file /opt/airflow/dags/Airflow/dags/extract_open_meteo_dag.py for tasks to queue
[2025-10-10T09:09:05.984+0000] {logging_mixin.py:188} INFO - [2025-10-10T09:09:05.983+0000] {dagbag.py:540} INFO - Filling up the DagBag from /opt/airflow/dags/Airflow/dags/extract_open_meteo_dag.py
[2025-10-10T09:09:06.017+0000] {processor.py:840} INFO - DAG(s) 'extract_open_meteo_v1' retrieved from /opt/airflow/dags/Airflow/dags/extract_open_meteo_dag.py
[2025-10-10T09:09:06.077+0000] {logging_mixin.py:188} INFO - [2025-10-10T09:09:06.077+0000] {dag.py:3047} INFO - Sync 1 DAGs
[2025-10-10T09:09:06.116+0000] {logging_mixin.py:188} INFO - [2025-10-10T09:09:06.116+0000] {dag.py:3834} INFO - Setting next_dagrun for extract_open_meteo_v1 to 2025-10-10 00:00:00+00:00, run_after=2025-10-11 00:00:00+00:00
[2025-10-10T09:09:06.168+0000] {processor.py:183} INFO - Processing /opt/airflow/dags/Airflow/dags/extract_open_meteo_dag.py took 0.191 seconds
[2025-10-10T09:09:36.456+0000] {processor.py:161} INFO - Started process (PID=1141) to work on /opt/airflow/dags/Airflow/dags/extract_open_meteo_dag.py
[2025-10-10T09:09:36.458+0000] {processor.py:830} INFO - Processing file /opt/airflow/dags/Airflow/dags/extract_open_meteo_dag.py for tasks to queue
[2025-10-10T09:09:36.460+0000] {logging_mixin.py:188} INFO - [2025-10-10T09:09:36.459+0000] {dagbag.py:540} INFO - Filling up the DagBag from /opt/airflow/dags/Airflow/dags/extract_open_meteo_dag.py
[2025-10-10T09:09:36.493+0000] {processor.py:840} INFO - DAG(s) 'extract_open_meteo_v1' retrieved from /opt/airflow/dags/Airflow/dags/extract_open_meteo_dag.py
[2025-10-10T09:09:36.549+0000] {logging_mixin.py:188} INFO - [2025-10-10T09:09:36.548+0000] {dag.py:3047} INFO - Sync 1 DAGs
[2025-10-10T09:09:36.588+0000] {logging_mixin.py:188} INFO - [2025-10-10T09:09:36.588+0000] {dag.py:3834} INFO - Setting next_dagrun for extract_open_meteo_v1 to 2025-10-10 00:00:00+00:00, run_after=2025-10-11 00:00:00+00:00
[2025-10-10T09:09:36.639+0000] {processor.py:183} INFO - Processing /opt/airflow/dags/Airflow/dags/extract_open_meteo_dag.py took 0.186 seconds
[2025-10-10T09:10:06.766+0000] {processor.py:161} INFO - Started process (PID=1146) to work on /opt/airflow/dags/Airflow/dags/extract_open_meteo_dag.py
[2025-10-10T09:10:06.767+0000] {processor.py:830} INFO - Processing file /opt/airflow/dags/Airflow/dags/extract_open_meteo_dag.py for tasks to queue
[2025-10-10T09:10:06.769+0000] {logging_mixin.py:188} INFO - [2025-10-10T09:10:06.769+0000] {dagbag.py:540} INFO - Filling up the DagBag from /opt/airflow/dags/Airflow/dags/extract_open_meteo_dag.py
[2025-10-10T09:10:06.803+0000] {processor.py:840} INFO - DAG(s) 'extract_open_meteo_v1' retrieved from /opt/airflow/dags/Airflow/dags/extract_open_meteo_dag.py
[2025-10-10T09:10:06.858+0000] {logging_mixin.py:188} INFO - [2025-10-10T09:10:06.857+0000] {dag.py:3047} INFO - Sync 1 DAGs
[2025-10-10T09:10:06.896+0000] {logging_mixin.py:188} INFO - [2025-10-10T09:10:06.896+0000] {dag.py:3834} INFO - Setting next_dagrun for extract_open_meteo_v1 to 2025-10-10 00:00:00+00:00, run_after=2025-10-11 00:00:00+00:00
[2025-10-10T09:10:06.950+0000] {processor.py:183} INFO - Processing /opt/airflow/dags/Airflow/dags/extract_open_meteo_dag.py took 0.187 seconds
[2025-10-10T09:10:37.229+0000] {processor.py:161} INFO - Started process (PID=1151) to work on /opt/airflow/dags/Airflow/dags/extract_open_meteo_dag.py
[2025-10-10T09:10:37.231+0000] {processor.py:830} INFO - Processing file /opt/airflow/dags/Airflow/dags/extract_open_meteo_dag.py for tasks to queue
[2025-10-10T09:10:37.233+0000] {logging_mixin.py:188} INFO - [2025-10-10T09:10:37.232+0000] {dagbag.py:540} INFO - Filling up the DagBag from /opt/airflow/dags/Airflow/dags/extract_open_meteo_dag.py
[2025-10-10T09:10:37.266+0000] {processor.py:840} INFO - DAG(s) 'extract_open_meteo_v1' retrieved from /opt/airflow/dags/Airflow/dags/extract_open_meteo_dag.py
[2025-10-10T09:10:37.323+0000] {logging_mixin.py:188} INFO - [2025-10-10T09:10:37.322+0000] {dag.py:3047} INFO - Sync 1 DAGs
[2025-10-10T09:10:37.363+0000] {logging_mixin.py:188} INFO - [2025-10-10T09:10:37.363+0000] {dag.py:3834} INFO - Setting next_dagrun for extract_open_meteo_v1 to 2025-10-10 00:00:00+00:00, run_after=2025-10-11 00:00:00+00:00
[2025-10-10T09:10:37.415+0000] {processor.py:183} INFO - Processing /opt/airflow/dags/Airflow/dags/extract_open_meteo_dag.py took 0.188 seconds
[2025-10-10T09:23:33.876+0000] {processor.py:161} INFO - Started process (PID=1158) to work on /opt/airflow/dags/Airflow/dags/extract_open_meteo_dag.py
[2025-10-10T09:23:33.901+0000] {processor.py:830} INFO - Processing file /opt/airflow/dags/Airflow/dags/extract_open_meteo_dag.py for tasks to queue
[2025-10-10T09:23:33.916+0000] {logging_mixin.py:188} INFO - [2025-10-10T09:23:33.910+0000] {dagbag.py:540} INFO - Filling up the DagBag from /opt/airflow/dags/Airflow/dags/extract_open_meteo_dag.py
[2025-10-10T09:23:34.336+0000] {processor.py:840} INFO - DAG(s) 'extract_open_meteo_v1' retrieved from /opt/airflow/dags/Airflow/dags/extract_open_meteo_dag.py
[2025-10-10T09:23:35.351+0000] {logging_mixin.py:188} INFO - [2025-10-10T09:23:35.350+0000] {dag.py:3047} INFO - Sync 1 DAGs
[2025-10-10T09:23:35.824+0000] {logging_mixin.py:188} INFO - [2025-10-10T09:23:35.818+0000] {dag.py:3834} INFO - Setting next_dagrun for extract_open_meteo_v1 to 2025-10-10 00:00:00+00:00, run_after=2025-10-11 00:00:00+00:00
[2025-10-10T09:23:36.097+0000] {processor.py:183} INFO - Processing /opt/airflow/dags/Airflow/dags/extract_open_meteo_dag.py took 2.584 seconds
[2025-10-10T09:24:06.298+0000] {processor.py:161} INFO - Started process (PID=1163) to work on /opt/airflow/dags/Airflow/dags/extract_open_meteo_dag.py
[2025-10-10T09:24:06.300+0000] {processor.py:830} INFO - Processing file /opt/airflow/dags/Airflow/dags/extract_open_meteo_dag.py for tasks to queue
[2025-10-10T09:24:06.301+0000] {logging_mixin.py:188} INFO - [2025-10-10T09:24:06.301+0000] {dagbag.py:540} INFO - Filling up the DagBag from /opt/airflow/dags/Airflow/dags/extract_open_meteo_dag.py
[2025-10-10T09:24:06.383+0000] {processor.py:840} INFO - DAG(s) 'extract_open_meteo_v1' retrieved from /opt/airflow/dags/Airflow/dags/extract_open_meteo_dag.py
[2025-10-10T09:24:06.532+0000] {logging_mixin.py:188} INFO - [2025-10-10T09:24:06.532+0000] {dag.py:3047} INFO - Sync 1 DAGs
[2025-10-10T09:24:06.626+0000] {logging_mixin.py:188} INFO - [2025-10-10T09:24:06.625+0000] {dag.py:3834} INFO - Setting next_dagrun for extract_open_meteo_v1 to 2025-10-10 00:00:00+00:00, run_after=2025-10-11 00:00:00+00:00
[2025-10-10T09:24:06.705+0000] {processor.py:183} INFO - Processing /opt/airflow/dags/Airflow/dags/extract_open_meteo_dag.py took 0.416 seconds
[2025-10-10T09:24:37.000+0000] {processor.py:161} INFO - Started process (PID=1168) to work on /opt/airflow/dags/Airflow/dags/extract_open_meteo_dag.py
[2025-10-10T09:24:37.001+0000] {processor.py:830} INFO - Processing file /opt/airflow/dags/Airflow/dags/extract_open_meteo_dag.py for tasks to queue
[2025-10-10T09:24:37.003+0000] {logging_mixin.py:188} INFO - [2025-10-10T09:24:37.003+0000] {dagbag.py:540} INFO - Filling up the DagBag from /opt/airflow/dags/Airflow/dags/extract_open_meteo_dag.py
[2025-10-10T09:24:37.039+0000] {processor.py:840} INFO - DAG(s) 'extract_open_meteo_v1' retrieved from /opt/airflow/dags/Airflow/dags/extract_open_meteo_dag.py
[2025-10-10T09:24:37.121+0000] {logging_mixin.py:188} INFO - [2025-10-10T09:24:37.120+0000] {dag.py:3047} INFO - Sync 1 DAGs
[2025-10-10T09:24:37.174+0000] {logging_mixin.py:188} INFO - [2025-10-10T09:24:37.174+0000] {dag.py:3834} INFO - Setting next_dagrun for extract_open_meteo_v1 to 2025-10-10 00:00:00+00:00, run_after=2025-10-11 00:00:00+00:00
[2025-10-10T09:24:37.222+0000] {processor.py:183} INFO - Processing /opt/airflow/dags/Airflow/dags/extract_open_meteo_dag.py took 0.244 seconds
[2025-10-10T09:25:07.675+0000] {processor.py:161} INFO - Started process (PID=1173) to work on /opt/airflow/dags/Airflow/dags/extract_open_meteo_dag.py
[2025-10-10T09:25:07.681+0000] {processor.py:830} INFO - Processing file /opt/airflow/dags/Airflow/dags/extract_open_meteo_dag.py for tasks to queue
[2025-10-10T09:25:07.685+0000] {logging_mixin.py:188} INFO - [2025-10-10T09:25:07.684+0000] {dagbag.py:540} INFO - Filling up the DagBag from /opt/airflow/dags/Airflow/dags/extract_open_meteo_dag.py
[2025-10-10T09:25:07.750+0000] {processor.py:840} INFO - DAG(s) 'extract_open_meteo_v1' retrieved from /opt/airflow/dags/Airflow/dags/extract_open_meteo_dag.py
[2025-10-10T09:25:07.896+0000] {logging_mixin.py:188} INFO - [2025-10-10T09:25:07.895+0000] {dag.py:3047} INFO - Sync 1 DAGs
[2025-10-10T09:25:07.982+0000] {logging_mixin.py:188} INFO - [2025-10-10T09:25:07.981+0000] {dag.py:3834} INFO - Setting next_dagrun for extract_open_meteo_v1 to 2025-10-10 00:00:00+00:00, run_after=2025-10-11 00:00:00+00:00
[2025-10-10T09:25:08.058+0000] {processor.py:183} INFO - Processing /opt/airflow/dags/Airflow/dags/extract_open_meteo_dag.py took 0.409 seconds
[2025-10-10T09:25:38.413+0000] {processor.py:161} INFO - Started process (PID=1178) to work on /opt/airflow/dags/Airflow/dags/extract_open_meteo_dag.py
[2025-10-10T09:25:38.416+0000] {processor.py:830} INFO - Processing file /opt/airflow/dags/Airflow/dags/extract_open_meteo_dag.py for tasks to queue
[2025-10-10T09:25:38.420+0000] {logging_mixin.py:188} INFO - [2025-10-10T09:25:38.419+0000] {dagbag.py:540} INFO - Filling up the DagBag from /opt/airflow/dags/Airflow/dags/extract_open_meteo_dag.py
[2025-10-10T09:25:38.475+0000] {processor.py:840} INFO - DAG(s) 'extract_open_meteo_v1' retrieved from /opt/airflow/dags/Airflow/dags/extract_open_meteo_dag.py
[2025-10-10T09:25:38.635+0000] {logging_mixin.py:188} INFO - [2025-10-10T09:25:38.635+0000] {dag.py:3047} INFO - Sync 1 DAGs
[2025-10-10T09:25:38.726+0000] {logging_mixin.py:188} INFO - [2025-10-10T09:25:38.726+0000] {dag.py:3834} INFO - Setting next_dagrun for extract_open_meteo_v1 to 2025-10-10 00:00:00+00:00, run_after=2025-10-11 00:00:00+00:00
[2025-10-10T09:25:38.824+0000] {processor.py:183} INFO - Processing /opt/airflow/dags/Airflow/dags/extract_open_meteo_dag.py took 0.421 seconds
[2025-10-10T09:26:09.144+0000] {processor.py:161} INFO - Started process (PID=1183) to work on /opt/airflow/dags/Airflow/dags/extract_open_meteo_dag.py
[2025-10-10T09:26:09.145+0000] {processor.py:830} INFO - Processing file /opt/airflow/dags/Airflow/dags/extract_open_meteo_dag.py for tasks to queue
[2025-10-10T09:26:09.148+0000] {logging_mixin.py:188} INFO - [2025-10-10T09:26:09.147+0000] {dagbag.py:540} INFO - Filling up the DagBag from /opt/airflow/dags/Airflow/dags/extract_open_meteo_dag.py
[2025-10-10T09:26:09.191+0000] {processor.py:840} INFO - DAG(s) 'extract_open_meteo_v1' retrieved from /opt/airflow/dags/Airflow/dags/extract_open_meteo_dag.py
[2025-10-10T09:26:09.263+0000] {logging_mixin.py:188} INFO - [2025-10-10T09:26:09.262+0000] {dag.py:3047} INFO - Sync 1 DAGs
[2025-10-10T09:26:09.316+0000] {logging_mixin.py:188} INFO - [2025-10-10T09:26:09.316+0000] {dag.py:3834} INFO - Setting next_dagrun for extract_open_meteo_v1 to 2025-10-10 00:00:00+00:00, run_after=2025-10-11 00:00:00+00:00
[2025-10-10T09:26:09.383+0000] {processor.py:183} INFO - Processing /opt/airflow/dags/Airflow/dags/extract_open_meteo_dag.py took 0.245 seconds
[2025-10-10T09:26:39.446+0000] {processor.py:161} INFO - Started process (PID=1188) to work on /opt/airflow/dags/Airflow/dags/extract_open_meteo_dag.py
[2025-10-10T09:26:39.448+0000] {processor.py:830} INFO - Processing file /opt/airflow/dags/Airflow/dags/extract_open_meteo_dag.py for tasks to queue
[2025-10-10T09:26:39.449+0000] {logging_mixin.py:188} INFO - [2025-10-10T09:26:39.449+0000] {dagbag.py:540} INFO - Filling up the DagBag from /opt/airflow/dags/Airflow/dags/extract_open_meteo_dag.py
[2025-10-10T09:26:39.483+0000] {processor.py:840} INFO - DAG(s) 'extract_open_meteo_v1' retrieved from /opt/airflow/dags/Airflow/dags/extract_open_meteo_dag.py
[2025-10-10T09:26:39.539+0000] {logging_mixin.py:188} INFO - [2025-10-10T09:26:39.539+0000] {dag.py:3047} INFO - Sync 1 DAGs
[2025-10-10T09:26:39.575+0000] {logging_mixin.py:188} INFO - [2025-10-10T09:26:39.574+0000] {dag.py:3834} INFO - Setting next_dagrun for extract_open_meteo_v1 to 2025-10-10 00:00:00+00:00, run_after=2025-10-11 00:00:00+00:00
[2025-10-10T09:26:39.622+0000] {processor.py:183} INFO - Processing /opt/airflow/dags/Airflow/dags/extract_open_meteo_dag.py took 0.180 seconds
[2025-10-10T09:27:09.739+0000] {processor.py:161} INFO - Started process (PID=1193) to work on /opt/airflow/dags/Airflow/dags/extract_open_meteo_dag.py
[2025-10-10T09:27:09.740+0000] {processor.py:830} INFO - Processing file /opt/airflow/dags/Airflow/dags/extract_open_meteo_dag.py for tasks to queue
[2025-10-10T09:27:09.742+0000] {logging_mixin.py:188} INFO - [2025-10-10T09:27:09.741+0000] {dagbag.py:540} INFO - Filling up the DagBag from /opt/airflow/dags/Airflow/dags/extract_open_meteo_dag.py
[2025-10-10T09:27:09.779+0000] {processor.py:840} INFO - DAG(s) 'extract_open_meteo_v1' retrieved from /opt/airflow/dags/Airflow/dags/extract_open_meteo_dag.py
[2025-10-10T09:27:09.838+0000] {logging_mixin.py:188} INFO - [2025-10-10T09:27:09.838+0000] {dag.py:3047} INFO - Sync 1 DAGs
[2025-10-10T09:27:09.882+0000] {logging_mixin.py:188} INFO - [2025-10-10T09:27:09.881+0000] {dag.py:3834} INFO - Setting next_dagrun for extract_open_meteo_v1 to 2025-10-10 00:00:00+00:00, run_after=2025-10-11 00:00:00+00:00
[2025-10-10T09:27:09.938+0000] {processor.py:183} INFO - Processing /opt/airflow/dags/Airflow/dags/extract_open_meteo_dag.py took 0.202 seconds
[2025-10-10T09:27:40.178+0000] {processor.py:161} INFO - Started process (PID=1198) to work on /opt/airflow/dags/Airflow/dags/extract_open_meteo_dag.py
[2025-10-10T09:27:40.180+0000] {processor.py:830} INFO - Processing file /opt/airflow/dags/Airflow/dags/extract_open_meteo_dag.py for tasks to queue
[2025-10-10T09:27:40.182+0000] {logging_mixin.py:188} INFO - [2025-10-10T09:27:40.181+0000] {dagbag.py:540} INFO - Filling up the DagBag from /opt/airflow/dags/Airflow/dags/extract_open_meteo_dag.py
[2025-10-10T09:27:40.221+0000] {processor.py:840} INFO - DAG(s) 'extract_open_meteo_v1' retrieved from /opt/airflow/dags/Airflow/dags/extract_open_meteo_dag.py
[2025-10-10T09:27:40.279+0000] {logging_mixin.py:188} INFO - [2025-10-10T09:27:40.279+0000] {dag.py:3047} INFO - Sync 1 DAGs
[2025-10-10T09:27:40.326+0000] {logging_mixin.py:188} INFO - [2025-10-10T09:27:40.325+0000] {dag.py:3834} INFO - Setting next_dagrun for extract_open_meteo_v1 to 2025-10-10 00:00:00+00:00, run_after=2025-10-11 00:00:00+00:00
[2025-10-10T09:27:40.387+0000] {processor.py:183} INFO - Processing /opt/airflow/dags/Airflow/dags/extract_open_meteo_dag.py took 0.212 seconds
[2025-10-10T09:28:10.489+0000] {processor.py:161} INFO - Started process (PID=1203) to work on /opt/airflow/dags/Airflow/dags/extract_open_meteo_dag.py
[2025-10-10T09:28:10.491+0000] {processor.py:830} INFO - Processing file /opt/airflow/dags/Airflow/dags/extract_open_meteo_dag.py for tasks to queue
[2025-10-10T09:28:10.493+0000] {logging_mixin.py:188} INFO - [2025-10-10T09:28:10.493+0000] {dagbag.py:540} INFO - Filling up the DagBag from /opt/airflow/dags/Airflow/dags/extract_open_meteo_dag.py
[2025-10-10T09:28:10.535+0000] {processor.py:840} INFO - DAG(s) 'extract_open_meteo_v1' retrieved from /opt/airflow/dags/Airflow/dags/extract_open_meteo_dag.py
[2025-10-10T09:28:10.614+0000] {logging_mixin.py:188} INFO - [2025-10-10T09:28:10.614+0000] {dag.py:3047} INFO - Sync 1 DAGs
[2025-10-10T09:28:10.657+0000] {logging_mixin.py:188} INFO - [2025-10-10T09:28:10.657+0000] {dag.py:3834} INFO - Setting next_dagrun for extract_open_meteo_v1 to 2025-10-10 00:00:00+00:00, run_after=2025-10-11 00:00:00+00:00
[2025-10-10T09:28:10.718+0000] {processor.py:183} INFO - Processing /opt/airflow/dags/Airflow/dags/extract_open_meteo_dag.py took 0.233 seconds
[2025-10-10T09:28:40.994+0000] {processor.py:161} INFO - Started process (PID=1208) to work on /opt/airflow/dags/Airflow/dags/extract_open_meteo_dag.py
[2025-10-10T09:28:40.996+0000] {processor.py:830} INFO - Processing file /opt/airflow/dags/Airflow/dags/extract_open_meteo_dag.py for tasks to queue
[2025-10-10T09:28:40.998+0000] {logging_mixin.py:188} INFO - [2025-10-10T09:28:40.997+0000] {dagbag.py:540} INFO - Filling up the DagBag from /opt/airflow/dags/Airflow/dags/extract_open_meteo_dag.py
[2025-10-10T09:28:41.035+0000] {processor.py:840} INFO - DAG(s) 'extract_open_meteo_v1' retrieved from /opt/airflow/dags/Airflow/dags/extract_open_meteo_dag.py
[2025-10-10T09:28:41.096+0000] {logging_mixin.py:188} INFO - [2025-10-10T09:28:41.096+0000] {dag.py:3047} INFO - Sync 1 DAGs
[2025-10-10T09:28:41.139+0000] {logging_mixin.py:188} INFO - [2025-10-10T09:28:41.138+0000] {dag.py:3834} INFO - Setting next_dagrun for extract_open_meteo_v1 to 2025-10-10 00:00:00+00:00, run_after=2025-10-11 00:00:00+00:00
[2025-10-10T09:28:41.224+0000] {processor.py:183} INFO - Processing /opt/airflow/dags/Airflow/dags/extract_open_meteo_dag.py took 0.235 seconds
[2025-10-10T09:29:11.588+0000] {processor.py:161} INFO - Started process (PID=1213) to work on /opt/airflow/dags/Airflow/dags/extract_open_meteo_dag.py
[2025-10-10T09:29:11.599+0000] {processor.py:830} INFO - Processing file /opt/airflow/dags/Airflow/dags/extract_open_meteo_dag.py for tasks to queue
[2025-10-10T09:29:11.603+0000] {logging_mixin.py:188} INFO - [2025-10-10T09:29:11.602+0000] {dagbag.py:540} INFO - Filling up the DagBag from /opt/airflow/dags/Airflow/dags/extract_open_meteo_dag.py
[2025-10-10T09:29:11.880+0000] {processor.py:840} INFO - DAG(s) 'extract_open_meteo_v1' retrieved from /opt/airflow/dags/Airflow/dags/extract_open_meteo_dag.py
[2025-10-10T09:29:12.032+0000] {logging_mixin.py:188} INFO - [2025-10-10T09:29:12.031+0000] {dag.py:3047} INFO - Sync 1 DAGs
[2025-10-10T09:29:12.132+0000] {logging_mixin.py:188} INFO - [2025-10-10T09:29:12.132+0000] {dag.py:3834} INFO - Setting next_dagrun for extract_open_meteo_v1 to 2025-10-10 00:00:00+00:00, run_after=2025-10-11 00:00:00+00:00
[2025-10-10T09:29:12.207+0000] {processor.py:183} INFO - Processing /opt/airflow/dags/Airflow/dags/extract_open_meteo_dag.py took 0.632 seconds
[2025-10-10T09:29:42.572+0000] {processor.py:161} INFO - Started process (PID=1218) to work on /opt/airflow/dags/Airflow/dags/extract_open_meteo_dag.py
[2025-10-10T09:29:42.574+0000] {processor.py:830} INFO - Processing file /opt/airflow/dags/Airflow/dags/extract_open_meteo_dag.py for tasks to queue
[2025-10-10T09:29:42.576+0000] {logging_mixin.py:188} INFO - [2025-10-10T09:29:42.575+0000] {dagbag.py:540} INFO - Filling up the DagBag from /opt/airflow/dags/Airflow/dags/extract_open_meteo_dag.py
[2025-10-10T09:29:42.615+0000] {processor.py:840} INFO - DAG(s) 'extract_open_meteo_v1' retrieved from /opt/airflow/dags/Airflow/dags/extract_open_meteo_dag.py
[2025-10-10T09:29:42.673+0000] {logging_mixin.py:188} INFO - [2025-10-10T09:29:42.672+0000] {dag.py:3047} INFO - Sync 1 DAGs
[2025-10-10T09:29:42.716+0000] {logging_mixin.py:188} INFO - [2025-10-10T09:29:42.716+0000] {dag.py:3834} INFO - Setting next_dagrun for extract_open_meteo_v1 to 2025-10-10 00:00:00+00:00, run_after=2025-10-11 00:00:00+00:00
[2025-10-10T09:29:42.790+0000] {processor.py:183} INFO - Processing /opt/airflow/dags/Airflow/dags/extract_open_meteo_dag.py took 0.220 seconds
[2025-10-10T09:30:13.341+0000] {processor.py:161} INFO - Started process (PID=1223) to work on /opt/airflow/dags/Airflow/dags/extract_open_meteo_dag.py
[2025-10-10T09:30:13.342+0000] {processor.py:830} INFO - Processing file /opt/airflow/dags/Airflow/dags/extract_open_meteo_dag.py for tasks to queue
[2025-10-10T09:30:13.344+0000] {logging_mixin.py:188} INFO - [2025-10-10T09:30:13.343+0000] {dagbag.py:540} INFO - Filling up the DagBag from /opt/airflow/dags/Airflow/dags/extract_open_meteo_dag.py
[2025-10-10T09:30:13.378+0000] {processor.py:840} INFO - DAG(s) 'extract_open_meteo_v1' retrieved from /opt/airflow/dags/Airflow/dags/extract_open_meteo_dag.py
[2025-10-10T09:30:13.437+0000] {logging_mixin.py:188} INFO - [2025-10-10T09:30:13.437+0000] {dag.py:3047} INFO - Sync 1 DAGs
[2025-10-10T09:30:13.478+0000] {logging_mixin.py:188} INFO - [2025-10-10T09:30:13.477+0000] {dag.py:3834} INFO - Setting next_dagrun for extract_open_meteo_v1 to 2025-10-10 00:00:00+00:00, run_after=2025-10-11 00:00:00+00:00
[2025-10-10T09:30:13.529+0000] {processor.py:183} INFO - Processing /opt/airflow/dags/Airflow/dags/extract_open_meteo_dag.py took 0.190 seconds
[2025-10-10T09:30:43.691+0000] {processor.py:161} INFO - Started process (PID=1228) to work on /opt/airflow/dags/Airflow/dags/extract_open_meteo_dag.py
[2025-10-10T09:30:43.692+0000] {processor.py:830} INFO - Processing file /opt/airflow/dags/Airflow/dags/extract_open_meteo_dag.py for tasks to queue
[2025-10-10T09:30:43.694+0000] {logging_mixin.py:188} INFO - [2025-10-10T09:30:43.693+0000] {dagbag.py:540} INFO - Filling up the DagBag from /opt/airflow/dags/Airflow/dags/extract_open_meteo_dag.py
[2025-10-10T09:30:43.731+0000] {processor.py:840} INFO - DAG(s) 'extract_open_meteo_v1' retrieved from /opt/airflow/dags/Airflow/dags/extract_open_meteo_dag.py
[2025-10-10T09:30:43.885+0000] {logging_mixin.py:188} INFO - [2025-10-10T09:30:43.885+0000] {dag.py:3047} INFO - Sync 1 DAGs
[2025-10-10T09:30:43.929+0000] {logging_mixin.py:188} INFO - [2025-10-10T09:30:43.928+0000] {dag.py:3834} INFO - Setting next_dagrun for extract_open_meteo_v1 to 2025-10-10 00:00:00+00:00, run_after=2025-10-11 00:00:00+00:00
[2025-10-10T09:30:43.985+0000] {processor.py:183} INFO - Processing /opt/airflow/dags/Airflow/dags/extract_open_meteo_dag.py took 0.297 seconds
[2025-10-10T09:31:14.118+0000] {processor.py:161} INFO - Started process (PID=1233) to work on /opt/airflow/dags/Airflow/dags/extract_open_meteo_dag.py
[2025-10-10T09:31:14.119+0000] {processor.py:830} INFO - Processing file /opt/airflow/dags/Airflow/dags/extract_open_meteo_dag.py for tasks to queue
[2025-10-10T09:31:14.121+0000] {logging_mixin.py:188} INFO - [2025-10-10T09:31:14.121+0000] {dagbag.py:540} INFO - Filling up the DagBag from /opt/airflow/dags/Airflow/dags/extract_open_meteo_dag.py
[2025-10-10T09:31:14.158+0000] {processor.py:840} INFO - DAG(s) 'extract_open_meteo_v1' retrieved from /opt/airflow/dags/Airflow/dags/extract_open_meteo_dag.py
[2025-10-10T09:31:14.220+0000] {logging_mixin.py:188} INFO - [2025-10-10T09:31:14.220+0000] {dag.py:3047} INFO - Sync 1 DAGs
[2025-10-10T09:31:14.259+0000] {logging_mixin.py:188} INFO - [2025-10-10T09:31:14.259+0000] {dag.py:3834} INFO - Setting next_dagrun for extract_open_meteo_v1 to 2025-10-10 00:00:00+00:00, run_after=2025-10-11 00:00:00+00:00
[2025-10-10T09:31:14.317+0000] {processor.py:183} INFO - Processing /opt/airflow/dags/Airflow/dags/extract_open_meteo_dag.py took 0.202 seconds
[2025-10-10T09:31:44.593+0000] {processor.py:161} INFO - Started process (PID=1238) to work on /opt/airflow/dags/Airflow/dags/extract_open_meteo_dag.py
[2025-10-10T09:31:44.594+0000] {processor.py:830} INFO - Processing file /opt/airflow/dags/Airflow/dags/extract_open_meteo_dag.py for tasks to queue
[2025-10-10T09:31:44.596+0000] {logging_mixin.py:188} INFO - [2025-10-10T09:31:44.596+0000] {dagbag.py:540} INFO - Filling up the DagBag from /opt/airflow/dags/Airflow/dags/extract_open_meteo_dag.py
[2025-10-10T09:31:44.638+0000] {processor.py:840} INFO - DAG(s) 'extract_open_meteo_v1' retrieved from /opt/airflow/dags/Airflow/dags/extract_open_meteo_dag.py
[2025-10-10T09:31:44.695+0000] {logging_mixin.py:188} INFO - [2025-10-10T09:31:44.695+0000] {dag.py:3047} INFO - Sync 1 DAGs
[2025-10-10T09:31:44.741+0000] {logging_mixin.py:188} INFO - [2025-10-10T09:31:44.741+0000] {dag.py:3834} INFO - Setting next_dagrun for extract_open_meteo_v1 to 2025-10-10 00:00:00+00:00, run_after=2025-10-11 00:00:00+00:00
[2025-10-10T09:31:44.806+0000] {processor.py:183} INFO - Processing /opt/airflow/dags/Airflow/dags/extract_open_meteo_dag.py took 0.220 seconds
[2025-10-10T09:32:15.020+0000] {processor.py:161} INFO - Started process (PID=1243) to work on /opt/airflow/dags/Airflow/dags/extract_open_meteo_dag.py
[2025-10-10T09:32:15.021+0000] {processor.py:830} INFO - Processing file /opt/airflow/dags/Airflow/dags/extract_open_meteo_dag.py for tasks to queue
[2025-10-10T09:32:15.022+0000] {logging_mixin.py:188} INFO - [2025-10-10T09:32:15.022+0000] {dagbag.py:540} INFO - Filling up the DagBag from /opt/airflow/dags/Airflow/dags/extract_open_meteo_dag.py
[2025-10-10T09:32:15.057+0000] {processor.py:840} INFO - DAG(s) 'extract_open_meteo_v1' retrieved from /opt/airflow/dags/Airflow/dags/extract_open_meteo_dag.py
[2025-10-10T09:32:15.128+0000] {logging_mixin.py:188} INFO - [2025-10-10T09:32:15.127+0000] {dag.py:3047} INFO - Sync 1 DAGs
[2025-10-10T09:32:15.170+0000] {logging_mixin.py:188} INFO - [2025-10-10T09:32:15.170+0000] {dag.py:3834} INFO - Setting next_dagrun for extract_open_meteo_v1 to 2025-10-10 00:00:00+00:00, run_after=2025-10-11 00:00:00+00:00
[2025-10-10T09:32:15.228+0000] {processor.py:183} INFO - Processing /opt/airflow/dags/Airflow/dags/extract_open_meteo_dag.py took 0.212 seconds
[2025-10-10T09:32:45.373+0000] {processor.py:161} INFO - Started process (PID=1248) to work on /opt/airflow/dags/Airflow/dags/extract_open_meteo_dag.py
[2025-10-10T09:32:45.374+0000] {processor.py:830} INFO - Processing file /opt/airflow/dags/Airflow/dags/extract_open_meteo_dag.py for tasks to queue
[2025-10-10T09:32:45.376+0000] {logging_mixin.py:188} INFO - [2025-10-10T09:32:45.376+0000] {dagbag.py:540} INFO - Filling up the DagBag from /opt/airflow/dags/Airflow/dags/extract_open_meteo_dag.py
[2025-10-10T09:32:45.410+0000] {processor.py:840} INFO - DAG(s) 'extract_open_meteo_v1' retrieved from /opt/airflow/dags/Airflow/dags/extract_open_meteo_dag.py
[2025-10-10T09:32:45.466+0000] {logging_mixin.py:188} INFO - [2025-10-10T09:32:45.466+0000] {dag.py:3047} INFO - Sync 1 DAGs
[2025-10-10T09:32:45.505+0000] {logging_mixin.py:188} INFO - [2025-10-10T09:32:45.504+0000] {dag.py:3834} INFO - Setting next_dagrun for extract_open_meteo_v1 to 2025-10-10 00:00:00+00:00, run_after=2025-10-11 00:00:00+00:00
[2025-10-10T09:32:45.562+0000] {processor.py:183} INFO - Processing /opt/airflow/dags/Airflow/dags/extract_open_meteo_dag.py took 0.193 seconds
[2025-10-10T09:33:15.904+0000] {processor.py:161} INFO - Started process (PID=1253) to work on /opt/airflow/dags/Airflow/dags/extract_open_meteo_dag.py
[2025-10-10T09:33:15.905+0000] {processor.py:830} INFO - Processing file /opt/airflow/dags/Airflow/dags/extract_open_meteo_dag.py for tasks to queue
[2025-10-10T09:33:15.906+0000] {logging_mixin.py:188} INFO - [2025-10-10T09:33:15.906+0000] {dagbag.py:540} INFO - Filling up the DagBag from /opt/airflow/dags/Airflow/dags/extract_open_meteo_dag.py
[2025-10-10T09:33:15.942+0000] {processor.py:840} INFO - DAG(s) 'extract_open_meteo_v1' retrieved from /opt/airflow/dags/Airflow/dags/extract_open_meteo_dag.py
[2025-10-10T09:33:16.001+0000] {logging_mixin.py:188} INFO - [2025-10-10T09:33:16.000+0000] {dag.py:3047} INFO - Sync 1 DAGs
[2025-10-10T09:33:16.042+0000] {logging_mixin.py:188} INFO - [2025-10-10T09:33:16.042+0000] {dag.py:3834} INFO - Setting next_dagrun for extract_open_meteo_v1 to 2025-10-10 00:00:00+00:00, run_after=2025-10-11 00:00:00+00:00
[2025-10-10T09:33:16.095+0000] {processor.py:183} INFO - Processing /opt/airflow/dags/Airflow/dags/extract_open_meteo_dag.py took 0.195 seconds
[2025-10-10T09:33:46.351+0000] {processor.py:161} INFO - Started process (PID=1258) to work on /opt/airflow/dags/Airflow/dags/extract_open_meteo_dag.py
[2025-10-10T09:33:46.352+0000] {processor.py:830} INFO - Processing file /opt/airflow/dags/Airflow/dags/extract_open_meteo_dag.py for tasks to queue
[2025-10-10T09:33:46.354+0000] {logging_mixin.py:188} INFO - [2025-10-10T09:33:46.353+0000] {dagbag.py:540} INFO - Filling up the DagBag from /opt/airflow/dags/Airflow/dags/extract_open_meteo_dag.py
[2025-10-10T09:33:46.387+0000] {processor.py:840} INFO - DAG(s) 'extract_open_meteo_v1' retrieved from /opt/airflow/dags/Airflow/dags/extract_open_meteo_dag.py
[2025-10-10T09:33:46.443+0000] {logging_mixin.py:188} INFO - [2025-10-10T09:33:46.443+0000] {dag.py:3047} INFO - Sync 1 DAGs
[2025-10-10T09:33:46.482+0000] {logging_mixin.py:188} INFO - [2025-10-10T09:33:46.482+0000] {dag.py:3834} INFO - Setting next_dagrun for extract_open_meteo_v1 to 2025-10-10 00:00:00+00:00, run_after=2025-10-11 00:00:00+00:00
[2025-10-10T09:33:46.538+0000] {processor.py:183} INFO - Processing /opt/airflow/dags/Airflow/dags/extract_open_meteo_dag.py took 0.190 seconds
[2025-10-10T09:34:16.722+0000] {processor.py:161} INFO - Started process (PID=1263) to work on /opt/airflow/dags/Airflow/dags/extract_open_meteo_dag.py
[2025-10-10T09:34:16.723+0000] {processor.py:830} INFO - Processing file /opt/airflow/dags/Airflow/dags/extract_open_meteo_dag.py for tasks to queue
[2025-10-10T09:34:16.725+0000] {logging_mixin.py:188} INFO - [2025-10-10T09:34:16.724+0000] {dagbag.py:540} INFO - Filling up the DagBag from /opt/airflow/dags/Airflow/dags/extract_open_meteo_dag.py
[2025-10-10T09:34:16.761+0000] {processor.py:840} INFO - DAG(s) 'extract_open_meteo_v1' retrieved from /opt/airflow/dags/Airflow/dags/extract_open_meteo_dag.py
[2025-10-10T09:34:16.822+0000] {logging_mixin.py:188} INFO - [2025-10-10T09:34:16.822+0000] {dag.py:3047} INFO - Sync 1 DAGs
[2025-10-10T09:34:16.863+0000] {logging_mixin.py:188} INFO - [2025-10-10T09:34:16.862+0000] {dag.py:3834} INFO - Setting next_dagrun for extract_open_meteo_v1 to 2025-10-10 00:00:00+00:00, run_after=2025-10-11 00:00:00+00:00
[2025-10-10T09:34:16.920+0000] {processor.py:183} INFO - Processing /opt/airflow/dags/Airflow/dags/extract_open_meteo_dag.py took 0.202 seconds
[2025-10-10T09:34:47.157+0000] {processor.py:161} INFO - Started process (PID=1268) to work on /opt/airflow/dags/Airflow/dags/extract_open_meteo_dag.py
[2025-10-10T09:34:47.158+0000] {processor.py:830} INFO - Processing file /opt/airflow/dags/Airflow/dags/extract_open_meteo_dag.py for tasks to queue
[2025-10-10T09:34:47.159+0000] {logging_mixin.py:188} INFO - [2025-10-10T09:34:47.159+0000] {dagbag.py:540} INFO - Filling up the DagBag from /opt/airflow/dags/Airflow/dags/extract_open_meteo_dag.py
[2025-10-10T09:34:47.198+0000] {processor.py:840} INFO - DAG(s) 'extract_open_meteo_v1' retrieved from /opt/airflow/dags/Airflow/dags/extract_open_meteo_dag.py
[2025-10-10T09:34:47.254+0000] {logging_mixin.py:188} INFO - [2025-10-10T09:34:47.254+0000] {dag.py:3047} INFO - Sync 1 DAGs
[2025-10-10T09:34:47.293+0000] {logging_mixin.py:188} INFO - [2025-10-10T09:34:47.293+0000] {dag.py:3834} INFO - Setting next_dagrun for extract_open_meteo_v1 to 2025-10-10 00:00:00+00:00, run_after=2025-10-11 00:00:00+00:00
[2025-10-10T09:34:47.353+0000] {processor.py:183} INFO - Processing /opt/airflow/dags/Airflow/dags/extract_open_meteo_dag.py took 0.199 seconds
[2025-10-10T09:35:17.519+0000] {processor.py:161} INFO - Started process (PID=1273) to work on /opt/airflow/dags/Airflow/dags/extract_open_meteo_dag.py
[2025-10-10T09:35:17.520+0000] {processor.py:830} INFO - Processing file /opt/airflow/dags/Airflow/dags/extract_open_meteo_dag.py for tasks to queue
[2025-10-10T09:35:17.522+0000] {logging_mixin.py:188} INFO - [2025-10-10T09:35:17.522+0000] {dagbag.py:540} INFO - Filling up the DagBag from /opt/airflow/dags/Airflow/dags/extract_open_meteo_dag.py
[2025-10-10T09:35:17.561+0000] {processor.py:840} INFO - DAG(s) 'extract_open_meteo_v1' retrieved from /opt/airflow/dags/Airflow/dags/extract_open_meteo_dag.py
[2025-10-10T09:35:17.631+0000] {logging_mixin.py:188} INFO - [2025-10-10T09:35:17.631+0000] {dag.py:3047} INFO - Sync 1 DAGs
[2025-10-10T09:35:17.672+0000] {logging_mixin.py:188} INFO - [2025-10-10T09:35:17.671+0000] {dag.py:3834} INFO - Setting next_dagrun for extract_open_meteo_v1 to 2025-10-10 00:00:00+00:00, run_after=2025-10-11 00:00:00+00:00
[2025-10-10T09:35:17.723+0000] {processor.py:183} INFO - Processing /opt/airflow/dags/Airflow/dags/extract_open_meteo_dag.py took 0.210 seconds
[2025-10-10T09:35:48.007+0000] {processor.py:161} INFO - Started process (PID=1278) to work on /opt/airflow/dags/Airflow/dags/extract_open_meteo_dag.py
[2025-10-10T09:35:48.008+0000] {processor.py:830} INFO - Processing file /opt/airflow/dags/Airflow/dags/extract_open_meteo_dag.py for tasks to queue
[2025-10-10T09:35:48.010+0000] {logging_mixin.py:188} INFO - [2025-10-10T09:35:48.010+0000] {dagbag.py:540} INFO - Filling up the DagBag from /opt/airflow/dags/Airflow/dags/extract_open_meteo_dag.py
[2025-10-10T09:35:48.045+0000] {processor.py:840} INFO - DAG(s) 'extract_open_meteo_v1' retrieved from /opt/airflow/dags/Airflow/dags/extract_open_meteo_dag.py
[2025-10-10T09:35:48.099+0000] {logging_mixin.py:188} INFO - [2025-10-10T09:35:48.098+0000] {dag.py:3047} INFO - Sync 1 DAGs
[2025-10-10T09:35:48.135+0000] {logging_mixin.py:188} INFO - [2025-10-10T09:35:48.135+0000] {dag.py:3834} INFO - Setting next_dagrun for extract_open_meteo_v1 to 2025-10-10 00:00:00+00:00, run_after=2025-10-11 00:00:00+00:00
[2025-10-10T09:35:48.190+0000] {processor.py:183} INFO - Processing /opt/airflow/dags/Airflow/dags/extract_open_meteo_dag.py took 0.187 seconds
[2025-10-10T09:36:18.337+0000] {processor.py:161} INFO - Started process (PID=1283) to work on /opt/airflow/dags/Airflow/dags/extract_open_meteo_dag.py
[2025-10-10T09:36:18.338+0000] {processor.py:830} INFO - Processing file /opt/airflow/dags/Airflow/dags/extract_open_meteo_dag.py for tasks to queue
[2025-10-10T09:36:18.340+0000] {logging_mixin.py:188} INFO - [2025-10-10T09:36:18.340+0000] {dagbag.py:540} INFO - Filling up the DagBag from /opt/airflow/dags/Airflow/dags/extract_open_meteo_dag.py
[2025-10-10T09:36:18.375+0000] {processor.py:840} INFO - DAG(s) 'extract_open_meteo_v1' retrieved from /opt/airflow/dags/Airflow/dags/extract_open_meteo_dag.py
[2025-10-10T09:36:18.434+0000] {logging_mixin.py:188} INFO - [2025-10-10T09:36:18.434+0000] {dag.py:3047} INFO - Sync 1 DAGs
[2025-10-10T09:36:18.475+0000] {logging_mixin.py:188} INFO - [2025-10-10T09:36:18.475+0000] {dag.py:3834} INFO - Setting next_dagrun for extract_open_meteo_v1 to 2025-10-10 00:00:00+00:00, run_after=2025-10-11 00:00:00+00:00
[2025-10-10T09:36:18.531+0000] {processor.py:183} INFO - Processing /opt/airflow/dags/Airflow/dags/extract_open_meteo_dag.py took 0.197 seconds
[2025-10-10T09:36:48.779+0000] {processor.py:161} INFO - Started process (PID=1288) to work on /opt/airflow/dags/Airflow/dags/extract_open_meteo_dag.py
[2025-10-10T09:36:48.780+0000] {processor.py:830} INFO - Processing file /opt/airflow/dags/Airflow/dags/extract_open_meteo_dag.py for tasks to queue
[2025-10-10T09:36:48.781+0000] {logging_mixin.py:188} INFO - [2025-10-10T09:36:48.781+0000] {dagbag.py:540} INFO - Filling up the DagBag from /opt/airflow/dags/Airflow/dags/extract_open_meteo_dag.py
[2025-10-10T09:36:48.818+0000] {processor.py:840} INFO - DAG(s) 'extract_open_meteo_v1' retrieved from /opt/airflow/dags/Airflow/dags/extract_open_meteo_dag.py
[2025-10-10T09:36:48.875+0000] {logging_mixin.py:188} INFO - [2025-10-10T09:36:48.874+0000] {dag.py:3047} INFO - Sync 1 DAGs
[2025-10-10T09:36:48.916+0000] {logging_mixin.py:188} INFO - [2025-10-10T09:36:48.915+0000] {dag.py:3834} INFO - Setting next_dagrun for extract_open_meteo_v1 to 2025-10-10 00:00:00+00:00, run_after=2025-10-11 00:00:00+00:00
[2025-10-10T09:36:48.967+0000] {processor.py:183} INFO - Processing /opt/airflow/dags/Airflow/dags/extract_open_meteo_dag.py took 0.192 seconds
[2025-10-10T09:37:19.201+0000] {processor.py:161} INFO - Started process (PID=1293) to work on /opt/airflow/dags/Airflow/dags/extract_open_meteo_dag.py
[2025-10-10T09:37:19.202+0000] {processor.py:830} INFO - Processing file /opt/airflow/dags/Airflow/dags/extract_open_meteo_dag.py for tasks to queue
[2025-10-10T09:37:19.204+0000] {logging_mixin.py:188} INFO - [2025-10-10T09:37:19.204+0000] {dagbag.py:540} INFO - Filling up the DagBag from /opt/airflow/dags/Airflow/dags/extract_open_meteo_dag.py
[2025-10-10T09:37:19.242+0000] {processor.py:840} INFO - DAG(s) 'extract_open_meteo_v1' retrieved from /opt/airflow/dags/Airflow/dags/extract_open_meteo_dag.py
[2025-10-10T09:37:19.299+0000] {logging_mixin.py:188} INFO - [2025-10-10T09:37:19.298+0000] {dag.py:3047} INFO - Sync 1 DAGs
[2025-10-10T09:37:19.338+0000] {logging_mixin.py:188} INFO - [2025-10-10T09:37:19.338+0000] {dag.py:3834} INFO - Setting next_dagrun for extract_open_meteo_v1 to 2025-10-10 00:00:00+00:00, run_after=2025-10-11 00:00:00+00:00
[2025-10-10T09:37:19.395+0000] {processor.py:183} INFO - Processing /opt/airflow/dags/Airflow/dags/extract_open_meteo_dag.py took 0.196 seconds
[2025-10-10T09:37:49.520+0000] {processor.py:161} INFO - Started process (PID=1298) to work on /opt/airflow/dags/Airflow/dags/extract_open_meteo_dag.py
[2025-10-10T09:37:49.522+0000] {processor.py:830} INFO - Processing file /opt/airflow/dags/Airflow/dags/extract_open_meteo_dag.py for tasks to queue
[2025-10-10T09:37:49.523+0000] {logging_mixin.py:188} INFO - [2025-10-10T09:37:49.522+0000] {dagbag.py:540} INFO - Filling up the DagBag from /opt/airflow/dags/Airflow/dags/extract_open_meteo_dag.py
[2025-10-10T09:37:49.556+0000] {processor.py:840} INFO - DAG(s) 'extract_open_meteo_v1' retrieved from /opt/airflow/dags/Airflow/dags/extract_open_meteo_dag.py
[2025-10-10T09:37:49.615+0000] {logging_mixin.py:188} INFO - [2025-10-10T09:37:49.615+0000] {dag.py:3047} INFO - Sync 1 DAGs
[2025-10-10T09:37:49.657+0000] {logging_mixin.py:188} INFO - [2025-10-10T09:37:49.656+0000] {dag.py:3834} INFO - Setting next_dagrun for extract_open_meteo_v1 to 2025-10-10 00:00:00+00:00, run_after=2025-10-11 00:00:00+00:00
[2025-10-10T09:37:49.709+0000] {processor.py:183} INFO - Processing /opt/airflow/dags/Airflow/dags/extract_open_meteo_dag.py took 0.191 seconds
[2025-10-10T09:38:20.001+0000] {processor.py:161} INFO - Started process (PID=1303) to work on /opt/airflow/dags/Airflow/dags/extract_open_meteo_dag.py
[2025-10-10T09:38:20.003+0000] {processor.py:830} INFO - Processing file /opt/airflow/dags/Airflow/dags/extract_open_meteo_dag.py for tasks to queue
[2025-10-10T09:38:20.004+0000] {logging_mixin.py:188} INFO - [2025-10-10T09:38:20.003+0000] {dagbag.py:540} INFO - Filling up the DagBag from /opt/airflow/dags/Airflow/dags/extract_open_meteo_dag.py
[2025-10-10T09:38:20.039+0000] {processor.py:840} INFO - DAG(s) 'extract_open_meteo_v1' retrieved from /opt/airflow/dags/Airflow/dags/extract_open_meteo_dag.py
[2025-10-10T09:38:20.099+0000] {logging_mixin.py:188} INFO - [2025-10-10T09:38:20.099+0000] {dag.py:3047} INFO - Sync 1 DAGs
[2025-10-10T09:38:20.139+0000] {logging_mixin.py:188} INFO - [2025-10-10T09:38:20.139+0000] {dag.py:3834} INFO - Setting next_dagrun for extract_open_meteo_v1 to 2025-10-10 00:00:00+00:00, run_after=2025-10-11 00:00:00+00:00
[2025-10-10T09:38:20.191+0000] {processor.py:183} INFO - Processing /opt/airflow/dags/Airflow/dags/extract_open_meteo_dag.py took 0.192 seconds
[2025-10-10T09:38:50.361+0000] {processor.py:161} INFO - Started process (PID=1308) to work on /opt/airflow/dags/Airflow/dags/extract_open_meteo_dag.py
[2025-10-10T09:38:50.363+0000] {processor.py:830} INFO - Processing file /opt/airflow/dags/Airflow/dags/extract_open_meteo_dag.py for tasks to queue
[2025-10-10T09:38:50.364+0000] {logging_mixin.py:188} INFO - [2025-10-10T09:38:50.364+0000] {dagbag.py:540} INFO - Filling up the DagBag from /opt/airflow/dags/Airflow/dags/extract_open_meteo_dag.py
[2025-10-10T09:38:50.396+0000] {processor.py:840} INFO - DAG(s) 'extract_open_meteo_v1' retrieved from /opt/airflow/dags/Airflow/dags/extract_open_meteo_dag.py
[2025-10-10T09:38:50.454+0000] {logging_mixin.py:188} INFO - [2025-10-10T09:38:50.453+0000] {dag.py:3047} INFO - Sync 1 DAGs
[2025-10-10T09:38:50.493+0000] {logging_mixin.py:188} INFO - [2025-10-10T09:38:50.492+0000] {dag.py:3834} INFO - Setting next_dagrun for extract_open_meteo_v1 to 2025-10-10 00:00:00+00:00, run_after=2025-10-11 00:00:00+00:00
[2025-10-10T09:38:50.545+0000] {processor.py:183} INFO - Processing /opt/airflow/dags/Airflow/dags/extract_open_meteo_dag.py took 0.186 seconds
[2025-10-10T09:39:20.750+0000] {processor.py:161} INFO - Started process (PID=1313) to work on /opt/airflow/dags/Airflow/dags/extract_open_meteo_dag.py
[2025-10-10T09:39:20.752+0000] {processor.py:830} INFO - Processing file /opt/airflow/dags/Airflow/dags/extract_open_meteo_dag.py for tasks to queue
[2025-10-10T09:39:20.753+0000] {logging_mixin.py:188} INFO - [2025-10-10T09:39:20.753+0000] {dagbag.py:540} INFO - Filling up the DagBag from /opt/airflow/dags/Airflow/dags/extract_open_meteo_dag.py
[2025-10-10T09:39:20.787+0000] {processor.py:840} INFO - DAG(s) 'extract_open_meteo_v1' retrieved from /opt/airflow/dags/Airflow/dags/extract_open_meteo_dag.py
[2025-10-10T09:39:20.842+0000] {logging_mixin.py:188} INFO - [2025-10-10T09:39:20.842+0000] {dag.py:3047} INFO - Sync 1 DAGs
[2025-10-10T09:39:20.881+0000] {logging_mixin.py:188} INFO - [2025-10-10T09:39:20.881+0000] {dag.py:3834} INFO - Setting next_dagrun for extract_open_meteo_v1 to 2025-10-10 00:00:00+00:00, run_after=2025-10-11 00:00:00+00:00
[2025-10-10T09:39:20.936+0000] {processor.py:183} INFO - Processing /opt/airflow/dags/Airflow/dags/extract_open_meteo_dag.py took 0.188 seconds
[2025-10-10T09:39:51.161+0000] {processor.py:161} INFO - Started process (PID=1318) to work on /opt/airflow/dags/Airflow/dags/extract_open_meteo_dag.py
[2025-10-10T09:39:51.163+0000] {processor.py:830} INFO - Processing file /opt/airflow/dags/Airflow/dags/extract_open_meteo_dag.py for tasks to queue
[2025-10-10T09:39:51.165+0000] {logging_mixin.py:188} INFO - [2025-10-10T09:39:51.164+0000] {dagbag.py:540} INFO - Filling up the DagBag from /opt/airflow/dags/Airflow/dags/extract_open_meteo_dag.py
[2025-10-10T09:39:51.201+0000] {processor.py:840} INFO - DAG(s) 'extract_open_meteo_v1' retrieved from /opt/airflow/dags/Airflow/dags/extract_open_meteo_dag.py
[2025-10-10T09:39:51.260+0000] {logging_mixin.py:188} INFO - [2025-10-10T09:39:51.260+0000] {dag.py:3047} INFO - Sync 1 DAGs
[2025-10-10T09:39:51.299+0000] {logging_mixin.py:188} INFO - [2025-10-10T09:39:51.299+0000] {dag.py:3834} INFO - Setting next_dagrun for extract_open_meteo_v1 to 2025-10-10 00:00:00+00:00, run_after=2025-10-11 00:00:00+00:00
[2025-10-10T09:39:51.356+0000] {processor.py:183} INFO - Processing /opt/airflow/dags/Airflow/dags/extract_open_meteo_dag.py took 0.198 seconds
[2025-10-10T09:40:21.439+0000] {processor.py:161} INFO - Started process (PID=1323) to work on /opt/airflow/dags/Airflow/dags/extract_open_meteo_dag.py
[2025-10-10T09:40:21.440+0000] {processor.py:830} INFO - Processing file /opt/airflow/dags/Airflow/dags/extract_open_meteo_dag.py for tasks to queue
[2025-10-10T09:40:21.442+0000] {logging_mixin.py:188} INFO - [2025-10-10T09:40:21.441+0000] {dagbag.py:540} INFO - Filling up the DagBag from /opt/airflow/dags/Airflow/dags/extract_open_meteo_dag.py
[2025-10-10T09:40:21.476+0000] {processor.py:840} INFO - DAG(s) 'extract_open_meteo_v1' retrieved from /opt/airflow/dags/Airflow/dags/extract_open_meteo_dag.py
[2025-10-10T09:40:21.536+0000] {logging_mixin.py:188} INFO - [2025-10-10T09:40:21.536+0000] {dag.py:3047} INFO - Sync 1 DAGs
[2025-10-10T09:40:21.576+0000] {logging_mixin.py:188} INFO - [2025-10-10T09:40:21.576+0000] {dag.py:3834} INFO - Setting next_dagrun for extract_open_meteo_v1 to 2025-10-10 00:00:00+00:00, run_after=2025-10-11 00:00:00+00:00
[2025-10-10T09:40:21.634+0000] {processor.py:183} INFO - Processing /opt/airflow/dags/Airflow/dags/extract_open_meteo_dag.py took 0.197 seconds
[2025-10-10T09:40:52.139+0000] {processor.py:161} INFO - Started process (PID=1328) to work on /opt/airflow/dags/Airflow/dags/extract_open_meteo_dag.py
[2025-10-10T09:40:52.149+0000] {processor.py:830} INFO - Processing file /opt/airflow/dags/Airflow/dags/extract_open_meteo_dag.py for tasks to queue
[2025-10-10T09:40:52.157+0000] {logging_mixin.py:188} INFO - [2025-10-10T09:40:52.156+0000] {dagbag.py:540} INFO - Filling up the DagBag from /opt/airflow/dags/Airflow/dags/extract_open_meteo_dag.py
[2025-10-10T09:40:52.318+0000] {processor.py:840} INFO - DAG(s) 'extract_open_meteo_v1' retrieved from /opt/airflow/dags/Airflow/dags/extract_open_meteo_dag.py
[2025-10-10T09:40:52.404+0000] {logging_mixin.py:188} INFO - [2025-10-10T09:40:52.403+0000] {dag.py:3047} INFO - Sync 1 DAGs
[2025-10-10T09:40:52.449+0000] {logging_mixin.py:188} INFO - [2025-10-10T09:40:52.448+0000] {dag.py:3834} INFO - Setting next_dagrun for extract_open_meteo_v1 to 2025-10-10 00:00:00+00:00, run_after=2025-10-11 00:00:00+00:00
[2025-10-10T09:40:52.511+0000] {processor.py:183} INFO - Processing /opt/airflow/dags/Airflow/dags/extract_open_meteo_dag.py took 0.378 seconds
[2025-10-10T09:41:22.836+0000] {processor.py:161} INFO - Started process (PID=1333) to work on /opt/airflow/dags/Airflow/dags/extract_open_meteo_dag.py
[2025-10-10T09:41:22.838+0000] {processor.py:830} INFO - Processing file /opt/airflow/dags/Airflow/dags/extract_open_meteo_dag.py for tasks to queue
[2025-10-10T09:41:22.841+0000] {logging_mixin.py:188} INFO - [2025-10-10T09:41:22.840+0000] {dagbag.py:540} INFO - Filling up the DagBag from /opt/airflow/dags/Airflow/dags/extract_open_meteo_dag.py
[2025-10-10T09:41:22.879+0000] {processor.py:840} INFO - DAG(s) 'extract_open_meteo_v1' retrieved from /opt/airflow/dags/Airflow/dags/extract_open_meteo_dag.py
[2025-10-10T09:41:22.947+0000] {logging_mixin.py:188} INFO - [2025-10-10T09:41:22.947+0000] {dag.py:3047} INFO - Sync 1 DAGs
[2025-10-10T09:41:22.990+0000] {logging_mixin.py:188} INFO - [2025-10-10T09:41:22.989+0000] {dag.py:3834} INFO - Setting next_dagrun for extract_open_meteo_v1 to 2025-10-10 00:00:00+00:00, run_after=2025-10-11 00:00:00+00:00
[2025-10-10T09:41:23.053+0000] {processor.py:183} INFO - Processing /opt/airflow/dags/Airflow/dags/extract_open_meteo_dag.py took 0.221 seconds
[2025-10-10T09:41:53.169+0000] {processor.py:161} INFO - Started process (PID=1338) to work on /opt/airflow/dags/Airflow/dags/extract_open_meteo_dag.py
[2025-10-10T09:41:53.171+0000] {processor.py:830} INFO - Processing file /opt/airflow/dags/Airflow/dags/extract_open_meteo_dag.py for tasks to queue
[2025-10-10T09:41:53.172+0000] {logging_mixin.py:188} INFO - [2025-10-10T09:41:53.172+0000] {dagbag.py:540} INFO - Filling up the DagBag from /opt/airflow/dags/Airflow/dags/extract_open_meteo_dag.py
[2025-10-10T09:41:53.207+0000] {processor.py:840} INFO - DAG(s) 'extract_open_meteo_v1' retrieved from /opt/airflow/dags/Airflow/dags/extract_open_meteo_dag.py
[2025-10-10T09:41:53.263+0000] {logging_mixin.py:188} INFO - [2025-10-10T09:41:53.263+0000] {dag.py:3047} INFO - Sync 1 DAGs
[2025-10-10T09:41:53.305+0000] {logging_mixin.py:188} INFO - [2025-10-10T09:41:53.304+0000] {dag.py:3834} INFO - Setting next_dagrun for extract_open_meteo_v1 to 2025-10-10 00:00:00+00:00, run_after=2025-10-11 00:00:00+00:00
[2025-10-10T09:41:53.355+0000] {processor.py:183} INFO - Processing /opt/airflow/dags/Airflow/dags/extract_open_meteo_dag.py took 0.189 seconds
[2025-10-10T09:42:23.634+0000] {processor.py:161} INFO - Started process (PID=1343) to work on /opt/airflow/dags/Airflow/dags/extract_open_meteo_dag.py
[2025-10-10T09:42:23.635+0000] {processor.py:830} INFO - Processing file /opt/airflow/dags/Airflow/dags/extract_open_meteo_dag.py for tasks to queue
[2025-10-10T09:42:23.637+0000] {logging_mixin.py:188} INFO - [2025-10-10T09:42:23.637+0000] {dagbag.py:540} INFO - Filling up the DagBag from /opt/airflow/dags/Airflow/dags/extract_open_meteo_dag.py
[2025-10-10T09:42:23.669+0000] {processor.py:840} INFO - DAG(s) 'extract_open_meteo_v1' retrieved from /opt/airflow/dags/Airflow/dags/extract_open_meteo_dag.py
[2025-10-10T09:42:23.732+0000] {logging_mixin.py:188} INFO - [2025-10-10T09:42:23.731+0000] {dag.py:3047} INFO - Sync 1 DAGs
[2025-10-10T09:42:23.779+0000] {logging_mixin.py:188} INFO - [2025-10-10T09:42:23.779+0000] {dag.py:3834} INFO - Setting next_dagrun for extract_open_meteo_v1 to 2025-10-10 00:00:00+00:00, run_after=2025-10-11 00:00:00+00:00
[2025-10-10T09:42:23.837+0000] {processor.py:183} INFO - Processing /opt/airflow/dags/Airflow/dags/extract_open_meteo_dag.py took 0.206 seconds
[2025-10-10T09:42:53.938+0000] {processor.py:161} INFO - Started process (PID=1348) to work on /opt/airflow/dags/Airflow/dags/extract_open_meteo_dag.py
[2025-10-10T09:42:53.940+0000] {processor.py:830} INFO - Processing file /opt/airflow/dags/Airflow/dags/extract_open_meteo_dag.py for tasks to queue
[2025-10-10T09:42:53.942+0000] {logging_mixin.py:188} INFO - [2025-10-10T09:42:53.941+0000] {dagbag.py:540} INFO - Filling up the DagBag from /opt/airflow/dags/Airflow/dags/extract_open_meteo_dag.py
[2025-10-10T09:42:53.974+0000] {processor.py:840} INFO - DAG(s) 'extract_open_meteo_v1' retrieved from /opt/airflow/dags/Airflow/dags/extract_open_meteo_dag.py
[2025-10-10T09:42:54.027+0000] {logging_mixin.py:188} INFO - [2025-10-10T09:42:54.027+0000] {dag.py:3047} INFO - Sync 1 DAGs
[2025-10-10T09:42:54.066+0000] {logging_mixin.py:188} INFO - [2025-10-10T09:42:54.066+0000] {dag.py:3834} INFO - Setting next_dagrun for extract_open_meteo_v1 to 2025-10-10 00:00:00+00:00, run_after=2025-10-11 00:00:00+00:00
[2025-10-10T09:42:54.121+0000] {processor.py:183} INFO - Processing /opt/airflow/dags/Airflow/dags/extract_open_meteo_dag.py took 0.186 seconds
[2025-10-10T09:43:24.492+0000] {processor.py:161} INFO - Started process (PID=1353) to work on /opt/airflow/dags/Airflow/dags/extract_open_meteo_dag.py
[2025-10-10T09:43:24.493+0000] {processor.py:830} INFO - Processing file /opt/airflow/dags/Airflow/dags/extract_open_meteo_dag.py for tasks to queue
[2025-10-10T09:43:24.495+0000] {logging_mixin.py:188} INFO - [2025-10-10T09:43:24.494+0000] {dagbag.py:540} INFO - Filling up the DagBag from /opt/airflow/dags/Airflow/dags/extract_open_meteo_dag.py
[2025-10-10T09:43:24.532+0000] {processor.py:840} INFO - DAG(s) 'extract_open_meteo_v1' retrieved from /opt/airflow/dags/Airflow/dags/extract_open_meteo_dag.py
[2025-10-10T09:43:24.590+0000] {logging_mixin.py:188} INFO - [2025-10-10T09:43:24.590+0000] {dag.py:3047} INFO - Sync 1 DAGs
[2025-10-10T09:43:24.643+0000] {logging_mixin.py:188} INFO - [2025-10-10T09:43:24.642+0000] {dag.py:3834} INFO - Setting next_dagrun for extract_open_meteo_v1 to 2025-10-10 00:00:00+00:00, run_after=2025-10-11 00:00:00+00:00
[2025-10-10T09:43:24.701+0000] {processor.py:183} INFO - Processing /opt/airflow/dags/Airflow/dags/extract_open_meteo_dag.py took 0.213 seconds
[2025-10-10T09:43:54.869+0000] {processor.py:161} INFO - Started process (PID=1358) to work on /opt/airflow/dags/Airflow/dags/extract_open_meteo_dag.py
[2025-10-10T09:43:54.871+0000] {processor.py:830} INFO - Processing file /opt/airflow/dags/Airflow/dags/extract_open_meteo_dag.py for tasks to queue
[2025-10-10T09:43:54.873+0000] {logging_mixin.py:188} INFO - [2025-10-10T09:43:54.872+0000] {dagbag.py:540} INFO - Filling up the DagBag from /opt/airflow/dags/Airflow/dags/extract_open_meteo_dag.py
[2025-10-10T09:43:54.912+0000] {processor.py:840} INFO - DAG(s) 'extract_open_meteo_v1' retrieved from /opt/airflow/dags/Airflow/dags/extract_open_meteo_dag.py
[2025-10-10T09:43:54.981+0000] {logging_mixin.py:188} INFO - [2025-10-10T09:43:54.981+0000] {dag.py:3047} INFO - Sync 1 DAGs
[2025-10-10T09:43:55.025+0000] {logging_mixin.py:188} INFO - [2025-10-10T09:43:55.025+0000] {dag.py:3834} INFO - Setting next_dagrun for extract_open_meteo_v1 to 2025-10-10 00:00:00+00:00, run_after=2025-10-11 00:00:00+00:00
[2025-10-10T09:43:55.090+0000] {processor.py:183} INFO - Processing /opt/airflow/dags/Airflow/dags/extract_open_meteo_dag.py took 0.224 seconds
[2025-10-10T09:44:25.212+0000] {processor.py:161} INFO - Started process (PID=1363) to work on /opt/airflow/dags/Airflow/dags/extract_open_meteo_dag.py
[2025-10-10T09:44:25.214+0000] {processor.py:830} INFO - Processing file /opt/airflow/dags/Airflow/dags/extract_open_meteo_dag.py for tasks to queue
[2025-10-10T09:44:25.216+0000] {logging_mixin.py:188} INFO - [2025-10-10T09:44:25.215+0000] {dagbag.py:540} INFO - Filling up the DagBag from /opt/airflow/dags/Airflow/dags/extract_open_meteo_dag.py
[2025-10-10T09:44:25.259+0000] {processor.py:840} INFO - DAG(s) 'extract_open_meteo_v1' retrieved from /opt/airflow/dags/Airflow/dags/extract_open_meteo_dag.py
[2025-10-10T09:44:25.327+0000] {logging_mixin.py:188} INFO - [2025-10-10T09:44:25.327+0000] {dag.py:3047} INFO - Sync 1 DAGs
[2025-10-10T09:44:25.374+0000] {logging_mixin.py:188} INFO - [2025-10-10T09:44:25.373+0000] {dag.py:3834} INFO - Setting next_dagrun for extract_open_meteo_v1 to 2025-10-10 00:00:00+00:00, run_after=2025-10-11 00:00:00+00:00
[2025-10-10T09:44:25.437+0000] {processor.py:183} INFO - Processing /opt/airflow/dags/Airflow/dags/extract_open_meteo_dag.py took 0.228 seconds
[2025-10-10T09:44:55.762+0000] {processor.py:161} INFO - Started process (PID=1368) to work on /opt/airflow/dags/Airflow/dags/extract_open_meteo_dag.py
[2025-10-10T09:44:55.764+0000] {processor.py:830} INFO - Processing file /opt/airflow/dags/Airflow/dags/extract_open_meteo_dag.py for tasks to queue
[2025-10-10T09:44:55.765+0000] {logging_mixin.py:188} INFO - [2025-10-10T09:44:55.765+0000] {dagbag.py:540} INFO - Filling up the DagBag from /opt/airflow/dags/Airflow/dags/extract_open_meteo_dag.py
[2025-10-10T09:44:55.799+0000] {processor.py:840} INFO - DAG(s) 'extract_open_meteo_v1' retrieved from /opt/airflow/dags/Airflow/dags/extract_open_meteo_dag.py
[2025-10-10T09:44:55.854+0000] {logging_mixin.py:188} INFO - [2025-10-10T09:44:55.854+0000] {dag.py:3047} INFO - Sync 1 DAGs
[2025-10-10T09:44:55.897+0000] {logging_mixin.py:188} INFO - [2025-10-10T09:44:55.897+0000] {dag.py:3834} INFO - Setting next_dagrun for extract_open_meteo_v1 to 2025-10-10 00:00:00+00:00, run_after=2025-10-11 00:00:00+00:00
[2025-10-10T09:44:55.960+0000] {processor.py:183} INFO - Processing /opt/airflow/dags/Airflow/dags/extract_open_meteo_dag.py took 0.200 seconds
[2025-10-10T09:45:26.090+0000] {processor.py:161} INFO - Started process (PID=1373) to work on /opt/airflow/dags/Airflow/dags/extract_open_meteo_dag.py
[2025-10-10T09:45:26.092+0000] {processor.py:830} INFO - Processing file /opt/airflow/dags/Airflow/dags/extract_open_meteo_dag.py for tasks to queue
[2025-10-10T09:45:26.093+0000] {logging_mixin.py:188} INFO - [2025-10-10T09:45:26.093+0000] {dagbag.py:540} INFO - Filling up the DagBag from /opt/airflow/dags/Airflow/dags/extract_open_meteo_dag.py
[2025-10-10T09:45:26.137+0000] {processor.py:840} INFO - DAG(s) 'extract_open_meteo_v1' retrieved from /opt/airflow/dags/Airflow/dags/extract_open_meteo_dag.py
[2025-10-10T09:45:26.199+0000] {logging_mixin.py:188} INFO - [2025-10-10T09:45:26.199+0000] {dag.py:3047} INFO - Sync 1 DAGs
[2025-10-10T09:45:26.246+0000] {logging_mixin.py:188} INFO - [2025-10-10T09:45:26.245+0000] {dag.py:3834} INFO - Setting next_dagrun for extract_open_meteo_v1 to 2025-10-10 00:00:00+00:00, run_after=2025-10-11 00:00:00+00:00
[2025-10-10T09:45:26.301+0000] {processor.py:183} INFO - Processing /opt/airflow/dags/Airflow/dags/extract_open_meteo_dag.py took 0.213 seconds
[2025-10-10T09:45:56.620+0000] {processor.py:161} INFO - Started process (PID=1378) to work on /opt/airflow/dags/Airflow/dags/extract_open_meteo_dag.py
[2025-10-10T09:45:56.623+0000] {processor.py:830} INFO - Processing file /opt/airflow/dags/Airflow/dags/extract_open_meteo_dag.py for tasks to queue
[2025-10-10T09:45:56.624+0000] {logging_mixin.py:188} INFO - [2025-10-10T09:45:56.624+0000] {dagbag.py:540} INFO - Filling up the DagBag from /opt/airflow/dags/Airflow/dags/extract_open_meteo_dag.py
[2025-10-10T09:45:56.661+0000] {processor.py:840} INFO - DAG(s) 'extract_open_meteo_v1' retrieved from /opt/airflow/dags/Airflow/dags/extract_open_meteo_dag.py
[2025-10-10T09:45:56.717+0000] {logging_mixin.py:188} INFO - [2025-10-10T09:45:56.717+0000] {dag.py:3047} INFO - Sync 1 DAGs
[2025-10-10T09:45:56.763+0000] {logging_mixin.py:188} INFO - [2025-10-10T09:45:56.762+0000] {dag.py:3834} INFO - Setting next_dagrun for extract_open_meteo_v1 to 2025-10-10 00:00:00+00:00, run_after=2025-10-11 00:00:00+00:00
[2025-10-10T09:45:56.821+0000] {processor.py:183} INFO - Processing /opt/airflow/dags/Airflow/dags/extract_open_meteo_dag.py took 0.203 seconds
[2025-10-10T09:46:26.917+0000] {processor.py:161} INFO - Started process (PID=1383) to work on /opt/airflow/dags/Airflow/dags/extract_open_meteo_dag.py
[2025-10-10T09:46:26.918+0000] {processor.py:830} INFO - Processing file /opt/airflow/dags/Airflow/dags/extract_open_meteo_dag.py for tasks to queue
[2025-10-10T09:46:26.919+0000] {logging_mixin.py:188} INFO - [2025-10-10T09:46:26.919+0000] {dagbag.py:540} INFO - Filling up the DagBag from /opt/airflow/dags/Airflow/dags/extract_open_meteo_dag.py
[2025-10-10T09:46:26.954+0000] {processor.py:840} INFO - DAG(s) 'extract_open_meteo_v1' retrieved from /opt/airflow/dags/Airflow/dags/extract_open_meteo_dag.py
[2025-10-10T09:46:27.014+0000] {logging_mixin.py:188} INFO - [2025-10-10T09:46:27.014+0000] {dag.py:3047} INFO - Sync 1 DAGs
[2025-10-10T09:46:27.056+0000] {logging_mixin.py:188} INFO - [2025-10-10T09:46:27.055+0000] {dag.py:3834} INFO - Setting next_dagrun for extract_open_meteo_v1 to 2025-10-10 00:00:00+00:00, run_after=2025-10-11 00:00:00+00:00
[2025-10-10T09:46:27.116+0000] {processor.py:183} INFO - Processing /opt/airflow/dags/Airflow/dags/extract_open_meteo_dag.py took 0.203 seconds
[2025-10-10T09:46:57.452+0000] {processor.py:161} INFO - Started process (PID=1388) to work on /opt/airflow/dags/Airflow/dags/extract_open_meteo_dag.py
[2025-10-10T09:46:57.454+0000] {processor.py:830} INFO - Processing file /opt/airflow/dags/Airflow/dags/extract_open_meteo_dag.py for tasks to queue
[2025-10-10T09:46:57.455+0000] {logging_mixin.py:188} INFO - [2025-10-10T09:46:57.455+0000] {dagbag.py:540} INFO - Filling up the DagBag from /opt/airflow/dags/Airflow/dags/extract_open_meteo_dag.py
[2025-10-10T09:46:57.487+0000] {processor.py:840} INFO - DAG(s) 'extract_open_meteo_v1' retrieved from /opt/airflow/dags/Airflow/dags/extract_open_meteo_dag.py
[2025-10-10T09:46:57.542+0000] {logging_mixin.py:188} INFO - [2025-10-10T09:46:57.541+0000] {dag.py:3047} INFO - Sync 1 DAGs
[2025-10-10T09:46:57.581+0000] {logging_mixin.py:188} INFO - [2025-10-10T09:46:57.581+0000] {dag.py:3834} INFO - Setting next_dagrun for extract_open_meteo_v1 to 2025-10-10 00:00:00+00:00, run_after=2025-10-11 00:00:00+00:00
[2025-10-10T09:46:57.637+0000] {processor.py:183} INFO - Processing /opt/airflow/dags/Airflow/dags/extract_open_meteo_dag.py took 0.187 seconds
[2025-10-10T09:47:27.765+0000] {processor.py:161} INFO - Started process (PID=1393) to work on /opt/airflow/dags/Airflow/dags/extract_open_meteo_dag.py
[2025-10-10T09:47:27.767+0000] {processor.py:830} INFO - Processing file /opt/airflow/dags/Airflow/dags/extract_open_meteo_dag.py for tasks to queue
[2025-10-10T09:47:27.769+0000] {logging_mixin.py:188} INFO - [2025-10-10T09:47:27.768+0000] {dagbag.py:540} INFO - Filling up the DagBag from /opt/airflow/dags/Airflow/dags/extract_open_meteo_dag.py
[2025-10-10T09:47:27.804+0000] {processor.py:840} INFO - DAG(s) 'extract_open_meteo_v1' retrieved from /opt/airflow/dags/Airflow/dags/extract_open_meteo_dag.py
[2025-10-10T09:47:27.865+0000] {logging_mixin.py:188} INFO - [2025-10-10T09:47:27.864+0000] {dag.py:3047} INFO - Sync 1 DAGs
[2025-10-10T09:47:27.904+0000] {logging_mixin.py:188} INFO - [2025-10-10T09:47:27.904+0000] {dag.py:3834} INFO - Setting next_dagrun for extract_open_meteo_v1 to 2025-10-10 00:00:00+00:00, run_after=2025-10-11 00:00:00+00:00
[2025-10-10T09:47:27.956+0000] {processor.py:183} INFO - Processing /opt/airflow/dags/Airflow/dags/extract_open_meteo_dag.py took 0.194 seconds
[2025-10-10T09:47:58.227+0000] {processor.py:161} INFO - Started process (PID=1398) to work on /opt/airflow/dags/Airflow/dags/extract_open_meteo_dag.py
[2025-10-10T09:47:58.229+0000] {processor.py:830} INFO - Processing file /opt/airflow/dags/Airflow/dags/extract_open_meteo_dag.py for tasks to queue
[2025-10-10T09:47:58.230+0000] {logging_mixin.py:188} INFO - [2025-10-10T09:47:58.230+0000] {dagbag.py:540} INFO - Filling up the DagBag from /opt/airflow/dags/Airflow/dags/extract_open_meteo_dag.py
[2025-10-10T09:47:58.262+0000] {processor.py:840} INFO - DAG(s) 'extract_open_meteo_v1' retrieved from /opt/airflow/dags/Airflow/dags/extract_open_meteo_dag.py
[2025-10-10T09:47:58.319+0000] {logging_mixin.py:188} INFO - [2025-10-10T09:47:58.319+0000] {dag.py:3047} INFO - Sync 1 DAGs
[2025-10-10T09:47:58.357+0000] {logging_mixin.py:188} INFO - [2025-10-10T09:47:58.357+0000] {dag.py:3834} INFO - Setting next_dagrun for extract_open_meteo_v1 to 2025-10-10 00:00:00+00:00, run_after=2025-10-11 00:00:00+00:00
[2025-10-10T09:47:58.409+0000] {processor.py:183} INFO - Processing /opt/airflow/dags/Airflow/dags/extract_open_meteo_dag.py took 0.184 seconds
[2025-10-10T09:48:28.615+0000] {processor.py:161} INFO - Started process (PID=1403) to work on /opt/airflow/dags/Airflow/dags/extract_open_meteo_dag.py
[2025-10-10T09:48:28.616+0000] {processor.py:830} INFO - Processing file /opt/airflow/dags/Airflow/dags/extract_open_meteo_dag.py for tasks to queue
[2025-10-10T09:48:28.618+0000] {logging_mixin.py:188} INFO - [2025-10-10T09:48:28.617+0000] {dagbag.py:540} INFO - Filling up the DagBag from /opt/airflow/dags/Airflow/dags/extract_open_meteo_dag.py
[2025-10-10T09:48:28.650+0000] {processor.py:840} INFO - DAG(s) 'extract_open_meteo_v1' retrieved from /opt/airflow/dags/Airflow/dags/extract_open_meteo_dag.py
[2025-10-10T09:48:28.708+0000] {logging_mixin.py:188} INFO - [2025-10-10T09:48:28.708+0000] {dag.py:3047} INFO - Sync 1 DAGs
[2025-10-10T09:48:28.747+0000] {logging_mixin.py:188} INFO - [2025-10-10T09:48:28.747+0000] {dag.py:3834} INFO - Setting next_dagrun for extract_open_meteo_v1 to 2025-10-10 00:00:00+00:00, run_after=2025-10-11 00:00:00+00:00
[2025-10-10T09:48:28.800+0000] {processor.py:183} INFO - Processing /opt/airflow/dags/Airflow/dags/extract_open_meteo_dag.py took 0.188 seconds
[2025-10-10T09:48:59.085+0000] {processor.py:161} INFO - Started process (PID=1408) to work on /opt/airflow/dags/Airflow/dags/extract_open_meteo_dag.py
[2025-10-10T09:48:59.086+0000] {processor.py:830} INFO - Processing file /opt/airflow/dags/Airflow/dags/extract_open_meteo_dag.py for tasks to queue
[2025-10-10T09:48:59.087+0000] {logging_mixin.py:188} INFO - [2025-10-10T09:48:59.087+0000] {dagbag.py:540} INFO - Filling up the DagBag from /opt/airflow/dags/Airflow/dags/extract_open_meteo_dag.py
[2025-10-10T09:48:59.118+0000] {processor.py:840} INFO - DAG(s) 'extract_open_meteo_v1' retrieved from /opt/airflow/dags/Airflow/dags/extract_open_meteo_dag.py
[2025-10-10T09:48:59.173+0000] {logging_mixin.py:188} INFO - [2025-10-10T09:48:59.173+0000] {dag.py:3047} INFO - Sync 1 DAGs
[2025-10-10T09:48:59.212+0000] {logging_mixin.py:188} INFO - [2025-10-10T09:48:59.212+0000] {dag.py:3834} INFO - Setting next_dagrun for extract_open_meteo_v1 to 2025-10-10 00:00:00+00:00, run_after=2025-10-11 00:00:00+00:00
[2025-10-10T09:48:59.281+0000] {processor.py:183} INFO - Processing /opt/airflow/dags/Airflow/dags/extract_open_meteo_dag.py took 0.200 seconds
[2025-10-10T09:49:29.444+0000] {processor.py:161} INFO - Started process (PID=1413) to work on /opt/airflow/dags/Airflow/dags/extract_open_meteo_dag.py
[2025-10-10T09:49:29.445+0000] {processor.py:830} INFO - Processing file /opt/airflow/dags/Airflow/dags/extract_open_meteo_dag.py for tasks to queue
[2025-10-10T09:49:29.446+0000] {logging_mixin.py:188} INFO - [2025-10-10T09:49:29.446+0000] {dagbag.py:540} INFO - Filling up the DagBag from /opt/airflow/dags/Airflow/dags/extract_open_meteo_dag.py
[2025-10-10T09:49:29.472+0000] {processor.py:840} INFO - DAG(s) 'extract_open_meteo_v1' retrieved from /opt/airflow/dags/Airflow/dags/extract_open_meteo_dag.py
[2025-10-10T09:49:29.524+0000] {logging_mixin.py:188} INFO - [2025-10-10T09:49:29.524+0000] {dag.py:3047} INFO - Sync 1 DAGs
[2025-10-10T09:49:29.566+0000] {logging_mixin.py:188} INFO - [2025-10-10T09:49:29.566+0000] {dag.py:3834} INFO - Setting next_dagrun for extract_open_meteo_v1 to 2025-10-10 00:00:00+00:00, run_after=2025-10-11 00:00:00+00:00
[2025-10-10T09:49:29.619+0000] {processor.py:183} INFO - Processing /opt/airflow/dags/Airflow/dags/extract_open_meteo_dag.py took 0.179 seconds
[2025-10-10T09:49:59.898+0000] {processor.py:161} INFO - Started process (PID=1418) to work on /opt/airflow/dags/Airflow/dags/extract_open_meteo_dag.py
[2025-10-10T09:49:59.900+0000] {processor.py:830} INFO - Processing file /opt/airflow/dags/Airflow/dags/extract_open_meteo_dag.py for tasks to queue
[2025-10-10T09:49:59.901+0000] {logging_mixin.py:188} INFO - [2025-10-10T09:49:59.901+0000] {dagbag.py:540} INFO - Filling up the DagBag from /opt/airflow/dags/Airflow/dags/extract_open_meteo_dag.py
[2025-10-10T09:49:59.938+0000] {processor.py:840} INFO - DAG(s) 'extract_open_meteo_v1' retrieved from /opt/airflow/dags/Airflow/dags/extract_open_meteo_dag.py
[2025-10-10T09:49:59.998+0000] {logging_mixin.py:188} INFO - [2025-10-10T09:49:59.997+0000] {dag.py:3047} INFO - Sync 1 DAGs
[2025-10-10T09:50:00.043+0000] {logging_mixin.py:188} INFO - [2025-10-10T09:50:00.043+0000] {dag.py:3834} INFO - Setting next_dagrun for extract_open_meteo_v1 to 2025-10-10 00:00:00+00:00, run_after=2025-10-11 00:00:00+00:00
[2025-10-10T09:50:00.096+0000] {processor.py:183} INFO - Processing /opt/airflow/dags/Airflow/dags/extract_open_meteo_dag.py took 0.200 seconds
[2025-10-10T09:50:30.197+0000] {processor.py:161} INFO - Started process (PID=1423) to work on /opt/airflow/dags/Airflow/dags/extract_open_meteo_dag.py
[2025-10-10T09:50:30.198+0000] {processor.py:830} INFO - Processing file /opt/airflow/dags/Airflow/dags/extract_open_meteo_dag.py for tasks to queue
[2025-10-10T09:50:30.199+0000] {logging_mixin.py:188} INFO - [2025-10-10T09:50:30.199+0000] {dagbag.py:540} INFO - Filling up the DagBag from /opt/airflow/dags/Airflow/dags/extract_open_meteo_dag.py
[2025-10-10T09:50:30.234+0000] {processor.py:840} INFO - DAG(s) 'extract_open_meteo_v1' retrieved from /opt/airflow/dags/Airflow/dags/extract_open_meteo_dag.py
[2025-10-10T09:50:30.297+0000] {logging_mixin.py:188} INFO - [2025-10-10T09:50:30.296+0000] {dag.py:3047} INFO - Sync 1 DAGs
[2025-10-10T09:50:30.337+0000] {logging_mixin.py:188} INFO - [2025-10-10T09:50:30.337+0000] {dag.py:3834} INFO - Setting next_dagrun for extract_open_meteo_v1 to 2025-10-10 00:00:00+00:00, run_after=2025-10-11 00:00:00+00:00
[2025-10-10T09:50:30.399+0000] {processor.py:183} INFO - Processing /opt/airflow/dags/Airflow/dags/extract_open_meteo_dag.py took 0.206 seconds
[2025-10-10T09:51:00.788+0000] {processor.py:161} INFO - Started process (PID=1428) to work on /opt/airflow/dags/Airflow/dags/extract_open_meteo_dag.py
[2025-10-10T09:51:00.789+0000] {processor.py:830} INFO - Processing file /opt/airflow/dags/Airflow/dags/extract_open_meteo_dag.py for tasks to queue
[2025-10-10T09:51:00.791+0000] {logging_mixin.py:188} INFO - [2025-10-10T09:51:00.790+0000] {dagbag.py:540} INFO - Filling up the DagBag from /opt/airflow/dags/Airflow/dags/extract_open_meteo_dag.py
[2025-10-10T09:51:00.825+0000] {processor.py:840} INFO - DAG(s) 'extract_open_meteo_v1' retrieved from /opt/airflow/dags/Airflow/dags/extract_open_meteo_dag.py
[2025-10-10T09:51:00.880+0000] {logging_mixin.py:188} INFO - [2025-10-10T09:51:00.879+0000] {dag.py:3047} INFO - Sync 1 DAGs
[2025-10-10T09:51:00.922+0000] {logging_mixin.py:188} INFO - [2025-10-10T09:51:00.922+0000] {dag.py:3834} INFO - Setting next_dagrun for extract_open_meteo_v1 to 2025-10-10 00:00:00+00:00, run_after=2025-10-11 00:00:00+00:00
[2025-10-10T09:51:00.979+0000] {processor.py:183} INFO - Processing /opt/airflow/dags/Airflow/dags/extract_open_meteo_dag.py took 0.194 seconds
[2025-10-10T09:51:31.085+0000] {processor.py:161} INFO - Started process (PID=1433) to work on /opt/airflow/dags/Airflow/dags/extract_open_meteo_dag.py
[2025-10-10T09:51:31.087+0000] {processor.py:830} INFO - Processing file /opt/airflow/dags/Airflow/dags/extract_open_meteo_dag.py for tasks to queue
[2025-10-10T09:51:31.088+0000] {logging_mixin.py:188} INFO - [2025-10-10T09:51:31.088+0000] {dagbag.py:540} INFO - Filling up the DagBag from /opt/airflow/dags/Airflow/dags/extract_open_meteo_dag.py
[2025-10-10T09:51:31.121+0000] {processor.py:840} INFO - DAG(s) 'extract_open_meteo_v1' retrieved from /opt/airflow/dags/Airflow/dags/extract_open_meteo_dag.py
[2025-10-10T09:51:31.180+0000] {logging_mixin.py:188} INFO - [2025-10-10T09:51:31.179+0000] {dag.py:3047} INFO - Sync 1 DAGs
[2025-10-10T09:51:31.223+0000] {logging_mixin.py:188} INFO - [2025-10-10T09:51:31.223+0000] {dag.py:3834} INFO - Setting next_dagrun for extract_open_meteo_v1 to 2025-10-10 00:00:00+00:00, run_after=2025-10-11 00:00:00+00:00
[2025-10-10T09:51:31.278+0000] {processor.py:183} INFO - Processing /opt/airflow/dags/Airflow/dags/extract_open_meteo_dag.py took 0.195 seconds
[2025-10-10T09:52:01.624+0000] {processor.py:161} INFO - Started process (PID=1438) to work on /opt/airflow/dags/Airflow/dags/extract_open_meteo_dag.py
[2025-10-10T09:52:01.625+0000] {processor.py:830} INFO - Processing file /opt/airflow/dags/Airflow/dags/extract_open_meteo_dag.py for tasks to queue
[2025-10-10T09:52:01.627+0000] {logging_mixin.py:188} INFO - [2025-10-10T09:52:01.627+0000] {dagbag.py:540} INFO - Filling up the DagBag from /opt/airflow/dags/Airflow/dags/extract_open_meteo_dag.py
[2025-10-10T09:52:01.659+0000] {processor.py:840} INFO - DAG(s) 'extract_open_meteo_v1' retrieved from /opt/airflow/dags/Airflow/dags/extract_open_meteo_dag.py
[2025-10-10T09:52:01.712+0000] {logging_mixin.py:188} INFO - [2025-10-10T09:52:01.712+0000] {dag.py:3047} INFO - Sync 1 DAGs
[2025-10-10T09:52:01.751+0000] {logging_mixin.py:188} INFO - [2025-10-10T09:52:01.751+0000] {dag.py:3834} INFO - Setting next_dagrun for extract_open_meteo_v1 to 2025-10-10 00:00:00+00:00, run_after=2025-10-11 00:00:00+00:00
[2025-10-10T09:52:01.805+0000] {processor.py:183} INFO - Processing /opt/airflow/dags/Airflow/dags/extract_open_meteo_dag.py took 0.184 seconds
[2025-10-10T09:52:31.938+0000] {processor.py:161} INFO - Started process (PID=1443) to work on /opt/airflow/dags/Airflow/dags/extract_open_meteo_dag.py
[2025-10-10T09:52:31.939+0000] {processor.py:830} INFO - Processing file /opt/airflow/dags/Airflow/dags/extract_open_meteo_dag.py for tasks to queue
[2025-10-10T09:52:31.941+0000] {logging_mixin.py:188} INFO - [2025-10-10T09:52:31.940+0000] {dagbag.py:540} INFO - Filling up the DagBag from /opt/airflow/dags/Airflow/dags/extract_open_meteo_dag.py
[2025-10-10T09:52:31.968+0000] {processor.py:840} INFO - DAG(s) 'extract_open_meteo_v1' retrieved from /opt/airflow/dags/Airflow/dags/extract_open_meteo_dag.py
[2025-10-10T09:52:32.019+0000] {logging_mixin.py:188} INFO - [2025-10-10T09:52:32.019+0000] {dag.py:3047} INFO - Sync 1 DAGs
[2025-10-10T09:52:32.059+0000] {logging_mixin.py:188} INFO - [2025-10-10T09:52:32.059+0000] {dag.py:3834} INFO - Setting next_dagrun for extract_open_meteo_v1 to 2025-10-10 00:00:00+00:00, run_after=2025-10-11 00:00:00+00:00
[2025-10-10T09:52:32.111+0000] {processor.py:183} INFO - Processing /opt/airflow/dags/Airflow/dags/extract_open_meteo_dag.py took 0.176 seconds
[2025-10-10T09:53:02.479+0000] {processor.py:161} INFO - Started process (PID=1448) to work on /opt/airflow/dags/Airflow/dags/extract_open_meteo_dag.py
[2025-10-10T09:53:02.483+0000] {processor.py:830} INFO - Processing file /opt/airflow/dags/Airflow/dags/extract_open_meteo_dag.py for tasks to queue
[2025-10-10T09:53:02.486+0000] {logging_mixin.py:188} INFO - [2025-10-10T09:53:02.485+0000] {dagbag.py:540} INFO - Filling up the DagBag from /opt/airflow/dags/Airflow/dags/extract_open_meteo_dag.py
[2025-10-10T09:53:02.605+0000] {processor.py:840} INFO - DAG(s) 'extract_open_meteo_v1' retrieved from /opt/airflow/dags/Airflow/dags/extract_open_meteo_dag.py
[2025-10-10T09:53:02.823+0000] {logging_mixin.py:188} INFO - [2025-10-10T09:53:02.822+0000] {dag.py:3047} INFO - Sync 1 DAGs
[2025-10-10T09:53:02.874+0000] {logging_mixin.py:188} INFO - [2025-10-10T09:53:02.873+0000] {dag.py:3834} INFO - Setting next_dagrun for extract_open_meteo_v1 to 2025-10-10 00:00:00+00:00, run_after=2025-10-11 00:00:00+00:00
[2025-10-10T09:53:02.933+0000] {processor.py:183} INFO - Processing /opt/airflow/dags/Airflow/dags/extract_open_meteo_dag.py took 0.461 seconds
[2025-10-10T09:53:33.319+0000] {processor.py:161} INFO - Started process (PID=1453) to work on /opt/airflow/dags/Airflow/dags/extract_open_meteo_dag.py
[2025-10-10T09:53:33.321+0000] {processor.py:830} INFO - Processing file /opt/airflow/dags/Airflow/dags/extract_open_meteo_dag.py for tasks to queue
[2025-10-10T09:53:33.323+0000] {logging_mixin.py:188} INFO - [2025-10-10T09:53:33.323+0000] {dagbag.py:540} INFO - Filling up the DagBag from /opt/airflow/dags/Airflow/dags/extract_open_meteo_dag.py
[2025-10-10T09:53:33.361+0000] {processor.py:840} INFO - DAG(s) 'extract_open_meteo_v1' retrieved from /opt/airflow/dags/Airflow/dags/extract_open_meteo_dag.py
[2025-10-10T09:53:33.422+0000] {logging_mixin.py:188} INFO - [2025-10-10T09:53:33.422+0000] {dag.py:3047} INFO - Sync 1 DAGs
[2025-10-10T09:53:33.464+0000] {logging_mixin.py:188} INFO - [2025-10-10T09:53:33.464+0000] {dag.py:3834} INFO - Setting next_dagrun for extract_open_meteo_v1 to 2025-10-10 00:00:00+00:00, run_after=2025-10-11 00:00:00+00:00
[2025-10-10T09:53:33.518+0000] {processor.py:183} INFO - Processing /opt/airflow/dags/Airflow/dags/extract_open_meteo_dag.py took 0.201 seconds
[2025-10-10T09:54:03.633+0000] {processor.py:161} INFO - Started process (PID=1458) to work on /opt/airflow/dags/Airflow/dags/extract_open_meteo_dag.py
[2025-10-10T09:54:03.635+0000] {processor.py:830} INFO - Processing file /opt/airflow/dags/Airflow/dags/extract_open_meteo_dag.py for tasks to queue
[2025-10-10T09:54:03.636+0000] {logging_mixin.py:188} INFO - [2025-10-10T09:54:03.635+0000] {dagbag.py:540} INFO - Filling up the DagBag from /opt/airflow/dags/Airflow/dags/extract_open_meteo_dag.py
[2025-10-10T09:54:03.668+0000] {processor.py:840} INFO - DAG(s) 'extract_open_meteo_v1' retrieved from /opt/airflow/dags/Airflow/dags/extract_open_meteo_dag.py
[2025-10-10T09:54:03.725+0000] {logging_mixin.py:188} INFO - [2025-10-10T09:54:03.724+0000] {dag.py:3047} INFO - Sync 1 DAGs
[2025-10-10T09:54:03.763+0000] {logging_mixin.py:188} INFO - [2025-10-10T09:54:03.763+0000] {dag.py:3834} INFO - Setting next_dagrun for extract_open_meteo_v1 to 2025-10-10 00:00:00+00:00, run_after=2025-10-11 00:00:00+00:00
[2025-10-10T09:54:03.818+0000] {processor.py:183} INFO - Processing /opt/airflow/dags/Airflow/dags/extract_open_meteo_dag.py took 0.187 seconds
[2025-10-10T09:54:34.120+0000] {processor.py:161} INFO - Started process (PID=1463) to work on /opt/airflow/dags/Airflow/dags/extract_open_meteo_dag.py
[2025-10-10T09:54:34.122+0000] {processor.py:830} INFO - Processing file /opt/airflow/dags/Airflow/dags/extract_open_meteo_dag.py for tasks to queue
[2025-10-10T09:54:34.124+0000] {logging_mixin.py:188} INFO - [2025-10-10T09:54:34.123+0000] {dagbag.py:540} INFO - Filling up the DagBag from /opt/airflow/dags/Airflow/dags/extract_open_meteo_dag.py
[2025-10-10T09:54:34.168+0000] {processor.py:840} INFO - DAG(s) 'extract_open_meteo_v1' retrieved from /opt/airflow/dags/Airflow/dags/extract_open_meteo_dag.py
[2025-10-10T09:54:34.224+0000] {logging_mixin.py:188} INFO - [2025-10-10T09:54:34.223+0000] {dag.py:3047} INFO - Sync 1 DAGs
[2025-10-10T09:54:34.263+0000] {logging_mixin.py:188} INFO - [2025-10-10T09:54:34.262+0000] {dag.py:3834} INFO - Setting next_dagrun for extract_open_meteo_v1 to 2025-10-10 00:00:00+00:00, run_after=2025-10-11 00:00:00+00:00
[2025-10-10T09:54:34.315+0000] {processor.py:183} INFO - Processing /opt/airflow/dags/Airflow/dags/extract_open_meteo_dag.py took 0.197 seconds
[2025-10-10T09:55:04.438+0000] {processor.py:161} INFO - Started process (PID=1468) to work on /opt/airflow/dags/Airflow/dags/extract_open_meteo_dag.py
[2025-10-10T09:55:04.439+0000] {processor.py:830} INFO - Processing file /opt/airflow/dags/Airflow/dags/extract_open_meteo_dag.py for tasks to queue
[2025-10-10T09:55:04.440+0000] {logging_mixin.py:188} INFO - [2025-10-10T09:55:04.440+0000] {dagbag.py:540} INFO - Filling up the DagBag from /opt/airflow/dags/Airflow/dags/extract_open_meteo_dag.py
[2025-10-10T09:55:04.475+0000] {processor.py:840} INFO - DAG(s) 'extract_open_meteo_v1' retrieved from /opt/airflow/dags/Airflow/dags/extract_open_meteo_dag.py
[2025-10-10T09:55:04.532+0000] {logging_mixin.py:188} INFO - [2025-10-10T09:55:04.532+0000] {dag.py:3047} INFO - Sync 1 DAGs
[2025-10-10T09:55:04.570+0000] {logging_mixin.py:188} INFO - [2025-10-10T09:55:04.569+0000] {dag.py:3834} INFO - Setting next_dagrun for extract_open_meteo_v1 to 2025-10-10 00:00:00+00:00, run_after=2025-10-11 00:00:00+00:00
[2025-10-10T09:55:04.627+0000] {processor.py:183} INFO - Processing /opt/airflow/dags/Airflow/dags/extract_open_meteo_dag.py took 0.192 seconds
[2025-10-10T09:55:34.973+0000] {processor.py:161} INFO - Started process (PID=1473) to work on /opt/airflow/dags/Airflow/dags/extract_open_meteo_dag.py
[2025-10-10T09:55:34.974+0000] {processor.py:830} INFO - Processing file /opt/airflow/dags/Airflow/dags/extract_open_meteo_dag.py for tasks to queue
[2025-10-10T09:55:34.975+0000] {logging_mixin.py:188} INFO - [2025-10-10T09:55:34.975+0000] {dagbag.py:540} INFO - Filling up the DagBag from /opt/airflow/dags/Airflow/dags/extract_open_meteo_dag.py
[2025-10-10T09:55:35.008+0000] {processor.py:840} INFO - DAG(s) 'extract_open_meteo_v1' retrieved from /opt/airflow/dags/Airflow/dags/extract_open_meteo_dag.py
[2025-10-10T09:55:35.064+0000] {logging_mixin.py:188} INFO - [2025-10-10T09:55:35.063+0000] {dag.py:3047} INFO - Sync 1 DAGs
[2025-10-10T09:55:35.107+0000] {logging_mixin.py:188} INFO - [2025-10-10T09:55:35.106+0000] {dag.py:3834} INFO - Setting next_dagrun for extract_open_meteo_v1 to 2025-10-10 00:00:00+00:00, run_after=2025-10-11 00:00:00+00:00
[2025-10-10T09:55:35.157+0000] {processor.py:183} INFO - Processing /opt/airflow/dags/Airflow/dags/extract_open_meteo_dag.py took 0.187 seconds
[2025-10-10T09:56:05.263+0000] {processor.py:161} INFO - Started process (PID=1478) to work on /opt/airflow/dags/Airflow/dags/extract_open_meteo_dag.py
[2025-10-10T09:56:05.264+0000] {processor.py:830} INFO - Processing file /opt/airflow/dags/Airflow/dags/extract_open_meteo_dag.py for tasks to queue
[2025-10-10T09:56:05.266+0000] {logging_mixin.py:188} INFO - [2025-10-10T09:56:05.265+0000] {dagbag.py:540} INFO - Filling up the DagBag from /opt/airflow/dags/Airflow/dags/extract_open_meteo_dag.py
[2025-10-10T09:56:05.297+0000] {processor.py:840} INFO - DAG(s) 'extract_open_meteo_v1' retrieved from /opt/airflow/dags/Airflow/dags/extract_open_meteo_dag.py
[2025-10-10T09:56:05.350+0000] {logging_mixin.py:188} INFO - [2025-10-10T09:56:05.350+0000] {dag.py:3047} INFO - Sync 1 DAGs
[2025-10-10T09:56:05.392+0000] {logging_mixin.py:188} INFO - [2025-10-10T09:56:05.391+0000] {dag.py:3834} INFO - Setting next_dagrun for extract_open_meteo_v1 to 2025-10-10 00:00:00+00:00, run_after=2025-10-11 00:00:00+00:00
[2025-10-10T09:56:05.455+0000] {processor.py:183} INFO - Processing /opt/airflow/dags/Airflow/dags/extract_open_meteo_dag.py took 0.195 seconds
[2025-10-10T09:56:35.775+0000] {processor.py:161} INFO - Started process (PID=1483) to work on /opt/airflow/dags/Airflow/dags/extract_open_meteo_dag.py
[2025-10-10T09:56:35.777+0000] {processor.py:830} INFO - Processing file /opt/airflow/dags/Airflow/dags/extract_open_meteo_dag.py for tasks to queue
[2025-10-10T09:56:35.778+0000] {logging_mixin.py:188} INFO - [2025-10-10T09:56:35.777+0000] {dagbag.py:540} INFO - Filling up the DagBag from /opt/airflow/dags/Airflow/dags/extract_open_meteo_dag.py
[2025-10-10T09:56:35.808+0000] {processor.py:840} INFO - DAG(s) 'extract_open_meteo_v1' retrieved from /opt/airflow/dags/Airflow/dags/extract_open_meteo_dag.py
[2025-10-10T09:56:35.874+0000] {logging_mixin.py:188} INFO - [2025-10-10T09:56:35.873+0000] {dag.py:3047} INFO - Sync 1 DAGs
[2025-10-10T09:56:35.914+0000] {logging_mixin.py:188} INFO - [2025-10-10T09:56:35.914+0000] {dag.py:3834} INFO - Setting next_dagrun for extract_open_meteo_v1 to 2025-10-10 00:00:00+00:00, run_after=2025-10-11 00:00:00+00:00
[2025-10-10T09:56:35.965+0000] {processor.py:183} INFO - Processing /opt/airflow/dags/Airflow/dags/extract_open_meteo_dag.py took 0.193 seconds
[2025-10-10T09:57:06.103+0000] {processor.py:161} INFO - Started process (PID=1488) to work on /opt/airflow/dags/Airflow/dags/extract_open_meteo_dag.py
[2025-10-10T09:57:06.105+0000] {processor.py:830} INFO - Processing file /opt/airflow/dags/Airflow/dags/extract_open_meteo_dag.py for tasks to queue
[2025-10-10T09:57:06.106+0000] {logging_mixin.py:188} INFO - [2025-10-10T09:57:06.106+0000] {dagbag.py:540} INFO - Filling up the DagBag from /opt/airflow/dags/Airflow/dags/extract_open_meteo_dag.py
[2025-10-10T09:57:06.144+0000] {processor.py:840} INFO - DAG(s) 'extract_open_meteo_v1' retrieved from /opt/airflow/dags/Airflow/dags/extract_open_meteo_dag.py
[2025-10-10T09:57:06.206+0000] {logging_mixin.py:188} INFO - [2025-10-10T09:57:06.205+0000] {dag.py:3047} INFO - Sync 1 DAGs
[2025-10-10T09:57:06.245+0000] {logging_mixin.py:188} INFO - [2025-10-10T09:57:06.245+0000] {dag.py:3834} INFO - Setting next_dagrun for extract_open_meteo_v1 to 2025-10-10 00:00:00+00:00, run_after=2025-10-11 00:00:00+00:00
[2025-10-10T09:57:06.299+0000] {processor.py:183} INFO - Processing /opt/airflow/dags/Airflow/dags/extract_open_meteo_dag.py took 0.198 seconds
[2025-10-10T09:57:36.552+0000] {processor.py:161} INFO - Started process (PID=1493) to work on /opt/airflow/dags/Airflow/dags/extract_open_meteo_dag.py
[2025-10-10T09:57:36.554+0000] {processor.py:830} INFO - Processing file /opt/airflow/dags/Airflow/dags/extract_open_meteo_dag.py for tasks to queue
[2025-10-10T09:57:36.555+0000] {logging_mixin.py:188} INFO - [2025-10-10T09:57:36.555+0000] {dagbag.py:540} INFO - Filling up the DagBag from /opt/airflow/dags/Airflow/dags/extract_open_meteo_dag.py
[2025-10-10T09:57:36.585+0000] {processor.py:840} INFO - DAG(s) 'extract_open_meteo_v1' retrieved from /opt/airflow/dags/Airflow/dags/extract_open_meteo_dag.py
[2025-10-10T09:57:36.641+0000] {logging_mixin.py:188} INFO - [2025-10-10T09:57:36.640+0000] {dag.py:3047} INFO - Sync 1 DAGs
[2025-10-10T09:57:36.679+0000] {logging_mixin.py:188} INFO - [2025-10-10T09:57:36.679+0000] {dag.py:3834} INFO - Setting next_dagrun for extract_open_meteo_v1 to 2025-10-10 00:00:00+00:00, run_after=2025-10-11 00:00:00+00:00
[2025-10-10T09:57:36.735+0000] {processor.py:183} INFO - Processing /opt/airflow/dags/Airflow/dags/extract_open_meteo_dag.py took 0.185 seconds
[2025-10-10T09:58:06.895+0000] {processor.py:161} INFO - Started process (PID=1498) to work on /opt/airflow/dags/Airflow/dags/extract_open_meteo_dag.py
[2025-10-10T09:58:06.896+0000] {processor.py:830} INFO - Processing file /opt/airflow/dags/Airflow/dags/extract_open_meteo_dag.py for tasks to queue
[2025-10-10T09:58:06.897+0000] {logging_mixin.py:188} INFO - [2025-10-10T09:58:06.897+0000] {dagbag.py:540} INFO - Filling up the DagBag from /opt/airflow/dags/Airflow/dags/extract_open_meteo_dag.py
[2025-10-10T09:58:06.927+0000] {processor.py:840} INFO - DAG(s) 'extract_open_meteo_v1' retrieved from /opt/airflow/dags/Airflow/dags/extract_open_meteo_dag.py
[2025-10-10T09:58:06.982+0000] {logging_mixin.py:188} INFO - [2025-10-10T09:58:06.981+0000] {dag.py:3047} INFO - Sync 1 DAGs
[2025-10-10T09:58:07.022+0000] {logging_mixin.py:188} INFO - [2025-10-10T09:58:07.022+0000] {dag.py:3834} INFO - Setting next_dagrun for extract_open_meteo_v1 to 2025-10-10 00:00:00+00:00, run_after=2025-10-11 00:00:00+00:00
[2025-10-10T09:58:07.078+0000] {processor.py:183} INFO - Processing /opt/airflow/dags/Airflow/dags/extract_open_meteo_dag.py took 0.186 seconds
[2025-10-10T09:58:37.416+0000] {processor.py:161} INFO - Started process (PID=1503) to work on /opt/airflow/dags/Airflow/dags/extract_open_meteo_dag.py
[2025-10-10T09:58:37.417+0000] {processor.py:830} INFO - Processing file /opt/airflow/dags/Airflow/dags/extract_open_meteo_dag.py for tasks to queue
[2025-10-10T09:58:37.419+0000] {logging_mixin.py:188} INFO - [2025-10-10T09:58:37.418+0000] {dagbag.py:540} INFO - Filling up the DagBag from /opt/airflow/dags/Airflow/dags/extract_open_meteo_dag.py
[2025-10-10T09:58:37.448+0000] {processor.py:840} INFO - DAG(s) 'extract_open_meteo_v1' retrieved from /opt/airflow/dags/Airflow/dags/extract_open_meteo_dag.py
[2025-10-10T09:58:37.500+0000] {logging_mixin.py:188} INFO - [2025-10-10T09:58:37.500+0000] {dag.py:3047} INFO - Sync 1 DAGs
[2025-10-10T09:58:37.540+0000] {logging_mixin.py:188} INFO - [2025-10-10T09:58:37.539+0000] {dag.py:3834} INFO - Setting next_dagrun for extract_open_meteo_v1 to 2025-10-10 00:00:00+00:00, run_after=2025-10-11 00:00:00+00:00
[2025-10-10T09:58:37.591+0000] {processor.py:183} INFO - Processing /opt/airflow/dags/Airflow/dags/extract_open_meteo_dag.py took 0.179 seconds
[2025-10-10T09:59:07.705+0000] {processor.py:161} INFO - Started process (PID=1508) to work on /opt/airflow/dags/Airflow/dags/extract_open_meteo_dag.py
[2025-10-10T09:59:07.707+0000] {processor.py:830} INFO - Processing file /opt/airflow/dags/Airflow/dags/extract_open_meteo_dag.py for tasks to queue
[2025-10-10T09:59:07.708+0000] {logging_mixin.py:188} INFO - [2025-10-10T09:59:07.708+0000] {dagbag.py:540} INFO - Filling up the DagBag from /opt/airflow/dags/Airflow/dags/extract_open_meteo_dag.py
[2025-10-10T09:59:07.744+0000] {processor.py:840} INFO - DAG(s) 'extract_open_meteo_v1' retrieved from /opt/airflow/dags/Airflow/dags/extract_open_meteo_dag.py
[2025-10-10T09:59:07.800+0000] {logging_mixin.py:188} INFO - [2025-10-10T09:59:07.800+0000] {dag.py:3047} INFO - Sync 1 DAGs
[2025-10-10T09:59:07.839+0000] {logging_mixin.py:188} INFO - [2025-10-10T09:59:07.839+0000] {dag.py:3834} INFO - Setting next_dagrun for extract_open_meteo_v1 to 2025-10-10 00:00:00+00:00, run_after=2025-10-11 00:00:00+00:00
[2025-10-10T09:59:07.895+0000] {processor.py:183} INFO - Processing /opt/airflow/dags/Airflow/dags/extract_open_meteo_dag.py took 0.193 seconds
[2025-10-10T09:59:38.220+0000] {processor.py:161} INFO - Started process (PID=1513) to work on /opt/airflow/dags/Airflow/dags/extract_open_meteo_dag.py
[2025-10-10T09:59:38.221+0000] {processor.py:830} INFO - Processing file /opt/airflow/dags/Airflow/dags/extract_open_meteo_dag.py for tasks to queue
[2025-10-10T09:59:38.222+0000] {logging_mixin.py:188} INFO - [2025-10-10T09:59:38.222+0000] {dagbag.py:540} INFO - Filling up the DagBag from /opt/airflow/dags/Airflow/dags/extract_open_meteo_dag.py
[2025-10-10T09:59:38.257+0000] {processor.py:840} INFO - DAG(s) 'extract_open_meteo_v1' retrieved from /opt/airflow/dags/Airflow/dags/extract_open_meteo_dag.py
[2025-10-10T09:59:38.313+0000] {logging_mixin.py:188} INFO - [2025-10-10T09:59:38.312+0000] {dag.py:3047} INFO - Sync 1 DAGs
[2025-10-10T09:59:38.353+0000] {logging_mixin.py:188} INFO - [2025-10-10T09:59:38.353+0000] {dag.py:3834} INFO - Setting next_dagrun for extract_open_meteo_v1 to 2025-10-10 00:00:00+00:00, run_after=2025-10-11 00:00:00+00:00
[2025-10-10T09:59:38.408+0000] {processor.py:183} INFO - Processing /opt/airflow/dags/Airflow/dags/extract_open_meteo_dag.py took 0.191 seconds
[2025-10-10T10:00:08.507+0000] {processor.py:161} INFO - Started process (PID=1518) to work on /opt/airflow/dags/Airflow/dags/extract_open_meteo_dag.py
[2025-10-10T10:00:08.509+0000] {processor.py:830} INFO - Processing file /opt/airflow/dags/Airflow/dags/extract_open_meteo_dag.py for tasks to queue
[2025-10-10T10:00:08.510+0000] {logging_mixin.py:188} INFO - [2025-10-10T10:00:08.510+0000] {dagbag.py:540} INFO - Filling up the DagBag from /opt/airflow/dags/Airflow/dags/extract_open_meteo_dag.py
[2025-10-10T10:00:08.541+0000] {processor.py:840} INFO - DAG(s) 'extract_open_meteo_v1' retrieved from /opt/airflow/dags/Airflow/dags/extract_open_meteo_dag.py
[2025-10-10T10:00:08.604+0000] {logging_mixin.py:188} INFO - [2025-10-10T10:00:08.604+0000] {dag.py:3047} INFO - Sync 1 DAGs
[2025-10-10T10:00:08.651+0000] {logging_mixin.py:188} INFO - [2025-10-10T10:00:08.650+0000] {dag.py:3834} INFO - Setting next_dagrun for extract_open_meteo_v1 to 2025-10-10 00:00:00+00:00, run_after=2025-10-11 00:00:00+00:00
[2025-10-10T10:00:08.727+0000] {processor.py:183} INFO - Processing /opt/airflow/dags/Airflow/dags/extract_open_meteo_dag.py took 0.223 seconds
[2025-10-10T10:00:39.037+0000] {processor.py:161} INFO - Started process (PID=1523) to work on /opt/airflow/dags/Airflow/dags/extract_open_meteo_dag.py
[2025-10-10T10:00:39.039+0000] {processor.py:830} INFO - Processing file /opt/airflow/dags/Airflow/dags/extract_open_meteo_dag.py for tasks to queue
[2025-10-10T10:00:39.040+0000] {logging_mixin.py:188} INFO - [2025-10-10T10:00:39.040+0000] {dagbag.py:540} INFO - Filling up the DagBag from /opt/airflow/dags/Airflow/dags/extract_open_meteo_dag.py
[2025-10-10T10:00:39.073+0000] {processor.py:840} INFO - DAG(s) 'extract_open_meteo_v1' retrieved from /opt/airflow/dags/Airflow/dags/extract_open_meteo_dag.py
[2025-10-10T10:00:39.127+0000] {logging_mixin.py:188} INFO - [2025-10-10T10:00:39.126+0000] {dag.py:3047} INFO - Sync 1 DAGs
[2025-10-10T10:00:39.161+0000] {logging_mixin.py:188} INFO - [2025-10-10T10:00:39.161+0000] {dag.py:3834} INFO - Setting next_dagrun for extract_open_meteo_v1 to 2025-10-10 00:00:00+00:00, run_after=2025-10-11 00:00:00+00:00
[2025-10-10T10:00:39.213+0000] {processor.py:183} INFO - Processing /opt/airflow/dags/Airflow/dags/extract_open_meteo_dag.py took 0.178 seconds
[2025-10-10T11:27:12.576+0000] {processor.py:161} INFO - Started process (PID=1530) to work on /opt/airflow/dags/Airflow/dags/extract_open_meteo_dag.py
[2025-10-10T11:27:12.610+0000] {processor.py:830} INFO - Processing file /opt/airflow/dags/Airflow/dags/extract_open_meteo_dag.py for tasks to queue
[2025-10-10T11:27:12.626+0000] {logging_mixin.py:188} INFO - [2025-10-10T11:27:12.620+0000] {dagbag.py:540} INFO - Filling up the DagBag from /opt/airflow/dags/Airflow/dags/extract_open_meteo_dag.py
[2025-10-10T11:27:13.213+0000] {processor.py:840} INFO - DAG(s) 'extract_open_meteo_v1' retrieved from /opt/airflow/dags/Airflow/dags/extract_open_meteo_dag.py
[2025-10-10T11:27:14.433+0000] {logging_mixin.py:188} INFO - [2025-10-10T11:27:14.432+0000] {dag.py:3047} INFO - Sync 1 DAGs
[2025-10-10T11:27:14.873+0000] {logging_mixin.py:188} INFO - [2025-10-10T11:27:14.866+0000] {dag.py:3834} INFO - Setting next_dagrun for extract_open_meteo_v1 to 2025-10-10 00:00:00+00:00, run_after=2025-10-11 00:00:00+00:00
[2025-10-10T11:27:15.009+0000] {processor.py:183} INFO - Processing /opt/airflow/dags/Airflow/dags/extract_open_meteo_dag.py took 2.504 seconds
[2025-10-10T11:27:45.543+0000] {processor.py:161} INFO - Started process (PID=1535) to work on /opt/airflow/dags/Airflow/dags/extract_open_meteo_dag.py
[2025-10-10T11:27:45.586+0000] {processor.py:830} INFO - Processing file /opt/airflow/dags/Airflow/dags/extract_open_meteo_dag.py for tasks to queue
[2025-10-10T11:27:45.605+0000] {logging_mixin.py:188} INFO - [2025-10-10T11:27:45.602+0000] {dagbag.py:540} INFO - Filling up the DagBag from /opt/airflow/dags/Airflow/dags/extract_open_meteo_dag.py
[2025-10-10T11:27:45.666+0000] {processor.py:840} INFO - DAG(s) 'extract_open_meteo_v1' retrieved from /opt/airflow/dags/Airflow/dags/extract_open_meteo_dag.py
[2025-10-10T11:27:45.913+0000] {logging_mixin.py:188} INFO - [2025-10-10T11:27:45.912+0000] {dag.py:3047} INFO - Sync 1 DAGs
[2025-10-10T11:27:46.083+0000] {logging_mixin.py:188} INFO - [2025-10-10T11:27:46.083+0000] {dag.py:3834} INFO - Setting next_dagrun for extract_open_meteo_v1 to 2025-10-10 00:00:00+00:00, run_after=2025-10-11 00:00:00+00:00
[2025-10-10T11:27:46.165+0000] {processor.py:183} INFO - Processing /opt/airflow/dags/Airflow/dags/extract_open_meteo_dag.py took 0.657 seconds
[2025-10-10T11:28:16.403+0000] {processor.py:161} INFO - Started process (PID=1540) to work on /opt/airflow/dags/Airflow/dags/extract_open_meteo_dag.py
[2025-10-10T11:28:16.405+0000] {processor.py:830} INFO - Processing file /opt/airflow/dags/Airflow/dags/extract_open_meteo_dag.py for tasks to queue
[2025-10-10T11:28:16.407+0000] {logging_mixin.py:188} INFO - [2025-10-10T11:28:16.406+0000] {dagbag.py:540} INFO - Filling up the DagBag from /opt/airflow/dags/Airflow/dags/extract_open_meteo_dag.py
[2025-10-10T11:28:16.440+0000] {processor.py:840} INFO - DAG(s) 'extract_open_meteo_v1' retrieved from /opt/airflow/dags/Airflow/dags/extract_open_meteo_dag.py
[2025-10-10T11:28:16.530+0000] {logging_mixin.py:188} INFO - [2025-10-10T11:28:16.529+0000] {dag.py:3047} INFO - Sync 1 DAGs
[2025-10-10T11:28:16.579+0000] {logging_mixin.py:188} INFO - [2025-10-10T11:28:16.578+0000] {dag.py:3834} INFO - Setting next_dagrun for extract_open_meteo_v1 to 2025-10-10 00:00:00+00:00, run_after=2025-10-11 00:00:00+00:00
[2025-10-10T11:28:16.638+0000] {processor.py:183} INFO - Processing /opt/airflow/dags/Airflow/dags/extract_open_meteo_dag.py took 0.243 seconds
[2025-10-10T11:28:46.895+0000] {processor.py:161} INFO - Started process (PID=1545) to work on /opt/airflow/dags/Airflow/dags/extract_open_meteo_dag.py
[2025-10-10T11:28:46.898+0000] {processor.py:830} INFO - Processing file /opt/airflow/dags/Airflow/dags/extract_open_meteo_dag.py for tasks to queue
[2025-10-10T11:28:46.901+0000] {logging_mixin.py:188} INFO - [2025-10-10T11:28:46.900+0000] {dagbag.py:540} INFO - Filling up the DagBag from /opt/airflow/dags/Airflow/dags/extract_open_meteo_dag.py
[2025-10-10T11:28:46.967+0000] {processor.py:840} INFO - DAG(s) 'extract_open_meteo_v1' retrieved from /opt/airflow/dags/Airflow/dags/extract_open_meteo_dag.py
[2025-10-10T11:28:47.094+0000] {logging_mixin.py:188} INFO - [2025-10-10T11:28:47.093+0000] {dag.py:3047} INFO - Sync 1 DAGs
[2025-10-10T11:28:47.174+0000] {logging_mixin.py:188} INFO - [2025-10-10T11:28:47.173+0000] {dag.py:3834} INFO - Setting next_dagrun for extract_open_meteo_v1 to 2025-10-10 00:00:00+00:00, run_after=2025-10-11 00:00:00+00:00
[2025-10-10T11:28:47.257+0000] {processor.py:183} INFO - Processing /opt/airflow/dags/Airflow/dags/extract_open_meteo_dag.py took 0.373 seconds
[2025-10-10T11:29:17.521+0000] {processor.py:161} INFO - Started process (PID=1550) to work on /opt/airflow/dags/Airflow/dags/extract_open_meteo_dag.py
[2025-10-10T11:29:17.523+0000] {processor.py:830} INFO - Processing file /opt/airflow/dags/Airflow/dags/extract_open_meteo_dag.py for tasks to queue
[2025-10-10T11:29:17.527+0000] {logging_mixin.py:188} INFO - [2025-10-10T11:29:17.526+0000] {dagbag.py:540} INFO - Filling up the DagBag from /opt/airflow/dags/Airflow/dags/extract_open_meteo_dag.py
[2025-10-10T11:29:17.596+0000] {processor.py:840} INFO - DAG(s) 'extract_open_meteo_v1' retrieved from /opt/airflow/dags/Airflow/dags/extract_open_meteo_dag.py
[2025-10-10T11:29:17.707+0000] {logging_mixin.py:188} INFO - [2025-10-10T11:29:17.706+0000] {dag.py:3047} INFO - Sync 1 DAGs
[2025-10-10T11:29:17.806+0000] {logging_mixin.py:188} INFO - [2025-10-10T11:29:17.806+0000] {dag.py:3834} INFO - Setting next_dagrun for extract_open_meteo_v1 to 2025-10-10 00:00:00+00:00, run_after=2025-10-11 00:00:00+00:00
[2025-10-10T11:29:17.955+0000] {processor.py:183} INFO - Processing /opt/airflow/dags/Airflow/dags/extract_open_meteo_dag.py took 0.442 seconds
[2025-10-10T11:29:48.051+0000] {processor.py:161} INFO - Started process (PID=1555) to work on /opt/airflow/dags/Airflow/dags/extract_open_meteo_dag.py
[2025-10-10T11:29:48.054+0000] {processor.py:830} INFO - Processing file /opt/airflow/dags/Airflow/dags/extract_open_meteo_dag.py for tasks to queue
[2025-10-10T11:29:48.056+0000] {logging_mixin.py:188} INFO - [2025-10-10T11:29:48.055+0000] {dagbag.py:540} INFO - Filling up the DagBag from /opt/airflow/dags/Airflow/dags/extract_open_meteo_dag.py
[2025-10-10T11:29:48.107+0000] {processor.py:840} INFO - DAG(s) 'extract_open_meteo_v1' retrieved from /opt/airflow/dags/Airflow/dags/extract_open_meteo_dag.py
[2025-10-10T11:29:48.220+0000] {logging_mixin.py:188} INFO - [2025-10-10T11:29:48.219+0000] {dag.py:3047} INFO - Sync 1 DAGs
[2025-10-10T11:29:48.312+0000] {logging_mixin.py:188} INFO - [2025-10-10T11:29:48.312+0000] {dag.py:3834} INFO - Setting next_dagrun for extract_open_meteo_v1 to 2025-10-10 00:00:00+00:00, run_after=2025-10-11 00:00:00+00:00
[2025-10-10T11:29:48.458+0000] {processor.py:183} INFO - Processing /opt/airflow/dags/Airflow/dags/extract_open_meteo_dag.py took 0.413 seconds
[2025-10-10T11:30:19.258+0000] {processor.py:161} INFO - Started process (PID=1560) to work on /opt/airflow/dags/Airflow/dags/extract_open_meteo_dag.py
[2025-10-10T11:30:19.273+0000] {processor.py:830} INFO - Processing file /opt/airflow/dags/Airflow/dags/extract_open_meteo_dag.py for tasks to queue
[2025-10-10T11:30:19.279+0000] {logging_mixin.py:188} INFO - [2025-10-10T11:30:19.277+0000] {dagbag.py:540} INFO - Filling up the DagBag from /opt/airflow/dags/Airflow/dags/extract_open_meteo_dag.py
[2025-10-10T11:30:19.470+0000] {processor.py:840} INFO - DAG(s) 'extract_open_meteo_v1' retrieved from /opt/airflow/dags/Airflow/dags/extract_open_meteo_dag.py
[2025-10-10T11:30:19.599+0000] {logging_mixin.py:188} INFO - [2025-10-10T11:30:19.598+0000] {dag.py:3047} INFO - Sync 1 DAGs
[2025-10-10T11:30:19.692+0000] {logging_mixin.py:188} INFO - [2025-10-10T11:30:19.691+0000] {dag.py:3834} INFO - Setting next_dagrun for extract_open_meteo_v1 to 2025-10-10 00:00:00+00:00, run_after=2025-10-11 00:00:00+00:00
[2025-10-10T11:30:19.775+0000] {processor.py:183} INFO - Processing /opt/airflow/dags/Airflow/dags/extract_open_meteo_dag.py took 0.533 seconds
[2025-10-10T11:30:50.227+0000] {processor.py:161} INFO - Started process (PID=1565) to work on /opt/airflow/dags/Airflow/dags/extract_open_meteo_dag.py
[2025-10-10T11:30:50.230+0000] {processor.py:830} INFO - Processing file /opt/airflow/dags/Airflow/dags/extract_open_meteo_dag.py for tasks to queue
[2025-10-10T11:30:50.232+0000] {logging_mixin.py:188} INFO - [2025-10-10T11:30:50.231+0000] {dagbag.py:540} INFO - Filling up the DagBag from /opt/airflow/dags/Airflow/dags/extract_open_meteo_dag.py
[2025-10-10T11:30:50.280+0000] {processor.py:840} INFO - DAG(s) 'extract_open_meteo_v1' retrieved from /opt/airflow/dags/Airflow/dags/extract_open_meteo_dag.py
[2025-10-10T11:30:50.366+0000] {logging_mixin.py:188} INFO - [2025-10-10T11:30:50.366+0000] {dag.py:3047} INFO - Sync 1 DAGs
[2025-10-10T11:30:50.514+0000] {logging_mixin.py:188} INFO - [2025-10-10T11:30:50.514+0000] {dag.py:3834} INFO - Setting next_dagrun for extract_open_meteo_v1 to 2025-10-10 00:00:00+00:00, run_after=2025-10-11 00:00:00+00:00
[2025-10-10T11:30:50.655+0000] {processor.py:183} INFO - Processing /opt/airflow/dags/Airflow/dags/extract_open_meteo_dag.py took 0.433 seconds
[2025-10-10T11:31:20.862+0000] {processor.py:161} INFO - Started process (PID=1570) to work on /opt/airflow/dags/Airflow/dags/extract_open_meteo_dag.py
[2025-10-10T11:31:20.866+0000] {processor.py:830} INFO - Processing file /opt/airflow/dags/Airflow/dags/extract_open_meteo_dag.py for tasks to queue
[2025-10-10T11:31:20.869+0000] {logging_mixin.py:188} INFO - [2025-10-10T11:31:20.868+0000] {dagbag.py:540} INFO - Filling up the DagBag from /opt/airflow/dags/Airflow/dags/extract_open_meteo_dag.py
[2025-10-10T11:31:20.932+0000] {processor.py:840} INFO - DAG(s) 'extract_open_meteo_v1' retrieved from /opt/airflow/dags/Airflow/dags/extract_open_meteo_dag.py
[2025-10-10T11:31:21.051+0000] {logging_mixin.py:188} INFO - [2025-10-10T11:31:21.051+0000] {dag.py:3047} INFO - Sync 1 DAGs
[2025-10-10T11:31:21.134+0000] {logging_mixin.py:188} INFO - [2025-10-10T11:31:21.133+0000] {dag.py:3834} INFO - Setting next_dagrun for extract_open_meteo_v1 to 2025-10-10 00:00:00+00:00, run_after=2025-10-11 00:00:00+00:00
[2025-10-10T11:31:21.226+0000] {processor.py:183} INFO - Processing /opt/airflow/dags/Airflow/dags/extract_open_meteo_dag.py took 0.371 seconds
[2025-10-10T11:31:51.612+0000] {processor.py:161} INFO - Started process (PID=1575) to work on /opt/airflow/dags/Airflow/dags/extract_open_meteo_dag.py
[2025-10-10T11:31:51.613+0000] {processor.py:830} INFO - Processing file /opt/airflow/dags/Airflow/dags/extract_open_meteo_dag.py for tasks to queue
[2025-10-10T11:31:51.616+0000] {logging_mixin.py:188} INFO - [2025-10-10T11:31:51.615+0000] {dagbag.py:540} INFO - Filling up the DagBag from /opt/airflow/dags/Airflow/dags/extract_open_meteo_dag.py
[2025-10-10T11:31:51.660+0000] {processor.py:840} INFO - DAG(s) 'extract_open_meteo_v1' retrieved from /opt/airflow/dags/Airflow/dags/extract_open_meteo_dag.py
[2025-10-10T11:31:51.746+0000] {logging_mixin.py:188} INFO - [2025-10-10T11:31:51.745+0000] {dag.py:3047} INFO - Sync 1 DAGs
[2025-10-10T11:31:51.812+0000] {logging_mixin.py:188} INFO - [2025-10-10T11:31:51.812+0000] {dag.py:3834} INFO - Setting next_dagrun for extract_open_meteo_v1 to 2025-10-10 00:00:00+00:00, run_after=2025-10-11 00:00:00+00:00
[2025-10-10T11:31:51.879+0000] {processor.py:183} INFO - Processing /opt/airflow/dags/Airflow/dags/extract_open_meteo_dag.py took 0.271 seconds
[2025-10-10T11:32:22.193+0000] {processor.py:161} INFO - Started process (PID=1580) to work on /opt/airflow/dags/Airflow/dags/extract_open_meteo_dag.py
[2025-10-10T11:32:22.195+0000] {processor.py:830} INFO - Processing file /opt/airflow/dags/Airflow/dags/extract_open_meteo_dag.py for tasks to queue
[2025-10-10T11:32:22.198+0000] {logging_mixin.py:188} INFO - [2025-10-10T11:32:22.197+0000] {dagbag.py:540} INFO - Filling up the DagBag from /opt/airflow/dags/Airflow/dags/extract_open_meteo_dag.py
[2025-10-10T11:32:22.249+0000] {processor.py:840} INFO - DAG(s) 'extract_open_meteo_v1' retrieved from /opt/airflow/dags/Airflow/dags/extract_open_meteo_dag.py
[2025-10-10T11:32:22.334+0000] {logging_mixin.py:188} INFO - [2025-10-10T11:32:22.334+0000] {dag.py:3047} INFO - Sync 1 DAGs
[2025-10-10T11:32:22.399+0000] {logging_mixin.py:188} INFO - [2025-10-10T11:32:22.398+0000] {dag.py:3834} INFO - Setting next_dagrun for extract_open_meteo_v1 to 2025-10-10 00:00:00+00:00, run_after=2025-10-11 00:00:00+00:00
[2025-10-10T11:32:22.472+0000] {processor.py:183} INFO - Processing /opt/airflow/dags/Airflow/dags/extract_open_meteo_dag.py took 0.284 seconds
[2025-10-10T11:32:52.755+0000] {processor.py:161} INFO - Started process (PID=1585) to work on /opt/airflow/dags/Airflow/dags/extract_open_meteo_dag.py
[2025-10-10T11:32:52.758+0000] {processor.py:830} INFO - Processing file /opt/airflow/dags/Airflow/dags/extract_open_meteo_dag.py for tasks to queue
[2025-10-10T11:32:52.761+0000] {logging_mixin.py:188} INFO - [2025-10-10T11:32:52.760+0000] {dagbag.py:540} INFO - Filling up the DagBag from /opt/airflow/dags/Airflow/dags/extract_open_meteo_dag.py
[2025-10-10T11:32:52.818+0000] {processor.py:840} INFO - DAG(s) 'extract_open_meteo_v1' retrieved from /opt/airflow/dags/Airflow/dags/extract_open_meteo_dag.py
[2025-10-10T11:32:52.912+0000] {logging_mixin.py:188} INFO - [2025-10-10T11:32:52.912+0000] {dag.py:3047} INFO - Sync 1 DAGs
[2025-10-10T11:32:52.974+0000] {logging_mixin.py:188} INFO - [2025-10-10T11:32:52.973+0000] {dag.py:3834} INFO - Setting next_dagrun for extract_open_meteo_v1 to 2025-10-10 00:00:00+00:00, run_after=2025-10-11 00:00:00+00:00
[2025-10-10T11:32:53.053+0000] {processor.py:183} INFO - Processing /opt/airflow/dags/Airflow/dags/extract_open_meteo_dag.py took 0.305 seconds
[2025-10-10T11:33:23.338+0000] {processor.py:161} INFO - Started process (PID=1590) to work on /opt/airflow/dags/Airflow/dags/extract_open_meteo_dag.py
[2025-10-10T11:33:23.340+0000] {processor.py:830} INFO - Processing file /opt/airflow/dags/Airflow/dags/extract_open_meteo_dag.py for tasks to queue
[2025-10-10T11:33:23.342+0000] {logging_mixin.py:188} INFO - [2025-10-10T11:33:23.341+0000] {dagbag.py:540} INFO - Filling up the DagBag from /opt/airflow/dags/Airflow/dags/extract_open_meteo_dag.py
[2025-10-10T11:33:23.397+0000] {processor.py:840} INFO - DAG(s) 'extract_open_meteo_v1' retrieved from /opt/airflow/dags/Airflow/dags/extract_open_meteo_dag.py
[2025-10-10T11:33:23.481+0000] {logging_mixin.py:188} INFO - [2025-10-10T11:33:23.481+0000] {dag.py:3047} INFO - Sync 1 DAGs
[2025-10-10T11:33:23.547+0000] {logging_mixin.py:188} INFO - [2025-10-10T11:33:23.546+0000] {dag.py:3834} INFO - Setting next_dagrun for extract_open_meteo_v1 to 2025-10-10 00:00:00+00:00, run_after=2025-10-11 00:00:00+00:00
[2025-10-10T11:33:23.617+0000] {processor.py:183} INFO - Processing /opt/airflow/dags/Airflow/dags/extract_open_meteo_dag.py took 0.284 seconds
[2025-10-10T11:33:53.895+0000] {processor.py:161} INFO - Started process (PID=1595) to work on /opt/airflow/dags/Airflow/dags/extract_open_meteo_dag.py
[2025-10-10T11:33:53.898+0000] {processor.py:830} INFO - Processing file /opt/airflow/dags/Airflow/dags/extract_open_meteo_dag.py for tasks to queue
[2025-10-10T11:33:53.901+0000] {logging_mixin.py:188} INFO - [2025-10-10T11:33:53.900+0000] {dagbag.py:540} INFO - Filling up the DagBag from /opt/airflow/dags/Airflow/dags/extract_open_meteo_dag.py
[2025-10-10T11:33:53.955+0000] {processor.py:840} INFO - DAG(s) 'extract_open_meteo_v1' retrieved from /opt/airflow/dags/Airflow/dags/extract_open_meteo_dag.py
[2025-10-10T11:33:54.043+0000] {logging_mixin.py:188} INFO - [2025-10-10T11:33:54.042+0000] {dag.py:3047} INFO - Sync 1 DAGs
[2025-10-10T11:33:54.102+0000] {logging_mixin.py:188} INFO - [2025-10-10T11:33:54.101+0000] {dag.py:3834} INFO - Setting next_dagrun for extract_open_meteo_v1 to 2025-10-10 00:00:00+00:00, run_after=2025-10-11 00:00:00+00:00
[2025-10-10T11:33:54.188+0000] {processor.py:183} INFO - Processing /opt/airflow/dags/Airflow/dags/extract_open_meteo_dag.py took 0.299 seconds
[2025-10-10T11:34:24.466+0000] {processor.py:161} INFO - Started process (PID=1600) to work on /opt/airflow/dags/Airflow/dags/extract_open_meteo_dag.py
[2025-10-10T11:34:24.468+0000] {processor.py:830} INFO - Processing file /opt/airflow/dags/Airflow/dags/extract_open_meteo_dag.py for tasks to queue
[2025-10-10T11:34:24.471+0000] {logging_mixin.py:188} INFO - [2025-10-10T11:34:24.470+0000] {dagbag.py:540} INFO - Filling up the DagBag from /opt/airflow/dags/Airflow/dags/extract_open_meteo_dag.py
[2025-10-10T11:34:24.537+0000] {processor.py:840} INFO - DAG(s) 'extract_open_meteo_v1' retrieved from /opt/airflow/dags/Airflow/dags/extract_open_meteo_dag.py
[2025-10-10T11:34:24.640+0000] {logging_mixin.py:188} INFO - [2025-10-10T11:34:24.640+0000] {dag.py:3047} INFO - Sync 1 DAGs
[2025-10-10T11:34:24.713+0000] {logging_mixin.py:188} INFO - [2025-10-10T11:34:24.713+0000] {dag.py:3834} INFO - Setting next_dagrun for extract_open_meteo_v1 to 2025-10-10 00:00:00+00:00, run_after=2025-10-11 00:00:00+00:00
[2025-10-10T11:34:24.793+0000] {processor.py:183} INFO - Processing /opt/airflow/dags/Airflow/dags/extract_open_meteo_dag.py took 0.332 seconds
[2025-10-10T11:34:55.082+0000] {processor.py:161} INFO - Started process (PID=1605) to work on /opt/airflow/dags/Airflow/dags/extract_open_meteo_dag.py
[2025-10-10T11:34:55.084+0000] {processor.py:830} INFO - Processing file /opt/airflow/dags/Airflow/dags/extract_open_meteo_dag.py for tasks to queue
[2025-10-10T11:34:55.087+0000] {logging_mixin.py:188} INFO - [2025-10-10T11:34:55.086+0000] {dagbag.py:540} INFO - Filling up the DagBag from /opt/airflow/dags/Airflow/dags/extract_open_meteo_dag.py
[2025-10-10T11:34:55.147+0000] {processor.py:840} INFO - DAG(s) 'extract_open_meteo_v1' retrieved from /opt/airflow/dags/Airflow/dags/extract_open_meteo_dag.py
[2025-10-10T11:34:55.235+0000] {logging_mixin.py:188} INFO - [2025-10-10T11:34:55.234+0000] {dag.py:3047} INFO - Sync 1 DAGs
[2025-10-10T11:34:55.298+0000] {logging_mixin.py:188} INFO - [2025-10-10T11:34:55.298+0000] {dag.py:3834} INFO - Setting next_dagrun for extract_open_meteo_v1 to 2025-10-10 00:00:00+00:00, run_after=2025-10-11 00:00:00+00:00
[2025-10-10T11:34:55.378+0000] {processor.py:183} INFO - Processing /opt/airflow/dags/Airflow/dags/extract_open_meteo_dag.py took 0.301 seconds
[2025-10-10T11:35:25.606+0000] {processor.py:161} INFO - Started process (PID=1610) to work on /opt/airflow/dags/Airflow/dags/extract_open_meteo_dag.py
[2025-10-10T11:35:25.608+0000] {processor.py:830} INFO - Processing file /opt/airflow/dags/Airflow/dags/extract_open_meteo_dag.py for tasks to queue
[2025-10-10T11:35:25.611+0000] {logging_mixin.py:188} INFO - [2025-10-10T11:35:25.610+0000] {dagbag.py:540} INFO - Filling up the DagBag from /opt/airflow/dags/Airflow/dags/extract_open_meteo_dag.py
[2025-10-10T11:35:25.666+0000] {processor.py:840} INFO - DAG(s) 'extract_open_meteo_v1' retrieved from /opt/airflow/dags/Airflow/dags/extract_open_meteo_dag.py
[2025-10-10T11:35:25.765+0000] {logging_mixin.py:188} INFO - [2025-10-10T11:35:25.764+0000] {dag.py:3047} INFO - Sync 1 DAGs
[2025-10-10T11:35:25.833+0000] {logging_mixin.py:188} INFO - [2025-10-10T11:35:25.832+0000] {dag.py:3834} INFO - Setting next_dagrun for extract_open_meteo_v1 to 2025-10-10 00:00:00+00:00, run_after=2025-10-11 00:00:00+00:00
[2025-10-10T11:35:25.931+0000] {processor.py:183} INFO - Processing /opt/airflow/dags/Airflow/dags/extract_open_meteo_dag.py took 0.335 seconds
[2025-10-10T11:35:56.172+0000] {processor.py:161} INFO - Started process (PID=1615) to work on /opt/airflow/dags/Airflow/dags/extract_open_meteo_dag.py
[2025-10-10T11:35:56.174+0000] {processor.py:830} INFO - Processing file /opt/airflow/dags/Airflow/dags/extract_open_meteo_dag.py for tasks to queue
[2025-10-10T11:35:56.177+0000] {logging_mixin.py:188} INFO - [2025-10-10T11:35:56.176+0000] {dagbag.py:540} INFO - Filling up the DagBag from /opt/airflow/dags/Airflow/dags/extract_open_meteo_dag.py
[2025-10-10T11:35:56.225+0000] {processor.py:840} INFO - DAG(s) 'extract_open_meteo_v1' retrieved from /opt/airflow/dags/Airflow/dags/extract_open_meteo_dag.py
[2025-10-10T11:35:56.306+0000] {logging_mixin.py:188} INFO - [2025-10-10T11:35:56.306+0000] {dag.py:3047} INFO - Sync 1 DAGs
[2025-10-10T11:35:56.369+0000] {logging_mixin.py:188} INFO - [2025-10-10T11:35:56.369+0000] {dag.py:3834} INFO - Setting next_dagrun for extract_open_meteo_v1 to 2025-10-10 00:00:00+00:00, run_after=2025-10-11 00:00:00+00:00
[2025-10-10T11:35:56.453+0000] {processor.py:183} INFO - Processing /opt/airflow/dags/Airflow/dags/extract_open_meteo_dag.py took 0.288 seconds
[2025-10-10T11:36:26.869+0000] {processor.py:161} INFO - Started process (PID=1620) to work on /opt/airflow/dags/Airflow/dags/extract_open_meteo_dag.py
[2025-10-10T11:36:26.871+0000] {processor.py:830} INFO - Processing file /opt/airflow/dags/Airflow/dags/extract_open_meteo_dag.py for tasks to queue
[2025-10-10T11:36:26.874+0000] {logging_mixin.py:188} INFO - [2025-10-10T11:36:26.873+0000] {dagbag.py:540} INFO - Filling up the DagBag from /opt/airflow/dags/Airflow/dags/extract_open_meteo_dag.py
[2025-10-10T11:36:26.968+0000] {processor.py:840} INFO - DAG(s) 'extract_open_meteo_v1' retrieved from /opt/airflow/dags/Airflow/dags/extract_open_meteo_dag.py
[2025-10-10T11:36:27.048+0000] {logging_mixin.py:188} INFO - [2025-10-10T11:36:27.047+0000] {dag.py:3047} INFO - Sync 1 DAGs
[2025-10-10T11:36:27.110+0000] {logging_mixin.py:188} INFO - [2025-10-10T11:36:27.109+0000] {dag.py:3834} INFO - Setting next_dagrun for extract_open_meteo_v1 to 2025-10-10 00:00:00+00:00, run_after=2025-10-11 00:00:00+00:00
[2025-10-10T11:36:27.194+0000] {processor.py:183} INFO - Processing /opt/airflow/dags/Airflow/dags/extract_open_meteo_dag.py took 0.330 seconds
[2025-10-10T11:36:57.693+0000] {processor.py:161} INFO - Started process (PID=1625) to work on /opt/airflow/dags/Airflow/dags/extract_open_meteo_dag.py
[2025-10-10T11:36:57.696+0000] {processor.py:830} INFO - Processing file /opt/airflow/dags/Airflow/dags/extract_open_meteo_dag.py for tasks to queue
[2025-10-10T11:36:57.698+0000] {logging_mixin.py:188} INFO - [2025-10-10T11:36:57.697+0000] {dagbag.py:540} INFO - Filling up the DagBag from /opt/airflow/dags/Airflow/dags/extract_open_meteo_dag.py
[2025-10-10T11:36:57.761+0000] {processor.py:840} INFO - DAG(s) 'extract_open_meteo_v1' retrieved from /opt/airflow/dags/Airflow/dags/extract_open_meteo_dag.py
[2025-10-10T11:36:57.872+0000] {logging_mixin.py:188} INFO - [2025-10-10T11:36:57.871+0000] {dag.py:3047} INFO - Sync 1 DAGs
[2025-10-10T11:36:57.947+0000] {logging_mixin.py:188} INFO - [2025-10-10T11:36:57.946+0000] {dag.py:3834} INFO - Setting next_dagrun for extract_open_meteo_v1 to 2025-10-10 00:00:00+00:00, run_after=2025-10-11 00:00:00+00:00
[2025-10-10T11:36:58.046+0000] {processor.py:183} INFO - Processing /opt/airflow/dags/Airflow/dags/extract_open_meteo_dag.py took 0.359 seconds
[2025-10-10T11:37:28.720+0000] {processor.py:161} INFO - Started process (PID=1630) to work on /opt/airflow/dags/Airflow/dags/extract_open_meteo_dag.py
[2025-10-10T11:37:28.722+0000] {processor.py:830} INFO - Processing file /opt/airflow/dags/Airflow/dags/extract_open_meteo_dag.py for tasks to queue
[2025-10-10T11:37:28.724+0000] {logging_mixin.py:188} INFO - [2025-10-10T11:37:28.723+0000] {dagbag.py:540} INFO - Filling up the DagBag from /opt/airflow/dags/Airflow/dags/extract_open_meteo_dag.py
[2025-10-10T11:37:28.785+0000] {processor.py:840} INFO - DAG(s) 'extract_open_meteo_v1' retrieved from /opt/airflow/dags/Airflow/dags/extract_open_meteo_dag.py
[2025-10-10T11:37:28.868+0000] {logging_mixin.py:188} INFO - [2025-10-10T11:37:28.867+0000] {dag.py:3047} INFO - Sync 1 DAGs
[2025-10-10T11:37:28.989+0000] {logging_mixin.py:188} INFO - [2025-10-10T11:37:28.988+0000] {dag.py:3834} INFO - Setting next_dagrun for extract_open_meteo_v1 to 2025-10-10 00:00:00+00:00, run_after=2025-10-11 00:00:00+00:00
[2025-10-10T11:37:29.105+0000] {processor.py:183} INFO - Processing /opt/airflow/dags/Airflow/dags/extract_open_meteo_dag.py took 0.390 seconds
[2025-10-10T11:37:59.775+0000] {processor.py:161} INFO - Started process (PID=1635) to work on /opt/airflow/dags/Airflow/dags/extract_open_meteo_dag.py
[2025-10-10T11:37:59.778+0000] {processor.py:830} INFO - Processing file /opt/airflow/dags/Airflow/dags/extract_open_meteo_dag.py for tasks to queue
[2025-10-10T11:37:59.782+0000] {logging_mixin.py:188} INFO - [2025-10-10T11:37:59.780+0000] {dagbag.py:540} INFO - Filling up the DagBag from /opt/airflow/dags/Airflow/dags/extract_open_meteo_dag.py
[2025-10-10T11:37:59.859+0000] {processor.py:840} INFO - DAG(s) 'extract_open_meteo_v1' retrieved from /opt/airflow/dags/Airflow/dags/extract_open_meteo_dag.py
[2025-10-10T11:37:59.991+0000] {logging_mixin.py:188} INFO - [2025-10-10T11:37:59.989+0000] {dag.py:3047} INFO - Sync 1 DAGs
[2025-10-10T11:38:00.094+0000] {logging_mixin.py:188} INFO - [2025-10-10T11:38:00.094+0000] {dag.py:3834} INFO - Setting next_dagrun for extract_open_meteo_v1 to 2025-10-10 00:00:00+00:00, run_after=2025-10-11 00:00:00+00:00
[2025-10-10T11:38:00.249+0000] {processor.py:183} INFO - Processing /opt/airflow/dags/Airflow/dags/extract_open_meteo_dag.py took 0.483 seconds
[2025-10-10T11:38:30.749+0000] {processor.py:161} INFO - Started process (PID=1640) to work on /opt/airflow/dags/Airflow/dags/extract_open_meteo_dag.py
[2025-10-10T11:38:30.752+0000] {processor.py:830} INFO - Processing file /opt/airflow/dags/Airflow/dags/extract_open_meteo_dag.py for tasks to queue
[2025-10-10T11:38:30.755+0000] {logging_mixin.py:188} INFO - [2025-10-10T11:38:30.754+0000] {dagbag.py:540} INFO - Filling up the DagBag from /opt/airflow/dags/Airflow/dags/extract_open_meteo_dag.py
[2025-10-10T11:38:30.819+0000] {processor.py:840} INFO - DAG(s) 'extract_open_meteo_v1' retrieved from /opt/airflow/dags/Airflow/dags/extract_open_meteo_dag.py
[2025-10-10T11:38:30.907+0000] {logging_mixin.py:188} INFO - [2025-10-10T11:38:30.907+0000] {dag.py:3047} INFO - Sync 1 DAGs
[2025-10-10T11:38:30.962+0000] {logging_mixin.py:188} INFO - [2025-10-10T11:38:30.961+0000] {dag.py:3834} INFO - Setting next_dagrun for extract_open_meteo_v1 to 2025-10-10 00:00:00+00:00, run_after=2025-10-11 00:00:00+00:00
[2025-10-10T11:38:31.048+0000] {processor.py:183} INFO - Processing /opt/airflow/dags/Airflow/dags/extract_open_meteo_dag.py took 0.305 seconds
[2025-10-10T11:39:01.463+0000] {processor.py:161} INFO - Started process (PID=1645) to work on /opt/airflow/dags/Airflow/dags/extract_open_meteo_dag.py
[2025-10-10T11:39:01.466+0000] {processor.py:830} INFO - Processing file /opt/airflow/dags/Airflow/dags/extract_open_meteo_dag.py for tasks to queue
[2025-10-10T11:39:01.468+0000] {logging_mixin.py:188} INFO - [2025-10-10T11:39:01.467+0000] {dagbag.py:540} INFO - Filling up the DagBag from /opt/airflow/dags/Airflow/dags/extract_open_meteo_dag.py
[2025-10-10T11:39:01.517+0000] {processor.py:840} INFO - DAG(s) 'extract_open_meteo_v1' retrieved from /opt/airflow/dags/Airflow/dags/extract_open_meteo_dag.py
[2025-10-10T11:39:01.605+0000] {logging_mixin.py:188} INFO - [2025-10-10T11:39:01.605+0000] {dag.py:3047} INFO - Sync 1 DAGs
[2025-10-10T11:39:01.684+0000] {logging_mixin.py:188} INFO - [2025-10-10T11:39:01.684+0000] {dag.py:3834} INFO - Setting next_dagrun for extract_open_meteo_v1 to 2025-10-10 00:00:00+00:00, run_after=2025-10-11 00:00:00+00:00
[2025-10-10T11:39:01.799+0000] {processor.py:183} INFO - Processing /opt/airflow/dags/Airflow/dags/extract_open_meteo_dag.py took 0.342 seconds
[2025-10-10T11:39:32.241+0000] {processor.py:161} INFO - Started process (PID=1650) to work on /opt/airflow/dags/Airflow/dags/extract_open_meteo_dag.py
[2025-10-10T11:39:32.243+0000] {processor.py:830} INFO - Processing file /opt/airflow/dags/Airflow/dags/extract_open_meteo_dag.py for tasks to queue
[2025-10-10T11:39:32.245+0000] {logging_mixin.py:188} INFO - [2025-10-10T11:39:32.245+0000] {dagbag.py:540} INFO - Filling up the DagBag from /opt/airflow/dags/Airflow/dags/extract_open_meteo_dag.py
[2025-10-10T11:39:32.305+0000] {processor.py:840} INFO - DAG(s) 'extract_open_meteo_v1' retrieved from /opt/airflow/dags/Airflow/dags/extract_open_meteo_dag.py
[2025-10-10T11:39:32.386+0000] {logging_mixin.py:188} INFO - [2025-10-10T11:39:32.385+0000] {dag.py:3047} INFO - Sync 1 DAGs
[2025-10-10T11:39:32.447+0000] {logging_mixin.py:188} INFO - [2025-10-10T11:39:32.447+0000] {dag.py:3834} INFO - Setting next_dagrun for extract_open_meteo_v1 to 2025-10-10 00:00:00+00:00, run_after=2025-10-11 00:00:00+00:00
[2025-10-10T11:39:32.535+0000] {processor.py:183} INFO - Processing /opt/airflow/dags/Airflow/dags/extract_open_meteo_dag.py took 0.298 seconds
[2025-10-10T11:40:02.667+0000] {processor.py:161} INFO - Started process (PID=1655) to work on /opt/airflow/dags/Airflow/dags/extract_open_meteo_dag.py
[2025-10-10T11:40:02.670+0000] {processor.py:830} INFO - Processing file /opt/airflow/dags/Airflow/dags/extract_open_meteo_dag.py for tasks to queue
[2025-10-10T11:40:02.672+0000] {logging_mixin.py:188} INFO - [2025-10-10T11:40:02.672+0000] {dagbag.py:540} INFO - Filling up the DagBag from /opt/airflow/dags/Airflow/dags/extract_open_meteo_dag.py
[2025-10-10T11:40:02.736+0000] {processor.py:840} INFO - DAG(s) 'extract_open_meteo_v1' retrieved from /opt/airflow/dags/Airflow/dags/extract_open_meteo_dag.py
[2025-10-10T11:40:02.833+0000] {logging_mixin.py:188} INFO - [2025-10-10T11:40:02.833+0000] {dag.py:3047} INFO - Sync 1 DAGs
[2025-10-10T11:40:03.017+0000] {logging_mixin.py:188} INFO - [2025-10-10T11:40:03.016+0000] {dag.py:3834} INFO - Setting next_dagrun for extract_open_meteo_v1 to 2025-10-10 00:00:00+00:00, run_after=2025-10-11 00:00:00+00:00
[2025-10-10T11:40:03.149+0000] {processor.py:183} INFO - Processing /opt/airflow/dags/Airflow/dags/extract_open_meteo_dag.py took 0.488 seconds
[2025-10-10T11:40:33.375+0000] {processor.py:161} INFO - Started process (PID=1660) to work on /opt/airflow/dags/Airflow/dags/extract_open_meteo_dag.py
[2025-10-10T11:40:33.377+0000] {processor.py:830} INFO - Processing file /opt/airflow/dags/Airflow/dags/extract_open_meteo_dag.py for tasks to queue
[2025-10-10T11:40:33.380+0000] {logging_mixin.py:188} INFO - [2025-10-10T11:40:33.379+0000] {dagbag.py:540} INFO - Filling up the DagBag from /opt/airflow/dags/Airflow/dags/extract_open_meteo_dag.py
[2025-10-10T11:40:33.435+0000] {processor.py:840} INFO - DAG(s) 'extract_open_meteo_v1' retrieved from /opt/airflow/dags/Airflow/dags/extract_open_meteo_dag.py
[2025-10-10T11:40:33.531+0000] {logging_mixin.py:188} INFO - [2025-10-10T11:40:33.530+0000] {dag.py:3047} INFO - Sync 1 DAGs
[2025-10-10T11:40:33.640+0000] {logging_mixin.py:188} INFO - [2025-10-10T11:40:33.639+0000] {dag.py:3834} INFO - Setting next_dagrun for extract_open_meteo_v1 to 2025-10-10 00:00:00+00:00, run_after=2025-10-11 00:00:00+00:00
[2025-10-10T11:40:33.760+0000] {processor.py:183} INFO - Processing /opt/airflow/dags/Airflow/dags/extract_open_meteo_dag.py took 0.391 seconds
[2025-10-10T11:41:04.001+0000] {processor.py:161} INFO - Started process (PID=1665) to work on /opt/airflow/dags/Airflow/dags/extract_open_meteo_dag.py
[2025-10-10T11:41:04.003+0000] {processor.py:830} INFO - Processing file /opt/airflow/dags/Airflow/dags/extract_open_meteo_dag.py for tasks to queue
[2025-10-10T11:41:04.005+0000] {logging_mixin.py:188} INFO - [2025-10-10T11:41:04.005+0000] {dagbag.py:540} INFO - Filling up the DagBag from /opt/airflow/dags/Airflow/dags/extract_open_meteo_dag.py
[2025-10-10T11:41:04.063+0000] {processor.py:840} INFO - DAG(s) 'extract_open_meteo_v1' retrieved from /opt/airflow/dags/Airflow/dags/extract_open_meteo_dag.py
[2025-10-10T11:41:04.166+0000] {logging_mixin.py:188} INFO - [2025-10-10T11:41:04.166+0000] {dag.py:3047} INFO - Sync 1 DAGs
[2025-10-10T11:41:04.275+0000] {logging_mixin.py:188} INFO - [2025-10-10T11:41:04.274+0000] {dag.py:3834} INFO - Setting next_dagrun for extract_open_meteo_v1 to 2025-10-10 00:00:00+00:00, run_after=2025-10-11 00:00:00+00:00
[2025-10-10T11:41:04.358+0000] {processor.py:183} INFO - Processing /opt/airflow/dags/Airflow/dags/extract_open_meteo_dag.py took 0.363 seconds
[2025-10-10T11:41:34.601+0000] {processor.py:161} INFO - Started process (PID=1670) to work on /opt/airflow/dags/Airflow/dags/extract_open_meteo_dag.py
[2025-10-10T11:41:34.604+0000] {processor.py:830} INFO - Processing file /opt/airflow/dags/Airflow/dags/extract_open_meteo_dag.py for tasks to queue
[2025-10-10T11:41:34.608+0000] {logging_mixin.py:188} INFO - [2025-10-10T11:41:34.607+0000] {dagbag.py:540} INFO - Filling up the DagBag from /opt/airflow/dags/Airflow/dags/extract_open_meteo_dag.py
[2025-10-10T11:41:34.664+0000] {processor.py:840} INFO - DAG(s) 'extract_open_meteo_v1' retrieved from /opt/airflow/dags/Airflow/dags/extract_open_meteo_dag.py
[2025-10-10T11:41:34.765+0000] {logging_mixin.py:188} INFO - [2025-10-10T11:41:34.764+0000] {dag.py:3047} INFO - Sync 1 DAGs
[2025-10-10T11:41:34.845+0000] {logging_mixin.py:188} INFO - [2025-10-10T11:41:34.845+0000] {dag.py:3834} INFO - Setting next_dagrun for extract_open_meteo_v1 to 2025-10-10 00:00:00+00:00, run_after=2025-10-11 00:00:00+00:00
[2025-10-10T11:41:34.956+0000] {processor.py:183} INFO - Processing /opt/airflow/dags/Airflow/dags/extract_open_meteo_dag.py took 0.364 seconds
[2025-10-10T11:42:05.179+0000] {processor.py:161} INFO - Started process (PID=1675) to work on /opt/airflow/dags/Airflow/dags/extract_open_meteo_dag.py
[2025-10-10T11:42:05.181+0000] {processor.py:830} INFO - Processing file /opt/airflow/dags/Airflow/dags/extract_open_meteo_dag.py for tasks to queue
[2025-10-10T11:42:05.184+0000] {logging_mixin.py:188} INFO - [2025-10-10T11:42:05.183+0000] {dagbag.py:540} INFO - Filling up the DagBag from /opt/airflow/dags/Airflow/dags/extract_open_meteo_dag.py
[2025-10-10T11:42:05.237+0000] {processor.py:840} INFO - DAG(s) 'extract_open_meteo_v1' retrieved from /opt/airflow/dags/Airflow/dags/extract_open_meteo_dag.py
[2025-10-10T11:42:05.335+0000] {logging_mixin.py:188} INFO - [2025-10-10T11:42:05.335+0000] {dag.py:3047} INFO - Sync 1 DAGs
[2025-10-10T11:42:05.406+0000] {logging_mixin.py:188} INFO - [2025-10-10T11:42:05.405+0000] {dag.py:3834} INFO - Setting next_dagrun for extract_open_meteo_v1 to 2025-10-10 00:00:00+00:00, run_after=2025-10-11 00:00:00+00:00
[2025-10-10T11:42:05.495+0000] {processor.py:183} INFO - Processing /opt/airflow/dags/Airflow/dags/extract_open_meteo_dag.py took 0.321 seconds
[2025-10-10T11:42:35.865+0000] {processor.py:161} INFO - Started process (PID=1680) to work on /opt/airflow/dags/Airflow/dags/extract_open_meteo_dag.py
[2025-10-10T11:42:35.867+0000] {processor.py:830} INFO - Processing file /opt/airflow/dags/Airflow/dags/extract_open_meteo_dag.py for tasks to queue
[2025-10-10T11:42:35.871+0000] {logging_mixin.py:188} INFO - [2025-10-10T11:42:35.870+0000] {dagbag.py:540} INFO - Filling up the DagBag from /opt/airflow/dags/Airflow/dags/extract_open_meteo_dag.py
[2025-10-10T11:42:35.924+0000] {processor.py:840} INFO - DAG(s) 'extract_open_meteo_v1' retrieved from /opt/airflow/dags/Airflow/dags/extract_open_meteo_dag.py
[2025-10-10T11:42:36.017+0000] {logging_mixin.py:188} INFO - [2025-10-10T11:42:36.017+0000] {dag.py:3047} INFO - Sync 1 DAGs
[2025-10-10T11:42:36.084+0000] {logging_mixin.py:188} INFO - [2025-10-10T11:42:36.084+0000] {dag.py:3834} INFO - Setting next_dagrun for extract_open_meteo_v1 to 2025-10-10 00:00:00+00:00, run_after=2025-10-11 00:00:00+00:00
[2025-10-10T11:42:36.162+0000] {processor.py:183} INFO - Processing /opt/airflow/dags/Airflow/dags/extract_open_meteo_dag.py took 0.302 seconds
[2025-10-10T11:43:06.370+0000] {processor.py:161} INFO - Started process (PID=1685) to work on /opt/airflow/dags/Airflow/dags/extract_open_meteo_dag.py
[2025-10-10T11:43:06.372+0000] {processor.py:830} INFO - Processing file /opt/airflow/dags/Airflow/dags/extract_open_meteo_dag.py for tasks to queue
[2025-10-10T11:43:06.374+0000] {logging_mixin.py:188} INFO - [2025-10-10T11:43:06.373+0000] {dagbag.py:540} INFO - Filling up the DagBag from /opt/airflow/dags/Airflow/dags/extract_open_meteo_dag.py
[2025-10-10T11:43:06.440+0000] {processor.py:840} INFO - DAG(s) 'extract_open_meteo_v1' retrieved from /opt/airflow/dags/Airflow/dags/extract_open_meteo_dag.py
[2025-10-10T11:43:06.522+0000] {logging_mixin.py:188} INFO - [2025-10-10T11:43:06.522+0000] {dag.py:3047} INFO - Sync 1 DAGs
[2025-10-10T11:43:06.584+0000] {logging_mixin.py:188} INFO - [2025-10-10T11:43:06.584+0000] {dag.py:3834} INFO - Setting next_dagrun for extract_open_meteo_v1 to 2025-10-10 00:00:00+00:00, run_after=2025-10-11 00:00:00+00:00
[2025-10-10T11:43:06.699+0000] {processor.py:183} INFO - Processing /opt/airflow/dags/Airflow/dags/extract_open_meteo_dag.py took 0.337 seconds
[2025-10-10T11:43:36.955+0000] {processor.py:161} INFO - Started process (PID=1690) to work on /opt/airflow/dags/Airflow/dags/extract_open_meteo_dag.py
[2025-10-10T11:43:36.957+0000] {processor.py:830} INFO - Processing file /opt/airflow/dags/Airflow/dags/extract_open_meteo_dag.py for tasks to queue
[2025-10-10T11:43:36.961+0000] {logging_mixin.py:188} INFO - [2025-10-10T11:43:36.959+0000] {dagbag.py:540} INFO - Filling up the DagBag from /opt/airflow/dags/Airflow/dags/extract_open_meteo_dag.py
[2025-10-10T11:43:37.031+0000] {processor.py:840} INFO - DAG(s) 'extract_open_meteo_v1' retrieved from /opt/airflow/dags/Airflow/dags/extract_open_meteo_dag.py
[2025-10-10T11:43:37.126+0000] {logging_mixin.py:188} INFO - [2025-10-10T11:43:37.126+0000] {dag.py:3047} INFO - Sync 1 DAGs
[2025-10-10T11:43:37.200+0000] {logging_mixin.py:188} INFO - [2025-10-10T11:43:37.199+0000] {dag.py:3834} INFO - Setting next_dagrun for extract_open_meteo_v1 to 2025-10-10 00:00:00+00:00, run_after=2025-10-11 00:00:00+00:00
[2025-10-10T11:43:37.281+0000] {processor.py:183} INFO - Processing /opt/airflow/dags/Airflow/dags/extract_open_meteo_dag.py took 0.332 seconds
[2025-10-10T11:44:07.561+0000] {processor.py:161} INFO - Started process (PID=1695) to work on /opt/airflow/dags/Airflow/dags/extract_open_meteo_dag.py
[2025-10-10T11:44:07.564+0000] {processor.py:830} INFO - Processing file /opt/airflow/dags/Airflow/dags/extract_open_meteo_dag.py for tasks to queue
[2025-10-10T11:44:07.569+0000] {logging_mixin.py:188} INFO - [2025-10-10T11:44:07.567+0000] {dagbag.py:540} INFO - Filling up the DagBag from /opt/airflow/dags/Airflow/dags/extract_open_meteo_dag.py
[2025-10-10T11:44:07.632+0000] {processor.py:840} INFO - DAG(s) 'extract_open_meteo_v1' retrieved from /opt/airflow/dags/Airflow/dags/extract_open_meteo_dag.py
[2025-10-10T11:44:07.730+0000] {logging_mixin.py:188} INFO - [2025-10-10T11:44:07.730+0000] {dag.py:3047} INFO - Sync 1 DAGs
[2025-10-10T11:44:07.821+0000] {logging_mixin.py:188} INFO - [2025-10-10T11:44:07.821+0000] {dag.py:3834} INFO - Setting next_dagrun for extract_open_meteo_v1 to 2025-10-10 00:00:00+00:00, run_after=2025-10-11 00:00:00+00:00
[2025-10-10T11:44:07.928+0000] {processor.py:183} INFO - Processing /opt/airflow/dags/Airflow/dags/extract_open_meteo_dag.py took 0.373 seconds
[2025-10-10T11:44:38.137+0000] {processor.py:161} INFO - Started process (PID=1700) to work on /opt/airflow/dags/Airflow/dags/extract_open_meteo_dag.py
[2025-10-10T11:44:38.139+0000] {processor.py:830} INFO - Processing file /opt/airflow/dags/Airflow/dags/extract_open_meteo_dag.py for tasks to queue
[2025-10-10T11:44:38.142+0000] {logging_mixin.py:188} INFO - [2025-10-10T11:44:38.141+0000] {dagbag.py:540} INFO - Filling up the DagBag from /opt/airflow/dags/Airflow/dags/extract_open_meteo_dag.py
[2025-10-10T11:44:38.206+0000] {processor.py:840} INFO - DAG(s) 'extract_open_meteo_v1' retrieved from /opt/airflow/dags/Airflow/dags/extract_open_meteo_dag.py
[2025-10-10T11:44:38.315+0000] {logging_mixin.py:188} INFO - [2025-10-10T11:44:38.314+0000] {dag.py:3047} INFO - Sync 1 DAGs
[2025-10-10T11:44:38.379+0000] {logging_mixin.py:188} INFO - [2025-10-10T11:44:38.378+0000] {dag.py:3834} INFO - Setting next_dagrun for extract_open_meteo_v1 to 2025-10-10 00:00:00+00:00, run_after=2025-10-11 00:00:00+00:00
[2025-10-10T11:44:38.453+0000] {processor.py:183} INFO - Processing /opt/airflow/dags/Airflow/dags/extract_open_meteo_dag.py took 0.324 seconds
[2025-10-10T11:44:55.684+0000] {processor.py:161} INFO - Started process (PID=1705) to work on /opt/airflow/dags/Airflow/dags/extract_open_meteo_dag.py
[2025-10-10T11:44:55.686+0000] {processor.py:830} INFO - Processing file /opt/airflow/dags/Airflow/dags/extract_open_meteo_dag.py for tasks to queue
[2025-10-10T11:44:55.689+0000] {logging_mixin.py:188} INFO - [2025-10-10T11:44:55.688+0000] {dagbag.py:540} INFO - Filling up the DagBag from /opt/airflow/dags/Airflow/dags/extract_open_meteo_dag.py
[2025-10-10T11:44:55.799+0000] {processor.py:840} INFO - DAG(s) 'extract_open_meteo_v1' retrieved from /opt/airflow/dags/Airflow/dags/extract_open_meteo_dag.py
[2025-10-10T11:44:56.725+0000] {logging_mixin.py:188} INFO - [2025-10-10T11:44:56.725+0000] {dag.py:3047} INFO - Sync 1 DAGs
[2025-10-10T11:44:56.812+0000] {logging_mixin.py:188} INFO - [2025-10-10T11:44:56.811+0000] {dag.py:3834} INFO - Setting next_dagrun for extract_open_meteo_v1 to 2025-10-09 22:00:00+00:00, run_after=2025-10-10 22:00:00+00:00
[2025-10-10T11:44:56.924+0000] {processor.py:183} INFO - Processing /opt/airflow/dags/Airflow/dags/extract_open_meteo_dag.py took 1.248 seconds
[2025-10-10T11:45:27.144+0000] {processor.py:161} INFO - Started process (PID=1710) to work on /opt/airflow/dags/Airflow/dags/extract_open_meteo_dag.py
[2025-10-10T11:45:27.146+0000] {processor.py:830} INFO - Processing file /opt/airflow/dags/Airflow/dags/extract_open_meteo_dag.py for tasks to queue
[2025-10-10T11:45:27.149+0000] {logging_mixin.py:188} INFO - [2025-10-10T11:45:27.148+0000] {dagbag.py:540} INFO - Filling up the DagBag from /opt/airflow/dags/Airflow/dags/extract_open_meteo_dag.py
[2025-10-10T11:45:27.209+0000] {processor.py:840} INFO - DAG(s) 'extract_open_meteo_v1' retrieved from /opt/airflow/dags/Airflow/dags/extract_open_meteo_dag.py
[2025-10-10T11:45:27.338+0000] {logging_mixin.py:188} INFO - [2025-10-10T11:45:27.337+0000] {dag.py:3047} INFO - Sync 1 DAGs
[2025-10-10T11:45:27.425+0000] {logging_mixin.py:188} INFO - [2025-10-10T11:45:27.425+0000] {dag.py:3834} INFO - Setting next_dagrun for extract_open_meteo_v1 to 2025-10-09 22:00:00+00:00, run_after=2025-10-10 22:00:00+00:00
[2025-10-10T11:45:27.514+0000] {processor.py:183} INFO - Processing /opt/airflow/dags/Airflow/dags/extract_open_meteo_dag.py took 0.375 seconds
[2025-10-10T11:45:57.745+0000] {processor.py:161} INFO - Started process (PID=1715) to work on /opt/airflow/dags/Airflow/dags/extract_open_meteo_dag.py
[2025-10-10T11:45:57.747+0000] {processor.py:830} INFO - Processing file /opt/airflow/dags/Airflow/dags/extract_open_meteo_dag.py for tasks to queue
[2025-10-10T11:45:57.750+0000] {logging_mixin.py:188} INFO - [2025-10-10T11:45:57.749+0000] {dagbag.py:540} INFO - Filling up the DagBag from /opt/airflow/dags/Airflow/dags/extract_open_meteo_dag.py
[2025-10-10T11:45:57.821+0000] {processor.py:840} INFO - DAG(s) 'extract_open_meteo_v1' retrieved from /opt/airflow/dags/Airflow/dags/extract_open_meteo_dag.py
[2025-10-10T11:45:57.917+0000] {logging_mixin.py:188} INFO - [2025-10-10T11:45:57.917+0000] {dag.py:3047} INFO - Sync 1 DAGs
[2025-10-10T11:45:57.991+0000] {logging_mixin.py:188} INFO - [2025-10-10T11:45:57.990+0000] {dag.py:3834} INFO - Setting next_dagrun for extract_open_meteo_v1 to 2025-10-09 22:00:00+00:00, run_after=2025-10-10 22:00:00+00:00
[2025-10-10T11:45:58.099+0000] {processor.py:183} INFO - Processing /opt/airflow/dags/Airflow/dags/extract_open_meteo_dag.py took 0.361 seconds
[2025-10-10T11:46:55.910+0000] {processor.py:161} INFO - Started process (PID=171) to work on /opt/airflow/dags/Airflow/dags/extract_open_meteo_dag.py
[2025-10-10T11:46:55.917+0000] {processor.py:830} INFO - Processing file /opt/airflow/dags/Airflow/dags/extract_open_meteo_dag.py for tasks to queue
[2025-10-10T11:46:55.922+0000] {logging_mixin.py:188} INFO - [2025-10-10T11:46:55.920+0000] {dagbag.py:540} INFO - Filling up the DagBag from /opt/airflow/dags/Airflow/dags/extract_open_meteo_dag.py
[2025-10-10T11:46:56.016+0000] {processor.py:840} INFO - DAG(s) 'extract_open_meteo_v1' retrieved from /opt/airflow/dags/Airflow/dags/extract_open_meteo_dag.py
[2025-10-10T11:46:56.179+0000] {logging_mixin.py:188} INFO - [2025-10-10T11:46:56.178+0000] {dag.py:3047} INFO - Sync 1 DAGs
[2025-10-10T11:46:56.260+0000] {logging_mixin.py:188} INFO - [2025-10-10T11:46:56.260+0000] {dag.py:3834} INFO - Setting next_dagrun for extract_open_meteo_v1 to 2025-10-09 22:00:00+00:00, run_after=2025-10-10 22:00:00+00:00
[2025-10-10T11:46:56.328+0000] {processor.py:183} INFO - Processing /opt/airflow/dags/Airflow/dags/extract_open_meteo_dag.py took 0.444 seconds
[2025-10-10T11:47:26.515+0000] {processor.py:161} INFO - Started process (PID=176) to work on /opt/airflow/dags/Airflow/dags/extract_open_meteo_dag.py
[2025-10-10T11:47:26.521+0000] {processor.py:830} INFO - Processing file /opt/airflow/dags/Airflow/dags/extract_open_meteo_dag.py for tasks to queue
[2025-10-10T11:47:26.528+0000] {logging_mixin.py:188} INFO - [2025-10-10T11:47:26.526+0000] {dagbag.py:540} INFO - Filling up the DagBag from /opt/airflow/dags/Airflow/dags/extract_open_meteo_dag.py
[2025-10-10T11:47:26.671+0000] {processor.py:840} INFO - DAG(s) 'extract_open_meteo_v1' retrieved from /opt/airflow/dags/Airflow/dags/extract_open_meteo_dag.py
[2025-10-10T11:47:26.870+0000] {logging_mixin.py:188} INFO - [2025-10-10T11:47:26.870+0000] {dag.py:3047} INFO - Sync 1 DAGs
[2025-10-10T11:47:27.013+0000] {logging_mixin.py:188} INFO - [2025-10-10T11:47:27.013+0000] {dag.py:3834} INFO - Setting next_dagrun for extract_open_meteo_v1 to 2025-10-09 22:00:00+00:00, run_after=2025-10-10 22:00:00+00:00
[2025-10-10T11:47:27.103+0000] {processor.py:183} INFO - Processing /opt/airflow/dags/Airflow/dags/extract_open_meteo_dag.py took 0.627 seconds
[2025-10-10T11:47:57.539+0000] {processor.py:161} INFO - Started process (PID=181) to work on /opt/airflow/dags/Airflow/dags/extract_open_meteo_dag.py
[2025-10-10T11:47:57.543+0000] {processor.py:830} INFO - Processing file /opt/airflow/dags/Airflow/dags/extract_open_meteo_dag.py for tasks to queue
[2025-10-10T11:47:57.547+0000] {logging_mixin.py:188} INFO - [2025-10-10T11:47:57.546+0000] {dagbag.py:540} INFO - Filling up the DagBag from /opt/airflow/dags/Airflow/dags/extract_open_meteo_dag.py
[2025-10-10T11:47:57.630+0000] {processor.py:840} INFO - DAG(s) 'extract_open_meteo_v1' retrieved from /opt/airflow/dags/Airflow/dags/extract_open_meteo_dag.py
[2025-10-10T11:47:57.789+0000] {logging_mixin.py:188} INFO - [2025-10-10T11:47:57.789+0000] {dag.py:3047} INFO - Sync 1 DAGs
[2025-10-10T11:47:57.926+0000] {logging_mixin.py:188} INFO - [2025-10-10T11:47:57.925+0000] {dag.py:3834} INFO - Setting next_dagrun for extract_open_meteo_v1 to 2025-10-09 22:00:00+00:00, run_after=2025-10-10 22:00:00+00:00
[2025-10-10T11:47:58.467+0000] {processor.py:183} INFO - Processing /opt/airflow/dags/Airflow/dags/extract_open_meteo_dag.py took 0.943 seconds
[2025-10-10T11:48:28.951+0000] {processor.py:161} INFO - Started process (PID=186) to work on /opt/airflow/dags/Airflow/dags/extract_open_meteo_dag.py
[2025-10-10T11:48:28.953+0000] {processor.py:830} INFO - Processing file /opt/airflow/dags/Airflow/dags/extract_open_meteo_dag.py for tasks to queue
[2025-10-10T11:48:28.956+0000] {logging_mixin.py:188} INFO - [2025-10-10T11:48:28.955+0000] {dagbag.py:540} INFO - Filling up the DagBag from /opt/airflow/dags/Airflow/dags/extract_open_meteo_dag.py
[2025-10-10T11:48:29.011+0000] {processor.py:840} INFO - DAG(s) 'extract_open_meteo_v1' retrieved from /opt/airflow/dags/Airflow/dags/extract_open_meteo_dag.py
[2025-10-10T11:48:29.126+0000] {logging_mixin.py:188} INFO - [2025-10-10T11:48:29.126+0000] {dag.py:3047} INFO - Sync 1 DAGs
[2025-10-10T11:48:29.194+0000] {logging_mixin.py:188} INFO - [2025-10-10T11:48:29.194+0000] {dag.py:3834} INFO - Setting next_dagrun for extract_open_meteo_v1 to 2025-10-09 22:00:00+00:00, run_after=2025-10-10 22:00:00+00:00
[2025-10-10T11:48:29.279+0000] {processor.py:183} INFO - Processing /opt/airflow/dags/Airflow/dags/extract_open_meteo_dag.py took 0.334 seconds
[2025-10-10T11:49:00.111+0000] {processor.py:161} INFO - Started process (PID=191) to work on /opt/airflow/dags/Airflow/dags/extract_open_meteo_dag.py
[2025-10-10T11:49:00.125+0000] {processor.py:830} INFO - Processing file /opt/airflow/dags/Airflow/dags/extract_open_meteo_dag.py for tasks to queue
[2025-10-10T11:49:00.132+0000] {logging_mixin.py:188} INFO - [2025-10-10T11:49:00.130+0000] {dagbag.py:540} INFO - Filling up the DagBag from /opt/airflow/dags/Airflow/dags/extract_open_meteo_dag.py
[2025-10-10T11:49:00.347+0000] {processor.py:840} INFO - DAG(s) 'extract_open_meteo_v1' retrieved from /opt/airflow/dags/Airflow/dags/extract_open_meteo_dag.py
[2025-10-10T11:49:00.543+0000] {logging_mixin.py:188} INFO - [2025-10-10T11:49:00.543+0000] {dag.py:3047} INFO - Sync 1 DAGs
[2025-10-10T11:49:00.633+0000] {logging_mixin.py:188} INFO - [2025-10-10T11:49:00.632+0000] {dag.py:3834} INFO - Setting next_dagrun for extract_open_meteo_v1 to 2025-10-09 22:00:00+00:00, run_after=2025-10-10 22:00:00+00:00
[2025-10-10T11:49:00.746+0000] {processor.py:183} INFO - Processing /opt/airflow/dags/Airflow/dags/extract_open_meteo_dag.py took 0.646 seconds
[2025-10-10T11:49:31.259+0000] {processor.py:161} INFO - Started process (PID=196) to work on /opt/airflow/dags/Airflow/dags/extract_open_meteo_dag.py
[2025-10-10T11:49:31.261+0000] {processor.py:830} INFO - Processing file /opt/airflow/dags/Airflow/dags/extract_open_meteo_dag.py for tasks to queue
[2025-10-10T11:49:31.264+0000] {logging_mixin.py:188} INFO - [2025-10-10T11:49:31.263+0000] {dagbag.py:540} INFO - Filling up the DagBag from /opt/airflow/dags/Airflow/dags/extract_open_meteo_dag.py
[2025-10-10T11:49:31.311+0000] {processor.py:840} INFO - DAG(s) 'extract_open_meteo_v1' retrieved from /opt/airflow/dags/Airflow/dags/extract_open_meteo_dag.py
[2025-10-10T11:49:31.404+0000] {logging_mixin.py:188} INFO - [2025-10-10T11:49:31.404+0000] {dag.py:3047} INFO - Sync 1 DAGs
[2025-10-10T11:49:31.479+0000] {logging_mixin.py:188} INFO - [2025-10-10T11:49:31.479+0000] {dag.py:3834} INFO - Setting next_dagrun for extract_open_meteo_v1 to 2025-10-09 22:00:00+00:00, run_after=2025-10-10 22:00:00+00:00
[2025-10-10T11:49:31.563+0000] {processor.py:183} INFO - Processing /opt/airflow/dags/Airflow/dags/extract_open_meteo_dag.py took 0.308 seconds
[2025-10-10T11:50:01.664+0000] {processor.py:161} INFO - Started process (PID=201) to work on /opt/airflow/dags/Airflow/dags/extract_open_meteo_dag.py
[2025-10-10T11:50:01.666+0000] {processor.py:830} INFO - Processing file /opt/airflow/dags/Airflow/dags/extract_open_meteo_dag.py for tasks to queue
[2025-10-10T11:50:01.668+0000] {logging_mixin.py:188} INFO - [2025-10-10T11:50:01.668+0000] {dagbag.py:540} INFO - Filling up the DagBag from /opt/airflow/dags/Airflow/dags/extract_open_meteo_dag.py
[2025-10-10T11:50:01.712+0000] {processor.py:840} INFO - DAG(s) 'extract_open_meteo_v1' retrieved from /opt/airflow/dags/Airflow/dags/extract_open_meteo_dag.py
[2025-10-10T11:50:01.795+0000] {logging_mixin.py:188} INFO - [2025-10-10T11:50:01.794+0000] {dag.py:3047} INFO - Sync 1 DAGs
[2025-10-10T11:50:01.856+0000] {logging_mixin.py:188} INFO - [2025-10-10T11:50:01.856+0000] {dag.py:3834} INFO - Setting next_dagrun for extract_open_meteo_v1 to 2025-10-09 22:00:00+00:00, run_after=2025-10-10 22:00:00+00:00
[2025-10-10T11:50:01.937+0000] {processor.py:183} INFO - Processing /opt/airflow/dags/Airflow/dags/extract_open_meteo_dag.py took 0.280 seconds
[2025-10-10T11:50:32.067+0000] {processor.py:161} INFO - Started process (PID=206) to work on /opt/airflow/dags/Airflow/dags/extract_open_meteo_dag.py
[2025-10-10T11:50:32.069+0000] {processor.py:830} INFO - Processing file /opt/airflow/dags/Airflow/dags/extract_open_meteo_dag.py for tasks to queue
[2025-10-10T11:50:32.071+0000] {logging_mixin.py:188} INFO - [2025-10-10T11:50:32.070+0000] {dagbag.py:540} INFO - Filling up the DagBag from /opt/airflow/dags/Airflow/dags/extract_open_meteo_dag.py
[2025-10-10T11:50:32.118+0000] {processor.py:840} INFO - DAG(s) 'extract_open_meteo_v1' retrieved from /opt/airflow/dags/Airflow/dags/extract_open_meteo_dag.py
[2025-10-10T11:50:32.226+0000] {logging_mixin.py:188} INFO - [2025-10-10T11:50:32.226+0000] {dag.py:3047} INFO - Sync 1 DAGs
[2025-10-10T11:50:32.305+0000] {logging_mixin.py:188} INFO - [2025-10-10T11:50:32.305+0000] {dag.py:3834} INFO - Setting next_dagrun for extract_open_meteo_v1 to 2025-10-09 22:00:00+00:00, run_after=2025-10-10 22:00:00+00:00
[2025-10-10T11:50:32.383+0000] {processor.py:183} INFO - Processing /opt/airflow/dags/Airflow/dags/extract_open_meteo_dag.py took 0.321 seconds
[2025-10-10T11:51:02.726+0000] {processor.py:161} INFO - Started process (PID=211) to work on /opt/airflow/dags/Airflow/dags/extract_open_meteo_dag.py
[2025-10-10T11:51:02.728+0000] {processor.py:830} INFO - Processing file /opt/airflow/dags/Airflow/dags/extract_open_meteo_dag.py for tasks to queue
[2025-10-10T11:51:02.731+0000] {logging_mixin.py:188} INFO - [2025-10-10T11:51:02.730+0000] {dagbag.py:540} INFO - Filling up the DagBag from /opt/airflow/dags/Airflow/dags/extract_open_meteo_dag.py
[2025-10-10T11:51:02.787+0000] {processor.py:840} INFO - DAG(s) 'extract_open_meteo_v1' retrieved from /opt/airflow/dags/Airflow/dags/extract_open_meteo_dag.py
[2025-10-10T11:51:02.876+0000] {logging_mixin.py:188} INFO - [2025-10-10T11:51:02.876+0000] {dag.py:3047} INFO - Sync 1 DAGs
[2025-10-10T11:51:02.943+0000] {logging_mixin.py:188} INFO - [2025-10-10T11:51:02.942+0000] {dag.py:3834} INFO - Setting next_dagrun for extract_open_meteo_v1 to 2025-10-09 22:00:00+00:00, run_after=2025-10-10 22:00:00+00:00
[2025-10-10T11:51:03.026+0000] {processor.py:183} INFO - Processing /opt/airflow/dags/Airflow/dags/extract_open_meteo_dag.py took 0.306 seconds
[2025-10-10T11:51:34.454+0000] {processor.py:161} INFO - Started process (PID=216) to work on /opt/airflow/dags/Airflow/dags/extract_open_meteo_dag.py
[2025-10-10T11:51:34.458+0000] {processor.py:830} INFO - Processing file /opt/airflow/dags/Airflow/dags/extract_open_meteo_dag.py for tasks to queue
[2025-10-10T11:51:34.463+0000] {logging_mixin.py:188} INFO - [2025-10-10T11:51:34.462+0000] {dagbag.py:540} INFO - Filling up the DagBag from /opt/airflow/dags/Airflow/dags/extract_open_meteo_dag.py
[2025-10-10T11:51:34.539+0000] {processor.py:840} INFO - DAG(s) 'extract_open_meteo_v1' retrieved from /opt/airflow/dags/Airflow/dags/extract_open_meteo_dag.py
[2025-10-10T11:51:34.612+0000] {logging_mixin.py:188} INFO - [2025-10-10T11:51:34.612+0000] {dag.py:3047} INFO - Sync 1 DAGs
[2025-10-10T11:51:34.668+0000] {logging_mixin.py:188} INFO - [2025-10-10T11:51:34.668+0000] {dag.py:3834} INFO - Setting next_dagrun for extract_open_meteo_v1 to 2025-10-09 22:00:00+00:00, run_after=2025-10-10 22:00:00+00:00
[2025-10-10T11:51:34.742+0000] {processor.py:183} INFO - Processing /opt/airflow/dags/Airflow/dags/extract_open_meteo_dag.py took 0.295 seconds
[2025-10-10T11:52:04.915+0000] {processor.py:161} INFO - Started process (PID=221) to work on /opt/airflow/dags/Airflow/dags/extract_open_meteo_dag.py
[2025-10-10T11:52:04.918+0000] {processor.py:830} INFO - Processing file /opt/airflow/dags/Airflow/dags/extract_open_meteo_dag.py for tasks to queue
[2025-10-10T11:52:04.920+0000] {logging_mixin.py:188} INFO - [2025-10-10T11:52:04.920+0000] {dagbag.py:540} INFO - Filling up the DagBag from /opt/airflow/dags/Airflow/dags/extract_open_meteo_dag.py
[2025-10-10T11:52:04.969+0000] {processor.py:840} INFO - DAG(s) 'extract_open_meteo_v1' retrieved from /opt/airflow/dags/Airflow/dags/extract_open_meteo_dag.py
[2025-10-10T11:52:05.056+0000] {logging_mixin.py:188} INFO - [2025-10-10T11:52:05.056+0000] {dag.py:3047} INFO - Sync 1 DAGs
[2025-10-10T11:52:05.107+0000] {logging_mixin.py:188} INFO - [2025-10-10T11:52:05.106+0000] {dag.py:3834} INFO - Setting next_dagrun for extract_open_meteo_v1 to 2025-10-09 22:00:00+00:00, run_after=2025-10-10 22:00:00+00:00
[2025-10-10T11:52:05.190+0000] {processor.py:183} INFO - Processing /opt/airflow/dags/Airflow/dags/extract_open_meteo_dag.py took 0.281 seconds
[2025-10-10T11:52:39.020+0000] {processor.py:161} INFO - Started process (PID=227) to work on /opt/airflow/dags/Airflow/dags/extract_open_meteo_dag.py
[2025-10-10T11:52:39.024+0000] {processor.py:830} INFO - Processing file /opt/airflow/dags/Airflow/dags/extract_open_meteo_dag.py for tasks to queue
[2025-10-10T11:52:39.032+0000] {logging_mixin.py:188} INFO - [2025-10-10T11:52:39.031+0000] {dagbag.py:540} INFO - Filling up the DagBag from /opt/airflow/dags/Airflow/dags/extract_open_meteo_dag.py
[2025-10-10T11:52:39.297+0000] {processor.py:840} INFO - DAG(s) 'extract_open_meteo_v1' retrieved from /opt/airflow/dags/Airflow/dags/extract_open_meteo_dag.py
[2025-10-10T11:52:40.004+0000] {logging_mixin.py:188} INFO - [2025-10-10T11:52:40.002+0000] {dag.py:3047} INFO - Sync 1 DAGs
[2025-10-10T11:52:40.157+0000] {logging_mixin.py:188} INFO - [2025-10-10T11:52:40.157+0000] {dag.py:3834} INFO - Setting next_dagrun for extract_open_meteo_v1 to 2025-10-09 22:00:00+00:00, run_after=2025-10-10 22:00:00+00:00
[2025-10-10T11:52:40.273+0000] {processor.py:183} INFO - Processing /opt/airflow/dags/Airflow/dags/extract_open_meteo_dag.py took 1.263 seconds
[2025-10-10T11:53:10.397+0000] {processor.py:161} INFO - Started process (PID=234) to work on /opt/airflow/dags/Airflow/dags/extract_open_meteo_dag.py
[2025-10-10T11:53:10.400+0000] {processor.py:830} INFO - Processing file /opt/airflow/dags/Airflow/dags/extract_open_meteo_dag.py for tasks to queue
[2025-10-10T11:53:10.403+0000] {logging_mixin.py:188} INFO - [2025-10-10T11:53:10.402+0000] {dagbag.py:540} INFO - Filling up the DagBag from /opt/airflow/dags/Airflow/dags/extract_open_meteo_dag.py
[2025-10-10T11:53:10.468+0000] {processor.py:840} INFO - DAG(s) 'extract_open_meteo_v1' retrieved from /opt/airflow/dags/Airflow/dags/extract_open_meteo_dag.py
[2025-10-10T11:53:10.812+0000] {logging_mixin.py:188} INFO - [2025-10-10T11:53:10.812+0000] {dag.py:3047} INFO - Sync 1 DAGs
[2025-10-10T11:53:11.419+0000] {logging_mixin.py:188} INFO - [2025-10-10T11:53:11.418+0000] {dag.py:3834} INFO - Setting next_dagrun for extract_open_meteo_v1 to 2025-10-09 22:00:00+00:00, run_after=2025-10-10 22:00:00+00:00
[2025-10-10T11:53:11.655+0000] {processor.py:183} INFO - Processing /opt/airflow/dags/Airflow/dags/extract_open_meteo_dag.py took 1.265 seconds
[2025-10-10T11:53:42.286+0000] {processor.py:161} INFO - Started process (PID=240) to work on /opt/airflow/dags/Airflow/dags/extract_open_meteo_dag.py
[2025-10-10T11:53:42.288+0000] {processor.py:830} INFO - Processing file /opt/airflow/dags/Airflow/dags/extract_open_meteo_dag.py for tasks to queue
[2025-10-10T11:53:42.291+0000] {logging_mixin.py:188} INFO - [2025-10-10T11:53:42.290+0000] {dagbag.py:540} INFO - Filling up the DagBag from /opt/airflow/dags/Airflow/dags/extract_open_meteo_dag.py
[2025-10-10T11:53:42.575+0000] {processor.py:840} INFO - DAG(s) 'extract_open_meteo_v1' retrieved from /opt/airflow/dags/Airflow/dags/extract_open_meteo_dag.py
[2025-10-10T11:53:42.803+0000] {logging_mixin.py:188} INFO - [2025-10-10T11:53:42.803+0000] {dag.py:3047} INFO - Sync 1 DAGs
[2025-10-10T11:53:42.875+0000] {logging_mixin.py:188} INFO - [2025-10-10T11:53:42.875+0000] {dag.py:3834} INFO - Setting next_dagrun for extract_open_meteo_v1 to 2025-10-09 22:00:00+00:00, run_after=2025-10-10 22:00:00+00:00
[2025-10-10T11:53:43.018+0000] {processor.py:183} INFO - Processing /opt/airflow/dags/Airflow/dags/extract_open_meteo_dag.py took 0.739 seconds
[2025-10-10T11:54:13.605+0000] {processor.py:161} INFO - Started process (PID=247) to work on /opt/airflow/dags/Airflow/dags/extract_open_meteo_dag.py
[2025-10-10T11:54:13.607+0000] {processor.py:830} INFO - Processing file /opt/airflow/dags/Airflow/dags/extract_open_meteo_dag.py for tasks to queue
[2025-10-10T11:54:13.610+0000] {logging_mixin.py:188} INFO - [2025-10-10T11:54:13.609+0000] {dagbag.py:540} INFO - Filling up the DagBag from /opt/airflow/dags/Airflow/dags/extract_open_meteo_dag.py
[2025-10-10T11:54:13.668+0000] {processor.py:840} INFO - DAG(s) 'extract_open_meteo_v1' retrieved from /opt/airflow/dags/Airflow/dags/extract_open_meteo_dag.py
[2025-10-10T11:54:13.758+0000] {logging_mixin.py:188} INFO - [2025-10-10T11:54:13.758+0000] {dag.py:3047} INFO - Sync 1 DAGs
[2025-10-10T11:54:13.828+0000] {logging_mixin.py:188} INFO - [2025-10-10T11:54:13.827+0000] {dag.py:3834} INFO - Setting next_dagrun for extract_open_meteo_v1 to 2025-10-09 22:00:00+00:00, run_after=2025-10-10 22:00:00+00:00
[2025-10-10T11:54:13.901+0000] {processor.py:183} INFO - Processing /opt/airflow/dags/Airflow/dags/extract_open_meteo_dag.py took 0.300 seconds
[2025-10-10T11:54:44.128+0000] {processor.py:161} INFO - Started process (PID=252) to work on /opt/airflow/dags/Airflow/dags/extract_open_meteo_dag.py
[2025-10-10T11:54:44.130+0000] {processor.py:830} INFO - Processing file /opt/airflow/dags/Airflow/dags/extract_open_meteo_dag.py for tasks to queue
[2025-10-10T11:54:44.133+0000] {logging_mixin.py:188} INFO - [2025-10-10T11:54:44.132+0000] {dagbag.py:540} INFO - Filling up the DagBag from /opt/airflow/dags/Airflow/dags/extract_open_meteo_dag.py
[2025-10-10T11:54:44.191+0000] {processor.py:840} INFO - DAG(s) 'extract_open_meteo_v1' retrieved from /opt/airflow/dags/Airflow/dags/extract_open_meteo_dag.py
[2025-10-10T11:54:44.284+0000] {logging_mixin.py:188} INFO - [2025-10-10T11:54:44.283+0000] {dag.py:3047} INFO - Sync 1 DAGs
[2025-10-10T11:54:44.355+0000] {logging_mixin.py:188} INFO - [2025-10-10T11:54:44.354+0000] {dag.py:3834} INFO - Setting next_dagrun for extract_open_meteo_v1 to 2025-10-09 22:00:00+00:00, run_after=2025-10-10 22:00:00+00:00
[2025-10-10T11:54:44.446+0000] {processor.py:183} INFO - Processing /opt/airflow/dags/Airflow/dags/extract_open_meteo_dag.py took 0.324 seconds
[2025-10-10T11:55:14.847+0000] {processor.py:161} INFO - Started process (PID=257) to work on /opt/airflow/dags/Airflow/dags/extract_open_meteo_dag.py
[2025-10-10T11:55:14.849+0000] {processor.py:830} INFO - Processing file /opt/airflow/dags/Airflow/dags/extract_open_meteo_dag.py for tasks to queue
[2025-10-10T11:55:14.851+0000] {logging_mixin.py:188} INFO - [2025-10-10T11:55:14.850+0000] {dagbag.py:540} INFO - Filling up the DagBag from /opt/airflow/dags/Airflow/dags/extract_open_meteo_dag.py
[2025-10-10T11:55:14.916+0000] {processor.py:840} INFO - DAG(s) 'extract_open_meteo_v1' retrieved from /opt/airflow/dags/Airflow/dags/extract_open_meteo_dag.py
[2025-10-10T11:55:15.006+0000] {logging_mixin.py:188} INFO - [2025-10-10T11:55:15.006+0000] {dag.py:3047} INFO - Sync 1 DAGs
[2025-10-10T11:55:15.070+0000] {logging_mixin.py:188} INFO - [2025-10-10T11:55:15.069+0000] {dag.py:3834} INFO - Setting next_dagrun for extract_open_meteo_v1 to 2025-10-09 22:00:00+00:00, run_after=2025-10-10 22:00:00+00:00
[2025-10-10T11:55:15.155+0000] {processor.py:183} INFO - Processing /opt/airflow/dags/Airflow/dags/extract_open_meteo_dag.py took 0.313 seconds
[2025-10-10T11:55:45.329+0000] {processor.py:161} INFO - Started process (PID=262) to work on /opt/airflow/dags/Airflow/dags/extract_open_meteo_dag.py
[2025-10-10T11:55:45.331+0000] {processor.py:830} INFO - Processing file /opt/airflow/dags/Airflow/dags/extract_open_meteo_dag.py for tasks to queue
[2025-10-10T11:55:45.333+0000] {logging_mixin.py:188} INFO - [2025-10-10T11:55:45.333+0000] {dagbag.py:540} INFO - Filling up the DagBag from /opt/airflow/dags/Airflow/dags/extract_open_meteo_dag.py
[2025-10-10T11:55:45.401+0000] {processor.py:840} INFO - DAG(s) 'extract_open_meteo_v1' retrieved from /opt/airflow/dags/Airflow/dags/extract_open_meteo_dag.py
[2025-10-10T11:55:45.493+0000] {logging_mixin.py:188} INFO - [2025-10-10T11:55:45.493+0000] {dag.py:3047} INFO - Sync 1 DAGs
[2025-10-10T11:55:45.554+0000] {logging_mixin.py:188} INFO - [2025-10-10T11:55:45.553+0000] {dag.py:3834} INFO - Setting next_dagrun for extract_open_meteo_v1 to 2025-10-09 22:00:00+00:00, run_after=2025-10-10 22:00:00+00:00
[2025-10-10T11:55:45.629+0000] {processor.py:183} INFO - Processing /opt/airflow/dags/Airflow/dags/extract_open_meteo_dag.py took 0.304 seconds
[2025-10-10T11:56:16.054+0000] {processor.py:161} INFO - Started process (PID=267) to work on /opt/airflow/dags/Airflow/dags/extract_open_meteo_dag.py
[2025-10-10T11:56:16.056+0000] {processor.py:830} INFO - Processing file /opt/airflow/dags/Airflow/dags/extract_open_meteo_dag.py for tasks to queue
[2025-10-10T11:56:16.058+0000] {logging_mixin.py:188} INFO - [2025-10-10T11:56:16.058+0000] {dagbag.py:540} INFO - Filling up the DagBag from /opt/airflow/dags/Airflow/dags/extract_open_meteo_dag.py
[2025-10-10T11:56:16.114+0000] {processor.py:840} INFO - DAG(s) 'extract_open_meteo_v1' retrieved from /opt/airflow/dags/Airflow/dags/extract_open_meteo_dag.py
[2025-10-10T11:56:16.180+0000] {logging_mixin.py:188} INFO - [2025-10-10T11:56:16.180+0000] {dag.py:3047} INFO - Sync 1 DAGs
[2025-10-10T11:56:16.229+0000] {logging_mixin.py:188} INFO - [2025-10-10T11:56:16.229+0000] {dag.py:3834} INFO - Setting next_dagrun for extract_open_meteo_v1 to 2025-10-09 22:00:00+00:00, run_after=2025-10-10 22:00:00+00:00
[2025-10-10T11:56:16.296+0000] {processor.py:183} INFO - Processing /opt/airflow/dags/Airflow/dags/extract_open_meteo_dag.py took 0.245 seconds
[2025-10-10T11:56:46.430+0000] {processor.py:161} INFO - Started process (PID=272) to work on /opt/airflow/dags/Airflow/dags/extract_open_meteo_dag.py
[2025-10-10T11:56:46.432+0000] {processor.py:830} INFO - Processing file /opt/airflow/dags/Airflow/dags/extract_open_meteo_dag.py for tasks to queue
[2025-10-10T11:56:46.434+0000] {logging_mixin.py:188} INFO - [2025-10-10T11:56:46.433+0000] {dagbag.py:540} INFO - Filling up the DagBag from /opt/airflow/dags/Airflow/dags/extract_open_meteo_dag.py
[2025-10-10T11:56:46.475+0000] {processor.py:840} INFO - DAG(s) 'extract_open_meteo_v1' retrieved from /opt/airflow/dags/Airflow/dags/extract_open_meteo_dag.py
[2025-10-10T11:56:46.544+0000] {logging_mixin.py:188} INFO - [2025-10-10T11:56:46.544+0000] {dag.py:3047} INFO - Sync 1 DAGs
[2025-10-10T11:56:46.591+0000] {logging_mixin.py:188} INFO - [2025-10-10T11:56:46.590+0000] {dag.py:3834} INFO - Setting next_dagrun for extract_open_meteo_v1 to 2025-10-09 22:00:00+00:00, run_after=2025-10-10 22:00:00+00:00
[2025-10-10T11:56:46.658+0000] {processor.py:183} INFO - Processing /opt/airflow/dags/Airflow/dags/extract_open_meteo_dag.py took 0.231 seconds
[2025-10-10T11:57:16.991+0000] {processor.py:161} INFO - Started process (PID=277) to work on /opt/airflow/dags/Airflow/dags/extract_open_meteo_dag.py
[2025-10-10T11:57:16.993+0000] {processor.py:830} INFO - Processing file /opt/airflow/dags/Airflow/dags/extract_open_meteo_dag.py for tasks to queue
[2025-10-10T11:57:16.995+0000] {logging_mixin.py:188} INFO - [2025-10-10T11:57:16.995+0000] {dagbag.py:540} INFO - Filling up the DagBag from /opt/airflow/dags/Airflow/dags/extract_open_meteo_dag.py
[2025-10-10T11:57:17.043+0000] {processor.py:840} INFO - DAG(s) 'extract_open_meteo_v1' retrieved from /opt/airflow/dags/Airflow/dags/extract_open_meteo_dag.py
[2025-10-10T11:57:17.111+0000] {logging_mixin.py:188} INFO - [2025-10-10T11:57:17.110+0000] {dag.py:3047} INFO - Sync 1 DAGs
[2025-10-10T11:57:17.164+0000] {logging_mixin.py:188} INFO - [2025-10-10T11:57:17.164+0000] {dag.py:3834} INFO - Setting next_dagrun for extract_open_meteo_v1 to 2025-10-09 22:00:00+00:00, run_after=2025-10-10 22:00:00+00:00
[2025-10-10T11:57:17.239+0000] {processor.py:183} INFO - Processing /opt/airflow/dags/Airflow/dags/extract_open_meteo_dag.py took 0.252 seconds
[2025-10-10T11:57:47.478+0000] {processor.py:161} INFO - Started process (PID=282) to work on /opt/airflow/dags/Airflow/dags/extract_open_meteo_dag.py
[2025-10-10T11:57:47.480+0000] {processor.py:830} INFO - Processing file /opt/airflow/dags/Airflow/dags/extract_open_meteo_dag.py for tasks to queue
[2025-10-10T11:57:47.482+0000] {logging_mixin.py:188} INFO - [2025-10-10T11:57:47.482+0000] {dagbag.py:540} INFO - Filling up the DagBag from /opt/airflow/dags/Airflow/dags/extract_open_meteo_dag.py
[2025-10-10T11:57:47.526+0000] {processor.py:840} INFO - DAG(s) 'extract_open_meteo_v1' retrieved from /opt/airflow/dags/Airflow/dags/extract_open_meteo_dag.py
[2025-10-10T11:57:47.627+0000] {logging_mixin.py:188} INFO - [2025-10-10T11:57:47.626+0000] {dag.py:3047} INFO - Sync 1 DAGs
[2025-10-10T11:57:47.683+0000] {logging_mixin.py:188} INFO - [2025-10-10T11:57:47.682+0000] {dag.py:3834} INFO - Setting next_dagrun for extract_open_meteo_v1 to 2025-10-09 22:00:00+00:00, run_after=2025-10-10 22:00:00+00:00
[2025-10-10T11:57:47.748+0000] {processor.py:183} INFO - Processing /opt/airflow/dags/Airflow/dags/extract_open_meteo_dag.py took 0.274 seconds
[2025-10-10T11:58:17.961+0000] {processor.py:161} INFO - Started process (PID=287) to work on /opt/airflow/dags/Airflow/dags/extract_open_meteo_dag.py
[2025-10-10T11:58:17.969+0000] {processor.py:830} INFO - Processing file /opt/airflow/dags/Airflow/dags/extract_open_meteo_dag.py for tasks to queue
[2025-10-10T11:58:17.972+0000] {logging_mixin.py:188} INFO - [2025-10-10T11:58:17.971+0000] {dagbag.py:540} INFO - Filling up the DagBag from /opt/airflow/dags/Airflow/dags/extract_open_meteo_dag.py
[2025-10-10T11:58:18.042+0000] {processor.py:840} INFO - DAG(s) 'extract_open_meteo_v1' retrieved from /opt/airflow/dags/Airflow/dags/extract_open_meteo_dag.py
[2025-10-10T11:58:18.122+0000] {logging_mixin.py:188} INFO - [2025-10-10T11:58:18.122+0000] {dag.py:3047} INFO - Sync 1 DAGs
[2025-10-10T11:58:18.178+0000] {logging_mixin.py:188} INFO - [2025-10-10T11:58:18.178+0000] {dag.py:3834} INFO - Setting next_dagrun for extract_open_meteo_v1 to 2025-10-09 22:00:00+00:00, run_after=2025-10-10 22:00:00+00:00
[2025-10-10T11:58:18.242+0000] {processor.py:183} INFO - Processing /opt/airflow/dags/Airflow/dags/extract_open_meteo_dag.py took 0.296 seconds
[2025-10-10T11:58:48.526+0000] {processor.py:161} INFO - Started process (PID=292) to work on /opt/airflow/dags/Airflow/dags/extract_open_meteo_dag.py
[2025-10-10T11:58:48.528+0000] {processor.py:830} INFO - Processing file /opt/airflow/dags/Airflow/dags/extract_open_meteo_dag.py for tasks to queue
[2025-10-10T11:58:48.530+0000] {logging_mixin.py:188} INFO - [2025-10-10T11:58:48.529+0000] {dagbag.py:540} INFO - Filling up the DagBag from /opt/airflow/dags/Airflow/dags/extract_open_meteo_dag.py
[2025-10-10T11:58:48.593+0000] {processor.py:840} INFO - DAG(s) 'extract_open_meteo_v1' retrieved from /opt/airflow/dags/Airflow/dags/extract_open_meteo_dag.py
[2025-10-10T11:58:48.677+0000] {logging_mixin.py:188} INFO - [2025-10-10T11:58:48.676+0000] {dag.py:3047} INFO - Sync 1 DAGs
[2025-10-10T11:58:48.745+0000] {logging_mixin.py:188} INFO - [2025-10-10T11:58:48.745+0000] {dag.py:3834} INFO - Setting next_dagrun for extract_open_meteo_v1 to 2025-10-09 22:00:00+00:00, run_after=2025-10-10 22:00:00+00:00
[2025-10-10T11:58:48.806+0000] {processor.py:183} INFO - Processing /opt/airflow/dags/Airflow/dags/extract_open_meteo_dag.py took 0.289 seconds
[2025-10-10T11:59:18.932+0000] {processor.py:161} INFO - Started process (PID=297) to work on /opt/airflow/dags/Airflow/dags/extract_open_meteo_dag.py
[2025-10-10T11:59:18.934+0000] {processor.py:830} INFO - Processing file /opt/airflow/dags/Airflow/dags/extract_open_meteo_dag.py for tasks to queue
[2025-10-10T11:59:18.936+0000] {logging_mixin.py:188} INFO - [2025-10-10T11:59:18.936+0000] {dagbag.py:540} INFO - Filling up the DagBag from /opt/airflow/dags/Airflow/dags/extract_open_meteo_dag.py
[2025-10-10T11:59:18.984+0000] {processor.py:840} INFO - DAG(s) 'extract_open_meteo_v1' retrieved from /opt/airflow/dags/Airflow/dags/extract_open_meteo_dag.py
[2025-10-10T11:59:19.108+0000] {logging_mixin.py:188} INFO - [2025-10-10T11:59:19.108+0000] {dag.py:3047} INFO - Sync 1 DAGs
[2025-10-10T11:59:19.321+0000] {logging_mixin.py:188} INFO - [2025-10-10T11:59:19.319+0000] {dag.py:3834} INFO - Setting next_dagrun for extract_open_meteo_v1 to 2025-10-09 22:00:00+00:00, run_after=2025-10-10 22:00:00+00:00
[2025-10-10T11:59:19.404+0000] {processor.py:183} INFO - Processing /opt/airflow/dags/Airflow/dags/extract_open_meteo_dag.py took 0.475 seconds
[2025-10-10T11:59:49.615+0000] {processor.py:161} INFO - Started process (PID=302) to work on /opt/airflow/dags/Airflow/dags/extract_open_meteo_dag.py
[2025-10-10T11:59:49.617+0000] {processor.py:830} INFO - Processing file /opt/airflow/dags/Airflow/dags/extract_open_meteo_dag.py for tasks to queue
[2025-10-10T11:59:49.620+0000] {logging_mixin.py:188} INFO - [2025-10-10T11:59:49.619+0000] {dagbag.py:540} INFO - Filling up the DagBag from /opt/airflow/dags/Airflow/dags/extract_open_meteo_dag.py
[2025-10-10T11:59:49.666+0000] {processor.py:840} INFO - DAG(s) 'extract_open_meteo_v1' retrieved from /opt/airflow/dags/Airflow/dags/extract_open_meteo_dag.py
[2025-10-10T11:59:49.748+0000] {logging_mixin.py:188} INFO - [2025-10-10T11:59:49.748+0000] {dag.py:3047} INFO - Sync 1 DAGs
[2025-10-10T11:59:49.798+0000] {logging_mixin.py:188} INFO - [2025-10-10T11:59:49.798+0000] {dag.py:3834} INFO - Setting next_dagrun for extract_open_meteo_v1 to 2025-10-09 22:00:00+00:00, run_after=2025-10-10 22:00:00+00:00
[2025-10-10T11:59:49.864+0000] {processor.py:183} INFO - Processing /opt/airflow/dags/Airflow/dags/extract_open_meteo_dag.py took 0.253 seconds
[2025-10-10T12:00:20.072+0000] {processor.py:161} INFO - Started process (PID=307) to work on /opt/airflow/dags/Airflow/dags/extract_open_meteo_dag.py
[2025-10-10T12:00:20.073+0000] {processor.py:830} INFO - Processing file /opt/airflow/dags/Airflow/dags/extract_open_meteo_dag.py for tasks to queue
[2025-10-10T12:00:20.076+0000] {logging_mixin.py:188} INFO - [2025-10-10T12:00:20.075+0000] {dagbag.py:540} INFO - Filling up the DagBag from /opt/airflow/dags/Airflow/dags/extract_open_meteo_dag.py
[2025-10-10T12:00:20.116+0000] {processor.py:840} INFO - DAG(s) 'extract_open_meteo_v1' retrieved from /opt/airflow/dags/Airflow/dags/extract_open_meteo_dag.py
[2025-10-10T12:00:20.189+0000] {logging_mixin.py:188} INFO - [2025-10-10T12:00:20.188+0000] {dag.py:3047} INFO - Sync 1 DAGs
[2025-10-10T12:00:20.254+0000] {logging_mixin.py:188} INFO - [2025-10-10T12:00:20.253+0000] {dag.py:3834} INFO - Setting next_dagrun for extract_open_meteo_v1 to 2025-10-09 22:00:00+00:00, run_after=2025-10-10 22:00:00+00:00
[2025-10-10T12:00:20.325+0000] {processor.py:183} INFO - Processing /opt/airflow/dags/Airflow/dags/extract_open_meteo_dag.py took 0.256 seconds
[2025-10-10T12:00:50.582+0000] {processor.py:161} INFO - Started process (PID=312) to work on /opt/airflow/dags/Airflow/dags/extract_open_meteo_dag.py
[2025-10-10T12:00:50.584+0000] {processor.py:830} INFO - Processing file /opt/airflow/dags/Airflow/dags/extract_open_meteo_dag.py for tasks to queue
[2025-10-10T12:00:50.586+0000] {logging_mixin.py:188} INFO - [2025-10-10T12:00:50.586+0000] {dagbag.py:540} INFO - Filling up the DagBag from /opt/airflow/dags/Airflow/dags/extract_open_meteo_dag.py
[2025-10-10T12:00:50.632+0000] {processor.py:840} INFO - DAG(s) 'extract_open_meteo_v1' retrieved from /opt/airflow/dags/Airflow/dags/extract_open_meteo_dag.py
[2025-10-10T12:00:50.724+0000] {logging_mixin.py:188} INFO - [2025-10-10T12:00:50.723+0000] {dag.py:3047} INFO - Sync 1 DAGs
[2025-10-10T12:00:50.788+0000] {logging_mixin.py:188} INFO - [2025-10-10T12:00:50.788+0000] {dag.py:3834} INFO - Setting next_dagrun for extract_open_meteo_v1 to 2025-10-09 22:00:00+00:00, run_after=2025-10-10 22:00:00+00:00
[2025-10-10T12:00:50.856+0000] {processor.py:183} INFO - Processing /opt/airflow/dags/Airflow/dags/extract_open_meteo_dag.py took 0.278 seconds
[2025-10-10T12:01:21.066+0000] {processor.py:161} INFO - Started process (PID=317) to work on /opt/airflow/dags/Airflow/dags/extract_open_meteo_dag.py
[2025-10-10T12:01:21.068+0000] {processor.py:830} INFO - Processing file /opt/airflow/dags/Airflow/dags/extract_open_meteo_dag.py for tasks to queue
[2025-10-10T12:01:21.069+0000] {logging_mixin.py:188} INFO - [2025-10-10T12:01:21.069+0000] {dagbag.py:540} INFO - Filling up the DagBag from /opt/airflow/dags/Airflow/dags/extract_open_meteo_dag.py
[2025-10-10T12:01:21.125+0000] {processor.py:840} INFO - DAG(s) 'extract_open_meteo_v1' retrieved from /opt/airflow/dags/Airflow/dags/extract_open_meteo_dag.py
[2025-10-10T12:01:21.348+0000] {logging_mixin.py:188} INFO - [2025-10-10T12:01:21.348+0000] {dag.py:3047} INFO - Sync 1 DAGs
[2025-10-10T12:01:21.460+0000] {logging_mixin.py:188} INFO - [2025-10-10T12:01:21.459+0000] {dag.py:3834} INFO - Setting next_dagrun for extract_open_meteo_v1 to 2025-10-09 22:00:00+00:00, run_after=2025-10-10 22:00:00+00:00
[2025-10-10T12:01:21.593+0000] {processor.py:183} INFO - Processing /opt/airflow/dags/Airflow/dags/extract_open_meteo_dag.py took 0.530 seconds
[2025-10-10T12:01:51.983+0000] {processor.py:161} INFO - Started process (PID=322) to work on /opt/airflow/dags/Airflow/dags/extract_open_meteo_dag.py
[2025-10-10T12:01:51.985+0000] {processor.py:830} INFO - Processing file /opt/airflow/dags/Airflow/dags/extract_open_meteo_dag.py for tasks to queue
[2025-10-10T12:01:51.987+0000] {logging_mixin.py:188} INFO - [2025-10-10T12:01:51.986+0000] {dagbag.py:540} INFO - Filling up the DagBag from /opt/airflow/dags/Airflow/dags/extract_open_meteo_dag.py
[2025-10-10T12:01:52.042+0000] {processor.py:840} INFO - DAG(s) 'extract_open_meteo_v1' retrieved from /opt/airflow/dags/Airflow/dags/extract_open_meteo_dag.py
[2025-10-10T12:01:52.134+0000] {logging_mixin.py:188} INFO - [2025-10-10T12:01:52.134+0000] {dag.py:3047} INFO - Sync 1 DAGs
[2025-10-10T12:01:52.199+0000] {logging_mixin.py:188} INFO - [2025-10-10T12:01:52.199+0000] {dag.py:3834} INFO - Setting next_dagrun for extract_open_meteo_v1 to 2025-10-09 22:00:00+00:00, run_after=2025-10-10 22:00:00+00:00
[2025-10-10T12:01:52.272+0000] {processor.py:183} INFO - Processing /opt/airflow/dags/Airflow/dags/extract_open_meteo_dag.py took 0.295 seconds
[2025-10-10T12:02:22.408+0000] {processor.py:161} INFO - Started process (PID=327) to work on /opt/airflow/dags/Airflow/dags/extract_open_meteo_dag.py
[2025-10-10T12:02:22.410+0000] {processor.py:830} INFO - Processing file /opt/airflow/dags/Airflow/dags/extract_open_meteo_dag.py for tasks to queue
[2025-10-10T12:02:22.412+0000] {logging_mixin.py:188} INFO - [2025-10-10T12:02:22.412+0000] {dagbag.py:540} INFO - Filling up the DagBag from /opt/airflow/dags/Airflow/dags/extract_open_meteo_dag.py
[2025-10-10T12:02:22.457+0000] {processor.py:840} INFO - DAG(s) 'extract_open_meteo_v1' retrieved from /opt/airflow/dags/Airflow/dags/extract_open_meteo_dag.py
[2025-10-10T12:02:22.534+0000] {logging_mixin.py:188} INFO - [2025-10-10T12:02:22.534+0000] {dag.py:3047} INFO - Sync 1 DAGs
[2025-10-10T12:02:22.584+0000] {logging_mixin.py:188} INFO - [2025-10-10T12:02:22.584+0000] {dag.py:3834} INFO - Setting next_dagrun for extract_open_meteo_v1 to 2025-10-09 22:00:00+00:00, run_after=2025-10-10 22:00:00+00:00
[2025-10-10T12:02:22.650+0000] {processor.py:183} INFO - Processing /opt/airflow/dags/Airflow/dags/extract_open_meteo_dag.py took 0.246 seconds
[2025-10-10T12:02:52.984+0000] {processor.py:161} INFO - Started process (PID=332) to work on /opt/airflow/dags/Airflow/dags/extract_open_meteo_dag.py
[2025-10-10T12:02:52.986+0000] {processor.py:830} INFO - Processing file /opt/airflow/dags/Airflow/dags/extract_open_meteo_dag.py for tasks to queue
[2025-10-10T12:02:52.988+0000] {logging_mixin.py:188} INFO - [2025-10-10T12:02:52.988+0000] {dagbag.py:540} INFO - Filling up the DagBag from /opt/airflow/dags/Airflow/dags/extract_open_meteo_dag.py
[2025-10-10T12:02:53.055+0000] {processor.py:840} INFO - DAG(s) 'extract_open_meteo_v1' retrieved from /opt/airflow/dags/Airflow/dags/extract_open_meteo_dag.py
[2025-10-10T12:02:53.146+0000] {logging_mixin.py:188} INFO - [2025-10-10T12:02:53.146+0000] {dag.py:3047} INFO - Sync 1 DAGs
[2025-10-10T12:02:53.198+0000] {logging_mixin.py:188} INFO - [2025-10-10T12:02:53.197+0000] {dag.py:3834} INFO - Setting next_dagrun for extract_open_meteo_v1 to 2025-10-09 22:00:00+00:00, run_after=2025-10-10 22:00:00+00:00
[2025-10-10T12:02:53.256+0000] {processor.py:183} INFO - Processing /opt/airflow/dags/Airflow/dags/extract_open_meteo_dag.py took 0.277 seconds
[2025-10-10T12:03:23.671+0000] {processor.py:161} INFO - Started process (PID=337) to work on /opt/airflow/dags/Airflow/dags/extract_open_meteo_dag.py
[2025-10-10T12:03:23.674+0000] {processor.py:830} INFO - Processing file /opt/airflow/dags/Airflow/dags/extract_open_meteo_dag.py for tasks to queue
[2025-10-10T12:03:23.677+0000] {logging_mixin.py:188} INFO - [2025-10-10T12:03:23.676+0000] {dagbag.py:540} INFO - Filling up the DagBag from /opt/airflow/dags/Airflow/dags/extract_open_meteo_dag.py
[2025-10-10T12:03:23.722+0000] {processor.py:840} INFO - DAG(s) 'extract_open_meteo_v1' retrieved from /opt/airflow/dags/Airflow/dags/extract_open_meteo_dag.py
[2025-10-10T12:03:23.820+0000] {logging_mixin.py:188} INFO - [2025-10-10T12:03:23.819+0000] {dag.py:3047} INFO - Sync 1 DAGs
[2025-10-10T12:03:23.868+0000] {logging_mixin.py:188} INFO - [2025-10-10T12:03:23.868+0000] {dag.py:3834} INFO - Setting next_dagrun for extract_open_meteo_v1 to 2025-10-09 22:00:00+00:00, run_after=2025-10-10 22:00:00+00:00
[2025-10-10T12:03:23.934+0000] {processor.py:183} INFO - Processing /opt/airflow/dags/Airflow/dags/extract_open_meteo_dag.py took 0.267 seconds
[2025-10-10T12:03:54.310+0000] {processor.py:161} INFO - Started process (PID=342) to work on /opt/airflow/dags/Airflow/dags/extract_open_meteo_dag.py
[2025-10-10T12:03:54.312+0000] {processor.py:830} INFO - Processing file /opt/airflow/dags/Airflow/dags/extract_open_meteo_dag.py for tasks to queue
[2025-10-10T12:03:54.315+0000] {logging_mixin.py:188} INFO - [2025-10-10T12:03:54.314+0000] {dagbag.py:540} INFO - Filling up the DagBag from /opt/airflow/dags/Airflow/dags/extract_open_meteo_dag.py
[2025-10-10T12:03:54.373+0000] {processor.py:840} INFO - DAG(s) 'extract_open_meteo_v1' retrieved from /opt/airflow/dags/Airflow/dags/extract_open_meteo_dag.py
[2025-10-10T12:03:54.444+0000] {logging_mixin.py:188} INFO - [2025-10-10T12:03:54.444+0000] {dag.py:3047} INFO - Sync 1 DAGs
[2025-10-10T12:03:54.505+0000] {logging_mixin.py:188} INFO - [2025-10-10T12:03:54.505+0000] {dag.py:3834} INFO - Setting next_dagrun for extract_open_meteo_v1 to 2025-10-09 22:00:00+00:00, run_after=2025-10-10 22:00:00+00:00
[2025-10-10T12:03:54.583+0000] {processor.py:183} INFO - Processing /opt/airflow/dags/Airflow/dags/extract_open_meteo_dag.py took 0.278 seconds
[2025-10-10T12:04:24.719+0000] {processor.py:161} INFO - Started process (PID=347) to work on /opt/airflow/dags/Airflow/dags/extract_open_meteo_dag.py
[2025-10-10T12:04:24.722+0000] {processor.py:830} INFO - Processing file /opt/airflow/dags/Airflow/dags/extract_open_meteo_dag.py for tasks to queue
[2025-10-10T12:04:24.724+0000] {logging_mixin.py:188} INFO - [2025-10-10T12:04:24.723+0000] {dagbag.py:540} INFO - Filling up the DagBag from /opt/airflow/dags/Airflow/dags/extract_open_meteo_dag.py
[2025-10-10T12:04:24.782+0000] {processor.py:840} INFO - DAG(s) 'extract_open_meteo_v1' retrieved from /opt/airflow/dags/Airflow/dags/extract_open_meteo_dag.py
[2025-10-10T12:04:24.880+0000] {logging_mixin.py:188} INFO - [2025-10-10T12:04:24.880+0000] {dag.py:3047} INFO - Sync 1 DAGs
[2025-10-10T12:04:24.941+0000] {logging_mixin.py:188} INFO - [2025-10-10T12:04:24.940+0000] {dag.py:3834} INFO - Setting next_dagrun for extract_open_meteo_v1 to 2025-10-09 22:00:00+00:00, run_after=2025-10-10 22:00:00+00:00
[2025-10-10T12:04:25.018+0000] {processor.py:183} INFO - Processing /opt/airflow/dags/Airflow/dags/extract_open_meteo_dag.py took 0.307 seconds
[2025-10-10T12:04:55.282+0000] {processor.py:161} INFO - Started process (PID=352) to work on /opt/airflow/dags/Airflow/dags/extract_open_meteo_dag.py
[2025-10-10T12:04:55.284+0000] {processor.py:830} INFO - Processing file /opt/airflow/dags/Airflow/dags/extract_open_meteo_dag.py for tasks to queue
[2025-10-10T12:04:55.286+0000] {logging_mixin.py:188} INFO - [2025-10-10T12:04:55.286+0000] {dagbag.py:540} INFO - Filling up the DagBag from /opt/airflow/dags/Airflow/dags/extract_open_meteo_dag.py
[2025-10-10T12:04:55.351+0000] {processor.py:840} INFO - DAG(s) 'extract_open_meteo_v1' retrieved from /opt/airflow/dags/Airflow/dags/extract_open_meteo_dag.py
[2025-10-10T12:04:55.443+0000] {logging_mixin.py:188} INFO - [2025-10-10T12:04:55.443+0000] {dag.py:3047} INFO - Sync 1 DAGs
[2025-10-10T12:04:55.513+0000] {logging_mixin.py:188} INFO - [2025-10-10T12:04:55.513+0000] {dag.py:3834} INFO - Setting next_dagrun for extract_open_meteo_v1 to 2025-10-09 22:00:00+00:00, run_after=2025-10-10 22:00:00+00:00
[2025-10-10T12:04:55.616+0000] {processor.py:183} INFO - Processing /opt/airflow/dags/Airflow/dags/extract_open_meteo_dag.py took 0.340 seconds
[2025-10-10T12:05:25.912+0000] {processor.py:161} INFO - Started process (PID=357) to work on /opt/airflow/dags/Airflow/dags/extract_open_meteo_dag.py
[2025-10-10T12:05:25.914+0000] {processor.py:830} INFO - Processing file /opt/airflow/dags/Airflow/dags/extract_open_meteo_dag.py for tasks to queue
[2025-10-10T12:05:25.916+0000] {logging_mixin.py:188} INFO - [2025-10-10T12:05:25.916+0000] {dagbag.py:540} INFO - Filling up the DagBag from /opt/airflow/dags/Airflow/dags/extract_open_meteo_dag.py
[2025-10-10T12:05:25.970+0000] {processor.py:840} INFO - DAG(s) 'extract_open_meteo_v1' retrieved from /opt/airflow/dags/Airflow/dags/extract_open_meteo_dag.py
[2025-10-10T12:05:26.049+0000] {logging_mixin.py:188} INFO - [2025-10-10T12:05:26.048+0000] {dag.py:3047} INFO - Sync 1 DAGs
[2025-10-10T12:05:26.113+0000] {logging_mixin.py:188} INFO - [2025-10-10T12:05:26.112+0000] {dag.py:3834} INFO - Setting next_dagrun for extract_open_meteo_v1 to 2025-10-09 22:00:00+00:00, run_after=2025-10-10 22:00:00+00:00
[2025-10-10T12:05:26.222+0000] {processor.py:183} INFO - Processing /opt/airflow/dags/Airflow/dags/extract_open_meteo_dag.py took 0.316 seconds
[2025-10-10T12:05:56.420+0000] {processor.py:161} INFO - Started process (PID=362) to work on /opt/airflow/dags/Airflow/dags/extract_open_meteo_dag.py
[2025-10-10T12:05:56.423+0000] {processor.py:830} INFO - Processing file /opt/airflow/dags/Airflow/dags/extract_open_meteo_dag.py for tasks to queue
[2025-10-10T12:05:56.426+0000] {logging_mixin.py:188} INFO - [2025-10-10T12:05:56.425+0000] {dagbag.py:540} INFO - Filling up the DagBag from /opt/airflow/dags/Airflow/dags/extract_open_meteo_dag.py
[2025-10-10T12:05:56.481+0000] {processor.py:840} INFO - DAG(s) 'extract_open_meteo_v1' retrieved from /opt/airflow/dags/Airflow/dags/extract_open_meteo_dag.py
[2025-10-10T12:05:56.574+0000] {logging_mixin.py:188} INFO - [2025-10-10T12:05:56.573+0000] {dag.py:3047} INFO - Sync 1 DAGs
[2025-10-10T12:05:56.647+0000] {logging_mixin.py:188} INFO - [2025-10-10T12:05:56.646+0000] {dag.py:3834} INFO - Setting next_dagrun for extract_open_meteo_v1 to 2025-10-09 22:00:00+00:00, run_after=2025-10-10 22:00:00+00:00
[2025-10-10T12:05:56.725+0000] {processor.py:183} INFO - Processing /opt/airflow/dags/Airflow/dags/extract_open_meteo_dag.py took 0.310 seconds
[2025-10-10T12:06:27.124+0000] {processor.py:161} INFO - Started process (PID=367) to work on /opt/airflow/dags/Airflow/dags/extract_open_meteo_dag.py
[2025-10-10T12:06:27.126+0000] {processor.py:830} INFO - Processing file /opt/airflow/dags/Airflow/dags/extract_open_meteo_dag.py for tasks to queue
[2025-10-10T12:06:27.129+0000] {logging_mixin.py:188} INFO - [2025-10-10T12:06:27.128+0000] {dagbag.py:540} INFO - Filling up the DagBag from /opt/airflow/dags/Airflow/dags/extract_open_meteo_dag.py
[2025-10-10T12:06:27.181+0000] {processor.py:840} INFO - DAG(s) 'extract_open_meteo_v1' retrieved from /opt/airflow/dags/Airflow/dags/extract_open_meteo_dag.py
[2025-10-10T12:06:27.285+0000] {logging_mixin.py:188} INFO - [2025-10-10T12:06:27.285+0000] {dag.py:3047} INFO - Sync 1 DAGs
[2025-10-10T12:06:27.347+0000] {logging_mixin.py:188} INFO - [2025-10-10T12:06:27.346+0000] {dag.py:3834} INFO - Setting next_dagrun for extract_open_meteo_v1 to 2025-10-09 22:00:00+00:00, run_after=2025-10-10 22:00:00+00:00
[2025-10-10T12:06:27.426+0000] {processor.py:183} INFO - Processing /opt/airflow/dags/Airflow/dags/extract_open_meteo_dag.py took 0.307 seconds
[2025-10-10T12:06:57.693+0000] {processor.py:161} INFO - Started process (PID=372) to work on /opt/airflow/dags/Airflow/dags/extract_open_meteo_dag.py
[2025-10-10T12:06:57.695+0000] {processor.py:830} INFO - Processing file /opt/airflow/dags/Airflow/dags/extract_open_meteo_dag.py for tasks to queue
[2025-10-10T12:06:57.698+0000] {logging_mixin.py:188} INFO - [2025-10-10T12:06:57.698+0000] {dagbag.py:540} INFO - Filling up the DagBag from /opt/airflow/dags/Airflow/dags/extract_open_meteo_dag.py
[2025-10-10T12:06:57.755+0000] {processor.py:840} INFO - DAG(s) 'extract_open_meteo_v1' retrieved from /opt/airflow/dags/Airflow/dags/extract_open_meteo_dag.py
[2025-10-10T12:06:57.850+0000] {logging_mixin.py:188} INFO - [2025-10-10T12:06:57.849+0000] {dag.py:3047} INFO - Sync 1 DAGs
[2025-10-10T12:06:57.910+0000] {logging_mixin.py:188} INFO - [2025-10-10T12:06:57.910+0000] {dag.py:3834} INFO - Setting next_dagrun for extract_open_meteo_v1 to 2025-10-09 22:00:00+00:00, run_after=2025-10-10 22:00:00+00:00
[2025-10-10T12:06:57.992+0000] {processor.py:183} INFO - Processing /opt/airflow/dags/Airflow/dags/extract_open_meteo_dag.py took 0.305 seconds
[2025-10-10T12:07:28.450+0000] {processor.py:161} INFO - Started process (PID=377) to work on /opt/airflow/dags/Airflow/dags/extract_open_meteo_dag.py
[2025-10-10T12:07:28.453+0000] {processor.py:830} INFO - Processing file /opt/airflow/dags/Airflow/dags/extract_open_meteo_dag.py for tasks to queue
[2025-10-10T12:07:28.455+0000] {logging_mixin.py:188} INFO - [2025-10-10T12:07:28.454+0000] {dagbag.py:540} INFO - Filling up the DagBag from /opt/airflow/dags/Airflow/dags/extract_open_meteo_dag.py
[2025-10-10T12:07:28.513+0000] {processor.py:840} INFO - DAG(s) 'extract_open_meteo_v1' retrieved from /opt/airflow/dags/Airflow/dags/extract_open_meteo_dag.py
[2025-10-10T12:07:28.621+0000] {logging_mixin.py:188} INFO - [2025-10-10T12:07:28.621+0000] {dag.py:3047} INFO - Sync 1 DAGs
[2025-10-10T12:07:28.687+0000] {logging_mixin.py:188} INFO - [2025-10-10T12:07:28.687+0000] {dag.py:3834} INFO - Setting next_dagrun for extract_open_meteo_v1 to 2025-10-09 22:00:00+00:00, run_after=2025-10-10 22:00:00+00:00
[2025-10-10T12:07:28.761+0000] {processor.py:183} INFO - Processing /opt/airflow/dags/Airflow/dags/extract_open_meteo_dag.py took 0.317 seconds
[2025-10-10T12:07:59.163+0000] {processor.py:161} INFO - Started process (PID=382) to work on /opt/airflow/dags/Airflow/dags/extract_open_meteo_dag.py
[2025-10-10T12:07:59.169+0000] {processor.py:830} INFO - Processing file /opt/airflow/dags/Airflow/dags/extract_open_meteo_dag.py for tasks to queue
[2025-10-10T12:07:59.178+0000] {logging_mixin.py:188} INFO - [2025-10-10T12:07:59.175+0000] {dagbag.py:540} INFO - Filling up the DagBag from /opt/airflow/dags/Airflow/dags/extract_open_meteo_dag.py
[2025-10-10T12:07:59.264+0000] {processor.py:840} INFO - DAG(s) 'extract_open_meteo_v1' retrieved from /opt/airflow/dags/Airflow/dags/extract_open_meteo_dag.py
[2025-10-10T12:07:59.454+0000] {logging_mixin.py:188} INFO - [2025-10-10T12:07:59.454+0000] {dag.py:3047} INFO - Sync 1 DAGs
[2025-10-10T12:07:59.681+0000] {logging_mixin.py:188} INFO - [2025-10-10T12:07:59.680+0000] {dag.py:3834} INFO - Setting next_dagrun for extract_open_meteo_v1 to 2025-10-09 22:00:00+00:00, run_after=2025-10-10 22:00:00+00:00
[2025-10-10T12:07:59.870+0000] {processor.py:183} INFO - Processing /opt/airflow/dags/Airflow/dags/extract_open_meteo_dag.py took 0.713 seconds
[2025-10-10T12:08:30.399+0000] {processor.py:161} INFO - Started process (PID=387) to work on /opt/airflow/dags/Airflow/dags/extract_open_meteo_dag.py
[2025-10-10T12:08:30.401+0000] {processor.py:830} INFO - Processing file /opt/airflow/dags/Airflow/dags/extract_open_meteo_dag.py for tasks to queue
[2025-10-10T12:08:30.404+0000] {logging_mixin.py:188} INFO - [2025-10-10T12:08:30.403+0000] {dagbag.py:540} INFO - Filling up the DagBag from /opt/airflow/dags/Airflow/dags/extract_open_meteo_dag.py
[2025-10-10T12:08:30.456+0000] {processor.py:840} INFO - DAG(s) 'extract_open_meteo_v1' retrieved from /opt/airflow/dags/Airflow/dags/extract_open_meteo_dag.py
[2025-10-10T12:08:30.540+0000] {logging_mixin.py:188} INFO - [2025-10-10T12:08:30.539+0000] {dag.py:3047} INFO - Sync 1 DAGs
[2025-10-10T12:08:30.598+0000] {logging_mixin.py:188} INFO - [2025-10-10T12:08:30.597+0000] {dag.py:3834} INFO - Setting next_dagrun for extract_open_meteo_v1 to 2025-10-09 22:00:00+00:00, run_after=2025-10-10 22:00:00+00:00
[2025-10-10T12:08:30.673+0000] {processor.py:183} INFO - Processing /opt/airflow/dags/Airflow/dags/extract_open_meteo_dag.py took 0.278 seconds
[2025-10-10T12:09:01.079+0000] {processor.py:161} INFO - Started process (PID=392) to work on /opt/airflow/dags/Airflow/dags/extract_open_meteo_dag.py
[2025-10-10T12:09:01.081+0000] {processor.py:830} INFO - Processing file /opt/airflow/dags/Airflow/dags/extract_open_meteo_dag.py for tasks to queue
[2025-10-10T12:09:01.083+0000] {logging_mixin.py:188} INFO - [2025-10-10T12:09:01.083+0000] {dagbag.py:540} INFO - Filling up the DagBag from /opt/airflow/dags/Airflow/dags/extract_open_meteo_dag.py
[2025-10-10T12:09:01.139+0000] {processor.py:840} INFO - DAG(s) 'extract_open_meteo_v1' retrieved from /opt/airflow/dags/Airflow/dags/extract_open_meteo_dag.py
[2025-10-10T12:09:01.218+0000] {logging_mixin.py:188} INFO - [2025-10-10T12:09:01.217+0000] {dag.py:3047} INFO - Sync 1 DAGs
[2025-10-10T12:09:01.269+0000] {logging_mixin.py:188} INFO - [2025-10-10T12:09:01.269+0000] {dag.py:3834} INFO - Setting next_dagrun for extract_open_meteo_v1 to 2025-10-09 22:00:00+00:00, run_after=2025-10-10 22:00:00+00:00
[2025-10-10T12:09:01.339+0000] {processor.py:183} INFO - Processing /opt/airflow/dags/Airflow/dags/extract_open_meteo_dag.py took 0.266 seconds
[2025-10-10T12:09:31.474+0000] {processor.py:161} INFO - Started process (PID=397) to work on /opt/airflow/dags/Airflow/dags/extract_open_meteo_dag.py
[2025-10-10T12:09:31.477+0000] {processor.py:830} INFO - Processing file /opt/airflow/dags/Airflow/dags/extract_open_meteo_dag.py for tasks to queue
[2025-10-10T12:09:31.479+0000] {logging_mixin.py:188} INFO - [2025-10-10T12:09:31.478+0000] {dagbag.py:540} INFO - Filling up the DagBag from /opt/airflow/dags/Airflow/dags/extract_open_meteo_dag.py
[2025-10-10T12:09:31.617+0000] {processor.py:840} INFO - DAG(s) 'extract_open_meteo_v1' retrieved from /opt/airflow/dags/Airflow/dags/extract_open_meteo_dag.py
[2025-10-10T12:09:31.791+0000] {logging_mixin.py:188} INFO - [2025-10-10T12:09:31.790+0000] {dag.py:3047} INFO - Sync 1 DAGs
[2025-10-10T12:09:31.973+0000] {logging_mixin.py:188} INFO - [2025-10-10T12:09:31.973+0000] {dag.py:3834} INFO - Setting next_dagrun for extract_open_meteo_v1 to 2025-10-09 22:00:00+00:00, run_after=2025-10-10 22:00:00+00:00
[2025-10-10T12:09:32.070+0000] {processor.py:183} INFO - Processing /opt/airflow/dags/Airflow/dags/extract_open_meteo_dag.py took 0.602 seconds
[2025-10-10T12:10:02.290+0000] {processor.py:161} INFO - Started process (PID=402) to work on /opt/airflow/dags/Airflow/dags/extract_open_meteo_dag.py
[2025-10-10T12:10:02.292+0000] {processor.py:830} INFO - Processing file /opt/airflow/dags/Airflow/dags/extract_open_meteo_dag.py for tasks to queue
[2025-10-10T12:10:02.295+0000] {logging_mixin.py:188} INFO - [2025-10-10T12:10:02.294+0000] {dagbag.py:540} INFO - Filling up the DagBag from /opt/airflow/dags/Airflow/dags/extract_open_meteo_dag.py
[2025-10-10T12:10:02.368+0000] {processor.py:840} INFO - DAG(s) 'extract_open_meteo_v1' retrieved from /opt/airflow/dags/Airflow/dags/extract_open_meteo_dag.py
[2025-10-10T12:10:02.460+0000] {logging_mixin.py:188} INFO - [2025-10-10T12:10:02.460+0000] {dag.py:3047} INFO - Sync 1 DAGs
[2025-10-10T12:10:02.516+0000] {logging_mixin.py:188} INFO - [2025-10-10T12:10:02.515+0000] {dag.py:3834} INFO - Setting next_dagrun for extract_open_meteo_v1 to 2025-10-09 22:00:00+00:00, run_after=2025-10-10 22:00:00+00:00
[2025-10-10T12:10:02.592+0000] {processor.py:183} INFO - Processing /opt/airflow/dags/Airflow/dags/extract_open_meteo_dag.py took 0.306 seconds
[2025-10-10T12:10:32.941+0000] {processor.py:161} INFO - Started process (PID=407) to work on /opt/airflow/dags/Airflow/dags/extract_open_meteo_dag.py
[2025-10-10T12:10:32.944+0000] {processor.py:830} INFO - Processing file /opt/airflow/dags/Airflow/dags/extract_open_meteo_dag.py for tasks to queue
[2025-10-10T12:10:32.946+0000] {logging_mixin.py:188} INFO - [2025-10-10T12:10:32.945+0000] {dagbag.py:540} INFO - Filling up the DagBag from /opt/airflow/dags/Airflow/dags/extract_open_meteo_dag.py
[2025-10-10T12:10:33.012+0000] {processor.py:840} INFO - DAG(s) 'extract_open_meteo_v1' retrieved from /opt/airflow/dags/Airflow/dags/extract_open_meteo_dag.py
[2025-10-10T12:10:33.113+0000] {logging_mixin.py:188} INFO - [2025-10-10T12:10:33.112+0000] {dag.py:3047} INFO - Sync 1 DAGs
[2025-10-10T12:10:33.183+0000] {logging_mixin.py:188} INFO - [2025-10-10T12:10:33.183+0000] {dag.py:3834} INFO - Setting next_dagrun for extract_open_meteo_v1 to 2025-10-09 22:00:00+00:00, run_after=2025-10-10 22:00:00+00:00
[2025-10-10T12:10:33.267+0000] {processor.py:183} INFO - Processing /opt/airflow/dags/Airflow/dags/extract_open_meteo_dag.py took 0.330 seconds
[2025-10-10T12:11:03.450+0000] {processor.py:161} INFO - Started process (PID=412) to work on /opt/airflow/dags/Airflow/dags/extract_open_meteo_dag.py
[2025-10-10T12:11:03.452+0000] {processor.py:830} INFO - Processing file /opt/airflow/dags/Airflow/dags/extract_open_meteo_dag.py for tasks to queue
[2025-10-10T12:11:03.454+0000] {logging_mixin.py:188} INFO - [2025-10-10T12:11:03.453+0000] {dagbag.py:540} INFO - Filling up the DagBag from /opt/airflow/dags/Airflow/dags/extract_open_meteo_dag.py
[2025-10-10T12:11:03.513+0000] {processor.py:840} INFO - DAG(s) 'extract_open_meteo_v1' retrieved from /opt/airflow/dags/Airflow/dags/extract_open_meteo_dag.py
[2025-10-10T12:11:03.601+0000] {logging_mixin.py:188} INFO - [2025-10-10T12:11:03.600+0000] {dag.py:3047} INFO - Sync 1 DAGs
[2025-10-10T12:11:03.664+0000] {logging_mixin.py:188} INFO - [2025-10-10T12:11:03.664+0000] {dag.py:3834} INFO - Setting next_dagrun for extract_open_meteo_v1 to 2025-10-09 22:00:00+00:00, run_after=2025-10-10 22:00:00+00:00
[2025-10-10T12:11:03.743+0000] {processor.py:183} INFO - Processing /opt/airflow/dags/Airflow/dags/extract_open_meteo_dag.py took 0.298 seconds
[2025-10-10T12:11:34.178+0000] {processor.py:161} INFO - Started process (PID=417) to work on /opt/airflow/dags/Airflow/dags/extract_open_meteo_dag.py
[2025-10-10T12:11:34.180+0000] {processor.py:830} INFO - Processing file /opt/airflow/dags/Airflow/dags/extract_open_meteo_dag.py for tasks to queue
[2025-10-10T12:11:34.184+0000] {logging_mixin.py:188} INFO - [2025-10-10T12:11:34.183+0000] {dagbag.py:540} INFO - Filling up the DagBag from /opt/airflow/dags/Airflow/dags/extract_open_meteo_dag.py
[2025-10-10T12:11:34.268+0000] {processor.py:840} INFO - DAG(s) 'extract_open_meteo_v1' retrieved from /opt/airflow/dags/Airflow/dags/extract_open_meteo_dag.py
[2025-10-10T12:11:34.366+0000] {logging_mixin.py:188} INFO - [2025-10-10T12:11:34.366+0000] {dag.py:3047} INFO - Sync 1 DAGs
[2025-10-10T12:11:34.421+0000] {logging_mixin.py:188} INFO - [2025-10-10T12:11:34.421+0000] {dag.py:3834} INFO - Setting next_dagrun for extract_open_meteo_v1 to 2025-10-09 22:00:00+00:00, run_after=2025-10-10 22:00:00+00:00
[2025-10-10T12:11:34.487+0000] {processor.py:183} INFO - Processing /opt/airflow/dags/Airflow/dags/extract_open_meteo_dag.py took 0.315 seconds
[2025-10-10T12:12:04.616+0000] {processor.py:161} INFO - Started process (PID=422) to work on /opt/airflow/dags/Airflow/dags/extract_open_meteo_dag.py
[2025-10-10T12:12:04.619+0000] {processor.py:830} INFO - Processing file /opt/airflow/dags/Airflow/dags/extract_open_meteo_dag.py for tasks to queue
[2025-10-10T12:12:04.622+0000] {logging_mixin.py:188} INFO - [2025-10-10T12:12:04.621+0000] {dagbag.py:540} INFO - Filling up the DagBag from /opt/airflow/dags/Airflow/dags/extract_open_meteo_dag.py
[2025-10-10T12:12:04.680+0000] {processor.py:840} INFO - DAG(s) 'extract_open_meteo_v1' retrieved from /opt/airflow/dags/Airflow/dags/extract_open_meteo_dag.py
[2025-10-10T12:12:04.796+0000] {logging_mixin.py:188} INFO - [2025-10-10T12:12:04.795+0000] {dag.py:3047} INFO - Sync 1 DAGs
[2025-10-10T12:12:04.907+0000] {logging_mixin.py:188} INFO - [2025-10-10T12:12:04.906+0000] {dag.py:3834} INFO - Setting next_dagrun for extract_open_meteo_v1 to 2025-10-09 22:00:00+00:00, run_after=2025-10-10 22:00:00+00:00
[2025-10-10T12:12:04.998+0000] {processor.py:183} INFO - Processing /opt/airflow/dags/Airflow/dags/extract_open_meteo_dag.py took 0.387 seconds
[2025-10-10T12:12:35.510+0000] {processor.py:161} INFO - Started process (PID=427) to work on /opt/airflow/dags/Airflow/dags/extract_open_meteo_dag.py
[2025-10-10T12:12:35.512+0000] {processor.py:830} INFO - Processing file /opt/airflow/dags/Airflow/dags/extract_open_meteo_dag.py for tasks to queue
[2025-10-10T12:12:35.515+0000] {logging_mixin.py:188} INFO - [2025-10-10T12:12:35.514+0000] {dagbag.py:540} INFO - Filling up the DagBag from /opt/airflow/dags/Airflow/dags/extract_open_meteo_dag.py
[2025-10-10T12:12:35.576+0000] {processor.py:840} INFO - DAG(s) 'extract_open_meteo_v1' retrieved from /opt/airflow/dags/Airflow/dags/extract_open_meteo_dag.py
[2025-10-10T12:12:35.681+0000] {logging_mixin.py:188} INFO - [2025-10-10T12:12:35.680+0000] {dag.py:3047} INFO - Sync 1 DAGs
[2025-10-10T12:12:35.750+0000] {logging_mixin.py:188} INFO - [2025-10-10T12:12:35.750+0000] {dag.py:3834} INFO - Setting next_dagrun for extract_open_meteo_v1 to 2025-10-09 22:00:00+00:00, run_after=2025-10-10 22:00:00+00:00
[2025-10-10T12:12:35.831+0000] {processor.py:183} INFO - Processing /opt/airflow/dags/Airflow/dags/extract_open_meteo_dag.py took 0.323 seconds
[2025-10-10T12:13:06.218+0000] {processor.py:161} INFO - Started process (PID=432) to work on /opt/airflow/dags/Airflow/dags/extract_open_meteo_dag.py
[2025-10-10T12:13:06.220+0000] {processor.py:830} INFO - Processing file /opt/airflow/dags/Airflow/dags/extract_open_meteo_dag.py for tasks to queue
[2025-10-10T12:13:06.223+0000] {logging_mixin.py:188} INFO - [2025-10-10T12:13:06.222+0000] {dagbag.py:540} INFO - Filling up the DagBag from /opt/airflow/dags/Airflow/dags/extract_open_meteo_dag.py
[2025-10-10T12:13:06.276+0000] {processor.py:840} INFO - DAG(s) 'extract_open_meteo_v1' retrieved from /opt/airflow/dags/Airflow/dags/extract_open_meteo_dag.py
[2025-10-10T12:13:06.350+0000] {logging_mixin.py:188} INFO - [2025-10-10T12:13:06.350+0000] {dag.py:3047} INFO - Sync 1 DAGs
[2025-10-10T12:13:06.399+0000] {logging_mixin.py:188} INFO - [2025-10-10T12:13:06.399+0000] {dag.py:3834} INFO - Setting next_dagrun for extract_open_meteo_v1 to 2025-10-09 22:00:00+00:00, run_after=2025-10-10 22:00:00+00:00
[2025-10-10T12:13:06.457+0000] {processor.py:183} INFO - Processing /opt/airflow/dags/Airflow/dags/extract_open_meteo_dag.py took 0.243 seconds
[2025-10-10T12:13:36.800+0000] {processor.py:161} INFO - Started process (PID=437) to work on /opt/airflow/dags/Airflow/dags/extract_open_meteo_dag.py
[2025-10-10T12:13:36.803+0000] {processor.py:830} INFO - Processing file /opt/airflow/dags/Airflow/dags/extract_open_meteo_dag.py for tasks to queue
[2025-10-10T12:13:36.805+0000] {logging_mixin.py:188} INFO - [2025-10-10T12:13:36.804+0000] {dagbag.py:540} INFO - Filling up the DagBag from /opt/airflow/dags/Airflow/dags/extract_open_meteo_dag.py
[2025-10-10T12:13:36.859+0000] {processor.py:840} INFO - DAG(s) 'extract_open_meteo_v1' retrieved from /opt/airflow/dags/Airflow/dags/extract_open_meteo_dag.py
[2025-10-10T12:13:36.930+0000] {logging_mixin.py:188} INFO - [2025-10-10T12:13:36.930+0000] {dag.py:3047} INFO - Sync 1 DAGs
[2025-10-10T12:13:36.989+0000] {logging_mixin.py:188} INFO - [2025-10-10T12:13:36.988+0000] {dag.py:3834} INFO - Setting next_dagrun for extract_open_meteo_v1 to 2025-10-09 22:00:00+00:00, run_after=2025-10-10 22:00:00+00:00
[2025-10-10T12:13:37.057+0000] {processor.py:183} INFO - Processing /opt/airflow/dags/Airflow/dags/extract_open_meteo_dag.py took 0.260 seconds
[2025-10-10T12:14:07.231+0000] {processor.py:161} INFO - Started process (PID=442) to work on /opt/airflow/dags/Airflow/dags/extract_open_meteo_dag.py
[2025-10-10T12:14:07.233+0000] {processor.py:830} INFO - Processing file /opt/airflow/dags/Airflow/dags/extract_open_meteo_dag.py for tasks to queue
[2025-10-10T12:14:07.236+0000] {logging_mixin.py:188} INFO - [2025-10-10T12:14:07.235+0000] {dagbag.py:540} INFO - Filling up the DagBag from /opt/airflow/dags/Airflow/dags/extract_open_meteo_dag.py
[2025-10-10T12:14:07.282+0000] {processor.py:840} INFO - DAG(s) 'extract_open_meteo_v1' retrieved from /opt/airflow/dags/Airflow/dags/extract_open_meteo_dag.py
[2025-10-10T12:14:07.351+0000] {logging_mixin.py:188} INFO - [2025-10-10T12:14:07.351+0000] {dag.py:3047} INFO - Sync 1 DAGs
[2025-10-10T12:14:07.404+0000] {logging_mixin.py:188} INFO - [2025-10-10T12:14:07.404+0000] {dag.py:3834} INFO - Setting next_dagrun for extract_open_meteo_v1 to 2025-10-09 22:00:00+00:00, run_after=2025-10-10 22:00:00+00:00
[2025-10-10T12:14:07.470+0000] {processor.py:183} INFO - Processing /opt/airflow/dags/Airflow/dags/extract_open_meteo_dag.py took 0.243 seconds
[2025-10-10T12:14:37.673+0000] {processor.py:161} INFO - Started process (PID=447) to work on /opt/airflow/dags/Airflow/dags/extract_open_meteo_dag.py
[2025-10-10T12:14:37.675+0000] {processor.py:830} INFO - Processing file /opt/airflow/dags/Airflow/dags/extract_open_meteo_dag.py for tasks to queue
[2025-10-10T12:14:37.677+0000] {logging_mixin.py:188} INFO - [2025-10-10T12:14:37.677+0000] {dagbag.py:540} INFO - Filling up the DagBag from /opt/airflow/dags/Airflow/dags/extract_open_meteo_dag.py
[2025-10-10T12:14:37.719+0000] {processor.py:840} INFO - DAG(s) 'extract_open_meteo_v1' retrieved from /opt/airflow/dags/Airflow/dags/extract_open_meteo_dag.py
[2025-10-10T12:14:37.787+0000] {logging_mixin.py:188} INFO - [2025-10-10T12:14:37.787+0000] {dag.py:3047} INFO - Sync 1 DAGs
[2025-10-10T12:14:37.839+0000] {logging_mixin.py:188} INFO - [2025-10-10T12:14:37.839+0000] {dag.py:3834} INFO - Setting next_dagrun for extract_open_meteo_v1 to 2025-10-09 22:00:00+00:00, run_after=2025-10-10 22:00:00+00:00
[2025-10-10T12:14:37.906+0000] {processor.py:183} INFO - Processing /opt/airflow/dags/Airflow/dags/extract_open_meteo_dag.py took 0.236 seconds
[2025-10-10T12:15:08.208+0000] {processor.py:161} INFO - Started process (PID=452) to work on /opt/airflow/dags/Airflow/dags/extract_open_meteo_dag.py
[2025-10-10T12:15:08.210+0000] {processor.py:830} INFO - Processing file /opt/airflow/dags/Airflow/dags/extract_open_meteo_dag.py for tasks to queue
[2025-10-10T12:15:08.212+0000] {logging_mixin.py:188} INFO - [2025-10-10T12:15:08.211+0000] {dagbag.py:540} INFO - Filling up the DagBag from /opt/airflow/dags/Airflow/dags/extract_open_meteo_dag.py
[2025-10-10T12:15:08.255+0000] {processor.py:840} INFO - DAG(s) 'extract_open_meteo_v1' retrieved from /opt/airflow/dags/Airflow/dags/extract_open_meteo_dag.py
[2025-10-10T12:15:08.340+0000] {logging_mixin.py:188} INFO - [2025-10-10T12:15:08.340+0000] {dag.py:3047} INFO - Sync 1 DAGs
[2025-10-10T12:15:08.409+0000] {logging_mixin.py:188} INFO - [2025-10-10T12:15:08.408+0000] {dag.py:3834} INFO - Setting next_dagrun for extract_open_meteo_v1 to 2025-10-09 22:00:00+00:00, run_after=2025-10-10 22:00:00+00:00
[2025-10-10T12:15:08.474+0000] {processor.py:183} INFO - Processing /opt/airflow/dags/Airflow/dags/extract_open_meteo_dag.py took 0.269 seconds
[2025-10-10T12:15:38.569+0000] {processor.py:161} INFO - Started process (PID=457) to work on /opt/airflow/dags/Airflow/dags/extract_open_meteo_dag.py
[2025-10-10T12:15:38.571+0000] {processor.py:830} INFO - Processing file /opt/airflow/dags/Airflow/dags/extract_open_meteo_dag.py for tasks to queue
[2025-10-10T12:15:38.573+0000] {logging_mixin.py:188} INFO - [2025-10-10T12:15:38.573+0000] {dagbag.py:540} INFO - Filling up the DagBag from /opt/airflow/dags/Airflow/dags/extract_open_meteo_dag.py
[2025-10-10T12:15:38.622+0000] {processor.py:840} INFO - DAG(s) 'extract_open_meteo_v1' retrieved from /opt/airflow/dags/Airflow/dags/extract_open_meteo_dag.py
[2025-10-10T12:15:38.695+0000] {logging_mixin.py:188} INFO - [2025-10-10T12:15:38.694+0000] {dag.py:3047} INFO - Sync 1 DAGs
[2025-10-10T12:15:38.753+0000] {logging_mixin.py:188} INFO - [2025-10-10T12:15:38.753+0000] {dag.py:3834} INFO - Setting next_dagrun for extract_open_meteo_v1 to 2025-10-09 22:00:00+00:00, run_after=2025-10-10 22:00:00+00:00
[2025-10-10T12:15:38.814+0000] {processor.py:183} INFO - Processing /opt/airflow/dags/Airflow/dags/extract_open_meteo_dag.py took 0.250 seconds
[2025-10-10T12:16:09.166+0000] {processor.py:161} INFO - Started process (PID=462) to work on /opt/airflow/dags/Airflow/dags/extract_open_meteo_dag.py
[2025-10-10T12:16:09.168+0000] {processor.py:830} INFO - Processing file /opt/airflow/dags/Airflow/dags/extract_open_meteo_dag.py for tasks to queue
[2025-10-10T12:16:09.170+0000] {logging_mixin.py:188} INFO - [2025-10-10T12:16:09.170+0000] {dagbag.py:540} INFO - Filling up the DagBag from /opt/airflow/dags/Airflow/dags/extract_open_meteo_dag.py
[2025-10-10T12:16:09.211+0000] {processor.py:840} INFO - DAG(s) 'extract_open_meteo_v1' retrieved from /opt/airflow/dags/Airflow/dags/extract_open_meteo_dag.py
[2025-10-10T12:16:09.283+0000] {logging_mixin.py:188} INFO - [2025-10-10T12:16:09.283+0000] {dag.py:3047} INFO - Sync 1 DAGs
[2025-10-10T12:16:09.330+0000] {logging_mixin.py:188} INFO - [2025-10-10T12:16:09.330+0000] {dag.py:3834} INFO - Setting next_dagrun for extract_open_meteo_v1 to 2025-10-09 22:00:00+00:00, run_after=2025-10-10 22:00:00+00:00
[2025-10-10T12:16:09.395+0000] {processor.py:183} INFO - Processing /opt/airflow/dags/Airflow/dags/extract_open_meteo_dag.py took 0.232 seconds
[2025-10-10T12:16:39.527+0000] {processor.py:161} INFO - Started process (PID=467) to work on /opt/airflow/dags/Airflow/dags/extract_open_meteo_dag.py
[2025-10-10T12:16:39.529+0000] {processor.py:830} INFO - Processing file /opt/airflow/dags/Airflow/dags/extract_open_meteo_dag.py for tasks to queue
[2025-10-10T12:16:39.531+0000] {logging_mixin.py:188} INFO - [2025-10-10T12:16:39.531+0000] {dagbag.py:540} INFO - Filling up the DagBag from /opt/airflow/dags/Airflow/dags/extract_open_meteo_dag.py
[2025-10-10T12:16:39.579+0000] {processor.py:840} INFO - DAG(s) 'extract_open_meteo_v1' retrieved from /opt/airflow/dags/Airflow/dags/extract_open_meteo_dag.py
[2025-10-10T12:16:39.642+0000] {logging_mixin.py:188} INFO - [2025-10-10T12:16:39.642+0000] {dag.py:3047} INFO - Sync 1 DAGs
[2025-10-10T12:16:39.689+0000] {logging_mixin.py:188} INFO - [2025-10-10T12:16:39.688+0000] {dag.py:3834} INFO - Setting next_dagrun for extract_open_meteo_v1 to 2025-10-09 22:00:00+00:00, run_after=2025-10-10 22:00:00+00:00
[2025-10-10T12:16:39.752+0000] {processor.py:183} INFO - Processing /opt/airflow/dags/Airflow/dags/extract_open_meteo_dag.py took 0.229 seconds
[2025-10-10T12:17:10.308+0000] {processor.py:161} INFO - Started process (PID=472) to work on /opt/airflow/dags/Airflow/dags/extract_open_meteo_dag.py
[2025-10-10T12:17:10.310+0000] {processor.py:830} INFO - Processing file /opt/airflow/dags/Airflow/dags/extract_open_meteo_dag.py for tasks to queue
[2025-10-10T12:17:10.311+0000] {logging_mixin.py:188} INFO - [2025-10-10T12:17:10.311+0000] {dagbag.py:540} INFO - Filling up the DagBag from /opt/airflow/dags/Airflow/dags/extract_open_meteo_dag.py
[2025-10-10T12:17:10.362+0000] {processor.py:840} INFO - DAG(s) 'extract_open_meteo_v1' retrieved from /opt/airflow/dags/Airflow/dags/extract_open_meteo_dag.py
[2025-10-10T12:17:10.428+0000] {logging_mixin.py:188} INFO - [2025-10-10T12:17:10.428+0000] {dag.py:3047} INFO - Sync 1 DAGs
[2025-10-10T12:17:10.475+0000] {logging_mixin.py:188} INFO - [2025-10-10T12:17:10.475+0000] {dag.py:3834} INFO - Setting next_dagrun for extract_open_meteo_v1 to 2025-10-09 22:00:00+00:00, run_after=2025-10-10 22:00:00+00:00
[2025-10-10T12:17:10.546+0000] {processor.py:183} INFO - Processing /opt/airflow/dags/Airflow/dags/extract_open_meteo_dag.py took 0.253 seconds
[2025-10-10T12:17:40.883+0000] {processor.py:161} INFO - Started process (PID=477) to work on /opt/airflow/dags/Airflow/dags/extract_open_meteo_dag.py
[2025-10-10T12:17:40.884+0000] {processor.py:830} INFO - Processing file /opt/airflow/dags/Airflow/dags/extract_open_meteo_dag.py for tasks to queue
[2025-10-10T12:17:40.887+0000] {logging_mixin.py:188} INFO - [2025-10-10T12:17:40.886+0000] {dagbag.py:540} INFO - Filling up the DagBag from /opt/airflow/dags/Airflow/dags/extract_open_meteo_dag.py
[2025-10-10T12:17:40.937+0000] {processor.py:840} INFO - DAG(s) 'extract_open_meteo_v1' retrieved from /opt/airflow/dags/Airflow/dags/extract_open_meteo_dag.py
[2025-10-10T12:17:41.014+0000] {logging_mixin.py:188} INFO - [2025-10-10T12:17:41.013+0000] {dag.py:3047} INFO - Sync 1 DAGs
[2025-10-10T12:17:41.069+0000] {logging_mixin.py:188} INFO - [2025-10-10T12:17:41.068+0000] {dag.py:3834} INFO - Setting next_dagrun for extract_open_meteo_v1 to 2025-10-09 22:00:00+00:00, run_after=2025-10-10 22:00:00+00:00
[2025-10-10T12:17:41.125+0000] {processor.py:183} INFO - Processing /opt/airflow/dags/Airflow/dags/extract_open_meteo_dag.py took 0.246 seconds
[2025-10-10T12:18:11.271+0000] {processor.py:161} INFO - Started process (PID=482) to work on /opt/airflow/dags/Airflow/dags/extract_open_meteo_dag.py
[2025-10-10T12:18:11.273+0000] {processor.py:830} INFO - Processing file /opt/airflow/dags/Airflow/dags/extract_open_meteo_dag.py for tasks to queue
[2025-10-10T12:18:11.275+0000] {logging_mixin.py:188} INFO - [2025-10-10T12:18:11.275+0000] {dagbag.py:540} INFO - Filling up the DagBag from /opt/airflow/dags/Airflow/dags/extract_open_meteo_dag.py
[2025-10-10T12:18:11.319+0000] {processor.py:840} INFO - DAG(s) 'extract_open_meteo_v1' retrieved from /opt/airflow/dags/Airflow/dags/extract_open_meteo_dag.py
[2025-10-10T12:18:11.387+0000] {logging_mixin.py:188} INFO - [2025-10-10T12:18:11.386+0000] {dag.py:3047} INFO - Sync 1 DAGs
[2025-10-10T12:18:11.431+0000] {logging_mixin.py:188} INFO - [2025-10-10T12:18:11.431+0000] {dag.py:3834} INFO - Setting next_dagrun for extract_open_meteo_v1 to 2025-10-09 22:00:00+00:00, run_after=2025-10-10 22:00:00+00:00
[2025-10-10T12:18:11.503+0000] {processor.py:183} INFO - Processing /opt/airflow/dags/Airflow/dags/extract_open_meteo_dag.py took 0.235 seconds
[2025-10-10T12:18:41.777+0000] {processor.py:161} INFO - Started process (PID=487) to work on /opt/airflow/dags/Airflow/dags/extract_open_meteo_dag.py
[2025-10-10T12:18:41.779+0000] {processor.py:830} INFO - Processing file /opt/airflow/dags/Airflow/dags/extract_open_meteo_dag.py for tasks to queue
[2025-10-10T12:18:41.781+0000] {logging_mixin.py:188} INFO - [2025-10-10T12:18:41.780+0000] {dagbag.py:540} INFO - Filling up the DagBag from /opt/airflow/dags/Airflow/dags/extract_open_meteo_dag.py
[2025-10-10T12:18:41.831+0000] {processor.py:840} INFO - DAG(s) 'extract_open_meteo_v1' retrieved from /opt/airflow/dags/Airflow/dags/extract_open_meteo_dag.py
[2025-10-10T12:18:41.898+0000] {logging_mixin.py:188} INFO - [2025-10-10T12:18:41.898+0000] {dag.py:3047} INFO - Sync 1 DAGs
[2025-10-10T12:18:41.994+0000] {logging_mixin.py:188} INFO - [2025-10-10T12:18:41.993+0000] {dag.py:3834} INFO - Setting next_dagrun for extract_open_meteo_v1 to 2025-10-09 22:00:00+00:00, run_after=2025-10-10 22:00:00+00:00
[2025-10-10T12:18:42.166+0000] {processor.py:183} INFO - Processing /opt/airflow/dags/Airflow/dags/extract_open_meteo_dag.py took 0.393 seconds
[2025-10-10T12:19:12.620+0000] {processor.py:161} INFO - Started process (PID=492) to work on /opt/airflow/dags/Airflow/dags/extract_open_meteo_dag.py
[2025-10-10T12:19:12.621+0000] {processor.py:830} INFO - Processing file /opt/airflow/dags/Airflow/dags/extract_open_meteo_dag.py for tasks to queue
[2025-10-10T12:19:12.623+0000] {logging_mixin.py:188} INFO - [2025-10-10T12:19:12.623+0000] {dagbag.py:540} INFO - Filling up the DagBag from /opt/airflow/dags/Airflow/dags/extract_open_meteo_dag.py
[2025-10-10T12:19:12.665+0000] {processor.py:840} INFO - DAG(s) 'extract_open_meteo_v1' retrieved from /opt/airflow/dags/Airflow/dags/extract_open_meteo_dag.py
[2025-10-10T12:19:12.739+0000] {logging_mixin.py:188} INFO - [2025-10-10T12:19:12.739+0000] {dag.py:3047} INFO - Sync 1 DAGs
[2025-10-10T12:19:12.791+0000] {logging_mixin.py:188} INFO - [2025-10-10T12:19:12.791+0000] {dag.py:3834} INFO - Setting next_dagrun for extract_open_meteo_v1 to 2025-10-09 22:00:00+00:00, run_after=2025-10-10 22:00:00+00:00
[2025-10-10T12:19:12.854+0000] {processor.py:183} INFO - Processing /opt/airflow/dags/Airflow/dags/extract_open_meteo_dag.py took 0.237 seconds
[2025-10-10T12:19:43.241+0000] {processor.py:161} INFO - Started process (PID=497) to work on /opt/airflow/dags/Airflow/dags/extract_open_meteo_dag.py
[2025-10-10T12:19:43.243+0000] {processor.py:830} INFO - Processing file /opt/airflow/dags/Airflow/dags/extract_open_meteo_dag.py for tasks to queue
[2025-10-10T12:19:43.244+0000] {logging_mixin.py:188} INFO - [2025-10-10T12:19:43.244+0000] {dagbag.py:540} INFO - Filling up the DagBag from /opt/airflow/dags/Airflow/dags/extract_open_meteo_dag.py
[2025-10-10T12:19:43.284+0000] {processor.py:840} INFO - DAG(s) 'extract_open_meteo_v1' retrieved from /opt/airflow/dags/Airflow/dags/extract_open_meteo_dag.py
[2025-10-10T12:19:43.350+0000] {logging_mixin.py:188} INFO - [2025-10-10T12:19:43.350+0000] {dag.py:3047} INFO - Sync 1 DAGs
[2025-10-10T12:19:43.398+0000] {logging_mixin.py:188} INFO - [2025-10-10T12:19:43.398+0000] {dag.py:3834} INFO - Setting next_dagrun for extract_open_meteo_v1 to 2025-10-09 22:00:00+00:00, run_after=2025-10-10 22:00:00+00:00
[2025-10-10T12:19:43.457+0000] {processor.py:183} INFO - Processing /opt/airflow/dags/Airflow/dags/extract_open_meteo_dag.py took 0.219 seconds
[2025-10-10T12:20:13.592+0000] {processor.py:161} INFO - Started process (PID=502) to work on /opt/airflow/dags/Airflow/dags/extract_open_meteo_dag.py
[2025-10-10T12:20:13.594+0000] {processor.py:830} INFO - Processing file /opt/airflow/dags/Airflow/dags/extract_open_meteo_dag.py for tasks to queue
[2025-10-10T12:20:13.596+0000] {logging_mixin.py:188} INFO - [2025-10-10T12:20:13.596+0000] {dagbag.py:540} INFO - Filling up the DagBag from /opt/airflow/dags/Airflow/dags/extract_open_meteo_dag.py
[2025-10-10T12:20:13.642+0000] {processor.py:840} INFO - DAG(s) 'extract_open_meteo_v1' retrieved from /opt/airflow/dags/Airflow/dags/extract_open_meteo_dag.py
[2025-10-10T12:20:13.709+0000] {logging_mixin.py:188} INFO - [2025-10-10T12:20:13.709+0000] {dag.py:3047} INFO - Sync 1 DAGs
[2025-10-10T12:20:13.758+0000] {logging_mixin.py:188} INFO - [2025-10-10T12:20:13.757+0000] {dag.py:3834} INFO - Setting next_dagrun for extract_open_meteo_v1 to 2025-10-09 22:00:00+00:00, run_after=2025-10-10 22:00:00+00:00
[2025-10-10T12:20:13.815+0000] {processor.py:183} INFO - Processing /opt/airflow/dags/Airflow/dags/extract_open_meteo_dag.py took 0.227 seconds
[2025-10-10T12:20:44.066+0000] {processor.py:161} INFO - Started process (PID=507) to work on /opt/airflow/dags/Airflow/dags/extract_open_meteo_dag.py
[2025-10-10T12:20:44.067+0000] {processor.py:830} INFO - Processing file /opt/airflow/dags/Airflow/dags/extract_open_meteo_dag.py for tasks to queue
[2025-10-10T12:20:44.069+0000] {logging_mixin.py:188} INFO - [2025-10-10T12:20:44.069+0000] {dagbag.py:540} INFO - Filling up the DagBag from /opt/airflow/dags/Airflow/dags/extract_open_meteo_dag.py
[2025-10-10T12:20:44.116+0000] {processor.py:840} INFO - DAG(s) 'extract_open_meteo_v1' retrieved from /opt/airflow/dags/Airflow/dags/extract_open_meteo_dag.py
[2025-10-10T12:20:44.182+0000] {logging_mixin.py:188} INFO - [2025-10-10T12:20:44.181+0000] {dag.py:3047} INFO - Sync 1 DAGs
[2025-10-10T12:20:44.229+0000] {logging_mixin.py:188} INFO - [2025-10-10T12:20:44.229+0000] {dag.py:3834} INFO - Setting next_dagrun for extract_open_meteo_v1 to 2025-10-09 22:00:00+00:00, run_after=2025-10-10 22:00:00+00:00
[2025-10-10T12:20:44.290+0000] {processor.py:183} INFO - Processing /opt/airflow/dags/Airflow/dags/extract_open_meteo_dag.py took 0.227 seconds
[2025-10-10T12:21:14.573+0000] {processor.py:161} INFO - Started process (PID=512) to work on /opt/airflow/dags/Airflow/dags/extract_open_meteo_dag.py
[2025-10-10T12:21:14.576+0000] {processor.py:830} INFO - Processing file /opt/airflow/dags/Airflow/dags/extract_open_meteo_dag.py for tasks to queue
[2025-10-10T12:21:14.578+0000] {logging_mixin.py:188} INFO - [2025-10-10T12:21:14.577+0000] {dagbag.py:540} INFO - Filling up the DagBag from /opt/airflow/dags/Airflow/dags/extract_open_meteo_dag.py
[2025-10-10T12:21:14.629+0000] {processor.py:840} INFO - DAG(s) 'extract_open_meteo_v1' retrieved from /opt/airflow/dags/Airflow/dags/extract_open_meteo_dag.py
[2025-10-10T12:21:14.747+0000] {logging_mixin.py:188} INFO - [2025-10-10T12:21:14.747+0000] {dag.py:3047} INFO - Sync 1 DAGs
[2025-10-10T12:21:14.818+0000] {logging_mixin.py:188} INFO - [2025-10-10T12:21:14.818+0000] {dag.py:3834} INFO - Setting next_dagrun for extract_open_meteo_v1 to 2025-10-09 22:00:00+00:00, run_after=2025-10-10 22:00:00+00:00
[2025-10-10T12:21:14.909+0000] {processor.py:183} INFO - Processing /opt/airflow/dags/Airflow/dags/extract_open_meteo_dag.py took 0.341 seconds
[2025-10-10T12:21:45.076+0000] {processor.py:161} INFO - Started process (PID=517) to work on /opt/airflow/dags/Airflow/dags/extract_open_meteo_dag.py
[2025-10-10T12:21:45.079+0000] {processor.py:830} INFO - Processing file /opt/airflow/dags/Airflow/dags/extract_open_meteo_dag.py for tasks to queue
[2025-10-10T12:21:45.082+0000] {logging_mixin.py:188} INFO - [2025-10-10T12:21:45.081+0000] {dagbag.py:540} INFO - Filling up the DagBag from /opt/airflow/dags/Airflow/dags/extract_open_meteo_dag.py
[2025-10-10T12:21:45.135+0000] {processor.py:840} INFO - DAG(s) 'extract_open_meteo_v1' retrieved from /opt/airflow/dags/Airflow/dags/extract_open_meteo_dag.py
[2025-10-10T12:21:45.217+0000] {logging_mixin.py:188} INFO - [2025-10-10T12:21:45.217+0000] {dag.py:3047} INFO - Sync 1 DAGs
[2025-10-10T12:21:45.278+0000] {logging_mixin.py:188} INFO - [2025-10-10T12:21:45.278+0000] {dag.py:3834} INFO - Setting next_dagrun for extract_open_meteo_v1 to 2025-10-09 22:00:00+00:00, run_after=2025-10-10 22:00:00+00:00
[2025-10-10T12:21:45.358+0000] {processor.py:183} INFO - Processing /opt/airflow/dags/Airflow/dags/extract_open_meteo_dag.py took 0.287 seconds
[2025-10-10T12:22:15.737+0000] {processor.py:161} INFO - Started process (PID=522) to work on /opt/airflow/dags/Airflow/dags/extract_open_meteo_dag.py
[2025-10-10T12:22:15.740+0000] {processor.py:830} INFO - Processing file /opt/airflow/dags/Airflow/dags/extract_open_meteo_dag.py for tasks to queue
[2025-10-10T12:22:15.742+0000] {logging_mixin.py:188} INFO - [2025-10-10T12:22:15.741+0000] {dagbag.py:540} INFO - Filling up the DagBag from /opt/airflow/dags/Airflow/dags/extract_open_meteo_dag.py
[2025-10-10T12:22:15.806+0000] {processor.py:840} INFO - DAG(s) 'extract_open_meteo_v1' retrieved from /opt/airflow/dags/Airflow/dags/extract_open_meteo_dag.py
[2025-10-10T12:22:15.901+0000] {logging_mixin.py:188} INFO - [2025-10-10T12:22:15.901+0000] {dag.py:3047} INFO - Sync 1 DAGs
[2025-10-10T12:22:15.970+0000] {logging_mixin.py:188} INFO - [2025-10-10T12:22:15.970+0000] {dag.py:3834} INFO - Setting next_dagrun for extract_open_meteo_v1 to 2025-10-09 22:00:00+00:00, run_after=2025-10-10 22:00:00+00:00
[2025-10-10T12:22:16.039+0000] {processor.py:183} INFO - Processing /opt/airflow/dags/Airflow/dags/extract_open_meteo_dag.py took 0.307 seconds
[2025-10-10T12:22:46.142+0000] {processor.py:161} INFO - Started process (PID=527) to work on /opt/airflow/dags/Airflow/dags/extract_open_meteo_dag.py
[2025-10-10T12:22:46.144+0000] {processor.py:830} INFO - Processing file /opt/airflow/dags/Airflow/dags/extract_open_meteo_dag.py for tasks to queue
[2025-10-10T12:22:46.146+0000] {logging_mixin.py:188} INFO - [2025-10-10T12:22:46.145+0000] {dagbag.py:540} INFO - Filling up the DagBag from /opt/airflow/dags/Airflow/dags/extract_open_meteo_dag.py
[2025-10-10T12:22:46.185+0000] {processor.py:840} INFO - DAG(s) 'extract_open_meteo_v1' retrieved from /opt/airflow/dags/Airflow/dags/extract_open_meteo_dag.py
[2025-10-10T12:22:46.252+0000] {logging_mixin.py:188} INFO - [2025-10-10T12:22:46.252+0000] {dag.py:3047} INFO - Sync 1 DAGs
[2025-10-10T12:22:46.306+0000] {logging_mixin.py:188} INFO - [2025-10-10T12:22:46.305+0000] {dag.py:3834} INFO - Setting next_dagrun for extract_open_meteo_v1 to 2025-10-09 22:00:00+00:00, run_after=2025-10-10 22:00:00+00:00
[2025-10-10T12:22:46.377+0000] {processor.py:183} INFO - Processing /opt/airflow/dags/Airflow/dags/extract_open_meteo_dag.py took 0.239 seconds
[2025-10-10T12:23:16.561+0000] {processor.py:161} INFO - Started process (PID=532) to work on /opt/airflow/dags/Airflow/dags/extract_open_meteo_dag.py
[2025-10-10T12:23:16.566+0000] {processor.py:830} INFO - Processing file /opt/airflow/dags/Airflow/dags/extract_open_meteo_dag.py for tasks to queue
[2025-10-10T12:23:16.568+0000] {logging_mixin.py:188} INFO - [2025-10-10T12:23:16.567+0000] {dagbag.py:540} INFO - Filling up the DagBag from /opt/airflow/dags/Airflow/dags/extract_open_meteo_dag.py
[2025-10-10T12:23:16.636+0000] {processor.py:840} INFO - DAG(s) 'extract_open_meteo_v1' retrieved from /opt/airflow/dags/Airflow/dags/extract_open_meteo_dag.py
[2025-10-10T12:23:16.754+0000] {logging_mixin.py:188} INFO - [2025-10-10T12:23:16.754+0000] {dag.py:3047} INFO - Sync 1 DAGs
[2025-10-10T12:23:16.806+0000] {logging_mixin.py:188} INFO - [2025-10-10T12:23:16.806+0000] {dag.py:3834} INFO - Setting next_dagrun for extract_open_meteo_v1 to 2025-10-09 22:00:00+00:00, run_after=2025-10-10 22:00:00+00:00
[2025-10-10T12:23:16.899+0000] {processor.py:183} INFO - Processing /opt/airflow/dags/Airflow/dags/extract_open_meteo_dag.py took 0.342 seconds
[2025-10-10T12:23:47.045+0000] {processor.py:161} INFO - Started process (PID=537) to work on /opt/airflow/dags/Airflow/dags/extract_open_meteo_dag.py
[2025-10-10T12:23:47.047+0000] {processor.py:830} INFO - Processing file /opt/airflow/dags/Airflow/dags/extract_open_meteo_dag.py for tasks to queue
[2025-10-10T12:23:47.049+0000] {logging_mixin.py:188} INFO - [2025-10-10T12:23:47.049+0000] {dagbag.py:540} INFO - Filling up the DagBag from /opt/airflow/dags/Airflow/dags/extract_open_meteo_dag.py
[2025-10-10T12:23:47.089+0000] {processor.py:840} INFO - DAG(s) 'extract_open_meteo_v1' retrieved from /opt/airflow/dags/Airflow/dags/extract_open_meteo_dag.py
[2025-10-10T12:23:47.183+0000] {logging_mixin.py:188} INFO - [2025-10-10T12:23:47.182+0000] {dag.py:3047} INFO - Sync 1 DAGs
[2025-10-10T12:23:47.252+0000] {logging_mixin.py:188} INFO - [2025-10-10T12:23:47.252+0000] {dag.py:3834} INFO - Setting next_dagrun for extract_open_meteo_v1 to 2025-10-09 22:00:00+00:00, run_after=2025-10-10 22:00:00+00:00
[2025-10-10T12:23:47.311+0000] {processor.py:183} INFO - Processing /opt/airflow/dags/Airflow/dags/extract_open_meteo_dag.py took 0.271 seconds
[2025-10-10T12:24:17.589+0000] {processor.py:161} INFO - Started process (PID=542) to work on /opt/airflow/dags/Airflow/dags/extract_open_meteo_dag.py
[2025-10-10T12:24:17.591+0000] {processor.py:830} INFO - Processing file /opt/airflow/dags/Airflow/dags/extract_open_meteo_dag.py for tasks to queue
[2025-10-10T12:24:17.594+0000] {logging_mixin.py:188} INFO - [2025-10-10T12:24:17.593+0000] {dagbag.py:540} INFO - Filling up the DagBag from /opt/airflow/dags/Airflow/dags/extract_open_meteo_dag.py
[2025-10-10T12:24:17.650+0000] {processor.py:840} INFO - DAG(s) 'extract_open_meteo_v1' retrieved from /opt/airflow/dags/Airflow/dags/extract_open_meteo_dag.py
[2025-10-10T12:24:17.711+0000] {logging_mixin.py:188} INFO - [2025-10-10T12:24:17.711+0000] {dag.py:3047} INFO - Sync 1 DAGs
[2025-10-10T12:24:17.763+0000] {logging_mixin.py:188} INFO - [2025-10-10T12:24:17.762+0000] {dag.py:3834} INFO - Setting next_dagrun for extract_open_meteo_v1 to 2025-10-09 22:00:00+00:00, run_after=2025-10-10 22:00:00+00:00
[2025-10-10T12:24:17.849+0000] {processor.py:183} INFO - Processing /opt/airflow/dags/Airflow/dags/extract_open_meteo_dag.py took 0.267 seconds
[2025-10-10T12:24:47.948+0000] {processor.py:161} INFO - Started process (PID=547) to work on /opt/airflow/dags/Airflow/dags/extract_open_meteo_dag.py
[2025-10-10T12:24:47.950+0000] {processor.py:830} INFO - Processing file /opt/airflow/dags/Airflow/dags/extract_open_meteo_dag.py for tasks to queue
[2025-10-10T12:24:47.952+0000] {logging_mixin.py:188} INFO - [2025-10-10T12:24:47.951+0000] {dagbag.py:540} INFO - Filling up the DagBag from /opt/airflow/dags/Airflow/dags/extract_open_meteo_dag.py
[2025-10-10T12:24:47.994+0000] {processor.py:840} INFO - DAG(s) 'extract_open_meteo_v1' retrieved from /opt/airflow/dags/Airflow/dags/extract_open_meteo_dag.py
[2025-10-10T12:24:48.070+0000] {logging_mixin.py:188} INFO - [2025-10-10T12:24:48.069+0000] {dag.py:3047} INFO - Sync 1 DAGs
[2025-10-10T12:24:48.116+0000] {logging_mixin.py:188} INFO - [2025-10-10T12:24:48.115+0000] {dag.py:3834} INFO - Setting next_dagrun for extract_open_meteo_v1 to 2025-10-09 22:00:00+00:00, run_after=2025-10-10 22:00:00+00:00
[2025-10-10T12:24:48.172+0000] {processor.py:183} INFO - Processing /opt/airflow/dags/Airflow/dags/extract_open_meteo_dag.py took 0.227 seconds
[2025-10-10T12:25:18.589+0000] {processor.py:161} INFO - Started process (PID=552) to work on /opt/airflow/dags/Airflow/dags/extract_open_meteo_dag.py
[2025-10-10T12:25:18.591+0000] {processor.py:830} INFO - Processing file /opt/airflow/dags/Airflow/dags/extract_open_meteo_dag.py for tasks to queue
[2025-10-10T12:25:18.592+0000] {logging_mixin.py:188} INFO - [2025-10-10T12:25:18.592+0000] {dagbag.py:540} INFO - Filling up the DagBag from /opt/airflow/dags/Airflow/dags/extract_open_meteo_dag.py
[2025-10-10T12:25:18.638+0000] {processor.py:840} INFO - DAG(s) 'extract_open_meteo_v1' retrieved from /opt/airflow/dags/Airflow/dags/extract_open_meteo_dag.py
[2025-10-10T12:25:18.707+0000] {logging_mixin.py:188} INFO - [2025-10-10T12:25:18.706+0000] {dag.py:3047} INFO - Sync 1 DAGs
[2025-10-10T12:25:18.756+0000] {logging_mixin.py:188} INFO - [2025-10-10T12:25:18.756+0000] {dag.py:3834} INFO - Setting next_dagrun for extract_open_meteo_v1 to 2025-10-09 22:00:00+00:00, run_after=2025-10-10 22:00:00+00:00
[2025-10-10T12:25:18.830+0000] {processor.py:183} INFO - Processing /opt/airflow/dags/Airflow/dags/extract_open_meteo_dag.py took 0.245 seconds
[2025-10-10T12:25:49.241+0000] {processor.py:161} INFO - Started process (PID=557) to work on /opt/airflow/dags/Airflow/dags/extract_open_meteo_dag.py
[2025-10-10T12:25:49.243+0000] {processor.py:830} INFO - Processing file /opt/airflow/dags/Airflow/dags/extract_open_meteo_dag.py for tasks to queue
[2025-10-10T12:25:49.245+0000] {logging_mixin.py:188} INFO - [2025-10-10T12:25:49.245+0000] {dagbag.py:540} INFO - Filling up the DagBag from /opt/airflow/dags/Airflow/dags/extract_open_meteo_dag.py
[2025-10-10T12:25:49.303+0000] {processor.py:840} INFO - DAG(s) 'extract_open_meteo_v1' retrieved from /opt/airflow/dags/Airflow/dags/extract_open_meteo_dag.py
[2025-10-10T12:25:49.376+0000] {logging_mixin.py:188} INFO - [2025-10-10T12:25:49.376+0000] {dag.py:3047} INFO - Sync 1 DAGs
[2025-10-10T12:25:49.425+0000] {logging_mixin.py:188} INFO - [2025-10-10T12:25:49.424+0000] {dag.py:3834} INFO - Setting next_dagrun for extract_open_meteo_v1 to 2025-10-09 22:00:00+00:00, run_after=2025-10-10 22:00:00+00:00
[2025-10-10T12:25:49.494+0000] {processor.py:183} INFO - Processing /opt/airflow/dags/Airflow/dags/extract_open_meteo_dag.py took 0.257 seconds
[2025-10-10T12:26:19.690+0000] {processor.py:161} INFO - Started process (PID=562) to work on /opt/airflow/dags/Airflow/dags/extract_open_meteo_dag.py
[2025-10-10T12:26:19.693+0000] {processor.py:830} INFO - Processing file /opt/airflow/dags/Airflow/dags/extract_open_meteo_dag.py for tasks to queue
[2025-10-10T12:26:19.695+0000] {logging_mixin.py:188} INFO - [2025-10-10T12:26:19.694+0000] {dagbag.py:540} INFO - Filling up the DagBag from /opt/airflow/dags/Airflow/dags/extract_open_meteo_dag.py
[2025-10-10T12:26:19.747+0000] {processor.py:840} INFO - DAG(s) 'extract_open_meteo_v1' retrieved from /opt/airflow/dags/Airflow/dags/extract_open_meteo_dag.py
[2025-10-10T12:26:19.825+0000] {logging_mixin.py:188} INFO - [2025-10-10T12:26:19.825+0000] {dag.py:3047} INFO - Sync 1 DAGs
[2025-10-10T12:26:19.874+0000] {logging_mixin.py:188} INFO - [2025-10-10T12:26:19.874+0000] {dag.py:3834} INFO - Setting next_dagrun for extract_open_meteo_v1 to 2025-10-09 22:00:00+00:00, run_after=2025-10-10 22:00:00+00:00
[2025-10-10T12:26:19.936+0000] {processor.py:183} INFO - Processing /opt/airflow/dags/Airflow/dags/extract_open_meteo_dag.py took 0.252 seconds
[2025-10-10T12:26:50.186+0000] {processor.py:161} INFO - Started process (PID=567) to work on /opt/airflow/dags/Airflow/dags/extract_open_meteo_dag.py
[2025-10-10T12:26:50.188+0000] {processor.py:830} INFO - Processing file /opt/airflow/dags/Airflow/dags/extract_open_meteo_dag.py for tasks to queue
[2025-10-10T12:26:50.190+0000] {logging_mixin.py:188} INFO - [2025-10-10T12:26:50.189+0000] {dagbag.py:540} INFO - Filling up the DagBag from /opt/airflow/dags/Airflow/dags/extract_open_meteo_dag.py
[2025-10-10T12:26:50.235+0000] {processor.py:840} INFO - DAG(s) 'extract_open_meteo_v1' retrieved from /opt/airflow/dags/Airflow/dags/extract_open_meteo_dag.py
[2025-10-10T12:26:50.328+0000] {logging_mixin.py:188} INFO - [2025-10-10T12:26:50.328+0000] {dag.py:3047} INFO - Sync 1 DAGs
[2025-10-10T12:26:50.495+0000] {logging_mixin.py:188} INFO - [2025-10-10T12:26:50.494+0000] {dag.py:3834} INFO - Setting next_dagrun for extract_open_meteo_v1 to 2025-10-09 22:00:00+00:00, run_after=2025-10-10 22:00:00+00:00
[2025-10-10T12:26:50.605+0000] {processor.py:183} INFO - Processing /opt/airflow/dags/Airflow/dags/extract_open_meteo_dag.py took 0.423 seconds
[2025-10-10T12:27:24.684+0000] {processor.py:161} INFO - Started process (PID=572) to work on /opt/airflow/dags/Airflow/dags/extract_open_meteo_dag.py
[2025-10-10T12:27:24.687+0000] {processor.py:830} INFO - Processing file /opt/airflow/dags/Airflow/dags/extract_open_meteo_dag.py for tasks to queue
[2025-10-10T12:27:24.690+0000] {logging_mixin.py:188} INFO - [2025-10-10T12:27:24.689+0000] {dagbag.py:540} INFO - Filling up the DagBag from /opt/airflow/dags/Airflow/dags/extract_open_meteo_dag.py
[2025-10-10T12:27:24.770+0000] {processor.py:840} INFO - DAG(s) 'extract_open_meteo_v1' retrieved from /opt/airflow/dags/Airflow/dags/extract_open_meteo_dag.py
[2025-10-10T12:27:24.872+0000] {logging_mixin.py:188} INFO - [2025-10-10T12:27:24.871+0000] {dag.py:3047} INFO - Sync 1 DAGs
[2025-10-10T12:27:24.932+0000] {logging_mixin.py:188} INFO - [2025-10-10T12:27:24.932+0000] {dag.py:3834} INFO - Setting next_dagrun for extract_open_meteo_v1 to 2025-10-09 22:00:00+00:00, run_after=2025-10-10 22:00:00+00:00
[2025-10-10T12:27:25.002+0000] {processor.py:183} INFO - Processing /opt/airflow/dags/Airflow/dags/extract_open_meteo_dag.py took 0.327 seconds
[2025-10-10T12:27:55.513+0000] {processor.py:161} INFO - Started process (PID=577) to work on /opt/airflow/dags/Airflow/dags/extract_open_meteo_dag.py
[2025-10-10T12:27:55.520+0000] {processor.py:830} INFO - Processing file /opt/airflow/dags/Airflow/dags/extract_open_meteo_dag.py for tasks to queue
[2025-10-10T12:27:55.523+0000] {logging_mixin.py:188} INFO - [2025-10-10T12:27:55.522+0000] {dagbag.py:540} INFO - Filling up the DagBag from /opt/airflow/dags/Airflow/dags/extract_open_meteo_dag.py
[2025-10-10T12:27:55.627+0000] {processor.py:840} INFO - DAG(s) 'extract_open_meteo_v1' retrieved from /opt/airflow/dags/Airflow/dags/extract_open_meteo_dag.py
[2025-10-10T12:27:55.750+0000] {logging_mixin.py:188} INFO - [2025-10-10T12:27:55.750+0000] {dag.py:3047} INFO - Sync 1 DAGs
[2025-10-10T12:27:55.812+0000] {logging_mixin.py:188} INFO - [2025-10-10T12:27:55.812+0000] {dag.py:3834} INFO - Setting next_dagrun for extract_open_meteo_v1 to 2025-10-09 22:00:00+00:00, run_after=2025-10-10 22:00:00+00:00
[2025-10-10T12:27:55.891+0000] {processor.py:183} INFO - Processing /opt/airflow/dags/Airflow/dags/extract_open_meteo_dag.py took 0.386 seconds
[2025-10-10T12:28:26.282+0000] {processor.py:161} INFO - Started process (PID=582) to work on /opt/airflow/dags/Airflow/dags/extract_open_meteo_dag.py
[2025-10-10T12:28:26.285+0000] {processor.py:830} INFO - Processing file /opt/airflow/dags/Airflow/dags/extract_open_meteo_dag.py for tasks to queue
[2025-10-10T12:28:26.288+0000] {logging_mixin.py:188} INFO - [2025-10-10T12:28:26.287+0000] {dagbag.py:540} INFO - Filling up the DagBag from /opt/airflow/dags/Airflow/dags/extract_open_meteo_dag.py
[2025-10-10T12:28:26.350+0000] {processor.py:840} INFO - DAG(s) 'extract_open_meteo_v1' retrieved from /opt/airflow/dags/Airflow/dags/extract_open_meteo_dag.py
[2025-10-10T12:28:26.448+0000] {logging_mixin.py:188} INFO - [2025-10-10T12:28:26.447+0000] {dag.py:3047} INFO - Sync 1 DAGs
[2025-10-10T12:28:26.500+0000] {logging_mixin.py:188} INFO - [2025-10-10T12:28:26.499+0000] {dag.py:3834} INFO - Setting next_dagrun for extract_open_meteo_v1 to 2025-10-09 22:00:00+00:00, run_after=2025-10-10 22:00:00+00:00
[2025-10-10T12:28:26.554+0000] {processor.py:183} INFO - Processing /opt/airflow/dags/Airflow/dags/extract_open_meteo_dag.py took 0.276 seconds
[2025-10-10T12:28:56.908+0000] {processor.py:161} INFO - Started process (PID=587) to work on /opt/airflow/dags/Airflow/dags/extract_open_meteo_dag.py
[2025-10-10T12:28:56.910+0000] {processor.py:830} INFO - Processing file /opt/airflow/dags/Airflow/dags/extract_open_meteo_dag.py for tasks to queue
[2025-10-10T12:28:56.912+0000] {logging_mixin.py:188} INFO - [2025-10-10T12:28:56.912+0000] {dagbag.py:540} INFO - Filling up the DagBag from /opt/airflow/dags/Airflow/dags/extract_open_meteo_dag.py
[2025-10-10T12:28:56.967+0000] {processor.py:840} INFO - DAG(s) 'extract_open_meteo_v1' retrieved from /opt/airflow/dags/Airflow/dags/extract_open_meteo_dag.py
[2025-10-10T12:28:57.037+0000] {logging_mixin.py:188} INFO - [2025-10-10T12:28:57.036+0000] {dag.py:3047} INFO - Sync 1 DAGs
[2025-10-10T12:28:57.089+0000] {logging_mixin.py:188} INFO - [2025-10-10T12:28:57.089+0000] {dag.py:3834} INFO - Setting next_dagrun for extract_open_meteo_v1 to 2025-10-09 22:00:00+00:00, run_after=2025-10-10 22:00:00+00:00
[2025-10-10T12:28:57.161+0000] {processor.py:183} INFO - Processing /opt/airflow/dags/Airflow/dags/extract_open_meteo_dag.py took 0.259 seconds
[2025-10-10T12:29:27.596+0000] {processor.py:161} INFO - Started process (PID=592) to work on /opt/airflow/dags/Airflow/dags/extract_open_meteo_dag.py
[2025-10-10T12:29:27.598+0000] {processor.py:830} INFO - Processing file /opt/airflow/dags/Airflow/dags/extract_open_meteo_dag.py for tasks to queue
[2025-10-10T12:29:27.600+0000] {logging_mixin.py:188} INFO - [2025-10-10T12:29:27.600+0000] {dagbag.py:540} INFO - Filling up the DagBag from /opt/airflow/dags/Airflow/dags/extract_open_meteo_dag.py
[2025-10-10T12:29:27.642+0000] {processor.py:840} INFO - DAG(s) 'extract_open_meteo_v1' retrieved from /opt/airflow/dags/Airflow/dags/extract_open_meteo_dag.py
[2025-10-10T12:29:27.712+0000] {logging_mixin.py:188} INFO - [2025-10-10T12:29:27.711+0000] {dag.py:3047} INFO - Sync 1 DAGs
[2025-10-10T12:29:27.768+0000] {logging_mixin.py:188} INFO - [2025-10-10T12:29:27.767+0000] {dag.py:3834} INFO - Setting next_dagrun for extract_open_meteo_v1 to 2025-10-09 22:00:00+00:00, run_after=2025-10-10 22:00:00+00:00
[2025-10-10T12:29:27.849+0000] {processor.py:183} INFO - Processing /opt/airflow/dags/Airflow/dags/extract_open_meteo_dag.py took 0.259 seconds
[2025-10-10T12:29:58.387+0000] {processor.py:161} INFO - Started process (PID=597) to work on /opt/airflow/dags/Airflow/dags/extract_open_meteo_dag.py
[2025-10-10T12:29:58.401+0000] {processor.py:830} INFO - Processing file /opt/airflow/dags/Airflow/dags/extract_open_meteo_dag.py for tasks to queue
[2025-10-10T12:29:58.409+0000] {logging_mixin.py:188} INFO - [2025-10-10T12:29:58.406+0000] {dagbag.py:540} INFO - Filling up the DagBag from /opt/airflow/dags/Airflow/dags/extract_open_meteo_dag.py
[2025-10-10T12:29:58.583+0000] {processor.py:840} INFO - DAG(s) 'extract_open_meteo_v1' retrieved from /opt/airflow/dags/Airflow/dags/extract_open_meteo_dag.py
[2025-10-10T12:29:58.790+0000] {logging_mixin.py:188} INFO - [2025-10-10T12:29:58.789+0000] {dag.py:3047} INFO - Sync 1 DAGs
[2025-10-10T12:29:58.930+0000] {logging_mixin.py:188} INFO - [2025-10-10T12:29:58.929+0000] {dag.py:3834} INFO - Setting next_dagrun for extract_open_meteo_v1 to 2025-10-09 22:00:00+00:00, run_after=2025-10-10 22:00:00+00:00
[2025-10-10T12:29:59.026+0000] {processor.py:183} INFO - Processing /opt/airflow/dags/Airflow/dags/extract_open_meteo_dag.py took 0.694 seconds
[2025-10-10T12:30:29.374+0000] {processor.py:161} INFO - Started process (PID=602) to work on /opt/airflow/dags/Airflow/dags/extract_open_meteo_dag.py
[2025-10-10T12:30:29.380+0000] {processor.py:830} INFO - Processing file /opt/airflow/dags/Airflow/dags/extract_open_meteo_dag.py for tasks to queue
[2025-10-10T12:30:29.384+0000] {logging_mixin.py:188} INFO - [2025-10-10T12:30:29.383+0000] {dagbag.py:540} INFO - Filling up the DagBag from /opt/airflow/dags/Airflow/dags/extract_open_meteo_dag.py
[2025-10-10T12:30:29.479+0000] {processor.py:840} INFO - DAG(s) 'extract_open_meteo_v1' retrieved from /opt/airflow/dags/Airflow/dags/extract_open_meteo_dag.py
[2025-10-10T12:30:29.637+0000] {logging_mixin.py:188} INFO - [2025-10-10T12:30:29.636+0000] {dag.py:3047} INFO - Sync 1 DAGs
[2025-10-10T12:30:29.743+0000] {logging_mixin.py:188} INFO - [2025-10-10T12:30:29.743+0000] {dag.py:3834} INFO - Setting next_dagrun for extract_open_meteo_v1 to 2025-10-09 22:00:00+00:00, run_after=2025-10-10 22:00:00+00:00
[2025-10-10T12:30:29.834+0000] {processor.py:183} INFO - Processing /opt/airflow/dags/Airflow/dags/extract_open_meteo_dag.py took 0.475 seconds
[2025-10-10T12:31:00.292+0000] {processor.py:161} INFO - Started process (PID=607) to work on /opt/airflow/dags/Airflow/dags/extract_open_meteo_dag.py
[2025-10-10T12:31:00.294+0000] {processor.py:830} INFO - Processing file /opt/airflow/dags/Airflow/dags/extract_open_meteo_dag.py for tasks to queue
[2025-10-10T12:31:00.296+0000] {logging_mixin.py:188} INFO - [2025-10-10T12:31:00.295+0000] {dagbag.py:540} INFO - Filling up the DagBag from /opt/airflow/dags/Airflow/dags/extract_open_meteo_dag.py
[2025-10-10T12:31:00.356+0000] {processor.py:840} INFO - DAG(s) 'extract_open_meteo_v1' retrieved from /opt/airflow/dags/Airflow/dags/extract_open_meteo_dag.py
[2025-10-10T12:31:00.441+0000] {logging_mixin.py:188} INFO - [2025-10-10T12:31:00.440+0000] {dag.py:3047} INFO - Sync 1 DAGs
[2025-10-10T12:31:00.500+0000] {logging_mixin.py:188} INFO - [2025-10-10T12:31:00.500+0000] {dag.py:3834} INFO - Setting next_dagrun for extract_open_meteo_v1 to 2025-10-09 22:00:00+00:00, run_after=2025-10-10 22:00:00+00:00
[2025-10-10T12:31:00.581+0000] {processor.py:183} INFO - Processing /opt/airflow/dags/Airflow/dags/extract_open_meteo_dag.py took 0.294 seconds
[2025-10-10T12:31:30.702+0000] {processor.py:161} INFO - Started process (PID=612) to work on /opt/airflow/dags/Airflow/dags/extract_open_meteo_dag.py
[2025-10-10T12:31:30.705+0000] {processor.py:830} INFO - Processing file /opt/airflow/dags/Airflow/dags/extract_open_meteo_dag.py for tasks to queue
[2025-10-10T12:31:30.707+0000] {logging_mixin.py:188} INFO - [2025-10-10T12:31:30.706+0000] {dagbag.py:540} INFO - Filling up the DagBag from /opt/airflow/dags/Airflow/dags/extract_open_meteo_dag.py
[2025-10-10T12:31:30.763+0000] {processor.py:840} INFO - DAG(s) 'extract_open_meteo_v1' retrieved from /opt/airflow/dags/Airflow/dags/extract_open_meteo_dag.py
[2025-10-10T12:31:30.850+0000] {logging_mixin.py:188} INFO - [2025-10-10T12:31:30.849+0000] {dag.py:3047} INFO - Sync 1 DAGs
[2025-10-10T12:31:30.910+0000] {logging_mixin.py:188} INFO - [2025-10-10T12:31:30.909+0000] {dag.py:3834} INFO - Setting next_dagrun for extract_open_meteo_v1 to 2025-10-09 22:00:00+00:00, run_after=2025-10-10 22:00:00+00:00
[2025-10-10T12:31:31.000+0000] {processor.py:183} INFO - Processing /opt/airflow/dags/Airflow/dags/extract_open_meteo_dag.py took 0.302 seconds
[2025-10-10T12:32:01.713+0000] {processor.py:161} INFO - Started process (PID=617) to work on /opt/airflow/dags/Airflow/dags/extract_open_meteo_dag.py
[2025-10-10T12:32:01.720+0000] {processor.py:830} INFO - Processing file /opt/airflow/dags/Airflow/dags/extract_open_meteo_dag.py for tasks to queue
[2025-10-10T12:32:01.723+0000] {logging_mixin.py:188} INFO - [2025-10-10T12:32:01.722+0000] {dagbag.py:540} INFO - Filling up the DagBag from /opt/airflow/dags/Airflow/dags/extract_open_meteo_dag.py
[2025-10-10T12:32:01.780+0000] {processor.py:840} INFO - DAG(s) 'extract_open_meteo_v1' retrieved from /opt/airflow/dags/Airflow/dags/extract_open_meteo_dag.py
[2025-10-10T12:32:01.860+0000] {logging_mixin.py:188} INFO - [2025-10-10T12:32:01.860+0000] {dag.py:3047} INFO - Sync 1 DAGs
[2025-10-10T12:32:01.918+0000] {logging_mixin.py:188} INFO - [2025-10-10T12:32:01.918+0000] {dag.py:3834} INFO - Setting next_dagrun for extract_open_meteo_v1 to 2025-10-09 22:00:00+00:00, run_after=2025-10-10 22:00:00+00:00
[2025-10-10T12:32:01.999+0000] {processor.py:183} INFO - Processing /opt/airflow/dags/Airflow/dags/extract_open_meteo_dag.py took 0.309 seconds
[2025-10-10T12:32:32.512+0000] {processor.py:161} INFO - Started process (PID=622) to work on /opt/airflow/dags/Airflow/dags/extract_open_meteo_dag.py
[2025-10-10T12:32:32.514+0000] {processor.py:830} INFO - Processing file /opt/airflow/dags/Airflow/dags/extract_open_meteo_dag.py for tasks to queue
[2025-10-10T12:32:32.516+0000] {logging_mixin.py:188} INFO - [2025-10-10T12:32:32.516+0000] {dagbag.py:540} INFO - Filling up the DagBag from /opt/airflow/dags/Airflow/dags/extract_open_meteo_dag.py
[2025-10-10T12:32:32.572+0000] {processor.py:840} INFO - DAG(s) 'extract_open_meteo_v1' retrieved from /opt/airflow/dags/Airflow/dags/extract_open_meteo_dag.py
[2025-10-10T12:32:32.661+0000] {logging_mixin.py:188} INFO - [2025-10-10T12:32:32.660+0000] {dag.py:3047} INFO - Sync 1 DAGs
[2025-10-10T12:32:32.723+0000] {logging_mixin.py:188} INFO - [2025-10-10T12:32:32.723+0000] {dag.py:3834} INFO - Setting next_dagrun for extract_open_meteo_v1 to 2025-10-09 22:00:00+00:00, run_after=2025-10-10 22:00:00+00:00
[2025-10-10T12:32:32.794+0000] {processor.py:183} INFO - Processing /opt/airflow/dags/Airflow/dags/extract_open_meteo_dag.py took 0.289 seconds
[2025-10-10T12:33:03.363+0000] {processor.py:161} INFO - Started process (PID=627) to work on /opt/airflow/dags/Airflow/dags/extract_open_meteo_dag.py
[2025-10-10T12:33:03.366+0000] {processor.py:830} INFO - Processing file /opt/airflow/dags/Airflow/dags/extract_open_meteo_dag.py for tasks to queue
[2025-10-10T12:33:03.369+0000] {logging_mixin.py:188} INFO - [2025-10-10T12:33:03.368+0000] {dagbag.py:540} INFO - Filling up the DagBag from /opt/airflow/dags/Airflow/dags/extract_open_meteo_dag.py
[2025-10-10T12:33:03.426+0000] {processor.py:840} INFO - DAG(s) 'extract_open_meteo_v1' retrieved from /opt/airflow/dags/Airflow/dags/extract_open_meteo_dag.py
[2025-10-10T12:33:03.524+0000] {logging_mixin.py:188} INFO - [2025-10-10T12:33:03.523+0000] {dag.py:3047} INFO - Sync 1 DAGs
[2025-10-10T12:33:03.585+0000] {logging_mixin.py:188} INFO - [2025-10-10T12:33:03.585+0000] {dag.py:3834} INFO - Setting next_dagrun for extract_open_meteo_v1 to 2025-10-09 22:00:00+00:00, run_after=2025-10-10 22:00:00+00:00
[2025-10-10T12:33:03.667+0000] {processor.py:183} INFO - Processing /opt/airflow/dags/Airflow/dags/extract_open_meteo_dag.py took 0.309 seconds
[2025-10-10T12:33:33.866+0000] {processor.py:161} INFO - Started process (PID=632) to work on /opt/airflow/dags/Airflow/dags/extract_open_meteo_dag.py
[2025-10-10T12:33:33.869+0000] {processor.py:830} INFO - Processing file /opt/airflow/dags/Airflow/dags/extract_open_meteo_dag.py for tasks to queue
[2025-10-10T12:33:33.871+0000] {logging_mixin.py:188} INFO - [2025-10-10T12:33:33.871+0000] {dagbag.py:540} INFO - Filling up the DagBag from /opt/airflow/dags/Airflow/dags/extract_open_meteo_dag.py
[2025-10-10T12:33:33.930+0000] {processor.py:840} INFO - DAG(s) 'extract_open_meteo_v1' retrieved from /opt/airflow/dags/Airflow/dags/extract_open_meteo_dag.py
[2025-10-10T12:33:34.028+0000] {logging_mixin.py:188} INFO - [2025-10-10T12:33:34.027+0000] {dag.py:3047} INFO - Sync 1 DAGs
[2025-10-10T12:33:34.095+0000] {logging_mixin.py:188} INFO - [2025-10-10T12:33:34.094+0000] {dag.py:3834} INFO - Setting next_dagrun for extract_open_meteo_v1 to 2025-10-09 22:00:00+00:00, run_after=2025-10-10 22:00:00+00:00
[2025-10-10T12:33:34.172+0000] {processor.py:183} INFO - Processing /opt/airflow/dags/Airflow/dags/extract_open_meteo_dag.py took 0.313 seconds
[2025-10-10T12:34:04.606+0000] {processor.py:161} INFO - Started process (PID=637) to work on /opt/airflow/dags/Airflow/dags/extract_open_meteo_dag.py
[2025-10-10T12:34:04.608+0000] {processor.py:830} INFO - Processing file /opt/airflow/dags/Airflow/dags/extract_open_meteo_dag.py for tasks to queue
[2025-10-10T12:34:04.610+0000] {logging_mixin.py:188} INFO - [2025-10-10T12:34:04.610+0000] {dagbag.py:540} INFO - Filling up the DagBag from /opt/airflow/dags/Airflow/dags/extract_open_meteo_dag.py
[2025-10-10T12:34:04.672+0000] {processor.py:840} INFO - DAG(s) 'extract_open_meteo_v1' retrieved from /opt/airflow/dags/Airflow/dags/extract_open_meteo_dag.py
[2025-10-10T12:34:04.766+0000] {logging_mixin.py:188} INFO - [2025-10-10T12:34:04.766+0000] {dag.py:3047} INFO - Sync 1 DAGs
[2025-10-10T12:34:04.824+0000] {logging_mixin.py:188} INFO - [2025-10-10T12:34:04.823+0000] {dag.py:3834} INFO - Setting next_dagrun for extract_open_meteo_v1 to 2025-10-09 22:00:00+00:00, run_after=2025-10-10 22:00:00+00:00
[2025-10-10T12:34:04.896+0000] {processor.py:183} INFO - Processing /opt/airflow/dags/Airflow/dags/extract_open_meteo_dag.py took 0.295 seconds
[2025-10-10T12:34:35.833+0000] {processor.py:161} INFO - Started process (PID=642) to work on /opt/airflow/dags/Airflow/dags/extract_open_meteo_dag.py
[2025-10-10T12:34:35.836+0000] {processor.py:830} INFO - Processing file /opt/airflow/dags/Airflow/dags/extract_open_meteo_dag.py for tasks to queue
[2025-10-10T12:34:35.840+0000] {logging_mixin.py:188} INFO - [2025-10-10T12:34:35.839+0000] {dagbag.py:540} INFO - Filling up the DagBag from /opt/airflow/dags/Airflow/dags/extract_open_meteo_dag.py
[2025-10-10T12:34:35.928+0000] {processor.py:840} INFO - DAG(s) 'extract_open_meteo_v1' retrieved from /opt/airflow/dags/Airflow/dags/extract_open_meteo_dag.py
[2025-10-10T12:34:36.073+0000] {logging_mixin.py:188} INFO - [2025-10-10T12:34:36.072+0000] {dag.py:3047} INFO - Sync 1 DAGs
[2025-10-10T12:34:36.154+0000] {logging_mixin.py:188} INFO - [2025-10-10T12:34:36.154+0000] {dag.py:3834} INFO - Setting next_dagrun for extract_open_meteo_v1 to 2025-10-09 22:00:00+00:00, run_after=2025-10-10 22:00:00+00:00
[2025-10-10T12:34:36.250+0000] {processor.py:183} INFO - Processing /opt/airflow/dags/Airflow/dags/extract_open_meteo_dag.py took 0.453 seconds
[2025-10-10T12:35:06.408+0000] {processor.py:161} INFO - Started process (PID=647) to work on /opt/airflow/dags/Airflow/dags/extract_open_meteo_dag.py
[2025-10-10T12:35:06.410+0000] {processor.py:830} INFO - Processing file /opt/airflow/dags/Airflow/dags/extract_open_meteo_dag.py for tasks to queue
[2025-10-10T12:35:06.413+0000] {logging_mixin.py:188} INFO - [2025-10-10T12:35:06.412+0000] {dagbag.py:540} INFO - Filling up the DagBag from /opt/airflow/dags/Airflow/dags/extract_open_meteo_dag.py
[2025-10-10T12:35:06.465+0000] {processor.py:840} INFO - DAG(s) 'extract_open_meteo_v1' retrieved from /opt/airflow/dags/Airflow/dags/extract_open_meteo_dag.py
[2025-10-10T12:35:06.565+0000] {logging_mixin.py:188} INFO - [2025-10-10T12:35:06.565+0000] {dag.py:3047} INFO - Sync 1 DAGs
[2025-10-10T12:35:06.625+0000] {logging_mixin.py:188} INFO - [2025-10-10T12:35:06.625+0000] {dag.py:3834} INFO - Setting next_dagrun for extract_open_meteo_v1 to 2025-10-09 22:00:00+00:00, run_after=2025-10-10 22:00:00+00:00
[2025-10-10T12:35:06.706+0000] {processor.py:183} INFO - Processing /opt/airflow/dags/Airflow/dags/extract_open_meteo_dag.py took 0.305 seconds
[2025-10-10T12:35:37.141+0000] {processor.py:161} INFO - Started process (PID=652) to work on /opt/airflow/dags/Airflow/dags/extract_open_meteo_dag.py
[2025-10-10T12:35:37.143+0000] {processor.py:830} INFO - Processing file /opt/airflow/dags/Airflow/dags/extract_open_meteo_dag.py for tasks to queue
[2025-10-10T12:35:37.146+0000] {logging_mixin.py:188} INFO - [2025-10-10T12:35:37.145+0000] {dagbag.py:540} INFO - Filling up the DagBag from /opt/airflow/dags/Airflow/dags/extract_open_meteo_dag.py
[2025-10-10T12:35:37.208+0000] {processor.py:840} INFO - DAG(s) 'extract_open_meteo_v1' retrieved from /opt/airflow/dags/Airflow/dags/extract_open_meteo_dag.py
[2025-10-10T12:35:37.302+0000] {logging_mixin.py:188} INFO - [2025-10-10T12:35:37.301+0000] {dag.py:3047} INFO - Sync 1 DAGs
[2025-10-10T12:35:37.370+0000] {logging_mixin.py:188} INFO - [2025-10-10T12:35:37.370+0000] {dag.py:3834} INFO - Setting next_dagrun for extract_open_meteo_v1 to 2025-10-09 22:00:00+00:00, run_after=2025-10-10 22:00:00+00:00
[2025-10-10T12:35:37.466+0000] {processor.py:183} INFO - Processing /opt/airflow/dags/Airflow/dags/extract_open_meteo_dag.py took 0.330 seconds
[2025-10-10T12:36:07.920+0000] {processor.py:161} INFO - Started process (PID=657) to work on /opt/airflow/dags/Airflow/dags/extract_open_meteo_dag.py
[2025-10-10T12:36:07.922+0000] {processor.py:830} INFO - Processing file /opt/airflow/dags/Airflow/dags/extract_open_meteo_dag.py for tasks to queue
[2025-10-10T12:36:07.925+0000] {logging_mixin.py:188} INFO - [2025-10-10T12:36:07.924+0000] {dagbag.py:540} INFO - Filling up the DagBag from /opt/airflow/dags/Airflow/dags/extract_open_meteo_dag.py
[2025-10-10T12:36:07.977+0000] {processor.py:840} INFO - DAG(s) 'extract_open_meteo_v1' retrieved from /opt/airflow/dags/Airflow/dags/extract_open_meteo_dag.py
[2025-10-10T12:36:08.148+0000] {logging_mixin.py:188} INFO - [2025-10-10T12:36:08.142+0000] {dag.py:3047} INFO - Sync 1 DAGs
[2025-10-10T12:36:08.212+0000] {logging_mixin.py:188} INFO - [2025-10-10T12:36:08.212+0000] {dag.py:3834} INFO - Setting next_dagrun for extract_open_meteo_v1 to 2025-10-09 22:00:00+00:00, run_after=2025-10-10 22:00:00+00:00
[2025-10-10T12:36:08.289+0000] {processor.py:183} INFO - Processing /opt/airflow/dags/Airflow/dags/extract_open_meteo_dag.py took 0.374 seconds
[2025-10-10T12:36:38.856+0000] {processor.py:161} INFO - Started process (PID=662) to work on /opt/airflow/dags/Airflow/dags/extract_open_meteo_dag.py
[2025-10-10T12:36:38.859+0000] {processor.py:830} INFO - Processing file /opt/airflow/dags/Airflow/dags/extract_open_meteo_dag.py for tasks to queue
[2025-10-10T12:36:38.862+0000] {logging_mixin.py:188} INFO - [2025-10-10T12:36:38.861+0000] {dagbag.py:540} INFO - Filling up the DagBag from /opt/airflow/dags/Airflow/dags/extract_open_meteo_dag.py
[2025-10-10T12:36:38.925+0000] {processor.py:840} INFO - DAG(s) 'extract_open_meteo_v1' retrieved from /opt/airflow/dags/Airflow/dags/extract_open_meteo_dag.py
[2025-10-10T12:36:39.039+0000] {logging_mixin.py:188} INFO - [2025-10-10T12:36:39.038+0000] {dag.py:3047} INFO - Sync 1 DAGs
[2025-10-10T12:36:39.105+0000] {logging_mixin.py:188} INFO - [2025-10-10T12:36:39.105+0000] {dag.py:3834} INFO - Setting next_dagrun for extract_open_meteo_v1 to 2025-10-09 22:00:00+00:00, run_after=2025-10-10 22:00:00+00:00
[2025-10-10T12:36:39.204+0000] {processor.py:183} INFO - Processing /opt/airflow/dags/Airflow/dags/extract_open_meteo_dag.py took 0.356 seconds
[2025-10-10T12:37:09.357+0000] {processor.py:161} INFO - Started process (PID=667) to work on /opt/airflow/dags/Airflow/dags/extract_open_meteo_dag.py
[2025-10-10T12:37:09.360+0000] {processor.py:830} INFO - Processing file /opt/airflow/dags/Airflow/dags/extract_open_meteo_dag.py for tasks to queue
[2025-10-10T12:37:09.363+0000] {logging_mixin.py:188} INFO - [2025-10-10T12:37:09.362+0000] {dagbag.py:540} INFO - Filling up the DagBag from /opt/airflow/dags/Airflow/dags/extract_open_meteo_dag.py
[2025-10-10T12:37:09.422+0000] {processor.py:840} INFO - DAG(s) 'extract_open_meteo_v1' retrieved from /opt/airflow/dags/Airflow/dags/extract_open_meteo_dag.py
[2025-10-10T12:37:09.521+0000] {logging_mixin.py:188} INFO - [2025-10-10T12:37:09.521+0000] {dag.py:3047} INFO - Sync 1 DAGs
[2025-10-10T12:37:09.589+0000] {logging_mixin.py:188} INFO - [2025-10-10T12:37:09.588+0000] {dag.py:3834} INFO - Setting next_dagrun for extract_open_meteo_v1 to 2025-10-09 22:00:00+00:00, run_after=2025-10-10 22:00:00+00:00
[2025-10-10T12:37:09.673+0000] {processor.py:183} INFO - Processing /opt/airflow/dags/Airflow/dags/extract_open_meteo_dag.py took 0.325 seconds
[2025-10-10T12:37:39.782+0000] {processor.py:161} INFO - Started process (PID=672) to work on /opt/airflow/dags/Airflow/dags/extract_open_meteo_dag.py
[2025-10-10T12:37:39.784+0000] {processor.py:830} INFO - Processing file /opt/airflow/dags/Airflow/dags/extract_open_meteo_dag.py for tasks to queue
[2025-10-10T12:37:39.786+0000] {logging_mixin.py:188} INFO - [2025-10-10T12:37:39.785+0000] {dagbag.py:540} INFO - Filling up the DagBag from /opt/airflow/dags/Airflow/dags/extract_open_meteo_dag.py
[2025-10-10T12:37:39.835+0000] {processor.py:840} INFO - DAG(s) 'extract_open_meteo_v1' retrieved from /opt/airflow/dags/Airflow/dags/extract_open_meteo_dag.py
[2025-10-10T12:37:39.919+0000] {logging_mixin.py:188} INFO - [2025-10-10T12:37:39.918+0000] {dag.py:3047} INFO - Sync 1 DAGs
[2025-10-10T12:37:39.977+0000] {logging_mixin.py:188} INFO - [2025-10-10T12:37:39.977+0000] {dag.py:3834} INFO - Setting next_dagrun for extract_open_meteo_v1 to 2025-10-09 22:00:00+00:00, run_after=2025-10-10 22:00:00+00:00
[2025-10-10T12:37:40.063+0000] {processor.py:183} INFO - Processing /opt/airflow/dags/Airflow/dags/extract_open_meteo_dag.py took 0.287 seconds
[2025-10-10T12:38:10.493+0000] {processor.py:161} INFO - Started process (PID=677) to work on /opt/airflow/dags/Airflow/dags/extract_open_meteo_dag.py
[2025-10-10T12:38:10.495+0000] {processor.py:830} INFO - Processing file /opt/airflow/dags/Airflow/dags/extract_open_meteo_dag.py for tasks to queue
[2025-10-10T12:38:10.497+0000] {logging_mixin.py:188} INFO - [2025-10-10T12:38:10.496+0000] {dagbag.py:540} INFO - Filling up the DagBag from /opt/airflow/dags/Airflow/dags/extract_open_meteo_dag.py
[2025-10-10T12:38:10.551+0000] {processor.py:840} INFO - DAG(s) 'extract_open_meteo_v1' retrieved from /opt/airflow/dags/Airflow/dags/extract_open_meteo_dag.py
[2025-10-10T12:38:10.634+0000] {logging_mixin.py:188} INFO - [2025-10-10T12:38:10.633+0000] {dag.py:3047} INFO - Sync 1 DAGs
[2025-10-10T12:38:10.692+0000] {logging_mixin.py:188} INFO - [2025-10-10T12:38:10.691+0000] {dag.py:3834} INFO - Setting next_dagrun for extract_open_meteo_v1 to 2025-10-09 22:00:00+00:00, run_after=2025-10-10 22:00:00+00:00
[2025-10-10T12:38:10.766+0000] {processor.py:183} INFO - Processing /opt/airflow/dags/Airflow/dags/extract_open_meteo_dag.py took 0.278 seconds
[2025-10-10T12:38:40.931+0000] {processor.py:161} INFO - Started process (PID=682) to work on /opt/airflow/dags/Airflow/dags/extract_open_meteo_dag.py
[2025-10-10T12:38:40.933+0000] {processor.py:830} INFO - Processing file /opt/airflow/dags/Airflow/dags/extract_open_meteo_dag.py for tasks to queue
[2025-10-10T12:38:40.936+0000] {logging_mixin.py:188} INFO - [2025-10-10T12:38:40.935+0000] {dagbag.py:540} INFO - Filling up the DagBag from /opt/airflow/dags/Airflow/dags/extract_open_meteo_dag.py
[2025-10-10T12:38:40.998+0000] {processor.py:840} INFO - DAG(s) 'extract_open_meteo_v1' retrieved from /opt/airflow/dags/Airflow/dags/extract_open_meteo_dag.py
[2025-10-10T12:38:41.095+0000] {logging_mixin.py:188} INFO - [2025-10-10T12:38:41.094+0000] {dag.py:3047} INFO - Sync 1 DAGs
[2025-10-10T12:38:41.151+0000] {logging_mixin.py:188} INFO - [2025-10-10T12:38:41.150+0000] {dag.py:3834} INFO - Setting next_dagrun for extract_open_meteo_v1 to 2025-10-09 22:00:00+00:00, run_after=2025-10-10 22:00:00+00:00
[2025-10-10T12:38:41.214+0000] {processor.py:183} INFO - Processing /opt/airflow/dags/Airflow/dags/extract_open_meteo_dag.py took 0.290 seconds
[2025-10-10T12:39:11.595+0000] {processor.py:161} INFO - Started process (PID=687) to work on /opt/airflow/dags/Airflow/dags/extract_open_meteo_dag.py
[2025-10-10T12:39:11.598+0000] {processor.py:830} INFO - Processing file /opt/airflow/dags/Airflow/dags/extract_open_meteo_dag.py for tasks to queue
[2025-10-10T12:39:11.600+0000] {logging_mixin.py:188} INFO - [2025-10-10T12:39:11.599+0000] {dagbag.py:540} INFO - Filling up the DagBag from /opt/airflow/dags/Airflow/dags/extract_open_meteo_dag.py
[2025-10-10T12:39:11.653+0000] {processor.py:840} INFO - DAG(s) 'extract_open_meteo_v1' retrieved from /opt/airflow/dags/Airflow/dags/extract_open_meteo_dag.py
[2025-10-10T12:39:11.748+0000] {logging_mixin.py:188} INFO - [2025-10-10T12:39:11.747+0000] {dag.py:3047} INFO - Sync 1 DAGs
[2025-10-10T12:39:11.809+0000] {logging_mixin.py:188} INFO - [2025-10-10T12:39:11.808+0000] {dag.py:3834} INFO - Setting next_dagrun for extract_open_meteo_v1 to 2025-10-09 22:00:00+00:00, run_after=2025-10-10 22:00:00+00:00
[2025-10-10T12:39:11.882+0000] {processor.py:183} INFO - Processing /opt/airflow/dags/Airflow/dags/extract_open_meteo_dag.py took 0.294 seconds
[2025-10-10T12:39:42.039+0000] {processor.py:161} INFO - Started process (PID=692) to work on /opt/airflow/dags/Airflow/dags/extract_open_meteo_dag.py
[2025-10-10T12:39:42.042+0000] {processor.py:830} INFO - Processing file /opt/airflow/dags/Airflow/dags/extract_open_meteo_dag.py for tasks to queue
[2025-10-10T12:39:42.044+0000] {logging_mixin.py:188} INFO - [2025-10-10T12:39:42.044+0000] {dagbag.py:540} INFO - Filling up the DagBag from /opt/airflow/dags/Airflow/dags/extract_open_meteo_dag.py
[2025-10-10T12:39:42.103+0000] {processor.py:840} INFO - DAG(s) 'extract_open_meteo_v1' retrieved from /opt/airflow/dags/Airflow/dags/extract_open_meteo_dag.py
[2025-10-10T12:39:42.196+0000] {logging_mixin.py:188} INFO - [2025-10-10T12:39:42.195+0000] {dag.py:3047} INFO - Sync 1 DAGs
[2025-10-10T12:39:42.253+0000] {logging_mixin.py:188} INFO - [2025-10-10T12:39:42.253+0000] {dag.py:3834} INFO - Setting next_dagrun for extract_open_meteo_v1 to 2025-10-09 22:00:00+00:00, run_after=2025-10-10 22:00:00+00:00
[2025-10-10T12:39:42.333+0000] {processor.py:183} INFO - Processing /opt/airflow/dags/Airflow/dags/extract_open_meteo_dag.py took 0.301 seconds
[2025-10-10T12:40:12.663+0000] {processor.py:161} INFO - Started process (PID=697) to work on /opt/airflow/dags/Airflow/dags/extract_open_meteo_dag.py
[2025-10-10T12:40:12.666+0000] {processor.py:830} INFO - Processing file /opt/airflow/dags/Airflow/dags/extract_open_meteo_dag.py for tasks to queue
[2025-10-10T12:40:12.668+0000] {logging_mixin.py:188} INFO - [2025-10-10T12:40:12.668+0000] {dagbag.py:540} INFO - Filling up the DagBag from /opt/airflow/dags/Airflow/dags/extract_open_meteo_dag.py
[2025-10-10T12:40:12.722+0000] {processor.py:840} INFO - DAG(s) 'extract_open_meteo_v1' retrieved from /opt/airflow/dags/Airflow/dags/extract_open_meteo_dag.py
[2025-10-10T12:40:12.812+0000] {logging_mixin.py:188} INFO - [2025-10-10T12:40:12.811+0000] {dag.py:3047} INFO - Sync 1 DAGs
[2025-10-10T12:40:12.869+0000] {logging_mixin.py:188} INFO - [2025-10-10T12:40:12.869+0000] {dag.py:3834} INFO - Setting next_dagrun for extract_open_meteo_v1 to 2025-10-09 22:00:00+00:00, run_after=2025-10-10 22:00:00+00:00
[2025-10-10T12:40:12.948+0000] {processor.py:183} INFO - Processing /opt/airflow/dags/Airflow/dags/extract_open_meteo_dag.py took 0.289 seconds
[2025-10-10T12:40:43.177+0000] {processor.py:161} INFO - Started process (PID=702) to work on /opt/airflow/dags/Airflow/dags/extract_open_meteo_dag.py
[2025-10-10T12:40:43.181+0000] {processor.py:830} INFO - Processing file /opt/airflow/dags/Airflow/dags/extract_open_meteo_dag.py for tasks to queue
[2025-10-10T12:40:43.186+0000] {logging_mixin.py:188} INFO - [2025-10-10T12:40:43.185+0000] {dagbag.py:540} INFO - Filling up the DagBag from /opt/airflow/dags/Airflow/dags/extract_open_meteo_dag.py
[2025-10-10T12:40:43.249+0000] {processor.py:840} INFO - DAG(s) 'extract_open_meteo_v1' retrieved from /opt/airflow/dags/Airflow/dags/extract_open_meteo_dag.py
[2025-10-10T12:40:43.336+0000] {logging_mixin.py:188} INFO - [2025-10-10T12:40:43.335+0000] {dag.py:3047} INFO - Sync 1 DAGs
[2025-10-10T12:40:43.406+0000] {logging_mixin.py:188} INFO - [2025-10-10T12:40:43.406+0000] {dag.py:3834} INFO - Setting next_dagrun for extract_open_meteo_v1 to 2025-10-09 22:00:00+00:00, run_after=2025-10-10 22:00:00+00:00
[2025-10-10T12:40:43.483+0000] {processor.py:183} INFO - Processing /opt/airflow/dags/Airflow/dags/extract_open_meteo_dag.py took 0.313 seconds
[2025-10-10T12:41:13.842+0000] {processor.py:161} INFO - Started process (PID=707) to work on /opt/airflow/dags/Airflow/dags/extract_open_meteo_dag.py
[2025-10-10T12:41:13.845+0000] {processor.py:830} INFO - Processing file /opt/airflow/dags/Airflow/dags/extract_open_meteo_dag.py for tasks to queue
[2025-10-10T12:41:13.849+0000] {logging_mixin.py:188} INFO - [2025-10-10T12:41:13.848+0000] {dagbag.py:540} INFO - Filling up the DagBag from /opt/airflow/dags/Airflow/dags/extract_open_meteo_dag.py
[2025-10-10T12:41:13.907+0000] {processor.py:840} INFO - DAG(s) 'extract_open_meteo_v1' retrieved from /opt/airflow/dags/Airflow/dags/extract_open_meteo_dag.py
[2025-10-10T12:41:13.992+0000] {logging_mixin.py:188} INFO - [2025-10-10T12:41:13.992+0000] {dag.py:3047} INFO - Sync 1 DAGs
[2025-10-10T12:41:14.057+0000] {logging_mixin.py:188} INFO - [2025-10-10T12:41:14.057+0000] {dag.py:3834} INFO - Setting next_dagrun for extract_open_meteo_v1 to 2025-10-09 22:00:00+00:00, run_after=2025-10-10 22:00:00+00:00
[2025-10-10T12:41:14.143+0000] {processor.py:183} INFO - Processing /opt/airflow/dags/Airflow/dags/extract_open_meteo_dag.py took 0.307 seconds
[2025-10-10T12:41:44.284+0000] {processor.py:161} INFO - Started process (PID=712) to work on /opt/airflow/dags/Airflow/dags/extract_open_meteo_dag.py
[2025-10-10T12:41:44.287+0000] {processor.py:830} INFO - Processing file /opt/airflow/dags/Airflow/dags/extract_open_meteo_dag.py for tasks to queue
[2025-10-10T12:41:44.291+0000] {logging_mixin.py:188} INFO - [2025-10-10T12:41:44.290+0000] {dagbag.py:540} INFO - Filling up the DagBag from /opt/airflow/dags/Airflow/dags/extract_open_meteo_dag.py
[2025-10-10T12:41:44.360+0000] {processor.py:840} INFO - DAG(s) 'extract_open_meteo_v1' retrieved from /opt/airflow/dags/Airflow/dags/extract_open_meteo_dag.py
[2025-10-10T12:41:44.455+0000] {logging_mixin.py:188} INFO - [2025-10-10T12:41:44.455+0000] {dag.py:3047} INFO - Sync 1 DAGs
[2025-10-10T12:41:44.527+0000] {logging_mixin.py:188} INFO - [2025-10-10T12:41:44.527+0000] {dag.py:3834} INFO - Setting next_dagrun for extract_open_meteo_v1 to 2025-10-09 22:00:00+00:00, run_after=2025-10-10 22:00:00+00:00
[2025-10-10T12:41:44.623+0000] {processor.py:183} INFO - Processing /opt/airflow/dags/Airflow/dags/extract_open_meteo_dag.py took 0.346 seconds
[2025-10-10T12:42:15.153+0000] {processor.py:161} INFO - Started process (PID=717) to work on /opt/airflow/dags/Airflow/dags/extract_open_meteo_dag.py
[2025-10-10T12:42:15.155+0000] {processor.py:830} INFO - Processing file /opt/airflow/dags/Airflow/dags/extract_open_meteo_dag.py for tasks to queue
[2025-10-10T12:42:15.157+0000] {logging_mixin.py:188} INFO - [2025-10-10T12:42:15.156+0000] {dagbag.py:540} INFO - Filling up the DagBag from /opt/airflow/dags/Airflow/dags/extract_open_meteo_dag.py
[2025-10-10T12:42:15.214+0000] {processor.py:840} INFO - DAG(s) 'extract_open_meteo_v1' retrieved from /opt/airflow/dags/Airflow/dags/extract_open_meteo_dag.py
[2025-10-10T12:42:15.312+0000] {logging_mixin.py:188} INFO - [2025-10-10T12:42:15.311+0000] {dag.py:3047} INFO - Sync 1 DAGs
[2025-10-10T12:42:15.480+0000] {logging_mixin.py:188} INFO - [2025-10-10T12:42:15.479+0000] {dag.py:3834} INFO - Setting next_dagrun for extract_open_meteo_v1 to 2025-10-09 22:00:00+00:00, run_after=2025-10-10 22:00:00+00:00
[2025-10-10T12:42:15.727+0000] {processor.py:183} INFO - Processing /opt/airflow/dags/Airflow/dags/extract_open_meteo_dag.py took 0.578 seconds
[2025-10-10T12:42:46.370+0000] {processor.py:161} INFO - Started process (PID=722) to work on /opt/airflow/dags/Airflow/dags/extract_open_meteo_dag.py
[2025-10-10T12:42:46.372+0000] {processor.py:830} INFO - Processing file /opt/airflow/dags/Airflow/dags/extract_open_meteo_dag.py for tasks to queue
[2025-10-10T12:42:46.375+0000] {logging_mixin.py:188} INFO - [2025-10-10T12:42:46.374+0000] {dagbag.py:540} INFO - Filling up the DagBag from /opt/airflow/dags/Airflow/dags/extract_open_meteo_dag.py
[2025-10-10T12:42:46.444+0000] {processor.py:840} INFO - DAG(s) 'extract_open_meteo_v1' retrieved from /opt/airflow/dags/Airflow/dags/extract_open_meteo_dag.py
[2025-10-10T12:42:46.564+0000] {logging_mixin.py:188} INFO - [2025-10-10T12:42:46.563+0000] {dag.py:3047} INFO - Sync 1 DAGs
[2025-10-10T12:42:46.618+0000] {logging_mixin.py:188} INFO - [2025-10-10T12:42:46.617+0000] {dag.py:3834} INFO - Setting next_dagrun for extract_open_meteo_v1 to 2025-10-09 22:00:00+00:00, run_after=2025-10-10 22:00:00+00:00
[2025-10-10T12:42:46.692+0000] {processor.py:183} INFO - Processing /opt/airflow/dags/Airflow/dags/extract_open_meteo_dag.py took 0.329 seconds
[2025-10-10T12:43:16.969+0000] {processor.py:161} INFO - Started process (PID=727) to work on /opt/airflow/dags/Airflow/dags/extract_open_meteo_dag.py
[2025-10-10T12:43:16.971+0000] {processor.py:830} INFO - Processing file /opt/airflow/dags/Airflow/dags/extract_open_meteo_dag.py for tasks to queue
[2025-10-10T12:43:16.974+0000] {logging_mixin.py:188} INFO - [2025-10-10T12:43:16.973+0000] {dagbag.py:540} INFO - Filling up the DagBag from /opt/airflow/dags/Airflow/dags/extract_open_meteo_dag.py
[2025-10-10T12:43:17.026+0000] {processor.py:840} INFO - DAG(s) 'extract_open_meteo_v1' retrieved from /opt/airflow/dags/Airflow/dags/extract_open_meteo_dag.py
[2025-10-10T12:43:17.102+0000] {logging_mixin.py:188} INFO - [2025-10-10T12:43:17.102+0000] {dag.py:3047} INFO - Sync 1 DAGs
[2025-10-10T12:43:17.156+0000] {logging_mixin.py:188} INFO - [2025-10-10T12:43:17.155+0000] {dag.py:3834} INFO - Setting next_dagrun for extract_open_meteo_v1 to 2025-10-09 22:00:00+00:00, run_after=2025-10-10 22:00:00+00:00
[2025-10-10T12:43:17.225+0000] {processor.py:183} INFO - Processing /opt/airflow/dags/Airflow/dags/extract_open_meteo_dag.py took 0.261 seconds
[2025-10-10T12:43:49.449+0000] {processor.py:161} INFO - Started process (PID=732) to work on /opt/airflow/dags/Airflow/dags/extract_open_meteo_dag.py
[2025-10-10T12:43:49.451+0000] {processor.py:830} INFO - Processing file /opt/airflow/dags/Airflow/dags/extract_open_meteo_dag.py for tasks to queue
[2025-10-10T12:43:49.453+0000] {logging_mixin.py:188} INFO - [2025-10-10T12:43:49.452+0000] {dagbag.py:540} INFO - Filling up the DagBag from /opt/airflow/dags/Airflow/dags/extract_open_meteo_dag.py
[2025-10-10T12:43:49.503+0000] {processor.py:840} INFO - DAG(s) 'extract_open_meteo_v1' retrieved from /opt/airflow/dags/Airflow/dags/extract_open_meteo_dag.py
[2025-10-10T12:43:49.598+0000] {logging_mixin.py:188} INFO - [2025-10-10T12:43:49.597+0000] {dag.py:3047} INFO - Sync 1 DAGs
[2025-10-10T12:43:49.667+0000] {logging_mixin.py:188} INFO - [2025-10-10T12:43:49.667+0000] {dag.py:3834} INFO - Setting next_dagrun for extract_open_meteo_v1 to 2025-10-09 22:00:00+00:00, run_after=2025-10-10 22:00:00+00:00
[2025-10-10T12:43:49.760+0000] {processor.py:183} INFO - Processing /opt/airflow/dags/Airflow/dags/extract_open_meteo_dag.py took 0.316 seconds
[2025-10-10T12:44:20.277+0000] {processor.py:161} INFO - Started process (PID=737) to work on /opt/airflow/dags/Airflow/dags/extract_open_meteo_dag.py
[2025-10-10T12:44:20.279+0000] {processor.py:830} INFO - Processing file /opt/airflow/dags/Airflow/dags/extract_open_meteo_dag.py for tasks to queue
[2025-10-10T12:44:20.281+0000] {logging_mixin.py:188} INFO - [2025-10-10T12:44:20.281+0000] {dagbag.py:540} INFO - Filling up the DagBag from /opt/airflow/dags/Airflow/dags/extract_open_meteo_dag.py
[2025-10-10T12:44:20.330+0000] {processor.py:840} INFO - DAG(s) 'extract_open_meteo_v1' retrieved from /opt/airflow/dags/Airflow/dags/extract_open_meteo_dag.py
[2025-10-10T12:44:20.409+0000] {logging_mixin.py:188} INFO - [2025-10-10T12:44:20.408+0000] {dag.py:3047} INFO - Sync 1 DAGs
[2025-10-10T12:44:20.465+0000] {logging_mixin.py:188} INFO - [2025-10-10T12:44:20.465+0000] {dag.py:3834} INFO - Setting next_dagrun for extract_open_meteo_v1 to 2025-10-09 22:00:00+00:00, run_after=2025-10-10 22:00:00+00:00
[2025-10-10T12:44:20.537+0000] {processor.py:183} INFO - Processing /opt/airflow/dags/Airflow/dags/extract_open_meteo_dag.py took 0.265 seconds
[2025-10-10T12:44:51.010+0000] {processor.py:161} INFO - Started process (PID=742) to work on /opt/airflow/dags/Airflow/dags/extract_open_meteo_dag.py
[2025-10-10T12:44:51.013+0000] {processor.py:830} INFO - Processing file /opt/airflow/dags/Airflow/dags/extract_open_meteo_dag.py for tasks to queue
[2025-10-10T12:44:51.015+0000] {logging_mixin.py:188} INFO - [2025-10-10T12:44:51.014+0000] {dagbag.py:540} INFO - Filling up the DagBag from /opt/airflow/dags/Airflow/dags/extract_open_meteo_dag.py
[2025-10-10T12:44:51.066+0000] {processor.py:840} INFO - DAG(s) 'extract_open_meteo_v1' retrieved from /opt/airflow/dags/Airflow/dags/extract_open_meteo_dag.py
[2025-10-10T12:44:51.152+0000] {logging_mixin.py:188} INFO - [2025-10-10T12:44:51.151+0000] {dag.py:3047} INFO - Sync 1 DAGs
[2025-10-10T12:44:51.218+0000] {logging_mixin.py:188} INFO - [2025-10-10T12:44:51.217+0000] {dag.py:3834} INFO - Setting next_dagrun for extract_open_meteo_v1 to 2025-10-09 22:00:00+00:00, run_after=2025-10-10 22:00:00+00:00
[2025-10-10T12:44:51.309+0000] {processor.py:183} INFO - Processing /opt/airflow/dags/Airflow/dags/extract_open_meteo_dag.py took 0.303 seconds
[2025-10-10T12:45:21.827+0000] {processor.py:161} INFO - Started process (PID=747) to work on /opt/airflow/dags/Airflow/dags/extract_open_meteo_dag.py
[2025-10-10T12:45:21.829+0000] {processor.py:830} INFO - Processing file /opt/airflow/dags/Airflow/dags/extract_open_meteo_dag.py for tasks to queue
[2025-10-10T12:45:21.831+0000] {logging_mixin.py:188} INFO - [2025-10-10T12:45:21.830+0000] {dagbag.py:540} INFO - Filling up the DagBag from /opt/airflow/dags/Airflow/dags/extract_open_meteo_dag.py
[2025-10-10T12:45:21.886+0000] {processor.py:840} INFO - DAG(s) 'extract_open_meteo_v1' retrieved from /opt/airflow/dags/Airflow/dags/extract_open_meteo_dag.py
[2025-10-10T12:45:21.992+0000] {logging_mixin.py:188} INFO - [2025-10-10T12:45:21.992+0000] {dag.py:3047} INFO - Sync 1 DAGs
[2025-10-10T12:45:22.047+0000] {logging_mixin.py:188} INFO - [2025-10-10T12:45:22.046+0000] {dag.py:3834} INFO - Setting next_dagrun for extract_open_meteo_v1 to 2025-10-09 22:00:00+00:00, run_after=2025-10-10 22:00:00+00:00
[2025-10-10T12:45:22.115+0000] {processor.py:183} INFO - Processing /opt/airflow/dags/Airflow/dags/extract_open_meteo_dag.py took 0.293 seconds
[2025-10-10T12:45:52.244+0000] {processor.py:161} INFO - Started process (PID=752) to work on /opt/airflow/dags/Airflow/dags/extract_open_meteo_dag.py
[2025-10-10T12:45:52.246+0000] {processor.py:830} INFO - Processing file /opt/airflow/dags/Airflow/dags/extract_open_meteo_dag.py for tasks to queue
[2025-10-10T12:45:52.249+0000] {logging_mixin.py:188} INFO - [2025-10-10T12:45:52.249+0000] {dagbag.py:540} INFO - Filling up the DagBag from /opt/airflow/dags/Airflow/dags/extract_open_meteo_dag.py
[2025-10-10T12:45:52.319+0000] {processor.py:840} INFO - DAG(s) 'extract_open_meteo_v1' retrieved from /opt/airflow/dags/Airflow/dags/extract_open_meteo_dag.py
[2025-10-10T12:45:52.428+0000] {logging_mixin.py:188} INFO - [2025-10-10T12:45:52.428+0000] {dag.py:3047} INFO - Sync 1 DAGs
[2025-10-10T12:45:52.516+0000] {logging_mixin.py:188} INFO - [2025-10-10T12:45:52.516+0000] {dag.py:3834} INFO - Setting next_dagrun for extract_open_meteo_v1 to 2025-10-09 22:00:00+00:00, run_after=2025-10-10 22:00:00+00:00
[2025-10-10T12:45:52.610+0000] {processor.py:183} INFO - Processing /opt/airflow/dags/Airflow/dags/extract_open_meteo_dag.py took 0.372 seconds
[2025-10-10T12:46:16.178+0000] {processor.py:161} INFO - Started process (PID=757) to work on /opt/airflow/dags/Airflow/dags/extract_open_meteo_dag.py
[2025-10-10T12:46:16.189+0000] {processor.py:830} INFO - Processing file /opt/airflow/dags/Airflow/dags/extract_open_meteo_dag.py for tasks to queue
[2025-10-10T12:46:16.195+0000] {logging_mixin.py:188} INFO - [2025-10-10T12:46:16.193+0000] {dagbag.py:540} INFO - Filling up the DagBag from /opt/airflow/dags/Airflow/dags/extract_open_meteo_dag.py
[2025-10-10T12:46:16.422+0000] {processor.py:840} INFO - DAG(s) 'extract_open_meteo_v2' retrieved from /opt/airflow/dags/Airflow/dags/extract_open_meteo_dag.py
[2025-10-10T12:46:17.493+0000] {logging_mixin.py:188} INFO - [2025-10-10T12:46:17.491+0000] {override.py:1769} INFO - Created Permission View: can read on DAG:extract_open_meteo_v2
[2025-10-10T12:46:17.530+0000] {logging_mixin.py:188} INFO - [2025-10-10T12:46:17.529+0000] {override.py:1769} INFO - Created Permission View: can edit on DAG:extract_open_meteo_v2
[2025-10-10T12:46:17.545+0000] {logging_mixin.py:188} INFO - [2025-10-10T12:46:17.545+0000] {override.py:1769} INFO - Created Permission View: can delete on DAG:extract_open_meteo_v2
[2025-10-10T12:46:17.547+0000] {logging_mixin.py:188} INFO - [2025-10-10T12:46:17.547+0000] {dag.py:3047} INFO - Sync 1 DAGs
[2025-10-10T12:46:17.579+0000] {logging_mixin.py:188} INFO - [2025-10-10T12:46:17.579+0000] {dag.py:3069} INFO - Creating ORM DAG for extract_open_meteo_v2
[2025-10-10T12:46:17.609+0000] {logging_mixin.py:188} INFO - [2025-10-10T12:46:17.609+0000] {dag.py:3834} INFO - Setting next_dagrun for extract_open_meteo_v2 to 2025-10-08 22:00:00+00:00, run_after=2025-10-09 22:00:00+00:00
[2025-10-10T12:46:17.706+0000] {processor.py:183} INFO - Processing /opt/airflow/dags/Airflow/dags/extract_open_meteo_dag.py took 1.546 seconds
[2025-10-10T12:46:48.278+0000] {processor.py:161} INFO - Started process (PID=762) to work on /opt/airflow/dags/Airflow/dags/extract_open_meteo_dag.py
[2025-10-10T12:46:48.280+0000] {processor.py:830} INFO - Processing file /opt/airflow/dags/Airflow/dags/extract_open_meteo_dag.py for tasks to queue
[2025-10-10T12:46:48.284+0000] {logging_mixin.py:188} INFO - [2025-10-10T12:46:48.283+0000] {dagbag.py:540} INFO - Filling up the DagBag from /opt/airflow/dags/Airflow/dags/extract_open_meteo_dag.py
[2025-10-10T12:46:48.341+0000] {processor.py:840} INFO - DAG(s) 'extract_open_meteo_v2' retrieved from /opt/airflow/dags/Airflow/dags/extract_open_meteo_dag.py
[2025-10-10T12:46:48.440+0000] {logging_mixin.py:188} INFO - [2025-10-10T12:46:48.439+0000] {dag.py:3047} INFO - Sync 1 DAGs
[2025-10-10T12:46:48.501+0000] {logging_mixin.py:188} INFO - [2025-10-10T12:46:48.501+0000] {dag.py:3834} INFO - Setting next_dagrun for extract_open_meteo_v2 to 2025-10-08 22:00:00+00:00, run_after=2025-10-09 22:00:00+00:00
[2025-10-10T12:46:48.603+0000] {processor.py:183} INFO - Processing /opt/airflow/dags/Airflow/dags/extract_open_meteo_dag.py took 0.329 seconds
[2025-10-10T12:47:18.878+0000] {processor.py:161} INFO - Started process (PID=767) to work on /opt/airflow/dags/Airflow/dags/extract_open_meteo_dag.py
[2025-10-10T12:47:18.880+0000] {processor.py:830} INFO - Processing file /opt/airflow/dags/Airflow/dags/extract_open_meteo_dag.py for tasks to queue
[2025-10-10T12:47:18.883+0000] {logging_mixin.py:188} INFO - [2025-10-10T12:47:18.882+0000] {dagbag.py:540} INFO - Filling up the DagBag from /opt/airflow/dags/Airflow/dags/extract_open_meteo_dag.py
[2025-10-10T12:47:18.931+0000] {processor.py:840} INFO - DAG(s) 'extract_open_meteo_v2' retrieved from /opt/airflow/dags/Airflow/dags/extract_open_meteo_dag.py
[2025-10-10T12:47:19.008+0000] {logging_mixin.py:188} INFO - [2025-10-10T12:47:19.008+0000] {dag.py:3047} INFO - Sync 1 DAGs
[2025-10-10T12:47:19.059+0000] {logging_mixin.py:188} INFO - [2025-10-10T12:47:19.058+0000] {dag.py:3834} INFO - Setting next_dagrun for extract_open_meteo_v2 to 2025-10-08 22:00:00+00:00, run_after=2025-10-09 22:00:00+00:00
[2025-10-10T12:47:19.114+0000] {processor.py:183} INFO - Processing /opt/airflow/dags/Airflow/dags/extract_open_meteo_dag.py took 0.240 seconds
[2025-10-10T12:47:49.296+0000] {processor.py:161} INFO - Started process (PID=772) to work on /opt/airflow/dags/Airflow/dags/extract_open_meteo_dag.py
[2025-10-10T12:47:49.299+0000] {processor.py:830} INFO - Processing file /opt/airflow/dags/Airflow/dags/extract_open_meteo_dag.py for tasks to queue
[2025-10-10T12:47:49.301+0000] {logging_mixin.py:188} INFO - [2025-10-10T12:47:49.301+0000] {dagbag.py:540} INFO - Filling up the DagBag from /opt/airflow/dags/Airflow/dags/extract_open_meteo_dag.py
[2025-10-10T12:47:49.356+0000] {processor.py:840} INFO - DAG(s) 'extract_open_meteo_v2' retrieved from /opt/airflow/dags/Airflow/dags/extract_open_meteo_dag.py
[2025-10-10T12:47:49.494+0000] {logging_mixin.py:188} INFO - [2025-10-10T12:47:49.493+0000] {dag.py:3047} INFO - Sync 1 DAGs
[2025-10-10T12:47:49.584+0000] {logging_mixin.py:188} INFO - [2025-10-10T12:47:49.583+0000] {dag.py:3834} INFO - Setting next_dagrun for extract_open_meteo_v2 to 2025-10-08 22:00:00+00:00, run_after=2025-10-09 22:00:00+00:00
[2025-10-10T12:47:49.656+0000] {processor.py:183} INFO - Processing /opt/airflow/dags/Airflow/dags/extract_open_meteo_dag.py took 0.365 seconds
[2025-10-10T12:48:20.001+0000] {processor.py:161} INFO - Started process (PID=777) to work on /opt/airflow/dags/Airflow/dags/extract_open_meteo_dag.py
[2025-10-10T12:48:20.003+0000] {processor.py:830} INFO - Processing file /opt/airflow/dags/Airflow/dags/extract_open_meteo_dag.py for tasks to queue
[2025-10-10T12:48:20.008+0000] {logging_mixin.py:188} INFO - [2025-10-10T12:48:20.006+0000] {dagbag.py:540} INFO - Filling up the DagBag from /opt/airflow/dags/Airflow/dags/extract_open_meteo_dag.py
[2025-10-10T12:48:20.072+0000] {processor.py:840} INFO - DAG(s) 'extract_open_meteo_v2' retrieved from /opt/airflow/dags/Airflow/dags/extract_open_meteo_dag.py
[2025-10-10T12:48:20.161+0000] {logging_mixin.py:188} INFO - [2025-10-10T12:48:20.161+0000] {dag.py:3047} INFO - Sync 1 DAGs
[2025-10-10T12:48:20.233+0000] {logging_mixin.py:188} INFO - [2025-10-10T12:48:20.233+0000] {dag.py:3834} INFO - Setting next_dagrun for extract_open_meteo_v2 to 2025-10-08 22:00:00+00:00, run_after=2025-10-09 22:00:00+00:00
[2025-10-10T12:48:20.303+0000] {processor.py:183} INFO - Processing /opt/airflow/dags/Airflow/dags/extract_open_meteo_dag.py took 0.306 seconds
[2025-10-10T12:48:50.549+0000] {processor.py:161} INFO - Started process (PID=782) to work on /opt/airflow/dags/Airflow/dags/extract_open_meteo_dag.py
[2025-10-10T12:48:50.550+0000] {processor.py:830} INFO - Processing file /opt/airflow/dags/Airflow/dags/extract_open_meteo_dag.py for tasks to queue
[2025-10-10T12:48:50.552+0000] {logging_mixin.py:188} INFO - [2025-10-10T12:48:50.552+0000] {dagbag.py:540} INFO - Filling up the DagBag from /opt/airflow/dags/Airflow/dags/extract_open_meteo_dag.py
[2025-10-10T12:48:50.607+0000] {processor.py:840} INFO - DAG(s) 'extract_open_meteo_v2' retrieved from /opt/airflow/dags/Airflow/dags/extract_open_meteo_dag.py
[2025-10-10T12:48:50.693+0000] {logging_mixin.py:188} INFO - [2025-10-10T12:48:50.692+0000] {dag.py:3047} INFO - Sync 1 DAGs
[2025-10-10T12:48:50.755+0000] {logging_mixin.py:188} INFO - [2025-10-10T12:48:50.754+0000] {dag.py:3834} INFO - Setting next_dagrun for extract_open_meteo_v2 to 2025-10-08 22:00:00+00:00, run_after=2025-10-09 22:00:00+00:00
[2025-10-10T12:48:50.831+0000] {processor.py:183} INFO - Processing /opt/airflow/dags/Airflow/dags/extract_open_meteo_dag.py took 0.288 seconds
[2025-10-10T12:49:21.079+0000] {processor.py:161} INFO - Started process (PID=787) to work on /opt/airflow/dags/Airflow/dags/extract_open_meteo_dag.py
[2025-10-10T12:49:21.081+0000] {processor.py:830} INFO - Processing file /opt/airflow/dags/Airflow/dags/extract_open_meteo_dag.py for tasks to queue
[2025-10-10T12:49:21.085+0000] {logging_mixin.py:188} INFO - [2025-10-10T12:49:21.084+0000] {dagbag.py:540} INFO - Filling up the DagBag from /opt/airflow/dags/Airflow/dags/extract_open_meteo_dag.py
[2025-10-10T12:49:21.148+0000] {processor.py:840} INFO - DAG(s) 'extract_open_meteo_v2' retrieved from /opt/airflow/dags/Airflow/dags/extract_open_meteo_dag.py
[2025-10-10T12:49:21.237+0000] {logging_mixin.py:188} INFO - [2025-10-10T12:49:21.237+0000] {dag.py:3047} INFO - Sync 1 DAGs
[2025-10-10T12:49:21.300+0000] {logging_mixin.py:188} INFO - [2025-10-10T12:49:21.299+0000] {dag.py:3834} INFO - Setting next_dagrun for extract_open_meteo_v2 to 2025-10-08 22:00:00+00:00, run_after=2025-10-09 22:00:00+00:00
[2025-10-10T12:49:21.382+0000] {processor.py:183} INFO - Processing /opt/airflow/dags/Airflow/dags/extract_open_meteo_dag.py took 0.308 seconds
[2025-10-10T12:49:51.600+0000] {processor.py:161} INFO - Started process (PID=792) to work on /opt/airflow/dags/Airflow/dags/extract_open_meteo_dag.py
[2025-10-10T12:49:51.603+0000] {processor.py:830} INFO - Processing file /opt/airflow/dags/Airflow/dags/extract_open_meteo_dag.py for tasks to queue
[2025-10-10T12:49:51.606+0000] {logging_mixin.py:188} INFO - [2025-10-10T12:49:51.605+0000] {dagbag.py:540} INFO - Filling up the DagBag from /opt/airflow/dags/Airflow/dags/extract_open_meteo_dag.py
[2025-10-10T12:49:51.655+0000] {processor.py:840} INFO - DAG(s) 'extract_open_meteo_v2' retrieved from /opt/airflow/dags/Airflow/dags/extract_open_meteo_dag.py
[2025-10-10T12:49:51.734+0000] {logging_mixin.py:188} INFO - [2025-10-10T12:49:51.734+0000] {dag.py:3047} INFO - Sync 1 DAGs
[2025-10-10T12:49:51.796+0000] {logging_mixin.py:188} INFO - [2025-10-10T12:49:51.796+0000] {dag.py:3834} INFO - Setting next_dagrun for extract_open_meteo_v2 to 2025-10-08 22:00:00+00:00, run_after=2025-10-09 22:00:00+00:00
[2025-10-10T12:49:51.871+0000] {processor.py:183} INFO - Processing /opt/airflow/dags/Airflow/dags/extract_open_meteo_dag.py took 0.277 seconds
[2025-10-10T12:50:22.219+0000] {processor.py:161} INFO - Started process (PID=797) to work on /opt/airflow/dags/Airflow/dags/extract_open_meteo_dag.py
[2025-10-10T12:50:22.221+0000] {processor.py:830} INFO - Processing file /opt/airflow/dags/Airflow/dags/extract_open_meteo_dag.py for tasks to queue
[2025-10-10T12:50:22.224+0000] {logging_mixin.py:188} INFO - [2025-10-10T12:50:22.223+0000] {dagbag.py:540} INFO - Filling up the DagBag from /opt/airflow/dags/Airflow/dags/extract_open_meteo_dag.py
[2025-10-10T12:50:22.278+0000] {processor.py:840} INFO - DAG(s) 'extract_open_meteo_v2' retrieved from /opt/airflow/dags/Airflow/dags/extract_open_meteo_dag.py
[2025-10-10T12:50:22.366+0000] {logging_mixin.py:188} INFO - [2025-10-10T12:50:22.365+0000] {dag.py:3047} INFO - Sync 1 DAGs
[2025-10-10T12:50:22.435+0000] {logging_mixin.py:188} INFO - [2025-10-10T12:50:22.434+0000] {dag.py:3834} INFO - Setting next_dagrun for extract_open_meteo_v2 to 2025-10-08 22:00:00+00:00, run_after=2025-10-09 22:00:00+00:00
[2025-10-10T12:50:22.514+0000] {processor.py:183} INFO - Processing /opt/airflow/dags/Airflow/dags/extract_open_meteo_dag.py took 0.300 seconds
[2025-10-10T12:50:52.711+0000] {processor.py:161} INFO - Started process (PID=802) to work on /opt/airflow/dags/Airflow/dags/extract_open_meteo_dag.py
[2025-10-10T12:50:52.713+0000] {processor.py:830} INFO - Processing file /opt/airflow/dags/Airflow/dags/extract_open_meteo_dag.py for tasks to queue
[2025-10-10T12:50:52.715+0000] {logging_mixin.py:188} INFO - [2025-10-10T12:50:52.715+0000] {dagbag.py:540} INFO - Filling up the DagBag from /opt/airflow/dags/Airflow/dags/extract_open_meteo_dag.py
[2025-10-10T12:50:52.766+0000] {processor.py:840} INFO - DAG(s) 'extract_open_meteo_v2' retrieved from /opt/airflow/dags/Airflow/dags/extract_open_meteo_dag.py
[2025-10-10T12:50:52.862+0000] {logging_mixin.py:188} INFO - [2025-10-10T12:50:52.861+0000] {dag.py:3047} INFO - Sync 1 DAGs
[2025-10-10T12:50:52.926+0000] {logging_mixin.py:188} INFO - [2025-10-10T12:50:52.925+0000] {dag.py:3834} INFO - Setting next_dagrun for extract_open_meteo_v2 to 2025-10-08 22:00:00+00:00, run_after=2025-10-09 22:00:00+00:00
[2025-10-10T12:50:53.007+0000] {processor.py:183} INFO - Processing /opt/airflow/dags/Airflow/dags/extract_open_meteo_dag.py took 0.302 seconds
[2025-10-10T12:51:23.374+0000] {processor.py:161} INFO - Started process (PID=807) to work on /opt/airflow/dags/Airflow/dags/extract_open_meteo_dag.py
[2025-10-10T12:51:23.377+0000] {processor.py:830} INFO - Processing file /opt/airflow/dags/Airflow/dags/extract_open_meteo_dag.py for tasks to queue
[2025-10-10T12:51:23.381+0000] {logging_mixin.py:188} INFO - [2025-10-10T12:51:23.380+0000] {dagbag.py:540} INFO - Filling up the DagBag from /opt/airflow/dags/Airflow/dags/extract_open_meteo_dag.py
[2025-10-10T12:51:23.427+0000] {processor.py:840} INFO - DAG(s) 'extract_open_meteo_v2' retrieved from /opt/airflow/dags/Airflow/dags/extract_open_meteo_dag.py
[2025-10-10T12:51:23.513+0000] {logging_mixin.py:188} INFO - [2025-10-10T12:51:23.513+0000] {dag.py:3047} INFO - Sync 1 DAGs
[2025-10-10T12:51:23.572+0000] {logging_mixin.py:188} INFO - [2025-10-10T12:51:23.571+0000] {dag.py:3834} INFO - Setting next_dagrun for extract_open_meteo_v2 to 2025-10-08 22:00:00+00:00, run_after=2025-10-09 22:00:00+00:00
[2025-10-10T12:51:23.650+0000] {processor.py:183} INFO - Processing /opt/airflow/dags/Airflow/dags/extract_open_meteo_dag.py took 0.282 seconds
[2025-10-10T12:51:53.815+0000] {processor.py:161} INFO - Started process (PID=812) to work on /opt/airflow/dags/Airflow/dags/extract_open_meteo_dag.py
[2025-10-10T12:51:53.817+0000] {processor.py:830} INFO - Processing file /opt/airflow/dags/Airflow/dags/extract_open_meteo_dag.py for tasks to queue
[2025-10-10T12:51:53.819+0000] {logging_mixin.py:188} INFO - [2025-10-10T12:51:53.818+0000] {dagbag.py:540} INFO - Filling up the DagBag from /opt/airflow/dags/Airflow/dags/extract_open_meteo_dag.py
[2025-10-10T12:51:53.864+0000] {processor.py:840} INFO - DAG(s) 'extract_open_meteo_v2' retrieved from /opt/airflow/dags/Airflow/dags/extract_open_meteo_dag.py
[2025-10-10T12:51:53.959+0000] {logging_mixin.py:188} INFO - [2025-10-10T12:51:53.958+0000] {dag.py:3047} INFO - Sync 1 DAGs
[2025-10-10T12:51:54.023+0000] {logging_mixin.py:188} INFO - [2025-10-10T12:51:54.022+0000] {dag.py:3834} INFO - Setting next_dagrun for extract_open_meteo_v2 to 2025-10-08 22:00:00+00:00, run_after=2025-10-09 22:00:00+00:00
[2025-10-10T12:51:54.104+0000] {processor.py:183} INFO - Processing /opt/airflow/dags/Airflow/dags/extract_open_meteo_dag.py took 0.294 seconds
[2025-10-10T12:52:24.629+0000] {processor.py:161} INFO - Started process (PID=817) to work on /opt/airflow/dags/Airflow/dags/extract_open_meteo_dag.py
[2025-10-10T12:52:24.632+0000] {processor.py:830} INFO - Processing file /opt/airflow/dags/Airflow/dags/extract_open_meteo_dag.py for tasks to queue
[2025-10-10T12:52:24.634+0000] {logging_mixin.py:188} INFO - [2025-10-10T12:52:24.634+0000] {dagbag.py:540} INFO - Filling up the DagBag from /opt/airflow/dags/Airflow/dags/extract_open_meteo_dag.py
[2025-10-10T12:52:24.685+0000] {processor.py:840} INFO - DAG(s) 'extract_open_meteo_v2' retrieved from /opt/airflow/dags/Airflow/dags/extract_open_meteo_dag.py
[2025-10-10T12:52:24.779+0000] {logging_mixin.py:188} INFO - [2025-10-10T12:52:24.778+0000] {dag.py:3047} INFO - Sync 1 DAGs
[2025-10-10T12:52:24.838+0000] {logging_mixin.py:188} INFO - [2025-10-10T12:52:24.838+0000] {dag.py:3834} INFO - Setting next_dagrun for extract_open_meteo_v2 to 2025-10-08 22:00:00+00:00, run_after=2025-10-09 22:00:00+00:00
[2025-10-10T12:52:24.926+0000] {processor.py:183} INFO - Processing /opt/airflow/dags/Airflow/dags/extract_open_meteo_dag.py took 0.301 seconds
[2025-10-10T12:52:55.383+0000] {processor.py:161} INFO - Started process (PID=822) to work on /opt/airflow/dags/Airflow/dags/extract_open_meteo_dag.py
[2025-10-10T12:52:55.386+0000] {processor.py:830} INFO - Processing file /opt/airflow/dags/Airflow/dags/extract_open_meteo_dag.py for tasks to queue
[2025-10-10T12:52:55.388+0000] {logging_mixin.py:188} INFO - [2025-10-10T12:52:55.387+0000] {dagbag.py:540} INFO - Filling up the DagBag from /opt/airflow/dags/Airflow/dags/extract_open_meteo_dag.py
[2025-10-10T12:52:55.448+0000] {processor.py:840} INFO - DAG(s) 'extract_open_meteo_v2' retrieved from /opt/airflow/dags/Airflow/dags/extract_open_meteo_dag.py
[2025-10-10T12:52:55.549+0000] {logging_mixin.py:188} INFO - [2025-10-10T12:52:55.549+0000] {dag.py:3047} INFO - Sync 1 DAGs
[2025-10-10T12:52:55.625+0000] {logging_mixin.py:188} INFO - [2025-10-10T12:52:55.624+0000] {dag.py:3834} INFO - Setting next_dagrun for extract_open_meteo_v2 to 2025-10-08 22:00:00+00:00, run_after=2025-10-09 22:00:00+00:00
[2025-10-10T12:52:55.697+0000] {processor.py:183} INFO - Processing /opt/airflow/dags/Airflow/dags/extract_open_meteo_dag.py took 0.319 seconds
[2025-10-10T12:53:26.531+0000] {processor.py:161} INFO - Started process (PID=827) to work on /opt/airflow/dags/Airflow/dags/extract_open_meteo_dag.py
[2025-10-10T12:53:26.536+0000] {processor.py:830} INFO - Processing file /opt/airflow/dags/Airflow/dags/extract_open_meteo_dag.py for tasks to queue
[2025-10-10T12:53:26.550+0000] {logging_mixin.py:188} INFO - [2025-10-10T12:53:26.549+0000] {dagbag.py:540} INFO - Filling up the DagBag from /opt/airflow/dags/Airflow/dags/extract_open_meteo_dag.py
[2025-10-10T12:53:26.815+0000] {processor.py:840} INFO - DAG(s) 'extract_open_meteo_v2' retrieved from /opt/airflow/dags/Airflow/dags/extract_open_meteo_dag.py
[2025-10-10T12:53:26.920+0000] {logging_mixin.py:188} INFO - [2025-10-10T12:53:26.919+0000] {dag.py:3047} INFO - Sync 1 DAGs
[2025-10-10T12:53:27.000+0000] {logging_mixin.py:188} INFO - [2025-10-10T12:53:26.999+0000] {dag.py:3834} INFO - Setting next_dagrun for extract_open_meteo_v2 to 2025-10-08 22:00:00+00:00, run_after=2025-10-09 22:00:00+00:00
[2025-10-10T12:53:27.089+0000] {processor.py:183} INFO - Processing /opt/airflow/dags/Airflow/dags/extract_open_meteo_dag.py took 0.575 seconds
[2025-10-10T12:53:57.559+0000] {processor.py:161} INFO - Started process (PID=832) to work on /opt/airflow/dags/Airflow/dags/extract_open_meteo_dag.py
[2025-10-10T12:53:57.562+0000] {processor.py:830} INFO - Processing file /opt/airflow/dags/Airflow/dags/extract_open_meteo_dag.py for tasks to queue
[2025-10-10T12:53:57.565+0000] {logging_mixin.py:188} INFO - [2025-10-10T12:53:57.564+0000] {dagbag.py:540} INFO - Filling up the DagBag from /opt/airflow/dags/Airflow/dags/extract_open_meteo_dag.py
[2025-10-10T12:53:57.618+0000] {processor.py:840} INFO - DAG(s) 'extract_open_meteo_v2' retrieved from /opt/airflow/dags/Airflow/dags/extract_open_meteo_dag.py
[2025-10-10T12:53:57.707+0000] {logging_mixin.py:188} INFO - [2025-10-10T12:53:57.707+0000] {dag.py:3047} INFO - Sync 1 DAGs
[2025-10-10T12:53:57.774+0000] {logging_mixin.py:188} INFO - [2025-10-10T12:53:57.773+0000] {dag.py:3834} INFO - Setting next_dagrun for extract_open_meteo_v2 to 2025-10-08 22:00:00+00:00, run_after=2025-10-09 22:00:00+00:00
[2025-10-10T12:53:57.843+0000] {processor.py:183} INFO - Processing /opt/airflow/dags/Airflow/dags/extract_open_meteo_dag.py took 0.289 seconds
[2025-10-10T12:54:28.235+0000] {processor.py:161} INFO - Started process (PID=837) to work on /opt/airflow/dags/Airflow/dags/extract_open_meteo_dag.py
[2025-10-10T12:54:28.237+0000] {processor.py:830} INFO - Processing file /opt/airflow/dags/Airflow/dags/extract_open_meteo_dag.py for tasks to queue
[2025-10-10T12:54:28.239+0000] {logging_mixin.py:188} INFO - [2025-10-10T12:54:28.238+0000] {dagbag.py:540} INFO - Filling up the DagBag from /opt/airflow/dags/Airflow/dags/extract_open_meteo_dag.py
[2025-10-10T12:54:28.277+0000] {processor.py:840} INFO - DAG(s) 'extract_open_meteo_v2' retrieved from /opt/airflow/dags/Airflow/dags/extract_open_meteo_dag.py
[2025-10-10T12:54:28.346+0000] {logging_mixin.py:188} INFO - [2025-10-10T12:54:28.346+0000] {dag.py:3047} INFO - Sync 1 DAGs
[2025-10-10T12:54:28.401+0000] {logging_mixin.py:188} INFO - [2025-10-10T12:54:28.400+0000] {dag.py:3834} INFO - Setting next_dagrun for extract_open_meteo_v2 to 2025-10-08 22:00:00+00:00, run_after=2025-10-09 22:00:00+00:00
[2025-10-10T12:54:28.468+0000] {processor.py:183} INFO - Processing /opt/airflow/dags/Airflow/dags/extract_open_meteo_dag.py took 0.237 seconds
[2025-10-10T12:54:58.553+0000] {processor.py:161} INFO - Started process (PID=842) to work on /opt/airflow/dags/Airflow/dags/extract_open_meteo_dag.py
[2025-10-10T12:54:58.555+0000] {processor.py:830} INFO - Processing file /opt/airflow/dags/Airflow/dags/extract_open_meteo_dag.py for tasks to queue
[2025-10-10T12:54:58.557+0000] {logging_mixin.py:188} INFO - [2025-10-10T12:54:58.556+0000] {dagbag.py:540} INFO - Filling up the DagBag from /opt/airflow/dags/Airflow/dags/extract_open_meteo_dag.py
[2025-10-10T12:54:58.597+0000] {processor.py:840} INFO - DAG(s) 'extract_open_meteo_v2' retrieved from /opt/airflow/dags/Airflow/dags/extract_open_meteo_dag.py
[2025-10-10T12:54:58.658+0000] {logging_mixin.py:188} INFO - [2025-10-10T12:54:58.657+0000] {dag.py:3047} INFO - Sync 1 DAGs
[2025-10-10T12:54:58.701+0000] {logging_mixin.py:188} INFO - [2025-10-10T12:54:58.701+0000] {dag.py:3834} INFO - Setting next_dagrun for extract_open_meteo_v2 to 2025-10-08 22:00:00+00:00, run_after=2025-10-09 22:00:00+00:00
[2025-10-10T12:54:58.757+0000] {processor.py:183} INFO - Processing /opt/airflow/dags/Airflow/dags/extract_open_meteo_dag.py took 0.207 seconds
[2025-10-10T12:55:29.072+0000] {processor.py:161} INFO - Started process (PID=847) to work on /opt/airflow/dags/Airflow/dags/extract_open_meteo_dag.py
[2025-10-10T12:55:29.073+0000] {processor.py:830} INFO - Processing file /opt/airflow/dags/Airflow/dags/extract_open_meteo_dag.py for tasks to queue
[2025-10-10T12:55:29.075+0000] {logging_mixin.py:188} INFO - [2025-10-10T12:55:29.075+0000] {dagbag.py:540} INFO - Filling up the DagBag from /opt/airflow/dags/Airflow/dags/extract_open_meteo_dag.py
[2025-10-10T12:55:29.117+0000] {processor.py:840} INFO - DAG(s) 'extract_open_meteo_v2' retrieved from /opt/airflow/dags/Airflow/dags/extract_open_meteo_dag.py
[2025-10-10T12:55:29.186+0000] {logging_mixin.py:188} INFO - [2025-10-10T12:55:29.185+0000] {dag.py:3047} INFO - Sync 1 DAGs
[2025-10-10T12:55:29.239+0000] {logging_mixin.py:188} INFO - [2025-10-10T12:55:29.238+0000] {dag.py:3834} INFO - Setting next_dagrun for extract_open_meteo_v2 to 2025-10-08 22:00:00+00:00, run_after=2025-10-09 22:00:00+00:00
[2025-10-10T12:55:29.322+0000] {processor.py:183} INFO - Processing /opt/airflow/dags/Airflow/dags/extract_open_meteo_dag.py took 0.255 seconds
[2025-10-10T12:55:59.543+0000] {processor.py:161} INFO - Started process (PID=852) to work on /opt/airflow/dags/Airflow/dags/extract_open_meteo_dag.py
[2025-10-10T12:55:59.546+0000] {processor.py:830} INFO - Processing file /opt/airflow/dags/Airflow/dags/extract_open_meteo_dag.py for tasks to queue
[2025-10-10T12:55:59.548+0000] {logging_mixin.py:188} INFO - [2025-10-10T12:55:59.547+0000] {dagbag.py:540} INFO - Filling up the DagBag from /opt/airflow/dags/Airflow/dags/extract_open_meteo_dag.py
[2025-10-10T12:55:59.604+0000] {processor.py:840} INFO - DAG(s) 'extract_open_meteo_v2' retrieved from /opt/airflow/dags/Airflow/dags/extract_open_meteo_dag.py
[2025-10-10T12:55:59.673+0000] {logging_mixin.py:188} INFO - [2025-10-10T12:55:59.673+0000] {dag.py:3047} INFO - Sync 1 DAGs
[2025-10-10T12:55:59.739+0000] {logging_mixin.py:188} INFO - [2025-10-10T12:55:59.738+0000] {dag.py:3834} INFO - Setting next_dagrun for extract_open_meteo_v2 to 2025-10-08 22:00:00+00:00, run_after=2025-10-09 22:00:00+00:00
[2025-10-10T12:55:59.807+0000] {processor.py:183} INFO - Processing /opt/airflow/dags/Airflow/dags/extract_open_meteo_dag.py took 0.268 seconds
[2025-10-10T12:56:29.957+0000] {processor.py:161} INFO - Started process (PID=857) to work on /opt/airflow/dags/Airflow/dags/extract_open_meteo_dag.py
[2025-10-10T12:56:29.958+0000] {processor.py:830} INFO - Processing file /opt/airflow/dags/Airflow/dags/extract_open_meteo_dag.py for tasks to queue
[2025-10-10T12:56:29.961+0000] {logging_mixin.py:188} INFO - [2025-10-10T12:56:29.960+0000] {dagbag.py:540} INFO - Filling up the DagBag from /opt/airflow/dags/Airflow/dags/extract_open_meteo_dag.py
[2025-10-10T12:56:30.014+0000] {processor.py:840} INFO - DAG(s) 'extract_open_meteo_v2' retrieved from /opt/airflow/dags/Airflow/dags/extract_open_meteo_dag.py
[2025-10-10T12:56:30.095+0000] {logging_mixin.py:188} INFO - [2025-10-10T12:56:30.095+0000] {dag.py:3047} INFO - Sync 1 DAGs
[2025-10-10T12:56:30.144+0000] {logging_mixin.py:188} INFO - [2025-10-10T12:56:30.143+0000] {dag.py:3834} INFO - Setting next_dagrun for extract_open_meteo_v2 to 2025-10-08 22:00:00+00:00, run_after=2025-10-09 22:00:00+00:00
[2025-10-10T12:56:30.211+0000] {processor.py:183} INFO - Processing /opt/airflow/dags/Airflow/dags/extract_open_meteo_dag.py took 0.259 seconds
[2025-10-10T12:57:00.628+0000] {processor.py:161} INFO - Started process (PID=862) to work on /opt/airflow/dags/Airflow/dags/extract_open_meteo_dag.py
[2025-10-10T12:57:00.629+0000] {processor.py:830} INFO - Processing file /opt/airflow/dags/Airflow/dags/extract_open_meteo_dag.py for tasks to queue
[2025-10-10T12:57:00.631+0000] {logging_mixin.py:188} INFO - [2025-10-10T12:57:00.630+0000] {dagbag.py:540} INFO - Filling up the DagBag from /opt/airflow/dags/Airflow/dags/extract_open_meteo_dag.py
[2025-10-10T12:57:00.666+0000] {processor.py:840} INFO - DAG(s) 'extract_open_meteo_v2' retrieved from /opt/airflow/dags/Airflow/dags/extract_open_meteo_dag.py
[2025-10-10T12:57:00.726+0000] {logging_mixin.py:188} INFO - [2025-10-10T12:57:00.725+0000] {dag.py:3047} INFO - Sync 1 DAGs
[2025-10-10T12:57:00.771+0000] {logging_mixin.py:188} INFO - [2025-10-10T12:57:00.771+0000] {dag.py:3834} INFO - Setting next_dagrun for extract_open_meteo_v2 to 2025-10-08 22:00:00+00:00, run_after=2025-10-09 22:00:00+00:00
[2025-10-10T12:57:00.838+0000] {processor.py:183} INFO - Processing /opt/airflow/dags/Airflow/dags/extract_open_meteo_dag.py took 0.214 seconds
[2025-10-10T12:57:30.975+0000] {processor.py:161} INFO - Started process (PID=867) to work on /opt/airflow/dags/Airflow/dags/extract_open_meteo_dag.py
[2025-10-10T12:57:30.977+0000] {processor.py:830} INFO - Processing file /opt/airflow/dags/Airflow/dags/extract_open_meteo_dag.py for tasks to queue
[2025-10-10T12:57:30.979+0000] {logging_mixin.py:188} INFO - [2025-10-10T12:57:30.978+0000] {dagbag.py:540} INFO - Filling up the DagBag from /opt/airflow/dags/Airflow/dags/extract_open_meteo_dag.py
[2025-10-10T12:57:31.021+0000] {processor.py:840} INFO - DAG(s) 'extract_open_meteo_v2' retrieved from /opt/airflow/dags/Airflow/dags/extract_open_meteo_dag.py
[2025-10-10T12:57:31.083+0000] {logging_mixin.py:188} INFO - [2025-10-10T12:57:31.082+0000] {dag.py:3047} INFO - Sync 1 DAGs
[2025-10-10T12:57:31.151+0000] {logging_mixin.py:188} INFO - [2025-10-10T12:57:31.150+0000] {dag.py:3834} INFO - Setting next_dagrun for extract_open_meteo_v2 to 2025-10-08 22:00:00+00:00, run_after=2025-10-09 22:00:00+00:00
[2025-10-10T12:57:31.241+0000] {processor.py:183} INFO - Processing /opt/airflow/dags/Airflow/dags/extract_open_meteo_dag.py took 0.274 seconds
[2025-10-10T12:58:01.575+0000] {processor.py:161} INFO - Started process (PID=872) to work on /opt/airflow/dags/Airflow/dags/extract_open_meteo_dag.py
[2025-10-10T12:58:01.578+0000] {processor.py:830} INFO - Processing file /opt/airflow/dags/Airflow/dags/extract_open_meteo_dag.py for tasks to queue
[2025-10-10T12:58:01.580+0000] {logging_mixin.py:188} INFO - [2025-10-10T12:58:01.580+0000] {dagbag.py:540} INFO - Filling up the DagBag from /opt/airflow/dags/Airflow/dags/extract_open_meteo_dag.py
[2025-10-10T12:58:01.630+0000] {processor.py:840} INFO - DAG(s) 'extract_open_meteo_v2' retrieved from /opt/airflow/dags/Airflow/dags/extract_open_meteo_dag.py
[2025-10-10T12:58:01.703+0000] {logging_mixin.py:188} INFO - [2025-10-10T12:58:01.703+0000] {dag.py:3047} INFO - Sync 1 DAGs
[2025-10-10T12:58:01.753+0000] {logging_mixin.py:188} INFO - [2025-10-10T12:58:01.752+0000] {dag.py:3834} INFO - Setting next_dagrun for extract_open_meteo_v2 to 2025-10-08 22:00:00+00:00, run_after=2025-10-09 22:00:00+00:00
[2025-10-10T12:58:01.823+0000] {processor.py:183} INFO - Processing /opt/airflow/dags/Airflow/dags/extract_open_meteo_dag.py took 0.254 seconds
[2025-10-10T12:58:31.965+0000] {processor.py:161} INFO - Started process (PID=877) to work on /opt/airflow/dags/Airflow/dags/extract_open_meteo_dag.py
[2025-10-10T12:58:31.967+0000] {processor.py:830} INFO - Processing file /opt/airflow/dags/Airflow/dags/extract_open_meteo_dag.py for tasks to queue
[2025-10-10T12:58:31.970+0000] {logging_mixin.py:188} INFO - [2025-10-10T12:58:31.969+0000] {dagbag.py:540} INFO - Filling up the DagBag from /opt/airflow/dags/Airflow/dags/extract_open_meteo_dag.py
[2025-10-10T12:58:32.014+0000] {processor.py:840} INFO - DAG(s) 'extract_open_meteo_v2' retrieved from /opt/airflow/dags/Airflow/dags/extract_open_meteo_dag.py
[2025-10-10T12:58:32.097+0000] {logging_mixin.py:188} INFO - [2025-10-10T12:58:32.097+0000] {dag.py:3047} INFO - Sync 1 DAGs
[2025-10-10T12:58:32.153+0000] {logging_mixin.py:188} INFO - [2025-10-10T12:58:32.152+0000] {dag.py:3834} INFO - Setting next_dagrun for extract_open_meteo_v2 to 2025-10-08 22:00:00+00:00, run_after=2025-10-09 22:00:00+00:00
[2025-10-10T12:58:32.232+0000] {processor.py:183} INFO - Processing /opt/airflow/dags/Airflow/dags/extract_open_meteo_dag.py took 0.272 seconds
[2025-10-10T12:59:02.473+0000] {processor.py:161} INFO - Started process (PID=882) to work on /opt/airflow/dags/Airflow/dags/extract_open_meteo_dag.py
[2025-10-10T12:59:02.475+0000] {processor.py:830} INFO - Processing file /opt/airflow/dags/Airflow/dags/extract_open_meteo_dag.py for tasks to queue
[2025-10-10T12:59:02.477+0000] {logging_mixin.py:188} INFO - [2025-10-10T12:59:02.476+0000] {dagbag.py:540} INFO - Filling up the DagBag from /opt/airflow/dags/Airflow/dags/extract_open_meteo_dag.py
[2025-10-10T12:59:02.519+0000] {processor.py:840} INFO - DAG(s) 'extract_open_meteo_v2' retrieved from /opt/airflow/dags/Airflow/dags/extract_open_meteo_dag.py
[2025-10-10T12:59:02.593+0000] {logging_mixin.py:188} INFO - [2025-10-10T12:59:02.593+0000] {dag.py:3047} INFO - Sync 1 DAGs
[2025-10-10T12:59:02.643+0000] {logging_mixin.py:188} INFO - [2025-10-10T12:59:02.642+0000] {dag.py:3834} INFO - Setting next_dagrun for extract_open_meteo_v2 to 2025-10-08 22:00:00+00:00, run_after=2025-10-09 22:00:00+00:00
[2025-10-10T12:59:02.707+0000] {processor.py:183} INFO - Processing /opt/airflow/dags/Airflow/dags/extract_open_meteo_dag.py took 0.240 seconds
[2025-10-10T12:59:32.870+0000] {processor.py:161} INFO - Started process (PID=887) to work on /opt/airflow/dags/Airflow/dags/extract_open_meteo_dag.py
[2025-10-10T12:59:32.872+0000] {processor.py:830} INFO - Processing file /opt/airflow/dags/Airflow/dags/extract_open_meteo_dag.py for tasks to queue
[2025-10-10T12:59:32.875+0000] {logging_mixin.py:188} INFO - [2025-10-10T12:59:32.873+0000] {dagbag.py:540} INFO - Filling up the DagBag from /opt/airflow/dags/Airflow/dags/extract_open_meteo_dag.py
[2025-10-10T12:59:32.921+0000] {processor.py:840} INFO - DAG(s) 'extract_open_meteo_v2' retrieved from /opt/airflow/dags/Airflow/dags/extract_open_meteo_dag.py
[2025-10-10T12:59:32.985+0000] {logging_mixin.py:188} INFO - [2025-10-10T12:59:32.984+0000] {dag.py:3047} INFO - Sync 1 DAGs
[2025-10-10T12:59:33.028+0000] {logging_mixin.py:188} INFO - [2025-10-10T12:59:33.028+0000] {dag.py:3834} INFO - Setting next_dagrun for extract_open_meteo_v2 to 2025-10-08 22:00:00+00:00, run_after=2025-10-09 22:00:00+00:00
[2025-10-10T12:59:33.090+0000] {processor.py:183} INFO - Processing /opt/airflow/dags/Airflow/dags/extract_open_meteo_dag.py took 0.223 seconds
[2025-10-10T13:00:03.334+0000] {processor.py:161} INFO - Started process (PID=892) to work on /opt/airflow/dags/Airflow/dags/extract_open_meteo_dag.py
[2025-10-10T13:00:03.336+0000] {processor.py:830} INFO - Processing file /opt/airflow/dags/Airflow/dags/extract_open_meteo_dag.py for tasks to queue
[2025-10-10T13:00:03.338+0000] {logging_mixin.py:188} INFO - [2025-10-10T13:00:03.337+0000] {dagbag.py:540} INFO - Filling up the DagBag from /opt/airflow/dags/Airflow/dags/extract_open_meteo_dag.py
[2025-10-10T13:00:03.380+0000] {processor.py:840} INFO - DAG(s) 'extract_open_meteo_v2' retrieved from /opt/airflow/dags/Airflow/dags/extract_open_meteo_dag.py
[2025-10-10T13:00:03.467+0000] {logging_mixin.py:188} INFO - [2025-10-10T13:00:03.465+0000] {dag.py:3047} INFO - Sync 1 DAGs
[2025-10-10T13:00:03.546+0000] {logging_mixin.py:188} INFO - [2025-10-10T13:00:03.546+0000] {dag.py:3834} INFO - Setting next_dagrun for extract_open_meteo_v2 to 2025-10-08 22:00:00+00:00, run_after=2025-10-09 22:00:00+00:00
[2025-10-10T13:00:03.606+0000] {processor.py:183} INFO - Processing /opt/airflow/dags/Airflow/dags/extract_open_meteo_dag.py took 0.275 seconds
[2025-10-10T13:00:33.870+0000] {processor.py:161} INFO - Started process (PID=897) to work on /opt/airflow/dags/Airflow/dags/extract_open_meteo_dag.py
[2025-10-10T13:00:33.872+0000] {processor.py:830} INFO - Processing file /opt/airflow/dags/Airflow/dags/extract_open_meteo_dag.py for tasks to queue
[2025-10-10T13:00:33.873+0000] {logging_mixin.py:188} INFO - [2025-10-10T13:00:33.873+0000] {dagbag.py:540} INFO - Filling up the DagBag from /opt/airflow/dags/Airflow/dags/extract_open_meteo_dag.py
[2025-10-10T13:00:33.931+0000] {processor.py:840} INFO - DAG(s) 'extract_open_meteo_v2' retrieved from /opt/airflow/dags/Airflow/dags/extract_open_meteo_dag.py
[2025-10-10T13:00:34.014+0000] {logging_mixin.py:188} INFO - [2025-10-10T13:00:34.013+0000] {dag.py:3047} INFO - Sync 1 DAGs
[2025-10-10T13:00:34.063+0000] {logging_mixin.py:188} INFO - [2025-10-10T13:00:34.063+0000] {dag.py:3834} INFO - Setting next_dagrun for extract_open_meteo_v2 to 2025-10-08 22:00:00+00:00, run_after=2025-10-09 22:00:00+00:00
[2025-10-10T13:00:34.117+0000] {processor.py:183} INFO - Processing /opt/airflow/dags/Airflow/dags/extract_open_meteo_dag.py took 0.252 seconds
[2025-10-10T13:01:04.248+0000] {processor.py:161} INFO - Started process (PID=902) to work on /opt/airflow/dags/Airflow/dags/extract_open_meteo_dag.py
[2025-10-10T13:01:04.250+0000] {processor.py:830} INFO - Processing file /opt/airflow/dags/Airflow/dags/extract_open_meteo_dag.py for tasks to queue
[2025-10-10T13:01:04.252+0000] {logging_mixin.py:188} INFO - [2025-10-10T13:01:04.252+0000] {dagbag.py:540} INFO - Filling up the DagBag from /opt/airflow/dags/Airflow/dags/extract_open_meteo_dag.py
[2025-10-10T13:01:04.300+0000] {processor.py:840} INFO - DAG(s) 'extract_open_meteo_v2' retrieved from /opt/airflow/dags/Airflow/dags/extract_open_meteo_dag.py
[2025-10-10T13:01:04.357+0000] {logging_mixin.py:188} INFO - [2025-10-10T13:01:04.357+0000] {dag.py:3047} INFO - Sync 1 DAGs
[2025-10-10T13:01:04.398+0000] {logging_mixin.py:188} INFO - [2025-10-10T13:01:04.398+0000] {dag.py:3834} INFO - Setting next_dagrun for extract_open_meteo_v2 to 2025-10-08 22:00:00+00:00, run_after=2025-10-09 22:00:00+00:00
[2025-10-10T13:01:04.463+0000] {processor.py:183} INFO - Processing /opt/airflow/dags/Airflow/dags/extract_open_meteo_dag.py took 0.220 seconds
[2025-10-10T13:01:34.828+0000] {processor.py:161} INFO - Started process (PID=907) to work on /opt/airflow/dags/Airflow/dags/extract_open_meteo_dag.py
[2025-10-10T13:01:34.829+0000] {processor.py:830} INFO - Processing file /opt/airflow/dags/Airflow/dags/extract_open_meteo_dag.py for tasks to queue
[2025-10-10T13:01:34.832+0000] {logging_mixin.py:188} INFO - [2025-10-10T13:01:34.831+0000] {dagbag.py:540} INFO - Filling up the DagBag from /opt/airflow/dags/Airflow/dags/extract_open_meteo_dag.py
[2025-10-10T13:01:34.869+0000] {processor.py:840} INFO - DAG(s) 'extract_open_meteo_v2' retrieved from /opt/airflow/dags/Airflow/dags/extract_open_meteo_dag.py
[2025-10-10T13:01:34.927+0000] {logging_mixin.py:188} INFO - [2025-10-10T13:01:34.926+0000] {dag.py:3047} INFO - Sync 1 DAGs
[2025-10-10T13:01:34.974+0000] {logging_mixin.py:188} INFO - [2025-10-10T13:01:34.974+0000] {dag.py:3834} INFO - Setting next_dagrun for extract_open_meteo_v2 to 2025-10-08 22:00:00+00:00, run_after=2025-10-09 22:00:00+00:00
[2025-10-10T13:01:35.032+0000] {processor.py:183} INFO - Processing /opt/airflow/dags/Airflow/dags/extract_open_meteo_dag.py took 0.208 seconds
[2025-10-10T13:02:05.259+0000] {processor.py:161} INFO - Started process (PID=912) to work on /opt/airflow/dags/Airflow/dags/extract_open_meteo_dag.py
[2025-10-10T13:02:05.261+0000] {processor.py:830} INFO - Processing file /opt/airflow/dags/Airflow/dags/extract_open_meteo_dag.py for tasks to queue
[2025-10-10T13:02:05.263+0000] {logging_mixin.py:188} INFO - [2025-10-10T13:02:05.262+0000] {dagbag.py:540} INFO - Filling up the DagBag from /opt/airflow/dags/Airflow/dags/extract_open_meteo_dag.py
[2025-10-10T13:02:05.310+0000] {processor.py:840} INFO - DAG(s) 'extract_open_meteo_v2' retrieved from /opt/airflow/dags/Airflow/dags/extract_open_meteo_dag.py
[2025-10-10T13:02:05.401+0000] {logging_mixin.py:188} INFO - [2025-10-10T13:02:05.400+0000] {dag.py:3047} INFO - Sync 1 DAGs
[2025-10-10T13:02:05.477+0000] {logging_mixin.py:188} INFO - [2025-10-10T13:02:05.476+0000] {dag.py:3834} INFO - Setting next_dagrun for extract_open_meteo_v2 to 2025-10-08 22:00:00+00:00, run_after=2025-10-09 22:00:00+00:00
[2025-10-10T13:02:05.541+0000] {processor.py:183} INFO - Processing /opt/airflow/dags/Airflow/dags/extract_open_meteo_dag.py took 0.287 seconds
[2025-10-10T13:02:35.734+0000] {processor.py:161} INFO - Started process (PID=917) to work on /opt/airflow/dags/Airflow/dags/extract_open_meteo_dag.py
[2025-10-10T13:02:35.736+0000] {processor.py:830} INFO - Processing file /opt/airflow/dags/Airflow/dags/extract_open_meteo_dag.py for tasks to queue
[2025-10-10T13:02:35.737+0000] {logging_mixin.py:188} INFO - [2025-10-10T13:02:35.737+0000] {dagbag.py:540} INFO - Filling up the DagBag from /opt/airflow/dags/Airflow/dags/extract_open_meteo_dag.py
[2025-10-10T13:02:35.783+0000] {processor.py:840} INFO - DAG(s) 'extract_open_meteo_v2' retrieved from /opt/airflow/dags/Airflow/dags/extract_open_meteo_dag.py
[2025-10-10T13:02:35.849+0000] {logging_mixin.py:188} INFO - [2025-10-10T13:02:35.848+0000] {dag.py:3047} INFO - Sync 1 DAGs
[2025-10-10T13:02:35.912+0000] {logging_mixin.py:188} INFO - [2025-10-10T13:02:35.912+0000] {dag.py:3834} INFO - Setting next_dagrun for extract_open_meteo_v2 to 2025-10-08 22:00:00+00:00, run_after=2025-10-09 22:00:00+00:00
[2025-10-10T13:02:35.985+0000] {processor.py:183} INFO - Processing /opt/airflow/dags/Airflow/dags/extract_open_meteo_dag.py took 0.254 seconds
[2025-10-10T13:03:06.318+0000] {processor.py:161} INFO - Started process (PID=922) to work on /opt/airflow/dags/Airflow/dags/extract_open_meteo_dag.py
[2025-10-10T13:03:06.330+0000] {processor.py:830} INFO - Processing file /opt/airflow/dags/Airflow/dags/extract_open_meteo_dag.py for tasks to queue
[2025-10-10T13:03:06.337+0000] {logging_mixin.py:188} INFO - [2025-10-10T13:03:06.336+0000] {dagbag.py:540} INFO - Filling up the DagBag from /opt/airflow/dags/Airflow/dags/extract_open_meteo_dag.py
[2025-10-10T13:03:06.658+0000] {processor.py:840} INFO - DAG(s) 'extract_open_meteo_v2' retrieved from /opt/airflow/dags/Airflow/dags/extract_open_meteo_dag.py
[2025-10-10T13:03:06.957+0000] {logging_mixin.py:188} INFO - [2025-10-10T13:03:06.955+0000] {dag.py:3047} INFO - Sync 1 DAGs
[2025-10-10T13:03:07.070+0000] {logging_mixin.py:188} INFO - [2025-10-10T13:03:07.070+0000] {dag.py:3834} INFO - Setting next_dagrun for extract_open_meteo_v2 to 2025-10-08 22:00:00+00:00, run_after=2025-10-09 22:00:00+00:00
[2025-10-10T13:03:07.182+0000] {processor.py:183} INFO - Processing /opt/airflow/dags/Airflow/dags/extract_open_meteo_dag.py took 0.869 seconds
[2025-10-10T13:03:37.667+0000] {processor.py:161} INFO - Started process (PID=927) to work on /opt/airflow/dags/Airflow/dags/extract_open_meteo_dag.py
[2025-10-10T13:03:37.670+0000] {processor.py:830} INFO - Processing file /opt/airflow/dags/Airflow/dags/extract_open_meteo_dag.py for tasks to queue
[2025-10-10T13:03:37.672+0000] {logging_mixin.py:188} INFO - [2025-10-10T13:03:37.672+0000] {dagbag.py:540} INFO - Filling up the DagBag from /opt/airflow/dags/Airflow/dags/extract_open_meteo_dag.py
[2025-10-10T13:03:37.712+0000] {processor.py:840} INFO - DAG(s) 'extract_open_meteo_v2' retrieved from /opt/airflow/dags/Airflow/dags/extract_open_meteo_dag.py
[2025-10-10T13:03:37.776+0000] {logging_mixin.py:188} INFO - [2025-10-10T13:03:37.776+0000] {dag.py:3047} INFO - Sync 1 DAGs
[2025-10-10T13:03:37.819+0000] {logging_mixin.py:188} INFO - [2025-10-10T13:03:37.819+0000] {dag.py:3834} INFO - Setting next_dagrun for extract_open_meteo_v2 to 2025-10-08 22:00:00+00:00, run_after=2025-10-09 22:00:00+00:00
[2025-10-10T13:03:37.886+0000] {processor.py:183} INFO - Processing /opt/airflow/dags/Airflow/dags/extract_open_meteo_dag.py took 0.253 seconds
[2025-10-10T13:04:07.981+0000] {processor.py:161} INFO - Started process (PID=932) to work on /opt/airflow/dags/Airflow/dags/extract_open_meteo_dag.py
[2025-10-10T13:04:07.983+0000] {processor.py:830} INFO - Processing file /opt/airflow/dags/Airflow/dags/extract_open_meteo_dag.py for tasks to queue
[2025-10-10T13:04:07.985+0000] {logging_mixin.py:188} INFO - [2025-10-10T13:04:07.984+0000] {dagbag.py:540} INFO - Filling up the DagBag from /opt/airflow/dags/Airflow/dags/extract_open_meteo_dag.py
[2025-10-10T13:04:08.038+0000] {processor.py:840} INFO - DAG(s) 'extract_open_meteo_v2' retrieved from /opt/airflow/dags/Airflow/dags/extract_open_meteo_dag.py
[2025-10-10T13:04:08.111+0000] {logging_mixin.py:188} INFO - [2025-10-10T13:04:08.111+0000] {dag.py:3047} INFO - Sync 1 DAGs
[2025-10-10T13:04:08.162+0000] {logging_mixin.py:188} INFO - [2025-10-10T13:04:08.161+0000] {dag.py:3834} INFO - Setting next_dagrun for extract_open_meteo_v2 to 2025-10-08 22:00:00+00:00, run_after=2025-10-09 22:00:00+00:00
[2025-10-10T13:04:08.231+0000] {processor.py:183} INFO - Processing /opt/airflow/dags/Airflow/dags/extract_open_meteo_dag.py took 0.255 seconds
[2025-10-10T13:04:38.511+0000] {processor.py:161} INFO - Started process (PID=937) to work on /opt/airflow/dags/Airflow/dags/extract_open_meteo_dag.py
[2025-10-10T13:04:38.512+0000] {processor.py:830} INFO - Processing file /opt/airflow/dags/Airflow/dags/extract_open_meteo_dag.py for tasks to queue
[2025-10-10T13:04:38.514+0000] {logging_mixin.py:188} INFO - [2025-10-10T13:04:38.513+0000] {dagbag.py:540} INFO - Filling up the DagBag from /opt/airflow/dags/Airflow/dags/extract_open_meteo_dag.py
[2025-10-10T13:04:38.556+0000] {processor.py:840} INFO - DAG(s) 'extract_open_meteo_v2' retrieved from /opt/airflow/dags/Airflow/dags/extract_open_meteo_dag.py
[2025-10-10T13:04:38.614+0000] {logging_mixin.py:188} INFO - [2025-10-10T13:04:38.613+0000] {dag.py:3047} INFO - Sync 1 DAGs
[2025-10-10T13:04:38.658+0000] {logging_mixin.py:188} INFO - [2025-10-10T13:04:38.658+0000] {dag.py:3834} INFO - Setting next_dagrun for extract_open_meteo_v2 to 2025-10-08 22:00:00+00:00, run_after=2025-10-09 22:00:00+00:00
[2025-10-10T13:04:38.724+0000] {processor.py:183} INFO - Processing /opt/airflow/dags/Airflow/dags/extract_open_meteo_dag.py took 0.218 seconds
[2025-10-10T13:05:08.958+0000] {processor.py:161} INFO - Started process (PID=942) to work on /opt/airflow/dags/Airflow/dags/extract_open_meteo_dag.py
[2025-10-10T13:05:08.960+0000] {processor.py:830} INFO - Processing file /opt/airflow/dags/Airflow/dags/extract_open_meteo_dag.py for tasks to queue
[2025-10-10T13:05:08.962+0000] {logging_mixin.py:188} INFO - [2025-10-10T13:05:08.962+0000] {dagbag.py:540} INFO - Filling up the DagBag from /opt/airflow/dags/Airflow/dags/extract_open_meteo_dag.py
[2025-10-10T13:05:09.012+0000] {processor.py:840} INFO - DAG(s) 'extract_open_meteo_v2' retrieved from /opt/airflow/dags/Airflow/dags/extract_open_meteo_dag.py
[2025-10-10T13:05:09.081+0000] {logging_mixin.py:188} INFO - [2025-10-10T13:05:09.081+0000] {dag.py:3047} INFO - Sync 1 DAGs
[2025-10-10T13:05:09.129+0000] {logging_mixin.py:188} INFO - [2025-10-10T13:05:09.129+0000] {dag.py:3834} INFO - Setting next_dagrun for extract_open_meteo_v2 to 2025-10-08 22:00:00+00:00, run_after=2025-10-09 22:00:00+00:00
[2025-10-10T13:05:09.191+0000] {processor.py:183} INFO - Processing /opt/airflow/dags/Airflow/dags/extract_open_meteo_dag.py took 0.237 seconds
[2025-10-10T13:05:39.333+0000] {processor.py:161} INFO - Started process (PID=947) to work on /opt/airflow/dags/Airflow/dags/extract_open_meteo_dag.py
[2025-10-10T13:05:39.334+0000] {processor.py:830} INFO - Processing file /opt/airflow/dags/Airflow/dags/extract_open_meteo_dag.py for tasks to queue
[2025-10-10T13:05:39.336+0000] {logging_mixin.py:188} INFO - [2025-10-10T13:05:39.335+0000] {dagbag.py:540} INFO - Filling up the DagBag from /opt/airflow/dags/Airflow/dags/extract_open_meteo_dag.py
[2025-10-10T13:05:39.375+0000] {processor.py:840} INFO - DAG(s) 'extract_open_meteo_v2' retrieved from /opt/airflow/dags/Airflow/dags/extract_open_meteo_dag.py
[2025-10-10T13:05:39.442+0000] {logging_mixin.py:188} INFO - [2025-10-10T13:05:39.441+0000] {dag.py:3047} INFO - Sync 1 DAGs
[2025-10-10T13:05:39.488+0000] {logging_mixin.py:188} INFO - [2025-10-10T13:05:39.488+0000] {dag.py:3834} INFO - Setting next_dagrun for extract_open_meteo_v2 to 2025-10-08 22:00:00+00:00, run_after=2025-10-09 22:00:00+00:00
[2025-10-10T13:05:39.554+0000] {processor.py:183} INFO - Processing /opt/airflow/dags/Airflow/dags/extract_open_meteo_dag.py took 0.224 seconds
[2025-10-10T13:06:09.921+0000] {processor.py:161} INFO - Started process (PID=952) to work on /opt/airflow/dags/Airflow/dags/extract_open_meteo_dag.py
[2025-10-10T13:06:09.923+0000] {processor.py:830} INFO - Processing file /opt/airflow/dags/Airflow/dags/extract_open_meteo_dag.py for tasks to queue
[2025-10-10T13:06:09.925+0000] {logging_mixin.py:188} INFO - [2025-10-10T13:06:09.924+0000] {dagbag.py:540} INFO - Filling up the DagBag from /opt/airflow/dags/Airflow/dags/extract_open_meteo_dag.py
[2025-10-10T13:06:09.971+0000] {processor.py:840} INFO - DAG(s) 'extract_open_meteo_v2' retrieved from /opt/airflow/dags/Airflow/dags/extract_open_meteo_dag.py
[2025-10-10T13:06:10.034+0000] {logging_mixin.py:188} INFO - [2025-10-10T13:06:10.034+0000] {dag.py:3047} INFO - Sync 1 DAGs
[2025-10-10T13:06:10.077+0000] {logging_mixin.py:188} INFO - [2025-10-10T13:06:10.076+0000] {dag.py:3834} INFO - Setting next_dagrun for extract_open_meteo_v2 to 2025-10-08 22:00:00+00:00, run_after=2025-10-09 22:00:00+00:00
[2025-10-10T13:06:10.143+0000] {processor.py:183} INFO - Processing /opt/airflow/dags/Airflow/dags/extract_open_meteo_dag.py took 0.225 seconds
[2025-10-10T13:06:40.240+0000] {processor.py:161} INFO - Started process (PID=957) to work on /opt/airflow/dags/Airflow/dags/extract_open_meteo_dag.py
[2025-10-10T13:06:40.242+0000] {processor.py:830} INFO - Processing file /opt/airflow/dags/Airflow/dags/extract_open_meteo_dag.py for tasks to queue
[2025-10-10T13:06:40.244+0000] {logging_mixin.py:188} INFO - [2025-10-10T13:06:40.243+0000] {dagbag.py:540} INFO - Filling up the DagBag from /opt/airflow/dags/Airflow/dags/extract_open_meteo_dag.py
[2025-10-10T13:06:40.288+0000] {processor.py:840} INFO - DAG(s) 'extract_open_meteo_v2' retrieved from /opt/airflow/dags/Airflow/dags/extract_open_meteo_dag.py
[2025-10-10T13:06:40.358+0000] {logging_mixin.py:188} INFO - [2025-10-10T13:06:40.358+0000] {dag.py:3047} INFO - Sync 1 DAGs
[2025-10-10T13:06:40.410+0000] {logging_mixin.py:188} INFO - [2025-10-10T13:06:40.410+0000] {dag.py:3834} INFO - Setting next_dagrun for extract_open_meteo_v2 to 2025-10-08 22:00:00+00:00, run_after=2025-10-09 22:00:00+00:00
[2025-10-10T13:06:40.471+0000] {processor.py:183} INFO - Processing /opt/airflow/dags/Airflow/dags/extract_open_meteo_dag.py took 0.235 seconds
[2025-10-10T13:07:11.046+0000] {processor.py:161} INFO - Started process (PID=962) to work on /opt/airflow/dags/Airflow/dags/extract_open_meteo_dag.py
[2025-10-10T13:07:11.047+0000] {processor.py:830} INFO - Processing file /opt/airflow/dags/Airflow/dags/extract_open_meteo_dag.py for tasks to queue
[2025-10-10T13:07:11.049+0000] {logging_mixin.py:188} INFO - [2025-10-10T13:07:11.049+0000] {dagbag.py:540} INFO - Filling up the DagBag from /opt/airflow/dags/Airflow/dags/extract_open_meteo_dag.py
[2025-10-10T13:07:11.103+0000] {processor.py:840} INFO - DAG(s) 'extract_open_meteo_v2' retrieved from /opt/airflow/dags/Airflow/dags/extract_open_meteo_dag.py
[2025-10-10T13:07:11.175+0000] {logging_mixin.py:188} INFO - [2025-10-10T13:07:11.174+0000] {dag.py:3047} INFO - Sync 1 DAGs
[2025-10-10T13:07:11.226+0000] {logging_mixin.py:188} INFO - [2025-10-10T13:07:11.225+0000] {dag.py:3834} INFO - Setting next_dagrun for extract_open_meteo_v2 to 2025-10-08 22:00:00+00:00, run_after=2025-10-09 22:00:00+00:00
[2025-10-10T13:07:11.293+0000] {processor.py:183} INFO - Processing /opt/airflow/dags/Airflow/dags/extract_open_meteo_dag.py took 0.250 seconds
[2025-10-10T13:07:41.409+0000] {processor.py:161} INFO - Started process (PID=967) to work on /opt/airflow/dags/Airflow/dags/extract_open_meteo_dag.py
[2025-10-10T13:07:41.410+0000] {processor.py:830} INFO - Processing file /opt/airflow/dags/Airflow/dags/extract_open_meteo_dag.py for tasks to queue
[2025-10-10T13:07:41.412+0000] {logging_mixin.py:188} INFO - [2025-10-10T13:07:41.411+0000] {dagbag.py:540} INFO - Filling up the DagBag from /opt/airflow/dags/Airflow/dags/extract_open_meteo_dag.py
[2025-10-10T13:07:41.452+0000] {processor.py:840} INFO - DAG(s) 'extract_open_meteo_v2' retrieved from /opt/airflow/dags/Airflow/dags/extract_open_meteo_dag.py
[2025-10-10T13:07:41.518+0000] {logging_mixin.py:188} INFO - [2025-10-10T13:07:41.518+0000] {dag.py:3047} INFO - Sync 1 DAGs
[2025-10-10T13:07:41.576+0000] {logging_mixin.py:188} INFO - [2025-10-10T13:07:41.575+0000] {dag.py:3834} INFO - Setting next_dagrun for extract_open_meteo_v2 to 2025-10-08 22:00:00+00:00, run_after=2025-10-09 22:00:00+00:00
[2025-10-10T13:07:41.635+0000] {processor.py:183} INFO - Processing /opt/airflow/dags/Airflow/dags/extract_open_meteo_dag.py took 0.236 seconds
[2025-10-10T13:31:49.661+0000] {processor.py:161} INFO - Started process (PID=974) to work on /opt/airflow/dags/Airflow/dags/extract_open_meteo_dag.py
[2025-10-10T13:31:49.682+0000] {processor.py:830} INFO - Processing file /opt/airflow/dags/Airflow/dags/extract_open_meteo_dag.py for tasks to queue
[2025-10-10T13:31:49.729+0000] {logging_mixin.py:188} INFO - [2025-10-10T13:31:49.714+0000] {dagbag.py:540} INFO - Filling up the DagBag from /opt/airflow/dags/Airflow/dags/extract_open_meteo_dag.py
[2025-10-10T13:31:50.288+0000] {processor.py:840} INFO - DAG(s) 'extract_open_meteo_v2' retrieved from /opt/airflow/dags/Airflow/dags/extract_open_meteo_dag.py
[2025-10-10T13:31:50.535+0000] {logging_mixin.py:188} INFO - [2025-10-10T13:31:50.534+0000] {dag.py:3047} INFO - Sync 1 DAGs
[2025-10-10T13:31:51.156+0000] {logging_mixin.py:188} INFO - [2025-10-10T13:31:51.155+0000] {dag.py:3834} INFO - Setting next_dagrun for extract_open_meteo_v2 to 2025-10-08 22:00:00+00:00, run_after=2025-10-09 22:00:00+00:00
[2025-10-10T13:31:51.469+0000] {processor.py:183} INFO - Processing /opt/airflow/dags/Airflow/dags/extract_open_meteo_dag.py took 1.869 seconds
[2025-10-10T13:32:21.682+0000] {processor.py:161} INFO - Started process (PID=979) to work on /opt/airflow/dags/Airflow/dags/extract_open_meteo_dag.py
[2025-10-10T13:32:21.684+0000] {processor.py:830} INFO - Processing file /opt/airflow/dags/Airflow/dags/extract_open_meteo_dag.py for tasks to queue
[2025-10-10T13:32:21.686+0000] {logging_mixin.py:188} INFO - [2025-10-10T13:32:21.686+0000] {dagbag.py:540} INFO - Filling up the DagBag from /opt/airflow/dags/Airflow/dags/extract_open_meteo_dag.py
[2025-10-10T13:32:21.826+0000] {processor.py:840} INFO - DAG(s) 'extract_open_meteo_v2' retrieved from /opt/airflow/dags/Airflow/dags/extract_open_meteo_dag.py
[2025-10-10T13:32:22.028+0000] {logging_mixin.py:188} INFO - [2025-10-10T13:32:22.027+0000] {dag.py:3047} INFO - Sync 1 DAGs
[2025-10-10T13:32:22.119+0000] {logging_mixin.py:188} INFO - [2025-10-10T13:32:22.119+0000] {dag.py:3834} INFO - Setting next_dagrun for extract_open_meteo_v2 to 2025-10-08 22:00:00+00:00, run_after=2025-10-09 22:00:00+00:00
[2025-10-10T13:32:22.198+0000] {processor.py:183} INFO - Processing /opt/airflow/dags/Airflow/dags/extract_open_meteo_dag.py took 0.541 seconds
[2025-10-10T13:32:52.555+0000] {processor.py:161} INFO - Started process (PID=984) to work on /opt/airflow/dags/Airflow/dags/extract_open_meteo_dag.py
[2025-10-10T13:32:52.557+0000] {processor.py:830} INFO - Processing file /opt/airflow/dags/Airflow/dags/extract_open_meteo_dag.py for tasks to queue
[2025-10-10T13:32:52.559+0000] {logging_mixin.py:188} INFO - [2025-10-10T13:32:52.559+0000] {dagbag.py:540} INFO - Filling up the DagBag from /opt/airflow/dags/Airflow/dags/extract_open_meteo_dag.py
[2025-10-10T13:32:52.609+0000] {processor.py:840} INFO - DAG(s) 'extract_open_meteo_v2' retrieved from /opt/airflow/dags/Airflow/dags/extract_open_meteo_dag.py
[2025-10-10T13:32:52.680+0000] {logging_mixin.py:188} INFO - [2025-10-10T13:32:52.680+0000] {dag.py:3047} INFO - Sync 1 DAGs
[2025-10-10T13:32:52.751+0000] {logging_mixin.py:188} INFO - [2025-10-10T13:32:52.751+0000] {dag.py:3834} INFO - Setting next_dagrun for extract_open_meteo_v2 to 2025-10-08 22:00:00+00:00, run_after=2025-10-09 22:00:00+00:00
[2025-10-10T13:32:52.838+0000] {processor.py:183} INFO - Processing /opt/airflow/dags/Airflow/dags/extract_open_meteo_dag.py took 0.298 seconds
[2025-10-10T13:33:23.225+0000] {processor.py:161} INFO - Started process (PID=989) to work on /opt/airflow/dags/Airflow/dags/extract_open_meteo_dag.py
[2025-10-10T13:33:23.227+0000] {processor.py:830} INFO - Processing file /opt/airflow/dags/Airflow/dags/extract_open_meteo_dag.py for tasks to queue
[2025-10-10T13:33:23.229+0000] {logging_mixin.py:188} INFO - [2025-10-10T13:33:23.229+0000] {dagbag.py:540} INFO - Filling up the DagBag from /opt/airflow/dags/Airflow/dags/extract_open_meteo_dag.py
[2025-10-10T13:33:23.272+0000] {processor.py:840} INFO - DAG(s) 'extract_open_meteo_v2' retrieved from /opt/airflow/dags/Airflow/dags/extract_open_meteo_dag.py
[2025-10-10T13:33:23.361+0000] {logging_mixin.py:188} INFO - [2025-10-10T13:33:23.360+0000] {dag.py:3047} INFO - Sync 1 DAGs
[2025-10-10T13:33:23.423+0000] {logging_mixin.py:188} INFO - [2025-10-10T13:33:23.422+0000] {dag.py:3834} INFO - Setting next_dagrun for extract_open_meteo_v2 to 2025-10-08 22:00:00+00:00, run_after=2025-10-09 22:00:00+00:00
[2025-10-10T13:33:23.493+0000] {processor.py:183} INFO - Processing /opt/airflow/dags/Airflow/dags/extract_open_meteo_dag.py took 0.271 seconds
[2025-10-10T13:33:54.227+0000] {processor.py:161} INFO - Started process (PID=994) to work on /opt/airflow/dags/Airflow/dags/extract_open_meteo_dag.py
[2025-10-10T13:33:54.232+0000] {processor.py:830} INFO - Processing file /opt/airflow/dags/Airflow/dags/extract_open_meteo_dag.py for tasks to queue
[2025-10-10T13:33:54.240+0000] {logging_mixin.py:188} INFO - [2025-10-10T13:33:54.239+0000] {dagbag.py:540} INFO - Filling up the DagBag from /opt/airflow/dags/Airflow/dags/extract_open_meteo_dag.py
[2025-10-10T13:33:54.332+0000] {processor.py:840} INFO - DAG(s) 'extract_open_meteo_v2' retrieved from /opt/airflow/dags/Airflow/dags/extract_open_meteo_dag.py
[2025-10-10T13:33:54.436+0000] {logging_mixin.py:188} INFO - [2025-10-10T13:33:54.436+0000] {dag.py:3047} INFO - Sync 1 DAGs
[2025-10-10T13:33:54.524+0000] {logging_mixin.py:188} INFO - [2025-10-10T13:33:54.523+0000] {dag.py:3834} INFO - Setting next_dagrun for extract_open_meteo_v2 to 2025-10-08 22:00:00+00:00, run_after=2025-10-09 22:00:00+00:00
[2025-10-10T13:33:54.603+0000] {processor.py:183} INFO - Processing /opt/airflow/dags/Airflow/dags/extract_open_meteo_dag.py took 0.383 seconds
[2025-10-10T13:34:24.848+0000] {processor.py:161} INFO - Started process (PID=999) to work on /opt/airflow/dags/Airflow/dags/extract_open_meteo_dag.py
[2025-10-10T13:34:24.850+0000] {processor.py:830} INFO - Processing file /opt/airflow/dags/Airflow/dags/extract_open_meteo_dag.py for tasks to queue
[2025-10-10T13:34:24.852+0000] {logging_mixin.py:188} INFO - [2025-10-10T13:34:24.852+0000] {dagbag.py:540} INFO - Filling up the DagBag from /opt/airflow/dags/Airflow/dags/extract_open_meteo_dag.py
[2025-10-10T13:34:24.924+0000] {processor.py:840} INFO - DAG(s) 'extract_open_meteo_v2' retrieved from /opt/airflow/dags/Airflow/dags/extract_open_meteo_dag.py
[2025-10-10T13:34:24.988+0000] {logging_mixin.py:188} INFO - [2025-10-10T13:34:24.987+0000] {dag.py:3047} INFO - Sync 1 DAGs
[2025-10-10T13:34:25.030+0000] {logging_mixin.py:188} INFO - [2025-10-10T13:34:25.030+0000] {dag.py:3834} INFO - Setting next_dagrun for extract_open_meteo_v2 to 2025-10-08 22:00:00+00:00, run_after=2025-10-09 22:00:00+00:00
[2025-10-10T13:34:25.090+0000] {processor.py:183} INFO - Processing /opt/airflow/dags/Airflow/dags/extract_open_meteo_dag.py took 0.245 seconds
[2025-10-10T13:34:55.414+0000] {processor.py:161} INFO - Started process (PID=1004) to work on /opt/airflow/dags/Airflow/dags/extract_open_meteo_dag.py
[2025-10-10T13:34:55.417+0000] {processor.py:830} INFO - Processing file /opt/airflow/dags/Airflow/dags/extract_open_meteo_dag.py for tasks to queue
[2025-10-10T13:34:55.419+0000] {logging_mixin.py:188} INFO - [2025-10-10T13:34:55.419+0000] {dagbag.py:540} INFO - Filling up the DagBag from /opt/airflow/dags/Airflow/dags/extract_open_meteo_dag.py
[2025-10-10T13:34:55.478+0000] {processor.py:840} INFO - DAG(s) 'extract_open_meteo_v2' retrieved from /opt/airflow/dags/Airflow/dags/extract_open_meteo_dag.py
[2025-10-10T13:34:55.558+0000] {logging_mixin.py:188} INFO - [2025-10-10T13:34:55.557+0000] {dag.py:3047} INFO - Sync 1 DAGs
[2025-10-10T13:34:55.602+0000] {logging_mixin.py:188} INFO - [2025-10-10T13:34:55.601+0000] {dag.py:3834} INFO - Setting next_dagrun for extract_open_meteo_v2 to 2025-10-08 22:00:00+00:00, run_after=2025-10-09 22:00:00+00:00
[2025-10-10T13:34:55.664+0000] {processor.py:183} INFO - Processing /opt/airflow/dags/Airflow/dags/extract_open_meteo_dag.py took 0.276 seconds
[2025-10-10T13:35:26.159+0000] {processor.py:161} INFO - Started process (PID=1009) to work on /opt/airflow/dags/Airflow/dags/extract_open_meteo_dag.py
[2025-10-10T13:35:26.161+0000] {processor.py:830} INFO - Processing file /opt/airflow/dags/Airflow/dags/extract_open_meteo_dag.py for tasks to queue
[2025-10-10T13:35:26.163+0000] {logging_mixin.py:188} INFO - [2025-10-10T13:35:26.163+0000] {dagbag.py:540} INFO - Filling up the DagBag from /opt/airflow/dags/Airflow/dags/extract_open_meteo_dag.py
[2025-10-10T13:35:26.209+0000] {processor.py:840} INFO - DAG(s) 'extract_open_meteo_v2' retrieved from /opt/airflow/dags/Airflow/dags/extract_open_meteo_dag.py
[2025-10-10T13:35:26.284+0000] {logging_mixin.py:188} INFO - [2025-10-10T13:35:26.284+0000] {dag.py:3047} INFO - Sync 1 DAGs
[2025-10-10T13:35:26.331+0000] {logging_mixin.py:188} INFO - [2025-10-10T13:35:26.330+0000] {dag.py:3834} INFO - Setting next_dagrun for extract_open_meteo_v2 to 2025-10-08 22:00:00+00:00, run_after=2025-10-09 22:00:00+00:00
[2025-10-10T13:35:26.389+0000] {processor.py:183} INFO - Processing /opt/airflow/dags/Airflow/dags/extract_open_meteo_dag.py took 0.236 seconds
[2025-10-10T13:35:56.706+0000] {processor.py:161} INFO - Started process (PID=1014) to work on /opt/airflow/dags/Airflow/dags/extract_open_meteo_dag.py
[2025-10-10T13:35:56.707+0000] {processor.py:830} INFO - Processing file /opt/airflow/dags/Airflow/dags/extract_open_meteo_dag.py for tasks to queue
[2025-10-10T13:35:56.708+0000] {logging_mixin.py:188} INFO - [2025-10-10T13:35:56.708+0000] {dagbag.py:540} INFO - Filling up the DagBag from /opt/airflow/dags/Airflow/dags/extract_open_meteo_dag.py
[2025-10-10T13:35:56.745+0000] {processor.py:840} INFO - DAG(s) 'extract_open_meteo_v2' retrieved from /opt/airflow/dags/Airflow/dags/extract_open_meteo_dag.py
[2025-10-10T13:35:56.815+0000] {logging_mixin.py:188} INFO - [2025-10-10T13:35:56.814+0000] {dag.py:3047} INFO - Sync 1 DAGs
[2025-10-10T13:35:56.865+0000] {logging_mixin.py:188} INFO - [2025-10-10T13:35:56.865+0000] {dag.py:3834} INFO - Setting next_dagrun for extract_open_meteo_v2 to 2025-10-08 22:00:00+00:00, run_after=2025-10-09 22:00:00+00:00
[2025-10-10T13:35:56.929+0000] {processor.py:183} INFO - Processing /opt/airflow/dags/Airflow/dags/extract_open_meteo_dag.py took 0.226 seconds
[2025-10-10T13:36:27.043+0000] {processor.py:161} INFO - Started process (PID=1019) to work on /opt/airflow/dags/Airflow/dags/extract_open_meteo_dag.py
[2025-10-10T13:36:27.044+0000] {processor.py:830} INFO - Processing file /opt/airflow/dags/Airflow/dags/extract_open_meteo_dag.py for tasks to queue
[2025-10-10T13:36:27.045+0000] {logging_mixin.py:188} INFO - [2025-10-10T13:36:27.045+0000] {dagbag.py:540} INFO - Filling up the DagBag from /opt/airflow/dags/Airflow/dags/extract_open_meteo_dag.py
[2025-10-10T13:36:27.083+0000] {processor.py:840} INFO - DAG(s) 'extract_open_meteo_v2' retrieved from /opt/airflow/dags/Airflow/dags/extract_open_meteo_dag.py
[2025-10-10T13:36:27.156+0000] {logging_mixin.py:188} INFO - [2025-10-10T13:36:27.155+0000] {dag.py:3047} INFO - Sync 1 DAGs
[2025-10-10T13:36:27.203+0000] {logging_mixin.py:188} INFO - [2025-10-10T13:36:27.203+0000] {dag.py:3834} INFO - Setting next_dagrun for extract_open_meteo_v2 to 2025-10-08 22:00:00+00:00, run_after=2025-10-09 22:00:00+00:00
[2025-10-10T13:36:27.261+0000] {processor.py:183} INFO - Processing /opt/airflow/dags/Airflow/dags/extract_open_meteo_dag.py took 0.221 seconds
[2025-10-10T13:36:57.679+0000] {processor.py:161} INFO - Started process (PID=1024) to work on /opt/airflow/dags/Airflow/dags/extract_open_meteo_dag.py
[2025-10-10T13:36:57.681+0000] {processor.py:830} INFO - Processing file /opt/airflow/dags/Airflow/dags/extract_open_meteo_dag.py for tasks to queue
[2025-10-10T13:36:57.683+0000] {logging_mixin.py:188} INFO - [2025-10-10T13:36:57.682+0000] {dagbag.py:540} INFO - Filling up the DagBag from /opt/airflow/dags/Airflow/dags/extract_open_meteo_dag.py
[2025-10-10T13:36:57.730+0000] {processor.py:840} INFO - DAG(s) 'extract_open_meteo_v2' retrieved from /opt/airflow/dags/Airflow/dags/extract_open_meteo_dag.py
[2025-10-10T13:36:57.805+0000] {logging_mixin.py:188} INFO - [2025-10-10T13:36:57.805+0000] {dag.py:3047} INFO - Sync 1 DAGs
[2025-10-10T13:36:57.864+0000] {logging_mixin.py:188} INFO - [2025-10-10T13:36:57.864+0000] {dag.py:3834} INFO - Setting next_dagrun for extract_open_meteo_v2 to 2025-10-08 22:00:00+00:00, run_after=2025-10-09 22:00:00+00:00
[2025-10-10T13:36:57.938+0000] {processor.py:183} INFO - Processing /opt/airflow/dags/Airflow/dags/extract_open_meteo_dag.py took 0.262 seconds
[2025-10-10T13:37:28.295+0000] {processor.py:161} INFO - Started process (PID=1029) to work on /opt/airflow/dags/Airflow/dags/extract_open_meteo_dag.py
[2025-10-10T13:37:28.296+0000] {processor.py:830} INFO - Processing file /opt/airflow/dags/Airflow/dags/extract_open_meteo_dag.py for tasks to queue
[2025-10-10T13:37:28.298+0000] {logging_mixin.py:188} INFO - [2025-10-10T13:37:28.297+0000] {dagbag.py:540} INFO - Filling up the DagBag from /opt/airflow/dags/Airflow/dags/extract_open_meteo_dag.py
[2025-10-10T13:37:28.339+0000] {processor.py:840} INFO - DAG(s) 'extract_open_meteo_v2' retrieved from /opt/airflow/dags/Airflow/dags/extract_open_meteo_dag.py
[2025-10-10T13:37:28.400+0000] {logging_mixin.py:188} INFO - [2025-10-10T13:37:28.399+0000] {dag.py:3047} INFO - Sync 1 DAGs
[2025-10-10T13:37:28.468+0000] {logging_mixin.py:188} INFO - [2025-10-10T13:37:28.468+0000] {dag.py:3834} INFO - Setting next_dagrun for extract_open_meteo_v2 to 2025-10-08 22:00:00+00:00, run_after=2025-10-09 22:00:00+00:00
[2025-10-10T13:37:28.587+0000] {processor.py:183} INFO - Processing /opt/airflow/dags/Airflow/dags/extract_open_meteo_dag.py took 0.296 seconds
[2025-10-10T13:37:58.925+0000] {processor.py:161} INFO - Started process (PID=1034) to work on /opt/airflow/dags/Airflow/dags/extract_open_meteo_dag.py
[2025-10-10T13:37:58.927+0000] {processor.py:830} INFO - Processing file /opt/airflow/dags/Airflow/dags/extract_open_meteo_dag.py for tasks to queue
[2025-10-10T13:37:58.928+0000] {logging_mixin.py:188} INFO - [2025-10-10T13:37:58.928+0000] {dagbag.py:540} INFO - Filling up the DagBag from /opt/airflow/dags/Airflow/dags/extract_open_meteo_dag.py
[2025-10-10T13:37:58.968+0000] {processor.py:840} INFO - DAG(s) 'extract_open_meteo_v2' retrieved from /opt/airflow/dags/Airflow/dags/extract_open_meteo_dag.py
[2025-10-10T13:37:59.032+0000] {logging_mixin.py:188} INFO - [2025-10-10T13:37:59.031+0000] {dag.py:3047} INFO - Sync 1 DAGs
[2025-10-10T13:37:59.113+0000] {logging_mixin.py:188} INFO - [2025-10-10T13:37:59.113+0000] {dag.py:3834} INFO - Setting next_dagrun for extract_open_meteo_v2 to 2025-10-08 22:00:00+00:00, run_after=2025-10-09 22:00:00+00:00
[2025-10-10T13:37:59.213+0000] {processor.py:183} INFO - Processing /opt/airflow/dags/Airflow/dags/extract_open_meteo_dag.py took 0.294 seconds
[2025-10-10T13:38:29.377+0000] {processor.py:161} INFO - Started process (PID=1039) to work on /opt/airflow/dags/Airflow/dags/extract_open_meteo_dag.py
[2025-10-10T13:38:29.378+0000] {processor.py:830} INFO - Processing file /opt/airflow/dags/Airflow/dags/extract_open_meteo_dag.py for tasks to queue
[2025-10-10T13:38:29.380+0000] {logging_mixin.py:188} INFO - [2025-10-10T13:38:29.379+0000] {dagbag.py:540} INFO - Filling up the DagBag from /opt/airflow/dags/Airflow/dags/extract_open_meteo_dag.py
[2025-10-10T13:38:29.421+0000] {processor.py:840} INFO - DAG(s) 'extract_open_meteo_v2' retrieved from /opt/airflow/dags/Airflow/dags/extract_open_meteo_dag.py
[2025-10-10T13:38:29.478+0000] {logging_mixin.py:188} INFO - [2025-10-10T13:38:29.478+0000] {dag.py:3047} INFO - Sync 1 DAGs
[2025-10-10T13:38:29.524+0000] {logging_mixin.py:188} INFO - [2025-10-10T13:38:29.523+0000] {dag.py:3834} INFO - Setting next_dagrun for extract_open_meteo_v2 to 2025-10-08 22:00:00+00:00, run_after=2025-10-09 22:00:00+00:00
[2025-10-10T13:38:29.577+0000] {processor.py:183} INFO - Processing /opt/airflow/dags/Airflow/dags/extract_open_meteo_dag.py took 0.205 seconds
[2025-10-10T13:38:59.782+0000] {processor.py:161} INFO - Started process (PID=1044) to work on /opt/airflow/dags/Airflow/dags/extract_open_meteo_dag.py
[2025-10-10T13:38:59.784+0000] {processor.py:830} INFO - Processing file /opt/airflow/dags/Airflow/dags/extract_open_meteo_dag.py for tasks to queue
[2025-10-10T13:38:59.786+0000] {logging_mixin.py:188} INFO - [2025-10-10T13:38:59.785+0000] {dagbag.py:540} INFO - Filling up the DagBag from /opt/airflow/dags/Airflow/dags/extract_open_meteo_dag.py
[2025-10-10T13:38:59.827+0000] {processor.py:840} INFO - DAG(s) 'extract_open_meteo_v2' retrieved from /opt/airflow/dags/Airflow/dags/extract_open_meteo_dag.py
[2025-10-10T13:38:59.886+0000] {logging_mixin.py:188} INFO - [2025-10-10T13:38:59.886+0000] {dag.py:3047} INFO - Sync 1 DAGs
[2025-10-10T13:38:59.932+0000] {logging_mixin.py:188} INFO - [2025-10-10T13:38:59.932+0000] {dag.py:3834} INFO - Setting next_dagrun for extract_open_meteo_v2 to 2025-10-08 22:00:00+00:00, run_after=2025-10-09 22:00:00+00:00
[2025-10-10T13:38:59.990+0000] {processor.py:183} INFO - Processing /opt/airflow/dags/Airflow/dags/extract_open_meteo_dag.py took 0.210 seconds
[2025-10-10T13:39:30.190+0000] {processor.py:161} INFO - Started process (PID=1049) to work on /opt/airflow/dags/Airflow/dags/extract_open_meteo_dag.py
[2025-10-10T13:39:30.191+0000] {processor.py:830} INFO - Processing file /opt/airflow/dags/Airflow/dags/extract_open_meteo_dag.py for tasks to queue
[2025-10-10T13:39:30.194+0000] {logging_mixin.py:188} INFO - [2025-10-10T13:39:30.193+0000] {dagbag.py:540} INFO - Filling up the DagBag from /opt/airflow/dags/Airflow/dags/extract_open_meteo_dag.py
[2025-10-10T13:39:30.231+0000] {processor.py:840} INFO - DAG(s) 'extract_open_meteo_v2' retrieved from /opt/airflow/dags/Airflow/dags/extract_open_meteo_dag.py
[2025-10-10T13:39:30.292+0000] {logging_mixin.py:188} INFO - [2025-10-10T13:39:30.291+0000] {dag.py:3047} INFO - Sync 1 DAGs
[2025-10-10T13:39:30.333+0000] {logging_mixin.py:188} INFO - [2025-10-10T13:39:30.333+0000] {dag.py:3834} INFO - Setting next_dagrun for extract_open_meteo_v2 to 2025-10-08 22:00:00+00:00, run_after=2025-10-09 22:00:00+00:00
[2025-10-10T13:39:30.417+0000] {processor.py:183} INFO - Processing /opt/airflow/dags/Airflow/dags/extract_open_meteo_dag.py took 0.230 seconds
[2025-10-10T13:40:00.699+0000] {processor.py:161} INFO - Started process (PID=1054) to work on /opt/airflow/dags/Airflow/dags/extract_open_meteo_dag.py
[2025-10-10T13:40:00.701+0000] {processor.py:830} INFO - Processing file /opt/airflow/dags/Airflow/dags/extract_open_meteo_dag.py for tasks to queue
[2025-10-10T13:40:00.704+0000] {logging_mixin.py:188} INFO - [2025-10-10T13:40:00.703+0000] {dagbag.py:540} INFO - Filling up the DagBag from /opt/airflow/dags/Airflow/dags/extract_open_meteo_dag.py
[2025-10-10T13:40:00.745+0000] {processor.py:840} INFO - DAG(s) 'extract_open_meteo_v2' retrieved from /opt/airflow/dags/Airflow/dags/extract_open_meteo_dag.py
[2025-10-10T13:40:00.806+0000] {logging_mixin.py:188} INFO - [2025-10-10T13:40:00.806+0000] {dag.py:3047} INFO - Sync 1 DAGs
[2025-10-10T13:40:00.850+0000] {logging_mixin.py:188} INFO - [2025-10-10T13:40:00.850+0000] {dag.py:3834} INFO - Setting next_dagrun for extract_open_meteo_v2 to 2025-10-08 22:00:00+00:00, run_after=2025-10-09 22:00:00+00:00
[2025-10-10T13:40:00.910+0000] {processor.py:183} INFO - Processing /opt/airflow/dags/Airflow/dags/extract_open_meteo_dag.py took 0.221 seconds
[2025-10-10T13:40:30.991+0000] {processor.py:161} INFO - Started process (PID=1059) to work on /opt/airflow/dags/Airflow/dags/extract_open_meteo_dag.py
[2025-10-10T13:40:30.993+0000] {processor.py:830} INFO - Processing file /opt/airflow/dags/Airflow/dags/extract_open_meteo_dag.py for tasks to queue
[2025-10-10T13:40:30.994+0000] {logging_mixin.py:188} INFO - [2025-10-10T13:40:30.994+0000] {dagbag.py:540} INFO - Filling up the DagBag from /opt/airflow/dags/Airflow/dags/extract_open_meteo_dag.py
[2025-10-10T13:40:31.040+0000] {processor.py:840} INFO - DAG(s) 'extract_open_meteo_v2' retrieved from /opt/airflow/dags/Airflow/dags/extract_open_meteo_dag.py
[2025-10-10T13:40:31.109+0000] {logging_mixin.py:188} INFO - [2025-10-10T13:40:31.108+0000] {dag.py:3047} INFO - Sync 1 DAGs
[2025-10-10T13:40:31.160+0000] {logging_mixin.py:188} INFO - [2025-10-10T13:40:31.160+0000] {dag.py:3834} INFO - Setting next_dagrun for extract_open_meteo_v2 to 2025-10-08 22:00:00+00:00, run_after=2025-10-09 22:00:00+00:00
[2025-10-10T13:40:31.225+0000] {processor.py:183} INFO - Processing /opt/airflow/dags/Airflow/dags/extract_open_meteo_dag.py took 0.237 seconds
[2025-10-10T13:41:01.630+0000] {processor.py:161} INFO - Started process (PID=1064) to work on /opt/airflow/dags/Airflow/dags/extract_open_meteo_dag.py
[2025-10-10T13:41:01.639+0000] {processor.py:830} INFO - Processing file /opt/airflow/dags/Airflow/dags/extract_open_meteo_dag.py for tasks to queue
[2025-10-10T13:41:01.645+0000] {logging_mixin.py:188} INFO - [2025-10-10T13:41:01.644+0000] {dagbag.py:540} INFO - Filling up the DagBag from /opt/airflow/dags/Airflow/dags/extract_open_meteo_dag.py
[2025-10-10T13:41:01.691+0000] {processor.py:840} INFO - DAG(s) 'extract_open_meteo_v2' retrieved from /opt/airflow/dags/Airflow/dags/extract_open_meteo_dag.py
[2025-10-10T13:41:01.757+0000] {logging_mixin.py:188} INFO - [2025-10-10T13:41:01.756+0000] {dag.py:3047} INFO - Sync 1 DAGs
[2025-10-10T13:41:01.797+0000] {logging_mixin.py:188} INFO - [2025-10-10T13:41:01.797+0000] {dag.py:3834} INFO - Setting next_dagrun for extract_open_meteo_v2 to 2025-10-08 22:00:00+00:00, run_after=2025-10-09 22:00:00+00:00
[2025-10-10T13:41:01.853+0000] {processor.py:183} INFO - Processing /opt/airflow/dags/Airflow/dags/extract_open_meteo_dag.py took 0.266 seconds
[2025-10-10T13:41:32.253+0000] {processor.py:161} INFO - Started process (PID=1069) to work on /opt/airflow/dags/Airflow/dags/extract_open_meteo_dag.py
[2025-10-10T13:41:32.255+0000] {processor.py:830} INFO - Processing file /opt/airflow/dags/Airflow/dags/extract_open_meteo_dag.py for tasks to queue
[2025-10-10T13:41:32.258+0000] {logging_mixin.py:188} INFO - [2025-10-10T13:41:32.257+0000] {dagbag.py:540} INFO - Filling up the DagBag from /opt/airflow/dags/Airflow/dags/extract_open_meteo_dag.py
[2025-10-10T13:41:32.296+0000] {processor.py:840} INFO - DAG(s) 'extract_open_meteo_v2' retrieved from /opt/airflow/dags/Airflow/dags/extract_open_meteo_dag.py
[2025-10-10T13:41:32.363+0000] {logging_mixin.py:188} INFO - [2025-10-10T13:41:32.363+0000] {dag.py:3047} INFO - Sync 1 DAGs
[2025-10-10T13:41:32.408+0000] {logging_mixin.py:188} INFO - [2025-10-10T13:41:32.408+0000] {dag.py:3834} INFO - Setting next_dagrun for extract_open_meteo_v2 to 2025-10-08 22:00:00+00:00, run_after=2025-10-09 22:00:00+00:00
[2025-10-10T13:41:32.467+0000] {processor.py:183} INFO - Processing /opt/airflow/dags/Airflow/dags/extract_open_meteo_dag.py took 0.218 seconds
[2025-10-10T13:42:02.569+0000] {processor.py:161} INFO - Started process (PID=1074) to work on /opt/airflow/dags/Airflow/dags/extract_open_meteo_dag.py
[2025-10-10T13:42:02.571+0000] {processor.py:830} INFO - Processing file /opt/airflow/dags/Airflow/dags/extract_open_meteo_dag.py for tasks to queue
[2025-10-10T13:42:02.572+0000] {logging_mixin.py:188} INFO - [2025-10-10T13:42:02.572+0000] {dagbag.py:540} INFO - Filling up the DagBag from /opt/airflow/dags/Airflow/dags/extract_open_meteo_dag.py
[2025-10-10T13:42:02.611+0000] {processor.py:840} INFO - DAG(s) 'extract_open_meteo_v2' retrieved from /opt/airflow/dags/Airflow/dags/extract_open_meteo_dag.py
[2025-10-10T13:42:02.678+0000] {logging_mixin.py:188} INFO - [2025-10-10T13:42:02.678+0000] {dag.py:3047} INFO - Sync 1 DAGs
[2025-10-10T13:42:02.725+0000] {logging_mixin.py:188} INFO - [2025-10-10T13:42:02.725+0000] {dag.py:3834} INFO - Setting next_dagrun for extract_open_meteo_v2 to 2025-10-08 22:00:00+00:00, run_after=2025-10-09 22:00:00+00:00
[2025-10-10T13:42:02.784+0000] {processor.py:183} INFO - Processing /opt/airflow/dags/Airflow/dags/extract_open_meteo_dag.py took 0.222 seconds
[2025-10-10T13:42:33.092+0000] {processor.py:161} INFO - Started process (PID=1079) to work on /opt/airflow/dags/Airflow/dags/extract_open_meteo_dag.py
[2025-10-10T13:42:33.094+0000] {processor.py:830} INFO - Processing file /opt/airflow/dags/Airflow/dags/extract_open_meteo_dag.py for tasks to queue
[2025-10-10T13:42:33.095+0000] {logging_mixin.py:188} INFO - [2025-10-10T13:42:33.095+0000] {dagbag.py:540} INFO - Filling up the DagBag from /opt/airflow/dags/Airflow/dags/extract_open_meteo_dag.py
[2025-10-10T13:42:33.155+0000] {processor.py:840} INFO - DAG(s) 'extract_open_meteo_v2' retrieved from /opt/airflow/dags/Airflow/dags/extract_open_meteo_dag.py
[2025-10-10T13:42:33.224+0000] {logging_mixin.py:188} INFO - [2025-10-10T13:42:33.224+0000] {dag.py:3047} INFO - Sync 1 DAGs
[2025-10-10T13:42:33.267+0000] {logging_mixin.py:188} INFO - [2025-10-10T13:42:33.266+0000] {dag.py:3834} INFO - Setting next_dagrun for extract_open_meteo_v2 to 2025-10-08 22:00:00+00:00, run_after=2025-10-09 22:00:00+00:00
[2025-10-10T13:42:33.325+0000] {processor.py:183} INFO - Processing /opt/airflow/dags/Airflow/dags/extract_open_meteo_dag.py took 0.237 seconds
[2025-10-10T13:43:03.431+0000] {processor.py:161} INFO - Started process (PID=1084) to work on /opt/airflow/dags/Airflow/dags/extract_open_meteo_dag.py
[2025-10-10T13:43:03.433+0000] {processor.py:830} INFO - Processing file /opt/airflow/dags/Airflow/dags/extract_open_meteo_dag.py for tasks to queue
[2025-10-10T13:43:03.434+0000] {logging_mixin.py:188} INFO - [2025-10-10T13:43:03.434+0000] {dagbag.py:540} INFO - Filling up the DagBag from /opt/airflow/dags/Airflow/dags/extract_open_meteo_dag.py
[2025-10-10T13:43:03.477+0000] {processor.py:840} INFO - DAG(s) 'extract_open_meteo_v2' retrieved from /opt/airflow/dags/Airflow/dags/extract_open_meteo_dag.py
[2025-10-10T13:43:03.545+0000] {logging_mixin.py:188} INFO - [2025-10-10T13:43:03.545+0000] {dag.py:3047} INFO - Sync 1 DAGs
[2025-10-10T13:43:03.597+0000] {logging_mixin.py:188} INFO - [2025-10-10T13:43:03.597+0000] {dag.py:3834} INFO - Setting next_dagrun for extract_open_meteo_v2 to 2025-10-08 22:00:00+00:00, run_after=2025-10-09 22:00:00+00:00
[2025-10-10T13:43:03.665+0000] {processor.py:183} INFO - Processing /opt/airflow/dags/Airflow/dags/extract_open_meteo_dag.py took 0.238 seconds
[2025-10-10T13:43:33.949+0000] {processor.py:161} INFO - Started process (PID=1089) to work on /opt/airflow/dags/Airflow/dags/extract_open_meteo_dag.py
[2025-10-10T13:43:33.950+0000] {processor.py:830} INFO - Processing file /opt/airflow/dags/Airflow/dags/extract_open_meteo_dag.py for tasks to queue
[2025-10-10T13:43:33.952+0000] {logging_mixin.py:188} INFO - [2025-10-10T13:43:33.952+0000] {dagbag.py:540} INFO - Filling up the DagBag from /opt/airflow/dags/Airflow/dags/extract_open_meteo_dag.py
[2025-10-10T13:43:33.985+0000] {processor.py:840} INFO - DAG(s) 'extract_open_meteo_v2' retrieved from /opt/airflow/dags/Airflow/dags/extract_open_meteo_dag.py
[2025-10-10T13:43:34.079+0000] {logging_mixin.py:188} INFO - [2025-10-10T13:43:34.078+0000] {dag.py:3047} INFO - Sync 1 DAGs
[2025-10-10T13:43:34.302+0000] {logging_mixin.py:188} INFO - [2025-10-10T13:43:34.301+0000] {dag.py:3834} INFO - Setting next_dagrun for extract_open_meteo_v2 to 2025-10-08 22:00:00+00:00, run_after=2025-10-09 22:00:00+00:00
[2025-10-10T13:43:34.435+0000] {processor.py:183} INFO - Processing /opt/airflow/dags/Airflow/dags/extract_open_meteo_dag.py took 0.490 seconds
[2025-10-10T13:44:04.822+0000] {processor.py:161} INFO - Started process (PID=1094) to work on /opt/airflow/dags/Airflow/dags/extract_open_meteo_dag.py
[2025-10-10T13:44:04.824+0000] {processor.py:830} INFO - Processing file /opt/airflow/dags/Airflow/dags/extract_open_meteo_dag.py for tasks to queue
[2025-10-10T13:44:04.827+0000] {logging_mixin.py:188} INFO - [2025-10-10T13:44:04.826+0000] {dagbag.py:540} INFO - Filling up the DagBag from /opt/airflow/dags/Airflow/dags/extract_open_meteo_dag.py
[2025-10-10T13:44:04.881+0000] {processor.py:840} INFO - DAG(s) 'extract_open_meteo_v2' retrieved from /opt/airflow/dags/Airflow/dags/extract_open_meteo_dag.py
[2025-10-10T13:44:04.970+0000] {logging_mixin.py:188} INFO - [2025-10-10T13:44:04.969+0000] {dag.py:3047} INFO - Sync 1 DAGs
[2025-10-10T13:44:05.019+0000] {logging_mixin.py:188} INFO - [2025-10-10T13:44:05.019+0000] {dag.py:3834} INFO - Setting next_dagrun for extract_open_meteo_v2 to 2025-10-08 22:00:00+00:00, run_after=2025-10-09 22:00:00+00:00
[2025-10-10T13:44:05.093+0000] {processor.py:183} INFO - Processing /opt/airflow/dags/Airflow/dags/extract_open_meteo_dag.py took 0.278 seconds
[2025-10-10T13:44:35.455+0000] {processor.py:161} INFO - Started process (PID=1099) to work on /opt/airflow/dags/Airflow/dags/extract_open_meteo_dag.py
[2025-10-10T13:44:35.457+0000] {processor.py:830} INFO - Processing file /opt/airflow/dags/Airflow/dags/extract_open_meteo_dag.py for tasks to queue
[2025-10-10T13:44:35.458+0000] {logging_mixin.py:188} INFO - [2025-10-10T13:44:35.458+0000] {dagbag.py:540} INFO - Filling up the DagBag from /opt/airflow/dags/Airflow/dags/extract_open_meteo_dag.py
[2025-10-10T13:44:35.497+0000] {processor.py:840} INFO - DAG(s) 'extract_open_meteo_v2' retrieved from /opt/airflow/dags/Airflow/dags/extract_open_meteo_dag.py
[2025-10-10T13:44:35.557+0000] {logging_mixin.py:188} INFO - [2025-10-10T13:44:35.557+0000] {dag.py:3047} INFO - Sync 1 DAGs
[2025-10-10T13:44:35.607+0000] {logging_mixin.py:188} INFO - [2025-10-10T13:44:35.607+0000] {dag.py:3834} INFO - Setting next_dagrun for extract_open_meteo_v2 to 2025-10-08 22:00:00+00:00, run_after=2025-10-09 22:00:00+00:00
[2025-10-10T13:44:35.665+0000] {processor.py:183} INFO - Processing /opt/airflow/dags/Airflow/dags/extract_open_meteo_dag.py took 0.213 seconds
[2025-10-10T13:45:05.938+0000] {processor.py:161} INFO - Started process (PID=1104) to work on /opt/airflow/dags/Airflow/dags/extract_open_meteo_dag.py
[2025-10-10T13:45:05.940+0000] {processor.py:830} INFO - Processing file /opt/airflow/dags/Airflow/dags/extract_open_meteo_dag.py for tasks to queue
[2025-10-10T13:45:05.942+0000] {logging_mixin.py:188} INFO - [2025-10-10T13:45:05.941+0000] {dagbag.py:540} INFO - Filling up the DagBag from /opt/airflow/dags/Airflow/dags/extract_open_meteo_dag.py
[2025-10-10T13:45:05.999+0000] {processor.py:840} INFO - DAG(s) 'extract_open_meteo_v2' retrieved from /opt/airflow/dags/Airflow/dags/extract_open_meteo_dag.py
[2025-10-10T13:45:06.093+0000] {logging_mixin.py:188} INFO - [2025-10-10T13:45:06.093+0000] {dag.py:3047} INFO - Sync 1 DAGs
[2025-10-10T13:45:06.190+0000] {logging_mixin.py:188} INFO - [2025-10-10T13:45:06.190+0000] {dag.py:3834} INFO - Setting next_dagrun for extract_open_meteo_v2 to 2025-10-08 22:00:00+00:00, run_after=2025-10-09 22:00:00+00:00
[2025-10-10T13:45:06.386+0000] {processor.py:183} INFO - Processing /opt/airflow/dags/Airflow/dags/extract_open_meteo_dag.py took 0.452 seconds
[2025-10-10T13:45:36.868+0000] {processor.py:161} INFO - Started process (PID=1109) to work on /opt/airflow/dags/Airflow/dags/extract_open_meteo_dag.py
[2025-10-10T13:45:36.870+0000] {processor.py:830} INFO - Processing file /opt/airflow/dags/Airflow/dags/extract_open_meteo_dag.py for tasks to queue
[2025-10-10T13:45:36.872+0000] {logging_mixin.py:188} INFO - [2025-10-10T13:45:36.871+0000] {dagbag.py:540} INFO - Filling up the DagBag from /opt/airflow/dags/Airflow/dags/extract_open_meteo_dag.py
[2025-10-10T13:45:36.914+0000] {processor.py:840} INFO - DAG(s) 'extract_open_meteo_v2' retrieved from /opt/airflow/dags/Airflow/dags/extract_open_meteo_dag.py
[2025-10-10T13:45:36.974+0000] {logging_mixin.py:188} INFO - [2025-10-10T13:45:36.974+0000] {dag.py:3047} INFO - Sync 1 DAGs
[2025-10-10T13:45:37.019+0000] {logging_mixin.py:188} INFO - [2025-10-10T13:45:37.019+0000] {dag.py:3834} INFO - Setting next_dagrun for extract_open_meteo_v2 to 2025-10-08 22:00:00+00:00, run_after=2025-10-09 22:00:00+00:00
[2025-10-10T13:45:37.076+0000] {processor.py:183} INFO - Processing /opt/airflow/dags/Airflow/dags/extract_open_meteo_dag.py took 0.211 seconds
[2025-10-10T13:46:07.443+0000] {processor.py:161} INFO - Started process (PID=1114) to work on /opt/airflow/dags/Airflow/dags/extract_open_meteo_dag.py
[2025-10-10T13:46:07.444+0000] {processor.py:830} INFO - Processing file /opt/airflow/dags/Airflow/dags/extract_open_meteo_dag.py for tasks to queue
[2025-10-10T13:46:07.446+0000] {logging_mixin.py:188} INFO - [2025-10-10T13:46:07.446+0000] {dagbag.py:540} INFO - Filling up the DagBag from /opt/airflow/dags/Airflow/dags/extract_open_meteo_dag.py
[2025-10-10T13:46:07.490+0000] {processor.py:840} INFO - DAG(s) 'extract_open_meteo_v2' retrieved from /opt/airflow/dags/Airflow/dags/extract_open_meteo_dag.py
[2025-10-10T13:46:07.558+0000] {logging_mixin.py:188} INFO - [2025-10-10T13:46:07.557+0000] {dag.py:3047} INFO - Sync 1 DAGs
[2025-10-10T13:46:07.600+0000] {logging_mixin.py:188} INFO - [2025-10-10T13:46:07.600+0000] {dag.py:3834} INFO - Setting next_dagrun for extract_open_meteo_v2 to 2025-10-08 22:00:00+00:00, run_after=2025-10-09 22:00:00+00:00
[2025-10-10T13:46:07.658+0000] {processor.py:183} INFO - Processing /opt/airflow/dags/Airflow/dags/extract_open_meteo_dag.py took 0.219 seconds
[2025-10-10T13:46:37.760+0000] {processor.py:161} INFO - Started process (PID=1119) to work on /opt/airflow/dags/Airflow/dags/extract_open_meteo_dag.py
[2025-10-10T13:46:37.763+0000] {processor.py:830} INFO - Processing file /opt/airflow/dags/Airflow/dags/extract_open_meteo_dag.py for tasks to queue
[2025-10-10T13:46:37.764+0000] {logging_mixin.py:188} INFO - [2025-10-10T13:46:37.764+0000] {dagbag.py:540} INFO - Filling up the DagBag from /opt/airflow/dags/Airflow/dags/extract_open_meteo_dag.py
[2025-10-10T13:46:37.801+0000] {processor.py:840} INFO - DAG(s) 'extract_open_meteo_v2' retrieved from /opt/airflow/dags/Airflow/dags/extract_open_meteo_dag.py
[2025-10-10T13:46:37.863+0000] {logging_mixin.py:188} INFO - [2025-10-10T13:46:37.863+0000] {dag.py:3047} INFO - Sync 1 DAGs
[2025-10-10T13:46:37.903+0000] {logging_mixin.py:188} INFO - [2025-10-10T13:46:37.903+0000] {dag.py:3834} INFO - Setting next_dagrun for extract_open_meteo_v2 to 2025-10-08 22:00:00+00:00, run_after=2025-10-09 22:00:00+00:00
[2025-10-10T13:46:37.957+0000] {processor.py:183} INFO - Processing /opt/airflow/dags/Airflow/dags/extract_open_meteo_dag.py took 0.199 seconds
[2025-10-10T13:47:08.333+0000] {processor.py:161} INFO - Started process (PID=1124) to work on /opt/airflow/dags/Airflow/dags/extract_open_meteo_dag.py
[2025-10-10T13:47:08.335+0000] {processor.py:830} INFO - Processing file /opt/airflow/dags/Airflow/dags/extract_open_meteo_dag.py for tasks to queue
[2025-10-10T13:47:08.336+0000] {logging_mixin.py:188} INFO - [2025-10-10T13:47:08.335+0000] {dagbag.py:540} INFO - Filling up the DagBag from /opt/airflow/dags/Airflow/dags/extract_open_meteo_dag.py
[2025-10-10T13:47:08.371+0000] {processor.py:840} INFO - DAG(s) 'extract_open_meteo_v2' retrieved from /opt/airflow/dags/Airflow/dags/extract_open_meteo_dag.py
[2025-10-10T13:47:08.427+0000] {logging_mixin.py:188} INFO - [2025-10-10T13:47:08.426+0000] {dag.py:3047} INFO - Sync 1 DAGs
[2025-10-10T13:47:08.469+0000] {logging_mixin.py:188} INFO - [2025-10-10T13:47:08.469+0000] {dag.py:3834} INFO - Setting next_dagrun for extract_open_meteo_v2 to 2025-10-08 22:00:00+00:00, run_after=2025-10-09 22:00:00+00:00
[2025-10-10T13:47:08.525+0000] {processor.py:183} INFO - Processing /opt/airflow/dags/Airflow/dags/extract_open_meteo_dag.py took 0.194 seconds
[2025-10-10T13:47:38.737+0000] {processor.py:161} INFO - Started process (PID=1129) to work on /opt/airflow/dags/Airflow/dags/extract_open_meteo_dag.py
[2025-10-10T13:47:38.739+0000] {processor.py:830} INFO - Processing file /opt/airflow/dags/Airflow/dags/extract_open_meteo_dag.py for tasks to queue
[2025-10-10T13:47:38.741+0000] {logging_mixin.py:188} INFO - [2025-10-10T13:47:38.740+0000] {dagbag.py:540} INFO - Filling up the DagBag from /opt/airflow/dags/Airflow/dags/extract_open_meteo_dag.py
[2025-10-10T13:47:38.781+0000] {processor.py:840} INFO - DAG(s) 'extract_open_meteo_v2' retrieved from /opt/airflow/dags/Airflow/dags/extract_open_meteo_dag.py
[2025-10-10T13:47:38.852+0000] {logging_mixin.py:188} INFO - [2025-10-10T13:47:38.852+0000] {dag.py:3047} INFO - Sync 1 DAGs
[2025-10-10T13:47:38.895+0000] {logging_mixin.py:188} INFO - [2025-10-10T13:47:38.895+0000] {dag.py:3834} INFO - Setting next_dagrun for extract_open_meteo_v2 to 2025-10-08 22:00:00+00:00, run_after=2025-10-09 22:00:00+00:00
[2025-10-10T13:47:38.953+0000] {processor.py:183} INFO - Processing /opt/airflow/dags/Airflow/dags/extract_open_meteo_dag.py took 0.218 seconds
[2025-10-10T13:48:09.231+0000] {processor.py:161} INFO - Started process (PID=1134) to work on /opt/airflow/dags/Airflow/dags/extract_open_meteo_dag.py
[2025-10-10T13:48:09.233+0000] {processor.py:830} INFO - Processing file /opt/airflow/dags/Airflow/dags/extract_open_meteo_dag.py for tasks to queue
[2025-10-10T13:48:09.234+0000] {logging_mixin.py:188} INFO - [2025-10-10T13:48:09.234+0000] {dagbag.py:540} INFO - Filling up the DagBag from /opt/airflow/dags/Airflow/dags/extract_open_meteo_dag.py
[2025-10-10T13:48:09.271+0000] {processor.py:840} INFO - DAG(s) 'extract_open_meteo_v2' retrieved from /opt/airflow/dags/Airflow/dags/extract_open_meteo_dag.py
[2025-10-10T13:48:09.326+0000] {logging_mixin.py:188} INFO - [2025-10-10T13:48:09.326+0000] {dag.py:3047} INFO - Sync 1 DAGs
[2025-10-10T13:48:09.368+0000] {logging_mixin.py:188} INFO - [2025-10-10T13:48:09.368+0000] {dag.py:3834} INFO - Setting next_dagrun for extract_open_meteo_v2 to 2025-10-08 22:00:00+00:00, run_after=2025-10-09 22:00:00+00:00
[2025-10-10T13:48:09.423+0000] {processor.py:183} INFO - Processing /opt/airflow/dags/Airflow/dags/extract_open_meteo_dag.py took 0.194 seconds
[2025-10-10T13:48:39.602+0000] {processor.py:161} INFO - Started process (PID=1139) to work on /opt/airflow/dags/Airflow/dags/extract_open_meteo_dag.py
[2025-10-10T13:48:39.604+0000] {processor.py:830} INFO - Processing file /opt/airflow/dags/Airflow/dags/extract_open_meteo_dag.py for tasks to queue
[2025-10-10T13:48:39.606+0000] {logging_mixin.py:188} INFO - [2025-10-10T13:48:39.606+0000] {dagbag.py:540} INFO - Filling up the DagBag from /opt/airflow/dags/Airflow/dags/extract_open_meteo_dag.py
[2025-10-10T13:48:39.644+0000] {processor.py:840} INFO - DAG(s) 'extract_open_meteo_v2' retrieved from /opt/airflow/dags/Airflow/dags/extract_open_meteo_dag.py
[2025-10-10T13:48:39.704+0000] {logging_mixin.py:188} INFO - [2025-10-10T13:48:39.703+0000] {dag.py:3047} INFO - Sync 1 DAGs
[2025-10-10T13:48:39.749+0000] {logging_mixin.py:188} INFO - [2025-10-10T13:48:39.749+0000] {dag.py:3834} INFO - Setting next_dagrun for extract_open_meteo_v2 to 2025-10-08 22:00:00+00:00, run_after=2025-10-09 22:00:00+00:00
[2025-10-10T13:48:39.809+0000] {processor.py:183} INFO - Processing /opt/airflow/dags/Airflow/dags/extract_open_meteo_dag.py took 0.210 seconds
[2025-10-10T13:49:10.052+0000] {processor.py:161} INFO - Started process (PID=1144) to work on /opt/airflow/dags/Airflow/dags/extract_open_meteo_dag.py
[2025-10-10T13:49:10.054+0000] {processor.py:830} INFO - Processing file /opt/airflow/dags/Airflow/dags/extract_open_meteo_dag.py for tasks to queue
[2025-10-10T13:49:10.057+0000] {logging_mixin.py:188} INFO - [2025-10-10T13:49:10.056+0000] {dagbag.py:540} INFO - Filling up the DagBag from /opt/airflow/dags/Airflow/dags/extract_open_meteo_dag.py
[2025-10-10T13:49:10.094+0000] {processor.py:840} INFO - DAG(s) 'extract_open_meteo_v2' retrieved from /opt/airflow/dags/Airflow/dags/extract_open_meteo_dag.py
[2025-10-10T13:49:10.168+0000] {logging_mixin.py:188} INFO - [2025-10-10T13:49:10.168+0000] {dag.py:3047} INFO - Sync 1 DAGs
[2025-10-10T13:49:10.212+0000] {logging_mixin.py:188} INFO - [2025-10-10T13:49:10.212+0000] {dag.py:3834} INFO - Setting next_dagrun for extract_open_meteo_v2 to 2025-10-08 22:00:00+00:00, run_after=2025-10-09 22:00:00+00:00
[2025-10-10T13:49:10.275+0000] {processor.py:183} INFO - Processing /opt/airflow/dags/Airflow/dags/extract_open_meteo_dag.py took 0.228 seconds
[2025-10-10T13:49:40.379+0000] {processor.py:161} INFO - Started process (PID=1149) to work on /opt/airflow/dags/Airflow/dags/extract_open_meteo_dag.py
[2025-10-10T13:49:40.381+0000] {processor.py:830} INFO - Processing file /opt/airflow/dags/Airflow/dags/extract_open_meteo_dag.py for tasks to queue
[2025-10-10T13:49:40.382+0000] {logging_mixin.py:188} INFO - [2025-10-10T13:49:40.382+0000] {dagbag.py:540} INFO - Filling up the DagBag from /opt/airflow/dags/Airflow/dags/extract_open_meteo_dag.py
[2025-10-10T13:49:40.428+0000] {processor.py:840} INFO - DAG(s) 'extract_open_meteo_v2' retrieved from /opt/airflow/dags/Airflow/dags/extract_open_meteo_dag.py
[2025-10-10T13:49:40.489+0000] {logging_mixin.py:188} INFO - [2025-10-10T13:49:40.489+0000] {dag.py:3047} INFO - Sync 1 DAGs
[2025-10-10T13:49:40.533+0000] {logging_mixin.py:188} INFO - [2025-10-10T13:49:40.532+0000] {dag.py:3834} INFO - Setting next_dagrun for extract_open_meteo_v2 to 2025-10-08 22:00:00+00:00, run_after=2025-10-09 22:00:00+00:00
[2025-10-10T13:49:40.597+0000] {processor.py:183} INFO - Processing /opt/airflow/dags/Airflow/dags/extract_open_meteo_dag.py took 0.221 seconds
[2025-10-10T13:50:10.739+0000] {processor.py:161} INFO - Started process (PID=1154) to work on /opt/airflow/dags/Airflow/dags/extract_open_meteo_dag.py
[2025-10-10T13:50:10.740+0000] {processor.py:830} INFO - Processing file /opt/airflow/dags/Airflow/dags/extract_open_meteo_dag.py for tasks to queue
[2025-10-10T13:50:10.741+0000] {logging_mixin.py:188} INFO - [2025-10-10T13:50:10.741+0000] {dagbag.py:540} INFO - Filling up the DagBag from /opt/airflow/dags/Airflow/dags/extract_open_meteo_dag.py
[2025-10-10T13:50:10.777+0000] {processor.py:840} INFO - DAG(s) 'extract_open_meteo_v2' retrieved from /opt/airflow/dags/Airflow/dags/extract_open_meteo_dag.py
[2025-10-10T13:50:10.843+0000] {logging_mixin.py:188} INFO - [2025-10-10T13:50:10.843+0000] {dag.py:3047} INFO - Sync 1 DAGs
[2025-10-10T13:50:10.887+0000] {logging_mixin.py:188} INFO - [2025-10-10T13:50:10.886+0000] {dag.py:3834} INFO - Setting next_dagrun for extract_open_meteo_v2 to 2025-10-08 22:00:00+00:00, run_after=2025-10-09 22:00:00+00:00
[2025-10-10T13:50:10.947+0000] {processor.py:183} INFO - Processing /opt/airflow/dags/Airflow/dags/extract_open_meteo_dag.py took 0.212 seconds
[2025-10-10T13:50:41.286+0000] {processor.py:161} INFO - Started process (PID=1159) to work on /opt/airflow/dags/Airflow/dags/extract_open_meteo_dag.py
[2025-10-10T13:50:41.287+0000] {processor.py:830} INFO - Processing file /opt/airflow/dags/Airflow/dags/extract_open_meteo_dag.py for tasks to queue
[2025-10-10T13:50:41.289+0000] {logging_mixin.py:188} INFO - [2025-10-10T13:50:41.288+0000] {dagbag.py:540} INFO - Filling up the DagBag from /opt/airflow/dags/Airflow/dags/extract_open_meteo_dag.py
[2025-10-10T13:50:41.325+0000] {processor.py:840} INFO - DAG(s) 'extract_open_meteo_v2' retrieved from /opt/airflow/dags/Airflow/dags/extract_open_meteo_dag.py
[2025-10-10T13:50:41.387+0000] {logging_mixin.py:188} INFO - [2025-10-10T13:50:41.387+0000] {dag.py:3047} INFO - Sync 1 DAGs
[2025-10-10T13:50:41.433+0000] {logging_mixin.py:188} INFO - [2025-10-10T13:50:41.433+0000] {dag.py:3834} INFO - Setting next_dagrun for extract_open_meteo_v2 to 2025-10-08 22:00:00+00:00, run_after=2025-10-09 22:00:00+00:00
[2025-10-10T13:50:41.486+0000] {processor.py:183} INFO - Processing /opt/airflow/dags/Airflow/dags/extract_open_meteo_dag.py took 0.203 seconds
[2025-10-10T13:51:11.602+0000] {processor.py:161} INFO - Started process (PID=1164) to work on /opt/airflow/dags/Airflow/dags/extract_open_meteo_dag.py
[2025-10-10T13:51:11.604+0000] {processor.py:830} INFO - Processing file /opt/airflow/dags/Airflow/dags/extract_open_meteo_dag.py for tasks to queue
[2025-10-10T13:51:11.606+0000] {logging_mixin.py:188} INFO - [2025-10-10T13:51:11.606+0000] {dagbag.py:540} INFO - Filling up the DagBag from /opt/airflow/dags/Airflow/dags/extract_open_meteo_dag.py
[2025-10-10T13:51:11.645+0000] {processor.py:840} INFO - DAG(s) 'extract_open_meteo_v2' retrieved from /opt/airflow/dags/Airflow/dags/extract_open_meteo_dag.py
[2025-10-10T13:51:11.704+0000] {logging_mixin.py:188} INFO - [2025-10-10T13:51:11.704+0000] {dag.py:3047} INFO - Sync 1 DAGs
[2025-10-10T13:51:11.746+0000] {logging_mixin.py:188} INFO - [2025-10-10T13:51:11.746+0000] {dag.py:3834} INFO - Setting next_dagrun for extract_open_meteo_v2 to 2025-10-08 22:00:00+00:00, run_after=2025-10-09 22:00:00+00:00
[2025-10-10T13:51:11.802+0000] {processor.py:183} INFO - Processing /opt/airflow/dags/Airflow/dags/extract_open_meteo_dag.py took 0.204 seconds
[2025-10-10T13:51:42.052+0000] {processor.py:161} INFO - Started process (PID=1169) to work on /opt/airflow/dags/Airflow/dags/extract_open_meteo_dag.py
[2025-10-10T13:51:42.054+0000] {processor.py:830} INFO - Processing file /opt/airflow/dags/Airflow/dags/extract_open_meteo_dag.py for tasks to queue
[2025-10-10T13:51:42.056+0000] {logging_mixin.py:188} INFO - [2025-10-10T13:51:42.056+0000] {dagbag.py:540} INFO - Filling up the DagBag from /opt/airflow/dags/Airflow/dags/extract_open_meteo_dag.py
[2025-10-10T13:51:42.097+0000] {processor.py:840} INFO - DAG(s) 'extract_open_meteo_v2' retrieved from /opt/airflow/dags/Airflow/dags/extract_open_meteo_dag.py
[2025-10-10T13:51:42.155+0000] {logging_mixin.py:188} INFO - [2025-10-10T13:51:42.155+0000] {dag.py:3047} INFO - Sync 1 DAGs
[2025-10-10T13:51:42.198+0000] {logging_mixin.py:188} INFO - [2025-10-10T13:51:42.198+0000] {dag.py:3834} INFO - Setting next_dagrun for extract_open_meteo_v2 to 2025-10-08 22:00:00+00:00, run_after=2025-10-09 22:00:00+00:00
[2025-10-10T13:51:42.254+0000] {processor.py:183} INFO - Processing /opt/airflow/dags/Airflow/dags/extract_open_meteo_dag.py took 0.206 seconds
[2025-10-10T13:52:12.448+0000] {processor.py:161} INFO - Started process (PID=1174) to work on /opt/airflow/dags/Airflow/dags/extract_open_meteo_dag.py
[2025-10-10T13:52:12.450+0000] {processor.py:830} INFO - Processing file /opt/airflow/dags/Airflow/dags/extract_open_meteo_dag.py for tasks to queue
[2025-10-10T13:52:12.452+0000] {logging_mixin.py:188} INFO - [2025-10-10T13:52:12.451+0000] {dagbag.py:540} INFO - Filling up the DagBag from /opt/airflow/dags/Airflow/dags/extract_open_meteo_dag.py
[2025-10-10T13:52:12.487+0000] {processor.py:840} INFO - DAG(s) 'extract_open_meteo_v2' retrieved from /opt/airflow/dags/Airflow/dags/extract_open_meteo_dag.py
[2025-10-10T13:52:12.541+0000] {logging_mixin.py:188} INFO - [2025-10-10T13:52:12.541+0000] {dag.py:3047} INFO - Sync 1 DAGs
[2025-10-10T13:52:12.584+0000] {logging_mixin.py:188} INFO - [2025-10-10T13:52:12.583+0000] {dag.py:3834} INFO - Setting next_dagrun for extract_open_meteo_v2 to 2025-10-08 22:00:00+00:00, run_after=2025-10-09 22:00:00+00:00
[2025-10-10T13:52:12.639+0000] {processor.py:183} INFO - Processing /opt/airflow/dags/Airflow/dags/extract_open_meteo_dag.py took 0.194 seconds
[2025-10-10T13:52:42.923+0000] {processor.py:161} INFO - Started process (PID=1179) to work on /opt/airflow/dags/Airflow/dags/extract_open_meteo_dag.py
[2025-10-10T13:52:42.924+0000] {processor.py:830} INFO - Processing file /opt/airflow/dags/Airflow/dags/extract_open_meteo_dag.py for tasks to queue
[2025-10-10T13:52:42.926+0000] {logging_mixin.py:188} INFO - [2025-10-10T13:52:42.926+0000] {dagbag.py:540} INFO - Filling up the DagBag from /opt/airflow/dags/Airflow/dags/extract_open_meteo_dag.py
[2025-10-10T13:52:42.964+0000] {processor.py:840} INFO - DAG(s) 'extract_open_meteo_v2' retrieved from /opt/airflow/dags/Airflow/dags/extract_open_meteo_dag.py
[2025-10-10T13:52:43.022+0000] {logging_mixin.py:188} INFO - [2025-10-10T13:52:43.022+0000] {dag.py:3047} INFO - Sync 1 DAGs
[2025-10-10T13:52:43.063+0000] {logging_mixin.py:188} INFO - [2025-10-10T13:52:43.063+0000] {dag.py:3834} INFO - Setting next_dagrun for extract_open_meteo_v2 to 2025-10-08 22:00:00+00:00, run_after=2025-10-09 22:00:00+00:00
[2025-10-10T13:52:43.118+0000] {processor.py:183} INFO - Processing /opt/airflow/dags/Airflow/dags/extract_open_meteo_dag.py took 0.199 seconds
[2025-10-10T13:53:13.333+0000] {processor.py:161} INFO - Started process (PID=1184) to work on /opt/airflow/dags/Airflow/dags/extract_open_meteo_dag.py
[2025-10-10T13:53:13.335+0000] {processor.py:830} INFO - Processing file /opt/airflow/dags/Airflow/dags/extract_open_meteo_dag.py for tasks to queue
[2025-10-10T13:53:13.337+0000] {logging_mixin.py:188} INFO - [2025-10-10T13:53:13.336+0000] {dagbag.py:540} INFO - Filling up the DagBag from /opt/airflow/dags/Airflow/dags/extract_open_meteo_dag.py
[2025-10-10T13:53:13.373+0000] {processor.py:840} INFO - DAG(s) 'extract_open_meteo_v2' retrieved from /opt/airflow/dags/Airflow/dags/extract_open_meteo_dag.py
[2025-10-10T13:53:13.427+0000] {logging_mixin.py:188} INFO - [2025-10-10T13:53:13.426+0000] {dag.py:3047} INFO - Sync 1 DAGs
[2025-10-10T13:53:13.463+0000] {logging_mixin.py:188} INFO - [2025-10-10T13:53:13.462+0000] {dag.py:3834} INFO - Setting next_dagrun for extract_open_meteo_v2 to 2025-10-08 22:00:00+00:00, run_after=2025-10-09 22:00:00+00:00
[2025-10-10T13:53:13.517+0000] {processor.py:183} INFO - Processing /opt/airflow/dags/Airflow/dags/extract_open_meteo_dag.py took 0.188 seconds
[2025-10-10T13:53:43.714+0000] {processor.py:161} INFO - Started process (PID=1189) to work on /opt/airflow/dags/Airflow/dags/extract_open_meteo_dag.py
[2025-10-10T13:53:43.715+0000] {processor.py:830} INFO - Processing file /opt/airflow/dags/Airflow/dags/extract_open_meteo_dag.py for tasks to queue
[2025-10-10T13:53:43.717+0000] {logging_mixin.py:188} INFO - [2025-10-10T13:53:43.716+0000] {dagbag.py:540} INFO - Filling up the DagBag from /opt/airflow/dags/Airflow/dags/extract_open_meteo_dag.py
[2025-10-10T13:53:43.748+0000] {processor.py:840} INFO - DAG(s) 'extract_open_meteo_v2' retrieved from /opt/airflow/dags/Airflow/dags/extract_open_meteo_dag.py
[2025-10-10T13:53:43.802+0000] {logging_mixin.py:188} INFO - [2025-10-10T13:53:43.802+0000] {dag.py:3047} INFO - Sync 1 DAGs
[2025-10-10T13:53:43.841+0000] {logging_mixin.py:188} INFO - [2025-10-10T13:53:43.840+0000] {dag.py:3834} INFO - Setting next_dagrun for extract_open_meteo_v2 to 2025-10-08 22:00:00+00:00, run_after=2025-10-09 22:00:00+00:00
[2025-10-10T13:53:43.891+0000] {processor.py:183} INFO - Processing /opt/airflow/dags/Airflow/dags/extract_open_meteo_dag.py took 0.180 seconds
[2025-10-10T13:54:14.190+0000] {processor.py:161} INFO - Started process (PID=1194) to work on /opt/airflow/dags/Airflow/dags/extract_open_meteo_dag.py
[2025-10-10T13:54:14.191+0000] {processor.py:830} INFO - Processing file /opt/airflow/dags/Airflow/dags/extract_open_meteo_dag.py for tasks to queue
[2025-10-10T13:54:14.192+0000] {logging_mixin.py:188} INFO - [2025-10-10T13:54:14.192+0000] {dagbag.py:540} INFO - Filling up the DagBag from /opt/airflow/dags/Airflow/dags/extract_open_meteo_dag.py
[2025-10-10T13:54:14.224+0000] {processor.py:840} INFO - DAG(s) 'extract_open_meteo_v2' retrieved from /opt/airflow/dags/Airflow/dags/extract_open_meteo_dag.py
[2025-10-10T13:54:14.278+0000] {logging_mixin.py:188} INFO - [2025-10-10T13:54:14.278+0000] {dag.py:3047} INFO - Sync 1 DAGs
[2025-10-10T13:54:14.317+0000] {logging_mixin.py:188} INFO - [2025-10-10T13:54:14.317+0000] {dag.py:3834} INFO - Setting next_dagrun for extract_open_meteo_v2 to 2025-10-08 22:00:00+00:00, run_after=2025-10-09 22:00:00+00:00
[2025-10-10T13:54:14.371+0000] {processor.py:183} INFO - Processing /opt/airflow/dags/Airflow/dags/extract_open_meteo_dag.py took 0.183 seconds
[2025-10-10T13:54:44.493+0000] {processor.py:161} INFO - Started process (PID=1199) to work on /opt/airflow/dags/Airflow/dags/extract_open_meteo_dag.py
[2025-10-10T13:54:44.494+0000] {processor.py:830} INFO - Processing file /opt/airflow/dags/Airflow/dags/extract_open_meteo_dag.py for tasks to queue
[2025-10-10T13:54:44.495+0000] {logging_mixin.py:188} INFO - [2025-10-10T13:54:44.495+0000] {dagbag.py:540} INFO - Filling up the DagBag from /opt/airflow/dags/Airflow/dags/extract_open_meteo_dag.py
[2025-10-10T13:54:44.529+0000] {processor.py:840} INFO - DAG(s) 'extract_open_meteo_v2' retrieved from /opt/airflow/dags/Airflow/dags/extract_open_meteo_dag.py
[2025-10-10T13:54:44.659+0000] {logging_mixin.py:188} INFO - [2025-10-10T13:54:44.658+0000] {dag.py:3047} INFO - Sync 1 DAGs
[2025-10-10T13:54:44.859+0000] {logging_mixin.py:188} INFO - [2025-10-10T13:54:44.858+0000] {dag.py:3834} INFO - Setting next_dagrun for extract_open_meteo_v2 to 2025-10-08 22:00:00+00:00, run_after=2025-10-09 22:00:00+00:00
[2025-10-10T13:54:45.092+0000] {processor.py:183} INFO - Processing /opt/airflow/dags/Airflow/dags/extract_open_meteo_dag.py took 0.602 seconds
[2025-10-10T13:55:15.417+0000] {processor.py:161} INFO - Started process (PID=1204) to work on /opt/airflow/dags/Airflow/dags/extract_open_meteo_dag.py
[2025-10-10T13:55:15.418+0000] {processor.py:830} INFO - Processing file /opt/airflow/dags/Airflow/dags/extract_open_meteo_dag.py for tasks to queue
[2025-10-10T13:55:15.420+0000] {logging_mixin.py:188} INFO - [2025-10-10T13:55:15.419+0000] {dagbag.py:540} INFO - Filling up the DagBag from /opt/airflow/dags/Airflow/dags/extract_open_meteo_dag.py
[2025-10-10T13:55:15.456+0000] {processor.py:840} INFO - DAG(s) 'extract_open_meteo_v2' retrieved from /opt/airflow/dags/Airflow/dags/extract_open_meteo_dag.py
[2025-10-10T13:55:15.515+0000] {logging_mixin.py:188} INFO - [2025-10-10T13:55:15.515+0000] {dag.py:3047} INFO - Sync 1 DAGs
[2025-10-10T13:55:15.557+0000] {logging_mixin.py:188} INFO - [2025-10-10T13:55:15.557+0000] {dag.py:3834} INFO - Setting next_dagrun for extract_open_meteo_v2 to 2025-10-08 22:00:00+00:00, run_after=2025-10-09 22:00:00+00:00
[2025-10-10T13:55:15.615+0000] {processor.py:183} INFO - Processing /opt/airflow/dags/Airflow/dags/extract_open_meteo_dag.py took 0.202 seconds
[2025-10-10T13:55:45.698+0000] {processor.py:161} INFO - Started process (PID=1209) to work on /opt/airflow/dags/Airflow/dags/extract_open_meteo_dag.py
[2025-10-10T13:55:45.700+0000] {processor.py:830} INFO - Processing file /opt/airflow/dags/Airflow/dags/extract_open_meteo_dag.py for tasks to queue
[2025-10-10T13:55:45.702+0000] {logging_mixin.py:188} INFO - [2025-10-10T13:55:45.701+0000] {dagbag.py:540} INFO - Filling up the DagBag from /opt/airflow/dags/Airflow/dags/extract_open_meteo_dag.py
[2025-10-10T13:55:45.737+0000] {processor.py:840} INFO - DAG(s) 'extract_open_meteo_v2' retrieved from /opt/airflow/dags/Airflow/dags/extract_open_meteo_dag.py
[2025-10-10T13:55:45.799+0000] {logging_mixin.py:188} INFO - [2025-10-10T13:55:45.798+0000] {dag.py:3047} INFO - Sync 1 DAGs
[2025-10-10T13:55:45.846+0000] {logging_mixin.py:188} INFO - [2025-10-10T13:55:45.846+0000] {dag.py:3834} INFO - Setting next_dagrun for extract_open_meteo_v2 to 2025-10-08 22:00:00+00:00, run_after=2025-10-09 22:00:00+00:00
[2025-10-10T13:55:45.900+0000] {processor.py:183} INFO - Processing /opt/airflow/dags/Airflow/dags/extract_open_meteo_dag.py took 0.205 seconds
[2025-10-10T13:56:16.045+0000] {processor.py:161} INFO - Started process (PID=1214) to work on /opt/airflow/dags/Airflow/dags/extract_open_meteo_dag.py
[2025-10-10T13:56:16.046+0000] {processor.py:830} INFO - Processing file /opt/airflow/dags/Airflow/dags/extract_open_meteo_dag.py for tasks to queue
[2025-10-10T13:56:16.048+0000] {logging_mixin.py:188} INFO - [2025-10-10T13:56:16.048+0000] {dagbag.py:540} INFO - Filling up the DagBag from /opt/airflow/dags/Airflow/dags/extract_open_meteo_dag.py
[2025-10-10T13:56:16.084+0000] {processor.py:840} INFO - DAG(s) 'extract_open_meteo_v2' retrieved from /opt/airflow/dags/Airflow/dags/extract_open_meteo_dag.py
[2025-10-10T13:56:16.139+0000] {logging_mixin.py:188} INFO - [2025-10-10T13:56:16.138+0000] {dag.py:3047} INFO - Sync 1 DAGs
[2025-10-10T13:56:16.180+0000] {logging_mixin.py:188} INFO - [2025-10-10T13:56:16.179+0000] {dag.py:3834} INFO - Setting next_dagrun for extract_open_meteo_v2 to 2025-10-08 22:00:00+00:00, run_after=2025-10-09 22:00:00+00:00
[2025-10-10T13:56:16.235+0000] {processor.py:183} INFO - Processing /opt/airflow/dags/Airflow/dags/extract_open_meteo_dag.py took 0.194 seconds
[2025-10-10T13:56:46.564+0000] {processor.py:161} INFO - Started process (PID=1219) to work on /opt/airflow/dags/Airflow/dags/extract_open_meteo_dag.py
[2025-10-10T13:56:46.565+0000] {processor.py:830} INFO - Processing file /opt/airflow/dags/Airflow/dags/extract_open_meteo_dag.py for tasks to queue
[2025-10-10T13:56:46.567+0000] {logging_mixin.py:188} INFO - [2025-10-10T13:56:46.566+0000] {dagbag.py:540} INFO - Filling up the DagBag from /opt/airflow/dags/Airflow/dags/extract_open_meteo_dag.py
[2025-10-10T13:56:46.602+0000] {processor.py:840} INFO - DAG(s) 'extract_open_meteo_v2' retrieved from /opt/airflow/dags/Airflow/dags/extract_open_meteo_dag.py
[2025-10-10T13:56:46.658+0000] {logging_mixin.py:188} INFO - [2025-10-10T13:56:46.657+0000] {dag.py:3047} INFO - Sync 1 DAGs
[2025-10-10T13:56:46.696+0000] {logging_mixin.py:188} INFO - [2025-10-10T13:56:46.696+0000] {dag.py:3834} INFO - Setting next_dagrun for extract_open_meteo_v2 to 2025-10-08 22:00:00+00:00, run_after=2025-10-09 22:00:00+00:00
[2025-10-10T13:56:46.753+0000] {processor.py:183} INFO - Processing /opt/airflow/dags/Airflow/dags/extract_open_meteo_dag.py took 0.191 seconds
[2025-10-10T13:57:16.897+0000] {processor.py:161} INFO - Started process (PID=1224) to work on /opt/airflow/dags/Airflow/dags/extract_open_meteo_dag.py
[2025-10-10T13:57:16.898+0000] {processor.py:830} INFO - Processing file /opt/airflow/dags/Airflow/dags/extract_open_meteo_dag.py for tasks to queue
[2025-10-10T13:57:16.899+0000] {logging_mixin.py:188} INFO - [2025-10-10T13:57:16.899+0000] {dagbag.py:540} INFO - Filling up the DagBag from /opt/airflow/dags/Airflow/dags/extract_open_meteo_dag.py
[2025-10-10T13:57:16.931+0000] {processor.py:840} INFO - DAG(s) 'extract_open_meteo_v2' retrieved from /opt/airflow/dags/Airflow/dags/extract_open_meteo_dag.py
[2025-10-10T13:57:16.988+0000] {logging_mixin.py:188} INFO - [2025-10-10T13:57:16.988+0000] {dag.py:3047} INFO - Sync 1 DAGs
[2025-10-10T13:57:17.031+0000] {logging_mixin.py:188} INFO - [2025-10-10T13:57:17.031+0000] {dag.py:3834} INFO - Setting next_dagrun for extract_open_meteo_v2 to 2025-10-08 22:00:00+00:00, run_after=2025-10-09 22:00:00+00:00
[2025-10-10T13:57:17.088+0000] {processor.py:183} INFO - Processing /opt/airflow/dags/Airflow/dags/extract_open_meteo_dag.py took 0.193 seconds
[2025-10-10T13:57:47.408+0000] {processor.py:161} INFO - Started process (PID=1229) to work on /opt/airflow/dags/Airflow/dags/extract_open_meteo_dag.py
[2025-10-10T13:57:47.410+0000] {processor.py:830} INFO - Processing file /opt/airflow/dags/Airflow/dags/extract_open_meteo_dag.py for tasks to queue
[2025-10-10T13:57:47.412+0000] {logging_mixin.py:188} INFO - [2025-10-10T13:57:47.411+0000] {dagbag.py:540} INFO - Filling up the DagBag from /opt/airflow/dags/Airflow/dags/extract_open_meteo_dag.py
[2025-10-10T13:57:47.443+0000] {processor.py:840} INFO - DAG(s) 'extract_open_meteo_v2' retrieved from /opt/airflow/dags/Airflow/dags/extract_open_meteo_dag.py
[2025-10-10T13:57:47.506+0000] {logging_mixin.py:188} INFO - [2025-10-10T13:57:47.506+0000] {dag.py:3047} INFO - Sync 1 DAGs
[2025-10-10T13:57:47.546+0000] {logging_mixin.py:188} INFO - [2025-10-10T13:57:47.546+0000] {dag.py:3834} INFO - Setting next_dagrun for extract_open_meteo_v2 to 2025-10-08 22:00:00+00:00, run_after=2025-10-09 22:00:00+00:00
[2025-10-10T13:57:47.603+0000] {processor.py:183} INFO - Processing /opt/airflow/dags/Airflow/dags/extract_open_meteo_dag.py took 0.197 seconds
[2025-10-10T13:58:17.679+0000] {processor.py:161} INFO - Started process (PID=1234) to work on /opt/airflow/dags/Airflow/dags/extract_open_meteo_dag.py
[2025-10-10T13:58:17.681+0000] {processor.py:830} INFO - Processing file /opt/airflow/dags/Airflow/dags/extract_open_meteo_dag.py for tasks to queue
[2025-10-10T13:58:17.682+0000] {logging_mixin.py:188} INFO - [2025-10-10T13:58:17.682+0000] {dagbag.py:540} INFO - Filling up the DagBag from /opt/airflow/dags/Airflow/dags/extract_open_meteo_dag.py
[2025-10-10T13:58:17.718+0000] {processor.py:840} INFO - DAG(s) 'extract_open_meteo_v2' retrieved from /opt/airflow/dags/Airflow/dags/extract_open_meteo_dag.py
[2025-10-10T13:58:17.773+0000] {logging_mixin.py:188} INFO - [2025-10-10T13:58:17.773+0000] {dag.py:3047} INFO - Sync 1 DAGs
[2025-10-10T13:58:17.814+0000] {logging_mixin.py:188} INFO - [2025-10-10T13:58:17.814+0000] {dag.py:3834} INFO - Setting next_dagrun for extract_open_meteo_v2 to 2025-10-08 22:00:00+00:00, run_after=2025-10-09 22:00:00+00:00
[2025-10-10T13:58:17.883+0000] {processor.py:183} INFO - Processing /opt/airflow/dags/Airflow/dags/extract_open_meteo_dag.py took 0.207 seconds
[2025-10-10T13:58:47.998+0000] {processor.py:161} INFO - Started process (PID=1239) to work on /opt/airflow/dags/Airflow/dags/extract_open_meteo_dag.py
[2025-10-10T13:58:48.000+0000] {processor.py:830} INFO - Processing file /opt/airflow/dags/Airflow/dags/extract_open_meteo_dag.py for tasks to queue
[2025-10-10T13:58:48.001+0000] {logging_mixin.py:188} INFO - [2025-10-10T13:58:48.001+0000] {dagbag.py:540} INFO - Filling up the DagBag from /opt/airflow/dags/Airflow/dags/extract_open_meteo_dag.py
[2025-10-10T13:58:48.042+0000] {processor.py:840} INFO - DAG(s) 'extract_open_meteo_v2' retrieved from /opt/airflow/dags/Airflow/dags/extract_open_meteo_dag.py
[2025-10-10T13:58:48.106+0000] {logging_mixin.py:188} INFO - [2025-10-10T13:58:48.105+0000] {dag.py:3047} INFO - Sync 1 DAGs
[2025-10-10T13:58:48.153+0000] {logging_mixin.py:188} INFO - [2025-10-10T13:58:48.153+0000] {dag.py:3834} INFO - Setting next_dagrun for extract_open_meteo_v2 to 2025-10-08 22:00:00+00:00, run_after=2025-10-09 22:00:00+00:00
[2025-10-10T13:58:48.214+0000] {processor.py:183} INFO - Processing /opt/airflow/dags/Airflow/dags/extract_open_meteo_dag.py took 0.219 seconds
[2025-10-10T13:59:18.459+0000] {processor.py:161} INFO - Started process (PID=1244) to work on /opt/airflow/dags/Airflow/dags/extract_open_meteo_dag.py
[2025-10-10T13:59:18.461+0000] {processor.py:830} INFO - Processing file /opt/airflow/dags/Airflow/dags/extract_open_meteo_dag.py for tasks to queue
[2025-10-10T13:59:18.462+0000] {logging_mixin.py:188} INFO - [2025-10-10T13:59:18.461+0000] {dagbag.py:540} INFO - Filling up the DagBag from /opt/airflow/dags/Airflow/dags/extract_open_meteo_dag.py
[2025-10-10T13:59:18.498+0000] {processor.py:840} INFO - DAG(s) 'extract_open_meteo_v2' retrieved from /opt/airflow/dags/Airflow/dags/extract_open_meteo_dag.py
[2025-10-10T13:59:18.552+0000] {logging_mixin.py:188} INFO - [2025-10-10T13:59:18.552+0000] {dag.py:3047} INFO - Sync 1 DAGs
[2025-10-10T13:59:18.592+0000] {logging_mixin.py:188} INFO - [2025-10-10T13:59:18.591+0000] {dag.py:3834} INFO - Setting next_dagrun for extract_open_meteo_v2 to 2025-10-08 22:00:00+00:00, run_after=2025-10-09 22:00:00+00:00
[2025-10-10T13:59:18.646+0000] {processor.py:183} INFO - Processing /opt/airflow/dags/Airflow/dags/extract_open_meteo_dag.py took 0.189 seconds
[2025-10-10T13:59:48.767+0000] {processor.py:161} INFO - Started process (PID=1249) to work on /opt/airflow/dags/Airflow/dags/extract_open_meteo_dag.py
[2025-10-10T13:59:48.769+0000] {processor.py:830} INFO - Processing file /opt/airflow/dags/Airflow/dags/extract_open_meteo_dag.py for tasks to queue
[2025-10-10T13:59:48.770+0000] {logging_mixin.py:188} INFO - [2025-10-10T13:59:48.770+0000] {dagbag.py:540} INFO - Filling up the DagBag from /opt/airflow/dags/Airflow/dags/extract_open_meteo_dag.py
[2025-10-10T13:59:48.812+0000] {processor.py:840} INFO - DAG(s) 'extract_open_meteo_v2' retrieved from /opt/airflow/dags/Airflow/dags/extract_open_meteo_dag.py
[2025-10-10T13:59:48.873+0000] {logging_mixin.py:188} INFO - [2025-10-10T13:59:48.872+0000] {dag.py:3047} INFO - Sync 1 DAGs
[2025-10-10T13:59:48.915+0000] {logging_mixin.py:188} INFO - [2025-10-10T13:59:48.915+0000] {dag.py:3834} INFO - Setting next_dagrun for extract_open_meteo_v2 to 2025-10-08 22:00:00+00:00, run_after=2025-10-09 22:00:00+00:00
[2025-10-10T13:59:48.971+0000] {processor.py:183} INFO - Processing /opt/airflow/dags/Airflow/dags/extract_open_meteo_dag.py took 0.207 seconds
[2025-10-10T14:00:19.333+0000] {processor.py:161} INFO - Started process (PID=1254) to work on /opt/airflow/dags/Airflow/dags/extract_open_meteo_dag.py
[2025-10-10T14:00:19.334+0000] {processor.py:830} INFO - Processing file /opt/airflow/dags/Airflow/dags/extract_open_meteo_dag.py for tasks to queue
[2025-10-10T14:00:19.335+0000] {logging_mixin.py:188} INFO - [2025-10-10T14:00:19.335+0000] {dagbag.py:540} INFO - Filling up the DagBag from /opt/airflow/dags/Airflow/dags/extract_open_meteo_dag.py
[2025-10-10T14:00:19.367+0000] {processor.py:840} INFO - DAG(s) 'extract_open_meteo_v2' retrieved from /opt/airflow/dags/Airflow/dags/extract_open_meteo_dag.py
[2025-10-10T14:00:19.418+0000] {logging_mixin.py:188} INFO - [2025-10-10T14:00:19.418+0000] {dag.py:3047} INFO - Sync 1 DAGs
[2025-10-10T14:00:19.459+0000] {logging_mixin.py:188} INFO - [2025-10-10T14:00:19.459+0000] {dag.py:3834} INFO - Setting next_dagrun for extract_open_meteo_v2 to 2025-10-08 22:00:00+00:00, run_after=2025-10-09 22:00:00+00:00
[2025-10-10T14:00:19.511+0000] {processor.py:183} INFO - Processing /opt/airflow/dags/Airflow/dags/extract_open_meteo_dag.py took 0.180 seconds
[2025-10-10T14:00:49.611+0000] {processor.py:161} INFO - Started process (PID=1259) to work on /opt/airflow/dags/Airflow/dags/extract_open_meteo_dag.py
[2025-10-10T14:00:49.612+0000] {processor.py:830} INFO - Processing file /opt/airflow/dags/Airflow/dags/extract_open_meteo_dag.py for tasks to queue
[2025-10-10T14:00:49.614+0000] {logging_mixin.py:188} INFO - [2025-10-10T14:00:49.614+0000] {dagbag.py:540} INFO - Filling up the DagBag from /opt/airflow/dags/Airflow/dags/extract_open_meteo_dag.py
[2025-10-10T14:00:49.646+0000] {processor.py:840} INFO - DAG(s) 'extract_open_meteo_v2' retrieved from /opt/airflow/dags/Airflow/dags/extract_open_meteo_dag.py
[2025-10-10T14:00:49.700+0000] {logging_mixin.py:188} INFO - [2025-10-10T14:00:49.700+0000] {dag.py:3047} INFO - Sync 1 DAGs
[2025-10-10T14:00:49.740+0000] {logging_mixin.py:188} INFO - [2025-10-10T14:00:49.740+0000] {dag.py:3834} INFO - Setting next_dagrun for extract_open_meteo_v2 to 2025-10-08 22:00:00+00:00, run_after=2025-10-09 22:00:00+00:00
[2025-10-10T14:00:49.820+0000] {processor.py:183} INFO - Processing /opt/airflow/dags/Airflow/dags/extract_open_meteo_dag.py took 0.212 seconds
[2025-10-10T14:01:20.095+0000] {processor.py:161} INFO - Started process (PID=1264) to work on /opt/airflow/dags/Airflow/dags/extract_open_meteo_dag.py
[2025-10-10T14:01:20.096+0000] {processor.py:830} INFO - Processing file /opt/airflow/dags/Airflow/dags/extract_open_meteo_dag.py for tasks to queue
[2025-10-10T14:01:20.097+0000] {logging_mixin.py:188} INFO - [2025-10-10T14:01:20.097+0000] {dagbag.py:540} INFO - Filling up the DagBag from /opt/airflow/dags/Airflow/dags/extract_open_meteo_dag.py
[2025-10-10T14:01:20.133+0000] {processor.py:840} INFO - DAG(s) 'extract_open_meteo_v2' retrieved from /opt/airflow/dags/Airflow/dags/extract_open_meteo_dag.py
[2025-10-10T14:01:20.187+0000] {logging_mixin.py:188} INFO - [2025-10-10T14:01:20.186+0000] {dag.py:3047} INFO - Sync 1 DAGs
[2025-10-10T14:01:20.232+0000] {logging_mixin.py:188} INFO - [2025-10-10T14:01:20.232+0000] {dag.py:3834} INFO - Setting next_dagrun for extract_open_meteo_v2 to 2025-10-08 22:00:00+00:00, run_after=2025-10-09 22:00:00+00:00
[2025-10-10T14:01:20.312+0000] {processor.py:183} INFO - Processing /opt/airflow/dags/Airflow/dags/extract_open_meteo_dag.py took 0.220 seconds
[2025-10-10T14:01:50.794+0000] {processor.py:161} INFO - Started process (PID=1274) to work on /opt/airflow/dags/Airflow/dags/extract_open_meteo_dag.py
[2025-10-10T14:01:50.796+0000] {processor.py:830} INFO - Processing file /opt/airflow/dags/Airflow/dags/extract_open_meteo_dag.py for tasks to queue
[2025-10-10T14:01:50.797+0000] {logging_mixin.py:188} INFO - [2025-10-10T14:01:50.797+0000] {dagbag.py:540} INFO - Filling up the DagBag from /opt/airflow/dags/Airflow/dags/extract_open_meteo_dag.py
[2025-10-10T14:01:50.833+0000] {processor.py:840} INFO - DAG(s) 'extract_open_meteo_v2' retrieved from /opt/airflow/dags/Airflow/dags/extract_open_meteo_dag.py
[2025-10-10T14:01:50.890+0000] {logging_mixin.py:188} INFO - [2025-10-10T14:01:50.890+0000] {dag.py:3047} INFO - Sync 1 DAGs
[2025-10-10T14:01:50.935+0000] {logging_mixin.py:188} INFO - [2025-10-10T14:01:50.935+0000] {dag.py:3834} INFO - Setting next_dagrun for extract_open_meteo_v2 to 2025-10-08 22:00:00+00:00, run_after=2025-10-09 22:00:00+00:00
[2025-10-10T14:01:50.990+0000] {processor.py:183} INFO - Processing /opt/airflow/dags/Airflow/dags/extract_open_meteo_dag.py took 0.199 seconds
[2025-10-10T14:02:21.338+0000] {processor.py:161} INFO - Started process (PID=1284) to work on /opt/airflow/dags/Airflow/dags/extract_open_meteo_dag.py
[2025-10-10T14:02:21.340+0000] {processor.py:830} INFO - Processing file /opt/airflow/dags/Airflow/dags/extract_open_meteo_dag.py for tasks to queue
[2025-10-10T14:02:21.342+0000] {logging_mixin.py:188} INFO - [2025-10-10T14:02:21.341+0000] {dagbag.py:540} INFO - Filling up the DagBag from /opt/airflow/dags/Airflow/dags/extract_open_meteo_dag.py
[2025-10-10T14:02:21.377+0000] {processor.py:840} INFO - DAG(s) 'extract_open_meteo_v2' retrieved from /opt/airflow/dags/Airflow/dags/extract_open_meteo_dag.py
[2025-10-10T14:02:21.434+0000] {logging_mixin.py:188} INFO - [2025-10-10T14:02:21.434+0000] {dag.py:3047} INFO - Sync 1 DAGs
[2025-10-10T14:02:21.476+0000] {logging_mixin.py:188} INFO - [2025-10-10T14:02:21.476+0000] {dag.py:3834} INFO - Setting next_dagrun for extract_open_meteo_v2 to 2025-10-08 22:00:00+00:00, run_after=2025-10-09 22:00:00+00:00
[2025-10-10T14:02:21.526+0000] {processor.py:183} INFO - Processing /opt/airflow/dags/Airflow/dags/extract_open_meteo_dag.py took 0.190 seconds
[2025-10-10T14:02:51.979+0000] {processor.py:161} INFO - Started process (PID=1294) to work on /opt/airflow/dags/Airflow/dags/extract_open_meteo_dag.py
[2025-10-10T14:02:51.980+0000] {processor.py:830} INFO - Processing file /opt/airflow/dags/Airflow/dags/extract_open_meteo_dag.py for tasks to queue
[2025-10-10T14:02:51.981+0000] {logging_mixin.py:188} INFO - [2025-10-10T14:02:51.981+0000] {dagbag.py:540} INFO - Filling up the DagBag from /opt/airflow/dags/Airflow/dags/extract_open_meteo_dag.py
[2025-10-10T14:02:52.011+0000] {processor.py:840} INFO - DAG(s) 'extract_open_meteo_v2' retrieved from /opt/airflow/dags/Airflow/dags/extract_open_meteo_dag.py
[2025-10-10T14:02:52.068+0000] {logging_mixin.py:188} INFO - [2025-10-10T14:02:52.068+0000] {dag.py:3047} INFO - Sync 1 DAGs
[2025-10-10T14:02:52.112+0000] {logging_mixin.py:188} INFO - [2025-10-10T14:02:52.112+0000] {dag.py:3834} INFO - Setting next_dagrun for extract_open_meteo_v2 to 2025-10-08 22:00:00+00:00, run_after=2025-10-09 22:00:00+00:00
[2025-10-10T14:02:52.173+0000] {processor.py:183} INFO - Processing /opt/airflow/dags/Airflow/dags/extract_open_meteo_dag.py took 0.197 seconds
[2025-10-10T14:03:22.759+0000] {processor.py:161} INFO - Started process (PID=1304) to work on /opt/airflow/dags/Airflow/dags/extract_open_meteo_dag.py
[2025-10-10T14:03:22.761+0000] {processor.py:830} INFO - Processing file /opt/airflow/dags/Airflow/dags/extract_open_meteo_dag.py for tasks to queue
[2025-10-10T14:03:22.763+0000] {logging_mixin.py:188} INFO - [2025-10-10T14:03:22.762+0000] {dagbag.py:540} INFO - Filling up the DagBag from /opt/airflow/dags/Airflow/dags/extract_open_meteo_dag.py
[2025-10-10T14:03:22.806+0000] {processor.py:840} INFO - DAG(s) 'extract_open_meteo_v2' retrieved from /opt/airflow/dags/Airflow/dags/extract_open_meteo_dag.py
[2025-10-10T14:03:22.864+0000] {logging_mixin.py:188} INFO - [2025-10-10T14:03:22.863+0000] {dag.py:3047} INFO - Sync 1 DAGs
[2025-10-10T14:03:22.906+0000] {logging_mixin.py:188} INFO - [2025-10-10T14:03:22.906+0000] {dag.py:3834} INFO - Setting next_dagrun for extract_open_meteo_v2 to 2025-10-08 22:00:00+00:00, run_after=2025-10-09 22:00:00+00:00
[2025-10-10T14:03:22.961+0000] {processor.py:183} INFO - Processing /opt/airflow/dags/Airflow/dags/extract_open_meteo_dag.py took 0.207 seconds
[2025-10-10T14:03:53.637+0000] {processor.py:161} INFO - Started process (PID=1314) to work on /opt/airflow/dags/Airflow/dags/extract_open_meteo_dag.py
[2025-10-10T14:03:53.638+0000] {processor.py:830} INFO - Processing file /opt/airflow/dags/Airflow/dags/extract_open_meteo_dag.py for tasks to queue
[2025-10-10T14:03:53.639+0000] {logging_mixin.py:188} INFO - [2025-10-10T14:03:53.639+0000] {dagbag.py:540} INFO - Filling up the DagBag from /opt/airflow/dags/Airflow/dags/extract_open_meteo_dag.py
[2025-10-10T14:03:53.670+0000] {processor.py:840} INFO - DAG(s) 'extract_open_meteo_v2' retrieved from /opt/airflow/dags/Airflow/dags/extract_open_meteo_dag.py
[2025-10-10T14:03:53.732+0000] {logging_mixin.py:188} INFO - [2025-10-10T14:03:53.731+0000] {dag.py:3047} INFO - Sync 1 DAGs
[2025-10-10T14:03:53.775+0000] {logging_mixin.py:188} INFO - [2025-10-10T14:03:53.775+0000] {dag.py:3834} INFO - Setting next_dagrun for extract_open_meteo_v2 to 2025-10-08 22:00:00+00:00, run_after=2025-10-09 22:00:00+00:00
[2025-10-10T14:03:53.831+0000] {processor.py:183} INFO - Processing /opt/airflow/dags/Airflow/dags/extract_open_meteo_dag.py took 0.197 seconds
[2025-10-10T14:04:49.204+0000] {processor.py:161} INFO - Started process (PID=174) to work on /opt/airflow/dags/Airflow/dags/extract_open_meteo_dag.py
[2025-10-10T14:04:49.209+0000] {processor.py:830} INFO - Processing file /opt/airflow/dags/Airflow/dags/extract_open_meteo_dag.py for tasks to queue
[2025-10-10T14:04:49.214+0000] {logging_mixin.py:188} INFO - [2025-10-10T14:04:49.212+0000] {dagbag.py:540} INFO - Filling up the DagBag from /opt/airflow/dags/Airflow/dags/extract_open_meteo_dag.py
[2025-10-10T14:04:49.253+0000] {processor.py:840} INFO - DAG(s) 'extract_open_meteo_v2' retrieved from /opt/airflow/dags/Airflow/dags/extract_open_meteo_dag.py
[2025-10-10T14:04:49.357+0000] {logging_mixin.py:188} INFO - [2025-10-10T14:04:49.357+0000] {dag.py:3047} INFO - Sync 1 DAGs
[2025-10-10T14:04:49.418+0000] {logging_mixin.py:188} INFO - [2025-10-10T14:04:49.418+0000] {dag.py:3834} INFO - Setting next_dagrun for extract_open_meteo_v2 to 2025-10-08 22:00:00+00:00, run_after=2025-10-09 22:00:00+00:00
[2025-10-10T14:04:49.495+0000] {processor.py:183} INFO - Processing /opt/airflow/dags/Airflow/dags/extract_open_meteo_dag.py took 0.306 seconds
[2025-10-10T14:05:20.045+0000] {processor.py:161} INFO - Started process (PID=184) to work on /opt/airflow/dags/Airflow/dags/extract_open_meteo_dag.py
[2025-10-10T14:05:20.046+0000] {processor.py:830} INFO - Processing file /opt/airflow/dags/Airflow/dags/extract_open_meteo_dag.py for tasks to queue
[2025-10-10T14:05:20.047+0000] {logging_mixin.py:188} INFO - [2025-10-10T14:05:20.047+0000] {dagbag.py:540} INFO - Filling up the DagBag from /opt/airflow/dags/Airflow/dags/extract_open_meteo_dag.py
[2025-10-10T14:05:20.078+0000] {processor.py:840} INFO - DAG(s) 'extract_open_meteo_v2' retrieved from /opt/airflow/dags/Airflow/dags/extract_open_meteo_dag.py
[2025-10-10T14:05:20.146+0000] {logging_mixin.py:188} INFO - [2025-10-10T14:05:20.146+0000] {dag.py:3047} INFO - Sync 1 DAGs
[2025-10-10T14:05:20.192+0000] {logging_mixin.py:188} INFO - [2025-10-10T14:05:20.192+0000] {dag.py:3834} INFO - Setting next_dagrun for extract_open_meteo_v2 to 2025-10-08 22:00:00+00:00, run_after=2025-10-09 22:00:00+00:00
[2025-10-10T14:05:20.249+0000] {processor.py:183} INFO - Processing /opt/airflow/dags/Airflow/dags/extract_open_meteo_dag.py took 0.208 seconds
[2025-10-10T14:05:50.878+0000] {processor.py:161} INFO - Started process (PID=194) to work on /opt/airflow/dags/Airflow/dags/extract_open_meteo_dag.py
[2025-10-10T14:05:50.879+0000] {processor.py:830} INFO - Processing file /opt/airflow/dags/Airflow/dags/extract_open_meteo_dag.py for tasks to queue
[2025-10-10T14:05:50.881+0000] {logging_mixin.py:188} INFO - [2025-10-10T14:05:50.880+0000] {dagbag.py:540} INFO - Filling up the DagBag from /opt/airflow/dags/Airflow/dags/extract_open_meteo_dag.py
[2025-10-10T14:05:50.911+0000] {processor.py:840} INFO - DAG(s) 'extract_open_meteo_v2' retrieved from /opt/airflow/dags/Airflow/dags/extract_open_meteo_dag.py
[2025-10-10T14:05:50.995+0000] {logging_mixin.py:188} INFO - [2025-10-10T14:05:50.994+0000] {dag.py:3047} INFO - Sync 1 DAGs
[2025-10-10T14:05:51.041+0000] {logging_mixin.py:188} INFO - [2025-10-10T14:05:51.041+0000] {dag.py:3834} INFO - Setting next_dagrun for extract_open_meteo_v2 to 2025-10-08 22:00:00+00:00, run_after=2025-10-09 22:00:00+00:00
[2025-10-10T14:05:51.091+0000] {processor.py:183} INFO - Processing /opt/airflow/dags/Airflow/dags/extract_open_meteo_dag.py took 0.217 seconds
[2025-10-10T14:06:21.603+0000] {processor.py:161} INFO - Started process (PID=204) to work on /opt/airflow/dags/Airflow/dags/extract_open_meteo_dag.py
[2025-10-10T14:06:21.604+0000] {processor.py:830} INFO - Processing file /opt/airflow/dags/Airflow/dags/extract_open_meteo_dag.py for tasks to queue
[2025-10-10T14:06:21.605+0000] {logging_mixin.py:188} INFO - [2025-10-10T14:06:21.605+0000] {dagbag.py:540} INFO - Filling up the DagBag from /opt/airflow/dags/Airflow/dags/extract_open_meteo_dag.py
[2025-10-10T14:06:21.633+0000] {processor.py:840} INFO - DAG(s) 'extract_open_meteo_v2' retrieved from /opt/airflow/dags/Airflow/dags/extract_open_meteo_dag.py
[2025-10-10T14:06:21.692+0000] {logging_mixin.py:188} INFO - [2025-10-10T14:06:21.691+0000] {dag.py:3047} INFO - Sync 1 DAGs
[2025-10-10T14:06:21.735+0000] {logging_mixin.py:188} INFO - [2025-10-10T14:06:21.734+0000] {dag.py:3834} INFO - Setting next_dagrun for extract_open_meteo_v2 to 2025-10-08 22:00:00+00:00, run_after=2025-10-09 22:00:00+00:00
[2025-10-10T14:06:21.791+0000] {processor.py:183} INFO - Processing /opt/airflow/dags/Airflow/dags/extract_open_meteo_dag.py took 0.190 seconds
[2025-10-10T14:06:52.295+0000] {processor.py:161} INFO - Started process (PID=214) to work on /opt/airflow/dags/Airflow/dags/extract_open_meteo_dag.py
[2025-10-10T14:06:52.297+0000] {processor.py:830} INFO - Processing file /opt/airflow/dags/Airflow/dags/extract_open_meteo_dag.py for tasks to queue
[2025-10-10T14:06:52.298+0000] {logging_mixin.py:188} INFO - [2025-10-10T14:06:52.298+0000] {dagbag.py:540} INFO - Filling up the DagBag from /opt/airflow/dags/Airflow/dags/extract_open_meteo_dag.py
[2025-10-10T14:06:52.339+0000] {processor.py:840} INFO - DAG(s) 'extract_open_meteo_v2' retrieved from /opt/airflow/dags/Airflow/dags/extract_open_meteo_dag.py
[2025-10-10T14:06:52.487+0000] {logging_mixin.py:188} INFO - [2025-10-10T14:06:52.486+0000] {dag.py:3047} INFO - Sync 1 DAGs
[2025-10-10T14:06:52.624+0000] {logging_mixin.py:188} INFO - [2025-10-10T14:06:52.624+0000] {dag.py:3834} INFO - Setting next_dagrun for extract_open_meteo_v2 to 2025-10-08 22:00:00+00:00, run_after=2025-10-09 22:00:00+00:00
[2025-10-10T14:06:52.721+0000] {processor.py:183} INFO - Processing /opt/airflow/dags/Airflow/dags/extract_open_meteo_dag.py took 0.428 seconds
[2025-10-10T14:07:23.259+0000] {processor.py:161} INFO - Started process (PID=224) to work on /opt/airflow/dags/Airflow/dags/extract_open_meteo_dag.py
[2025-10-10T14:07:23.261+0000] {processor.py:830} INFO - Processing file /opt/airflow/dags/Airflow/dags/extract_open_meteo_dag.py for tasks to queue
[2025-10-10T14:07:23.264+0000] {logging_mixin.py:188} INFO - [2025-10-10T14:07:23.263+0000] {dagbag.py:540} INFO - Filling up the DagBag from /opt/airflow/dags/Airflow/dags/extract_open_meteo_dag.py
[2025-10-10T14:07:23.293+0000] {processor.py:840} INFO - DAG(s) 'extract_open_meteo_v2' retrieved from /opt/airflow/dags/Airflow/dags/extract_open_meteo_dag.py
[2025-10-10T14:07:23.361+0000] {logging_mixin.py:188} INFO - [2025-10-10T14:07:23.360+0000] {dag.py:3047} INFO - Sync 1 DAGs
[2025-10-10T14:07:23.468+0000] {logging_mixin.py:188} INFO - [2025-10-10T14:07:23.467+0000] {dag.py:3834} INFO - Setting next_dagrun for extract_open_meteo_v2 to 2025-10-08 22:00:00+00:00, run_after=2025-10-09 22:00:00+00:00
[2025-10-10T14:07:23.703+0000] {processor.py:183} INFO - Processing /opt/airflow/dags/Airflow/dags/extract_open_meteo_dag.py took 0.447 seconds
[2025-10-10T14:07:54.293+0000] {processor.py:161} INFO - Started process (PID=234) to work on /opt/airflow/dags/Airflow/dags/extract_open_meteo_dag.py
[2025-10-10T14:07:54.295+0000] {processor.py:830} INFO - Processing file /opt/airflow/dags/Airflow/dags/extract_open_meteo_dag.py for tasks to queue
[2025-10-10T14:07:54.298+0000] {logging_mixin.py:188} INFO - [2025-10-10T14:07:54.297+0000] {dagbag.py:540} INFO - Filling up the DagBag from /opt/airflow/dags/Airflow/dags/extract_open_meteo_dag.py
[2025-10-10T14:07:54.347+0000] {processor.py:840} INFO - DAG(s) 'extract_open_meteo_v2' retrieved from /opt/airflow/dags/Airflow/dags/extract_open_meteo_dag.py
[2025-10-10T14:07:54.453+0000] {logging_mixin.py:188} INFO - [2025-10-10T14:07:54.453+0000] {dag.py:3047} INFO - Sync 1 DAGs
[2025-10-10T14:07:54.513+0000] {logging_mixin.py:188} INFO - [2025-10-10T14:07:54.512+0000] {dag.py:3834} INFO - Setting next_dagrun for extract_open_meteo_v2 to 2025-10-08 22:00:00+00:00, run_after=2025-10-09 22:00:00+00:00
[2025-10-10T14:07:54.578+0000] {processor.py:183} INFO - Processing /opt/airflow/dags/Airflow/dags/extract_open_meteo_dag.py took 0.296 seconds
[2025-10-10T14:08:25.123+0000] {processor.py:161} INFO - Started process (PID=244) to work on /opt/airflow/dags/Airflow/dags/extract_open_meteo_dag.py
[2025-10-10T14:08:25.125+0000] {processor.py:830} INFO - Processing file /opt/airflow/dags/Airflow/dags/extract_open_meteo_dag.py for tasks to queue
[2025-10-10T14:08:25.126+0000] {logging_mixin.py:188} INFO - [2025-10-10T14:08:25.125+0000] {dagbag.py:540} INFO - Filling up the DagBag from /opt/airflow/dags/Airflow/dags/extract_open_meteo_dag.py
[2025-10-10T14:08:25.157+0000] {processor.py:840} INFO - DAG(s) 'extract_open_meteo_v2' retrieved from /opt/airflow/dags/Airflow/dags/extract_open_meteo_dag.py
[2025-10-10T14:08:25.215+0000] {logging_mixin.py:188} INFO - [2025-10-10T14:08:25.215+0000] {dag.py:3047} INFO - Sync 1 DAGs
[2025-10-10T14:08:25.256+0000] {logging_mixin.py:188} INFO - [2025-10-10T14:08:25.256+0000] {dag.py:3834} INFO - Setting next_dagrun for extract_open_meteo_v2 to 2025-10-08 22:00:00+00:00, run_after=2025-10-09 22:00:00+00:00
[2025-10-10T14:08:25.312+0000] {processor.py:183} INFO - Processing /opt/airflow/dags/Airflow/dags/extract_open_meteo_dag.py took 0.192 seconds
[2025-10-10T14:08:55.921+0000] {processor.py:161} INFO - Started process (PID=254) to work on /opt/airflow/dags/Airflow/dags/extract_open_meteo_dag.py
[2025-10-10T14:08:55.922+0000] {processor.py:830} INFO - Processing file /opt/airflow/dags/Airflow/dags/extract_open_meteo_dag.py for tasks to queue
[2025-10-10T14:08:55.924+0000] {logging_mixin.py:188} INFO - [2025-10-10T14:08:55.923+0000] {dagbag.py:540} INFO - Filling up the DagBag from /opt/airflow/dags/Airflow/dags/extract_open_meteo_dag.py
[2025-10-10T14:08:55.950+0000] {processor.py:840} INFO - DAG(s) 'extract_open_meteo_v2' retrieved from /opt/airflow/dags/Airflow/dags/extract_open_meteo_dag.py
[2025-10-10T14:08:56.008+0000] {logging_mixin.py:188} INFO - [2025-10-10T14:08:56.007+0000] {dag.py:3047} INFO - Sync 1 DAGs
[2025-10-10T14:08:56.047+0000] {logging_mixin.py:188} INFO - [2025-10-10T14:08:56.047+0000] {dag.py:3834} INFO - Setting next_dagrun for extract_open_meteo_v2 to 2025-10-08 22:00:00+00:00, run_after=2025-10-09 22:00:00+00:00
[2025-10-10T14:08:56.102+0000] {processor.py:183} INFO - Processing /opt/airflow/dags/Airflow/dags/extract_open_meteo_dag.py took 0.183 seconds
[2025-10-10T14:09:26.566+0000] {processor.py:161} INFO - Started process (PID=264) to work on /opt/airflow/dags/Airflow/dags/extract_open_meteo_dag.py
[2025-10-10T14:09:26.568+0000] {processor.py:830} INFO - Processing file /opt/airflow/dags/Airflow/dags/extract_open_meteo_dag.py for tasks to queue
[2025-10-10T14:09:26.570+0000] {logging_mixin.py:188} INFO - [2025-10-10T14:09:26.569+0000] {dagbag.py:540} INFO - Filling up the DagBag from /opt/airflow/dags/Airflow/dags/extract_open_meteo_dag.py
[2025-10-10T14:09:26.600+0000] {processor.py:840} INFO - DAG(s) 'extract_open_meteo_v2' retrieved from /opt/airflow/dags/Airflow/dags/extract_open_meteo_dag.py
[2025-10-10T14:09:26.670+0000] {logging_mixin.py:188} INFO - [2025-10-10T14:09:26.669+0000] {dag.py:3047} INFO - Sync 1 DAGs
[2025-10-10T14:09:26.713+0000] {logging_mixin.py:188} INFO - [2025-10-10T14:09:26.713+0000] {dag.py:3834} INFO - Setting next_dagrun for extract_open_meteo_v2 to 2025-10-08 22:00:00+00:00, run_after=2025-10-09 22:00:00+00:00
[2025-10-10T14:09:26.770+0000] {processor.py:183} INFO - Processing /opt/airflow/dags/Airflow/dags/extract_open_meteo_dag.py took 0.207 seconds
[2025-10-10T14:09:57.395+0000] {processor.py:161} INFO - Started process (PID=274) to work on /opt/airflow/dags/Airflow/dags/extract_open_meteo_dag.py
[2025-10-10T14:09:57.396+0000] {processor.py:830} INFO - Processing file /opt/airflow/dags/Airflow/dags/extract_open_meteo_dag.py for tasks to queue
[2025-10-10T14:09:57.397+0000] {logging_mixin.py:188} INFO - [2025-10-10T14:09:57.397+0000] {dagbag.py:540} INFO - Filling up the DagBag from /opt/airflow/dags/Airflow/dags/extract_open_meteo_dag.py
[2025-10-10T14:09:57.426+0000] {processor.py:840} INFO - DAG(s) 'extract_open_meteo_v2' retrieved from /opt/airflow/dags/Airflow/dags/extract_open_meteo_dag.py
[2025-10-10T14:09:57.484+0000] {logging_mixin.py:188} INFO - [2025-10-10T14:09:57.484+0000] {dag.py:3047} INFO - Sync 1 DAGs
[2025-10-10T14:09:57.524+0000] {logging_mixin.py:188} INFO - [2025-10-10T14:09:57.524+0000] {dag.py:3834} INFO - Setting next_dagrun for extract_open_meteo_v2 to 2025-10-08 22:00:00+00:00, run_after=2025-10-09 22:00:00+00:00
[2025-10-10T14:09:57.573+0000] {processor.py:183} INFO - Processing /opt/airflow/dags/Airflow/dags/extract_open_meteo_dag.py took 0.182 seconds
[2025-10-10T14:10:28.203+0000] {processor.py:161} INFO - Started process (PID=284) to work on /opt/airflow/dags/Airflow/dags/extract_open_meteo_dag.py
[2025-10-10T14:10:28.205+0000] {processor.py:830} INFO - Processing file /opt/airflow/dags/Airflow/dags/extract_open_meteo_dag.py for tasks to queue
[2025-10-10T14:10:28.207+0000] {logging_mixin.py:188} INFO - [2025-10-10T14:10:28.207+0000] {dagbag.py:540} INFO - Filling up the DagBag from /opt/airflow/dags/Airflow/dags/extract_open_meteo_dag.py
[2025-10-10T14:10:28.233+0000] {processor.py:840} INFO - DAG(s) 'extract_open_meteo_v2' retrieved from /opt/airflow/dags/Airflow/dags/extract_open_meteo_dag.py
[2025-10-10T14:10:28.299+0000] {logging_mixin.py:188} INFO - [2025-10-10T14:10:28.298+0000] {dag.py:3047} INFO - Sync 1 DAGs
[2025-10-10T14:10:28.348+0000] {logging_mixin.py:188} INFO - [2025-10-10T14:10:28.347+0000] {dag.py:3834} INFO - Setting next_dagrun for extract_open_meteo_v2 to 2025-10-08 22:00:00+00:00, run_after=2025-10-09 22:00:00+00:00
[2025-10-10T14:10:28.408+0000] {processor.py:183} INFO - Processing /opt/airflow/dags/Airflow/dags/extract_open_meteo_dag.py took 0.208 seconds
[2025-10-10T14:10:58.975+0000] {processor.py:161} INFO - Started process (PID=294) to work on /opt/airflow/dags/Airflow/dags/extract_open_meteo_dag.py
[2025-10-10T14:10:58.976+0000] {processor.py:830} INFO - Processing file /opt/airflow/dags/Airflow/dags/extract_open_meteo_dag.py for tasks to queue
[2025-10-10T14:10:58.978+0000] {logging_mixin.py:188} INFO - [2025-10-10T14:10:58.977+0000] {dagbag.py:540} INFO - Filling up the DagBag from /opt/airflow/dags/Airflow/dags/extract_open_meteo_dag.py
[2025-10-10T14:10:59.004+0000] {processor.py:840} INFO - DAG(s) 'extract_open_meteo_v2' retrieved from /opt/airflow/dags/Airflow/dags/extract_open_meteo_dag.py
[2025-10-10T14:10:59.065+0000] {logging_mixin.py:188} INFO - [2025-10-10T14:10:59.065+0000] {dag.py:3047} INFO - Sync 1 DAGs
[2025-10-10T14:10:59.108+0000] {logging_mixin.py:188} INFO - [2025-10-10T14:10:59.108+0000] {dag.py:3834} INFO - Setting next_dagrun for extract_open_meteo_v2 to 2025-10-08 22:00:00+00:00, run_after=2025-10-09 22:00:00+00:00
[2025-10-10T14:10:59.160+0000] {processor.py:183} INFO - Processing /opt/airflow/dags/Airflow/dags/extract_open_meteo_dag.py took 0.187 seconds
[2025-10-10T14:11:29.629+0000] {processor.py:161} INFO - Started process (PID=304) to work on /opt/airflow/dags/Airflow/dags/extract_open_meteo_dag.py
[2025-10-10T14:11:29.630+0000] {processor.py:830} INFO - Processing file /opt/airflow/dags/Airflow/dags/extract_open_meteo_dag.py for tasks to queue
[2025-10-10T14:11:29.631+0000] {logging_mixin.py:188} INFO - [2025-10-10T14:11:29.631+0000] {dagbag.py:540} INFO - Filling up the DagBag from /opt/airflow/dags/Airflow/dags/extract_open_meteo_dag.py
[2025-10-10T14:11:29.657+0000] {processor.py:840} INFO - DAG(s) 'extract_open_meteo_v2' retrieved from /opt/airflow/dags/Airflow/dags/extract_open_meteo_dag.py
[2025-10-10T14:11:29.712+0000] {logging_mixin.py:188} INFO - [2025-10-10T14:11:29.712+0000] {dag.py:3047} INFO - Sync 1 DAGs
[2025-10-10T14:11:29.749+0000] {logging_mixin.py:188} INFO - [2025-10-10T14:11:29.749+0000] {dag.py:3834} INFO - Setting next_dagrun for extract_open_meteo_v2 to 2025-10-08 22:00:00+00:00, run_after=2025-10-09 22:00:00+00:00
[2025-10-10T14:11:29.805+0000] {processor.py:183} INFO - Processing /opt/airflow/dags/Airflow/dags/extract_open_meteo_dag.py took 0.178 seconds
[2025-10-10T14:12:00.326+0000] {processor.py:161} INFO - Started process (PID=314) to work on /opt/airflow/dags/Airflow/dags/extract_open_meteo_dag.py
[2025-10-10T14:12:00.327+0000] {processor.py:830} INFO - Processing file /opt/airflow/dags/Airflow/dags/extract_open_meteo_dag.py for tasks to queue
[2025-10-10T14:12:00.328+0000] {logging_mixin.py:188} INFO - [2025-10-10T14:12:00.328+0000] {dagbag.py:540} INFO - Filling up the DagBag from /opt/airflow/dags/Airflow/dags/extract_open_meteo_dag.py
[2025-10-10T14:12:00.358+0000] {processor.py:840} INFO - DAG(s) 'extract_open_meteo_v2' retrieved from /opt/airflow/dags/Airflow/dags/extract_open_meteo_dag.py
[2025-10-10T14:12:00.418+0000] {logging_mixin.py:188} INFO - [2025-10-10T14:12:00.418+0000] {dag.py:3047} INFO - Sync 1 DAGs
[2025-10-10T14:12:00.459+0000] {logging_mixin.py:188} INFO - [2025-10-10T14:12:00.458+0000] {dag.py:3834} INFO - Setting next_dagrun for extract_open_meteo_v2 to 2025-10-08 22:00:00+00:00, run_after=2025-10-09 22:00:00+00:00
[2025-10-10T14:12:00.513+0000] {processor.py:183} INFO - Processing /opt/airflow/dags/Airflow/dags/extract_open_meteo_dag.py took 0.190 seconds
[2025-10-10T14:12:31.065+0000] {processor.py:161} INFO - Started process (PID=324) to work on /opt/airflow/dags/Airflow/dags/extract_open_meteo_dag.py
[2025-10-10T14:12:31.066+0000] {processor.py:830} INFO - Processing file /opt/airflow/dags/Airflow/dags/extract_open_meteo_dag.py for tasks to queue
[2025-10-10T14:12:31.069+0000] {logging_mixin.py:188} INFO - [2025-10-10T14:12:31.069+0000] {dagbag.py:540} INFO - Filling up the DagBag from /opt/airflow/dags/Airflow/dags/extract_open_meteo_dag.py
[2025-10-10T14:12:31.099+0000] {processor.py:840} INFO - DAG(s) 'extract_open_meteo_v2' retrieved from /opt/airflow/dags/Airflow/dags/extract_open_meteo_dag.py
[2025-10-10T14:12:31.161+0000] {logging_mixin.py:188} INFO - [2025-10-10T14:12:31.160+0000] {dag.py:3047} INFO - Sync 1 DAGs
[2025-10-10T14:12:31.205+0000] {logging_mixin.py:188} INFO - [2025-10-10T14:12:31.205+0000] {dag.py:3834} INFO - Setting next_dagrun for extract_open_meteo_v2 to 2025-10-08 22:00:00+00:00, run_after=2025-10-09 22:00:00+00:00
[2025-10-10T14:12:31.257+0000] {processor.py:183} INFO - Processing /opt/airflow/dags/Airflow/dags/extract_open_meteo_dag.py took 0.195 seconds
[2025-10-10T14:13:01.730+0000] {processor.py:161} INFO - Started process (PID=334) to work on /opt/airflow/dags/Airflow/dags/extract_open_meteo_dag.py
[2025-10-10T14:13:01.732+0000] {processor.py:830} INFO - Processing file /opt/airflow/dags/Airflow/dags/extract_open_meteo_dag.py for tasks to queue
[2025-10-10T14:13:01.733+0000] {logging_mixin.py:188} INFO - [2025-10-10T14:13:01.733+0000] {dagbag.py:540} INFO - Filling up the DagBag from /opt/airflow/dags/Airflow/dags/extract_open_meteo_dag.py
[2025-10-10T14:13:01.764+0000] {processor.py:840} INFO - DAG(s) 'extract_open_meteo_v2' retrieved from /opt/airflow/dags/Airflow/dags/extract_open_meteo_dag.py
[2025-10-10T14:13:01.823+0000] {logging_mixin.py:188} INFO - [2025-10-10T14:13:01.822+0000] {dag.py:3047} INFO - Sync 1 DAGs
[2025-10-10T14:13:01.865+0000] {logging_mixin.py:188} INFO - [2025-10-10T14:13:01.864+0000] {dag.py:3834} INFO - Setting next_dagrun for extract_open_meteo_v2 to 2025-10-08 22:00:00+00:00, run_after=2025-10-09 22:00:00+00:00
[2025-10-10T14:13:01.930+0000] {processor.py:183} INFO - Processing /opt/airflow/dags/Airflow/dags/extract_open_meteo_dag.py took 0.202 seconds
[2025-10-10T14:13:32.451+0000] {processor.py:161} INFO - Started process (PID=344) to work on /opt/airflow/dags/Airflow/dags/extract_open_meteo_dag.py
[2025-10-10T14:13:32.452+0000] {processor.py:830} INFO - Processing file /opt/airflow/dags/Airflow/dags/extract_open_meteo_dag.py for tasks to queue
[2025-10-10T14:13:32.454+0000] {logging_mixin.py:188} INFO - [2025-10-10T14:13:32.453+0000] {dagbag.py:540} INFO - Filling up the DagBag from /opt/airflow/dags/Airflow/dags/extract_open_meteo_dag.py
[2025-10-10T14:13:32.485+0000] {processor.py:840} INFO - DAG(s) 'extract_open_meteo_v2' retrieved from /opt/airflow/dags/Airflow/dags/extract_open_meteo_dag.py
[2025-10-10T14:13:32.541+0000] {logging_mixin.py:188} INFO - [2025-10-10T14:13:32.540+0000] {dag.py:3047} INFO - Sync 1 DAGs
[2025-10-10T14:13:32.583+0000] {logging_mixin.py:188} INFO - [2025-10-10T14:13:32.583+0000] {dag.py:3834} INFO - Setting next_dagrun for extract_open_meteo_v2 to 2025-10-08 22:00:00+00:00, run_after=2025-10-09 22:00:00+00:00
[2025-10-10T14:13:32.637+0000] {processor.py:183} INFO - Processing /opt/airflow/dags/Airflow/dags/extract_open_meteo_dag.py took 0.189 seconds
[2025-10-10T14:14:03.256+0000] {processor.py:161} INFO - Started process (PID=354) to work on /opt/airflow/dags/Airflow/dags/extract_open_meteo_dag.py
[2025-10-10T14:14:03.257+0000] {processor.py:830} INFO - Processing file /opt/airflow/dags/Airflow/dags/extract_open_meteo_dag.py for tasks to queue
[2025-10-10T14:14:03.259+0000] {logging_mixin.py:188} INFO - [2025-10-10T14:14:03.258+0000] {dagbag.py:540} INFO - Filling up the DagBag from /opt/airflow/dags/Airflow/dags/extract_open_meteo_dag.py
[2025-10-10T14:14:03.284+0000] {processor.py:840} INFO - DAG(s) 'extract_open_meteo_v2' retrieved from /opt/airflow/dags/Airflow/dags/extract_open_meteo_dag.py
[2025-10-10T14:14:03.339+0000] {logging_mixin.py:188} INFO - [2025-10-10T14:14:03.338+0000] {dag.py:3047} INFO - Sync 1 DAGs
[2025-10-10T14:14:03.379+0000] {logging_mixin.py:188} INFO - [2025-10-10T14:14:03.379+0000] {dag.py:3834} INFO - Setting next_dagrun for extract_open_meteo_v2 to 2025-10-08 22:00:00+00:00, run_after=2025-10-09 22:00:00+00:00
[2025-10-10T14:14:03.430+0000] {processor.py:183} INFO - Processing /opt/airflow/dags/Airflow/dags/extract_open_meteo_dag.py took 0.177 seconds
[2025-10-10T14:14:34.202+0000] {processor.py:161} INFO - Started process (PID=364) to work on /opt/airflow/dags/Airflow/dags/extract_open_meteo_dag.py
[2025-10-10T14:14:34.206+0000] {processor.py:830} INFO - Processing file /opt/airflow/dags/Airflow/dags/extract_open_meteo_dag.py for tasks to queue
[2025-10-10T14:14:34.211+0000] {logging_mixin.py:188} INFO - [2025-10-10T14:14:34.210+0000] {dagbag.py:540} INFO - Filling up the DagBag from /opt/airflow/dags/Airflow/dags/extract_open_meteo_dag.py
[2025-10-10T14:14:34.273+0000] {processor.py:840} INFO - DAG(s) 'extract_open_meteo_v2' retrieved from /opt/airflow/dags/Airflow/dags/extract_open_meteo_dag.py
[2025-10-10T14:14:34.376+0000] {logging_mixin.py:188} INFO - [2025-10-10T14:14:34.375+0000] {dag.py:3047} INFO - Sync 1 DAGs
[2025-10-10T14:14:34.428+0000] {logging_mixin.py:188} INFO - [2025-10-10T14:14:34.427+0000] {dag.py:3834} INFO - Setting next_dagrun for extract_open_meteo_v2 to 2025-10-08 22:00:00+00:00, run_after=2025-10-09 22:00:00+00:00
[2025-10-10T14:14:34.486+0000] {processor.py:183} INFO - Processing /opt/airflow/dags/Airflow/dags/extract_open_meteo_dag.py took 0.290 seconds
[2025-10-10T14:15:05.187+0000] {processor.py:161} INFO - Started process (PID=374) to work on /opt/airflow/dags/Airflow/dags/extract_open_meteo_dag.py
[2025-10-10T14:15:05.188+0000] {processor.py:830} INFO - Processing file /opt/airflow/dags/Airflow/dags/extract_open_meteo_dag.py for tasks to queue
[2025-10-10T14:15:05.189+0000] {logging_mixin.py:188} INFO - [2025-10-10T14:15:05.189+0000] {dagbag.py:540} INFO - Filling up the DagBag from /opt/airflow/dags/Airflow/dags/extract_open_meteo_dag.py
[2025-10-10T14:15:05.217+0000] {processor.py:840} INFO - DAG(s) 'extract_open_meteo_v2' retrieved from /opt/airflow/dags/Airflow/dags/extract_open_meteo_dag.py
[2025-10-10T14:15:05.273+0000] {logging_mixin.py:188} INFO - [2025-10-10T14:15:05.272+0000] {dag.py:3047} INFO - Sync 1 DAGs
[2025-10-10T14:15:05.319+0000] {logging_mixin.py:188} INFO - [2025-10-10T14:15:05.319+0000] {dag.py:3834} INFO - Setting next_dagrun for extract_open_meteo_v2 to 2025-10-08 22:00:00+00:00, run_after=2025-10-09 22:00:00+00:00
[2025-10-10T14:15:05.370+0000] {processor.py:183} INFO - Processing /opt/airflow/dags/Airflow/dags/extract_open_meteo_dag.py took 0.186 seconds
[2025-10-10T14:15:35.830+0000] {processor.py:161} INFO - Started process (PID=384) to work on /opt/airflow/dags/Airflow/dags/extract_open_meteo_dag.py
[2025-10-10T14:15:35.832+0000] {processor.py:830} INFO - Processing file /opt/airflow/dags/Airflow/dags/extract_open_meteo_dag.py for tasks to queue
[2025-10-10T14:15:35.834+0000] {logging_mixin.py:188} INFO - [2025-10-10T14:15:35.833+0000] {dagbag.py:540} INFO - Filling up the DagBag from /opt/airflow/dags/Airflow/dags/extract_open_meteo_dag.py
[2025-10-10T14:15:35.862+0000] {processor.py:840} INFO - DAG(s) 'extract_open_meteo_v2' retrieved from /opt/airflow/dags/Airflow/dags/extract_open_meteo_dag.py
[2025-10-10T14:15:35.919+0000] {logging_mixin.py:188} INFO - [2025-10-10T14:15:35.919+0000] {dag.py:3047} INFO - Sync 1 DAGs
[2025-10-10T14:15:35.957+0000] {logging_mixin.py:188} INFO - [2025-10-10T14:15:35.957+0000] {dag.py:3834} INFO - Setting next_dagrun for extract_open_meteo_v2 to 2025-10-08 22:00:00+00:00, run_after=2025-10-09 22:00:00+00:00
[2025-10-10T14:15:36.012+0000] {processor.py:183} INFO - Processing /opt/airflow/dags/Airflow/dags/extract_open_meteo_dag.py took 0.184 seconds
[2025-10-10T14:16:06.510+0000] {processor.py:161} INFO - Started process (PID=394) to work on /opt/airflow/dags/Airflow/dags/extract_open_meteo_dag.py
[2025-10-10T14:16:06.512+0000] {processor.py:830} INFO - Processing file /opt/airflow/dags/Airflow/dags/extract_open_meteo_dag.py for tasks to queue
[2025-10-10T14:16:06.513+0000] {logging_mixin.py:188} INFO - [2025-10-10T14:16:06.513+0000] {dagbag.py:540} INFO - Filling up the DagBag from /opt/airflow/dags/Airflow/dags/extract_open_meteo_dag.py
[2025-10-10T14:16:06.541+0000] {processor.py:840} INFO - DAG(s) 'extract_open_meteo_v2' retrieved from /opt/airflow/dags/Airflow/dags/extract_open_meteo_dag.py
[2025-10-10T14:16:06.612+0000] {logging_mixin.py:188} INFO - [2025-10-10T14:16:06.612+0000] {dag.py:3047} INFO - Sync 1 DAGs
[2025-10-10T14:16:06.657+0000] {logging_mixin.py:188} INFO - [2025-10-10T14:16:06.656+0000] {dag.py:3834} INFO - Setting next_dagrun for extract_open_meteo_v2 to 2025-10-08 22:00:00+00:00, run_after=2025-10-09 22:00:00+00:00
[2025-10-10T14:16:06.732+0000] {processor.py:183} INFO - Processing /opt/airflow/dags/Airflow/dags/extract_open_meteo_dag.py took 0.228 seconds
[2025-10-10T14:16:37.360+0000] {processor.py:161} INFO - Started process (PID=404) to work on /opt/airflow/dags/Airflow/dags/extract_open_meteo_dag.py
[2025-10-10T14:16:37.364+0000] {processor.py:830} INFO - Processing file /opt/airflow/dags/Airflow/dags/extract_open_meteo_dag.py for tasks to queue
[2025-10-10T14:16:37.367+0000] {logging_mixin.py:188} INFO - [2025-10-10T14:16:37.366+0000] {dagbag.py:540} INFO - Filling up the DagBag from /opt/airflow/dags/Airflow/dags/extract_open_meteo_dag.py
[2025-10-10T14:16:37.397+0000] {processor.py:840} INFO - DAG(s) 'extract_open_meteo_v2' retrieved from /opt/airflow/dags/Airflow/dags/extract_open_meteo_dag.py
[2025-10-10T14:16:37.467+0000] {logging_mixin.py:188} INFO - [2025-10-10T14:16:37.467+0000] {dag.py:3047} INFO - Sync 1 DAGs
[2025-10-10T14:16:37.508+0000] {logging_mixin.py:188} INFO - [2025-10-10T14:16:37.508+0000] {dag.py:3834} INFO - Setting next_dagrun for extract_open_meteo_v2 to 2025-10-08 22:00:00+00:00, run_after=2025-10-09 22:00:00+00:00
[2025-10-10T14:16:37.564+0000] {processor.py:183} INFO - Processing /opt/airflow/dags/Airflow/dags/extract_open_meteo_dag.py took 0.209 seconds
[2025-10-10T14:17:08.065+0000] {processor.py:161} INFO - Started process (PID=414) to work on /opt/airflow/dags/Airflow/dags/extract_open_meteo_dag.py
[2025-10-10T14:17:08.066+0000] {processor.py:830} INFO - Processing file /opt/airflow/dags/Airflow/dags/extract_open_meteo_dag.py for tasks to queue
[2025-10-10T14:17:08.067+0000] {logging_mixin.py:188} INFO - [2025-10-10T14:17:08.067+0000] {dagbag.py:540} INFO - Filling up the DagBag from /opt/airflow/dags/Airflow/dags/extract_open_meteo_dag.py
[2025-10-10T14:17:08.093+0000] {processor.py:840} INFO - DAG(s) 'extract_open_meteo_v2' retrieved from /opt/airflow/dags/Airflow/dags/extract_open_meteo_dag.py
[2025-10-10T14:17:08.153+0000] {logging_mixin.py:188} INFO - [2025-10-10T14:17:08.153+0000] {dag.py:3047} INFO - Sync 1 DAGs
[2025-10-10T14:17:08.194+0000] {logging_mixin.py:188} INFO - [2025-10-10T14:17:08.193+0000] {dag.py:3834} INFO - Setting next_dagrun for extract_open_meteo_v2 to 2025-10-08 22:00:00+00:00, run_after=2025-10-09 22:00:00+00:00
[2025-10-10T14:17:08.258+0000] {processor.py:183} INFO - Processing /opt/airflow/dags/Airflow/dags/extract_open_meteo_dag.py took 0.197 seconds
[2025-10-10T14:17:38.737+0000] {processor.py:161} INFO - Started process (PID=424) to work on /opt/airflow/dags/Airflow/dags/extract_open_meteo_dag.py
[2025-10-10T14:17:38.739+0000] {processor.py:830} INFO - Processing file /opt/airflow/dags/Airflow/dags/extract_open_meteo_dag.py for tasks to queue
[2025-10-10T14:17:38.741+0000] {logging_mixin.py:188} INFO - [2025-10-10T14:17:38.740+0000] {dagbag.py:540} INFO - Filling up the DagBag from /opt/airflow/dags/Airflow/dags/extract_open_meteo_dag.py
[2025-10-10T14:17:38.766+0000] {processor.py:840} INFO - DAG(s) 'extract_open_meteo_v2' retrieved from /opt/airflow/dags/Airflow/dags/extract_open_meteo_dag.py
[2025-10-10T14:17:38.826+0000] {logging_mixin.py:188} INFO - [2025-10-10T14:17:38.826+0000] {dag.py:3047} INFO - Sync 1 DAGs
[2025-10-10T14:17:38.868+0000] {logging_mixin.py:188} INFO - [2025-10-10T14:17:38.868+0000] {dag.py:3834} INFO - Setting next_dagrun for extract_open_meteo_v2 to 2025-10-08 22:00:00+00:00, run_after=2025-10-09 22:00:00+00:00
[2025-10-10T14:17:38.928+0000] {processor.py:183} INFO - Processing /opt/airflow/dags/Airflow/dags/extract_open_meteo_dag.py took 0.194 seconds
[2025-10-10T14:18:09.526+0000] {processor.py:161} INFO - Started process (PID=434) to work on /opt/airflow/dags/Airflow/dags/extract_open_meteo_dag.py
[2025-10-10T14:18:09.528+0000] {processor.py:830} INFO - Processing file /opt/airflow/dags/Airflow/dags/extract_open_meteo_dag.py for tasks to queue
[2025-10-10T14:18:09.530+0000] {logging_mixin.py:188} INFO - [2025-10-10T14:18:09.529+0000] {dagbag.py:540} INFO - Filling up the DagBag from /opt/airflow/dags/Airflow/dags/extract_open_meteo_dag.py
[2025-10-10T14:18:09.558+0000] {processor.py:840} INFO - DAG(s) 'extract_open_meteo_v2' retrieved from /opt/airflow/dags/Airflow/dags/extract_open_meteo_dag.py
[2025-10-10T14:18:09.619+0000] {logging_mixin.py:188} INFO - [2025-10-10T14:18:09.618+0000] {dag.py:3047} INFO - Sync 1 DAGs
[2025-10-10T14:18:09.666+0000] {logging_mixin.py:188} INFO - [2025-10-10T14:18:09.666+0000] {dag.py:3834} INFO - Setting next_dagrun for extract_open_meteo_v2 to 2025-10-08 22:00:00+00:00, run_after=2025-10-09 22:00:00+00:00
[2025-10-10T14:18:09.719+0000] {processor.py:183} INFO - Processing /opt/airflow/dags/Airflow/dags/extract_open_meteo_dag.py took 0.196 seconds
[2025-10-10T14:18:40.286+0000] {processor.py:161} INFO - Started process (PID=444) to work on /opt/airflow/dags/Airflow/dags/extract_open_meteo_dag.py
[2025-10-10T14:18:40.288+0000] {processor.py:830} INFO - Processing file /opt/airflow/dags/Airflow/dags/extract_open_meteo_dag.py for tasks to queue
[2025-10-10T14:18:40.289+0000] {logging_mixin.py:188} INFO - [2025-10-10T14:18:40.289+0000] {dagbag.py:540} INFO - Filling up the DagBag from /opt/airflow/dags/Airflow/dags/extract_open_meteo_dag.py
[2025-10-10T14:18:40.317+0000] {processor.py:840} INFO - DAG(s) 'extract_open_meteo_v2' retrieved from /opt/airflow/dags/Airflow/dags/extract_open_meteo_dag.py
[2025-10-10T14:18:40.376+0000] {logging_mixin.py:188} INFO - [2025-10-10T14:18:40.376+0000] {dag.py:3047} INFO - Sync 1 DAGs
[2025-10-10T14:18:40.420+0000] {logging_mixin.py:188} INFO - [2025-10-10T14:18:40.420+0000] {dag.py:3834} INFO - Setting next_dagrun for extract_open_meteo_v2 to 2025-10-08 22:00:00+00:00, run_after=2025-10-09 22:00:00+00:00
[2025-10-10T14:18:40.472+0000] {processor.py:183} INFO - Processing /opt/airflow/dags/Airflow/dags/extract_open_meteo_dag.py took 0.189 seconds
[2025-10-10T14:19:10.943+0000] {processor.py:161} INFO - Started process (PID=454) to work on /opt/airflow/dags/Airflow/dags/extract_open_meteo_dag.py
[2025-10-10T14:19:10.945+0000] {processor.py:830} INFO - Processing file /opt/airflow/dags/Airflow/dags/extract_open_meteo_dag.py for tasks to queue
[2025-10-10T14:19:10.946+0000] {logging_mixin.py:188} INFO - [2025-10-10T14:19:10.946+0000] {dagbag.py:540} INFO - Filling up the DagBag from /opt/airflow/dags/Airflow/dags/extract_open_meteo_dag.py
[2025-10-10T14:19:10.973+0000] {processor.py:840} INFO - DAG(s) 'extract_open_meteo_v2' retrieved from /opt/airflow/dags/Airflow/dags/extract_open_meteo_dag.py
[2025-10-10T14:19:11.023+0000] {logging_mixin.py:188} INFO - [2025-10-10T14:19:11.023+0000] {dag.py:3047} INFO - Sync 1 DAGs
[2025-10-10T14:19:11.064+0000] {logging_mixin.py:188} INFO - [2025-10-10T14:19:11.063+0000] {dag.py:3834} INFO - Setting next_dagrun for extract_open_meteo_v2 to 2025-10-08 22:00:00+00:00, run_after=2025-10-09 22:00:00+00:00
[2025-10-10T14:19:11.117+0000] {processor.py:183} INFO - Processing /opt/airflow/dags/Airflow/dags/extract_open_meteo_dag.py took 0.177 seconds
[2025-10-10T14:19:41.644+0000] {processor.py:161} INFO - Started process (PID=464) to work on /opt/airflow/dags/Airflow/dags/extract_open_meteo_dag.py
[2025-10-10T14:19:41.645+0000] {processor.py:830} INFO - Processing file /opt/airflow/dags/Airflow/dags/extract_open_meteo_dag.py for tasks to queue
[2025-10-10T14:19:41.646+0000] {logging_mixin.py:188} INFO - [2025-10-10T14:19:41.646+0000] {dagbag.py:540} INFO - Filling up the DagBag from /opt/airflow/dags/Airflow/dags/extract_open_meteo_dag.py
[2025-10-10T14:19:41.680+0000] {processor.py:840} INFO - DAG(s) 'extract_open_meteo_v2' retrieved from /opt/airflow/dags/Airflow/dags/extract_open_meteo_dag.py
[2025-10-10T14:19:41.732+0000] {logging_mixin.py:188} INFO - [2025-10-10T14:19:41.732+0000] {dag.py:3047} INFO - Sync 1 DAGs
[2025-10-10T14:19:41.772+0000] {logging_mixin.py:188} INFO - [2025-10-10T14:19:41.772+0000] {dag.py:3834} INFO - Setting next_dagrun for extract_open_meteo_v2 to 2025-10-08 22:00:00+00:00, run_after=2025-10-09 22:00:00+00:00
[2025-10-10T14:19:41.821+0000] {processor.py:183} INFO - Processing /opt/airflow/dags/Airflow/dags/extract_open_meteo_dag.py took 0.180 seconds
[2025-10-10T14:20:12.529+0000] {processor.py:161} INFO - Started process (PID=474) to work on /opt/airflow/dags/Airflow/dags/extract_open_meteo_dag.py
[2025-10-10T14:20:12.530+0000] {processor.py:830} INFO - Processing file /opt/airflow/dags/Airflow/dags/extract_open_meteo_dag.py for tasks to queue
[2025-10-10T14:20:12.532+0000] {logging_mixin.py:188} INFO - [2025-10-10T14:20:12.532+0000] {dagbag.py:540} INFO - Filling up the DagBag from /opt/airflow/dags/Airflow/dags/extract_open_meteo_dag.py
[2025-10-10T14:20:12.563+0000] {processor.py:840} INFO - DAG(s) 'extract_open_meteo_v2' retrieved from /opt/airflow/dags/Airflow/dags/extract_open_meteo_dag.py
[2025-10-10T14:20:12.627+0000] {logging_mixin.py:188} INFO - [2025-10-10T14:20:12.626+0000] {dag.py:3047} INFO - Sync 1 DAGs
[2025-10-10T14:20:12.671+0000] {logging_mixin.py:188} INFO - [2025-10-10T14:20:12.671+0000] {dag.py:3834} INFO - Setting next_dagrun for extract_open_meteo_v2 to 2025-10-08 22:00:00+00:00, run_after=2025-10-09 22:00:00+00:00
[2025-10-10T14:20:12.735+0000] {processor.py:183} INFO - Processing /opt/airflow/dags/Airflow/dags/extract_open_meteo_dag.py took 0.209 seconds
[2025-10-10T14:20:43.222+0000] {processor.py:161} INFO - Started process (PID=484) to work on /opt/airflow/dags/Airflow/dags/extract_open_meteo_dag.py
[2025-10-10T14:20:43.223+0000] {processor.py:830} INFO - Processing file /opt/airflow/dags/Airflow/dags/extract_open_meteo_dag.py for tasks to queue
[2025-10-10T14:20:43.224+0000] {logging_mixin.py:188} INFO - [2025-10-10T14:20:43.224+0000] {dagbag.py:540} INFO - Filling up the DagBag from /opt/airflow/dags/Airflow/dags/extract_open_meteo_dag.py
[2025-10-10T14:20:43.253+0000] {processor.py:840} INFO - DAG(s) 'extract_open_meteo_v2' retrieved from /opt/airflow/dags/Airflow/dags/extract_open_meteo_dag.py
[2025-10-10T14:20:43.307+0000] {logging_mixin.py:188} INFO - [2025-10-10T14:20:43.307+0000] {dag.py:3047} INFO - Sync 1 DAGs
[2025-10-10T14:20:43.350+0000] {logging_mixin.py:188} INFO - [2025-10-10T14:20:43.350+0000] {dag.py:3834} INFO - Setting next_dagrun for extract_open_meteo_v2 to 2025-10-08 22:00:00+00:00, run_after=2025-10-09 22:00:00+00:00
[2025-10-10T14:20:43.406+0000] {processor.py:183} INFO - Processing /opt/airflow/dags/Airflow/dags/extract_open_meteo_dag.py took 0.187 seconds
[2025-10-10T14:21:13.907+0000] {processor.py:161} INFO - Started process (PID=494) to work on /opt/airflow/dags/Airflow/dags/extract_open_meteo_dag.py
[2025-10-10T14:21:13.908+0000] {processor.py:830} INFO - Processing file /opt/airflow/dags/Airflow/dags/extract_open_meteo_dag.py for tasks to queue
[2025-10-10T14:21:13.910+0000] {logging_mixin.py:188} INFO - [2025-10-10T14:21:13.909+0000] {dagbag.py:540} INFO - Filling up the DagBag from /opt/airflow/dags/Airflow/dags/extract_open_meteo_dag.py
[2025-10-10T14:21:13.937+0000] {processor.py:840} INFO - DAG(s) 'extract_open_meteo_v2' retrieved from /opt/airflow/dags/Airflow/dags/extract_open_meteo_dag.py
[2025-10-10T14:21:14.011+0000] {logging_mixin.py:188} INFO - [2025-10-10T14:21:14.010+0000] {dag.py:3047} INFO - Sync 1 DAGs
[2025-10-10T14:21:14.164+0000] {logging_mixin.py:188} INFO - [2025-10-10T14:21:14.164+0000] {dag.py:3834} INFO - Setting next_dagrun for extract_open_meteo_v2 to 2025-10-08 22:00:00+00:00, run_after=2025-10-09 22:00:00+00:00
[2025-10-10T14:21:14.310+0000] {processor.py:183} INFO - Processing /opt/airflow/dags/Airflow/dags/extract_open_meteo_dag.py took 0.406 seconds
[2025-10-10T14:21:44.880+0000] {processor.py:161} INFO - Started process (PID=504) to work on /opt/airflow/dags/Airflow/dags/extract_open_meteo_dag.py
[2025-10-10T14:21:44.881+0000] {processor.py:830} INFO - Processing file /opt/airflow/dags/Airflow/dags/extract_open_meteo_dag.py for tasks to queue
[2025-10-10T14:21:44.883+0000] {logging_mixin.py:188} INFO - [2025-10-10T14:21:44.882+0000] {dagbag.py:540} INFO - Filling up the DagBag from /opt/airflow/dags/Airflow/dags/extract_open_meteo_dag.py
[2025-10-10T14:21:44.908+0000] {processor.py:840} INFO - DAG(s) 'extract_open_meteo_v2' retrieved from /opt/airflow/dags/Airflow/dags/extract_open_meteo_dag.py
[2025-10-10T14:21:44.962+0000] {logging_mixin.py:188} INFO - [2025-10-10T14:21:44.962+0000] {dag.py:3047} INFO - Sync 1 DAGs
[2025-10-10T14:21:45.004+0000] {logging_mixin.py:188} INFO - [2025-10-10T14:21:45.003+0000] {dag.py:3834} INFO - Setting next_dagrun for extract_open_meteo_v2 to 2025-10-08 22:00:00+00:00, run_after=2025-10-09 22:00:00+00:00
[2025-10-10T14:21:45.059+0000] {processor.py:183} INFO - Processing /opt/airflow/dags/Airflow/dags/extract_open_meteo_dag.py took 0.182 seconds
[2025-10-10T14:22:15.661+0000] {processor.py:161} INFO - Started process (PID=514) to work on /opt/airflow/dags/Airflow/dags/extract_open_meteo_dag.py
[2025-10-10T14:22:15.663+0000] {processor.py:830} INFO - Processing file /opt/airflow/dags/Airflow/dags/extract_open_meteo_dag.py for tasks to queue
[2025-10-10T14:22:15.664+0000] {logging_mixin.py:188} INFO - [2025-10-10T14:22:15.664+0000] {dagbag.py:540} INFO - Filling up the DagBag from /opt/airflow/dags/Airflow/dags/extract_open_meteo_dag.py
[2025-10-10T14:22:15.691+0000] {processor.py:840} INFO - DAG(s) 'extract_open_meteo_v2' retrieved from /opt/airflow/dags/Airflow/dags/extract_open_meteo_dag.py
[2025-10-10T14:22:15.748+0000] {logging_mixin.py:188} INFO - [2025-10-10T14:22:15.748+0000] {dag.py:3047} INFO - Sync 1 DAGs
[2025-10-10T14:22:15.789+0000] {logging_mixin.py:188} INFO - [2025-10-10T14:22:15.789+0000] {dag.py:3834} INFO - Setting next_dagrun for extract_open_meteo_v2 to 2025-10-08 22:00:00+00:00, run_after=2025-10-09 22:00:00+00:00
[2025-10-10T14:22:15.841+0000] {processor.py:183} INFO - Processing /opt/airflow/dags/Airflow/dags/extract_open_meteo_dag.py took 0.182 seconds
[2025-10-10T14:22:46.391+0000] {processor.py:161} INFO - Started process (PID=524) to work on /opt/airflow/dags/Airflow/dags/extract_open_meteo_dag.py
[2025-10-10T14:22:46.393+0000] {processor.py:830} INFO - Processing file /opt/airflow/dags/Airflow/dags/extract_open_meteo_dag.py for tasks to queue
[2025-10-10T14:22:46.394+0000] {logging_mixin.py:188} INFO - [2025-10-10T14:22:46.394+0000] {dagbag.py:540} INFO - Filling up the DagBag from /opt/airflow/dags/Airflow/dags/extract_open_meteo_dag.py
[2025-10-10T14:22:46.423+0000] {processor.py:840} INFO - DAG(s) 'extract_open_meteo_v2' retrieved from /opt/airflow/dags/Airflow/dags/extract_open_meteo_dag.py
[2025-10-10T14:22:46.484+0000] {logging_mixin.py:188} INFO - [2025-10-10T14:22:46.484+0000] {dag.py:3047} INFO - Sync 1 DAGs
[2025-10-10T14:22:46.525+0000] {logging_mixin.py:188} INFO - [2025-10-10T14:22:46.525+0000] {dag.py:3834} INFO - Setting next_dagrun for extract_open_meteo_v2 to 2025-10-08 22:00:00+00:00, run_after=2025-10-09 22:00:00+00:00
[2025-10-10T14:22:46.580+0000] {processor.py:183} INFO - Processing /opt/airflow/dags/Airflow/dags/extract_open_meteo_dag.py took 0.191 seconds
[2025-10-10T14:37:19.677+0000] {processor.py:161} INFO - Started process (PID=536) to work on /opt/airflow/dags/Airflow/dags/extract_open_meteo_dag.py
[2025-10-10T14:37:19.681+0000] {processor.py:830} INFO - Processing file /opt/airflow/dags/Airflow/dags/extract_open_meteo_dag.py for tasks to queue
[2025-10-10T14:37:19.688+0000] {logging_mixin.py:188} INFO - [2025-10-10T14:37:19.686+0000] {dagbag.py:540} INFO - Filling up the DagBag from /opt/airflow/dags/Airflow/dags/extract_open_meteo_dag.py
[2025-10-10T14:37:19.815+0000] {processor.py:840} INFO - DAG(s) 'extract_open_meteo_v2' retrieved from /opt/airflow/dags/Airflow/dags/extract_open_meteo_dag.py
[2025-10-10T14:37:20.098+0000] {logging_mixin.py:188} INFO - [2025-10-10T14:37:20.097+0000] {dag.py:3047} INFO - Sync 1 DAGs
[2025-10-10T14:37:20.284+0000] {logging_mixin.py:188} INFO - [2025-10-10T14:37:20.283+0000] {dag.py:3834} INFO - Setting next_dagrun for extract_open_meteo_v2 to 2025-10-08 22:00:00+00:00, run_after=2025-10-09 22:00:00+00:00
[2025-10-10T14:37:20.544+0000] {processor.py:183} INFO - Processing /opt/airflow/dags/Airflow/dags/extract_open_meteo_dag.py took 0.927 seconds
[2025-10-10T14:37:51.213+0000] {processor.py:161} INFO - Started process (PID=546) to work on /opt/airflow/dags/Airflow/dags/extract_open_meteo_dag.py
[2025-10-10T14:37:51.215+0000] {processor.py:830} INFO - Processing file /opt/airflow/dags/Airflow/dags/extract_open_meteo_dag.py for tasks to queue
[2025-10-10T14:37:51.216+0000] {logging_mixin.py:188} INFO - [2025-10-10T14:37:51.216+0000] {dagbag.py:540} INFO - Filling up the DagBag from /opt/airflow/dags/Airflow/dags/extract_open_meteo_dag.py
[2025-10-10T14:37:51.242+0000] {processor.py:840} INFO - DAG(s) 'extract_open_meteo_v2' retrieved from /opt/airflow/dags/Airflow/dags/extract_open_meteo_dag.py
[2025-10-10T14:37:51.306+0000] {logging_mixin.py:188} INFO - [2025-10-10T14:37:51.305+0000] {dag.py:3047} INFO - Sync 1 DAGs
[2025-10-10T14:37:51.349+0000] {logging_mixin.py:188} INFO - [2025-10-10T14:37:51.349+0000] {dag.py:3834} INFO - Setting next_dagrun for extract_open_meteo_v2 to 2025-10-08 22:00:00+00:00, run_after=2025-10-09 22:00:00+00:00
[2025-10-10T14:37:51.810+0000] {processor.py:183} INFO - Processing /opt/airflow/dags/Airflow/dags/extract_open_meteo_dag.py took 0.602 seconds
[2025-10-10T14:38:22.044+0000] {processor.py:161} INFO - Started process (PID=556) to work on /opt/airflow/dags/Airflow/dags/extract_open_meteo_dag.py
[2025-10-10T14:38:22.045+0000] {processor.py:830} INFO - Processing file /opt/airflow/dags/Airflow/dags/extract_open_meteo_dag.py for tasks to queue
[2025-10-10T14:38:22.047+0000] {logging_mixin.py:188} INFO - [2025-10-10T14:38:22.046+0000] {dagbag.py:540} INFO - Filling up the DagBag from /opt/airflow/dags/Airflow/dags/extract_open_meteo_dag.py
[2025-10-10T14:38:22.073+0000] {processor.py:840} INFO - DAG(s) 'extract_open_meteo_v2' retrieved from /opt/airflow/dags/Airflow/dags/extract_open_meteo_dag.py
[2025-10-10T14:38:22.131+0000] {logging_mixin.py:188} INFO - [2025-10-10T14:38:22.131+0000] {dag.py:3047} INFO - Sync 1 DAGs
[2025-10-10T14:38:22.168+0000] {logging_mixin.py:188} INFO - [2025-10-10T14:38:22.167+0000] {dag.py:3834} INFO - Setting next_dagrun for extract_open_meteo_v2 to 2025-10-08 22:00:00+00:00, run_after=2025-10-09 22:00:00+00:00
[2025-10-10T14:38:22.243+0000] {processor.py:183} INFO - Processing /opt/airflow/dags/Airflow/dags/extract_open_meteo_dag.py took 0.202 seconds
[2025-10-10T14:38:52.895+0000] {processor.py:161} INFO - Started process (PID=566) to work on /opt/airflow/dags/Airflow/dags/extract_open_meteo_dag.py
[2025-10-10T14:38:52.897+0000] {processor.py:830} INFO - Processing file /opt/airflow/dags/Airflow/dags/extract_open_meteo_dag.py for tasks to queue
[2025-10-10T14:38:52.899+0000] {logging_mixin.py:188} INFO - [2025-10-10T14:38:52.898+0000] {dagbag.py:540} INFO - Filling up the DagBag from /opt/airflow/dags/Airflow/dags/extract_open_meteo_dag.py
[2025-10-10T14:38:52.926+0000] {processor.py:840} INFO - DAG(s) 'extract_open_meteo_v2' retrieved from /opt/airflow/dags/Airflow/dags/extract_open_meteo_dag.py
[2025-10-10T14:38:52.987+0000] {logging_mixin.py:188} INFO - [2025-10-10T14:38:52.986+0000] {dag.py:3047} INFO - Sync 1 DAGs
[2025-10-10T14:38:53.030+0000] {logging_mixin.py:188} INFO - [2025-10-10T14:38:53.030+0000] {dag.py:3834} INFO - Setting next_dagrun for extract_open_meteo_v2 to 2025-10-08 22:00:00+00:00, run_after=2025-10-09 22:00:00+00:00
[2025-10-10T14:38:53.089+0000] {processor.py:183} INFO - Processing /opt/airflow/dags/Airflow/dags/extract_open_meteo_dag.py took 0.197 seconds
[2025-10-10T14:39:23.601+0000] {processor.py:161} INFO - Started process (PID=576) to work on /opt/airflow/dags/Airflow/dags/extract_open_meteo_dag.py
[2025-10-10T14:39:23.602+0000] {processor.py:830} INFO - Processing file /opt/airflow/dags/Airflow/dags/extract_open_meteo_dag.py for tasks to queue
[2025-10-10T14:39:23.604+0000] {logging_mixin.py:188} INFO - [2025-10-10T14:39:23.604+0000] {dagbag.py:540} INFO - Filling up the DagBag from /opt/airflow/dags/Airflow/dags/extract_open_meteo_dag.py
[2025-10-10T14:39:23.634+0000] {processor.py:840} INFO - DAG(s) 'extract_open_meteo_v2' retrieved from /opt/airflow/dags/Airflow/dags/extract_open_meteo_dag.py
[2025-10-10T14:39:23.682+0000] {logging_mixin.py:188} INFO - [2025-10-10T14:39:23.682+0000] {dag.py:3047} INFO - Sync 1 DAGs
[2025-10-10T14:39:23.729+0000] {logging_mixin.py:188} INFO - [2025-10-10T14:39:23.729+0000] {dag.py:3834} INFO - Setting next_dagrun for extract_open_meteo_v2 to 2025-10-08 22:00:00+00:00, run_after=2025-10-09 22:00:00+00:00
[2025-10-10T14:39:23.785+0000] {processor.py:183} INFO - Processing /opt/airflow/dags/Airflow/dags/extract_open_meteo_dag.py took 0.188 seconds
[2025-10-10T14:39:54.250+0000] {processor.py:161} INFO - Started process (PID=586) to work on /opt/airflow/dags/Airflow/dags/extract_open_meteo_dag.py
[2025-10-10T14:39:54.251+0000] {processor.py:830} INFO - Processing file /opt/airflow/dags/Airflow/dags/extract_open_meteo_dag.py for tasks to queue
[2025-10-10T14:39:54.252+0000] {logging_mixin.py:188} INFO - [2025-10-10T14:39:54.252+0000] {dagbag.py:540} INFO - Filling up the DagBag from /opt/airflow/dags/Airflow/dags/extract_open_meteo_dag.py
[2025-10-10T14:39:54.281+0000] {processor.py:840} INFO - DAG(s) 'extract_open_meteo_v2' retrieved from /opt/airflow/dags/Airflow/dags/extract_open_meteo_dag.py
[2025-10-10T14:39:54.754+0000] {logging_mixin.py:188} INFO - [2025-10-10T14:39:54.754+0000] {dag.py:3047} INFO - Sync 1 DAGs
[2025-10-10T14:39:54.795+0000] {logging_mixin.py:188} INFO - [2025-10-10T14:39:54.795+0000] {dag.py:3834} INFO - Setting next_dagrun for extract_open_meteo_v2 to 2025-10-08 22:00:00+00:00, run_after=2025-10-09 22:00:00+00:00
[2025-10-10T14:39:54.898+0000] {processor.py:183} INFO - Processing /opt/airflow/dags/Airflow/dags/extract_open_meteo_dag.py took 0.652 seconds
[2025-10-10T14:40:25.349+0000] {processor.py:161} INFO - Started process (PID=596) to work on /opt/airflow/dags/Airflow/dags/extract_open_meteo_dag.py
[2025-10-10T14:40:25.350+0000] {processor.py:830} INFO - Processing file /opt/airflow/dags/Airflow/dags/extract_open_meteo_dag.py for tasks to queue
[2025-10-10T14:40:25.351+0000] {logging_mixin.py:188} INFO - [2025-10-10T14:40:25.351+0000] {dagbag.py:540} INFO - Filling up the DagBag from /opt/airflow/dags/Airflow/dags/extract_open_meteo_dag.py
[2025-10-10T14:40:25.380+0000] {processor.py:840} INFO - DAG(s) 'extract_open_meteo_v2' retrieved from /opt/airflow/dags/Airflow/dags/extract_open_meteo_dag.py
[2025-10-10T14:40:25.438+0000] {logging_mixin.py:188} INFO - [2025-10-10T14:40:25.437+0000] {dag.py:3047} INFO - Sync 1 DAGs
[2025-10-10T14:40:25.480+0000] {logging_mixin.py:188} INFO - [2025-10-10T14:40:25.480+0000] {dag.py:3834} INFO - Setting next_dagrun for extract_open_meteo_v2 to 2025-10-08 22:00:00+00:00, run_after=2025-10-09 22:00:00+00:00
[2025-10-10T14:40:25.532+0000] {processor.py:183} INFO - Processing /opt/airflow/dags/Airflow/dags/extract_open_meteo_dag.py took 0.186 seconds
[2025-10-10T14:40:56.171+0000] {processor.py:161} INFO - Started process (PID=606) to work on /opt/airflow/dags/Airflow/dags/extract_open_meteo_dag.py
[2025-10-10T14:40:56.173+0000] {processor.py:830} INFO - Processing file /opt/airflow/dags/Airflow/dags/extract_open_meteo_dag.py for tasks to queue
[2025-10-10T14:40:56.175+0000] {logging_mixin.py:188} INFO - [2025-10-10T14:40:56.174+0000] {dagbag.py:540} INFO - Filling up the DagBag from /opt/airflow/dags/Airflow/dags/extract_open_meteo_dag.py
[2025-10-10T14:40:56.203+0000] {processor.py:840} INFO - DAG(s) 'extract_open_meteo_v2' retrieved from /opt/airflow/dags/Airflow/dags/extract_open_meteo_dag.py
[2025-10-10T14:40:56.264+0000] {logging_mixin.py:188} INFO - [2025-10-10T14:40:56.264+0000] {dag.py:3047} INFO - Sync 1 DAGs
[2025-10-10T14:40:56.310+0000] {logging_mixin.py:188} INFO - [2025-10-10T14:40:56.309+0000] {dag.py:3834} INFO - Setting next_dagrun for extract_open_meteo_v2 to 2025-10-08 22:00:00+00:00, run_after=2025-10-09 22:00:00+00:00
[2025-10-10T14:40:56.365+0000] {processor.py:183} INFO - Processing /opt/airflow/dags/Airflow/dags/extract_open_meteo_dag.py took 0.198 seconds
[2025-10-10T14:41:27.076+0000] {processor.py:161} INFO - Started process (PID=616) to work on /opt/airflow/dags/Airflow/dags/extract_open_meteo_dag.py
[2025-10-10T14:41:27.078+0000] {processor.py:830} INFO - Processing file /opt/airflow/dags/Airflow/dags/extract_open_meteo_dag.py for tasks to queue
[2025-10-10T14:41:27.079+0000] {logging_mixin.py:188} INFO - [2025-10-10T14:41:27.079+0000] {dagbag.py:540} INFO - Filling up the DagBag from /opt/airflow/dags/Airflow/dags/extract_open_meteo_dag.py
[2025-10-10T14:41:27.111+0000] {processor.py:840} INFO - DAG(s) 'extract_open_meteo_v2' retrieved from /opt/airflow/dags/Airflow/dags/extract_open_meteo_dag.py
[2025-10-10T14:41:27.195+0000] {logging_mixin.py:188} INFO - [2025-10-10T14:41:27.195+0000] {dag.py:3047} INFO - Sync 1 DAGs
[2025-10-10T14:41:27.238+0000] {logging_mixin.py:188} INFO - [2025-10-10T14:41:27.238+0000] {dag.py:3834} INFO - Setting next_dagrun for extract_open_meteo_v2 to 2025-10-08 22:00:00+00:00, run_after=2025-10-09 22:00:00+00:00
[2025-10-10T14:41:27.288+0000] {processor.py:183} INFO - Processing /opt/airflow/dags/Airflow/dags/extract_open_meteo_dag.py took 0.215 seconds
[2025-10-10T14:41:57.927+0000] {processor.py:161} INFO - Started process (PID=626) to work on /opt/airflow/dags/Airflow/dags/extract_open_meteo_dag.py
[2025-10-10T14:41:57.929+0000] {processor.py:830} INFO - Processing file /opt/airflow/dags/Airflow/dags/extract_open_meteo_dag.py for tasks to queue
[2025-10-10T14:41:57.932+0000] {logging_mixin.py:188} INFO - [2025-10-10T14:41:57.931+0000] {dagbag.py:540} INFO - Filling up the DagBag from /opt/airflow/dags/Airflow/dags/extract_open_meteo_dag.py
[2025-10-10T14:41:57.968+0000] {processor.py:840} INFO - DAG(s) 'extract_open_meteo_v2' retrieved from /opt/airflow/dags/Airflow/dags/extract_open_meteo_dag.py
[2025-10-10T14:41:58.059+0000] {logging_mixin.py:188} INFO - [2025-10-10T14:41:58.058+0000] {dag.py:3047} INFO - Sync 1 DAGs
[2025-10-10T14:41:58.132+0000] {logging_mixin.py:188} INFO - [2025-10-10T14:41:58.131+0000] {dag.py:3834} INFO - Setting next_dagrun for extract_open_meteo_v2 to 2025-10-08 22:00:00+00:00, run_after=2025-10-09 22:00:00+00:00
[2025-10-10T14:41:58.209+0000] {processor.py:183} INFO - Processing /opt/airflow/dags/Airflow/dags/extract_open_meteo_dag.py took 0.286 seconds
[2025-10-10T14:42:28.458+0000] {processor.py:161} INFO - Started process (PID=672) to work on /opt/airflow/dags/Airflow/dags/extract_open_meteo_dag.py
[2025-10-10T14:42:28.533+0000] {processor.py:830} INFO - Processing file /opt/airflow/dags/Airflow/dags/extract_open_meteo_dag.py for tasks to queue
[2025-10-10T14:42:28.536+0000] {logging_mixin.py:188} INFO - [2025-10-10T14:42:28.535+0000] {dagbag.py:540} INFO - Filling up the DagBag from /opt/airflow/dags/Airflow/dags/extract_open_meteo_dag.py
[2025-10-10T14:42:28.866+0000] {processor.py:840} INFO - DAG(s) 'extract_open_meteo_v2' retrieved from /opt/airflow/dags/Airflow/dags/extract_open_meteo_dag.py
[2025-10-10T14:42:29.131+0000] {logging_mixin.py:188} INFO - [2025-10-10T14:42:29.131+0000] {dag.py:3047} INFO - Sync 1 DAGs
[2025-10-10T14:42:29.266+0000] {logging_mixin.py:188} INFO - [2025-10-10T14:42:29.266+0000] {dag.py:3834} INFO - Setting next_dagrun for extract_open_meteo_v2 to 2025-10-08 22:00:00+00:00, run_after=2025-10-09 22:00:00+00:00
[2025-10-10T14:42:29.510+0000] {processor.py:183} INFO - Processing /opt/airflow/dags/Airflow/dags/extract_open_meteo_dag.py took 1.058 seconds
[2025-10-10T14:43:00.268+0000] {processor.py:161} INFO - Started process (PID=684) to work on /opt/airflow/dags/Airflow/dags/extract_open_meteo_dag.py
[2025-10-10T14:43:00.270+0000] {processor.py:830} INFO - Processing file /opt/airflow/dags/Airflow/dags/extract_open_meteo_dag.py for tasks to queue
[2025-10-10T14:43:00.272+0000] {logging_mixin.py:188} INFO - [2025-10-10T14:43:00.271+0000] {dagbag.py:540} INFO - Filling up the DagBag from /opt/airflow/dags/Airflow/dags/extract_open_meteo_dag.py
[2025-10-10T14:43:00.305+0000] {processor.py:840} INFO - DAG(s) 'extract_open_meteo_v2' retrieved from /opt/airflow/dags/Airflow/dags/extract_open_meteo_dag.py
[2025-10-10T14:43:00.384+0000] {logging_mixin.py:188} INFO - [2025-10-10T14:43:00.383+0000] {dag.py:3047} INFO - Sync 1 DAGs
[2025-10-10T14:43:00.450+0000] {logging_mixin.py:188} INFO - [2025-10-10T14:43:00.449+0000] {dag.py:3834} INFO - Setting next_dagrun for extract_open_meteo_v2 to 2025-10-08 22:00:00+00:00, run_after=2025-10-09 22:00:00+00:00
[2025-10-10T14:43:00.547+0000] {processor.py:183} INFO - Processing /opt/airflow/dags/Airflow/dags/extract_open_meteo_dag.py took 0.284 seconds
[2025-10-10T14:43:31.229+0000] {processor.py:161} INFO - Started process (PID=694) to work on /opt/airflow/dags/Airflow/dags/extract_open_meteo_dag.py
[2025-10-10T14:43:31.231+0000] {processor.py:830} INFO - Processing file /opt/airflow/dags/Airflow/dags/extract_open_meteo_dag.py for tasks to queue
[2025-10-10T14:43:31.233+0000] {logging_mixin.py:188} INFO - [2025-10-10T14:43:31.232+0000] {dagbag.py:540} INFO - Filling up the DagBag from /opt/airflow/dags/Airflow/dags/extract_open_meteo_dag.py
[2025-10-10T14:43:31.262+0000] {processor.py:840} INFO - DAG(s) 'extract_open_meteo_v2' retrieved from /opt/airflow/dags/Airflow/dags/extract_open_meteo_dag.py
[2025-10-10T14:43:31.323+0000] {logging_mixin.py:188} INFO - [2025-10-10T14:43:31.323+0000] {dag.py:3047} INFO - Sync 1 DAGs
[2025-10-10T14:43:31.367+0000] {logging_mixin.py:188} INFO - [2025-10-10T14:43:31.367+0000] {dag.py:3834} INFO - Setting next_dagrun for extract_open_meteo_v2 to 2025-10-08 22:00:00+00:00, run_after=2025-10-09 22:00:00+00:00
[2025-10-10T14:43:31.426+0000] {processor.py:183} INFO - Processing /opt/airflow/dags/Airflow/dags/extract_open_meteo_dag.py took 0.201 seconds
[2025-10-10T14:44:01.905+0000] {processor.py:161} INFO - Started process (PID=704) to work on /opt/airflow/dags/Airflow/dags/extract_open_meteo_dag.py
[2025-10-10T14:44:01.907+0000] {processor.py:830} INFO - Processing file /opt/airflow/dags/Airflow/dags/extract_open_meteo_dag.py for tasks to queue
[2025-10-10T14:44:01.909+0000] {logging_mixin.py:188} INFO - [2025-10-10T14:44:01.909+0000] {dagbag.py:540} INFO - Filling up the DagBag from /opt/airflow/dags/Airflow/dags/extract_open_meteo_dag.py
[2025-10-10T14:44:01.950+0000] {processor.py:840} INFO - DAG(s) 'extract_open_meteo_v2' retrieved from /opt/airflow/dags/Airflow/dags/extract_open_meteo_dag.py
[2025-10-10T14:44:02.060+0000] {logging_mixin.py:188} INFO - [2025-10-10T14:44:02.060+0000] {dag.py:3047} INFO - Sync 1 DAGs
[2025-10-10T14:44:02.112+0000] {logging_mixin.py:188} INFO - [2025-10-10T14:44:02.111+0000] {dag.py:3834} INFO - Setting next_dagrun for extract_open_meteo_v2 to 2025-10-08 22:00:00+00:00, run_after=2025-10-09 22:00:00+00:00
[2025-10-10T14:44:02.175+0000] {processor.py:183} INFO - Processing /opt/airflow/dags/Airflow/dags/extract_open_meteo_dag.py took 0.274 seconds
[2025-10-10T14:44:32.718+0000] {processor.py:161} INFO - Started process (PID=714) to work on /opt/airflow/dags/Airflow/dags/extract_open_meteo_dag.py
[2025-10-10T14:44:32.720+0000] {processor.py:830} INFO - Processing file /opt/airflow/dags/Airflow/dags/extract_open_meteo_dag.py for tasks to queue
[2025-10-10T14:44:32.721+0000] {logging_mixin.py:188} INFO - [2025-10-10T14:44:32.720+0000] {dagbag.py:540} INFO - Filling up the DagBag from /opt/airflow/dags/Airflow/dags/extract_open_meteo_dag.py
[2025-10-10T14:44:32.749+0000] {processor.py:840} INFO - DAG(s) 'extract_open_meteo_v2' retrieved from /opt/airflow/dags/Airflow/dags/extract_open_meteo_dag.py
[2025-10-10T14:44:32.810+0000] {logging_mixin.py:188} INFO - [2025-10-10T14:44:32.809+0000] {dag.py:3047} INFO - Sync 1 DAGs
[2025-10-10T14:44:32.854+0000] {logging_mixin.py:188} INFO - [2025-10-10T14:44:32.854+0000] {dag.py:3834} INFO - Setting next_dagrun for extract_open_meteo_v2 to 2025-10-08 22:00:00+00:00, run_after=2025-10-09 22:00:00+00:00
[2025-10-10T14:44:32.920+0000] {processor.py:183} INFO - Processing /opt/airflow/dags/Airflow/dags/extract_open_meteo_dag.py took 0.204 seconds
[2025-10-10T14:45:03.461+0000] {processor.py:161} INFO - Started process (PID=724) to work on /opt/airflow/dags/Airflow/dags/extract_open_meteo_dag.py
[2025-10-10T14:45:03.463+0000] {processor.py:830} INFO - Processing file /opt/airflow/dags/Airflow/dags/extract_open_meteo_dag.py for tasks to queue
[2025-10-10T14:45:03.464+0000] {logging_mixin.py:188} INFO - [2025-10-10T14:45:03.464+0000] {dagbag.py:540} INFO - Filling up the DagBag from /opt/airflow/dags/Airflow/dags/extract_open_meteo_dag.py
[2025-10-10T14:45:03.491+0000] {processor.py:840} INFO - DAG(s) 'extract_open_meteo_v2' retrieved from /opt/airflow/dags/Airflow/dags/extract_open_meteo_dag.py
[2025-10-10T14:45:03.552+0000] {logging_mixin.py:188} INFO - [2025-10-10T14:45:03.552+0000] {dag.py:3047} INFO - Sync 1 DAGs
[2025-10-10T14:45:03.595+0000] {logging_mixin.py:188} INFO - [2025-10-10T14:45:03.595+0000] {dag.py:3834} INFO - Setting next_dagrun for extract_open_meteo_v2 to 2025-10-08 22:00:00+00:00, run_after=2025-10-09 22:00:00+00:00
[2025-10-10T14:45:03.662+0000] {processor.py:183} INFO - Processing /opt/airflow/dags/Airflow/dags/extract_open_meteo_dag.py took 0.204 seconds
[2025-10-10T14:45:34.206+0000] {processor.py:161} INFO - Started process (PID=734) to work on /opt/airflow/dags/Airflow/dags/extract_open_meteo_dag.py
[2025-10-10T14:45:34.207+0000] {processor.py:830} INFO - Processing file /opt/airflow/dags/Airflow/dags/extract_open_meteo_dag.py for tasks to queue
[2025-10-10T14:45:34.208+0000] {logging_mixin.py:188} INFO - [2025-10-10T14:45:34.208+0000] {dagbag.py:540} INFO - Filling up the DagBag from /opt/airflow/dags/Airflow/dags/extract_open_meteo_dag.py
[2025-10-10T14:45:34.233+0000] {processor.py:840} INFO - DAG(s) 'extract_open_meteo_v2' retrieved from /opt/airflow/dags/Airflow/dags/extract_open_meteo_dag.py
[2025-10-10T14:45:34.295+0000] {logging_mixin.py:188} INFO - [2025-10-10T14:45:34.294+0000] {dag.py:3047} INFO - Sync 1 DAGs
[2025-10-10T14:45:34.336+0000] {logging_mixin.py:188} INFO - [2025-10-10T14:45:34.336+0000] {dag.py:3834} INFO - Setting next_dagrun for extract_open_meteo_v2 to 2025-10-08 22:00:00+00:00, run_after=2025-10-09 22:00:00+00:00
[2025-10-10T14:45:34.394+0000] {processor.py:183} INFO - Processing /opt/airflow/dags/Airflow/dags/extract_open_meteo_dag.py took 0.191 seconds
[2025-10-10T14:46:04.939+0000] {processor.py:161} INFO - Started process (PID=744) to work on /opt/airflow/dags/Airflow/dags/extract_open_meteo_dag.py
[2025-10-10T14:46:04.941+0000] {processor.py:830} INFO - Processing file /opt/airflow/dags/Airflow/dags/extract_open_meteo_dag.py for tasks to queue
[2025-10-10T14:46:04.943+0000] {logging_mixin.py:188} INFO - [2025-10-10T14:46:04.942+0000] {dagbag.py:540} INFO - Filling up the DagBag from /opt/airflow/dags/Airflow/dags/extract_open_meteo_dag.py
[2025-10-10T14:46:04.976+0000] {processor.py:840} INFO - DAG(s) 'extract_open_meteo_v2' retrieved from /opt/airflow/dags/Airflow/dags/extract_open_meteo_dag.py
[2025-10-10T14:46:05.038+0000] {logging_mixin.py:188} INFO - [2025-10-10T14:46:05.038+0000] {dag.py:3047} INFO - Sync 1 DAGs
[2025-10-10T14:46:05.086+0000] {logging_mixin.py:188} INFO - [2025-10-10T14:46:05.086+0000] {dag.py:3834} INFO - Setting next_dagrun for extract_open_meteo_v2 to 2025-10-08 22:00:00+00:00, run_after=2025-10-09 22:00:00+00:00
[2025-10-10T14:46:05.148+0000] {processor.py:183} INFO - Processing /opt/airflow/dags/Airflow/dags/extract_open_meteo_dag.py took 0.212 seconds
[2025-10-10T14:46:35.751+0000] {processor.py:161} INFO - Started process (PID=754) to work on /opt/airflow/dags/Airflow/dags/extract_open_meteo_dag.py
[2025-10-10T14:46:35.753+0000] {processor.py:830} INFO - Processing file /opt/airflow/dags/Airflow/dags/extract_open_meteo_dag.py for tasks to queue
[2025-10-10T14:46:35.754+0000] {logging_mixin.py:188} INFO - [2025-10-10T14:46:35.754+0000] {dagbag.py:540} INFO - Filling up the DagBag from /opt/airflow/dags/Airflow/dags/extract_open_meteo_dag.py
[2025-10-10T14:46:35.784+0000] {processor.py:840} INFO - DAG(s) 'extract_open_meteo_v2' retrieved from /opt/airflow/dags/Airflow/dags/extract_open_meteo_dag.py
[2025-10-10T14:46:35.844+0000] {logging_mixin.py:188} INFO - [2025-10-10T14:46:35.844+0000] {dag.py:3047} INFO - Sync 1 DAGs
[2025-10-10T14:46:35.892+0000] {logging_mixin.py:188} INFO - [2025-10-10T14:46:35.892+0000] {dag.py:3834} INFO - Setting next_dagrun for extract_open_meteo_v2 to 2025-10-08 22:00:00+00:00, run_after=2025-10-09 22:00:00+00:00
[2025-10-10T14:46:35.978+0000] {processor.py:183} INFO - Processing /opt/airflow/dags/Airflow/dags/extract_open_meteo_dag.py took 0.231 seconds
[2025-10-10T14:47:06.703+0000] {processor.py:161} INFO - Started process (PID=764) to work on /opt/airflow/dags/Airflow/dags/extract_open_meteo_dag.py
[2025-10-10T14:47:06.706+0000] {processor.py:830} INFO - Processing file /opt/airflow/dags/Airflow/dags/extract_open_meteo_dag.py for tasks to queue
[2025-10-10T14:47:06.709+0000] {logging_mixin.py:188} INFO - [2025-10-10T14:47:06.708+0000] {dagbag.py:540} INFO - Filling up the DagBag from /opt/airflow/dags/Airflow/dags/extract_open_meteo_dag.py
[2025-10-10T14:47:06.771+0000] {processor.py:840} INFO - DAG(s) 'extract_open_meteo_v2' retrieved from /opt/airflow/dags/Airflow/dags/extract_open_meteo_dag.py
[2025-10-10T14:47:06.921+0000] {logging_mixin.py:188} INFO - [2025-10-10T14:47:06.920+0000] {dag.py:3047} INFO - Sync 1 DAGs
[2025-10-10T14:47:06.969+0000] {logging_mixin.py:188} INFO - [2025-10-10T14:47:06.969+0000] {dag.py:3834} INFO - Setting next_dagrun for extract_open_meteo_v2 to 2025-10-08 22:00:00+00:00, run_after=2025-10-09 22:00:00+00:00
[2025-10-10T14:47:07.025+0000] {processor.py:183} INFO - Processing /opt/airflow/dags/Airflow/dags/extract_open_meteo_dag.py took 0.330 seconds
[2025-10-10T14:47:37.812+0000] {processor.py:161} INFO - Started process (PID=774) to work on /opt/airflow/dags/Airflow/dags/extract_open_meteo_dag.py
[2025-10-10T14:47:37.814+0000] {processor.py:830} INFO - Processing file /opt/airflow/dags/Airflow/dags/extract_open_meteo_dag.py for tasks to queue
[2025-10-10T14:47:37.816+0000] {logging_mixin.py:188} INFO - [2025-10-10T14:47:37.816+0000] {dagbag.py:540} INFO - Filling up the DagBag from /opt/airflow/dags/Airflow/dags/extract_open_meteo_dag.py
[2025-10-10T14:47:37.846+0000] {processor.py:840} INFO - DAG(s) 'extract_open_meteo_v2' retrieved from /opt/airflow/dags/Airflow/dags/extract_open_meteo_dag.py
[2025-10-10T14:47:37.926+0000] {logging_mixin.py:188} INFO - [2025-10-10T14:47:37.926+0000] {dag.py:3047} INFO - Sync 1 DAGs
[2025-10-10T14:47:37.965+0000] {logging_mixin.py:188} INFO - [2025-10-10T14:47:37.965+0000] {dag.py:3834} INFO - Setting next_dagrun for extract_open_meteo_v2 to 2025-10-08 22:00:00+00:00, run_after=2025-10-09 22:00:00+00:00
[2025-10-10T14:47:38.016+0000] {processor.py:183} INFO - Processing /opt/airflow/dags/Airflow/dags/extract_open_meteo_dag.py took 0.205 seconds
[2025-10-10T14:48:08.611+0000] {processor.py:161} INFO - Started process (PID=784) to work on /opt/airflow/dags/Airflow/dags/extract_open_meteo_dag.py
[2025-10-10T14:48:08.612+0000] {processor.py:830} INFO - Processing file /opt/airflow/dags/Airflow/dags/extract_open_meteo_dag.py for tasks to queue
[2025-10-10T14:48:08.614+0000] {logging_mixin.py:188} INFO - [2025-10-10T14:48:08.614+0000] {dagbag.py:540} INFO - Filling up the DagBag from /opt/airflow/dags/Airflow/dags/extract_open_meteo_dag.py
[2025-10-10T14:48:08.644+0000] {processor.py:840} INFO - DAG(s) 'extract_open_meteo_v2' retrieved from /opt/airflow/dags/Airflow/dags/extract_open_meteo_dag.py
[2025-10-10T14:48:08.702+0000] {logging_mixin.py:188} INFO - [2025-10-10T14:48:08.701+0000] {dag.py:3047} INFO - Sync 1 DAGs
[2025-10-10T14:48:08.748+0000] {logging_mixin.py:188} INFO - [2025-10-10T14:48:08.747+0000] {dag.py:3834} INFO - Setting next_dagrun for extract_open_meteo_v2 to 2025-10-08 22:00:00+00:00, run_after=2025-10-09 22:00:00+00:00
[2025-10-10T14:48:08.801+0000] {processor.py:183} INFO - Processing /opt/airflow/dags/Airflow/dags/extract_open_meteo_dag.py took 0.193 seconds
[2025-10-10T14:48:39.353+0000] {processor.py:161} INFO - Started process (PID=794) to work on /opt/airflow/dags/Airflow/dags/extract_open_meteo_dag.py
[2025-10-10T14:48:39.355+0000] {processor.py:830} INFO - Processing file /opt/airflow/dags/Airflow/dags/extract_open_meteo_dag.py for tasks to queue
[2025-10-10T14:48:39.357+0000] {logging_mixin.py:188} INFO - [2025-10-10T14:48:39.356+0000] {dagbag.py:540} INFO - Filling up the DagBag from /opt/airflow/dags/Airflow/dags/extract_open_meteo_dag.py
[2025-10-10T14:48:39.386+0000] {processor.py:840} INFO - DAG(s) 'extract_open_meteo_v2' retrieved from /opt/airflow/dags/Airflow/dags/extract_open_meteo_dag.py
[2025-10-10T14:48:39.454+0000] {logging_mixin.py:188} INFO - [2025-10-10T14:48:39.453+0000] {dag.py:3047} INFO - Sync 1 DAGs
[2025-10-10T14:48:39.502+0000] {logging_mixin.py:188} INFO - [2025-10-10T14:48:39.502+0000] {dag.py:3834} INFO - Setting next_dagrun for extract_open_meteo_v2 to 2025-10-08 22:00:00+00:00, run_after=2025-10-09 22:00:00+00:00
[2025-10-10T14:48:39.575+0000] {processor.py:183} INFO - Processing /opt/airflow/dags/Airflow/dags/extract_open_meteo_dag.py took 0.225 seconds
[2025-10-10T14:49:10.046+0000] {processor.py:161} INFO - Started process (PID=804) to work on /opt/airflow/dags/Airflow/dags/extract_open_meteo_dag.py
[2025-10-10T14:49:10.047+0000] {processor.py:830} INFO - Processing file /opt/airflow/dags/Airflow/dags/extract_open_meteo_dag.py for tasks to queue
[2025-10-10T14:49:10.049+0000] {logging_mixin.py:188} INFO - [2025-10-10T14:49:10.048+0000] {dagbag.py:540} INFO - Filling up the DagBag from /opt/airflow/dags/Airflow/dags/extract_open_meteo_dag.py
[2025-10-10T14:49:10.079+0000] {processor.py:840} INFO - DAG(s) 'extract_open_meteo_v2' retrieved from /opt/airflow/dags/Airflow/dags/extract_open_meteo_dag.py
[2025-10-10T14:49:10.142+0000] {logging_mixin.py:188} INFO - [2025-10-10T14:49:10.141+0000] {dag.py:3047} INFO - Sync 1 DAGs
[2025-10-10T14:49:10.181+0000] {logging_mixin.py:188} INFO - [2025-10-10T14:49:10.181+0000] {dag.py:3834} INFO - Setting next_dagrun for extract_open_meteo_v2 to 2025-10-08 22:00:00+00:00, run_after=2025-10-09 22:00:00+00:00
[2025-10-10T14:49:10.231+0000] {processor.py:183} INFO - Processing /opt/airflow/dags/Airflow/dags/extract_open_meteo_dag.py took 0.188 seconds
[2025-10-10T14:49:41.058+0000] {processor.py:161} INFO - Started process (PID=814) to work on /opt/airflow/dags/Airflow/dags/extract_open_meteo_dag.py
[2025-10-10T14:49:41.061+0000] {processor.py:830} INFO - Processing file /opt/airflow/dags/Airflow/dags/extract_open_meteo_dag.py for tasks to queue
[2025-10-10T14:49:41.063+0000] {logging_mixin.py:188} INFO - [2025-10-10T14:49:41.063+0000] {dagbag.py:540} INFO - Filling up the DagBag from /opt/airflow/dags/Airflow/dags/extract_open_meteo_dag.py
[2025-10-10T14:49:41.108+0000] {processor.py:840} INFO - DAG(s) 'extract_open_meteo_v2' retrieved from /opt/airflow/dags/Airflow/dags/extract_open_meteo_dag.py
[2025-10-10T14:49:41.209+0000] {logging_mixin.py:188} INFO - [2025-10-10T14:49:41.209+0000] {dag.py:3047} INFO - Sync 1 DAGs
[2025-10-10T14:49:41.312+0000] {logging_mixin.py:188} INFO - [2025-10-10T14:49:41.311+0000] {dag.py:3834} INFO - Setting next_dagrun for extract_open_meteo_v2 to 2025-10-08 22:00:00+00:00, run_after=2025-10-09 22:00:00+00:00
[2025-10-10T14:49:41.452+0000] {processor.py:183} INFO - Processing /opt/airflow/dags/Airflow/dags/extract_open_meteo_dag.py took 0.399 seconds
[2025-10-10T14:50:11.897+0000] {processor.py:161} INFO - Started process (PID=824) to work on /opt/airflow/dags/Airflow/dags/extract_open_meteo_dag.py
[2025-10-10T14:50:11.900+0000] {processor.py:830} INFO - Processing file /opt/airflow/dags/Airflow/dags/extract_open_meteo_dag.py for tasks to queue
[2025-10-10T14:50:11.903+0000] {logging_mixin.py:188} INFO - [2025-10-10T14:50:11.902+0000] {dagbag.py:540} INFO - Filling up the DagBag from /opt/airflow/dags/Airflow/dags/extract_open_meteo_dag.py
[2025-10-10T14:50:11.962+0000] {processor.py:840} INFO - DAG(s) 'extract_open_meteo_v2' retrieved from /opt/airflow/dags/Airflow/dags/extract_open_meteo_dag.py
[2025-10-10T14:50:12.099+0000] {logging_mixin.py:188} INFO - [2025-10-10T14:50:12.097+0000] {dag.py:3047} INFO - Sync 1 DAGs
[2025-10-10T14:50:12.188+0000] {logging_mixin.py:188} INFO - [2025-10-10T14:50:12.187+0000] {dag.py:3834} INFO - Setting next_dagrun for extract_open_meteo_v2 to 2025-10-08 22:00:00+00:00, run_after=2025-10-09 22:00:00+00:00
[2025-10-10T14:50:12.302+0000] {processor.py:183} INFO - Processing /opt/airflow/dags/Airflow/dags/extract_open_meteo_dag.py took 0.416 seconds
[2025-10-10T14:50:42.799+0000] {processor.py:161} INFO - Started process (PID=834) to work on /opt/airflow/dags/Airflow/dags/extract_open_meteo_dag.py
[2025-10-10T14:50:42.803+0000] {processor.py:830} INFO - Processing file /opt/airflow/dags/Airflow/dags/extract_open_meteo_dag.py for tasks to queue
[2025-10-10T14:50:42.805+0000] {logging_mixin.py:188} INFO - [2025-10-10T14:50:42.805+0000] {dagbag.py:540} INFO - Filling up the DagBag from /opt/airflow/dags/Airflow/dags/extract_open_meteo_dag.py
[2025-10-10T14:50:42.849+0000] {processor.py:840} INFO - DAG(s) 'extract_open_meteo_v2' retrieved from /opt/airflow/dags/Airflow/dags/extract_open_meteo_dag.py
[2025-10-10T14:50:42.950+0000] {logging_mixin.py:188} INFO - [2025-10-10T14:50:42.950+0000] {dag.py:3047} INFO - Sync 1 DAGs
[2025-10-10T14:50:43.013+0000] {logging_mixin.py:188} INFO - [2025-10-10T14:50:43.013+0000] {dag.py:3834} INFO - Setting next_dagrun for extract_open_meteo_v2 to 2025-10-08 22:00:00+00:00, run_after=2025-10-09 22:00:00+00:00
[2025-10-10T14:50:43.121+0000] {processor.py:183} INFO - Processing /opt/airflow/dags/Airflow/dags/extract_open_meteo_dag.py took 0.328 seconds
[2025-10-10T14:51:13.788+0000] {processor.py:161} INFO - Started process (PID=844) to work on /opt/airflow/dags/Airflow/dags/extract_open_meteo_dag.py
[2025-10-10T14:51:13.792+0000] {processor.py:830} INFO - Processing file /opt/airflow/dags/Airflow/dags/extract_open_meteo_dag.py for tasks to queue
[2025-10-10T14:51:13.794+0000] {logging_mixin.py:188} INFO - [2025-10-10T14:51:13.794+0000] {dagbag.py:540} INFO - Filling up the DagBag from /opt/airflow/dags/Airflow/dags/extract_open_meteo_dag.py
[2025-10-10T14:51:13.843+0000] {processor.py:840} INFO - DAG(s) 'extract_open_meteo_v2' retrieved from /opt/airflow/dags/Airflow/dags/extract_open_meteo_dag.py
[2025-10-10T14:51:13.945+0000] {logging_mixin.py:188} INFO - [2025-10-10T14:51:13.944+0000] {dag.py:3047} INFO - Sync 1 DAGs
[2025-10-10T14:51:14.011+0000] {logging_mixin.py:188} INFO - [2025-10-10T14:51:14.010+0000] {dag.py:3834} INFO - Setting next_dagrun for extract_open_meteo_v2 to 2025-10-08 22:00:00+00:00, run_after=2025-10-09 22:00:00+00:00
[2025-10-10T14:51:14.143+0000] {processor.py:183} INFO - Processing /opt/airflow/dags/Airflow/dags/extract_open_meteo_dag.py took 0.362 seconds
[2025-10-10T14:51:45.017+0000] {processor.py:161} INFO - Started process (PID=854) to work on /opt/airflow/dags/Airflow/dags/extract_open_meteo_dag.py
[2025-10-10T14:51:45.020+0000] {processor.py:830} INFO - Processing file /opt/airflow/dags/Airflow/dags/extract_open_meteo_dag.py for tasks to queue
[2025-10-10T14:51:45.023+0000] {logging_mixin.py:188} INFO - [2025-10-10T14:51:45.022+0000] {dagbag.py:540} INFO - Filling up the DagBag from /opt/airflow/dags/Airflow/dags/extract_open_meteo_dag.py
[2025-10-10T14:51:45.072+0000] {processor.py:840} INFO - DAG(s) 'extract_open_meteo_v2' retrieved from /opt/airflow/dags/Airflow/dags/extract_open_meteo_dag.py
[2025-10-10T14:51:45.172+0000] {logging_mixin.py:188} INFO - [2025-10-10T14:51:45.171+0000] {dag.py:3047} INFO - Sync 1 DAGs
[2025-10-10T14:51:45.244+0000] {logging_mixin.py:188} INFO - [2025-10-10T14:51:45.243+0000] {dag.py:3834} INFO - Setting next_dagrun for extract_open_meteo_v2 to 2025-10-08 22:00:00+00:00, run_after=2025-10-09 22:00:00+00:00
[2025-10-10T14:51:45.347+0000] {processor.py:183} INFO - Processing /opt/airflow/dags/Airflow/dags/extract_open_meteo_dag.py took 0.336 seconds
[2025-10-10T14:52:17.087+0000] {processor.py:161} INFO - Started process (PID=864) to work on /opt/airflow/dags/Airflow/dags/extract_open_meteo_dag.py
[2025-10-10T14:52:17.092+0000] {processor.py:830} INFO - Processing file /opt/airflow/dags/Airflow/dags/extract_open_meteo_dag.py for tasks to queue
[2025-10-10T14:52:17.104+0000] {logging_mixin.py:188} INFO - [2025-10-10T14:52:17.103+0000] {dagbag.py:540} INFO - Filling up the DagBag from /opt/airflow/dags/Airflow/dags/extract_open_meteo_dag.py
[2025-10-10T14:52:17.373+0000] {processor.py:840} INFO - DAG(s) 'extract_open_meteo_v2' retrieved from /opt/airflow/dags/Airflow/dags/extract_open_meteo_dag.py
[2025-10-10T14:52:17.540+0000] {logging_mixin.py:188} INFO - [2025-10-10T14:52:17.539+0000] {dag.py:3047} INFO - Sync 1 DAGs
[2025-10-10T14:52:17.654+0000] {logging_mixin.py:188} INFO - [2025-10-10T14:52:17.653+0000] {dag.py:3834} INFO - Setting next_dagrun for extract_open_meteo_v2 to 2025-10-08 22:00:00+00:00, run_after=2025-10-09 22:00:00+00:00
[2025-10-10T14:52:17.792+0000] {processor.py:183} INFO - Processing /opt/airflow/dags/Airflow/dags/extract_open_meteo_dag.py took 0.712 seconds
[2025-10-10T14:52:47.967+0000] {processor.py:161} INFO - Started process (PID=874) to work on /opt/airflow/dags/Airflow/dags/extract_open_meteo_dag.py
[2025-10-10T14:52:47.970+0000] {processor.py:830} INFO - Processing file /opt/airflow/dags/Airflow/dags/extract_open_meteo_dag.py for tasks to queue
[2025-10-10T14:52:47.972+0000] {logging_mixin.py:188} INFO - [2025-10-10T14:52:47.971+0000] {dagbag.py:540} INFO - Filling up the DagBag from /opt/airflow/dags/Airflow/dags/extract_open_meteo_dag.py
[2025-10-10T14:52:48.010+0000] {processor.py:840} INFO - DAG(s) 'extract_open_meteo_v2' retrieved from /opt/airflow/dags/Airflow/dags/extract_open_meteo_dag.py
[2025-10-10T14:52:48.148+0000] {logging_mixin.py:188} INFO - [2025-10-10T14:52:48.148+0000] {dag.py:3047} INFO - Sync 1 DAGs
[2025-10-10T14:52:48.216+0000] {logging_mixin.py:188} INFO - [2025-10-10T14:52:48.216+0000] {dag.py:3834} INFO - Setting next_dagrun for extract_open_meteo_v2 to 2025-10-08 22:00:00+00:00, run_after=2025-10-09 22:00:00+00:00
[2025-10-10T14:52:48.297+0000] {processor.py:183} INFO - Processing /opt/airflow/dags/Airflow/dags/extract_open_meteo_dag.py took 0.335 seconds
[2025-10-10T14:53:19.142+0000] {processor.py:161} INFO - Started process (PID=884) to work on /opt/airflow/dags/Airflow/dags/extract_open_meteo_dag.py
[2025-10-10T14:53:19.144+0000] {processor.py:830} INFO - Processing file /opt/airflow/dags/Airflow/dags/extract_open_meteo_dag.py for tasks to queue
[2025-10-10T14:53:19.146+0000] {logging_mixin.py:188} INFO - [2025-10-10T14:53:19.146+0000] {dagbag.py:540} INFO - Filling up the DagBag from /opt/airflow/dags/Airflow/dags/extract_open_meteo_dag.py
[2025-10-10T14:53:19.192+0000] {processor.py:840} INFO - DAG(s) 'extract_open_meteo_v2' retrieved from /opt/airflow/dags/Airflow/dags/extract_open_meteo_dag.py
[2025-10-10T14:53:19.318+0000] {logging_mixin.py:188} INFO - [2025-10-10T14:53:19.318+0000] {dag.py:3047} INFO - Sync 1 DAGs
[2025-10-10T14:53:19.395+0000] {logging_mixin.py:188} INFO - [2025-10-10T14:53:19.395+0000] {dag.py:3834} INFO - Setting next_dagrun for extract_open_meteo_v2 to 2025-10-08 22:00:00+00:00, run_after=2025-10-09 22:00:00+00:00
[2025-10-10T14:53:19.467+0000] {processor.py:183} INFO - Processing /opt/airflow/dags/Airflow/dags/extract_open_meteo_dag.py took 0.330 seconds
[2025-10-10T14:53:50.288+0000] {processor.py:161} INFO - Started process (PID=894) to work on /opt/airflow/dags/Airflow/dags/extract_open_meteo_dag.py
[2025-10-10T14:53:50.291+0000] {processor.py:830} INFO - Processing file /opt/airflow/dags/Airflow/dags/extract_open_meteo_dag.py for tasks to queue
[2025-10-10T14:53:50.293+0000] {logging_mixin.py:188} INFO - [2025-10-10T14:53:50.293+0000] {dagbag.py:540} INFO - Filling up the DagBag from /opt/airflow/dags/Airflow/dags/extract_open_meteo_dag.py
[2025-10-10T14:53:50.345+0000] {processor.py:840} INFO - DAG(s) 'extract_open_meteo_v2' retrieved from /opt/airflow/dags/Airflow/dags/extract_open_meteo_dag.py
[2025-10-10T14:53:50.436+0000] {logging_mixin.py:188} INFO - [2025-10-10T14:53:50.436+0000] {dag.py:3047} INFO - Sync 1 DAGs
[2025-10-10T14:53:50.497+0000] {logging_mixin.py:188} INFO - [2025-10-10T14:53:50.497+0000] {dag.py:3834} INFO - Setting next_dagrun for extract_open_meteo_v2 to 2025-10-08 22:00:00+00:00, run_after=2025-10-09 22:00:00+00:00
[2025-10-10T14:53:50.575+0000] {processor.py:183} INFO - Processing /opt/airflow/dags/Airflow/dags/extract_open_meteo_dag.py took 0.292 seconds
[2025-10-10T14:54:21.143+0000] {processor.py:161} INFO - Started process (PID=904) to work on /opt/airflow/dags/Airflow/dags/extract_open_meteo_dag.py
[2025-10-10T14:54:21.145+0000] {processor.py:830} INFO - Processing file /opt/airflow/dags/Airflow/dags/extract_open_meteo_dag.py for tasks to queue
[2025-10-10T14:54:21.147+0000] {logging_mixin.py:188} INFO - [2025-10-10T14:54:21.147+0000] {dagbag.py:540} INFO - Filling up the DagBag from /opt/airflow/dags/Airflow/dags/extract_open_meteo_dag.py
[2025-10-10T14:54:21.193+0000] {processor.py:840} INFO - DAG(s) 'extract_open_meteo_v2' retrieved from /opt/airflow/dags/Airflow/dags/extract_open_meteo_dag.py
[2025-10-10T14:54:21.284+0000] {logging_mixin.py:188} INFO - [2025-10-10T14:54:21.283+0000] {dag.py:3047} INFO - Sync 1 DAGs
[2025-10-10T14:54:21.359+0000] {logging_mixin.py:188} INFO - [2025-10-10T14:54:21.359+0000] {dag.py:3834} INFO - Setting next_dagrun for extract_open_meteo_v2 to 2025-10-08 22:00:00+00:00, run_after=2025-10-09 22:00:00+00:00
[2025-10-10T14:54:21.450+0000] {processor.py:183} INFO - Processing /opt/airflow/dags/Airflow/dags/extract_open_meteo_dag.py took 0.314 seconds
[2025-10-10T14:54:52.237+0000] {processor.py:161} INFO - Started process (PID=914) to work on /opt/airflow/dags/Airflow/dags/extract_open_meteo_dag.py
[2025-10-10T14:54:52.239+0000] {processor.py:830} INFO - Processing file /opt/airflow/dags/Airflow/dags/extract_open_meteo_dag.py for tasks to queue
[2025-10-10T14:54:52.242+0000] {logging_mixin.py:188} INFO - [2025-10-10T14:54:52.241+0000] {dagbag.py:540} INFO - Filling up the DagBag from /opt/airflow/dags/Airflow/dags/extract_open_meteo_dag.py
[2025-10-10T14:54:52.288+0000] {processor.py:840} INFO - DAG(s) 'extract_open_meteo_v2' retrieved from /opt/airflow/dags/Airflow/dags/extract_open_meteo_dag.py
[2025-10-10T14:54:52.388+0000] {logging_mixin.py:188} INFO - [2025-10-10T14:54:52.387+0000] {dag.py:3047} INFO - Sync 1 DAGs
[2025-10-10T14:54:52.449+0000] {logging_mixin.py:188} INFO - [2025-10-10T14:54:52.449+0000] {dag.py:3834} INFO - Setting next_dagrun for extract_open_meteo_v2 to 2025-10-08 22:00:00+00:00, run_after=2025-10-09 22:00:00+00:00
[2025-10-10T14:54:52.530+0000] {processor.py:183} INFO - Processing /opt/airflow/dags/Airflow/dags/extract_open_meteo_dag.py took 0.298 seconds
[2025-10-10T14:55:23.391+0000] {processor.py:161} INFO - Started process (PID=924) to work on /opt/airflow/dags/Airflow/dags/extract_open_meteo_dag.py
[2025-10-10T14:55:23.393+0000] {processor.py:830} INFO - Processing file /opt/airflow/dags/Airflow/dags/extract_open_meteo_dag.py for tasks to queue
[2025-10-10T14:55:23.396+0000] {logging_mixin.py:188} INFO - [2025-10-10T14:55:23.396+0000] {dagbag.py:540} INFO - Filling up the DagBag from /opt/airflow/dags/Airflow/dags/extract_open_meteo_dag.py
[2025-10-10T14:55:23.440+0000] {processor.py:840} INFO - DAG(s) 'extract_open_meteo_v2' retrieved from /opt/airflow/dags/Airflow/dags/extract_open_meteo_dag.py
[2025-10-10T14:55:23.525+0000] {logging_mixin.py:188} INFO - [2025-10-10T14:55:23.524+0000] {dag.py:3047} INFO - Sync 1 DAGs
[2025-10-10T14:55:23.587+0000] {logging_mixin.py:188} INFO - [2025-10-10T14:55:23.586+0000] {dag.py:3834} INFO - Setting next_dagrun for extract_open_meteo_v2 to 2025-10-08 22:00:00+00:00, run_after=2025-10-09 22:00:00+00:00
[2025-10-10T14:55:23.661+0000] {processor.py:183} INFO - Processing /opt/airflow/dags/Airflow/dags/extract_open_meteo_dag.py took 0.278 seconds
[2025-10-10T14:55:54.561+0000] {processor.py:161} INFO - Started process (PID=934) to work on /opt/airflow/dags/Airflow/dags/extract_open_meteo_dag.py
[2025-10-10T14:55:54.563+0000] {processor.py:830} INFO - Processing file /opt/airflow/dags/Airflow/dags/extract_open_meteo_dag.py for tasks to queue
[2025-10-10T14:55:54.565+0000] {logging_mixin.py:188} INFO - [2025-10-10T14:55:54.565+0000] {dagbag.py:540} INFO - Filling up the DagBag from /opt/airflow/dags/Airflow/dags/extract_open_meteo_dag.py
[2025-10-10T14:55:54.608+0000] {processor.py:840} INFO - DAG(s) 'extract_open_meteo_v2' retrieved from /opt/airflow/dags/Airflow/dags/extract_open_meteo_dag.py
[2025-10-10T14:55:54.707+0000] {logging_mixin.py:188} INFO - [2025-10-10T14:55:54.707+0000] {dag.py:3047} INFO - Sync 1 DAGs
[2025-10-10T14:55:54.774+0000] {logging_mixin.py:188} INFO - [2025-10-10T14:55:54.774+0000] {dag.py:3834} INFO - Setting next_dagrun for extract_open_meteo_v2 to 2025-10-08 22:00:00+00:00, run_after=2025-10-09 22:00:00+00:00
[2025-10-10T14:55:54.865+0000] {processor.py:183} INFO - Processing /opt/airflow/dags/Airflow/dags/extract_open_meteo_dag.py took 0.314 seconds
[2025-10-10T14:56:25.676+0000] {processor.py:161} INFO - Started process (PID=944) to work on /opt/airflow/dags/Airflow/dags/extract_open_meteo_dag.py
[2025-10-10T14:56:25.679+0000] {processor.py:830} INFO - Processing file /opt/airflow/dags/Airflow/dags/extract_open_meteo_dag.py for tasks to queue
[2025-10-10T14:56:25.682+0000] {logging_mixin.py:188} INFO - [2025-10-10T14:56:25.681+0000] {dagbag.py:540} INFO - Filling up the DagBag from /opt/airflow/dags/Airflow/dags/extract_open_meteo_dag.py
[2025-10-10T14:56:25.736+0000] {processor.py:840} INFO - DAG(s) 'extract_open_meteo_v2' retrieved from /opt/airflow/dags/Airflow/dags/extract_open_meteo_dag.py
[2025-10-10T14:56:25.846+0000] {logging_mixin.py:188} INFO - [2025-10-10T14:56:25.845+0000] {dag.py:3047} INFO - Sync 1 DAGs
[2025-10-10T14:56:25.911+0000] {logging_mixin.py:188} INFO - [2025-10-10T14:56:25.910+0000] {dag.py:3834} INFO - Setting next_dagrun for extract_open_meteo_v2 to 2025-10-08 22:00:00+00:00, run_after=2025-10-09 22:00:00+00:00
[2025-10-10T14:56:26.006+0000] {processor.py:183} INFO - Processing /opt/airflow/dags/Airflow/dags/extract_open_meteo_dag.py took 0.335 seconds
[2025-10-10T14:56:57.250+0000] {processor.py:161} INFO - Started process (PID=954) to work on /opt/airflow/dags/Airflow/dags/extract_open_meteo_dag.py
[2025-10-10T14:56:57.260+0000] {processor.py:830} INFO - Processing file /opt/airflow/dags/Airflow/dags/extract_open_meteo_dag.py for tasks to queue
[2025-10-10T14:56:57.264+0000] {logging_mixin.py:188} INFO - [2025-10-10T14:56:57.263+0000] {dagbag.py:540} INFO - Filling up the DagBag from /opt/airflow/dags/Airflow/dags/extract_open_meteo_dag.py
[2025-10-10T14:56:57.343+0000] {processor.py:840} INFO - DAG(s) 'extract_open_meteo_v2' retrieved from /opt/airflow/dags/Airflow/dags/extract_open_meteo_dag.py
[2025-10-10T14:56:57.497+0000] {logging_mixin.py:188} INFO - [2025-10-10T14:56:57.496+0000] {dag.py:3047} INFO - Sync 1 DAGs
[2025-10-10T14:56:57.578+0000] {logging_mixin.py:188} INFO - [2025-10-10T14:56:57.577+0000] {dag.py:3834} INFO - Setting next_dagrun for extract_open_meteo_v2 to 2025-10-08 22:00:00+00:00, run_after=2025-10-09 22:00:00+00:00
[2025-10-10T14:56:57.660+0000] {processor.py:183} INFO - Processing /opt/airflow/dags/Airflow/dags/extract_open_meteo_dag.py took 0.417 seconds
[2025-10-10T14:57:27.886+0000] {processor.py:161} INFO - Started process (PID=964) to work on /opt/airflow/dags/Airflow/dags/extract_open_meteo_dag.py
[2025-10-10T14:57:27.888+0000] {processor.py:830} INFO - Processing file /opt/airflow/dags/Airflow/dags/extract_open_meteo_dag.py for tasks to queue
[2025-10-10T14:57:27.891+0000] {logging_mixin.py:188} INFO - [2025-10-10T14:57:27.890+0000] {dagbag.py:540} INFO - Filling up the DagBag from /opt/airflow/dags/Airflow/dags/extract_open_meteo_dag.py
[2025-10-10T14:57:27.941+0000] {processor.py:840} INFO - DAG(s) 'extract_open_meteo_v2' retrieved from /opt/airflow/dags/Airflow/dags/extract_open_meteo_dag.py
[2025-10-10T14:57:28.042+0000] {logging_mixin.py:188} INFO - [2025-10-10T14:57:28.041+0000] {dag.py:3047} INFO - Sync 1 DAGs
[2025-10-10T14:57:28.133+0000] {logging_mixin.py:188} INFO - [2025-10-10T14:57:28.133+0000] {dag.py:3834} INFO - Setting next_dagrun for extract_open_meteo_v2 to 2025-10-08 22:00:00+00:00, run_after=2025-10-09 22:00:00+00:00
[2025-10-10T14:57:28.259+0000] {processor.py:183} INFO - Processing /opt/airflow/dags/Airflow/dags/extract_open_meteo_dag.py took 0.378 seconds
[2025-10-10T14:57:58.541+0000] {processor.py:161} INFO - Started process (PID=974) to work on /opt/airflow/dags/Airflow/dags/extract_open_meteo_dag.py
[2025-10-10T14:57:58.543+0000] {processor.py:830} INFO - Processing file /opt/airflow/dags/Airflow/dags/extract_open_meteo_dag.py for tasks to queue
[2025-10-10T14:57:58.545+0000] {logging_mixin.py:188} INFO - [2025-10-10T14:57:58.545+0000] {dagbag.py:540} INFO - Filling up the DagBag from /opt/airflow/dags/Airflow/dags/extract_open_meteo_dag.py
[2025-10-10T14:57:58.586+0000] {processor.py:840} INFO - DAG(s) 'extract_open_meteo_v2' retrieved from /opt/airflow/dags/Airflow/dags/extract_open_meteo_dag.py
[2025-10-10T14:57:58.675+0000] {logging_mixin.py:188} INFO - [2025-10-10T14:57:58.675+0000] {dag.py:3047} INFO - Sync 1 DAGs
[2025-10-10T14:57:58.736+0000] {logging_mixin.py:188} INFO - [2025-10-10T14:57:58.736+0000] {dag.py:3834} INFO - Setting next_dagrun for extract_open_meteo_v2 to 2025-10-08 22:00:00+00:00, run_after=2025-10-09 22:00:00+00:00
[2025-10-10T14:57:58.808+0000] {processor.py:183} INFO - Processing /opt/airflow/dags/Airflow/dags/extract_open_meteo_dag.py took 0.272 seconds
[2025-10-10T14:58:29.730+0000] {processor.py:161} INFO - Started process (PID=984) to work on /opt/airflow/dags/Airflow/dags/extract_open_meteo_dag.py
[2025-10-10T14:58:29.733+0000] {processor.py:830} INFO - Processing file /opt/airflow/dags/Airflow/dags/extract_open_meteo_dag.py for tasks to queue
[2025-10-10T14:58:29.736+0000] {logging_mixin.py:188} INFO - [2025-10-10T14:58:29.735+0000] {dagbag.py:540} INFO - Filling up the DagBag from /opt/airflow/dags/Airflow/dags/extract_open_meteo_dag.py
[2025-10-10T14:58:29.790+0000] {processor.py:840} INFO - DAG(s) 'extract_open_meteo_v2' retrieved from /opt/airflow/dags/Airflow/dags/extract_open_meteo_dag.py
[2025-10-10T14:58:29.913+0000] {logging_mixin.py:188} INFO - [2025-10-10T14:58:29.912+0000] {dag.py:3047} INFO - Sync 1 DAGs
[2025-10-10T14:58:29.986+0000] {logging_mixin.py:188} INFO - [2025-10-10T14:58:29.986+0000] {dag.py:3834} INFO - Setting next_dagrun for extract_open_meteo_v2 to 2025-10-08 22:00:00+00:00, run_after=2025-10-09 22:00:00+00:00
[2025-10-10T14:58:30.081+0000] {processor.py:183} INFO - Processing /opt/airflow/dags/Airflow/dags/extract_open_meteo_dag.py took 0.358 seconds
[2025-10-10T14:59:01.022+0000] {processor.py:161} INFO - Started process (PID=994) to work on /opt/airflow/dags/Airflow/dags/extract_open_meteo_dag.py
[2025-10-10T14:59:01.038+0000] {processor.py:830} INFO - Processing file /opt/airflow/dags/Airflow/dags/extract_open_meteo_dag.py for tasks to queue
[2025-10-10T14:59:01.048+0000] {logging_mixin.py:188} INFO - [2025-10-10T14:59:01.045+0000] {dagbag.py:540} INFO - Filling up the DagBag from /opt/airflow/dags/Airflow/dags/extract_open_meteo_dag.py
[2025-10-10T14:59:01.152+0000] {processor.py:840} INFO - DAG(s) 'extract_open_meteo_v2' retrieved from /opt/airflow/dags/Airflow/dags/extract_open_meteo_dag.py
[2025-10-10T14:59:01.306+0000] {logging_mixin.py:188} INFO - [2025-10-10T14:59:01.305+0000] {dag.py:3047} INFO - Sync 1 DAGs
[2025-10-10T14:59:01.428+0000] {logging_mixin.py:188} INFO - [2025-10-10T14:59:01.428+0000] {dag.py:3834} INFO - Setting next_dagrun for extract_open_meteo_v2 to 2025-10-08 22:00:00+00:00, run_after=2025-10-09 22:00:00+00:00
[2025-10-10T14:59:01.549+0000] {processor.py:183} INFO - Processing /opt/airflow/dags/Airflow/dags/extract_open_meteo_dag.py took 0.598 seconds
[2025-10-10T14:59:32.340+0000] {processor.py:161} INFO - Started process (PID=1004) to work on /opt/airflow/dags/Airflow/dags/extract_open_meteo_dag.py
[2025-10-10T14:59:32.342+0000] {processor.py:830} INFO - Processing file /opt/airflow/dags/Airflow/dags/extract_open_meteo_dag.py for tasks to queue
[2025-10-10T14:59:32.343+0000] {logging_mixin.py:188} INFO - [2025-10-10T14:59:32.343+0000] {dagbag.py:540} INFO - Filling up the DagBag from /opt/airflow/dags/Airflow/dags/extract_open_meteo_dag.py
[2025-10-10T14:59:32.380+0000] {processor.py:840} INFO - DAG(s) 'extract_open_meteo_v2' retrieved from /opt/airflow/dags/Airflow/dags/extract_open_meteo_dag.py
[2025-10-10T14:59:32.455+0000] {logging_mixin.py:188} INFO - [2025-10-10T14:59:32.455+0000] {dag.py:3047} INFO - Sync 1 DAGs
[2025-10-10T14:59:32.508+0000] {logging_mixin.py:188} INFO - [2025-10-10T14:59:32.507+0000] {dag.py:3834} INFO - Setting next_dagrun for extract_open_meteo_v2 to 2025-10-08 22:00:00+00:00, run_after=2025-10-09 22:00:00+00:00
[2025-10-10T14:59:32.589+0000] {processor.py:183} INFO - Processing /opt/airflow/dags/Airflow/dags/extract_open_meteo_dag.py took 0.255 seconds
[2025-10-10T15:00:03.375+0000] {processor.py:161} INFO - Started process (PID=1014) to work on /opt/airflow/dags/Airflow/dags/extract_open_meteo_dag.py
[2025-10-10T15:00:03.377+0000] {processor.py:830} INFO - Processing file /opt/airflow/dags/Airflow/dags/extract_open_meteo_dag.py for tasks to queue
[2025-10-10T15:00:03.379+0000] {logging_mixin.py:188} INFO - [2025-10-10T15:00:03.378+0000] {dagbag.py:540} INFO - Filling up the DagBag from /opt/airflow/dags/Airflow/dags/extract_open_meteo_dag.py
[2025-10-10T15:00:03.428+0000] {processor.py:840} INFO - DAG(s) 'extract_open_meteo_v2' retrieved from /opt/airflow/dags/Airflow/dags/extract_open_meteo_dag.py
[2025-10-10T15:00:03.509+0000] {logging_mixin.py:188} INFO - [2025-10-10T15:00:03.509+0000] {dag.py:3047} INFO - Sync 1 DAGs
[2025-10-10T15:00:03.565+0000] {logging_mixin.py:188} INFO - [2025-10-10T15:00:03.564+0000] {dag.py:3834} INFO - Setting next_dagrun for extract_open_meteo_v2 to 2025-10-08 22:00:00+00:00, run_after=2025-10-09 22:00:00+00:00
[2025-10-10T15:00:03.646+0000] {processor.py:183} INFO - Processing /opt/airflow/dags/Airflow/dags/extract_open_meteo_dag.py took 0.276 seconds
[2025-10-10T15:00:34.278+0000] {processor.py:161} INFO - Started process (PID=1024) to work on /opt/airflow/dags/Airflow/dags/extract_open_meteo_dag.py
[2025-10-10T15:00:34.280+0000] {processor.py:830} INFO - Processing file /opt/airflow/dags/Airflow/dags/extract_open_meteo_dag.py for tasks to queue
[2025-10-10T15:00:34.281+0000] {logging_mixin.py:188} INFO - [2025-10-10T15:00:34.281+0000] {dagbag.py:540} INFO - Filling up the DagBag from /opt/airflow/dags/Airflow/dags/extract_open_meteo_dag.py
[2025-10-10T15:00:34.317+0000] {processor.py:840} INFO - DAG(s) 'extract_open_meteo_v2' retrieved from /opt/airflow/dags/Airflow/dags/extract_open_meteo_dag.py
[2025-10-10T15:00:34.394+0000] {logging_mixin.py:188} INFO - [2025-10-10T15:00:34.393+0000] {dag.py:3047} INFO - Sync 1 DAGs
[2025-10-10T15:00:34.444+0000] {logging_mixin.py:188} INFO - [2025-10-10T15:00:34.443+0000] {dag.py:3834} INFO - Setting next_dagrun for extract_open_meteo_v2 to 2025-10-08 22:00:00+00:00, run_after=2025-10-09 22:00:00+00:00
[2025-10-10T15:00:34.531+0000] {processor.py:183} INFO - Processing /opt/airflow/dags/Airflow/dags/extract_open_meteo_dag.py took 0.258 seconds
[2025-10-10T15:01:05.146+0000] {processor.py:161} INFO - Started process (PID=1034) to work on /opt/airflow/dags/Airflow/dags/extract_open_meteo_dag.py
[2025-10-10T15:01:05.149+0000] {processor.py:830} INFO - Processing file /opt/airflow/dags/Airflow/dags/extract_open_meteo_dag.py for tasks to queue
[2025-10-10T15:01:05.151+0000] {logging_mixin.py:188} INFO - [2025-10-10T15:01:05.150+0000] {dagbag.py:540} INFO - Filling up the DagBag from /opt/airflow/dags/Airflow/dags/extract_open_meteo_dag.py
[2025-10-10T15:01:05.187+0000] {processor.py:840} INFO - DAG(s) 'extract_open_meteo_v2' retrieved from /opt/airflow/dags/Airflow/dags/extract_open_meteo_dag.py
[2025-10-10T15:01:05.274+0000] {logging_mixin.py:188} INFO - [2025-10-10T15:01:05.273+0000] {dag.py:3047} INFO - Sync 1 DAGs
[2025-10-10T15:01:05.337+0000] {logging_mixin.py:188} INFO - [2025-10-10T15:01:05.336+0000] {dag.py:3834} INFO - Setting next_dagrun for extract_open_meteo_v2 to 2025-10-08 22:00:00+00:00, run_after=2025-10-09 22:00:00+00:00
[2025-10-10T15:01:05.408+0000] {processor.py:183} INFO - Processing /opt/airflow/dags/Airflow/dags/extract_open_meteo_dag.py took 0.269 seconds
[2025-10-10T15:01:35.951+0000] {processor.py:161} INFO - Started process (PID=1044) to work on /opt/airflow/dags/Airflow/dags/extract_open_meteo_dag.py
[2025-10-10T15:01:35.953+0000] {processor.py:830} INFO - Processing file /opt/airflow/dags/Airflow/dags/extract_open_meteo_dag.py for tasks to queue
[2025-10-10T15:01:35.956+0000] {logging_mixin.py:188} INFO - [2025-10-10T15:01:35.955+0000] {dagbag.py:540} INFO - Filling up the DagBag from /opt/airflow/dags/Airflow/dags/extract_open_meteo_dag.py
[2025-10-10T15:01:35.994+0000] {processor.py:840} INFO - DAG(s) 'extract_open_meteo_v2' retrieved from /opt/airflow/dags/Airflow/dags/extract_open_meteo_dag.py
[2025-10-10T15:01:36.068+0000] {logging_mixin.py:188} INFO - [2025-10-10T15:01:36.068+0000] {dag.py:3047} INFO - Sync 1 DAGs
[2025-10-10T15:01:36.163+0000] {logging_mixin.py:188} INFO - [2025-10-10T15:01:36.163+0000] {dag.py:3834} INFO - Setting next_dagrun for extract_open_meteo_v2 to 2025-10-08 22:00:00+00:00, run_after=2025-10-09 22:00:00+00:00
[2025-10-10T15:01:36.232+0000] {processor.py:183} INFO - Processing /opt/airflow/dags/Airflow/dags/extract_open_meteo_dag.py took 0.286 seconds
[2025-10-10T15:02:07.147+0000] {processor.py:161} INFO - Started process (PID=1054) to work on /opt/airflow/dags/Airflow/dags/extract_open_meteo_dag.py
[2025-10-10T15:02:07.152+0000] {processor.py:830} INFO - Processing file /opt/airflow/dags/Airflow/dags/extract_open_meteo_dag.py for tasks to queue
[2025-10-10T15:02:07.157+0000] {logging_mixin.py:188} INFO - [2025-10-10T15:02:07.156+0000] {dagbag.py:540} INFO - Filling up the DagBag from /opt/airflow/dags/Airflow/dags/extract_open_meteo_dag.py
[2025-10-10T15:02:07.381+0000] {processor.py:840} INFO - DAG(s) 'extract_open_meteo_v2' retrieved from /opt/airflow/dags/Airflow/dags/extract_open_meteo_dag.py
[2025-10-10T15:02:07.549+0000] {logging_mixin.py:188} INFO - [2025-10-10T15:02:07.548+0000] {dag.py:3047} INFO - Sync 1 DAGs
[2025-10-10T15:02:07.629+0000] {logging_mixin.py:188} INFO - [2025-10-10T15:02:07.628+0000] {dag.py:3834} INFO - Setting next_dagrun for extract_open_meteo_v2 to 2025-10-08 22:00:00+00:00, run_after=2025-10-09 22:00:00+00:00
[2025-10-10T15:02:07.722+0000] {processor.py:183} INFO - Processing /opt/airflow/dags/Airflow/dags/extract_open_meteo_dag.py took 0.585 seconds
[2025-10-10T15:02:38.626+0000] {processor.py:161} INFO - Started process (PID=1064) to work on /opt/airflow/dags/Airflow/dags/extract_open_meteo_dag.py
[2025-10-10T15:02:38.628+0000] {processor.py:830} INFO - Processing file /opt/airflow/dags/Airflow/dags/extract_open_meteo_dag.py for tasks to queue
[2025-10-10T15:02:38.630+0000] {logging_mixin.py:188} INFO - [2025-10-10T15:02:38.630+0000] {dagbag.py:540} INFO - Filling up the DagBag from /opt/airflow/dags/Airflow/dags/extract_open_meteo_dag.py
[2025-10-10T15:02:38.668+0000] {processor.py:840} INFO - DAG(s) 'extract_open_meteo_v2' retrieved from /opt/airflow/dags/Airflow/dags/extract_open_meteo_dag.py
[2025-10-10T15:02:38.738+0000] {logging_mixin.py:188} INFO - [2025-10-10T15:02:38.738+0000] {dag.py:3047} INFO - Sync 1 DAGs
[2025-10-10T15:02:38.790+0000] {logging_mixin.py:188} INFO - [2025-10-10T15:02:38.789+0000] {dag.py:3834} INFO - Setting next_dagrun for extract_open_meteo_v2 to 2025-10-08 22:00:00+00:00, run_after=2025-10-09 22:00:00+00:00
[2025-10-10T15:02:38.860+0000] {processor.py:183} INFO - Processing /opt/airflow/dags/Airflow/dags/extract_open_meteo_dag.py took 0.239 seconds
[2025-10-10T15:03:09.634+0000] {processor.py:161} INFO - Started process (PID=1074) to work on /opt/airflow/dags/Airflow/dags/extract_open_meteo_dag.py
[2025-10-10T15:03:09.636+0000] {processor.py:830} INFO - Processing file /opt/airflow/dags/Airflow/dags/extract_open_meteo_dag.py for tasks to queue
[2025-10-10T15:03:09.638+0000] {logging_mixin.py:188} INFO - [2025-10-10T15:03:09.637+0000] {dagbag.py:540} INFO - Filling up the DagBag from /opt/airflow/dags/Airflow/dags/extract_open_meteo_dag.py
[2025-10-10T15:03:09.672+0000] {processor.py:840} INFO - DAG(s) 'extract_open_meteo_v2' retrieved from /opt/airflow/dags/Airflow/dags/extract_open_meteo_dag.py
[2025-10-10T15:03:09.751+0000] {logging_mixin.py:188} INFO - [2025-10-10T15:03:09.751+0000] {dag.py:3047} INFO - Sync 1 DAGs
[2025-10-10T15:03:09.812+0000] {logging_mixin.py:188} INFO - [2025-10-10T15:03:09.811+0000] {dag.py:3834} INFO - Setting next_dagrun for extract_open_meteo_v2 to 2025-10-08 22:00:00+00:00, run_after=2025-10-09 22:00:00+00:00
[2025-10-10T15:03:09.870+0000] {processor.py:183} INFO - Processing /opt/airflow/dags/Airflow/dags/extract_open_meteo_dag.py took 0.240 seconds
[2025-10-10T15:03:40.567+0000] {processor.py:161} INFO - Started process (PID=1084) to work on /opt/airflow/dags/Airflow/dags/extract_open_meteo_dag.py
[2025-10-10T15:03:40.569+0000] {processor.py:830} INFO - Processing file /opt/airflow/dags/Airflow/dags/extract_open_meteo_dag.py for tasks to queue
[2025-10-10T15:03:40.572+0000] {logging_mixin.py:188} INFO - [2025-10-10T15:03:40.571+0000] {dagbag.py:540} INFO - Filling up the DagBag from /opt/airflow/dags/Airflow/dags/extract_open_meteo_dag.py
[2025-10-10T15:03:40.603+0000] {processor.py:840} INFO - DAG(s) 'extract_open_meteo_v2' retrieved from /opt/airflow/dags/Airflow/dags/extract_open_meteo_dag.py
[2025-10-10T15:03:40.668+0000] {logging_mixin.py:188} INFO - [2025-10-10T15:03:40.667+0000] {dag.py:3047} INFO - Sync 1 DAGs
[2025-10-10T15:03:40.718+0000] {logging_mixin.py:188} INFO - [2025-10-10T15:03:40.718+0000] {dag.py:3834} INFO - Setting next_dagrun for extract_open_meteo_v2 to 2025-10-08 22:00:00+00:00, run_after=2025-10-09 22:00:00+00:00
[2025-10-10T15:03:40.791+0000] {processor.py:183} INFO - Processing /opt/airflow/dags/Airflow/dags/extract_open_meteo_dag.py took 0.230 seconds
[2025-10-10T15:04:11.185+0000] {processor.py:161} INFO - Started process (PID=1094) to work on /opt/airflow/dags/Airflow/dags/extract_open_meteo_dag.py
[2025-10-10T15:04:11.187+0000] {processor.py:830} INFO - Processing file /opt/airflow/dags/Airflow/dags/extract_open_meteo_dag.py for tasks to queue
[2025-10-10T15:04:11.194+0000] {logging_mixin.py:188} INFO - [2025-10-10T15:04:11.190+0000] {dagbag.py:540} INFO - Filling up the DagBag from /opt/airflow/dags/Airflow/dags/extract_open_meteo_dag.py
[2025-10-10T15:04:11.241+0000] {processor.py:840} INFO - DAG(s) 'extract_open_meteo_v2' retrieved from /opt/airflow/dags/Airflow/dags/extract_open_meteo_dag.py
[2025-10-10T15:04:11.319+0000] {logging_mixin.py:188} INFO - [2025-10-10T15:04:11.319+0000] {dag.py:3047} INFO - Sync 1 DAGs
[2025-10-10T15:04:11.377+0000] {logging_mixin.py:188} INFO - [2025-10-10T15:04:11.376+0000] {dag.py:3834} INFO - Setting next_dagrun for extract_open_meteo_v2 to 2025-10-08 22:00:00+00:00, run_after=2025-10-09 22:00:00+00:00
[2025-10-10T15:04:11.450+0000] {processor.py:183} INFO - Processing /opt/airflow/dags/Airflow/dags/extract_open_meteo_dag.py took 0.273 seconds
[2025-10-10T15:04:42.220+0000] {processor.py:161} INFO - Started process (PID=1104) to work on /opt/airflow/dags/Airflow/dags/extract_open_meteo_dag.py
[2025-10-10T15:04:42.221+0000] {processor.py:830} INFO - Processing file /opt/airflow/dags/Airflow/dags/extract_open_meteo_dag.py for tasks to queue
[2025-10-10T15:04:42.223+0000] {logging_mixin.py:188} INFO - [2025-10-10T15:04:42.223+0000] {dagbag.py:540} INFO - Filling up the DagBag from /opt/airflow/dags/Airflow/dags/extract_open_meteo_dag.py
[2025-10-10T15:04:42.254+0000] {processor.py:840} INFO - DAG(s) 'extract_open_meteo_v2' retrieved from /opt/airflow/dags/Airflow/dags/extract_open_meteo_dag.py
[2025-10-10T15:04:42.335+0000] {logging_mixin.py:188} INFO - [2025-10-10T15:04:42.335+0000] {dag.py:3047} INFO - Sync 1 DAGs
[2025-10-10T15:04:42.393+0000] {logging_mixin.py:188} INFO - [2025-10-10T15:04:42.393+0000] {dag.py:3834} INFO - Setting next_dagrun for extract_open_meteo_v2 to 2025-10-08 22:00:00+00:00, run_after=2025-10-09 22:00:00+00:00
[2025-10-10T15:04:42.459+0000] {processor.py:183} INFO - Processing /opt/airflow/dags/Airflow/dags/extract_open_meteo_dag.py took 0.243 seconds
[2025-10-10T15:05:13.015+0000] {processor.py:161} INFO - Started process (PID=1114) to work on /opt/airflow/dags/Airflow/dags/extract_open_meteo_dag.py
[2025-10-10T15:05:13.017+0000] {processor.py:830} INFO - Processing file /opt/airflow/dags/Airflow/dags/extract_open_meteo_dag.py for tasks to queue
[2025-10-10T15:05:13.019+0000] {logging_mixin.py:188} INFO - [2025-10-10T15:05:13.019+0000] {dagbag.py:540} INFO - Filling up the DagBag from /opt/airflow/dags/Airflow/dags/extract_open_meteo_dag.py
[2025-10-10T15:05:13.053+0000] {processor.py:840} INFO - DAG(s) 'extract_open_meteo_v2' retrieved from /opt/airflow/dags/Airflow/dags/extract_open_meteo_dag.py
[2025-10-10T15:05:13.119+0000] {logging_mixin.py:188} INFO - [2025-10-10T15:05:13.119+0000] {dag.py:3047} INFO - Sync 1 DAGs
[2025-10-10T15:05:13.183+0000] {logging_mixin.py:188} INFO - [2025-10-10T15:05:13.182+0000] {dag.py:3834} INFO - Setting next_dagrun for extract_open_meteo_v2 to 2025-10-08 22:00:00+00:00, run_after=2025-10-09 22:00:00+00:00
[2025-10-10T15:05:13.248+0000] {processor.py:183} INFO - Processing /opt/airflow/dags/Airflow/dags/extract_open_meteo_dag.py took 0.239 seconds
[2025-10-10T15:05:43.853+0000] {processor.py:161} INFO - Started process (PID=1124) to work on /opt/airflow/dags/Airflow/dags/extract_open_meteo_dag.py
[2025-10-10T15:05:43.855+0000] {processor.py:830} INFO - Processing file /opt/airflow/dags/Airflow/dags/extract_open_meteo_dag.py for tasks to queue
[2025-10-10T15:05:43.858+0000] {logging_mixin.py:188} INFO - [2025-10-10T15:05:43.857+0000] {dagbag.py:540} INFO - Filling up the DagBag from /opt/airflow/dags/Airflow/dags/extract_open_meteo_dag.py
[2025-10-10T15:05:43.898+0000] {processor.py:840} INFO - DAG(s) 'extract_open_meteo_v2' retrieved from /opt/airflow/dags/Airflow/dags/extract_open_meteo_dag.py
[2025-10-10T15:05:43.972+0000] {logging_mixin.py:188} INFO - [2025-10-10T15:05:43.972+0000] {dag.py:3047} INFO - Sync 1 DAGs
[2025-10-10T15:05:44.038+0000] {logging_mixin.py:188} INFO - [2025-10-10T15:05:44.038+0000] {dag.py:3834} INFO - Setting next_dagrun for extract_open_meteo_v2 to 2025-10-08 22:00:00+00:00, run_after=2025-10-09 22:00:00+00:00
[2025-10-10T15:05:44.115+0000] {processor.py:183} INFO - Processing /opt/airflow/dags/Airflow/dags/extract_open_meteo_dag.py took 0.268 seconds
[2025-10-10T15:06:14.640+0000] {processor.py:161} INFO - Started process (PID=1134) to work on /opt/airflow/dags/Airflow/dags/extract_open_meteo_dag.py
[2025-10-10T15:06:14.642+0000] {processor.py:830} INFO - Processing file /opt/airflow/dags/Airflow/dags/extract_open_meteo_dag.py for tasks to queue
[2025-10-10T15:06:14.644+0000] {logging_mixin.py:188} INFO - [2025-10-10T15:06:14.644+0000] {dagbag.py:540} INFO - Filling up the DagBag from /opt/airflow/dags/Airflow/dags/extract_open_meteo_dag.py
[2025-10-10T15:06:14.686+0000] {processor.py:840} INFO - DAG(s) 'extract_open_meteo_v2' retrieved from /opt/airflow/dags/Airflow/dags/extract_open_meteo_dag.py
[2025-10-10T15:06:14.756+0000] {logging_mixin.py:188} INFO - [2025-10-10T15:06:14.756+0000] {dag.py:3047} INFO - Sync 1 DAGs
[2025-10-10T15:06:14.814+0000] {logging_mixin.py:188} INFO - [2025-10-10T15:06:14.813+0000] {dag.py:3834} INFO - Setting next_dagrun for extract_open_meteo_v2 to 2025-10-08 22:00:00+00:00, run_after=2025-10-09 22:00:00+00:00
[2025-10-10T15:06:14.877+0000] {processor.py:183} INFO - Processing /opt/airflow/dags/Airflow/dags/extract_open_meteo_dag.py took 0.242 seconds
[2025-10-10T15:06:45.554+0000] {processor.py:161} INFO - Started process (PID=1144) to work on /opt/airflow/dags/Airflow/dags/extract_open_meteo_dag.py
[2025-10-10T15:06:45.556+0000] {processor.py:830} INFO - Processing file /opt/airflow/dags/Airflow/dags/extract_open_meteo_dag.py for tasks to queue
[2025-10-10T15:06:45.558+0000] {logging_mixin.py:188} INFO - [2025-10-10T15:06:45.557+0000] {dagbag.py:540} INFO - Filling up the DagBag from /opt/airflow/dags/Airflow/dags/extract_open_meteo_dag.py
[2025-10-10T15:06:45.602+0000] {processor.py:840} INFO - DAG(s) 'extract_open_meteo_v2' retrieved from /opt/airflow/dags/Airflow/dags/extract_open_meteo_dag.py
[2025-10-10T15:06:45.677+0000] {logging_mixin.py:188} INFO - [2025-10-10T15:06:45.677+0000] {dag.py:3047} INFO - Sync 1 DAGs
[2025-10-10T15:06:45.727+0000] {logging_mixin.py:188} INFO - [2025-10-10T15:06:45.727+0000] {dag.py:3834} INFO - Setting next_dagrun for extract_open_meteo_v2 to 2025-10-08 22:00:00+00:00, run_after=2025-10-09 22:00:00+00:00
[2025-10-10T15:06:45.798+0000] {processor.py:183} INFO - Processing /opt/airflow/dags/Airflow/dags/extract_open_meteo_dag.py took 0.249 seconds
[2025-10-10T15:07:16.709+0000] {processor.py:161} INFO - Started process (PID=1154) to work on /opt/airflow/dags/Airflow/dags/extract_open_meteo_dag.py
[2025-10-10T15:07:16.711+0000] {processor.py:830} INFO - Processing file /opt/airflow/dags/Airflow/dags/extract_open_meteo_dag.py for tasks to queue
[2025-10-10T15:07:16.713+0000] {logging_mixin.py:188} INFO - [2025-10-10T15:07:16.713+0000] {dagbag.py:540} INFO - Filling up the DagBag from /opt/airflow/dags/Airflow/dags/extract_open_meteo_dag.py
[2025-10-10T15:07:16.760+0000] {processor.py:840} INFO - DAG(s) 'extract_open_meteo_v2' retrieved from /opt/airflow/dags/Airflow/dags/extract_open_meteo_dag.py
[2025-10-10T15:07:16.836+0000] {logging_mixin.py:188} INFO - [2025-10-10T15:07:16.836+0000] {dag.py:3047} INFO - Sync 1 DAGs
[2025-10-10T15:07:16.897+0000] {logging_mixin.py:188} INFO - [2025-10-10T15:07:16.896+0000] {dag.py:3834} INFO - Setting next_dagrun for extract_open_meteo_v2 to 2025-10-08 22:00:00+00:00, run_after=2025-10-09 22:00:00+00:00
[2025-10-10T15:07:17.054+0000] {processor.py:183} INFO - Processing /opt/airflow/dags/Airflow/dags/extract_open_meteo_dag.py took 0.350 seconds
[2025-10-10T15:07:48.059+0000] {processor.py:161} INFO - Started process (PID=1164) to work on /opt/airflow/dags/Airflow/dags/extract_open_meteo_dag.py
[2025-10-10T15:07:48.061+0000] {processor.py:830} INFO - Processing file /opt/airflow/dags/Airflow/dags/extract_open_meteo_dag.py for tasks to queue
[2025-10-10T15:07:48.065+0000] {logging_mixin.py:188} INFO - [2025-10-10T15:07:48.064+0000] {dagbag.py:540} INFO - Filling up the DagBag from /opt/airflow/dags/Airflow/dags/extract_open_meteo_dag.py
[2025-10-10T15:07:48.115+0000] {processor.py:840} INFO - DAG(s) 'extract_open_meteo_v2' retrieved from /opt/airflow/dags/Airflow/dags/extract_open_meteo_dag.py
[2025-10-10T15:07:48.224+0000] {logging_mixin.py:188} INFO - [2025-10-10T15:07:48.223+0000] {dag.py:3047} INFO - Sync 1 DAGs
[2025-10-10T15:07:48.320+0000] {logging_mixin.py:188} INFO - [2025-10-10T15:07:48.320+0000] {dag.py:3834} INFO - Setting next_dagrun for extract_open_meteo_v2 to 2025-10-08 22:00:00+00:00, run_after=2025-10-09 22:00:00+00:00
[2025-10-10T15:07:48.426+0000] {processor.py:183} INFO - Processing /opt/airflow/dags/Airflow/dags/extract_open_meteo_dag.py took 0.375 seconds
[2025-10-10T15:08:19.042+0000] {processor.py:161} INFO - Started process (PID=1174) to work on /opt/airflow/dags/Airflow/dags/extract_open_meteo_dag.py
[2025-10-10T15:08:19.045+0000] {processor.py:830} INFO - Processing file /opt/airflow/dags/Airflow/dags/extract_open_meteo_dag.py for tasks to queue
[2025-10-10T15:08:19.047+0000] {logging_mixin.py:188} INFO - [2025-10-10T15:08:19.047+0000] {dagbag.py:540} INFO - Filling up the DagBag from /opt/airflow/dags/Airflow/dags/extract_open_meteo_dag.py
[2025-10-10T15:08:19.089+0000] {processor.py:840} INFO - DAG(s) 'extract_open_meteo_v2' retrieved from /opt/airflow/dags/Airflow/dags/extract_open_meteo_dag.py
[2025-10-10T15:08:19.176+0000] {logging_mixin.py:188} INFO - [2025-10-10T15:08:19.176+0000] {dag.py:3047} INFO - Sync 1 DAGs
[2025-10-10T15:08:19.242+0000] {logging_mixin.py:188} INFO - [2025-10-10T15:08:19.242+0000] {dag.py:3834} INFO - Setting next_dagrun for extract_open_meteo_v2 to 2025-10-08 22:00:00+00:00, run_after=2025-10-09 22:00:00+00:00
[2025-10-10T15:08:19.315+0000] {processor.py:183} INFO - Processing /opt/airflow/dags/Airflow/dags/extract_open_meteo_dag.py took 0.276 seconds
[2025-10-10T15:08:50.178+0000] {processor.py:161} INFO - Started process (PID=1184) to work on /opt/airflow/dags/Airflow/dags/extract_open_meteo_dag.py
[2025-10-10T15:08:50.181+0000] {processor.py:830} INFO - Processing file /opt/airflow/dags/Airflow/dags/extract_open_meteo_dag.py for tasks to queue
[2025-10-10T15:08:50.183+0000] {logging_mixin.py:188} INFO - [2025-10-10T15:08:50.182+0000] {dagbag.py:540} INFO - Filling up the DagBag from /opt/airflow/dags/Airflow/dags/extract_open_meteo_dag.py
[2025-10-10T15:08:50.224+0000] {processor.py:840} INFO - DAG(s) 'extract_open_meteo_v2' retrieved from /opt/airflow/dags/Airflow/dags/extract_open_meteo_dag.py
[2025-10-10T15:08:50.314+0000] {logging_mixin.py:188} INFO - [2025-10-10T15:08:50.314+0000] {dag.py:3047} INFO - Sync 1 DAGs
[2025-10-10T15:08:50.379+0000] {logging_mixin.py:188} INFO - [2025-10-10T15:08:50.378+0000] {dag.py:3834} INFO - Setting next_dagrun for extract_open_meteo_v2 to 2025-10-08 22:00:00+00:00, run_after=2025-10-09 22:00:00+00:00
[2025-10-10T15:08:50.461+0000] {processor.py:183} INFO - Processing /opt/airflow/dags/Airflow/dags/extract_open_meteo_dag.py took 0.288 seconds
[2025-10-10T15:09:21.180+0000] {processor.py:161} INFO - Started process (PID=1194) to work on /opt/airflow/dags/Airflow/dags/extract_open_meteo_dag.py
[2025-10-10T15:09:21.183+0000] {processor.py:830} INFO - Processing file /opt/airflow/dags/Airflow/dags/extract_open_meteo_dag.py for tasks to queue
[2025-10-10T15:09:21.185+0000] {logging_mixin.py:188} INFO - [2025-10-10T15:09:21.185+0000] {dagbag.py:540} INFO - Filling up the DagBag from /opt/airflow/dags/Airflow/dags/extract_open_meteo_dag.py
[2025-10-10T15:09:21.230+0000] {processor.py:840} INFO - DAG(s) 'extract_open_meteo_v2' retrieved from /opt/airflow/dags/Airflow/dags/extract_open_meteo_dag.py
[2025-10-10T15:09:21.300+0000] {logging_mixin.py:188} INFO - [2025-10-10T15:09:21.299+0000] {dag.py:3047} INFO - Sync 1 DAGs
[2025-10-10T15:09:21.379+0000] {logging_mixin.py:188} INFO - [2025-10-10T15:09:21.378+0000] {dag.py:3834} INFO - Setting next_dagrun for extract_open_meteo_v2 to 2025-10-08 22:00:00+00:00, run_after=2025-10-09 22:00:00+00:00
[2025-10-10T15:09:21.450+0000] {processor.py:183} INFO - Processing /opt/airflow/dags/Airflow/dags/extract_open_meteo_dag.py took 0.275 seconds
[2025-10-10T15:09:52.186+0000] {processor.py:161} INFO - Started process (PID=1204) to work on /opt/airflow/dags/Airflow/dags/extract_open_meteo_dag.py
[2025-10-10T15:09:52.188+0000] {processor.py:830} INFO - Processing file /opt/airflow/dags/Airflow/dags/extract_open_meteo_dag.py for tasks to queue
[2025-10-10T15:09:52.190+0000] {logging_mixin.py:188} INFO - [2025-10-10T15:09:52.190+0000] {dagbag.py:540} INFO - Filling up the DagBag from /opt/airflow/dags/Airflow/dags/extract_open_meteo_dag.py
[2025-10-10T15:09:52.264+0000] {processor.py:840} INFO - DAG(s) 'extract_open_meteo_v2' retrieved from /opt/airflow/dags/Airflow/dags/extract_open_meteo_dag.py
[2025-10-10T15:09:52.341+0000] {logging_mixin.py:188} INFO - [2025-10-10T15:09:52.341+0000] {dag.py:3047} INFO - Sync 1 DAGs
[2025-10-10T15:09:52.390+0000] {logging_mixin.py:188} INFO - [2025-10-10T15:09:52.390+0000] {dag.py:3834} INFO - Setting next_dagrun for extract_open_meteo_v2 to 2025-10-08 22:00:00+00:00, run_after=2025-10-09 22:00:00+00:00
[2025-10-10T15:09:52.457+0000] {processor.py:183} INFO - Processing /opt/airflow/dags/Airflow/dags/extract_open_meteo_dag.py took 0.276 seconds
[2025-10-10T15:10:23.193+0000] {processor.py:161} INFO - Started process (PID=1214) to work on /opt/airflow/dags/Airflow/dags/extract_open_meteo_dag.py
[2025-10-10T15:10:23.194+0000] {processor.py:830} INFO - Processing file /opt/airflow/dags/Airflow/dags/extract_open_meteo_dag.py for tasks to queue
[2025-10-10T15:10:23.199+0000] {logging_mixin.py:188} INFO - [2025-10-10T15:10:23.198+0000] {dagbag.py:540} INFO - Filling up the DagBag from /opt/airflow/dags/Airflow/dags/extract_open_meteo_dag.py
[2025-10-10T15:10:23.239+0000] {processor.py:840} INFO - DAG(s) 'extract_open_meteo_v2' retrieved from /opt/airflow/dags/Airflow/dags/extract_open_meteo_dag.py
[2025-10-10T15:10:23.312+0000] {logging_mixin.py:188} INFO - [2025-10-10T15:10:23.312+0000] {dag.py:3047} INFO - Sync 1 DAGs
[2025-10-10T15:10:23.366+0000] {logging_mixin.py:188} INFO - [2025-10-10T15:10:23.366+0000] {dag.py:3834} INFO - Setting next_dagrun for extract_open_meteo_v2 to 2025-10-08 22:00:00+00:00, run_after=2025-10-09 22:00:00+00:00
[2025-10-10T15:10:23.447+0000] {processor.py:183} INFO - Processing /opt/airflow/dags/Airflow/dags/extract_open_meteo_dag.py took 0.258 seconds
[2025-10-10T15:10:54.013+0000] {processor.py:161} INFO - Started process (PID=1224) to work on /opt/airflow/dags/Airflow/dags/extract_open_meteo_dag.py
[2025-10-10T15:10:54.015+0000] {processor.py:830} INFO - Processing file /opt/airflow/dags/Airflow/dags/extract_open_meteo_dag.py for tasks to queue
[2025-10-10T15:10:54.017+0000] {logging_mixin.py:188} INFO - [2025-10-10T15:10:54.017+0000] {dagbag.py:540} INFO - Filling up the DagBag from /opt/airflow/dags/Airflow/dags/extract_open_meteo_dag.py
[2025-10-10T15:10:54.058+0000] {processor.py:840} INFO - DAG(s) 'extract_open_meteo_v2' retrieved from /opt/airflow/dags/Airflow/dags/extract_open_meteo_dag.py
[2025-10-10T15:10:54.130+0000] {logging_mixin.py:188} INFO - [2025-10-10T15:10:54.130+0000] {dag.py:3047} INFO - Sync 1 DAGs
[2025-10-10T15:10:54.180+0000] {logging_mixin.py:188} INFO - [2025-10-10T15:10:54.180+0000] {dag.py:3834} INFO - Setting next_dagrun for extract_open_meteo_v2 to 2025-10-08 22:00:00+00:00, run_after=2025-10-09 22:00:00+00:00
[2025-10-10T15:10:54.251+0000] {processor.py:183} INFO - Processing /opt/airflow/dags/Airflow/dags/extract_open_meteo_dag.py took 0.244 seconds
[2025-10-10T15:11:24.748+0000] {processor.py:161} INFO - Started process (PID=1234) to work on /opt/airflow/dags/Airflow/dags/extract_open_meteo_dag.py
[2025-10-10T15:11:24.749+0000] {processor.py:830} INFO - Processing file /opt/airflow/dags/Airflow/dags/extract_open_meteo_dag.py for tasks to queue
[2025-10-10T15:11:24.750+0000] {logging_mixin.py:188} INFO - [2025-10-10T15:11:24.750+0000] {dagbag.py:540} INFO - Filling up the DagBag from /opt/airflow/dags/Airflow/dags/extract_open_meteo_dag.py
[2025-10-10T15:11:24.786+0000] {processor.py:840} INFO - DAG(s) 'extract_open_meteo_v2' retrieved from /opt/airflow/dags/Airflow/dags/extract_open_meteo_dag.py
[2025-10-10T15:11:24.854+0000] {logging_mixin.py:188} INFO - [2025-10-10T15:11:24.853+0000] {dag.py:3047} INFO - Sync 1 DAGs
[2025-10-10T15:11:24.898+0000] {logging_mixin.py:188} INFO - [2025-10-10T15:11:24.898+0000] {dag.py:3834} INFO - Setting next_dagrun for extract_open_meteo_v2 to 2025-10-08 22:00:00+00:00, run_after=2025-10-09 22:00:00+00:00
[2025-10-10T15:11:24.961+0000] {processor.py:183} INFO - Processing /opt/airflow/dags/Airflow/dags/extract_open_meteo_dag.py took 0.218 seconds
[2025-10-10T15:11:55.531+0000] {processor.py:161} INFO - Started process (PID=1244) to work on /opt/airflow/dags/Airflow/dags/extract_open_meteo_dag.py
[2025-10-10T15:11:55.533+0000] {processor.py:830} INFO - Processing file /opt/airflow/dags/Airflow/dags/extract_open_meteo_dag.py for tasks to queue
[2025-10-10T15:11:55.535+0000] {logging_mixin.py:188} INFO - [2025-10-10T15:11:55.534+0000] {dagbag.py:540} INFO - Filling up the DagBag from /opt/airflow/dags/Airflow/dags/extract_open_meteo_dag.py
[2025-10-10T15:11:55.589+0000] {processor.py:840} INFO - DAG(s) 'extract_open_meteo_v2' retrieved from /opt/airflow/dags/Airflow/dags/extract_open_meteo_dag.py
[2025-10-10T15:11:55.678+0000] {logging_mixin.py:188} INFO - [2025-10-10T15:11:55.677+0000] {dag.py:3047} INFO - Sync 1 DAGs
[2025-10-10T15:11:55.726+0000] {logging_mixin.py:188} INFO - [2025-10-10T15:11:55.726+0000] {dag.py:3834} INFO - Setting next_dagrun for extract_open_meteo_v2 to 2025-10-08 22:00:00+00:00, run_after=2025-10-09 22:00:00+00:00
[2025-10-10T15:11:55.787+0000] {processor.py:183} INFO - Processing /opt/airflow/dags/Airflow/dags/extract_open_meteo_dag.py took 0.262 seconds
[2025-10-10T15:12:26.604+0000] {processor.py:161} INFO - Started process (PID=1254) to work on /opt/airflow/dags/Airflow/dags/extract_open_meteo_dag.py
[2025-10-10T15:12:26.606+0000] {processor.py:830} INFO - Processing file /opt/airflow/dags/Airflow/dags/extract_open_meteo_dag.py for tasks to queue
[2025-10-10T15:12:26.608+0000] {logging_mixin.py:188} INFO - [2025-10-10T15:12:26.607+0000] {dagbag.py:540} INFO - Filling up the DagBag from /opt/airflow/dags/Airflow/dags/extract_open_meteo_dag.py
[2025-10-10T15:12:26.650+0000] {processor.py:840} INFO - DAG(s) 'extract_open_meteo_v2' retrieved from /opt/airflow/dags/Airflow/dags/extract_open_meteo_dag.py
[2025-10-10T15:12:26.722+0000] {logging_mixin.py:188} INFO - [2025-10-10T15:12:26.722+0000] {dag.py:3047} INFO - Sync 1 DAGs
[2025-10-10T15:12:26.784+0000] {logging_mixin.py:188} INFO - [2025-10-10T15:12:26.783+0000] {dag.py:3834} INFO - Setting next_dagrun for extract_open_meteo_v2 to 2025-10-08 22:00:00+00:00, run_after=2025-10-09 22:00:00+00:00
[2025-10-10T15:12:26.859+0000] {processor.py:183} INFO - Processing /opt/airflow/dags/Airflow/dags/extract_open_meteo_dag.py took 0.260 seconds
[2025-10-10T15:12:57.498+0000] {processor.py:161} INFO - Started process (PID=1264) to work on /opt/airflow/dags/Airflow/dags/extract_open_meteo_dag.py
[2025-10-10T15:12:57.499+0000] {processor.py:830} INFO - Processing file /opt/airflow/dags/Airflow/dags/extract_open_meteo_dag.py for tasks to queue
[2025-10-10T15:12:57.501+0000] {logging_mixin.py:188} INFO - [2025-10-10T15:12:57.500+0000] {dagbag.py:540} INFO - Filling up the DagBag from /opt/airflow/dags/Airflow/dags/extract_open_meteo_dag.py
[2025-10-10T15:12:57.540+0000] {processor.py:840} INFO - DAG(s) 'extract_open_meteo_v2' retrieved from /opt/airflow/dags/Airflow/dags/extract_open_meteo_dag.py
[2025-10-10T15:12:57.613+0000] {logging_mixin.py:188} INFO - [2025-10-10T15:12:57.612+0000] {dag.py:3047} INFO - Sync 1 DAGs
[2025-10-10T15:12:57.665+0000] {logging_mixin.py:188} INFO - [2025-10-10T15:12:57.665+0000] {dag.py:3834} INFO - Setting next_dagrun for extract_open_meteo_v2 to 2025-10-08 22:00:00+00:00, run_after=2025-10-09 22:00:00+00:00
[2025-10-10T15:12:57.750+0000] {processor.py:183} INFO - Processing /opt/airflow/dags/Airflow/dags/extract_open_meteo_dag.py took 0.256 seconds
[2025-10-10T15:13:28.316+0000] {processor.py:161} INFO - Started process (PID=1274) to work on /opt/airflow/dags/Airflow/dags/extract_open_meteo_dag.py
[2025-10-10T15:13:28.318+0000] {processor.py:830} INFO - Processing file /opt/airflow/dags/Airflow/dags/extract_open_meteo_dag.py for tasks to queue
[2025-10-10T15:13:28.320+0000] {logging_mixin.py:188} INFO - [2025-10-10T15:13:28.320+0000] {dagbag.py:540} INFO - Filling up the DagBag from /opt/airflow/dags/Airflow/dags/extract_open_meteo_dag.py
[2025-10-10T15:13:28.373+0000] {processor.py:840} INFO - DAG(s) 'extract_open_meteo_v2' retrieved from /opt/airflow/dags/Airflow/dags/extract_open_meteo_dag.py
[2025-10-10T15:13:28.477+0000] {logging_mixin.py:188} INFO - [2025-10-10T15:13:28.477+0000] {dag.py:3047} INFO - Sync 1 DAGs
[2025-10-10T15:13:28.530+0000] {logging_mixin.py:188} INFO - [2025-10-10T15:13:28.530+0000] {dag.py:3834} INFO - Setting next_dagrun for extract_open_meteo_v2 to 2025-10-08 22:00:00+00:00, run_after=2025-10-09 22:00:00+00:00
[2025-10-10T15:13:28.599+0000] {processor.py:183} INFO - Processing /opt/airflow/dags/Airflow/dags/extract_open_meteo_dag.py took 0.290 seconds
[2025-10-10T15:13:59.205+0000] {processor.py:161} INFO - Started process (PID=1284) to work on /opt/airflow/dags/Airflow/dags/extract_open_meteo_dag.py
[2025-10-10T15:13:59.206+0000] {processor.py:830} INFO - Processing file /opt/airflow/dags/Airflow/dags/extract_open_meteo_dag.py for tasks to queue
[2025-10-10T15:13:59.209+0000] {logging_mixin.py:188} INFO - [2025-10-10T15:13:59.208+0000] {dagbag.py:540} INFO - Filling up the DagBag from /opt/airflow/dags/Airflow/dags/extract_open_meteo_dag.py
[2025-10-10T15:13:59.266+0000] {processor.py:840} INFO - DAG(s) 'extract_open_meteo_v2' retrieved from /opt/airflow/dags/Airflow/dags/extract_open_meteo_dag.py
[2025-10-10T15:13:59.376+0000] {logging_mixin.py:188} INFO - [2025-10-10T15:13:59.375+0000] {dag.py:3047} INFO - Sync 1 DAGs
[2025-10-10T15:13:59.435+0000] {logging_mixin.py:188} INFO - [2025-10-10T15:13:59.435+0000] {dag.py:3834} INFO - Setting next_dagrun for extract_open_meteo_v2 to 2025-10-08 22:00:00+00:00, run_after=2025-10-09 22:00:00+00:00
[2025-10-10T15:13:59.502+0000] {processor.py:183} INFO - Processing /opt/airflow/dags/Airflow/dags/extract_open_meteo_dag.py took 0.301 seconds
[2025-10-10T15:14:30.020+0000] {processor.py:161} INFO - Started process (PID=1294) to work on /opt/airflow/dags/Airflow/dags/extract_open_meteo_dag.py
[2025-10-10T15:14:30.022+0000] {processor.py:830} INFO - Processing file /opt/airflow/dags/Airflow/dags/extract_open_meteo_dag.py for tasks to queue
[2025-10-10T15:14:30.024+0000] {logging_mixin.py:188} INFO - [2025-10-10T15:14:30.023+0000] {dagbag.py:540} INFO - Filling up the DagBag from /opt/airflow/dags/Airflow/dags/extract_open_meteo_dag.py
[2025-10-10T15:14:30.060+0000] {processor.py:840} INFO - DAG(s) 'extract_open_meteo_v2' retrieved from /opt/airflow/dags/Airflow/dags/extract_open_meteo_dag.py
[2025-10-10T15:14:30.151+0000] {logging_mixin.py:188} INFO - [2025-10-10T15:14:30.151+0000] {dag.py:3047} INFO - Sync 1 DAGs
[2025-10-10T15:14:30.297+0000] {logging_mixin.py:188} INFO - [2025-10-10T15:14:30.297+0000] {dag.py:3834} INFO - Setting next_dagrun for extract_open_meteo_v2 to 2025-10-08 22:00:00+00:00, run_after=2025-10-09 22:00:00+00:00
[2025-10-10T15:14:30.424+0000] {processor.py:183} INFO - Processing /opt/airflow/dags/Airflow/dags/extract_open_meteo_dag.py took 0.410 seconds
[2025-10-10T15:15:00.932+0000] {processor.py:161} INFO - Started process (PID=1304) to work on /opt/airflow/dags/Airflow/dags/extract_open_meteo_dag.py
[2025-10-10T15:15:00.934+0000] {processor.py:830} INFO - Processing file /opt/airflow/dags/Airflow/dags/extract_open_meteo_dag.py for tasks to queue
[2025-10-10T15:15:00.936+0000] {logging_mixin.py:188} INFO - [2025-10-10T15:15:00.936+0000] {dagbag.py:540} INFO - Filling up the DagBag from /opt/airflow/dags/Airflow/dags/extract_open_meteo_dag.py
[2025-10-10T15:15:00.973+0000] {processor.py:840} INFO - DAG(s) 'extract_open_meteo_v2' retrieved from /opt/airflow/dags/Airflow/dags/extract_open_meteo_dag.py
[2025-10-10T15:15:01.067+0000] {logging_mixin.py:188} INFO - [2025-10-10T15:15:01.067+0000] {dag.py:3047} INFO - Sync 1 DAGs
[2025-10-10T15:15:01.118+0000] {logging_mixin.py:188} INFO - [2025-10-10T15:15:01.118+0000] {dag.py:3834} INFO - Setting next_dagrun for extract_open_meteo_v2 to 2025-10-08 22:00:00+00:00, run_after=2025-10-09 22:00:00+00:00
[2025-10-10T15:15:01.191+0000] {processor.py:183} INFO - Processing /opt/airflow/dags/Airflow/dags/extract_open_meteo_dag.py took 0.264 seconds
[2025-10-10T15:15:31.788+0000] {processor.py:161} INFO - Started process (PID=1314) to work on /opt/airflow/dags/Airflow/dags/extract_open_meteo_dag.py
[2025-10-10T15:15:31.791+0000] {processor.py:830} INFO - Processing file /opt/airflow/dags/Airflow/dags/extract_open_meteo_dag.py for tasks to queue
[2025-10-10T15:15:31.792+0000] {logging_mixin.py:188} INFO - [2025-10-10T15:15:31.792+0000] {dagbag.py:540} INFO - Filling up the DagBag from /opt/airflow/dags/Airflow/dags/extract_open_meteo_dag.py
[2025-10-10T15:15:31.834+0000] {processor.py:840} INFO - DAG(s) 'extract_open_meteo_v2' retrieved from /opt/airflow/dags/Airflow/dags/extract_open_meteo_dag.py
[2025-10-10T15:15:32.008+0000] {logging_mixin.py:188} INFO - [2025-10-10T15:15:32.008+0000] {dag.py:3047} INFO - Sync 1 DAGs
[2025-10-10T15:15:32.192+0000] {logging_mixin.py:188} INFO - [2025-10-10T15:15:32.190+0000] {dag.py:3834} INFO - Setting next_dagrun for extract_open_meteo_v2 to 2025-10-08 22:00:00+00:00, run_after=2025-10-09 22:00:00+00:00
[2025-10-10T15:15:32.299+0000] {processor.py:183} INFO - Processing /opt/airflow/dags/Airflow/dags/extract_open_meteo_dag.py took 0.516 seconds
[2025-10-10T15:16:02.877+0000] {processor.py:161} INFO - Started process (PID=1324) to work on /opt/airflow/dags/Airflow/dags/extract_open_meteo_dag.py
[2025-10-10T15:16:02.879+0000] {processor.py:830} INFO - Processing file /opt/airflow/dags/Airflow/dags/extract_open_meteo_dag.py for tasks to queue
[2025-10-10T15:16:02.880+0000] {logging_mixin.py:188} INFO - [2025-10-10T15:16:02.880+0000] {dagbag.py:540} INFO - Filling up the DagBag from /opt/airflow/dags/Airflow/dags/extract_open_meteo_dag.py
[2025-10-10T15:16:02.930+0000] {processor.py:840} INFO - DAG(s) 'extract_open_meteo_v2' retrieved from /opt/airflow/dags/Airflow/dags/extract_open_meteo_dag.py
[2025-10-10T15:16:03.004+0000] {logging_mixin.py:188} INFO - [2025-10-10T15:16:03.003+0000] {dag.py:3047} INFO - Sync 1 DAGs
[2025-10-10T15:16:03.081+0000] {logging_mixin.py:188} INFO - [2025-10-10T15:16:03.081+0000] {dag.py:3834} INFO - Setting next_dagrun for extract_open_meteo_v2 to 2025-10-08 22:00:00+00:00, run_after=2025-10-09 22:00:00+00:00
[2025-10-10T15:16:03.177+0000] {processor.py:183} INFO - Processing /opt/airflow/dags/Airflow/dags/extract_open_meteo_dag.py took 0.303 seconds
[2025-10-10T15:16:33.518+0000] {processor.py:161} INFO - Started process (PID=1334) to work on /opt/airflow/dags/Airflow/dags/extract_open_meteo_dag.py
[2025-10-10T15:16:33.520+0000] {processor.py:830} INFO - Processing file /opt/airflow/dags/Airflow/dags/extract_open_meteo_dag.py for tasks to queue
[2025-10-10T15:16:33.522+0000] {logging_mixin.py:188} INFO - [2025-10-10T15:16:33.522+0000] {dagbag.py:540} INFO - Filling up the DagBag from /opt/airflow/dags/Airflow/dags/extract_open_meteo_dag.py
[2025-10-10T15:16:33.566+0000] {processor.py:840} INFO - DAG(s) 'extract_open_meteo_v2' retrieved from /opt/airflow/dags/Airflow/dags/extract_open_meteo_dag.py
[2025-10-10T15:16:33.660+0000] {logging_mixin.py:188} INFO - [2025-10-10T15:16:33.660+0000] {dag.py:3047} INFO - Sync 1 DAGs
[2025-10-10T15:16:33.719+0000] {logging_mixin.py:188} INFO - [2025-10-10T15:16:33.719+0000] {dag.py:3834} INFO - Setting next_dagrun for extract_open_meteo_v2 to 2025-10-08 22:00:00+00:00, run_after=2025-10-09 22:00:00+00:00
[2025-10-10T15:16:33.779+0000] {processor.py:183} INFO - Processing /opt/airflow/dags/Airflow/dags/extract_open_meteo_dag.py took 0.265 seconds
[2025-10-10T15:17:04.480+0000] {processor.py:161} INFO - Started process (PID=1344) to work on /opt/airflow/dags/Airflow/dags/extract_open_meteo_dag.py
[2025-10-10T15:17:04.482+0000] {processor.py:830} INFO - Processing file /opt/airflow/dags/Airflow/dags/extract_open_meteo_dag.py for tasks to queue
[2025-10-10T15:17:04.484+0000] {logging_mixin.py:188} INFO - [2025-10-10T15:17:04.484+0000] {dagbag.py:540} INFO - Filling up the DagBag from /opt/airflow/dags/Airflow/dags/extract_open_meteo_dag.py
[2025-10-10T15:17:04.526+0000] {processor.py:840} INFO - DAG(s) 'extract_open_meteo_v2' retrieved from /opt/airflow/dags/Airflow/dags/extract_open_meteo_dag.py
[2025-10-10T15:17:04.618+0000] {logging_mixin.py:188} INFO - [2025-10-10T15:17:04.617+0000] {dag.py:3047} INFO - Sync 1 DAGs
[2025-10-10T15:17:04.664+0000] {logging_mixin.py:188} INFO - [2025-10-10T15:17:04.664+0000] {dag.py:3834} INFO - Setting next_dagrun for extract_open_meteo_v2 to 2025-10-08 22:00:00+00:00, run_after=2025-10-09 22:00:00+00:00
[2025-10-10T15:17:04.736+0000] {processor.py:183} INFO - Processing /opt/airflow/dags/Airflow/dags/extract_open_meteo_dag.py took 0.262 seconds
[2025-10-10T15:17:35.789+0000] {processor.py:161} INFO - Started process (PID=1354) to work on /opt/airflow/dags/Airflow/dags/extract_open_meteo_dag.py
[2025-10-10T15:17:35.792+0000] {processor.py:830} INFO - Processing file /opt/airflow/dags/Airflow/dags/extract_open_meteo_dag.py for tasks to queue
[2025-10-10T15:17:35.794+0000] {logging_mixin.py:188} INFO - [2025-10-10T15:17:35.793+0000] {dagbag.py:540} INFO - Filling up the DagBag from /opt/airflow/dags/Airflow/dags/extract_open_meteo_dag.py
[2025-10-10T15:17:35.852+0000] {processor.py:840} INFO - DAG(s) 'extract_open_meteo_v2' retrieved from /opt/airflow/dags/Airflow/dags/extract_open_meteo_dag.py
[2025-10-10T15:17:35.960+0000] {logging_mixin.py:188} INFO - [2025-10-10T15:17:35.960+0000] {dag.py:3047} INFO - Sync 1 DAGs
[2025-10-10T15:17:36.028+0000] {logging_mixin.py:188} INFO - [2025-10-10T15:17:36.027+0000] {dag.py:3834} INFO - Setting next_dagrun for extract_open_meteo_v2 to 2025-10-08 22:00:00+00:00, run_after=2025-10-09 22:00:00+00:00
[2025-10-10T15:17:36.107+0000] {processor.py:183} INFO - Processing /opt/airflow/dags/Airflow/dags/extract_open_meteo_dag.py took 0.325 seconds
[2025-10-10T15:18:06.902+0000] {processor.py:161} INFO - Started process (PID=1364) to work on /opt/airflow/dags/Airflow/dags/extract_open_meteo_dag.py
[2025-10-10T15:18:06.905+0000] {processor.py:830} INFO - Processing file /opt/airflow/dags/Airflow/dags/extract_open_meteo_dag.py for tasks to queue
[2025-10-10T15:18:06.908+0000] {logging_mixin.py:188} INFO - [2025-10-10T15:18:06.907+0000] {dagbag.py:540} INFO - Filling up the DagBag from /opt/airflow/dags/Airflow/dags/extract_open_meteo_dag.py
[2025-10-10T15:18:06.960+0000] {processor.py:840} INFO - DAG(s) 'extract_open_meteo_v2' retrieved from /opt/airflow/dags/Airflow/dags/extract_open_meteo_dag.py
[2025-10-10T15:18:07.064+0000] {logging_mixin.py:188} INFO - [2025-10-10T15:18:07.063+0000] {dag.py:3047} INFO - Sync 1 DAGs
[2025-10-10T15:18:07.129+0000] {logging_mixin.py:188} INFO - [2025-10-10T15:18:07.128+0000] {dag.py:3834} INFO - Setting next_dagrun for extract_open_meteo_v2 to 2025-10-08 22:00:00+00:00, run_after=2025-10-09 22:00:00+00:00
[2025-10-10T15:18:07.201+0000] {processor.py:183} INFO - Processing /opt/airflow/dags/Airflow/dags/extract_open_meteo_dag.py took 0.304 seconds
[2025-10-10T15:18:37.692+0000] {processor.py:161} INFO - Started process (PID=1374) to work on /opt/airflow/dags/Airflow/dags/extract_open_meteo_dag.py
[2025-10-10T15:18:37.694+0000] {processor.py:830} INFO - Processing file /opt/airflow/dags/Airflow/dags/extract_open_meteo_dag.py for tasks to queue
[2025-10-10T15:18:37.698+0000] {logging_mixin.py:188} INFO - [2025-10-10T15:18:37.696+0000] {dagbag.py:540} INFO - Filling up the DagBag from /opt/airflow/dags/Airflow/dags/extract_open_meteo_dag.py
[2025-10-10T15:18:37.740+0000] {processor.py:840} INFO - DAG(s) 'extract_open_meteo_v2' retrieved from /opt/airflow/dags/Airflow/dags/extract_open_meteo_dag.py
[2025-10-10T15:18:37.835+0000] {logging_mixin.py:188} INFO - [2025-10-10T15:18:37.835+0000] {dag.py:3047} INFO - Sync 1 DAGs
[2025-10-10T15:18:37.911+0000] {logging_mixin.py:188} INFO - [2025-10-10T15:18:37.910+0000] {dag.py:3834} INFO - Setting next_dagrun for extract_open_meteo_v2 to 2025-10-08 22:00:00+00:00, run_after=2025-10-09 22:00:00+00:00
[2025-10-10T15:18:37.994+0000] {processor.py:183} INFO - Processing /opt/airflow/dags/Airflow/dags/extract_open_meteo_dag.py took 0.313 seconds
[2025-10-10T15:19:08.759+0000] {processor.py:161} INFO - Started process (PID=1384) to work on /opt/airflow/dags/Airflow/dags/extract_open_meteo_dag.py
[2025-10-10T15:19:08.761+0000] {processor.py:830} INFO - Processing file /opt/airflow/dags/Airflow/dags/extract_open_meteo_dag.py for tasks to queue
[2025-10-10T15:19:08.763+0000] {logging_mixin.py:188} INFO - [2025-10-10T15:19:08.763+0000] {dagbag.py:540} INFO - Filling up the DagBag from /opt/airflow/dags/Airflow/dags/extract_open_meteo_dag.py
[2025-10-10T15:19:08.806+0000] {processor.py:840} INFO - DAG(s) 'extract_open_meteo_v2' retrieved from /opt/airflow/dags/Airflow/dags/extract_open_meteo_dag.py
[2025-10-10T15:19:08.900+0000] {logging_mixin.py:188} INFO - [2025-10-10T15:19:08.899+0000] {dag.py:3047} INFO - Sync 1 DAGs
[2025-10-10T15:19:08.971+0000] {logging_mixin.py:188} INFO - [2025-10-10T15:19:08.971+0000] {dag.py:3834} INFO - Setting next_dagrun for extract_open_meteo_v2 to 2025-10-08 22:00:00+00:00, run_after=2025-10-09 22:00:00+00:00
[2025-10-10T15:19:09.056+0000] {processor.py:183} INFO - Processing /opt/airflow/dags/Airflow/dags/extract_open_meteo_dag.py took 0.302 seconds
[2025-10-10T15:19:39.875+0000] {processor.py:161} INFO - Started process (PID=1394) to work on /opt/airflow/dags/Airflow/dags/extract_open_meteo_dag.py
[2025-10-10T15:19:39.878+0000] {processor.py:830} INFO - Processing file /opt/airflow/dags/Airflow/dags/extract_open_meteo_dag.py for tasks to queue
[2025-10-10T15:19:39.882+0000] {logging_mixin.py:188} INFO - [2025-10-10T15:19:39.881+0000] {dagbag.py:540} INFO - Filling up the DagBag from /opt/airflow/dags/Airflow/dags/extract_open_meteo_dag.py
[2025-10-10T15:19:39.934+0000] {processor.py:840} INFO - DAG(s) 'extract_open_meteo_v2' retrieved from /opt/airflow/dags/Airflow/dags/extract_open_meteo_dag.py
[2025-10-10T15:19:40.046+0000] {logging_mixin.py:188} INFO - [2025-10-10T15:19:40.045+0000] {dag.py:3047} INFO - Sync 1 DAGs
[2025-10-10T15:19:40.113+0000] {logging_mixin.py:188} INFO - [2025-10-10T15:19:40.112+0000] {dag.py:3834} INFO - Setting next_dagrun for extract_open_meteo_v2 to 2025-10-08 22:00:00+00:00, run_after=2025-10-09 22:00:00+00:00
[2025-10-10T15:19:40.202+0000] {processor.py:183} INFO - Processing /opt/airflow/dags/Airflow/dags/extract_open_meteo_dag.py took 0.334 seconds
[2025-10-10T15:20:11.068+0000] {processor.py:161} INFO - Started process (PID=1404) to work on /opt/airflow/dags/Airflow/dags/extract_open_meteo_dag.py
[2025-10-10T15:20:11.071+0000] {processor.py:830} INFO - Processing file /opt/airflow/dags/Airflow/dags/extract_open_meteo_dag.py for tasks to queue
[2025-10-10T15:20:11.074+0000] {logging_mixin.py:188} INFO - [2025-10-10T15:20:11.073+0000] {dagbag.py:540} INFO - Filling up the DagBag from /opt/airflow/dags/Airflow/dags/extract_open_meteo_dag.py
[2025-10-10T15:20:11.131+0000] {processor.py:840} INFO - DAG(s) 'extract_open_meteo_v2' retrieved from /opt/airflow/dags/Airflow/dags/extract_open_meteo_dag.py
[2025-10-10T15:20:11.237+0000] {logging_mixin.py:188} INFO - [2025-10-10T15:20:11.237+0000] {dag.py:3047} INFO - Sync 1 DAGs
[2025-10-10T15:20:11.306+0000] {logging_mixin.py:188} INFO - [2025-10-10T15:20:11.306+0000] {dag.py:3834} INFO - Setting next_dagrun for extract_open_meteo_v2 to 2025-10-08 22:00:00+00:00, run_after=2025-10-09 22:00:00+00:00
[2025-10-10T15:20:11.380+0000] {processor.py:183} INFO - Processing /opt/airflow/dags/Airflow/dags/extract_open_meteo_dag.py took 0.317 seconds
[2025-10-10T15:20:42.729+0000] {processor.py:161} INFO - Started process (PID=1414) to work on /opt/airflow/dags/Airflow/dags/extract_open_meteo_dag.py
[2025-10-10T15:20:42.734+0000] {processor.py:830} INFO - Processing file /opt/airflow/dags/Airflow/dags/extract_open_meteo_dag.py for tasks to queue
[2025-10-10T15:20:42.738+0000] {logging_mixin.py:188} INFO - [2025-10-10T15:20:42.737+0000] {dagbag.py:540} INFO - Filling up the DagBag from /opt/airflow/dags/Airflow/dags/extract_open_meteo_dag.py
[2025-10-10T15:20:42.805+0000] {processor.py:840} INFO - DAG(s) 'extract_open_meteo_v2' retrieved from /opt/airflow/dags/Airflow/dags/extract_open_meteo_dag.py
[2025-10-10T15:20:42.939+0000] {logging_mixin.py:188} INFO - [2025-10-10T15:20:42.939+0000] {dag.py:3047} INFO - Sync 1 DAGs
[2025-10-10T15:20:43.027+0000] {logging_mixin.py:188} INFO - [2025-10-10T15:20:43.027+0000] {dag.py:3834} INFO - Setting next_dagrun for extract_open_meteo_v2 to 2025-10-08 22:00:00+00:00, run_after=2025-10-09 22:00:00+00:00
[2025-10-10T15:20:43.154+0000] {processor.py:183} INFO - Processing /opt/airflow/dags/Airflow/dags/extract_open_meteo_dag.py took 0.441 seconds
[2025-10-10T15:21:13.966+0000] {processor.py:161} INFO - Started process (PID=1424) to work on /opt/airflow/dags/Airflow/dags/extract_open_meteo_dag.py
[2025-10-10T15:21:13.968+0000] {processor.py:830} INFO - Processing file /opt/airflow/dags/Airflow/dags/extract_open_meteo_dag.py for tasks to queue
[2025-10-10T15:21:13.971+0000] {logging_mixin.py:188} INFO - [2025-10-10T15:21:13.971+0000] {dagbag.py:540} INFO - Filling up the DagBag from /opt/airflow/dags/Airflow/dags/extract_open_meteo_dag.py
[2025-10-10T15:21:14.011+0000] {processor.py:840} INFO - DAG(s) 'extract_open_meteo_v2' retrieved from /opt/airflow/dags/Airflow/dags/extract_open_meteo_dag.py
[2025-10-10T15:21:14.103+0000] {logging_mixin.py:188} INFO - [2025-10-10T15:21:14.103+0000] {dag.py:3047} INFO - Sync 1 DAGs
[2025-10-10T15:21:14.162+0000] {logging_mixin.py:188} INFO - [2025-10-10T15:21:14.162+0000] {dag.py:3834} INFO - Setting next_dagrun for extract_open_meteo_v2 to 2025-10-08 22:00:00+00:00, run_after=2025-10-09 22:00:00+00:00
[2025-10-10T15:21:14.240+0000] {processor.py:183} INFO - Processing /opt/airflow/dags/Airflow/dags/extract_open_meteo_dag.py took 0.282 seconds
[2025-10-10T15:21:45.030+0000] {processor.py:161} INFO - Started process (PID=1434) to work on /opt/airflow/dags/Airflow/dags/extract_open_meteo_dag.py
[2025-10-10T15:21:45.032+0000] {processor.py:830} INFO - Processing file /opt/airflow/dags/Airflow/dags/extract_open_meteo_dag.py for tasks to queue
[2025-10-10T15:21:45.035+0000] {logging_mixin.py:188} INFO - [2025-10-10T15:21:45.034+0000] {dagbag.py:540} INFO - Filling up the DagBag from /opt/airflow/dags/Airflow/dags/extract_open_meteo_dag.py
[2025-10-10T15:21:45.081+0000] {processor.py:840} INFO - DAG(s) 'extract_open_meteo_v2' retrieved from /opt/airflow/dags/Airflow/dags/extract_open_meteo_dag.py
[2025-10-10T15:21:45.179+0000] {logging_mixin.py:188} INFO - [2025-10-10T15:21:45.179+0000] {dag.py:3047} INFO - Sync 1 DAGs
[2025-10-10T15:21:45.234+0000] {logging_mixin.py:188} INFO - [2025-10-10T15:21:45.234+0000] {dag.py:3834} INFO - Setting next_dagrun for extract_open_meteo_v2 to 2025-10-08 22:00:00+00:00, run_after=2025-10-09 22:00:00+00:00
[2025-10-10T15:21:45.305+0000] {processor.py:183} INFO - Processing /opt/airflow/dags/Airflow/dags/extract_open_meteo_dag.py took 0.291 seconds
[2025-10-10T15:22:16.037+0000] {processor.py:161} INFO - Started process (PID=1444) to work on /opt/airflow/dags/Airflow/dags/extract_open_meteo_dag.py
[2025-10-10T15:22:16.039+0000] {processor.py:830} INFO - Processing file /opt/airflow/dags/Airflow/dags/extract_open_meteo_dag.py for tasks to queue
[2025-10-10T15:22:16.042+0000] {logging_mixin.py:188} INFO - [2025-10-10T15:22:16.041+0000] {dagbag.py:540} INFO - Filling up the DagBag from /opt/airflow/dags/Airflow/dags/extract_open_meteo_dag.py
[2025-10-10T15:22:16.102+0000] {processor.py:840} INFO - DAG(s) 'extract_open_meteo_v2' retrieved from /opt/airflow/dags/Airflow/dags/extract_open_meteo_dag.py
[2025-10-10T15:22:16.209+0000] {logging_mixin.py:188} INFO - [2025-10-10T15:22:16.208+0000] {dag.py:3047} INFO - Sync 1 DAGs
[2025-10-10T15:22:16.270+0000] {logging_mixin.py:188} INFO - [2025-10-10T15:22:16.269+0000] {dag.py:3834} INFO - Setting next_dagrun for extract_open_meteo_v2 to 2025-10-08 22:00:00+00:00, run_after=2025-10-09 22:00:00+00:00
[2025-10-10T15:22:16.350+0000] {processor.py:183} INFO - Processing /opt/airflow/dags/Airflow/dags/extract_open_meteo_dag.py took 0.320 seconds
[2025-10-10T15:22:47.328+0000] {processor.py:161} INFO - Started process (PID=1454) to work on /opt/airflow/dags/Airflow/dags/extract_open_meteo_dag.py
[2025-10-10T15:22:47.330+0000] {processor.py:830} INFO - Processing file /opt/airflow/dags/Airflow/dags/extract_open_meteo_dag.py for tasks to queue
[2025-10-10T15:22:47.333+0000] {logging_mixin.py:188} INFO - [2025-10-10T15:22:47.332+0000] {dagbag.py:540} INFO - Filling up the DagBag from /opt/airflow/dags/Airflow/dags/extract_open_meteo_dag.py
[2025-10-10T15:22:47.380+0000] {processor.py:840} INFO - DAG(s) 'extract_open_meteo_v2' retrieved from /opt/airflow/dags/Airflow/dags/extract_open_meteo_dag.py
[2025-10-10T15:22:47.490+0000] {logging_mixin.py:188} INFO - [2025-10-10T15:22:47.489+0000] {dag.py:3047} INFO - Sync 1 DAGs
[2025-10-10T15:22:47.564+0000] {logging_mixin.py:188} INFO - [2025-10-10T15:22:47.564+0000] {dag.py:3834} INFO - Setting next_dagrun for extract_open_meteo_v2 to 2025-10-08 22:00:00+00:00, run_after=2025-10-09 22:00:00+00:00
[2025-10-10T15:22:47.671+0000] {processor.py:183} INFO - Processing /opt/airflow/dags/Airflow/dags/extract_open_meteo_dag.py took 0.348 seconds
[2025-10-10T15:23:18.307+0000] {processor.py:161} INFO - Started process (PID=1464) to work on /opt/airflow/dags/Airflow/dags/extract_open_meteo_dag.py
[2025-10-10T15:23:18.309+0000] {processor.py:830} INFO - Processing file /opt/airflow/dags/Airflow/dags/extract_open_meteo_dag.py for tasks to queue
[2025-10-10T15:23:18.312+0000] {logging_mixin.py:188} INFO - [2025-10-10T15:23:18.311+0000] {dagbag.py:540} INFO - Filling up the DagBag from /opt/airflow/dags/Airflow/dags/extract_open_meteo_dag.py
[2025-10-10T15:23:18.368+0000] {processor.py:840} INFO - DAG(s) 'extract_open_meteo_v2' retrieved from /opt/airflow/dags/Airflow/dags/extract_open_meteo_dag.py
[2025-10-10T15:23:18.475+0000] {logging_mixin.py:188} INFO - [2025-10-10T15:23:18.474+0000] {dag.py:3047} INFO - Sync 1 DAGs
[2025-10-10T15:23:18.547+0000] {logging_mixin.py:188} INFO - [2025-10-10T15:23:18.546+0000] {dag.py:3834} INFO - Setting next_dagrun for extract_open_meteo_v2 to 2025-10-08 22:00:00+00:00, run_after=2025-10-09 22:00:00+00:00
[2025-10-10T15:23:18.620+0000] {processor.py:183} INFO - Processing /opt/airflow/dags/Airflow/dags/extract_open_meteo_dag.py took 0.319 seconds
[2025-10-10T15:23:49.258+0000] {processor.py:161} INFO - Started process (PID=1474) to work on /opt/airflow/dags/Airflow/dags/extract_open_meteo_dag.py
[2025-10-10T15:23:49.260+0000] {processor.py:830} INFO - Processing file /opt/airflow/dags/Airflow/dags/extract_open_meteo_dag.py for tasks to queue
[2025-10-10T15:23:49.264+0000] {logging_mixin.py:188} INFO - [2025-10-10T15:23:49.263+0000] {dagbag.py:540} INFO - Filling up the DagBag from /opt/airflow/dags/Airflow/dags/extract_open_meteo_dag.py
[2025-10-10T15:23:49.313+0000] {processor.py:840} INFO - DAG(s) 'extract_open_meteo_v2' retrieved from /opt/airflow/dags/Airflow/dags/extract_open_meteo_dag.py
[2025-10-10T15:23:49.415+0000] {logging_mixin.py:188} INFO - [2025-10-10T15:23:49.414+0000] {dag.py:3047} INFO - Sync 1 DAGs
[2025-10-10T15:23:49.485+0000] {logging_mixin.py:188} INFO - [2025-10-10T15:23:49.484+0000] {dag.py:3834} INFO - Setting next_dagrun for extract_open_meteo_v2 to 2025-10-08 22:00:00+00:00, run_after=2025-10-09 22:00:00+00:00
[2025-10-10T15:23:49.565+0000] {processor.py:183} INFO - Processing /opt/airflow/dags/Airflow/dags/extract_open_meteo_dag.py took 0.314 seconds
[2025-10-10T15:24:20.313+0000] {processor.py:161} INFO - Started process (PID=1488) to work on /opt/airflow/dags/Airflow/dags/extract_open_meteo_dag.py
[2025-10-10T15:24:20.315+0000] {processor.py:830} INFO - Processing file /opt/airflow/dags/Airflow/dags/extract_open_meteo_dag.py for tasks to queue
[2025-10-10T15:24:20.317+0000] {logging_mixin.py:188} INFO - [2025-10-10T15:24:20.317+0000] {dagbag.py:540} INFO - Filling up the DagBag from /opt/airflow/dags/Airflow/dags/extract_open_meteo_dag.py
[2025-10-10T15:24:20.364+0000] {processor.py:840} INFO - DAG(s) 'extract_open_meteo_v2' retrieved from /opt/airflow/dags/Airflow/dags/extract_open_meteo_dag.py
[2025-10-10T15:24:20.454+0000] {logging_mixin.py:188} INFO - [2025-10-10T15:24:20.453+0000] {dag.py:3047} INFO - Sync 1 DAGs
[2025-10-10T15:24:20.520+0000] {logging_mixin.py:188} INFO - [2025-10-10T15:24:20.519+0000] {dag.py:3834} INFO - Setting next_dagrun for extract_open_meteo_v2 to 2025-10-08 22:00:00+00:00, run_after=2025-10-09 22:00:00+00:00
[2025-10-10T15:24:20.617+0000] {processor.py:183} INFO - Processing /opt/airflow/dags/Airflow/dags/extract_open_meteo_dag.py took 0.311 seconds
[2025-10-10T15:24:51.116+0000] {processor.py:161} INFO - Started process (PID=1513) to work on /opt/airflow/dags/Airflow/dags/extract_open_meteo_dag.py
[2025-10-10T15:24:51.120+0000] {processor.py:830} INFO - Processing file /opt/airflow/dags/Airflow/dags/extract_open_meteo_dag.py for tasks to queue
[2025-10-10T15:24:51.122+0000] {logging_mixin.py:188} INFO - [2025-10-10T15:24:51.122+0000] {dagbag.py:540} INFO - Filling up the DagBag from /opt/airflow/dags/Airflow/dags/extract_open_meteo_dag.py
[2025-10-10T15:24:51.187+0000] {processor.py:840} INFO - DAG(s) 'extract_open_meteo_v2' retrieved from /opt/airflow/dags/Airflow/dags/extract_open_meteo_dag.py
[2025-10-10T15:24:51.329+0000] {logging_mixin.py:188} INFO - [2025-10-10T15:24:51.328+0000] {dag.py:3047} INFO - Sync 1 DAGs
[2025-10-10T15:24:51.425+0000] {logging_mixin.py:188} INFO - [2025-10-10T15:24:51.424+0000] {dag.py:3834} INFO - Setting next_dagrun for extract_open_meteo_v2 to 2025-10-08 22:00:00+00:00, run_after=2025-10-09 22:00:00+00:00
[2025-10-10T15:24:51.518+0000] {processor.py:183} INFO - Processing /opt/airflow/dags/Airflow/dags/extract_open_meteo_dag.py took 0.411 seconds
[2025-10-10T15:25:22.636+0000] {processor.py:161} INFO - Started process (PID=1523) to work on /opt/airflow/dags/Airflow/dags/extract_open_meteo_dag.py
[2025-10-10T15:25:22.639+0000] {processor.py:830} INFO - Processing file /opt/airflow/dags/Airflow/dags/extract_open_meteo_dag.py for tasks to queue
[2025-10-10T15:25:22.641+0000] {logging_mixin.py:188} INFO - [2025-10-10T15:25:22.641+0000] {dagbag.py:540} INFO - Filling up the DagBag from /opt/airflow/dags/Airflow/dags/extract_open_meteo_dag.py
[2025-10-10T15:25:22.689+0000] {processor.py:840} INFO - DAG(s) 'extract_open_meteo_v2' retrieved from /opt/airflow/dags/Airflow/dags/extract_open_meteo_dag.py
[2025-10-10T15:25:22.788+0000] {logging_mixin.py:188} INFO - [2025-10-10T15:25:22.787+0000] {dag.py:3047} INFO - Sync 1 DAGs
[2025-10-10T15:25:22.859+0000] {logging_mixin.py:188} INFO - [2025-10-10T15:25:22.859+0000] {dag.py:3834} INFO - Setting next_dagrun for extract_open_meteo_v2 to 2025-10-08 22:00:00+00:00, run_after=2025-10-09 22:00:00+00:00
[2025-10-10T15:25:22.941+0000] {processor.py:183} INFO - Processing /opt/airflow/dags/Airflow/dags/extract_open_meteo_dag.py took 0.312 seconds
[2025-10-10T15:25:53.531+0000] {processor.py:161} INFO - Started process (PID=1533) to work on /opt/airflow/dags/Airflow/dags/extract_open_meteo_dag.py
[2025-10-10T15:25:53.533+0000] {processor.py:830} INFO - Processing file /opt/airflow/dags/Airflow/dags/extract_open_meteo_dag.py for tasks to queue
[2025-10-10T15:25:53.535+0000] {logging_mixin.py:188} INFO - [2025-10-10T15:25:53.534+0000] {dagbag.py:540} INFO - Filling up the DagBag from /opt/airflow/dags/Airflow/dags/extract_open_meteo_dag.py
[2025-10-10T15:25:53.573+0000] {processor.py:840} INFO - DAG(s) 'extract_open_meteo_v2' retrieved from /opt/airflow/dags/Airflow/dags/extract_open_meteo_dag.py
[2025-10-10T15:25:53.655+0000] {logging_mixin.py:188} INFO - [2025-10-10T15:25:53.655+0000] {dag.py:3047} INFO - Sync 1 DAGs
[2025-10-10T15:25:53.847+0000] {logging_mixin.py:188} INFO - [2025-10-10T15:25:53.846+0000] {dag.py:3834} INFO - Setting next_dagrun for extract_open_meteo_v2 to 2025-10-08 22:00:00+00:00, run_after=2025-10-09 22:00:00+00:00
[2025-10-10T15:25:53.960+0000] {processor.py:183} INFO - Processing /opt/airflow/dags/Airflow/dags/extract_open_meteo_dag.py took 0.434 seconds
[2025-10-10T15:26:24.560+0000] {processor.py:161} INFO - Started process (PID=1543) to work on /opt/airflow/dags/Airflow/dags/extract_open_meteo_dag.py
[2025-10-10T15:26:24.567+0000] {processor.py:830} INFO - Processing file /opt/airflow/dags/Airflow/dags/extract_open_meteo_dag.py for tasks to queue
[2025-10-10T15:26:24.583+0000] {logging_mixin.py:188} INFO - [2025-10-10T15:26:24.582+0000] {dagbag.py:540} INFO - Filling up the DagBag from /opt/airflow/dags/Airflow/dags/extract_open_meteo_dag.py
[2025-10-10T15:26:24.819+0000] {processor.py:840} INFO - DAG(s) 'extract_open_meteo_v2' retrieved from /opt/airflow/dags/Airflow/dags/extract_open_meteo_dag.py
[2025-10-10T15:26:25.021+0000] {logging_mixin.py:188} INFO - [2025-10-10T15:26:25.020+0000] {dag.py:3047} INFO - Sync 1 DAGs
[2025-10-10T15:26:25.096+0000] {logging_mixin.py:188} INFO - [2025-10-10T15:26:25.096+0000] {dag.py:3834} INFO - Setting next_dagrun for extract_open_meteo_v2 to 2025-10-08 22:00:00+00:00, run_after=2025-10-09 22:00:00+00:00
[2025-10-10T15:26:25.189+0000] {processor.py:183} INFO - Processing /opt/airflow/dags/Airflow/dags/extract_open_meteo_dag.py took 0.641 seconds
[2025-10-10T15:26:55.994+0000] {processor.py:161} INFO - Started process (PID=1553) to work on /opt/airflow/dags/Airflow/dags/extract_open_meteo_dag.py
[2025-10-10T15:26:55.996+0000] {processor.py:830} INFO - Processing file /opt/airflow/dags/Airflow/dags/extract_open_meteo_dag.py for tasks to queue
[2025-10-10T15:26:56.001+0000] {logging_mixin.py:188} INFO - [2025-10-10T15:26:55.999+0000] {dagbag.py:540} INFO - Filling up the DagBag from /opt/airflow/dags/Airflow/dags/extract_open_meteo_dag.py
[2025-10-10T15:26:56.051+0000] {processor.py:840} INFO - DAG(s) 'extract_open_meteo_v2' retrieved from /opt/airflow/dags/Airflow/dags/extract_open_meteo_dag.py
[2025-10-10T15:26:56.160+0000] {logging_mixin.py:188} INFO - [2025-10-10T15:26:56.159+0000] {dag.py:3047} INFO - Sync 1 DAGs
[2025-10-10T15:26:56.221+0000] {logging_mixin.py:188} INFO - [2025-10-10T15:26:56.221+0000] {dag.py:3834} INFO - Setting next_dagrun for extract_open_meteo_v2 to 2025-10-08 22:00:00+00:00, run_after=2025-10-09 22:00:00+00:00
[2025-10-10T15:26:56.306+0000] {processor.py:183} INFO - Processing /opt/airflow/dags/Airflow/dags/extract_open_meteo_dag.py took 0.322 seconds
[2025-10-10T15:27:27.315+0000] {processor.py:161} INFO - Started process (PID=1563) to work on /opt/airflow/dags/Airflow/dags/extract_open_meteo_dag.py
[2025-10-10T15:27:27.318+0000] {processor.py:830} INFO - Processing file /opt/airflow/dags/Airflow/dags/extract_open_meteo_dag.py for tasks to queue
[2025-10-10T15:27:27.321+0000] {logging_mixin.py:188} INFO - [2025-10-10T15:27:27.321+0000] {dagbag.py:540} INFO - Filling up the DagBag from /opt/airflow/dags/Airflow/dags/extract_open_meteo_dag.py
[2025-10-10T15:27:27.381+0000] {processor.py:840} INFO - DAG(s) 'extract_open_meteo_v2' retrieved from /opt/airflow/dags/Airflow/dags/extract_open_meteo_dag.py
[2025-10-10T15:27:27.472+0000] {logging_mixin.py:188} INFO - [2025-10-10T15:27:27.471+0000] {dag.py:3047} INFO - Sync 1 DAGs
[2025-10-10T15:27:27.528+0000] {logging_mixin.py:188} INFO - [2025-10-10T15:27:27.528+0000] {dag.py:3834} INFO - Setting next_dagrun for extract_open_meteo_v2 to 2025-10-08 22:00:00+00:00, run_after=2025-10-09 22:00:00+00:00
[2025-10-10T15:27:27.599+0000] {processor.py:183} INFO - Processing /opt/airflow/dags/Airflow/dags/extract_open_meteo_dag.py took 0.290 seconds
[2025-10-10T15:27:58.401+0000] {processor.py:161} INFO - Started process (PID=1573) to work on /opt/airflow/dags/Airflow/dags/extract_open_meteo_dag.py
[2025-10-10T15:27:58.404+0000] {processor.py:830} INFO - Processing file /opt/airflow/dags/Airflow/dags/extract_open_meteo_dag.py for tasks to queue
[2025-10-10T15:27:58.407+0000] {logging_mixin.py:188} INFO - [2025-10-10T15:27:58.406+0000] {dagbag.py:540} INFO - Filling up the DagBag from /opt/airflow/dags/Airflow/dags/extract_open_meteo_dag.py
[2025-10-10T15:27:58.473+0000] {processor.py:840} INFO - DAG(s) 'extract_open_meteo_v2' retrieved from /opt/airflow/dags/Airflow/dags/extract_open_meteo_dag.py
[2025-10-10T15:27:58.592+0000] {logging_mixin.py:188} INFO - [2025-10-10T15:27:58.591+0000] {dag.py:3047} INFO - Sync 1 DAGs
[2025-10-10T15:27:58.664+0000] {logging_mixin.py:188} INFO - [2025-10-10T15:27:58.663+0000] {dag.py:3834} INFO - Setting next_dagrun for extract_open_meteo_v2 to 2025-10-08 22:00:00+00:00, run_after=2025-10-09 22:00:00+00:00
[2025-10-10T15:27:58.756+0000] {processor.py:183} INFO - Processing /opt/airflow/dags/Airflow/dags/extract_open_meteo_dag.py took 0.359 seconds
[2025-10-10T15:28:29.245+0000] {processor.py:161} INFO - Started process (PID=1583) to work on /opt/airflow/dags/Airflow/dags/extract_open_meteo_dag.py
[2025-10-10T15:28:29.248+0000] {processor.py:830} INFO - Processing file /opt/airflow/dags/Airflow/dags/extract_open_meteo_dag.py for tasks to queue
[2025-10-10T15:28:29.250+0000] {logging_mixin.py:188} INFO - [2025-10-10T15:28:29.249+0000] {dagbag.py:540} INFO - Filling up the DagBag from /opt/airflow/dags/Airflow/dags/extract_open_meteo_dag.py
[2025-10-10T15:28:29.296+0000] {processor.py:840} INFO - DAG(s) 'extract_open_meteo_v2' retrieved from /opt/airflow/dags/Airflow/dags/extract_open_meteo_dag.py
[2025-10-10T15:28:29.418+0000] {logging_mixin.py:188} INFO - [2025-10-10T15:28:29.417+0000] {dag.py:3047} INFO - Sync 1 DAGs
[2025-10-10T15:28:29.490+0000] {logging_mixin.py:188} INFO - [2025-10-10T15:28:29.489+0000] {dag.py:3834} INFO - Setting next_dagrun for extract_open_meteo_v2 to 2025-10-08 22:00:00+00:00, run_after=2025-10-09 22:00:00+00:00
[2025-10-10T15:28:29.583+0000] {processor.py:183} INFO - Processing /opt/airflow/dags/Airflow/dags/extract_open_meteo_dag.py took 0.342 seconds
[2025-10-10T15:29:00.425+0000] {processor.py:161} INFO - Started process (PID=1593) to work on /opt/airflow/dags/Airflow/dags/extract_open_meteo_dag.py
[2025-10-10T15:29:00.427+0000] {processor.py:830} INFO - Processing file /opt/airflow/dags/Airflow/dags/extract_open_meteo_dag.py for tasks to queue
[2025-10-10T15:29:00.429+0000] {logging_mixin.py:188} INFO - [2025-10-10T15:29:00.429+0000] {dagbag.py:540} INFO - Filling up the DagBag from /opt/airflow/dags/Airflow/dags/extract_open_meteo_dag.py
[2025-10-10T15:29:00.482+0000] {processor.py:840} INFO - DAG(s) 'extract_open_meteo_v2' retrieved from /opt/airflow/dags/Airflow/dags/extract_open_meteo_dag.py
[2025-10-10T15:29:00.608+0000] {logging_mixin.py:188} INFO - [2025-10-10T15:29:00.607+0000] {dag.py:3047} INFO - Sync 1 DAGs
[2025-10-10T15:29:00.684+0000] {logging_mixin.py:188} INFO - [2025-10-10T15:29:00.683+0000] {dag.py:3834} INFO - Setting next_dagrun for extract_open_meteo_v2 to 2025-10-08 22:00:00+00:00, run_after=2025-10-09 22:00:00+00:00
[2025-10-10T15:29:00.780+0000] {processor.py:183} INFO - Processing /opt/airflow/dags/Airflow/dags/extract_open_meteo_dag.py took 0.362 seconds
[2025-10-10T15:29:31.543+0000] {processor.py:161} INFO - Started process (PID=1603) to work on /opt/airflow/dags/Airflow/dags/extract_open_meteo_dag.py
[2025-10-10T15:29:31.545+0000] {processor.py:830} INFO - Processing file /opt/airflow/dags/Airflow/dags/extract_open_meteo_dag.py for tasks to queue
[2025-10-10T15:29:31.547+0000] {logging_mixin.py:188} INFO - [2025-10-10T15:29:31.546+0000] {dagbag.py:540} INFO - Filling up the DagBag from /opt/airflow/dags/Airflow/dags/extract_open_meteo_dag.py
[2025-10-10T15:29:31.585+0000] {processor.py:840} INFO - DAG(s) 'extract_open_meteo_v2' retrieved from /opt/airflow/dags/Airflow/dags/extract_open_meteo_dag.py
[2025-10-10T15:29:31.674+0000] {logging_mixin.py:188} INFO - [2025-10-10T15:29:31.674+0000] {dag.py:3047} INFO - Sync 1 DAGs
[2025-10-10T15:29:31.731+0000] {logging_mixin.py:188} INFO - [2025-10-10T15:29:31.730+0000] {dag.py:3834} INFO - Setting next_dagrun for extract_open_meteo_v2 to 2025-10-08 22:00:00+00:00, run_after=2025-10-09 22:00:00+00:00
[2025-10-10T15:29:31.815+0000] {processor.py:183} INFO - Processing /opt/airflow/dags/Airflow/dags/extract_open_meteo_dag.py took 0.275 seconds
[2025-10-10T15:30:27.820+0000] {processor.py:161} INFO - Started process (PID=175) to work on /opt/airflow/dags/Airflow/dags/extract_open_meteo_dag.py
[2025-10-10T15:30:27.837+0000] {processor.py:830} INFO - Processing file /opt/airflow/dags/Airflow/dags/extract_open_meteo_dag.py for tasks to queue
[2025-10-10T15:30:27.842+0000] {logging_mixin.py:188} INFO - [2025-10-10T15:30:27.841+0000] {dagbag.py:540} INFO - Filling up the DagBag from /opt/airflow/dags/Airflow/dags/extract_open_meteo_dag.py
[2025-10-10T15:30:27.964+0000] {processor.py:840} INFO - DAG(s) 'extract_open_meteo_v2' retrieved from /opt/airflow/dags/Airflow/dags/extract_open_meteo_dag.py
[2025-10-10T15:30:28.189+0000] {logging_mixin.py:188} INFO - [2025-10-10T15:30:28.188+0000] {dag.py:3047} INFO - Sync 1 DAGs
[2025-10-10T15:30:28.304+0000] {logging_mixin.py:188} INFO - [2025-10-10T15:30:28.303+0000] {dag.py:3834} INFO - Setting next_dagrun for extract_open_meteo_v2 to 2025-10-08 22:00:00+00:00, run_after=2025-10-09 22:00:00+00:00
[2025-10-10T15:30:28.402+0000] {processor.py:183} INFO - Processing /opt/airflow/dags/Airflow/dags/extract_open_meteo_dag.py took 0.631 seconds
[2025-10-10T15:30:58.602+0000] {processor.py:161} INFO - Started process (PID=182) to work on /opt/airflow/dags/Airflow/dags/extract_open_meteo_dag.py
[2025-10-10T15:30:58.610+0000] {processor.py:830} INFO - Processing file /opt/airflow/dags/Airflow/dags/extract_open_meteo_dag.py for tasks to queue
[2025-10-10T15:30:58.617+0000] {logging_mixin.py:188} INFO - [2025-10-10T15:30:58.615+0000] {dagbag.py:540} INFO - Filling up the DagBag from /opt/airflow/dags/Airflow/dags/extract_open_meteo_dag.py
[2025-10-10T15:30:58.766+0000] {processor.py:840} INFO - DAG(s) 'extract_open_meteo_v2' retrieved from /opt/airflow/dags/Airflow/dags/extract_open_meteo_dag.py
[2025-10-10T15:30:58.998+0000] {logging_mixin.py:188} INFO - [2025-10-10T15:30:58.998+0000] {dag.py:3047} INFO - Sync 1 DAGs
[2025-10-10T15:30:59.128+0000] {logging_mixin.py:188} INFO - [2025-10-10T15:30:59.128+0000] {dag.py:3834} INFO - Setting next_dagrun for extract_open_meteo_v2 to 2025-10-08 22:00:00+00:00, run_after=2025-10-09 22:00:00+00:00
[2025-10-10T15:30:59.223+0000] {processor.py:183} INFO - Processing /opt/airflow/dags/Airflow/dags/extract_open_meteo_dag.py took 0.663 seconds
[2025-10-10T15:31:29.947+0000] {processor.py:161} INFO - Started process (PID=214) to work on /opt/airflow/dags/Airflow/dags/extract_open_meteo_dag.py
[2025-10-10T15:31:29.949+0000] {processor.py:830} INFO - Processing file /opt/airflow/dags/Airflow/dags/extract_open_meteo_dag.py for tasks to queue
[2025-10-10T15:31:29.952+0000] {logging_mixin.py:188} INFO - [2025-10-10T15:31:29.951+0000] {dagbag.py:540} INFO - Filling up the DagBag from /opt/airflow/dags/Airflow/dags/extract_open_meteo_dag.py
[2025-10-10T15:31:30.000+0000] {processor.py:840} INFO - DAG(s) 'extract_open_meteo_v2' retrieved from /opt/airflow/dags/Airflow/dags/extract_open_meteo_dag.py
[2025-10-10T15:31:30.085+0000] {logging_mixin.py:188} INFO - [2025-10-10T15:31:30.084+0000] {dag.py:3047} INFO - Sync 1 DAGs
[2025-10-10T15:31:30.143+0000] {logging_mixin.py:188} INFO - [2025-10-10T15:31:30.143+0000] {dag.py:3834} INFO - Setting next_dagrun for extract_open_meteo_v2 to 2025-10-08 22:00:00+00:00, run_after=2025-10-09 22:00:00+00:00
[2025-10-10T15:31:30.220+0000] {processor.py:183} INFO - Processing /opt/airflow/dags/Airflow/dags/extract_open_meteo_dag.py took 0.278 seconds
[2025-10-10T15:32:00.901+0000] {processor.py:161} INFO - Started process (PID=224) to work on /opt/airflow/dags/Airflow/dags/extract_open_meteo_dag.py
[2025-10-10T15:32:00.903+0000] {processor.py:830} INFO - Processing file /opt/airflow/dags/Airflow/dags/extract_open_meteo_dag.py for tasks to queue
[2025-10-10T15:32:00.905+0000] {logging_mixin.py:188} INFO - [2025-10-10T15:32:00.905+0000] {dagbag.py:540} INFO - Filling up the DagBag from /opt/airflow/dags/Airflow/dags/extract_open_meteo_dag.py
[2025-10-10T15:32:00.974+0000] {processor.py:840} INFO - DAG(s) 'extract_open_meteo_v2' retrieved from /opt/airflow/dags/Airflow/dags/extract_open_meteo_dag.py
[2025-10-10T15:32:01.332+0000] {logging_mixin.py:188} INFO - [2025-10-10T15:32:01.332+0000] {dag.py:3047} INFO - Sync 1 DAGs
[2025-10-10T15:32:01.501+0000] {logging_mixin.py:188} INFO - [2025-10-10T15:32:01.500+0000] {dag.py:3834} INFO - Setting next_dagrun for extract_open_meteo_v2 to 2025-10-08 22:00:00+00:00, run_after=2025-10-09 22:00:00+00:00
[2025-10-10T15:32:01.603+0000] {processor.py:183} INFO - Processing /opt/airflow/dags/Airflow/dags/extract_open_meteo_dag.py took 0.706 seconds
[2025-10-10T15:32:32.457+0000] {processor.py:161} INFO - Started process (PID=234) to work on /opt/airflow/dags/Airflow/dags/extract_open_meteo_dag.py
[2025-10-10T15:32:32.459+0000] {processor.py:830} INFO - Processing file /opt/airflow/dags/Airflow/dags/extract_open_meteo_dag.py for tasks to queue
[2025-10-10T15:32:32.461+0000] {logging_mixin.py:188} INFO - [2025-10-10T15:32:32.460+0000] {dagbag.py:540} INFO - Filling up the DagBag from /opt/airflow/dags/Airflow/dags/extract_open_meteo_dag.py
[2025-10-10T15:32:32.511+0000] {processor.py:840} INFO - DAG(s) 'extract_open_meteo_v2' retrieved from /opt/airflow/dags/Airflow/dags/extract_open_meteo_dag.py
[2025-10-10T15:32:32.615+0000] {logging_mixin.py:188} INFO - [2025-10-10T15:32:32.615+0000] {dag.py:3047} INFO - Sync 1 DAGs
[2025-10-10T15:32:32.697+0000] {logging_mixin.py:188} INFO - [2025-10-10T15:32:32.697+0000] {dag.py:3834} INFO - Setting next_dagrun for extract_open_meteo_v2 to 2025-10-08 22:00:00+00:00, run_after=2025-10-09 22:00:00+00:00
[2025-10-10T15:32:32.779+0000] {processor.py:183} INFO - Processing /opt/airflow/dags/Airflow/dags/extract_open_meteo_dag.py took 0.328 seconds
[2025-10-10T15:33:03.530+0000] {processor.py:161} INFO - Started process (PID=244) to work on /opt/airflow/dags/Airflow/dags/extract_open_meteo_dag.py
[2025-10-10T15:33:03.533+0000] {processor.py:830} INFO - Processing file /opt/airflow/dags/Airflow/dags/extract_open_meteo_dag.py for tasks to queue
[2025-10-10T15:33:03.536+0000] {logging_mixin.py:188} INFO - [2025-10-10T15:33:03.535+0000] {dagbag.py:540} INFO - Filling up the DagBag from /opt/airflow/dags/Airflow/dags/extract_open_meteo_dag.py
[2025-10-10T15:33:03.601+0000] {processor.py:840} INFO - DAG(s) 'extract_open_meteo_v2' retrieved from /opt/airflow/dags/Airflow/dags/extract_open_meteo_dag.py
[2025-10-10T15:33:03.708+0000] {logging_mixin.py:188} INFO - [2025-10-10T15:33:03.707+0000] {dag.py:3047} INFO - Sync 1 DAGs
[2025-10-10T15:33:03.774+0000] {logging_mixin.py:188} INFO - [2025-10-10T15:33:03.773+0000] {dag.py:3834} INFO - Setting next_dagrun for extract_open_meteo_v2 to 2025-10-08 22:00:00+00:00, run_after=2025-10-09 22:00:00+00:00
[2025-10-10T15:33:03.848+0000] {processor.py:183} INFO - Processing /opt/airflow/dags/Airflow/dags/extract_open_meteo_dag.py took 0.323 seconds
[2025-10-10T15:33:34.577+0000] {processor.py:161} INFO - Started process (PID=254) to work on /opt/airflow/dags/Airflow/dags/extract_open_meteo_dag.py
[2025-10-10T15:33:34.579+0000] {processor.py:830} INFO - Processing file /opt/airflow/dags/Airflow/dags/extract_open_meteo_dag.py for tasks to queue
[2025-10-10T15:33:34.580+0000] {logging_mixin.py:188} INFO - [2025-10-10T15:33:34.580+0000] {dagbag.py:540} INFO - Filling up the DagBag from /opt/airflow/dags/Airflow/dags/extract_open_meteo_dag.py
[2025-10-10T15:33:34.617+0000] {processor.py:840} INFO - DAG(s) 'extract_open_meteo_v2' retrieved from /opt/airflow/dags/Airflow/dags/extract_open_meteo_dag.py
[2025-10-10T15:33:34.688+0000] {logging_mixin.py:188} INFO - [2025-10-10T15:33:34.688+0000] {dag.py:3047} INFO - Sync 1 DAGs
[2025-10-10T15:33:34.737+0000] {logging_mixin.py:188} INFO - [2025-10-10T15:33:34.737+0000] {dag.py:3834} INFO - Setting next_dagrun for extract_open_meteo_v2 to 2025-10-08 22:00:00+00:00, run_after=2025-10-09 22:00:00+00:00
[2025-10-10T15:33:34.795+0000] {processor.py:183} INFO - Processing /opt/airflow/dags/Airflow/dags/extract_open_meteo_dag.py took 0.223 seconds
[2025-10-10T15:34:05.369+0000] {processor.py:161} INFO - Started process (PID=264) to work on /opt/airflow/dags/Airflow/dags/extract_open_meteo_dag.py
[2025-10-10T15:34:05.371+0000] {processor.py:830} INFO - Processing file /opt/airflow/dags/Airflow/dags/extract_open_meteo_dag.py for tasks to queue
[2025-10-10T15:34:05.373+0000] {logging_mixin.py:188} INFO - [2025-10-10T15:34:05.372+0000] {dagbag.py:540} INFO - Filling up the DagBag from /opt/airflow/dags/Airflow/dags/extract_open_meteo_dag.py
[2025-10-10T15:34:05.417+0000] {processor.py:840} INFO - DAG(s) 'extract_open_meteo_v2' retrieved from /opt/airflow/dags/Airflow/dags/extract_open_meteo_dag.py
[2025-10-10T15:34:05.498+0000] {logging_mixin.py:188} INFO - [2025-10-10T15:34:05.498+0000] {dag.py:3047} INFO - Sync 1 DAGs
[2025-10-10T15:34:05.687+0000] {logging_mixin.py:188} INFO - [2025-10-10T15:34:05.686+0000] {dag.py:3834} INFO - Setting next_dagrun for extract_open_meteo_v2 to 2025-10-08 22:00:00+00:00, run_after=2025-10-09 22:00:00+00:00
[2025-10-10T15:34:05.815+0000] {processor.py:183} INFO - Processing /opt/airflow/dags/Airflow/dags/extract_open_meteo_dag.py took 0.451 seconds
[2025-10-10T15:34:36.587+0000] {processor.py:161} INFO - Started process (PID=274) to work on /opt/airflow/dags/Airflow/dags/extract_open_meteo_dag.py
[2025-10-10T15:34:36.589+0000] {processor.py:830} INFO - Processing file /opt/airflow/dags/Airflow/dags/extract_open_meteo_dag.py for tasks to queue
[2025-10-10T15:34:36.591+0000] {logging_mixin.py:188} INFO - [2025-10-10T15:34:36.590+0000] {dagbag.py:540} INFO - Filling up the DagBag from /opt/airflow/dags/Airflow/dags/extract_open_meteo_dag.py
[2025-10-10T15:34:36.635+0000] {processor.py:840} INFO - DAG(s) 'extract_open_meteo_v2' retrieved from /opt/airflow/dags/Airflow/dags/extract_open_meteo_dag.py
[2025-10-10T15:34:36.708+0000] {logging_mixin.py:188} INFO - [2025-10-10T15:34:36.708+0000] {dag.py:3047} INFO - Sync 1 DAGs
[2025-10-10T15:34:36.760+0000] {logging_mixin.py:188} INFO - [2025-10-10T15:34:36.760+0000] {dag.py:3834} INFO - Setting next_dagrun for extract_open_meteo_v2 to 2025-10-08 22:00:00+00:00, run_after=2025-10-09 22:00:00+00:00
[2025-10-10T15:34:36.840+0000] {processor.py:183} INFO - Processing /opt/airflow/dags/Airflow/dags/extract_open_meteo_dag.py took 0.257 seconds
[2025-10-10T15:35:07.470+0000] {processor.py:161} INFO - Started process (PID=284) to work on /opt/airflow/dags/Airflow/dags/extract_open_meteo_dag.py
[2025-10-10T15:35:07.472+0000] {processor.py:830} INFO - Processing file /opt/airflow/dags/Airflow/dags/extract_open_meteo_dag.py for tasks to queue
[2025-10-10T15:35:07.474+0000] {logging_mixin.py:188} INFO - [2025-10-10T15:35:07.474+0000] {dagbag.py:540} INFO - Filling up the DagBag from /opt/airflow/dags/Airflow/dags/extract_open_meteo_dag.py
[2025-10-10T15:35:07.516+0000] {processor.py:840} INFO - DAG(s) 'extract_open_meteo_v2' retrieved from /opt/airflow/dags/Airflow/dags/extract_open_meteo_dag.py
[2025-10-10T15:35:07.699+0000] {logging_mixin.py:188} INFO - [2025-10-10T15:35:07.699+0000] {dag.py:3047} INFO - Sync 1 DAGs
[2025-10-10T15:35:07.898+0000] {logging_mixin.py:188} INFO - [2025-10-10T15:35:07.896+0000] {dag.py:3834} INFO - Setting next_dagrun for extract_open_meteo_v2 to 2025-10-08 22:00:00+00:00, run_after=2025-10-09 22:00:00+00:00
[2025-10-10T15:35:07.988+0000] {processor.py:183} INFO - Processing /opt/airflow/dags/Airflow/dags/extract_open_meteo_dag.py took 0.522 seconds
[2025-10-10T15:35:38.796+0000] {processor.py:161} INFO - Started process (PID=294) to work on /opt/airflow/dags/Airflow/dags/extract_open_meteo_dag.py
[2025-10-10T15:35:38.798+0000] {processor.py:830} INFO - Processing file /opt/airflow/dags/Airflow/dags/extract_open_meteo_dag.py for tasks to queue
[2025-10-10T15:35:38.800+0000] {logging_mixin.py:188} INFO - [2025-10-10T15:35:38.799+0000] {dagbag.py:540} INFO - Filling up the DagBag from /opt/airflow/dags/Airflow/dags/extract_open_meteo_dag.py
[2025-10-10T15:35:38.841+0000] {processor.py:840} INFO - DAG(s) 'extract_open_meteo_v2' retrieved from /opt/airflow/dags/Airflow/dags/extract_open_meteo_dag.py
[2025-10-10T15:35:38.943+0000] {logging_mixin.py:188} INFO - [2025-10-10T15:35:38.942+0000] {dag.py:3047} INFO - Sync 1 DAGs
[2025-10-10T15:35:39.006+0000] {logging_mixin.py:188} INFO - [2025-10-10T15:35:39.006+0000] {dag.py:3834} INFO - Setting next_dagrun for extract_open_meteo_v2 to 2025-10-08 22:00:00+00:00, run_after=2025-10-09 22:00:00+00:00
[2025-10-10T15:35:39.075+0000] {processor.py:183} INFO - Processing /opt/airflow/dags/Airflow/dags/extract_open_meteo_dag.py took 0.285 seconds
[2025-10-10T15:36:09.688+0000] {processor.py:161} INFO - Started process (PID=304) to work on /opt/airflow/dags/Airflow/dags/extract_open_meteo_dag.py
[2025-10-10T15:36:09.690+0000] {processor.py:830} INFO - Processing file /opt/airflow/dags/Airflow/dags/extract_open_meteo_dag.py for tasks to queue
[2025-10-10T15:36:09.693+0000] {logging_mixin.py:188} INFO - [2025-10-10T15:36:09.691+0000] {dagbag.py:540} INFO - Filling up the DagBag from /opt/airflow/dags/Airflow/dags/extract_open_meteo_dag.py
[2025-10-10T15:36:09.729+0000] {processor.py:840} INFO - DAG(s) 'extract_open_meteo_v2' retrieved from /opt/airflow/dags/Airflow/dags/extract_open_meteo_dag.py
[2025-10-10T15:36:09.820+0000] {logging_mixin.py:188} INFO - [2025-10-10T15:36:09.819+0000] {dag.py:3047} INFO - Sync 1 DAGs
[2025-10-10T15:36:09.880+0000] {logging_mixin.py:188} INFO - [2025-10-10T15:36:09.880+0000] {dag.py:3834} INFO - Setting next_dagrun for extract_open_meteo_v2 to 2025-10-08 22:00:00+00:00, run_after=2025-10-09 22:00:00+00:00
[2025-10-10T15:36:09.954+0000] {processor.py:183} INFO - Processing /opt/airflow/dags/Airflow/dags/extract_open_meteo_dag.py took 0.269 seconds
[2025-10-10T15:36:40.518+0000] {processor.py:161} INFO - Started process (PID=314) to work on /opt/airflow/dags/Airflow/dags/extract_open_meteo_dag.py
[2025-10-10T15:36:40.521+0000] {processor.py:830} INFO - Processing file /opt/airflow/dags/Airflow/dags/extract_open_meteo_dag.py for tasks to queue
[2025-10-10T15:36:40.524+0000] {logging_mixin.py:188} INFO - [2025-10-10T15:36:40.523+0000] {dagbag.py:540} INFO - Filling up the DagBag from /opt/airflow/dags/Airflow/dags/extract_open_meteo_dag.py
[2025-10-10T15:36:40.576+0000] {processor.py:840} INFO - DAG(s) 'extract_open_meteo_v2' retrieved from /opt/airflow/dags/Airflow/dags/extract_open_meteo_dag.py
[2025-10-10T15:36:40.665+0000] {logging_mixin.py:188} INFO - [2025-10-10T15:36:40.664+0000] {dag.py:3047} INFO - Sync 1 DAGs
[2025-10-10T15:36:40.722+0000] {logging_mixin.py:188} INFO - [2025-10-10T15:36:40.721+0000] {dag.py:3834} INFO - Setting next_dagrun for extract_open_meteo_v2 to 2025-10-08 22:00:00+00:00, run_after=2025-10-09 22:00:00+00:00
[2025-10-10T15:36:40.783+0000] {processor.py:183} INFO - Processing /opt/airflow/dags/Airflow/dags/extract_open_meteo_dag.py took 0.269 seconds
[2025-10-10T15:37:11.314+0000] {processor.py:161} INFO - Started process (PID=324) to work on /opt/airflow/dags/Airflow/dags/extract_open_meteo_dag.py
[2025-10-10T15:37:11.316+0000] {processor.py:830} INFO - Processing file /opt/airflow/dags/Airflow/dags/extract_open_meteo_dag.py for tasks to queue
[2025-10-10T15:37:11.319+0000] {logging_mixin.py:188} INFO - [2025-10-10T15:37:11.318+0000] {dagbag.py:540} INFO - Filling up the DagBag from /opt/airflow/dags/Airflow/dags/extract_open_meteo_dag.py
[2025-10-10T15:37:11.364+0000] {processor.py:840} INFO - DAG(s) 'extract_open_meteo_v2' retrieved from /opt/airflow/dags/Airflow/dags/extract_open_meteo_dag.py
[2025-10-10T15:37:11.443+0000] {logging_mixin.py:188} INFO - [2025-10-10T15:37:11.442+0000] {dag.py:3047} INFO - Sync 1 DAGs
[2025-10-10T15:37:11.491+0000] {logging_mixin.py:188} INFO - [2025-10-10T15:37:11.491+0000] {dag.py:3834} INFO - Setting next_dagrun for extract_open_meteo_v2 to 2025-10-08 22:00:00+00:00, run_after=2025-10-09 22:00:00+00:00
[2025-10-10T15:37:11.569+0000] {processor.py:183} INFO - Processing /opt/airflow/dags/Airflow/dags/extract_open_meteo_dag.py took 0.261 seconds
[2025-10-10T15:37:42.251+0000] {processor.py:161} INFO - Started process (PID=334) to work on /opt/airflow/dags/Airflow/dags/extract_open_meteo_dag.py
[2025-10-10T15:37:42.253+0000] {processor.py:830} INFO - Processing file /opt/airflow/dags/Airflow/dags/extract_open_meteo_dag.py for tasks to queue
[2025-10-10T15:37:42.256+0000] {logging_mixin.py:188} INFO - [2025-10-10T15:37:42.255+0000] {dagbag.py:540} INFO - Filling up the DagBag from /opt/airflow/dags/Airflow/dags/extract_open_meteo_dag.py
[2025-10-10T15:37:42.296+0000] {processor.py:840} INFO - DAG(s) 'extract_open_meteo_v2' retrieved from /opt/airflow/dags/Airflow/dags/extract_open_meteo_dag.py
[2025-10-10T15:37:42.394+0000] {logging_mixin.py:188} INFO - [2025-10-10T15:37:42.393+0000] {dag.py:3047} INFO - Sync 1 DAGs
[2025-10-10T15:37:42.440+0000] {logging_mixin.py:188} INFO - [2025-10-10T15:37:42.440+0000] {dag.py:3834} INFO - Setting next_dagrun for extract_open_meteo_v2 to 2025-10-08 22:00:00+00:00, run_after=2025-10-09 22:00:00+00:00
[2025-10-10T15:37:42.503+0000] {processor.py:183} INFO - Processing /opt/airflow/dags/Airflow/dags/extract_open_meteo_dag.py took 0.256 seconds
[2025-10-10T15:38:13.102+0000] {processor.py:161} INFO - Started process (PID=363) to work on /opt/airflow/dags/Airflow/dags/extract_open_meteo_dag.py
[2025-10-10T15:38:13.105+0000] {processor.py:830} INFO - Processing file /opt/airflow/dags/Airflow/dags/extract_open_meteo_dag.py for tasks to queue
[2025-10-10T15:38:13.108+0000] {logging_mixin.py:188} INFO - [2025-10-10T15:38:13.107+0000] {dagbag.py:540} INFO - Filling up the DagBag from /opt/airflow/dags/Airflow/dags/extract_open_meteo_dag.py
[2025-10-10T15:38:13.154+0000] {processor.py:840} INFO - DAG(s) 'extract_open_meteo_v2' retrieved from /opt/airflow/dags/Airflow/dags/extract_open_meteo_dag.py
[2025-10-10T15:38:13.235+0000] {logging_mixin.py:188} INFO - [2025-10-10T15:38:13.235+0000] {dag.py:3047} INFO - Sync 1 DAGs
[2025-10-10T15:38:13.287+0000] {logging_mixin.py:188} INFO - [2025-10-10T15:38:13.287+0000] {dag.py:3834} INFO - Setting next_dagrun for extract_open_meteo_v2 to 2025-10-08 22:00:00+00:00, run_after=2025-10-09 22:00:00+00:00
[2025-10-10T15:38:13.348+0000] {processor.py:183} INFO - Processing /opt/airflow/dags/Airflow/dags/extract_open_meteo_dag.py took 0.252 seconds
[2025-10-10T15:38:44.055+0000] {processor.py:161} INFO - Started process (PID=373) to work on /opt/airflow/dags/Airflow/dags/extract_open_meteo_dag.py
[2025-10-10T15:38:44.058+0000] {processor.py:830} INFO - Processing file /opt/airflow/dags/Airflow/dags/extract_open_meteo_dag.py for tasks to queue
[2025-10-10T15:38:44.062+0000] {logging_mixin.py:188} INFO - [2025-10-10T15:38:44.061+0000] {dagbag.py:540} INFO - Filling up the DagBag from /opt/airflow/dags/Airflow/dags/extract_open_meteo_dag.py
[2025-10-10T15:38:44.120+0000] {processor.py:840} INFO - DAG(s) 'extract_open_meteo_v2' retrieved from /opt/airflow/dags/Airflow/dags/extract_open_meteo_dag.py
[2025-10-10T15:38:44.260+0000] {logging_mixin.py:188} INFO - [2025-10-10T15:38:44.260+0000] {dag.py:3047} INFO - Sync 1 DAGs
[2025-10-10T15:38:44.333+0000] {logging_mixin.py:188} INFO - [2025-10-10T15:38:44.333+0000] {dag.py:3834} INFO - Setting next_dagrun for extract_open_meteo_v2 to 2025-10-08 22:00:00+00:00, run_after=2025-10-09 22:00:00+00:00
[2025-10-10T15:38:44.403+0000] {processor.py:183} INFO - Processing /opt/airflow/dags/Airflow/dags/extract_open_meteo_dag.py took 0.355 seconds
[2025-10-10T15:39:14.600+0000] {processor.py:161} INFO - Started process (PID=383) to work on /opt/airflow/dags/Airflow/dags/extract_open_meteo_dag.py
[2025-10-10T15:39:14.602+0000] {processor.py:830} INFO - Processing file /opt/airflow/dags/Airflow/dags/extract_open_meteo_dag.py for tasks to queue
[2025-10-10T15:39:14.605+0000] {logging_mixin.py:188} INFO - [2025-10-10T15:39:14.604+0000] {dagbag.py:540} INFO - Filling up the DagBag from /opt/airflow/dags/Airflow/dags/extract_open_meteo_dag.py
[2025-10-10T15:39:14.645+0000] {processor.py:840} INFO - DAG(s) 'extract_open_meteo_v2' retrieved from /opt/airflow/dags/Airflow/dags/extract_open_meteo_dag.py
[2025-10-10T15:39:14.730+0000] {logging_mixin.py:188} INFO - [2025-10-10T15:39:14.729+0000] {dag.py:3047} INFO - Sync 1 DAGs
[2025-10-10T15:39:14.794+0000] {logging_mixin.py:188} INFO - [2025-10-10T15:39:14.794+0000] {dag.py:3834} INFO - Setting next_dagrun for extract_open_meteo_v2 to 2025-10-08 22:00:00+00:00, run_after=2025-10-09 22:00:00+00:00
[2025-10-10T15:39:14.873+0000] {processor.py:183} INFO - Processing /opt/airflow/dags/Airflow/dags/extract_open_meteo_dag.py took 0.279 seconds
[2025-10-10T15:39:45.531+0000] {processor.py:161} INFO - Started process (PID=393) to work on /opt/airflow/dags/Airflow/dags/extract_open_meteo_dag.py
[2025-10-10T15:39:45.533+0000] {processor.py:830} INFO - Processing file /opt/airflow/dags/Airflow/dags/extract_open_meteo_dag.py for tasks to queue
[2025-10-10T15:39:45.535+0000] {logging_mixin.py:188} INFO - [2025-10-10T15:39:45.534+0000] {dagbag.py:540} INFO - Filling up the DagBag from /opt/airflow/dags/Airflow/dags/extract_open_meteo_dag.py
[2025-10-10T15:39:45.595+0000] {processor.py:840} INFO - DAG(s) 'extract_open_meteo_v2' retrieved from /opt/airflow/dags/Airflow/dags/extract_open_meteo_dag.py
[2025-10-10T15:39:45.691+0000] {logging_mixin.py:188} INFO - [2025-10-10T15:39:45.690+0000] {dag.py:3047} INFO - Sync 1 DAGs
[2025-10-10T15:39:45.747+0000] {logging_mixin.py:188} INFO - [2025-10-10T15:39:45.747+0000] {dag.py:3834} INFO - Setting next_dagrun for extract_open_meteo_v2 to 2025-10-08 22:00:00+00:00, run_after=2025-10-09 22:00:00+00:00
[2025-10-10T15:39:45.817+0000] {processor.py:183} INFO - Processing /opt/airflow/dags/Airflow/dags/extract_open_meteo_dag.py took 0.291 seconds
[2025-10-10T15:40:16.474+0000] {processor.py:161} INFO - Started process (PID=403) to work on /opt/airflow/dags/Airflow/dags/extract_open_meteo_dag.py
[2025-10-10T15:40:16.476+0000] {processor.py:830} INFO - Processing file /opt/airflow/dags/Airflow/dags/extract_open_meteo_dag.py for tasks to queue
[2025-10-10T15:40:16.479+0000] {logging_mixin.py:188} INFO - [2025-10-10T15:40:16.478+0000] {dagbag.py:540} INFO - Filling up the DagBag from /opt/airflow/dags/Airflow/dags/extract_open_meteo_dag.py
[2025-10-10T15:40:16.529+0000] {processor.py:840} INFO - DAG(s) 'extract_open_meteo_v2' retrieved from /opt/airflow/dags/Airflow/dags/extract_open_meteo_dag.py
[2025-10-10T15:40:16.633+0000] {logging_mixin.py:188} INFO - [2025-10-10T15:40:16.633+0000] {dag.py:3047} INFO - Sync 1 DAGs
[2025-10-10T15:40:16.721+0000] {logging_mixin.py:188} INFO - [2025-10-10T15:40:16.721+0000] {dag.py:3834} INFO - Setting next_dagrun for extract_open_meteo_v2 to 2025-10-08 22:00:00+00:00, run_after=2025-10-09 22:00:00+00:00
[2025-10-10T15:40:16.796+0000] {processor.py:183} INFO - Processing /opt/airflow/dags/Airflow/dags/extract_open_meteo_dag.py took 0.326 seconds
[2025-10-10T15:40:47.729+0000] {processor.py:161} INFO - Started process (PID=413) to work on /opt/airflow/dags/Airflow/dags/extract_open_meteo_dag.py
[2025-10-10T15:40:47.732+0000] {processor.py:830} INFO - Processing file /opt/airflow/dags/Airflow/dags/extract_open_meteo_dag.py for tasks to queue
[2025-10-10T15:40:47.734+0000] {logging_mixin.py:188} INFO - [2025-10-10T15:40:47.733+0000] {dagbag.py:540} INFO - Filling up the DagBag from /opt/airflow/dags/Airflow/dags/extract_open_meteo_dag.py
[2025-10-10T15:40:47.775+0000] {processor.py:840} INFO - DAG(s) 'extract_open_meteo_v2' retrieved from /opt/airflow/dags/Airflow/dags/extract_open_meteo_dag.py
[2025-10-10T15:40:47.954+0000] {logging_mixin.py:188} INFO - [2025-10-10T15:40:47.946+0000] {dag.py:3047} INFO - Sync 1 DAGs
[2025-10-10T15:40:48.220+0000] {logging_mixin.py:188} INFO - [2025-10-10T15:40:48.220+0000] {dag.py:3834} INFO - Setting next_dagrun for extract_open_meteo_v2 to 2025-10-08 22:00:00+00:00, run_after=2025-10-09 22:00:00+00:00
[2025-10-10T15:40:48.353+0000] {processor.py:183} INFO - Processing /opt/airflow/dags/Airflow/dags/extract_open_meteo_dag.py took 0.630 seconds
[2025-10-10T15:41:18.962+0000] {processor.py:161} INFO - Started process (PID=423) to work on /opt/airflow/dags/Airflow/dags/extract_open_meteo_dag.py
[2025-10-10T15:41:18.965+0000] {processor.py:830} INFO - Processing file /opt/airflow/dags/Airflow/dags/extract_open_meteo_dag.py for tasks to queue
[2025-10-10T15:41:18.969+0000] {logging_mixin.py:188} INFO - [2025-10-10T15:41:18.968+0000] {dagbag.py:540} INFO - Filling up the DagBag from /opt/airflow/dags/Airflow/dags/extract_open_meteo_dag.py
[2025-10-10T15:41:19.014+0000] {processor.py:840} INFO - DAG(s) 'extract_open_meteo_v2' retrieved from /opt/airflow/dags/Airflow/dags/extract_open_meteo_dag.py
[2025-10-10T15:41:19.101+0000] {logging_mixin.py:188} INFO - [2025-10-10T15:41:19.101+0000] {dag.py:3047} INFO - Sync 1 DAGs
[2025-10-10T15:41:19.167+0000] {logging_mixin.py:188} INFO - [2025-10-10T15:41:19.166+0000] {dag.py:3834} INFO - Setting next_dagrun for extract_open_meteo_v2 to 2025-10-08 22:00:00+00:00, run_after=2025-10-09 22:00:00+00:00
[2025-10-10T15:41:19.245+0000] {processor.py:183} INFO - Processing /opt/airflow/dags/Airflow/dags/extract_open_meteo_dag.py took 0.288 seconds
[2025-10-10T15:41:30.244+0000] {processor.py:161} INFO - Started process (PID=435) to work on /opt/airflow/dags/Airflow/dags/extract_open_meteo_dag.py
[2025-10-10T15:41:30.248+0000] {processor.py:830} INFO - Processing file /opt/airflow/dags/Airflow/dags/extract_open_meteo_dag.py for tasks to queue
[2025-10-10T15:41:30.251+0000] {logging_mixin.py:188} INFO - [2025-10-10T15:41:30.250+0000] {dagbag.py:540} INFO - Filling up the DagBag from /opt/airflow/dags/Airflow/dags/extract_open_meteo_dag.py
[2025-10-10T15:41:30.343+0000] {processor.py:840} INFO - DAG(s) 'extract_open_meteo_v2' retrieved from /opt/airflow/dags/Airflow/dags/extract_open_meteo_dag.py
[2025-10-10T15:41:30.444+0000] {logging_mixin.py:188} INFO - [2025-10-10T15:41:30.443+0000] {dag.py:3047} INFO - Sync 1 DAGs
[2025-10-10T15:41:30.522+0000] {logging_mixin.py:188} INFO - [2025-10-10T15:41:30.521+0000] {dag.py:3834} INFO - Setting next_dagrun for extract_open_meteo_v2 to 2025-10-08 22:00:00+00:00, run_after=2025-10-09 22:00:00+00:00
[2025-10-10T15:41:30.645+0000] {processor.py:183} INFO - Processing /opt/airflow/dags/Airflow/dags/extract_open_meteo_dag.py took 0.405 seconds
[2025-10-10T15:45:28.761+0000] {processor.py:161} INFO - Started process (PID=440) to work on /opt/airflow/dags/Airflow/dags/extract_open_meteo_dag.py
[2025-10-10T15:45:28.763+0000] {processor.py:830} INFO - Processing file /opt/airflow/dags/Airflow/dags/extract_open_meteo_dag.py for tasks to queue
[2025-10-10T15:45:28.765+0000] {logging_mixin.py:188} INFO - [2025-10-10T15:45:28.765+0000] {dagbag.py:540} INFO - Filling up the DagBag from /opt/airflow/dags/Airflow/dags/extract_open_meteo_dag.py
[2025-10-10T15:45:28.824+0000] {processor.py:840} INFO - DAG(s) 'extract_open_meteo_v2' retrieved from /opt/airflow/dags/Airflow/dags/extract_open_meteo_dag.py
[2025-10-10T15:45:28.901+0000] {logging_mixin.py:188} INFO - [2025-10-10T15:45:28.901+0000] {dag.py:3047} INFO - Sync 1 DAGs
[2025-10-10T15:45:28.965+0000] {logging_mixin.py:188} INFO - [2025-10-10T15:45:28.965+0000] {dag.py:3834} INFO - Setting next_dagrun for extract_open_meteo_v2 to 2025-10-08 22:00:00+00:00, run_after=2025-10-09 22:00:00+00:00
[2025-10-10T15:45:29.046+0000] {processor.py:183} INFO - Processing /opt/airflow/dags/Airflow/dags/extract_open_meteo_dag.py took 0.288 seconds
[2025-10-10T15:45:59.680+0000] {processor.py:161} INFO - Started process (PID=450) to work on /opt/airflow/dags/Airflow/dags/extract_open_meteo_dag.py
[2025-10-10T15:45:59.684+0000] {processor.py:830} INFO - Processing file /opt/airflow/dags/Airflow/dags/extract_open_meteo_dag.py for tasks to queue
[2025-10-10T15:45:59.688+0000] {logging_mixin.py:188} INFO - [2025-10-10T15:45:59.686+0000] {dagbag.py:540} INFO - Filling up the DagBag from /opt/airflow/dags/Airflow/dags/extract_open_meteo_dag.py
[2025-10-10T15:45:59.811+0000] {processor.py:840} INFO - DAG(s) 'extract_open_meteo_v2' retrieved from /opt/airflow/dags/Airflow/dags/extract_open_meteo_dag.py
[2025-10-10T15:45:59.926+0000] {logging_mixin.py:188} INFO - [2025-10-10T15:45:59.925+0000] {dag.py:3047} INFO - Sync 1 DAGs
[2025-10-10T15:45:59.998+0000] {logging_mixin.py:188} INFO - [2025-10-10T15:45:59.997+0000] {dag.py:3834} INFO - Setting next_dagrun for extract_open_meteo_v2 to 2025-10-08 22:00:00+00:00, run_after=2025-10-09 22:00:00+00:00
[2025-10-10T15:46:00.100+0000] {processor.py:183} INFO - Processing /opt/airflow/dags/Airflow/dags/extract_open_meteo_dag.py took 0.428 seconds
[2025-10-10T15:46:30.918+0000] {processor.py:161} INFO - Started process (PID=463) to work on /opt/airflow/dags/Airflow/dags/extract_open_meteo_dag.py
[2025-10-10T15:46:30.920+0000] {processor.py:830} INFO - Processing file /opt/airflow/dags/Airflow/dags/extract_open_meteo_dag.py for tasks to queue
[2025-10-10T15:46:30.922+0000] {logging_mixin.py:188} INFO - [2025-10-10T15:46:30.922+0000] {dagbag.py:540} INFO - Filling up the DagBag from /opt/airflow/dags/Airflow/dags/extract_open_meteo_dag.py
[2025-10-10T15:46:30.970+0000] {processor.py:840} INFO - DAG(s) 'extract_open_meteo_v2' retrieved from /opt/airflow/dags/Airflow/dags/extract_open_meteo_dag.py
[2025-10-10T15:46:31.052+0000] {logging_mixin.py:188} INFO - [2025-10-10T15:46:31.052+0000] {dag.py:3047} INFO - Sync 1 DAGs
[2025-10-10T15:46:31.124+0000] {logging_mixin.py:188} INFO - [2025-10-10T15:46:31.123+0000] {dag.py:3834} INFO - Setting next_dagrun for extract_open_meteo_v2 to 2025-10-09 22:00:00+00:00, run_after=2025-10-10 22:00:00+00:00
[2025-10-10T15:46:31.198+0000] {processor.py:183} INFO - Processing /opt/airflow/dags/Airflow/dags/extract_open_meteo_dag.py took 0.286 seconds
[2025-10-10T15:47:01.812+0000] {processor.py:161} INFO - Started process (PID=473) to work on /opt/airflow/dags/Airflow/dags/extract_open_meteo_dag.py
[2025-10-10T15:47:01.816+0000] {processor.py:830} INFO - Processing file /opt/airflow/dags/Airflow/dags/extract_open_meteo_dag.py for tasks to queue
[2025-10-10T15:47:01.819+0000] {logging_mixin.py:188} INFO - [2025-10-10T15:47:01.818+0000] {dagbag.py:540} INFO - Filling up the DagBag from /opt/airflow/dags/Airflow/dags/extract_open_meteo_dag.py
[2025-10-10T15:47:01.882+0000] {processor.py:840} INFO - DAG(s) 'extract_open_meteo_v2' retrieved from /opt/airflow/dags/Airflow/dags/extract_open_meteo_dag.py
[2025-10-10T15:47:02.007+0000] {logging_mixin.py:188} INFO - [2025-10-10T15:47:02.007+0000] {dag.py:3047} INFO - Sync 1 DAGs
[2025-10-10T15:47:02.086+0000] {logging_mixin.py:188} INFO - [2025-10-10T15:47:02.086+0000] {dag.py:3834} INFO - Setting next_dagrun for extract_open_meteo_v2 to 2025-10-09 22:00:00+00:00, run_after=2025-10-10 22:00:00+00:00
[2025-10-10T15:47:02.175+0000] {processor.py:183} INFO - Processing /opt/airflow/dags/Airflow/dags/extract_open_meteo_dag.py took 0.370 seconds
[2025-10-10T15:47:32.307+0000] {processor.py:161} INFO - Started process (PID=483) to work on /opt/airflow/dags/Airflow/dags/extract_open_meteo_dag.py
[2025-10-10T15:47:32.309+0000] {processor.py:830} INFO - Processing file /opt/airflow/dags/Airflow/dags/extract_open_meteo_dag.py for tasks to queue
[2025-10-10T15:47:32.312+0000] {logging_mixin.py:188} INFO - [2025-10-10T15:47:32.311+0000] {dagbag.py:540} INFO - Filling up the DagBag from /opt/airflow/dags/Airflow/dags/extract_open_meteo_dag.py
[2025-10-10T15:47:32.371+0000] {processor.py:840} INFO - DAG(s) 'extract_open_meteo_v2' retrieved from /opt/airflow/dags/Airflow/dags/extract_open_meteo_dag.py
[2025-10-10T15:47:32.480+0000] {logging_mixin.py:188} INFO - [2025-10-10T15:47:32.480+0000] {dag.py:3047} INFO - Sync 1 DAGs
[2025-10-10T15:47:32.599+0000] {logging_mixin.py:188} INFO - [2025-10-10T15:47:32.598+0000] {dag.py:3834} INFO - Setting next_dagrun for extract_open_meteo_v2 to 2025-10-09 22:00:00+00:00, run_after=2025-10-10 22:00:00+00:00
[2025-10-10T15:47:32.720+0000] {processor.py:183} INFO - Processing /opt/airflow/dags/Airflow/dags/extract_open_meteo_dag.py took 0.421 seconds
[2025-10-10T15:48:03.048+0000] {processor.py:161} INFO - Started process (PID=493) to work on /opt/airflow/dags/Airflow/dags/extract_open_meteo_dag.py
[2025-10-10T15:48:03.051+0000] {processor.py:830} INFO - Processing file /opt/airflow/dags/Airflow/dags/extract_open_meteo_dag.py for tasks to queue
[2025-10-10T15:48:03.055+0000] {logging_mixin.py:188} INFO - [2025-10-10T15:48:03.054+0000] {dagbag.py:540} INFO - Filling up the DagBag from /opt/airflow/dags/Airflow/dags/extract_open_meteo_dag.py
[2025-10-10T15:48:03.236+0000] {processor.py:840} INFO - DAG(s) 'extract_open_meteo_v2' retrieved from /opt/airflow/dags/Airflow/dags/extract_open_meteo_dag.py
[2025-10-10T15:48:03.339+0000] {logging_mixin.py:188} INFO - [2025-10-10T15:48:03.339+0000] {dag.py:3047} INFO - Sync 1 DAGs
[2025-10-10T15:48:03.426+0000] {logging_mixin.py:188} INFO - [2025-10-10T15:48:03.426+0000] {dag.py:3834} INFO - Setting next_dagrun for extract_open_meteo_v2 to 2025-10-09 22:00:00+00:00, run_after=2025-10-10 22:00:00+00:00
[2025-10-10T15:48:03.509+0000] {processor.py:183} INFO - Processing /opt/airflow/dags/Airflow/dags/extract_open_meteo_dag.py took 0.478 seconds
[2025-10-10T15:48:34.287+0000] {processor.py:161} INFO - Started process (PID=503) to work on /opt/airflow/dags/Airflow/dags/extract_open_meteo_dag.py
[2025-10-10T15:48:34.295+0000] {processor.py:830} INFO - Processing file /opt/airflow/dags/Airflow/dags/extract_open_meteo_dag.py for tasks to queue
[2025-10-10T15:48:34.298+0000] {logging_mixin.py:188} INFO - [2025-10-10T15:48:34.297+0000] {dagbag.py:540} INFO - Filling up the DagBag from /opt/airflow/dags/Airflow/dags/extract_open_meteo_dag.py
[2025-10-10T15:48:34.406+0000] {processor.py:840} INFO - DAG(s) 'extract_open_meteo_v2' retrieved from /opt/airflow/dags/Airflow/dags/extract_open_meteo_dag.py
[2025-10-10T15:48:34.509+0000] {logging_mixin.py:188} INFO - [2025-10-10T15:48:34.509+0000] {dag.py:3047} INFO - Sync 1 DAGs
[2025-10-10T15:48:34.578+0000] {logging_mixin.py:188} INFO - [2025-10-10T15:48:34.577+0000] {dag.py:3834} INFO - Setting next_dagrun for extract_open_meteo_v2 to 2025-10-09 22:00:00+00:00, run_after=2025-10-10 22:00:00+00:00
[2025-10-10T15:48:34.664+0000] {processor.py:183} INFO - Processing /opt/airflow/dags/Airflow/dags/extract_open_meteo_dag.py took 0.403 seconds
[2025-10-10T15:49:05.489+0000] {processor.py:161} INFO - Started process (PID=513) to work on /opt/airflow/dags/Airflow/dags/extract_open_meteo_dag.py
[2025-10-10T15:49:05.491+0000] {processor.py:830} INFO - Processing file /opt/airflow/dags/Airflow/dags/extract_open_meteo_dag.py for tasks to queue
[2025-10-10T15:49:05.494+0000] {logging_mixin.py:188} INFO - [2025-10-10T15:49:05.493+0000] {dagbag.py:540} INFO - Filling up the DagBag from /opt/airflow/dags/Airflow/dags/extract_open_meteo_dag.py
[2025-10-10T15:49:05.552+0000] {processor.py:840} INFO - DAG(s) 'extract_open_meteo_v2' retrieved from /opt/airflow/dags/Airflow/dags/extract_open_meteo_dag.py
[2025-10-10T15:49:05.690+0000] {logging_mixin.py:188} INFO - [2025-10-10T15:49:05.689+0000] {dag.py:3047} INFO - Sync 1 DAGs
[2025-10-10T15:49:05.807+0000] {logging_mixin.py:188} INFO - [2025-10-10T15:49:05.807+0000] {dag.py:3834} INFO - Setting next_dagrun for extract_open_meteo_v2 to 2025-10-09 22:00:00+00:00, run_after=2025-10-10 22:00:00+00:00
[2025-10-10T15:49:05.924+0000] {processor.py:183} INFO - Processing /opt/airflow/dags/Airflow/dags/extract_open_meteo_dag.py took 0.444 seconds
[2025-10-10T15:49:36.214+0000] {processor.py:161} INFO - Started process (PID=523) to work on /opt/airflow/dags/Airflow/dags/extract_open_meteo_dag.py
[2025-10-10T15:49:36.216+0000] {processor.py:830} INFO - Processing file /opt/airflow/dags/Airflow/dags/extract_open_meteo_dag.py for tasks to queue
[2025-10-10T15:49:36.219+0000] {logging_mixin.py:188} INFO - [2025-10-10T15:49:36.219+0000] {dagbag.py:540} INFO - Filling up the DagBag from /opt/airflow/dags/Airflow/dags/extract_open_meteo_dag.py
[2025-10-10T15:49:36.285+0000] {processor.py:840} INFO - DAG(s) 'extract_open_meteo_v2' retrieved from /opt/airflow/dags/Airflow/dags/extract_open_meteo_dag.py
[2025-10-10T15:49:36.410+0000] {logging_mixin.py:188} INFO - [2025-10-10T15:49:36.409+0000] {dag.py:3047} INFO - Sync 1 DAGs
[2025-10-10T15:49:36.492+0000] {logging_mixin.py:188} INFO - [2025-10-10T15:49:36.492+0000] {dag.py:3834} INFO - Setting next_dagrun for extract_open_meteo_v2 to 2025-10-09 22:00:00+00:00, run_after=2025-10-10 22:00:00+00:00
[2025-10-10T15:49:36.594+0000] {processor.py:183} INFO - Processing /opt/airflow/dags/Airflow/dags/extract_open_meteo_dag.py took 0.385 seconds
[2025-10-10T15:50:06.793+0000] {processor.py:161} INFO - Started process (PID=533) to work on /opt/airflow/dags/Airflow/dags/extract_open_meteo_dag.py
[2025-10-10T15:50:06.797+0000] {processor.py:830} INFO - Processing file /opt/airflow/dags/Airflow/dags/extract_open_meteo_dag.py for tasks to queue
[2025-10-10T15:50:06.800+0000] {logging_mixin.py:188} INFO - [2025-10-10T15:50:06.799+0000] {dagbag.py:540} INFO - Filling up the DagBag from /opt/airflow/dags/Airflow/dags/extract_open_meteo_dag.py
[2025-10-10T15:50:06.872+0000] {processor.py:840} INFO - DAG(s) 'extract_open_meteo_v2' retrieved from /opt/airflow/dags/Airflow/dags/extract_open_meteo_dag.py
[2025-10-10T15:50:06.984+0000] {logging_mixin.py:188} INFO - [2025-10-10T15:50:06.984+0000] {dag.py:3047} INFO - Sync 1 DAGs
[2025-10-10T15:50:07.053+0000] {logging_mixin.py:188} INFO - [2025-10-10T15:50:07.053+0000] {dag.py:3834} INFO - Setting next_dagrun for extract_open_meteo_v2 to 2025-10-09 22:00:00+00:00, run_after=2025-10-10 22:00:00+00:00
[2025-10-10T15:50:07.123+0000] {processor.py:183} INFO - Processing /opt/airflow/dags/Airflow/dags/extract_open_meteo_dag.py took 0.339 seconds
